time_boot_ms,mission_state,battery_mv,roll,pitch,yaw,imu_acc_x,imu_acc_y,imu_acc_z,imu_gyro_x,imu_gyro_y,imu_gyro_z,imu_mag_x,imu_mag_y,imu_mag_z,pressure_pa,temp_celsius,highg_acc_x,highg_acc_y,highg_acc_z,gps_fix,lat,lon,gps_alt,vel,cog,satellites_nb,imu_acc_vertical,highg_acc_vertical,kalman_z,kalman_v,altitude_msl_cm,FLAG_IDEFIX_OK,FLAG_BT_OK,FLAG_FLASH_OK,FLAG_SD_OK,FLAG_TEMP_OK,FLAG_HIGHG_OK,FLAG_GPS_OK,FLAG_BARO_OK,FLAG_IMU_OK,FLAG_RADIO_OK,FLAG_PYROS_ARMED_OK,FLAG_PYRO1_CONN,FLAG_PYRO2_CONN,FLAG_PYRO3_CONN,FLAG_PYRO4_CONN,FLAG_PYROS_ARMED,FLAG_PYRO1_FIRED,FLAG_PYRO2_FIRED,FLAG_PYRO3_FIRED,FLAG_PYRO4_FIRED,FLAG_APOGEE_DETECTED,FLAG_MAIN_DEPLOYED,FLAG_DROGUE_DEPLOYED,FLAG_MACH_LOCK_ENABLED
70930,STATE_INIT,9.798,-1.06,11.11,14.63,-1.91,-0.17,9.51,-0.06,0.37,-0.18,11.56,16.25,-38.0,0.919,31.59,-0.43,2.28,9.72,0,0.0,0.0,0.0,0.0,0.0,0,-0.09,0.97,812.45,0.0,812.66,False,True,True,False,True,True,False,True,True,True,True,False,False,False,False,False,False,False,False,False,False,False,False,False
70930,STATE_INIT,9.798,-1.06,11.11,14.63,-1.91,-0.17,9.51,-0.06,0.37,-0.18,11.56,16.25,-38.0,0.919,31.59,-0.43,2.28,9.72,0,0.0,0.0,0.0,0.0,0.0,0,-0.09,0.97,812.45,0.0,812.66,False,True,True,False,True,True,False,True,True,True,True,False,False,False,False,False,False,False,False,False,False,False,False,False
71129,STATE_INIT,9.798,-1.06,11.11,14.63,-1.87,-0.13,9.51,0.12,0.06,0.25,12.37,16.25,-37.56,0.919,31.49,-0.22,2.24,9.68,0,0.0,0.0,0.0,0.0,0.0,0,-0.1,0.96,812.43,-0.01,812.21,False,True,True,False,True,True,False,True,True,True,True,False,False,False,False,False,False,False,False,False,False,False,False,False
71129,STATE_INIT,9.798,-1.06,11.11,14.63,-1.87,-0.13,9.51,0.12,0.06,0.25,12.37,16.25,-37.56,0.919,31.49,-0.22,2.24,9.68,0,0.0,0.0,0.0,0.0,0.0,0,-0.1,0.96,812.43,-0.01,812.21,False,True,True,False,True,True,False,True,True,True,True,False,False,False,False,False,False,False,False,False,False,False,False,False
71328,STATE_INIT,9.805,-1.06,11.11,14.63,-1.83,-0.19,9.51,0.31,-0.06,0.18,11.56,19.25,-36.75,0.919,31.69,-0.4,2.28,9.78,0,0.0,0.0,0.0,0.0,0.0,0,-0.1,0.98,812.41,-0.02,812.03,False,True,True,False,True,True,False,True,True,True,True,False,False,False,False,False,False,False,False,False,False,False,False,False
71428,STATE_INIT,9.798,-1.06,11.11,14.63,-1.84,-0.2,9.57,0.18,-0.18,-0.06,12.0,16.25,-37.56,0.919,31.69,-0.38,2.28,9.73,0,0.0,0.0,0.0,0.0,0.0,0,-0.05,0.97,812.41,-0.02,812.3,False,True,True,False,True,True,False,True,True,True,True,False,False,False,False,False,False,False,False,False,False,False,False,False
71428,STATE_INIT,9.798,-1.06,11.11,14.63,-1.84,-0.2,9.57,0.18,-0.18,-0.06,12.0,16.25,-37.56,0.919,31.69,-0.38,2.28,9.73,0,0.0,0.0,0.0,0.0,0.0,0,-0.05,0.97,812.41,-0.02,812.3,False,True,True,False,True,True,False,True,True,True,True,False,False,False,False,False,False,False,False,False,False,False,False,False
71728,STATE_INIT,9.805,-1.06,11.11,14.63,-1.98,-0.16,9.58,-0.37,-0.12,-0.31,12.37,16.25,-36.75,0.919,31.69,-0.45,2.16,9.74,0,0.0,0.0,0.0,0.0,0.0,0,0.0,0.97,812.42,-0.01,812.75,False,True,True,False,True,True,False,True,True,True,True,False,False,False,False,False,False,False,False,False,False,False,False,False
71828,STATE_INIT,9.798,-1.06,11.11,14.63,-1.88,-0.12,9.57,0.12,-0.12,-0.06,11.25,17.06,-37.18,0.919,31.64,-0.38,2.2,9.74,0,0.0,0.0,0.0,0.0,0.0,0,-0.09,0.97,812.42,-0.01,812.3,False,True,True,False,True,True,False,True,True,True,True,False,False,False,False,False,False,False,False,False,False,False,False,False
72029,STATE_INIT,9.798,-1.06,11.11,14.63,-1.85,-0.2,9.52,0.12,0.06,-0.06,11.56,15.87,-37.18,0.919,31.54,-0.25,2.2,9.67,0,0.0,0.0,0.0,0.0,0.0,0,-0.02,0.96,812.45,0.0,812.66,False,True,True,False,True,True,False,True,True,True,True,False,False,False,False,False,False,False,False,False,False,False,False,False
72029,STATE_INIT,9.798,-1.06,11.11,14.63,-1.85,-0.2,9.52,0.12,0.06,-0.06,11.56,15.87,-37.18,0.919,31.54,-0.25,2.2,9.67,0,0.0,0.0,0.0,0.0,0.0,0,-0.02,0.96,812.45,0.0,812.66,False,True,True,False,True,True,False,True,True,True,True,False,False,False,False,False,False,False,False,False,False,False,False,False
72029,STATE_INIT,9.798,-1.06,11.11,14.63,-1.85,-0.2,9.52,0.12,0.06,-0.06,11.56,15.87,-37.18,0.919,31.54,-0.25,2.2,9.67,0,0.0,0.0,0.0,0.0,0.0,0,-0.02,0.96,812.45,0.0,812.66,False,True,True,False,True,True,False,True,True,True,True,False,False,False,False,False,False,False,False,False,False,False,False,False
72029,STATE_INIT,9.798,-1.06,11.11,14.63,-1.85,-0.2,9.52,0.12,0.06,-0.06,11.56,15.87,-37.18,0.919,31.54,-0.25,2.2,9.67,0,0.0,0.0,0.0,0.0,0.0,0,-0.02,0.96,812.45,0.0,812.66,False,True,True,False,True,True,False,True,True,True,True,False,False,False,False,False,False,False,False,False,False,False,False,False
72029,STATE_INIT,9.798,-1.06,11.11,14.63,-1.85,-0.2,9.52,0.12,0.06,-0.06,11.56,15.87,-37.18,0.919,31.54,-0.25,2.2,9.67,0,0.0,0.0,0.0,0.0,0.0,0,-0.02,0.96,812.45,0.0,812.66,False,True,True,False,True,True,False,True,True,True,True,False,False,False,False,False,False,False,False,False,False,False,False,False
72029,STATE_INIT,9.798,-1.06,11.11,14.63,-1.85,-0.2,9.52,0.12,0.06,-0.06,11.56,15.87,-37.18,0.919,31.54,-0.25,2.2,9.67,0,0.0,0.0,0.0,0.0,0.0,0,-0.02,0.96,812.45,0.0,812.66,False,True,True,False,True,True,False,True,True,True,True,False,False,False,False,False,False,False,False,False,False,False,False,False
72229,STATE_INIT,9.798,-1.06,11.11,14.63,-1.87,-0.19,9.6,0.12,0.12,0.0,11.56,16.68,-38.0,0.919,31.74,-0.43,2.23,9.62,0,0.0,0.0,0.0,0.0,0.0,0,-0.06,0.96,812.45,0.0,812.57,False,True,True,False,True,True,False,True,True,True,True,False,False,False,False,False,False,False,False,False,False,False,False,False
72229,STATE_INIT,9.798,-1.06,11.11,14.63,-1.87,-0.19,9.6,0.12,0.12,0.0,11.56,16.68,-38.0,0.919,31.74,-0.43,2.23,9.62,0,0.0,0.0,0.0,0.0,0.0,0,-0.06,0.96,812.45,0.0,812.57,False,True,True,False,True,True,False,True,True,True,True,False,False,False,False,False,False,False,False,False,False,False,False,False
72530,STATE_INIT,9.798,-1.06,11.11,14.63,-1.9,-0.17,9.57,-0.12,-0.18,-0.12,12.0,17.06,-37.56,0.919,31.54,-0.29,2.18,9.73,0,0.0,0.0,0.0,0.0,0.0,0,-0.04,0.97,812.44,0.0,812.39,False,True,True,False,True,True,False,True,True,True,True,False,False,False,False,False,False,False,False,False,False,False,False,False
72530,STATE_INIT,9.798,-1.06,11.11,14.63,-1.9,-0.17,9.57,-0.12,-0.18,-0.12,12.0,17.06,-37.56,0.919,31.54,-0.29,2.18,9.73,0,0.0,0.0,0.0,0.0,0.0,0,-0.04,0.97,812.44,0.0,812.39,False,True,True,False,True,True,False,True,True,True,True,False,False,False,False,False,False,False,False,False,False,False,False,False
72731,STATE_INIT,9.805,-1.06,11.11,14.63,-1.8,-0.09,9.68,-0.43,-0.06,0.18,12.75,15.87,-37.18,0.919,31.54,-0.43,2.34,9.77,0,0.0,0.0,0.0,0.0,0.0,0,-0.07,0.98,812.44,0.0,812.39,False,True,True,False,True,True,False,True,True,True,True,False,False,False,False,False,False,False,False,False,False,False,False,False
72731,STATE_INIT,9.805,-1.06,11.11,14.63,-1.8,-0.09,9.68,-0.43,-0.06,0.18,12.75,15.87,-37.18,0.919,31.54,-0.43,2.34,9.77,0,0.0,0.0,0.0,0.0,0.0,0,-0.07,0.98,812.44,0.0,812.39,False,True,True,False,True,True,False,True,True,True,True,False,False,False,False,False,False,False,False,False,False,False,False,False
72731,STATE_INIT,9.805,-1.06,11.11,14.63,-1.8,-0.09,9.68,-0.43,-0.06,0.18,12.75,15.87,-37.18,0.919,31.54,-0.43,2.34,9.77,0,0.0,0.0,0.0,0.0,0.0,0,-0.07,0.98,812.44,0.0,812.39,False,True,True,False,True,True,False,True,True,True,True,False,False,False,False,False,False,False,False,False,False,False,False,False
72930,STATE_INIT,9.798,-1.06,11.11,14.63,-1.94,-0.15,9.6,0.0,0.12,-0.06,12.0,19.25,-38.75,0.919,31.54,-0.37,2.34,9.8,0,0.0,0.0,0.0,0.0,0.0,0,0.0,0.98,812.46,0.0,812.75,False,True,True,False,True,True,False,True,True,True,True,False,False,False,False,False,False,False,False,False,False,False,False,False
73031,STATE_INIT,9.798,-1.06,11.11,14.63,-1.77,-0.19,9.6,-0.12,0.18,0.25,12.75,16.68,-37.18,0.919,31.49,-0.19,2.24,9.8,0,0.0,0.0,0.0,0.0,0.0,0,-0.03,0.98,812.48,0.02,812.93,False,True,True,False,True,True,False,True,True,True,True,False,False,False,False,False,False,False,False,False,False,False,False,False
73230,STATE_INIT,9.798,-1.06,11.11,14.63,-1.83,-0.21,9.52,0.37,0.0,0.0,12.0,16.68,-36.75,0.919,31.59,-0.37,2.31,9.67,0,0.0,0.0,0.0,0.0,0.0,0,-0.09,0.97,812.49,0.02,812.57,False,True,True,False,True,True,False,True,True,True,True,False,False,False,False,False,False,False,False,False,False,False,False,False
73230,STATE_INIT,9.798,-1.06,11.11,14.63,-1.83,-0.21,9.52,0.37,0.0,0.0,12.0,16.68,-36.75,0.919,31.59,-0.37,2.31,9.67,0,0.0,0.0,0.0,0.0,0.0,0,-0.09,0.97,812.49,0.02,812.57,False,True,True,False,True,True,False,True,True,True,True,False,False,False,False,False,False,False,False,False,False,False,False,False
73230,STATE_INIT,9.798,-1.06,11.11,14.63,-1.83,-0.21,9.52,0.37,0.0,0.0,12.0,16.68,-36.75,0.919,31.59,-0.37,2.31,9.67,0,0.0,0.0,0.0,0.0,0.0,0,-0.09,0.97,812.49,0.02,812.57,False,True,True,False,True,True,False,True,True,True,True,False,False,False,False,False,False,False,False,False,False,False,False,False
73230,STATE_INIT,9.798,-1.06,11.11,14.63,-1.83,-0.21,9.52,0.37,0.0,0.0,12.0,16.68,-36.75,0.919,31.59,-0.37,2.31,9.67,0,0.0,0.0,0.0,0.0,0.0,0,-0.09,0.97,812.49,0.02,812.57,False,True,True,False,True,True,False,True,True,True,True,False,False,False,False,False,False,False,False,False,False,False,False,False
73230,STATE_INIT,9.798,-1.06,11.11,14.63,-1.83,-0.21,9.52,0.37,0.0,0.0,12.0,16.68,-36.75,0.919,31.59,-0.37,2.31,9.67,0,0.0,0.0,0.0,0.0,0.0,0,-0.09,0.97,812.49,0.02,812.57,False,True,True,False,True,True,False,True,True,True,True,False,False,False,False,False,False,False,False,False,False,False,False,False
73230,STATE_INIT,9.798,-1.06,11.11,14.63,-1.83,-0.21,9.52,0.37,0.0,0.0,12.0,16.68,-36.75,0.919,31.59,-0.37,2.31,9.67,0,0.0,0.0,0.0,0.0,0.0,0,-0.09,0.97,812.49,0.02,812.57,False,True,True,False,True,True,False,True,True,True,True,False,False,False,False,False,False,False,False,False,False,False,False,False
73428,STATE_INIT,9.805,-1.06,11.11,14.63,-1.86,-0.21,9.56,0.18,-0.37,0.18,12.37,16.68,-37.56,0.919,31.59,-0.3,2.29,9.73,0,0.0,0.0,0.0,0.0,0.0,0,-0.05,0.97,812.49,0.02,812.84,False,True,True,False,True,True,False,True,True,True,True,False,False,False,False,False,False,False,False,False,False,False,False,False
73528,STATE_INIT,9.767,-1.06,11.11,14.63,-1.94,-0.14,9.57,-0.06,0.0,0.18,12.0,16.25,-37.56,0.919,31.54,-0.38,2.21,9.57,0,0.0,0.0,0.0,0.0,0.0,0,-0.03,0.96,812.49,0.02,812.48,False,True,True,False,True,True,False,True,True,True,True,False,False,False,False,False,False,False,False,False,False,False,False,False
73528,STATE_INIT,9.767,-1.06,11.11,14.63,-1.94,-0.14,9.57,-0.06,0.0,0.18,12.0,16.25,-37.56,0.919,31.54,-0.38,2.21,9.57,0,0.0,0.0,0.0,0.0,0.0,0,-0.03,0.96,812.49,0.02,812.48,False,True,True,False,True,True,False,True,True,True,True,False,False,False,False,False,False,False,False,False,False,False,False,False
73628,STATE_INIT,9.805,-1.06,11.11,14.63,-1.86,-0.18,9.54,0.18,-0.06,-0.12,11.56,20.06,-40.06,0.919,31.69,-0.4,2.21,9.73,0,0.0,0.0,0.0,0.0,0.0,0,-0.07,0.97,812.49,0.02,812.21,False,True,True,False,True,True,False,True,True,True,True,False,False,False,False,False,False,False,False,False,False,False,False,False
73628,STATE_INIT,9.805,-1.06,11.11,14.63,-1.86,-0.18,9.54,0.18,-0.06,-0.12,11.56,20.06,-40.06,0.919,31.69,-0.4,2.21,9.73,0,0.0,0.0,0.0,0.0,0.0,0,-0.07,0.97,812.49,0.02,812.21,False,True,True,False,True,True,False,True,True,True,True,False,False,False,False,False,False,False,False,False,False,False,False,False
73828,STATE_INIT,9.805,-1.06,11.11,14.63,-1.89,-0.05,9.47,-0.31,0.37,-0.37,12.0,16.68,-36.75,0.919,31.69,-0.55,2.47,9.98,0,0.0,0.0,0.0,0.0,0.0,0,-0.14,1.0,812.48,0.02,812.48,False,True,True,False,True,True,False,True,True,True,True,False,False,False,False,False,False,False,False,False,False,False,False,False
73928,STATE_INIT,9.775,-1.06,11.11,14.63,-2.01,-0.27,9.57,0.12,0.0,-0.31,12.0,17.06,-38.75,0.919,31.59,-0.24,2.42,9.55,0,0.0,0.0,0.0,0.0,0.0,0,-0.01,0.95,812.48,0.01,812.75,False,True,True,False,True,True,False,True,True,True,True,False,False,False,False,False,False,False,False,False,False,False,False,False
74128,STATE_INIT,9.805,-1.07,11.1,14.63,-1.84,-0.11,9.55,-0.12,0.31,-0.31,12.37,16.68,-37.56,0.919,31.59,-0.32,2.31,9.71,0,0.0,0.0,0.0,0.0,0.0,0,-0.02,0.97,812.47,0.01,812.39,False,True,True,False,True,True,False,True,True,True,True,False,False,False,False,False,False,False,False,False,False,False,False,False
74128,STATE_INIT,9.805,-1.07,11.1,14.63,-1.84,-0.11,9.55,-0.12,0.31,-0.31,12.37,16.68,-37.56,0.919,31.59,-0.32,2.31,9.71,0,0.0,0.0,0.0,0.0,0.0,0,-0.02,0.97,812.47,0.01,812.39,False,True,True,False,True,True,False,True,True,True,True,False,False,False,False,False,False,False,False,False,False,False,False,False
74128,STATE_INIT,9.805,-1.07,11.1,14.63,-1.84,-0.11,9.55,-0.12,0.31,-0.31,12.37,16.68,-37.56,0.919,31.59,-0.32,2.31,9.71,0,0.0,0.0,0.0,0.0,0.0,0,-0.02,0.97,812.47,0.01,812.39,False,True,True,False,True,True,False,True,True,True,True,False,False,False,False,False,False,False,False,False,False,False,False,False
74128,STATE_INIT,9.805,-1.07,11.1,14.63,-1.84,-0.11,9.55,-0.12,0.31,-0.31,12.37,16.68,-37.56,0.919,31.59,-0.32,2.31,9.71,0,0.0,0.0,0.0,0.0,0.0,0,-0.02,0.97,812.47,0.01,812.39,False,True,True,False,True,True,False,True,True,True,True,False,False,False,False,False,False,False,False,False,False,False,False,False
74128,STATE_INIT,9.805,-1.07,11.1,14.63,-1.84,-0.11,9.55,-0.12,0.31,-0.31,12.37,16.68,-37.56,0.919,31.59,-0.32,2.31,9.71,0,0.0,0.0,0.0,0.0,0.0,0,-0.02,0.97,812.47,0.01,812.39,False,True,True,False,True,True,False,True,True,True,True,False,False,False,False,False,False,False,False,False,False,False,False,False
74428,STATE_INIT,9.767,-1.07,11.1,14.65,-1.4,0.12,9.02,3.62,-4.31,1.31,11.56,17.06,-35.75,0.919,31.54,-0.64,2.56,9.94,0,0.0,0.0,0.0,0.0,0.0,0,-0.19,1.0,812.49,0.02,812.93,False,True,True,False,True,True,False,True,True,True,True,False,False,False,False,False,False,False,False,False,False,False,False,False
74630,STATE_INIT,9.767,-1.1,11.12,14.63,-1.95,-0.25,9.52,-0.06,0.87,-0.18,12.5,17.06,-36.25,0.919,31.64,-0.21,2.24,9.65,0,0.0,0.0,0.0,0.0,0.0,0,0.04,0.96,812.51,0.03,812.3,False,True,True,False,True,True,False,True,True,True,True,False,False,False,False,False,False,False,False,False,False,False,False,False
74630,STATE_INIT,9.767,-1.1,11.12,14.63,-1.95,-0.25,9.52,-0.06,0.87,-0.18,12.5,17.06,-36.25,0.919,31.64,-0.21,2.24,9.65,0,0.0,0.0,0.0,0.0,0.0,0,0.04,0.96,812.51,0.03,812.3,False,True,True,False,True,True,False,True,True,True,True,False,False,False,False,False,False,False,False,False,False,False,False,False
74830,STATE_INIT,9.798,-1.09,11.11,14.64,-1.85,-0.14,9.57,0.31,-0.25,0.06,11.68,16.68,-37.5,0.919,31.49,-0.35,2.28,9.72,0,0.0,0.0,0.0,0.0,0.0,0,-0.07,0.97,812.51,0.03,812.48,False,True,True,False,True,True,False,True,True,True,True,False,False,False,False,False,False,False,False,False,False,False,False,False
74830,STATE_INIT,9.798,-1.09,11.11,14.64,-1.85,-0.14,9.57,0.31,-0.25,0.06,11.68,16.68,-37.5,0.919,31.49,-0.35,2.28,9.72,0,0.0,0.0,0.0,0.0,0.0,0,-0.07,0.97,812.51,0.03,812.48,False,True,True,False,True,True,False,True,True,True,True,False,False,False,False,False,False,False,False,False,False,False,False,False
74830,STATE_INIT,9.798,-1.09,11.11,14.64,-1.85,-0.14,9.57,0.31,-0.25,0.06,11.68,16.68,-37.5,0.919,31.49,-0.35,2.28,9.72,0,0.0,0.0,0.0,0.0,0.0,0,-0.07,0.97,812.51,0.03,812.48,False,True,True,False,True,True,False,True,True,True,True,False,False,False,False,False,False,False,False,False,False,False,False,False
74830,STATE_INIT,9.798,-1.09,11.11,14.64,-1.85,-0.14,9.57,0.31,-0.25,0.06,11.68,16.68,-37.5,0.919,31.49,-0.35,2.28,9.72,0,0.0,0.0,0.0,0.0,0.0,0,-0.07,0.97,812.51,0.03,812.48,False,True,True,False,True,True,False,True,True,True,True,False,False,False,False,False,False,False,False,False,False,False,False,False
74830,STATE_INIT,9.798,-1.09,11.11,14.64,-1.85,-0.14,9.57,0.31,-0.25,0.06,11.68,16.68,-37.5,0.919,31.49,-0.35,2.28,9.72,0,0.0,0.0,0.0,0.0,0.0,0,-0.07,0.97,812.51,0.03,812.48,False,True,True,False,True,True,False,True,True,True,True,False,False,False,False,False,False,False,False,False,False,False,False,False
74830,STATE_INIT,9.798,-1.09,11.11,14.64,-1.85,-0.14,9.57,0.31,-0.25,0.06,11.68,16.68,-37.5,0.919,31.49,-0.35,2.28,9.72,0,0.0,0.0,0.0,0.0,0.0,0,-0.07,0.97,812.51,0.03,812.48,False,True,True,False,True,True,False,True,True,True,True,False,False,False,False,False,False,False,False,False,False,False,False,False
74931,STATE_INIT,9.775,-1.09,11.11,14.64,-1.88,-0.14,9.57,-0.06,0.06,-0.12,12.5,17.06,-37.06,0.919,31.54,-0.43,2.18,9.79,0,0.0,0.0,0.0,0.0,0.0,0,-0.03,0.98,812.51,0.03,812.57,False,True,True,False,True,True,False,True,True,True,True,False,False,False,False,False,False,False,False,False,False,False,False,False
75130,STATE_INIT,9.798,-1.09,11.11,14.64,-1.87,-0.17,9.58,-0.06,-0.18,-0.06,12.06,16.25,-37.06,0.919,31.38,-0.34,2.34,9.73,0,0.0,0.0,0.0,0.0,0.0,0,-0.04,0.97,812.51,0.03,812.57,False,True,True,False,True,True,False,True,True,True,True,False,False,False,False,False,False,False,False,False,False,False,False,False
75728,STATE_INIT,9.798,-1.09,11.1,14.64,-1.88,-0.16,9.59,-0.12,0.06,-0.06,11.68,17.06,-37.87,0.919,31.38,-0.25,2.26,9.7,0,0.0,0.0,0.0,0.0,0.0,0,-0.01,0.97,812.5,0.02,812.66,False,True,True,False,True,True,False,True,True,True,True,False,False,False,False,False,False,False,False,False,False,False,False,False
75728,STATE_INIT,9.798,-1.09,11.1,14.64,-1.88,-0.16,9.59,-0.12,0.06,-0.06,11.68,17.06,-37.87,0.919,31.38,-0.25,2.26,9.7,0,0.0,0.0,0.0,0.0,0.0,0,-0.01,0.97,812.5,0.02,812.66,False,True,True,False,True,True,False,True,True,True,True,False,False,False,False,False,False,False,False,False,False,False,False,False
75728,STATE_INIT,9.798,-1.09,11.1,14.64,-1.88,-0.16,9.59,-0.12,0.06,-0.06,11.68,17.06,-37.87,0.919,31.38,-0.25,2.26,9.7,0,0.0,0.0,0.0,0.0,0.0,0,-0.01,0.97,812.5,0.02,812.66,False,True,True,False,True,True,False,True,True,True,True,False,False,False,False,False,False,False,False,False,False,False,False,False
75928,STATE_INIT,9.798,-1.09,11.1,14.64,-1.88,-0.18,9.58,0.12,-0.12,-0.06,11.37,17.37,-36.68,0.919,31.69,-0.35,2.26,9.76,0,0.0,0.0,0.0,0.0,0.0,0,-0.03,0.97,812.51,0.02,812.57,False,True,True,False,True,True,False,True,True,True,True,False,False,False,False,False,False,False,False,False,False,False,False,False
76028,STATE_INIT,9.767,-1.09,11.1,14.64,-1.85,-0.19,9.6,-0.06,0.06,-0.18,12.06,17.37,-36.25,0.919,31.54,-0.29,2.26,9.74,0,0.0,0.0,0.0,0.0,0.0,0,-0.01,0.97,812.51,0.02,812.66,False,True,True,False,True,True,False,True,True,True,True,False,False,False,False,False,False,False,False,False,False,False,False,False
76228,STATE_INIT,9.798,-1.09,11.1,14.64,-1.89,-0.16,9.55,0.12,-0.12,-0.06,12.87,16.25,-37.5,0.919,31.54,-0.45,2.23,9.77,0,0.0,0.0,0.0,0.0,0.0,0,-0.05,0.98,812.51,0.02,812.57,False,True,True,False,True,True,False,True,True,True,True,False,False,False,False,False,False,False,False,False,False,False,False,False
76228,STATE_INIT,9.798,-1.09,11.1,14.64,-1.89,-0.16,9.55,0.12,-0.12,-0.06,12.87,16.25,-37.5,0.919,31.54,-0.45,2.23,9.77,0,0.0,0.0,0.0,0.0,0.0,0,-0.05,0.98,812.51,0.02,812.57,False,True,True,False,True,True,False,True,True,True,True,False,False,False,False,False,False,False,False,False,False,False,False,False
76228,STATE_INIT,9.798,-1.09,11.1,14.64,-1.89,-0.16,9.55,0.12,-0.12,-0.06,12.87,16.25,-37.5,0.919,31.54,-0.45,2.23,9.77,0,0.0,0.0,0.0,0.0,0.0,0,-0.05,0.98,812.51,0.02,812.57,False,True,True,False,True,True,False,True,True,True,True,False,False,False,False,False,False,False,False,False,False,False,False,False
76228,STATE_INIT,9.798,-1.09,11.1,14.64,-1.89,-0.16,9.55,0.12,-0.12,-0.06,12.87,16.25,-37.5,0.919,31.54,-0.45,2.23,9.77,0,0.0,0.0,0.0,0.0,0.0,0,-0.05,0.98,812.51,0.02,812.57,False,True,True,False,True,True,False,True,True,True,True,False,False,False,False,False,False,False,False,False,False,False,False,False
76228,STATE_INIT,9.798,-1.09,11.1,14.64,-1.89,-0.16,9.55,0.12,-0.12,-0.06,12.87,16.25,-37.5,0.919,31.54,-0.45,2.23,9.77,0,0.0,0.0,0.0,0.0,0.0,0,-0.05,0.98,812.51,0.02,812.57,False,True,True,False,True,True,False,True,True,True,True,False,False,False,False,False,False,False,False,False,False,False,False,False
76228,STATE_INIT,9.798,-1.09,11.1,14.64,-1.89,-0.16,9.55,0.12,-0.12,-0.06,12.87,16.25,-37.5,0.919,31.54,-0.45,2.23,9.77,0,0.0,0.0,0.0,0.0,0.0,0,-0.05,0.98,812.51,0.02,812.57,False,True,True,False,True,True,False,True,True,True,True,False,False,False,False,False,False,False,False,False,False,False,False,False
76428,STATE_INIT,9.798,-1.09,11.1,14.64,-1.9,-0.15,9.6,0.0,0.18,-0.12,12.87,16.68,-36.68,0.919,31.54,-0.4,2.23,9.91,0,0.0,0.0,0.0,0.0,0.0,0,-0.05,0.99,812.51,0.01,812.48,False,True,True,False,True,True,False,True,True,True,True,False,False,False,False,False,False,False,False,False,False,False,False,False
76729,STATE_INIT,9.798,-1.09,11.1,14.64,-1.95,-0.23,9.62,0.06,0.25,-0.25,12.5,16.68,-37.5,0.919,31.54,-0.27,2.28,9.65,0,0.0,0.0,0.0,0.0,0.0,0,0.05,0.96,812.5,0.01,812.84,False,True,True,False,True,True,False,True,True,True,True,False,False,False,False,False,False,False,False,False,False,False,False,False
76729,STATE_INIT,9.798,-1.09,11.1,14.64,-1.95,-0.23,9.62,0.06,0.25,-0.25,12.5,16.68,-37.5,0.919,31.54,-0.27,2.28,9.65,0,0.0,0.0,0.0,0.0,0.0,0,0.05,0.96,812.5,0.01,812.84,False,True,True,False,True,True,False,True,True,True,True,False,False,False,False,False,False,False,False,False,False,False,False,False
76929,STATE_INIT,9.805,-1.09,11.1,14.64,-1.87,-0.14,9.6,-0.06,-0.43,0.12,12.5,15.87,-37.06,0.919,31.74,-0.46,2.24,9.76,0,0.0,0.0,0.0,0.0,0.0,0,-0.05,0.98,812.49,0.0,812.39,False,True,True,False,True,True,False,True,True,True,True,False,False,False,False,False,False,False,False,False,False,False,False,False
76929,STATE_INIT,9.805,-1.09,11.1,14.64,-1.87,-0.14,9.6,-0.06,-0.43,0.12,12.5,15.87,-37.06,0.919,31.74,-0.46,2.24,9.76,0,0.0,0.0,0.0,0.0,0.0,0,-0.05,0.98,812.49,0.0,812.39,False,True,True,False,True,True,False,True,True,True,True,False,False,False,False,False,False,False,False,False,False,False,False,False
76929,STATE_INIT,9.805,-1.09,11.1,14.64,-1.87,-0.14,9.6,-0.06,-0.43,0.12,12.5,15.87,-37.06,0.919,31.74,-0.46,2.24,9.76,0,0.0,0.0,0.0,0.0,0.0,0,-0.05,0.98,812.49,0.0,812.39,False,True,True,False,True,True,False,True,True,True,True,False,False,False,False,False,False,False,False,False,False,False,False,False
77129,STATE_INIT,9.798,-1.09,11.1,14.64,-1.9,-0.19,9.6,0.0,-0.18,0.18,12.06,20.37,-40.0,0.919,31.54,-0.38,2.26,9.71,0,0.0,0.0,0.0,0.0,0.0,0,0.0,0.97,812.48,0.0,812.3,False,True,True,False,True,True,False,True,True,True,True,False,False,False,False,False,False,False,False,False,False,False,False,False
77129,STATE_INIT,9.798,-1.09,11.1,14.64,-1.9,-0.19,9.6,0.0,-0.18,0.18,12.06,20.37,-40.0,0.919,31.54,-0.38,2.26,9.71,0,0.0,0.0,0.0,0.0,0.0,0,0.0,0.97,812.48,0.0,812.3,False,True,True,False,True,True,False,True,True,True,True,False,False,False,False,False,False,False,False,False,False,False,False,False
77229,STATE_INIT,9.775,-1.09,11.1,14.64,-1.79,-0.23,9.51,0.25,0.06,0.31,12.06,16.68,-36.68,0.919,31.69,-0.38,2.29,9.7,0,0.0,0.0,0.0,0.0,0.0,0,-0.11,0.97,812.46,-0.01,812.75,False,True,True,False,True,True,False,True,True,True,True,False,False,False,False,False,False,False,False,False,False,False,False,False
77428,STATE_INIT,9.798,-1.09,11.1,14.64,-1.84,-0.19,9.58,0.0,0.0,0.06,12.06,16.68,-38.25,0.919,31.69,-0.38,2.32,9.71,0,0.0,0.0,0.0,0.0,0.0,0,-0.03,0.97,812.45,-0.01,812.39,False,True,True,False,True,True,False,True,True,True,True,False,False,False,False,False,False,False,False,False,False,False,False,False
77428,STATE_INIT,9.798,-1.09,11.1,14.64,-1.84,-0.19,9.58,0.0,0.0,0.06,12.06,16.68,-38.25,0.919,31.69,-0.38,2.32,9.71,0,0.0,0.0,0.0,0.0,0.0,0,-0.03,0.97,812.45,-0.01,812.39,False,True,True,False,True,True,False,True,True,True,True,False,False,False,False,False,False,False,False,False,False,False,False,False
77828,STATE_INIT,9.798,-1.07,11.1,14.64,-1.82,-0.11,9.35,0.93,-0.12,0.06,12.06,16.25,-38.0,0.919,31.54,-0.35,2.29,9.83,0,0.0,0.0,0.0,0.0,0.0,0,-0.26,0.98,812.42,-0.02,812.66,False,True,True,False,True,True,False,True,True,True,True,False,False,False,False,False,False,False,False,False,False,False,False,False
77828,STATE_INIT,9.798,-1.07,11.1,14.64,-1.82,-0.11,9.35,0.93,-0.12,0.06,12.06,16.25,-38.0,0.919,31.54,-0.35,2.29,9.83,0,0.0,0.0,0.0,0.0,0.0,0,-0.26,0.98,812.42,-0.02,812.66,False,True,True,False,True,True,False,True,True,True,True,False,False,False,False,False,False,False,False,False,False,False,False,False
77828,STATE_INIT,9.798,-1.07,11.1,14.64,-1.82,-0.11,9.35,0.93,-0.12,0.06,12.06,16.25,-38.0,0.919,31.54,-0.35,2.29,9.83,0,0.0,0.0,0.0,0.0,0.0,0,-0.26,0.98,812.42,-0.02,812.66,False,True,True,False,True,True,False,True,True,True,True,False,False,False,False,False,False,False,False,False,False,False,False,False
77828,STATE_INIT,9.798,-1.07,11.1,14.64,-1.82,-0.11,9.35,0.93,-0.12,0.06,12.06,16.25,-38.0,0.919,31.54,-0.35,2.29,9.83,0,0.0,0.0,0.0,0.0,0.0,0,-0.26,0.98,812.42,-0.02,812.66,False,True,True,False,True,True,False,True,True,True,True,False,False,False,False,False,False,False,False,False,False,False,False,False
77828,STATE_INIT,9.798,-1.07,11.1,14.64,-1.82,-0.11,9.35,0.93,-0.12,0.06,12.06,16.25,-38.0,0.919,31.54,-0.35,2.29,9.83,0,0.0,0.0,0.0,0.0,0.0,0,-0.26,0.98,812.42,-0.02,812.66,False,True,True,False,True,True,False,True,True,True,True,False,False,False,False,False,False,False,False,False,False,False,False,False
77828,STATE_INIT,9.798,-1.07,11.1,14.64,-1.82,-0.11,9.35,0.93,-0.12,0.06,12.06,16.25,-38.0,0.919,31.54,-0.35,2.29,9.83,0,0.0,0.0,0.0,0.0,0.0,0,-0.26,0.98,812.42,-0.02,812.66,False,True,True,False,True,True,False,True,True,True,True,False,False,False,False,False,False,False,False,False,False,False,False,False
78028,STATE_INIT,9.805,-1.07,11.1,14.64,-1.97,-0.25,9.49,-0.12,0.37,-0.43,12.87,19.68,-39.18,0.919,31.59,-0.43,2.23,9.85,0,0.0,0.0,0.0,0.0,0.0,0,-0.09,0.99,812.41,-0.02,812.48,False,True,True,False,True,True,False,True,True,True,True,False,False,False,False,False,False,False,False,False,False,False,False,False
78028,STATE_INIT,9.805,-1.07,11.1,14.64,-1.97,-0.25,9.49,-0.12,0.37,-0.43,12.87,19.68,-39.18,0.919,31.59,-0.43,2.23,9.85,0,0.0,0.0,0.0,0.0,0.0,0,-0.09,0.99,812.41,-0.02,812.48,False,True,True,False,True,True,False,True,True,True,True,False,False,False,False,False,False,False,False,False,False,False,False,False
78128,STATE_INIT,9.767,-1.07,11.1,14.64,-1.88,-0.31,9.62,0.12,-0.18,-0.06,10.56,16.87,-64.18,0.919,31.54,-0.43,2.26,9.74,0,0.0,0.0,0.0,0.0,0.0,0,0.0,0.97,812.4,-0.03,812.3,False,True,True,False,True,True,False,True,True,True,True,False,False,False,False,False,False,False,False,False,False,False,False,False
78328,STATE_INIT,9.805,-1.07,11.1,14.64,-1.85,-0.2,9.6,0.12,-0.37,0.25,10.56,16.5,-63.37,0.919,31.54,-0.34,2.31,9.78,0,0.0,0.0,0.0,0.0,0.0,0,-0.01,0.98,812.37,-0.04,812.39,False,True,True,False,True,True,False,True,True,True,True,False,False,False,False,False,False,False,False,False,False,False,False,False
78328,STATE_INIT,9.805,-1.07,11.1,14.64,-1.85,-0.2,9.6,0.12,-0.37,0.25,10.56,16.5,-63.37,0.919,31.54,-0.34,2.31,9.78,0,0.0,0.0,0.0,0.0,0.0,0,-0.01,0.98,812.37,-0.04,812.39,False,True,True,False,True,True,False,True,True,True,True,False,False,False,False,False,False,False,False,False,False,False,False,False
78328,STATE_INIT,9.805,-1.07,11.1,14.64,-1.85,-0.2,9.6,0.12,-0.37,0.25,10.56,16.5,-63.37,0.919,31.54,-0.34,2.31,9.78,0,0.0,0.0,0.0,0.0,0.0,0,-0.01,0.98,812.37,-0.04,812.39,False,True,True,False,True,True,False,True,True,True,True,False,False,False,False,False,False,False,False,False,False,False,False,False
78528,STATE_INIT,9.798,-1.07,11.09,14.64,-1.83,-0.16,9.49,-0.12,-0.18,0.0,9.75,16.87,-64.18,0.919,31.49,-0.48,2.32,9.59,0,0.0,0.0,0.0,0.0,0.0,0,-0.03,0.96,812.36,-0.04,812.84,False,True,True,False,True,True,False,True,True,True,True,False,False,False,False,False,False,False,False,False,False,False,False,False
78528,STATE_INIT,9.798,-1.07,11.09,14.64,-1.83,-0.16,9.49,-0.12,-0.18,0.0,9.75,16.87,-64.18,0.919,31.49,-0.48,2.32,9.59,0,0.0,0.0,0.0,0.0,0.0,0,-0.03,0.96,812.36,-0.04,812.84,False,True,True,False,True,True,False,True,True,True,True,False,False,False,False,False,False,False,False,False,False,False,False,False
78528,STATE_INIT,9.798,-1.07,11.09,14.64,-1.83,-0.16,9.49,-0.12,-0.18,0.0,9.75,16.87,-64.18,0.919,31.49,-0.48,2.32,9.59,0,0.0,0.0,0.0,0.0,0.0,0,-0.03,0.96,812.36,-0.04,812.84,False,True,True,False,True,True,False,True,True,True,True,False,False,False,False,False,False,False,False,False,False,False,False,False
78528,STATE_INIT,9.798,-1.07,11.09,14.64,-1.83,-0.16,9.49,-0.12,-0.18,0.0,9.75,16.87,-64.18,0.919,31.49,-0.48,2.32,9.59,0,0.0,0.0,0.0,0.0,0.0,0,-0.03,0.96,812.36,-0.04,812.84,False,True,True,False,True,True,False,True,True,True,True,False,False,False,False,False,False,False,False,False,False,False,False,False
78528,STATE_INIT,9.798,-1.07,11.09,14.64,-1.83,-0.16,9.49,-0.12,-0.18,0.0,9.75,16.87,-64.18,0.919,31.49,-0.48,2.32,9.59,0,0.0,0.0,0.0,0.0,0.0,0,-0.03,0.96,812.36,-0.04,812.84,False,True,True,False,True,True,False,True,True,True,True,False,False,False,False,False,False,False,False,False,False,False,False,False
78729,STATE_INIT,9.798,-1.07,11.07,14.64,-1.96,-0.22,9.47,-0.06,0.06,0.25,9.37,19.5,-66.25,0.919,31.49,-0.3,2.29,9.56,0,0.0,0.0,0.0,0.0,0.0,0,-0.03,0.95,812.37,-0.04,812.57,False,True,True,False,True,True,False,True,True,True,True,False,False,False,False,False,False,False,False,False,False,False,False,False
78829,STATE_INIT,9.798,-1.07,11.05,14.64,-1.86,-0.16,9.47,0.06,0.12,0.12,10.56,16.06,-64.18,0.919,31.59,-0.43,2.32,9.82,0,0.0,0.0,0.0,0.0,0.0,0,-0.14,0.98,812.37,-0.04,812.21,False,True,True,False,True,True,False,True,True,True,True,False,False,False,False,False,False,False,False,False,False,False,False,False
78829,STATE_INIT,9.798,-1.07,11.05,14.64,-1.86,-0.16,9.47,0.06,0.12,0.12,10.56,16.06,-64.18,0.919,31.59,-0.43,2.32,9.82,0,0.0,0.0,0.0,0.0,0.0,0,-0.14,0.98,812.37,-0.04,812.21,False,True,True,False,True,True,False,True,True,True,True,False,False,False,False,False,False,False,False,False,False,False,False,False
79029,STATE_INIT,9.79,-1.07,11.05,14.64,-1.91,-0.21,9.57,0.0,-0.37,-0.06,10.18,17.25,-62.87,0.919,31.54,-0.37,2.21,9.7,0,0.0,0.0,0.0,0.0,0.0,0,0.02,0.97,812.36,-0.04,812.39,False,True,True,False,True,True,False,True,True,True,True,False,False,False,False,False,False,False,False,False,False,False,False,False
79029,STATE_INIT,9.79,-1.07,11.05,14.64,-1.91,-0.21,9.57,0.0,-0.37,-0.06,10.18,17.25,-62.87,0.919,31.54,-0.37,2.21,9.7,0,0.0,0.0,0.0,0.0,0.0,0,0.02,0.97,812.36,-0.04,812.39,False,True,True,False,True,True,False,True,True,True,True,False,False,False,False,False,False,False,False,False,False,False,False,False
79029,STATE_INIT,9.79,-1.07,11.05,14.64,-1.91,-0.21,9.57,0.0,-0.37,-0.06,10.18,17.25,-62.87,0.919,31.54,-0.37,2.21,9.7,0,0.0,0.0,0.0,0.0,0.0,0,0.02,0.97,812.36,-0.04,812.39,False,True,True,False,True,True,False,True,True,True,True,False,False,False,False,False,False,False,False,False,False,False,False,False
79230,STATE_INIT,9.805,-1.07,11.05,14.64,-1.88,-0.19,9.51,0.18,0.06,0.0,9.37,19.87,-66.25,0.919,31.64,-0.35,2.26,9.66,0,0.0,0.0,0.0,0.0,0.0,0,0.0,0.96,812.36,-0.03,812.12,False,True,True,False,True,True,False,True,True,True,True,False,False,False,False,False,False,False,False,False,False,False,False,False
79230,STATE_INIT,9.805,-1.07,11.05,14.64,-1.88,-0.19,9.51,0.18,0.06,0.0,9.37,19.87,-66.25,0.919,31.64,-0.35,2.26,9.66,0,0.0,0.0,0.0,0.0,0.0,0,0.0,0.96,812.36,-0.03,812.12,False,True,True,False,True,True,False,True,True,True,True,False,False,False,False,False,False,False,False,False,False,False,False,False
79330,STATE_INIT,9.767,-1.07,11.05,14.64,-1.84,-0.18,9.59,0.0,-0.06,0.12,10.18,16.06,-64.56,0.919,31.59,-0.37,2.23,9.75,0,0.0,0.0,0.0,0.0,0.0,0,-0.06,0.97,812.38,-0.03,812.21,False,True,True,False,True,True,False,True,True,True,True,False,False,False,False,False,False,False,False,False,False,False,False,False
79531,STATE_INIT,9.79,-1.07,11.05,14.64,-1.86,-0.17,9.58,0.12,0.0,0.12,9.75,16.5,-64.18,0.919,31.49,-0.4,2.32,9.72,0,0.0,0.0,0.0,0.0,0.0,0,0.01,0.97,812.38,-0.02,812.12,False,True,True,False,True,True,False,True,True,True,True,False,False,False,False,False,False,False,False,False,False,False,False,False
79531,STATE_INIT,9.79,-1.07,11.05,14.64,-1.86,-0.17,9.58,0.12,0.0,0.12,9.75,16.5,-64.18,0.919,31.49,-0.4,2.32,9.72,0,0.0,0.0,0.0,0.0,0.0,0,0.01,0.97,812.38,-0.02,812.12,False,True,True,False,True,True,False,True,True,True,True,False,False,False,False,False,False,False,False,False,False,False,False,False
79531,STATE_INIT,9.79,-1.07,11.05,14.64,-1.86,-0.17,9.58,0.12,0.0,0.12,9.75,16.5,-64.18,0.919,31.49,-0.4,2.32,9.72,0,0.0,0.0,0.0,0.0,0.0,0,0.01,0.97,812.38,-0.02,812.12,False,True,True,False,True,True,False,True,True,True,True,False,False,False,False,False,False,False,False,False,False,False,False,False
79631,STATE_INIT,9.798,-1.07,11.05,14.64,-1.89,-0.16,9.6,-0.06,-0.12,0.06,10.18,17.25,-64.56,0.919,31.59,-0.37,2.39,9.7,0,0.0,0.0,0.0,0.0,0.0,0,-0.06,0.97,812.39,-0.02,812.48,False,True,True,False,True,True,False,True,True,True,True,False,False,False,False,False,False,False,False,False,False,False,False,False
79631,STATE_INIT,9.798,-1.07,11.05,14.64,-1.89,-0.16,9.6,-0.06,-0.12,0.06,10.18,17.25,-64.56,0.919,31.59,-0.37,2.39,9.7,0,0.0,0.0,0.0,0.0,0.0,0,-0.06,0.97,812.39,-0.02,812.48,False,True,True,False,True,True,False,True,True,True,True,False,False,False,False,False,False,False,False,False,False,False,False,False
79731,STATE_INIT,9.775,-1.07,11.05,14.64,-1.89,-0.15,9.68,-0.37,-0.5,0.0,9.37,17.25,-65.0,0.919,31.49,-0.37,2.39,9.77,0,0.0,0.0,0.0,0.0,0.0,0,0.06,0.98,812.41,-0.01,812.57,False,True,True,False,True,True,False,True,True,True,True,False,False,False,False,False,False,False,False,False,False,False,False,False
79731,STATE_INIT,9.775,-1.07,11.05,14.64,-1.89,-0.15,9.68,-0.37,-0.5,0.0,9.37,17.25,-65.0,0.919,31.49,-0.37,2.39,9.77,0,0.0,0.0,0.0,0.0,0.0,0,0.06,0.98,812.41,-0.01,812.57,False,True,True,False,True,True,False,True,True,True,True,False,False,False,False,False,False,False,False,False,False,False,False,False
79929,STATE_INIT,9.798,-1.15,10.97,14.67,-2.08,-0.33,9.85,-1.12,0.0,-0.75,5.75,9.0,-39.0,0.919,31.74,-0.37,2.32,9.97,0,0.0,0.0,0.0,0.0,0.0,0,0.27,1.0,812.43,-0.01,812.21,False,True,True,False,True,True,False,True,True,True,True,False,False,False,False,False,False,False,False,False,False,False,False,False
79929,STATE_INIT,9.798,-1.15,10.97,14.67,-2.08,-0.33,9.85,-1.12,0.0,-0.75,5.75,9.0,-39.0,0.919,31.74,-0.37,2.32,9.97,0,0.0,0.0,0.0,0.0,0.0,0,0.27,1.0,812.43,-0.01,812.21,False,True,True,False,True,True,False,True,True,True,True,False,False,False,False,False,False,False,False,False,False,False,False,False
79929,STATE_INIT,9.798,-1.15,10.97,14.67,-2.08,-0.33,9.85,-1.12,0.0,-0.75,5.75,9.0,-39.0,0.919,31.74,-0.37,2.32,9.97,0,0.0,0.0,0.0,0.0,0.0,0,0.27,1.0,812.43,-0.01,812.21,False,True,True,False,True,True,False,True,True,True,True,False,False,False,False,False,False,False,False,False,False,False,False,False
79929,STATE_INIT,9.798,-1.15,10.97,14.67,-2.08,-0.33,9.85,-1.12,0.0,-0.75,5.75,9.0,-39.0,0.919,31.74,-0.37,2.32,9.97,0,0.0,0.0,0.0,0.0,0.0,0,0.27,1.0,812.43,-0.01,812.21,False,True,True,False,True,True,False,True,True,True,True,False,False,False,False,False,False,False,False,False,False,False,False,False
79929,STATE_INIT,9.798,-1.15,10.97,14.67,-2.08,-0.33,9.85,-1.12,0.0,-0.75,5.75,9.0,-39.0,0.919,31.74,-0.37,2.32,9.97,0,0.0,0.0,0.0,0.0,0.0,0,0.27,1.0,812.43,-0.01,812.21,False,True,True,False,True,True,False,True,True,True,True,False,False,False,False,False,False,False,False,False,False,False,False,False
80128,STATE_INIT,9.798,-1.16,10.98,14.67,-2.05,-0.28,9.71,-0.25,-0.31,0.06,6.25,9.75,-36.87,0.919,31.54,-0.22,2.21,9.89,0,0.0,0.0,0.0,0.0,0.0,0,0.11,0.98,812.44,-0.01,812.66,False,True,True,False,True,True,False,True,True,True,True,False,False,False,False,False,False,False,False,False,False,False,False,False
80428,STATE_INIT,9.798,-1.16,10.96,14.67,-2.0,-0.24,9.68,-0.62,0.06,-0.18,6.25,8.87,-38.56,0.919,31.59,-0.43,2.09,9.65,0,0.0,0.0,0.0,0.0,0.0,0,0.07,0.97,812.46,0.0,812.66,False,True,True,False,True,True,False,True,True,True,True,False,False,False,False,False,False,False,False,False,False,False,False,False
80628,STATE_INIT,9.798,-1.16,10.95,14.67,-1.89,-0.17,9.52,0.0,-0.5,0.06,5.87,9.25,-37.75,0.919,31.54,-0.35,2.31,9.73,0,0.0,0.0,0.0,0.0,0.0,0,-0.08,0.97,812.48,0.0,812.48,False,True,True,False,True,True,False,True,True,True,True,False,False,False,False,False,False,False,False,False,False,False,False,False
80628,STATE_INIT,9.798,-1.16,10.95,14.67,-1.89,-0.17,9.52,0.0,-0.5,0.06,5.87,9.25,-37.75,0.919,31.54,-0.35,2.31,9.73,0,0.0,0.0,0.0,0.0,0.0,0,-0.08,0.97,812.48,0.0,812.48,False,True,True,False,True,True,False,True,True,True,True,False,False,False,False,False,False,False,False,False,False,False,False,False
80828,STATE_INIT,9.798,-1.16,10.95,14.67,-2.03,-0.19,9.42,-0.31,0.0,-0.06,5.87,10.37,-40.25,0.919,31.74,-0.37,2.11,9.57,0,0.0,0.0,0.0,0.0,0.0,0,0.0,0.96,812.47,0.0,812.57,False,True,True,False,True,True,False,True,True,True,True,False,False,False,False,False,False,False,False,False,False,False,False,False
80928,STATE_INIT,9.79,-1.16,10.94,14.67,-1.88,-0.17,9.72,0.37,0.18,0.06,6.25,10.06,-37.75,0.919,31.43,-0.32,2.31,9.75,0,0.0,0.0,0.0,0.0,0.0,0,-0.07,0.97,812.46,0.0,812.66,False,True,True,False,True,True,False,True,True,True,True,False,False,False,False,False,False,False,False,False,False,False,False,False
80928,STATE_INIT,9.79,-1.16,10.94,14.67,-1.88,-0.17,9.72,0.37,0.18,0.06,6.25,10.06,-37.75,0.919,31.43,-0.32,2.31,9.75,0,0.0,0.0,0.0,0.0,0.0,0,-0.07,0.97,812.46,0.0,812.66,False,True,True,False,True,True,False,True,True,True,True,False,False,False,False,False,False,False,False,False,False,False,False,False
80928,STATE_INIT,9.79,-1.16,10.94,14.67,-1.88,-0.17,9.72,0.37,0.18,0.06,6.25,10.06,-37.75,0.919,31.43,-0.32,2.31,9.75,0,0.0,0.0,0.0,0.0,0.0,0,-0.07,0.97,812.46,0.0,812.66,False,True,True,False,True,True,False,True,True,True,True,False,False,False,False,False,False,False,False,False,False,False,False,False
81129,STATE_INIT,9.805,-1.15,10.97,14.66,-1.8,-0.3,8.71,-0.06,3.62,-1.5,5.87,9.68,-37.75,0.919,31.59,-0.25,1.72,10.43,0,0.0,0.0,0.0,0.0,0.0,0,-0.65,1.04,812.47,-0.01,812.48,False,True,True,False,True,True,False,True,True,True,True,False,False,False,False,False,False,False,False,False,False,False,False,False
81129,STATE_INIT,9.805,-1.15,10.97,14.66,-1.8,-0.3,8.71,-0.06,3.62,-1.5,5.87,9.68,-37.75,0.919,31.59,-0.25,1.72,10.43,0,0.0,0.0,0.0,0.0,0.0,0,-0.65,1.04,812.47,-0.01,812.48,False,True,True,False,True,True,False,True,True,True,True,False,False,False,False,False,False,False,False,False,False,False,False,False
81129,STATE_INIT,9.805,-1.15,10.97,14.66,-1.8,-0.3,8.71,-0.06,3.62,-1.5,5.87,9.68,-37.75,0.919,31.59,-0.25,1.72,10.43,0,0.0,0.0,0.0,0.0,0.0,0,-0.65,1.04,812.47,-0.01,812.48,False,True,True,False,True,True,False,True,True,True,True,False,False,False,False,False,False,False,False,False,False,False,False,False
81129,STATE_INIT,9.805,-1.15,10.97,14.66,-1.8,-0.3,8.71,-0.06,3.62,-1.5,5.87,9.68,-37.75,0.919,31.59,-0.25,1.72,10.43,0,0.0,0.0,0.0,0.0,0.0,0,-0.65,1.04,812.47,-0.01,812.48,False,True,True,False,True,True,False,True,True,True,True,False,False,False,False,False,False,False,False,False,False,False,False,False
81129,STATE_INIT,9.805,-1.15,10.97,14.66,-1.8,-0.3,8.71,-0.06,3.62,-1.5,5.87,9.68,-37.75,0.919,31.59,-0.25,1.72,10.43,0,0.0,0.0,0.0,0.0,0.0,0,-0.65,1.04,812.47,-0.01,812.48,False,True,True,False,True,True,False,True,True,True,True,False,False,False,False,False,False,False,False,False,False,False,False,False
81329,STATE_INIT,9.798,-1.16,10.94,14.69,-1.92,-0.23,9.38,0.37,-0.5,0.43,5.87,8.87,-38.06,0.919,31.43,-0.4,2.18,9.78,0,0.0,0.0,0.0,0.0,0.0,0,-0.02,0.98,812.48,-0.01,812.75,False,True,True,False,True,True,False,True,True,True,True,False,False,False,False,False,False,False,False,False,False,False,False,False
81329,STATE_INIT,9.798,-1.16,10.94,14.69,-1.92,-0.23,9.38,0.37,-0.5,0.43,5.87,8.87,-38.06,0.919,31.43,-0.4,2.18,9.78,0,0.0,0.0,0.0,0.0,0.0,0,-0.02,0.98,812.48,-0.01,812.75,False,True,True,False,True,True,False,True,True,True,True,False,False,False,False,False,False,False,False,False,False,False,False,False
81329,STATE_INIT,9.798,-1.16,10.94,14.69,-1.92,-0.23,9.38,0.37,-0.5,0.43,5.87,8.87,-38.06,0.919,31.43,-0.4,2.18,9.78,0,0.0,0.0,0.0,0.0,0.0,0,-0.02,0.98,812.48,-0.01,812.75,False,True,True,False,True,True,False,True,True,True,True,False,False,False,False,False,False,False,False,False,False,False,False,False
81731,STATE_INIT,9.79,-1.15,10.93,14.69,-1.8,-0.19,9.57,-0.12,0.12,0.06,5.5,9.68,-38.5,0.919,31.54,-0.19,2.23,9.91,0,0.0,0.0,0.0,0.0,0.0,0,-0.01,0.99,812.49,0.0,812.66,False,True,True,False,True,True,False,True,True,True,True,False,False,False,False,False,False,False,False,False,False,False,False,False
81731,STATE_INIT,9.79,-1.15,10.93,14.69,-1.8,-0.19,9.57,-0.12,0.12,0.06,5.5,9.68,-38.5,0.919,31.54,-0.19,2.23,9.91,0,0.0,0.0,0.0,0.0,0.0,0,-0.01,0.99,812.49,0.0,812.66,False,True,True,False,True,True,False,True,True,True,True,False,False,False,False,False,False,False,False,False,False,False,False,False
81731,STATE_INIT,9.79,-1.15,10.93,14.69,-1.8,-0.19,9.57,-0.12,0.12,0.06,5.5,9.68,-38.5,0.919,31.54,-0.19,2.23,9.91,0,0.0,0.0,0.0,0.0,0.0,0,-0.01,0.99,812.49,0.0,812.66,False,True,True,False,True,True,False,True,True,True,True,False,False,False,False,False,False,False,False,False,False,False,False,False
81830,STATE_INIT,9.775,-1.15,10.93,14.69,-1.77,-0.2,9.56,0.25,-0.37,0.25,6.68,10.37,-38.06,0.919,31.49,-0.35,2.26,9.67,0,0.0,0.0,0.0,0.0,0.0,0,-0.03,0.97,812.5,0.0,812.84,False,True,True,False,True,True,False,True,True,True,True,False,False,False,False,False,False,False,False,False,False,False,False,False
82031,STATE_INIT,9.79,-1.16,10.91,14.69,-1.69,-0.16,9.76,-0.25,-0.81,0.0,6.68,8.87,-38.5,0.919,31.54,-0.32,2.36,9.47,0,0.0,0.0,0.0,0.0,0.0,0,0.09,0.94,812.51,0.0,812.21,False,True,True,False,True,True,False,True,True,True,True,False,False,False,False,False,False,False,False,False,False,False,False,False
82031,STATE_INIT,9.79,-1.16,10.91,14.69,-1.69,-0.16,9.76,-0.25,-0.81,0.0,6.68,8.87,-38.5,0.919,31.54,-0.32,2.36,9.47,0,0.0,0.0,0.0,0.0,0.0,0,0.09,0.94,812.51,0.0,812.21,False,True,True,False,True,True,False,True,True,True,True,False,False,False,False,False,False,False,False,False,False,False,False,False
82031,STATE_INIT,9.79,-1.16,10.91,14.69,-1.69,-0.16,9.76,-0.25,-0.81,0.0,6.68,8.87,-38.5,0.919,31.54,-0.32,2.36,9.47,0,0.0,0.0,0.0,0.0,0.0,0,0.09,0.94,812.51,0.0,812.21,False,True,True,False,True,True,False,True,True,True,True,False,False,False,False,False,False,False,False,False,False,False,False,False
82230,STATE_INIT,9.798,-1.17,10.92,14.69,-1.94,-0.21,9.43,0.37,-0.06,0.31,5.18,8.87,-38.5,0.919,31.54,-0.3,2.24,9.87,0,0.0,0.0,0.0,0.0,0.0,0,-0.17,0.98,812.49,0.0,812.21,False,True,True,False,True,True,False,True,True,True,True,False,False,False,False,False,False,False,False,False,False,False,False,False
82230,STATE_INIT,9.798,-1.17,10.92,14.69,-1.94,-0.21,9.43,0.37,-0.06,0.31,5.18,8.87,-38.5,0.919,31.54,-0.3,2.24,9.87,0,0.0,0.0,0.0,0.0,0.0,0,-0.17,0.98,812.49,0.0,812.21,False,True,True,False,True,True,False,True,True,True,True,False,False,False,False,False,False,False,False,False,False,False,False,False
82329,STATE_INIT,9.775,-1.17,10.92,14.69,-1.92,-0.16,9.56,-0.06,-0.18,0.31,4.75,9.25,-39.68,0.919,31.54,-0.32,2.2,9.76,0,0.0,0.0,0.0,0.0,0.0,0,-0.04,0.97,812.49,0.0,812.66,False,True,True,False,True,True,False,True,True,True,True,False,False,False,False,False,False,False,False,False,False,False,False,False
82528,STATE_INIT,9.798,-1.18,10.92,14.69,-1.79,-0.17,9.47,0.62,0.56,0.25,6.25,10.06,-38.5,0.919,31.59,-0.24,2.29,9.71,0,0.0,0.0,0.0,0.0,0.0,0,-0.13,0.97,812.49,0.0,812.48,False,True,True,False,True,True,False,True,True,True,True,False,False,False,False,False,False,False,False,False,False,False,False,False
82528,STATE_INIT,9.798,-1.18,10.92,14.69,-1.79,-0.17,9.47,0.62,0.56,0.25,6.25,10.06,-38.5,0.919,31.59,-0.24,2.29,9.71,0,0.0,0.0,0.0,0.0,0.0,0,-0.13,0.97,812.49,0.0,812.48,False,True,True,False,True,True,False,True,True,True,True,False,False,False,False,False,False,False,False,False,False,False,False,False
82728,STATE_INIT,9.805,-1.17,10.92,14.69,-1.8,-0.11,9.63,0.06,-0.37,0.12,5.5,10.06,-37.68,0.919,31.74,-0.4,2.32,9.78,0,0.0,0.0,0.0,0.0,0.0,0,0.0,0.98,812.47,0.0,812.21,False,True,True,False,True,True,False,True,True,True,True,False,False,False,False,False,False,False,False,False,False,False,False,False
82728,STATE_INIT,9.805,-1.17,10.92,14.69,-1.8,-0.11,9.63,0.06,-0.37,0.12,5.5,10.06,-37.68,0.919,31.74,-0.4,2.32,9.78,0,0.0,0.0,0.0,0.0,0.0,0,0.0,0.98,812.47,0.0,812.21,False,True,True,False,True,True,False,True,True,True,True,False,False,False,False,False,False,False,False,False,False,False,False,False
82728,STATE_INIT,9.805,-1.17,10.92,14.69,-1.8,-0.11,9.63,0.06,-0.37,0.12,5.5,10.06,-37.68,0.919,31.74,-0.4,2.32,9.78,0,0.0,0.0,0.0,0.0,0.0,0,0.0,0.98,812.47,0.0,812.21,False,True,True,False,True,True,False,True,True,True,True,False,False,False,False,False,False,False,False,False,False,False,False,False
82928,STATE_INIT,9.782,-1.18,10.92,14.69,-1.82,-0.18,9.63,0.25,-0.56,0.25,6.25,9.68,-37.68,0.919,31.43,-0.4,2.37,9.68,0,0.0,0.0,0.0,0.0,0.0,0,0.0,0.97,812.48,0.0,812.75,False,True,True,False,True,True,False,True,True,True,True,False,False,False,False,False,False,False,False,False,False,False,False,False
83028,STATE_INIT,9.767,-1.17,10.92,14.69,-1.92,-0.23,9.6,0.31,-0.12,0.12,5.87,8.87,-39.25,0.919,31.69,-0.35,2.31,9.71,0,0.0,0.0,0.0,0.0,0.0,0,-0.08,0.97,812.49,0.0,812.66,False,True,True,False,True,True,False,True,True,True,True,False,False,False,False,False,False,False,False,False,False,False,False,False
83028,STATE_INIT,9.767,-1.17,10.92,14.69,-1.92,-0.23,9.6,0.31,-0.12,0.12,5.87,8.87,-39.25,0.919,31.69,-0.35,2.31,9.71,0,0.0,0.0,0.0,0.0,0.0,0,-0.08,0.97,812.49,0.0,812.66,False,True,True,False,True,True,False,True,True,True,True,False,False,False,False,False,False,False,False,False,False,False,False,False
83229,STATE_INIT,9.805,-1.17,10.92,14.69,-1.86,-0.23,9.55,-0.06,-0.25,0.12,6.25,9.68,-38.5,0.919,31.49,-0.38,2.23,9.73,0,0.0,0.0,0.0,0.0,0.0,0,-0.01,0.97,812.5,0.0,812.57,False,True,True,False,True,True,False,True,True,True,True,False,False,False,False,False,False,False,False,False,False,False,False,False
83229,STATE_INIT,9.805,-1.17,10.92,14.69,-1.86,-0.23,9.55,-0.06,-0.25,0.12,6.25,9.68,-38.5,0.919,31.49,-0.38,2.23,9.73,0,0.0,0.0,0.0,0.0,0.0,0,-0.01,0.97,812.5,0.0,812.57,False,True,True,False,True,True,False,True,True,True,True,False,False,False,False,False,False,False,False,False,False,False,False,False
83429,STATE_INIT,9.798,-1.17,10.92,14.69,-1.86,-0.18,9.53,-0.25,-0.18,0.18,6.68,10.06,-38.06,0.919,31.54,-0.38,2.31,9.78,0,0.0,0.0,0.0,0.0,0.0,0,0.0,0.98,812.51,0.01,812.75,False,True,True,False,True,True,False,True,True,True,True,False,False,False,False,False,False,False,False,False,False,False,False,False
83429,STATE_INIT,9.798,-1.17,10.92,14.69,-1.86,-0.18,9.53,-0.25,-0.18,0.18,6.68,10.06,-38.06,0.919,31.54,-0.38,2.31,9.78,0,0.0,0.0,0.0,0.0,0.0,0,0.0,0.98,812.51,0.01,812.75,False,True,True,False,True,True,False,True,True,True,True,False,False,False,False,False,False,False,False,False,False,False,False,False
83529,STATE_INIT,9.767,-1.17,10.92,14.69,-1.85,-0.26,9.72,0.68,0.06,0.25,6.68,8.87,-38.06,0.919,31.49,-0.4,2.37,9.7,0,0.0,0.0,0.0,0.0,0.0,0,-0.09,0.97,812.51,0.01,812.39,False,True,True,False,True,True,False,True,True,True,True,False,False,False,False,False,False,False,False,False,False,False,False,False
83529,STATE_INIT,9.767,-1.17,10.92,14.69,-1.85,-0.26,9.72,0.68,0.06,0.25,6.68,8.87,-38.06,0.919,31.49,-0.4,2.37,9.7,0,0.0,0.0,0.0,0.0,0.0,0,-0.09,0.97,812.51,0.01,812.39,False,True,True,False,True,True,False,True,True,True,True,False,False,False,False,False,False,False,False,False,False,False,False,False
83830,STATE_INIT,9.798,-1.17,10.92,14.69,-1.91,-0.11,9.51,0.18,-0.37,0.06,6.25,10.06,-38.06,0.919,31.59,-0.3,2.36,9.76,0,0.0,0.0,0.0,0.0,0.0,0,-0.08,0.97,812.5,0.01,812.39,False,True,True,False,True,True,False,True,True,True,True,False,False,False,False,False,False,False,False,False,False,False,False,False
83930,STATE_INIT,9.767,-1.17,10.92,14.69,-1.85,-0.19,9.57,-0.18,0.06,0.06,5.5,10.06,-38.06,0.919,31.49,-0.37,2.32,9.55,0,0.0,0.0,0.0,0.0,0.0,0,0.06,0.95,812.5,0.0,812.3,False,True,True,False,True,True,False,True,True,True,True,False,False,False,False,False,False,False,False,False,False,False,False,False
84131,STATE_INIT,9.798,-1.17,10.92,14.69,-1.86,-0.12,9.39,0.18,0.37,0.12,7.0,10.06,-38.06,0.919,31.54,-0.34,2.34,9.88,0,0.0,0.0,0.0,0.0,0.0,0,-0.22,0.99,812.5,0.0,812.39,False,True,True,False,True,True,False,True,True,True,True,False,False,False,False,False,False,False,False,False,False,False,False,False
84331,STATE_INIT,9.805,-1.17,10.92,14.69,-1.87,-0.19,9.58,0.0,-0.12,-0.25,5.87,9.25,-38.87,0.919,31.49,-0.37,2.23,9.73,0,0.0,0.0,0.0,0.0,0.0,0,-0.03,0.97,812.49,0.0,812.84,False,True,True,False,True,True,False,True,True,True,True,False,False,False,False,False,False,False,False,False,False,False,False,False
84331,STATE_INIT,9.805,-1.17,10.92,14.69,-1.87,-0.19,9.58,0.0,-0.12,-0.25,5.87,9.25,-38.87,0.919,31.49,-0.37,2.23,9.73,0,0.0,0.0,0.0,0.0,0.0,0,-0.03,0.97,812.49,0.0,812.84,False,True,True,False,True,True,False,True,True,True,True,False,False,False,False,False,False,False,False,False,False,False,False,False
84331,STATE_INIT,9.805,-1.17,10.92,14.69,-1.87,-0.19,9.58,0.0,-0.12,-0.25,5.87,9.25,-38.87,0.919,31.49,-0.37,2.23,9.73,0,0.0,0.0,0.0,0.0,0.0,0,-0.03,0.97,812.49,0.0,812.84,False,True,True,False,True,True,False,True,True,True,True,False,False,False,False,False,False,False,False,False,False,False,False,False
84331,STATE_INIT,9.805,-1.17,10.92,14.69,-1.87,-0.19,9.58,0.0,-0.12,-0.25,5.87,9.25,-38.87,0.919,31.49,-0.37,2.23,9.73,0,0.0,0.0,0.0,0.0,0.0,0,-0.03,0.97,812.49,0.0,812.84,False,True,True,False,True,True,False,True,True,True,True,False,False,False,False,False,False,False,False,False,False,False,False,False
84331,STATE_INIT,9.805,-1.17,10.92,14.69,-1.87,-0.19,9.58,0.0,-0.12,-0.25,5.87,9.25,-38.87,0.919,31.49,-0.37,2.23,9.73,0,0.0,0.0,0.0,0.0,0.0,0,-0.03,0.97,812.49,0.0,812.84,False,True,True,False,True,True,False,True,True,True,True,False,False,False,False,False,False,False,False,False,False,False,False,False
84331,STATE_INIT,9.805,-1.17,10.92,14.69,-1.87,-0.19,9.58,0.0,-0.12,-0.25,5.87,9.25,-38.87,0.919,31.49,-0.37,2.23,9.73,0,0.0,0.0,0.0,0.0,0.0,0,-0.03,0.97,812.49,0.0,812.84,False,True,True,False,True,True,False,True,True,True,True,False,False,False,False,False,False,False,False,False,False,False,False,False
84628,STATE_INIT,9.798,-1.16,10.92,14.69,-1.88,-0.15,9.53,0.18,0.06,0.12,5.18,10.06,-39.25,0.919,31.54,-0.43,2.26,9.73,0,0.0,0.0,0.0,0.0,0.0,0,-0.07,0.97,812.48,0.0,812.3,False,True,True,False,True,True,False,True,True,True,True,False,False,False,False,False,False,False,False,False,False,False,False,False
84628,STATE_INIT,9.798,-1.16,10.92,14.69,-1.88,-0.15,9.53,0.18,0.06,0.12,5.18,10.06,-39.25,0.919,31.54,-0.43,2.26,9.73,0,0.0,0.0,0.0,0.0,0.0,0,-0.07,0.97,812.48,0.0,812.3,False,True,True,False,True,True,False,True,True,True,True,False,False,False,False,False,False,False,False,False,False,False,False,False
84828,STATE_INIT,9.805,-1.16,10.92,14.69,-1.87,-0.19,9.63,0.06,-0.18,-0.12,6.25,10.37,-38.06,0.919,31.59,-0.21,2.32,9.68,0,0.0,0.0,0.0,0.0,0.0,0,0.01,0.96,812.48,0.0,812.93,False,True,True,False,True,True,False,True,True,True,True,False,False,False,False,False,False,False,False,False,False,False,False,False
84828,STATE_INIT,9.805,-1.16,10.92,14.69,-1.87,-0.19,9.63,0.06,-0.18,-0.12,6.25,10.37,-38.06,0.919,31.59,-0.21,2.32,9.68,0,0.0,0.0,0.0,0.0,0.0,0,0.01,0.96,812.48,0.0,812.93,False,True,True,False,True,True,False,True,True,True,True,False,False,False,False,False,False,False,False,False,False,False,False,False
84828,STATE_INIT,9.805,-1.16,10.92,14.69,-1.87,-0.19,9.63,0.06,-0.18,-0.12,6.25,10.37,-38.06,0.919,31.59,-0.21,2.32,9.68,0,0.0,0.0,0.0,0.0,0.0,0,0.01,0.96,812.48,0.0,812.93,False,True,True,False,True,True,False,True,True,True,True,False,False,False,False,False,False,False,False,False,False,False,False,False
85028,STATE_INIT,9.798,-1.16,10.92,14.69,-1.87,-0.13,9.53,-0.25,0.06,-0.12,6.25,9.25,-38.5,0.919,31.59,-0.43,2.32,9.67,0,0.0,0.0,0.0,0.0,0.0,0,-0.07,0.97,812.49,0.0,812.57,False,True,True,False,True,True,False,True,True,True,True,False,False,False,False,False,False,False,False,False,False,False,False,False
85128,STATE_INIT,9.767,-1.16,10.92,14.69,-1.84,-0.22,9.62,0.18,0.06,0.0,5.87,9.68,-37.68,0.919,31.49,-0.45,2.18,9.79,0,0.0,0.0,0.0,0.0,0.0,0,0.0,0.98,812.48,0.0,812.39,False,True,True,False,True,True,False,True,True,True,True,False,False,False,False,False,False,False,False,False,False,False,False,False
85730,STATE_INIT,9.798,-1.16,10.92,14.69,-1.9,-0.15,9.66,0.25,0.06,0.12,5.5,12.25,-37.68,0.919,31.74,-0.37,2.23,9.77,0,0.0,0.0,0.0,0.0,0.0,0,-0.06,0.98,812.49,0.01,812.3,False,True,True,False,True,True,False,True,True,True,True,False,False,False,False,False,False,False,False,False,False,False,False,False
85730,STATE_INIT,9.798,-1.16,10.92,14.69,-1.9,-0.15,9.66,0.25,0.06,0.12,5.5,12.25,-37.68,0.919,31.74,-0.37,2.23,9.77,0,0.0,0.0,0.0,0.0,0.0,0,-0.06,0.98,812.49,0.01,812.3,False,True,True,False,True,True,False,True,True,True,True,False,False,False,False,False,False,False,False,False,False,False,False,False
85730,STATE_INIT,9.798,-1.16,10.92,14.69,-1.9,-0.15,9.66,0.25,0.06,0.12,5.5,12.25,-37.68,0.919,31.74,-0.37,2.23,9.77,0,0.0,0.0,0.0,0.0,0.0,0,-0.06,0.98,812.49,0.01,812.3,False,True,True,False,True,True,False,True,True,True,True,False,False,False,False,False,False,False,False,False,False,False,False,False
85930,STATE_INIT,9.798,-1.16,10.92,14.69,-1.88,-0.17,9.6,-0.25,-0.12,-0.06,5.87,10.37,-38.5,0.919,31.59,-0.35,2.28,9.75,0,0.0,0.0,0.0,0.0,0.0,0,-0.07,0.97,812.49,0.0,812.48,False,True,True,False,True,True,False,True,True,True,True,False,False,False,False,False,False,False,False,False,False,False,False,False
85930,STATE_INIT,9.798,-1.16,10.92,14.69,-1.88,-0.17,9.6,-0.25,-0.12,-0.06,5.87,10.37,-38.5,0.919,31.59,-0.35,2.28,9.75,0,0.0,0.0,0.0,0.0,0.0,0,-0.07,0.97,812.49,0.0,812.48,False,True,True,False,True,True,False,True,True,True,True,False,False,False,False,False,False,False,False,False,False,False,False,False
85930,STATE_INIT,9.798,-1.16,10.92,14.69,-1.88,-0.17,9.6,-0.25,-0.12,-0.06,5.87,10.37,-38.5,0.919,31.59,-0.35,2.28,9.75,0,0.0,0.0,0.0,0.0,0.0,0,-0.07,0.97,812.49,0.0,812.48,False,True,True,False,True,True,False,True,True,True,True,False,False,False,False,False,False,False,False,False,False,False,False,False
86231,STATE_INIT,9.805,-1.16,10.92,14.69,-1.86,-0.21,9.57,-0.18,0.31,0.0,6.25,8.87,-37.68,0.919,31.59,-0.38,2.17,9.77,0,0.0,0.0,0.0,0.0,0.0,0,-0.03,0.98,812.49,0.01,812.57,False,True,True,False,True,True,False,True,True,True,True,False,False,False,False,False,False,False,False,False,False,False,False,False
86231,STATE_INIT,9.805,-1.16,10.92,14.69,-1.86,-0.21,9.57,-0.18,0.31,0.0,6.25,8.87,-37.68,0.919,31.59,-0.38,2.17,9.77,0,0.0,0.0,0.0,0.0,0.0,0,-0.03,0.98,812.49,0.01,812.57,False,True,True,False,True,True,False,True,True,True,True,False,False,False,False,False,False,False,False,False,False,False,False,False
86231,STATE_INIT,9.805,-1.16,10.92,14.69,-1.86,-0.21,9.57,-0.18,0.31,0.0,6.25,8.87,-37.68,0.919,31.59,-0.38,2.17,9.77,0,0.0,0.0,0.0,0.0,0.0,0,-0.03,0.98,812.49,0.01,812.57,False,True,True,False,True,True,False,True,True,True,True,False,False,False,False,False,False,False,False,False,False,False,False,False
86231,STATE_INIT,9.805,-1.16,10.92,14.69,-1.86,-0.21,9.57,-0.18,0.31,0.0,6.25,8.87,-37.68,0.919,31.59,-0.38,2.17,9.77,0,0.0,0.0,0.0,0.0,0.0,0,-0.03,0.98,812.49,0.01,812.57,False,True,True,False,True,True,False,True,True,True,True,False,False,False,False,False,False,False,False,False,False,False,False,False
86431,STATE_INIT,9.821,-1.16,10.92,14.69,-1.88,-0.2,9.64,-0.12,-0.5,0.18,6.25,9.25,-38.06,0.919,31.49,-0.25,2.28,9.79,0,0.0,0.0,0.0,0.0,0.0,0,0.02,0.98,812.5,0.01,812.3,False,True,True,False,True,True,False,True,True,True,True,False,False,False,False,False,False,False,False,False,False,False,False,False
86431,STATE_INIT,9.821,-1.16,10.92,14.69,-1.88,-0.2,9.64,-0.12,-0.5,0.18,6.25,9.25,-38.06,0.919,31.49,-0.25,2.28,9.79,0,0.0,0.0,0.0,0.0,0.0,0,0.02,0.98,812.5,0.01,812.3,False,True,True,False,True,True,False,True,True,True,True,False,False,False,False,False,False,False,False,False,False,False,False,False
86729,STATE_INIT,9.775,-1.16,10.92,14.69,-1.83,-0.19,9.58,0.12,-0.31,0.06,5.18,9.68,-38.06,0.919,31.54,-0.25,2.34,9.72,0,0.0,0.0,0.0,0.0,0.0,0,-0.03,0.97,812.49,0.0,812.57,False,True,True,False,True,True,False,True,True,True,True,False,False,False,False,False,False,False,False,False,False,False,False,False
86729,STATE_INIT,9.775,-1.16,10.92,14.69,-1.83,-0.19,9.58,0.12,-0.31,0.06,5.18,9.68,-38.06,0.919,31.54,-0.25,2.34,9.72,0,0.0,0.0,0.0,0.0,0.0,0,-0.03,0.97,812.49,0.0,812.57,False,True,True,False,True,True,False,True,True,True,True,False,False,False,False,False,False,False,False,False,False,False,False,False
86928,STATE_INIT,9.798,-1.16,10.92,14.69,-1.85,-0.19,9.64,-0.18,-0.12,0.06,6.68,9.25,-38.5,0.919,31.59,-0.37,2.34,9.74,0,0.0,0.0,0.0,0.0,0.0,0,0.01,0.97,812.48,0.0,812.93,False,True,True,False,True,True,False,True,True,True,True,False,False,False,False,False,False,False,False,False,False,False,False,False
86928,STATE_INIT,9.798,-1.16,10.92,14.69,-1.85,-0.19,9.64,-0.18,-0.12,0.06,6.68,9.25,-38.5,0.919,31.59,-0.37,2.34,9.74,0,0.0,0.0,0.0,0.0,0.0,0,0.01,0.97,812.48,0.0,812.93,False,True,True,False,True,True,False,True,True,True,True,False,False,False,False,False,False,False,False,False,False,False,False,False
86928,STATE_INIT,9.798,-1.16,10.92,14.69,-1.85,-0.19,9.64,-0.18,-0.12,0.06,6.68,9.25,-38.5,0.919,31.59,-0.37,2.34,9.74,0,0.0,0.0,0.0,0.0,0.0,0,0.01,0.97,812.48,0.0,812.93,False,True,True,False,True,True,False,True,True,True,True,False,False,False,False,False,False,False,False,False,False,False,False,False
86928,STATE_INIT,9.798,-1.16,10.92,14.69,-1.85,-0.19,9.64,-0.18,-0.12,0.06,6.68,9.25,-38.5,0.919,31.59,-0.37,2.34,9.74,0,0.0,0.0,0.0,0.0,0.0,0,0.01,0.97,812.48,0.0,812.93,False,True,True,False,True,True,False,True,True,True,True,False,False,False,False,False,False,False,False,False,False,False,False,False
87128,STATE_INIT,9.798,-1.16,10.92,14.69,-1.97,-0.3,9.79,-0.43,-0.5,-0.18,5.87,9.68,-38.5,0.919,31.59,-0.25,2.18,9.72,0,0.0,0.0,0.0,0.0,0.0,0,0.18,0.97,812.46,0.0,812.21,False,True,True,False,True,True,False,True,True,True,True,False,False,False,False,False,False,False,False,False,False,False,False,False
87128,STATE_INIT,9.798,-1.16,10.92,14.69,-1.97,-0.3,9.79,-0.43,-0.5,-0.18,5.87,9.68,-38.5,0.919,31.59,-0.25,2.18,9.72,0,0.0,0.0,0.0,0.0,0.0,0,0.18,0.97,812.46,0.0,812.21,False,True,True,False,True,True,False,True,True,True,True,False,False,False,False,False,False,False,False,False,False,False,False,False
87128,STATE_INIT,9.798,-1.16,10.92,14.69,-1.97,-0.3,9.79,-0.43,-0.5,-0.18,5.87,9.68,-38.5,0.919,31.59,-0.25,2.18,9.72,0,0.0,0.0,0.0,0.0,0.0,0,0.18,0.97,812.46,0.0,812.21,False,True,True,False,True,True,False,True,True,True,True,False,False,False,False,False,False,False,False,False,False,False,False,False
87428,STATE_INIT,9.798,-1.15,10.92,14.7,-1.78,-0.23,9.6,-0.25,0.06,0.06,4.75,9.75,-38.5,0.919,31.54,-0.45,2.37,9.74,0,0.0,0.0,0.0,0.0,0.0,0,-0.03,0.97,812.46,0.0,812.3,False,True,True,False,True,True,False,True,True,True,True,False,False,False,False,False,False,False,False,False,False,False,False,False
87428,STATE_INIT,9.798,-1.15,10.92,14.7,-1.78,-0.23,9.6,-0.25,0.06,0.06,4.75,9.75,-38.5,0.919,31.54,-0.45,2.37,9.74,0,0.0,0.0,0.0,0.0,0.0,0,-0.03,0.97,812.46,0.0,812.3,False,True,True,False,True,True,False,True,True,True,True,False,False,False,False,False,False,False,False,False,False,False,False,False
87428,STATE_INIT,9.798,-1.15,10.92,14.7,-1.78,-0.23,9.6,-0.25,0.06,0.06,4.75,9.75,-38.5,0.919,31.54,-0.45,2.37,9.74,0,0.0,0.0,0.0,0.0,0.0,0,-0.03,0.97,812.46,0.0,812.3,False,True,True,False,True,True,False,True,True,True,True,False,False,False,False,False,False,False,False,False,False,False,False,False
87428,STATE_INIT,9.798,-1.15,10.92,14.7,-1.78,-0.23,9.6,-0.25,0.06,0.06,4.75,9.75,-38.5,0.919,31.54,-0.45,2.37,9.74,0,0.0,0.0,0.0,0.0,0.0,0,-0.03,0.97,812.46,0.0,812.3,False,True,True,False,True,True,False,True,True,True,True,False,False,False,False,False,False,False,False,False,False,False,False,False
87829,STATE_INIT,9.798,-1.15,10.93,14.7,-1.85,-0.21,9.6,0.12,0.0,-0.06,5.87,9.75,-37.68,0.919,31.49,-0.35,2.37,9.73,0,0.0,0.0,0.0,0.0,0.0,0,-0.03,0.97,812.45,0.0,812.48,False,True,True,False,True,True,False,True,True,True,True,False,False,False,False,False,False,False,False,False,False,False,False,False
87829,STATE_INIT,9.798,-1.15,10.93,14.7,-1.85,-0.21,9.6,0.12,0.0,-0.06,5.87,9.75,-37.68,0.919,31.49,-0.35,2.37,9.73,0,0.0,0.0,0.0,0.0,0.0,0,-0.03,0.97,812.45,0.0,812.48,False,True,True,False,True,True,False,True,True,True,True,False,False,False,False,False,False,False,False,False,False,False,False,False
87829,STATE_INIT,9.798,-1.15,10.93,14.7,-1.85,-0.21,9.6,0.12,0.0,-0.06,5.87,9.75,-37.68,0.919,31.49,-0.35,2.37,9.73,0,0.0,0.0,0.0,0.0,0.0,0,-0.03,0.97,812.45,0.0,812.48,False,True,True,False,True,True,False,True,True,True,True,False,False,False,False,False,False,False,False,False,False,False,False,False
88028,STATE_INIT,9.798,-1.15,10.93,14.7,-1.8,-0.17,9.58,0.06,0.18,0.18,6.25,9.0,-39.68,0.919,31.43,-0.34,2.29,9.71,0,0.0,0.0,0.0,0.0,0.0,0,-0.08,0.97,812.44,-0.01,812.12,False,True,True,False,True,True,False,True,True,True,True,False,False,False,False,False,False,False,False,False,False,False,False,False
88028,STATE_INIT,9.798,-1.15,10.93,14.7,-1.8,-0.17,9.58,0.06,0.18,0.18,6.25,9.0,-39.68,0.919,31.43,-0.34,2.29,9.71,0,0.0,0.0,0.0,0.0,0.0,0,-0.08,0.97,812.44,-0.01,812.12,False,True,True,False,True,True,False,True,True,True,True,False,False,False,False,False,False,False,False,False,False,False,False,False
88129,STATE_INIT,9.782,-1.15,10.94,14.7,-1.84,-0.07,9.51,0.12,0.56,0.0,6.68,9.0,-38.06,0.919,31.43,-0.37,2.29,9.63,0,0.0,0.0,0.0,0.0,0.0,0,-0.08,0.96,812.44,-0.01,812.57,False,True,True,False,True,True,False,True,True,True,True,False,False,False,False,False,False,False,False,False,False,False,False,False
88228,STATE_INIT,9.805,-1.15,10.94,14.7,-1.86,-0.13,9.64,-0.12,-0.25,0.06,5.5,12.75,-41.37,0.919,31.59,-0.37,2.29,9.85,0,0.0,0.0,0.0,0.0,0.0,0,0.01,0.98,812.44,0.0,812.39,False,True,True,False,True,True,False,True,True,True,True,False,False,False,False,False,False,False,False,False,False,False,False,False
88329,STATE_INIT,9.798,-1.15,10.94,14.7,-1.9,-0.18,9.66,-0.31,-0.25,-0.25,5.18,9.75,-38.87,0.919,31.38,-0.27,2.31,9.73,0,0.0,0.0,0.0,0.0,0.0,0,0.03,0.97,812.44,0.0,812.84,False,True,True,False,True,True,False,True,True,True,True,False,False,False,False,False,False,False,False,False,False,False,False,False
88528,STATE_INIT,9.798,-1.15,10.94,14.7,-1.81,-0.17,9.46,-0.18,0.75,-0.25,5.87,9.37,-38.5,0.919,31.43,-0.35,2.36,9.77,0,0.0,0.0,0.0,0.0,0.0,0,-0.16,0.98,812.48,0.0,812.93,False,True,True,False,True,True,False,True,True,True,True,False,False,False,False,False,False,False,False,False,False,False,False,False
88528,STATE_INIT,9.798,-1.15,10.94,14.7,-1.81,-0.17,9.46,-0.18,0.75,-0.25,5.87,9.37,-38.5,0.919,31.43,-0.35,2.36,9.77,0,0.0,0.0,0.0,0.0,0.0,0,-0.16,0.98,812.48,0.0,812.93,False,True,True,False,True,True,False,True,True,True,True,False,False,False,False,False,False,False,False,False,False,False,False,False
88528,STATE_INIT,9.798,-1.15,10.94,14.7,-1.81,-0.17,9.46,-0.18,0.75,-0.25,5.87,9.37,-38.5,0.919,31.43,-0.35,2.36,9.77,0,0.0,0.0,0.0,0.0,0.0,0,-0.16,0.98,812.48,0.0,812.93,False,True,True,False,True,True,False,True,True,True,True,False,False,False,False,False,False,False,False,False,False,False,False,False
88528,STATE_INIT,9.798,-1.15,10.94,14.7,-1.81,-0.17,9.46,-0.18,0.75,-0.25,5.87,9.37,-38.5,0.919,31.43,-0.35,2.36,9.77,0,0.0,0.0,0.0,0.0,0.0,0,-0.16,0.98,812.48,0.0,812.93,False,True,True,False,True,True,False,True,True,True,True,False,False,False,False,False,False,False,False,False,False,False,False,False
88528,STATE_INIT,9.798,-1.15,10.94,14.7,-1.81,-0.17,9.46,-0.18,0.75,-0.25,5.87,9.37,-38.5,0.919,31.43,-0.35,2.36,9.77,0,0.0,0.0,0.0,0.0,0.0,0,-0.16,0.98,812.48,0.0,812.93,False,True,True,False,True,True,False,True,True,True,True,False,False,False,False,False,False,False,False,False,False,False,False,False
88528,STATE_INIT,9.798,-1.15,10.94,14.7,-1.81,-0.17,9.46,-0.18,0.75,-0.25,5.87,9.37,-38.5,0.919,31.43,-0.35,2.36,9.77,0,0.0,0.0,0.0,0.0,0.0,0,-0.16,0.98,812.48,0.0,812.93,False,True,True,False,True,True,False,True,True,True,True,False,False,False,False,False,False,False,False,False,False,False,False,False
88728,STATE_INIT,9.798,-1.16,10.95,14.7,-1.86,-0.15,9.56,0.31,0.37,-0.18,5.18,9.37,-42.18,0.919,31.54,-0.4,2.36,9.85,0,0.0,0.0,0.0,0.0,0.0,0,-0.04,0.98,812.49,0.02,812.12,False,True,True,False,True,True,False,True,True,True,True,False,False,False,False,False,False,False,False,False,False,False,False,False
88828,STATE_INIT,9.767,-1.16,10.95,14.7,-1.85,-0.15,9.66,-0.25,-0.12,0.12,5.87,10.18,-37.68,0.919,31.33,-0.27,2.42,9.61,0,0.0,0.0,0.0,0.0,0.0,0,0.03,0.96,812.49,0.02,812.39,False,True,True,False,True,True,False,True,True,True,True,False,False,False,False,False,False,False,False,False,False,False,False,False
89028,STATE_INIT,9.828,-1.16,10.95,14.7,-1.96,-0.24,9.62,-0.12,0.25,0.0,5.87,9.75,-38.06,0.919,31.59,-0.25,2.39,9.47,0,0.0,0.0,0.0,0.0,0.0,0,0.02,0.94,812.5,0.03,812.3,False,True,True,False,True,True,False,True,True,True,True,False,False,False,False,False,False,False,False,False,False,False,False,False
89028,STATE_INIT,9.828,-1.16,10.95,14.7,-1.96,-0.24,9.62,-0.12,0.25,0.0,5.87,9.75,-38.06,0.919,31.59,-0.25,2.39,9.47,0,0.0,0.0,0.0,0.0,0.0,0,0.02,0.94,812.5,0.03,812.3,False,True,True,False,True,True,False,True,True,True,True,False,False,False,False,False,False,False,False,False,False,False,False,False
89028,STATE_INIT,9.828,-1.16,10.95,14.7,-1.96,-0.24,9.62,-0.12,0.25,0.0,5.87,9.75,-38.06,0.919,31.59,-0.25,2.39,9.47,0,0.0,0.0,0.0,0.0,0.0,0,0.02,0.94,812.5,0.03,812.3,False,True,True,False,True,True,False,True,True,True,True,False,False,False,False,False,False,False,False,False,False,False,False,False
89028,STATE_INIT,9.828,-1.16,10.95,14.7,-1.96,-0.24,9.62,-0.12,0.25,0.0,5.87,9.75,-38.06,0.919,31.59,-0.25,2.39,9.47,0,0.0,0.0,0.0,0.0,0.0,0,0.02,0.94,812.5,0.03,812.3,False,True,True,False,True,True,False,True,True,True,True,False,False,False,False,False,False,False,False,False,False,False,False,False
89228,STATE_INIT,9.798,-1.15,10.97,14.7,-1.82,-0.17,9.47,0.37,0.31,0.0,5.5,9.75,-38.87,0.919,31.54,-0.3,2.31,9.76,0,0.0,0.0,0.0,0.0,0.0,0,-0.13,0.97,812.52,0.03,812.66,False,True,True,False,True,True,False,True,True,True,True,False,False,False,False,False,False,False,False,False,False,False,False,False
89228,STATE_INIT,9.798,-1.15,10.97,14.7,-1.82,-0.17,9.47,0.37,0.31,0.0,5.5,9.75,-38.87,0.919,31.54,-0.3,2.31,9.76,0,0.0,0.0,0.0,0.0,0.0,0,-0.13,0.97,812.52,0.03,812.66,False,True,True,False,True,True,False,True,True,True,True,False,False,False,False,False,False,False,False,False,False,False,False,False
89228,STATE_INIT,9.798,-1.15,10.97,14.7,-1.82,-0.17,9.47,0.37,0.31,0.0,5.5,9.75,-38.87,0.919,31.54,-0.3,2.31,9.76,0,0.0,0.0,0.0,0.0,0.0,0,-0.13,0.97,812.52,0.03,812.66,False,True,True,False,True,True,False,True,True,True,True,False,False,False,False,False,False,False,False,False,False,False,False,False
89228,STATE_INIT,9.798,-1.15,10.97,14.7,-1.82,-0.17,9.47,0.37,0.31,0.0,5.5,9.75,-38.87,0.919,31.54,-0.3,2.31,9.76,0,0.0,0.0,0.0,0.0,0.0,0,-0.13,0.97,812.52,0.03,812.66,False,True,True,False,True,True,False,True,True,True,True,False,False,False,False,False,False,False,False,False,False,False,False,False
89528,STATE_INIT,9.798,-1.16,10.96,14.7,-1.93,-0.26,9.63,0.0,-0.06,0.06,5.87,9.75,-37.25,0.919,31.59,-0.17,2.29,9.85,0,0.0,0.0,0.0,0.0,0.0,0,0.02,0.98,812.51,0.02,812.21,False,True,True,False,True,True,False,True,True,True,True,False,False,False,False,False,False,False,False,False,False,False,False,False
89929,STATE_INIT,9.798,-1.15,10.95,14.7,-1.85,-0.14,9.54,-0.06,0.06,-0.06,5.5,9.75,-37.68,0.919,31.38,-0.32,2.36,9.78,0,0.0,0.0,0.0,0.0,0.0,0,-0.05,0.98,812.5,0.01,812.12,False,True,True,False,True,True,False,True,True,True,True,False,False,False,False,False,False,False,False,False,False,False,False,False
89929,STATE_INIT,9.798,-1.15,10.95,14.7,-1.85,-0.14,9.54,-0.06,0.06,-0.06,5.5,9.75,-37.68,0.919,31.38,-0.32,2.36,9.78,0,0.0,0.0,0.0,0.0,0.0,0,-0.05,0.98,812.5,0.01,812.12,False,True,True,False,True,True,False,True,True,True,True,False,False,False,False,False,False,False,False,False,False,False,False,False
89929,STATE_INIT,9.798,-1.15,10.95,14.7,-1.85,-0.14,9.54,-0.06,0.06,-0.06,5.5,9.75,-37.68,0.919,31.38,-0.32,2.36,9.78,0,0.0,0.0,0.0,0.0,0.0,0,-0.05,0.98,812.5,0.01,812.12,False,True,True,False,True,True,False,True,True,True,True,False,False,False,False,False,False,False,False,False,False,False,False,False
90129,STATE_INIT,9.798,-1.15,10.95,14.7,-1.81,-0.27,9.58,0.0,0.18,-0.12,5.87,10.18,-37.68,0.919,31.54,-0.24,2.23,9.65,0,0.0,0.0,0.0,0.0,0.0,0,-0.04,0.96,812.51,0.02,812.21,False,True,True,False,True,True,False,True,True,True,True,False,False,False,False,False,False,False,False,False,False,False,False,False
90129,STATE_INIT,9.798,-1.15,10.95,14.7,-1.81,-0.27,9.58,0.0,0.18,-0.12,5.87,10.18,-37.68,0.919,31.54,-0.24,2.23,9.65,0,0.0,0.0,0.0,0.0,0.0,0,-0.04,0.96,812.51,0.02,812.21,False,True,True,False,True,True,False,True,True,True,True,False,False,False,False,False,False,False,False,False,False,False,False,False
90129,STATE_INIT,9.798,-1.15,10.95,14.7,-1.81,-0.27,9.58,0.0,0.18,-0.12,5.87,10.18,-37.68,0.919,31.54,-0.24,2.23,9.65,0,0.0,0.0,0.0,0.0,0.0,0,-0.04,0.96,812.51,0.02,812.21,False,True,True,False,True,True,False,True,True,True,True,False,False,False,False,False,False,False,False,False,False,False,False,False
90430,STATE_INIT,9.805,-1.15,10.95,14.7,-1.93,-0.11,9.52,0.06,-0.12,0.06,5.87,9.37,-38.5,0.919,31.43,-0.3,2.36,9.69,0,0.0,0.0,0.0,0.0,0.0,0,-0.03,0.97,812.51,0.01,812.3,False,True,True,False,True,True,False,True,True,True,True,False,False,False,False,False,False,False,False,False,False,False,False,False
90430,STATE_INIT,9.805,-1.15,10.95,14.7,-1.93,-0.11,9.52,0.06,-0.12,0.06,5.87,9.37,-38.5,0.919,31.43,-0.3,2.36,9.69,0,0.0,0.0,0.0,0.0,0.0,0,-0.03,0.97,812.51,0.01,812.3,False,True,True,False,True,True,False,True,True,True,True,False,False,False,False,False,False,False,False,False,False,False,False,False
90631,STATE_INIT,9.798,-1.15,10.96,14.7,-1.83,-0.21,9.6,0.18,-0.18,0.06,5.5,10.5,-38.06,0.919,31.43,-0.29,2.32,9.64,0,0.0,0.0,0.0,0.0,0.0,0,0.0,0.96,812.53,0.02,812.39,False,True,True,False,True,True,False,True,True,True,True,False,False,False,False,False,False,False,False,False,False,False,False,False
90631,STATE_INIT,9.798,-1.15,10.96,14.7,-1.83,-0.21,9.6,0.18,-0.18,0.06,5.5,10.5,-38.06,0.919,31.43,-0.29,2.32,9.64,0,0.0,0.0,0.0,0.0,0.0,0,0.0,0.96,812.53,0.02,812.39,False,True,True,False,True,True,False,True,True,True,True,False,False,False,False,False,False,False,False,False,False,False,False,False
90631,STATE_INIT,9.798,-1.15,10.96,14.7,-1.83,-0.21,9.6,0.18,-0.18,0.06,5.5,10.5,-38.06,0.919,31.43,-0.29,2.32,9.64,0,0.0,0.0,0.0,0.0,0.0,0,0.0,0.96,812.53,0.02,812.39,False,True,True,False,True,True,False,True,True,True,True,False,False,False,False,False,False,False,False,False,False,False,False,False
90831,STATE_INIT,9.798,-1.15,10.96,14.7,-1.88,-0.15,9.6,0.18,0.43,0.0,5.87,9.75,-38.06,0.919,31.18,-0.29,2.26,9.74,0,0.0,0.0,0.0,0.0,0.0,0,-0.06,0.97,812.53,0.02,812.39,False,True,True,False,True,True,False,True,True,True,True,False,False,False,False,False,False,False,False,False,False,False,False,False
90931,STATE_INIT,9.759,-1.15,10.97,14.7,-1.76,-0.19,9.49,0.12,0.12,0.43,5.5,10.18,-38.06,0.919,31.43,-0.3,2.31,9.51,0,0.0,0.0,0.0,0.0,0.0,0,-0.13,0.95,812.52,0.01,812.39,False,True,True,False,True,True,False,True,True,True,True,False,False,False,False,False,False,False,False,False,False,False,False,False
91131,STATE_INIT,9.798,-1.16,10.95,14.7,-1.86,-0.18,9.7,-0.37,-0.81,0.18,5.87,9.75,-38.5,0.919,31.54,-0.38,2.17,9.76,0,0.0,0.0,0.0,0.0,0.0,0,0.07,0.98,812.52,0.01,812.57,False,True,True,False,True,True,False,True,True,True,True,False,False,False,False,False,False,False,False,False,False,False,False,False
91131,STATE_INIT,9.798,-1.16,10.95,14.7,-1.86,-0.18,9.7,-0.37,-0.81,0.18,5.87,9.75,-38.5,0.919,31.54,-0.38,2.17,9.76,0,0.0,0.0,0.0,0.0,0.0,0,0.07,0.98,812.52,0.01,812.57,False,True,True,False,True,True,False,True,True,True,True,False,False,False,False,False,False,False,False,False,False,False,False,False
91329,STATE_INIT,9.798,-1.16,10.95,14.7,-1.86,-0.17,9.51,0.18,0.12,0.0,6.25,9.37,-38.56,0.919,31.54,-0.32,2.24,9.74,0,0.0,0.0,0.0,0.0,0.0,0,-0.1,0.97,812.53,0.01,812.57,False,True,True,False,True,True,False,True,True,True,True,False,False,False,False,False,False,False,False,False,False,False,False,False
91628,STATE_INIT,9.798,-1.16,10.95,14.7,-1.86,-0.18,9.58,0.06,0.06,0.0,5.87,9.37,-38.06,0.919,31.43,-0.43,2.21,9.82,0,0.0,0.0,0.0,0.0,0.0,0,-0.02,0.98,812.53,0.01,812.57,False,True,True,False,True,True,False,True,True,True,True,False,False,False,False,False,False,False,False,False,False,False,False,False
91628,STATE_INIT,9.798,-1.16,10.95,14.7,-1.86,-0.18,9.58,0.06,0.06,0.0,5.87,9.37,-38.06,0.919,31.43,-0.43,2.21,9.82,0,0.0,0.0,0.0,0.0,0.0,0,-0.02,0.98,812.53,0.01,812.57,False,True,True,False,True,True,False,True,True,True,True,False,False,False,False,False,False,False,False,False,False,False,False,False
91728,STATE_INIT,9.798,-1.16,10.95,14.7,-1.85,-0.2,9.56,0.0,0.06,-0.12,5.5,12.75,-41.37,0.919,31.54,-0.34,2.31,9.88,0,0.0,0.0,0.0,0.0,0.0,0,-0.05,0.99,812.53,0.01,812.48,False,True,True,False,True,True,False,True,True,True,True,False,False,False,False,False,False,False,False,False,False,False,False,False
91728,STATE_INIT,9.798,-1.16,10.95,14.7,-1.85,-0.2,9.56,0.0,0.06,-0.12,5.5,12.75,-41.37,0.919,31.54,-0.34,2.31,9.88,0,0.0,0.0,0.0,0.0,0.0,0,-0.05,0.99,812.53,0.01,812.48,False,True,True,False,True,True,False,True,True,True,True,False,False,False,False,False,False,False,False,False,False,False,False,False
91728,STATE_INIT,9.798,-1.16,10.95,14.7,-1.85,-0.2,9.56,0.0,0.06,-0.12,5.5,12.75,-41.37,0.919,31.54,-0.34,2.31,9.88,0,0.0,0.0,0.0,0.0,0.0,0,-0.05,0.99,812.53,0.01,812.48,False,True,True,False,True,True,False,True,True,True,True,False,False,False,False,False,False,False,False,False,False,False,False,False
92028,STATE_INIT,9.798,-1.16,10.95,14.7,-1.89,-0.18,9.56,0.0,0.12,-0.06,5.18,9.0,-38.87,0.919,31.49,-0.4,2.24,9.71,0,0.0,0.0,0.0,0.0,0.0,0,-0.03,0.97,812.56,0.02,812.3,False,True,True,False,True,True,False,True,True,True,True,False,False,False,False,False,False,False,False,False,False,False,False,False
92028,STATE_INIT,9.798,-1.16,10.95,14.7,-1.89,-0.18,9.56,0.0,0.12,-0.06,5.18,9.0,-38.87,0.919,31.49,-0.4,2.24,9.71,0,0.0,0.0,0.0,0.0,0.0,0,-0.03,0.97,812.56,0.02,812.3,False,True,True,False,True,True,False,True,True,True,True,False,False,False,False,False,False,False,False,False,False,False,False,False
92228,STATE_INIT,9.798,-1.16,10.95,14.7,-1.86,-0.18,9.58,-0.06,-0.06,0.06,6.25,8.68,-37.68,0.919,31.49,-0.34,2.31,9.74,0,0.0,0.0,0.0,0.0,0.0,0,-0.03,0.97,812.55,0.02,812.3,False,True,True,False,True,True,False,True,True,True,True,False,False,False,False,False,False,False,False,False,False,False,False,False
92228,STATE_INIT,9.798,-1.16,10.95,14.7,-1.86,-0.18,9.58,-0.06,-0.06,0.06,6.25,8.68,-37.68,0.919,31.49,-0.34,2.31,9.74,0,0.0,0.0,0.0,0.0,0.0,0,-0.03,0.97,812.55,0.02,812.3,False,True,True,False,True,True,False,True,True,True,True,False,False,False,False,False,False,False,False,False,False,False,False,False
92228,STATE_INIT,9.798,-1.16,10.95,14.7,-1.86,-0.18,9.58,-0.06,-0.06,0.06,6.25,8.68,-37.68,0.919,31.49,-0.34,2.31,9.74,0,0.0,0.0,0.0,0.0,0.0,0,-0.03,0.97,812.55,0.02,812.3,False,True,True,False,True,True,False,True,True,True,True,False,False,False,False,False,False,False,False,False,False,False,False,False
92228,STATE_INIT,9.798,-1.16,10.95,14.7,-1.86,-0.18,9.58,-0.06,-0.06,0.06,6.25,8.68,-37.68,0.919,31.49,-0.34,2.31,9.74,0,0.0,0.0,0.0,0.0,0.0,0,-0.03,0.97,812.55,0.02,812.3,False,True,True,False,True,True,False,True,True,True,True,False,False,False,False,False,False,False,False,False,False,False,False,False
92429,STATE_INIT,9.798,-1.16,10.95,14.7,-1.87,-0.17,9.56,0.0,0.06,0.0,5.18,12.37,-38.5,0.919,31.43,-0.4,2.39,9.76,0,0.0,0.0,0.0,0.0,0.0,0,-0.03,0.98,812.53,0.01,812.12,False,True,True,False,True,True,False,True,True,True,True,False,False,False,False,False,False,False,False,False,False,False,False,False
92429,STATE_INIT,9.798,-1.16,10.95,14.7,-1.87,-0.17,9.56,0.0,0.06,0.0,5.18,12.37,-38.5,0.919,31.43,-0.4,2.39,9.76,0,0.0,0.0,0.0,0.0,0.0,0,-0.03,0.98,812.53,0.01,812.12,False,True,True,False,True,True,False,True,True,True,True,False,False,False,False,False,False,False,False,False,False,False,False,False
92529,STATE_INIT,9.767,-1.16,10.95,14.7,-1.86,-0.16,9.56,0.06,0.18,-0.18,5.87,8.68,-37.68,0.919,31.54,-0.37,2.36,9.7,0,0.0,0.0,0.0,0.0,0.0,0,-0.04,0.97,812.54,0.01,812.48,False,True,True,False,True,True,False,True,True,True,True,False,False,False,False,False,False,False,False,False,False,False,False,False
92529,STATE_INIT,9.767,-1.16,10.95,14.7,-1.86,-0.16,9.56,0.06,0.18,-0.18,5.87,8.68,-37.68,0.919,31.54,-0.37,2.36,9.7,0,0.0,0.0,0.0,0.0,0.0,0,-0.04,0.97,812.54,0.01,812.48,False,True,True,False,True,True,False,True,True,True,True,False,False,False,False,False,False,False,False,False,False,False,False,False
92730,STATE_INIT,9.798,-1.16,10.95,14.7,-1.87,-0.18,9.57,0.0,0.12,-0.12,5.87,9.37,-39.0,0.919,31.49,-0.38,2.23,9.76,0,0.0,0.0,0.0,0.0,0.0,0,-0.05,0.98,812.54,0.01,812.39,False,True,True,False,True,True,False,True,True,True,True,False,False,False,False,False,False,False,False,False,False,False,False,False
92730,STATE_INIT,9.798,-1.16,10.95,14.7,-1.87,-0.18,9.57,0.0,0.12,-0.12,5.87,9.37,-39.0,0.919,31.49,-0.38,2.23,9.76,0,0.0,0.0,0.0,0.0,0.0,0,-0.05,0.98,812.54,0.01,812.39,False,True,True,False,True,True,False,True,True,True,True,False,False,False,False,False,False,False,False,False,False,False,False,False
92730,STATE_INIT,9.798,-1.16,10.95,14.7,-1.87,-0.18,9.57,0.0,0.12,-0.12,5.87,9.37,-39.0,0.919,31.49,-0.38,2.23,9.76,0,0.0,0.0,0.0,0.0,0.0,0,-0.05,0.98,812.54,0.01,812.39,False,True,True,False,True,True,False,True,True,True,True,False,False,False,False,False,False,False,False,False,False,False,False,False
92930,STATE_INIT,9.798,-1.16,10.95,14.7,-1.87,-0.18,9.56,0.0,0.0,0.0,6.68,9.0,-38.06,0.919,31.64,-0.38,2.26,9.72,0,0.0,0.0,0.0,0.0,0.0,0,-0.01,0.97,812.53,0.0,812.21,False,True,True,False,True,True,False,True,True,True,True,False,False,False,False,False,False,False,False,False,False,False,False,False
93031,STATE_INIT,9.767,-1.16,10.95,14.7,-1.87,-0.2,9.55,-0.12,0.18,0.06,5.87,9.0,-38.5,0.919,31.43,-0.32,2.28,9.69,0,0.0,0.0,0.0,0.0,0.0,0,-0.04,0.97,812.53,0.0,812.48,False,True,True,False,True,True,False,True,True,True,True,False,False,False,False,False,False,False,False,False,False,False,False,False
93231,STATE_INIT,9.798,-1.16,10.95,14.7,-1.85,-0.19,9.58,0.18,0.0,-0.06,5.87,9.0,-38.5,0.919,31.38,-0.34,2.21,9.75,0,0.0,0.0,0.0,0.0,0.0,0,-0.03,0.97,812.53,0.0,811.94,False,True,True,False,True,True,False,True,True,True,True,False,False,False,False,False,False,False,False,False,False,False,False,False
93430,STATE_INIT,9.798,-1.16,10.95,14.7,-1.86,-0.19,9.55,0.0,0.12,0.0,5.87,9.75,-36.87,0.919,31.43,-0.37,2.34,9.69,0,0.0,0.0,0.0,0.0,0.0,0,-0.06,0.97,812.53,0.0,812.57,False,True,True,False,True,True,False,True,True,True,True,False,False,False,False,False,False,False,False,False,False,False,False,False
93430,STATE_INIT,9.798,-1.16,10.95,14.7,-1.86,-0.19,9.55,0.0,0.12,0.0,5.87,9.75,-36.87,0.919,31.43,-0.37,2.34,9.69,0,0.0,0.0,0.0,0.0,0.0,0,-0.06,0.97,812.53,0.0,812.57,False,True,True,False,True,True,False,True,True,True,True,False,False,False,False,False,False,False,False,False,False,False,False,False
93430,STATE_INIT,9.798,-1.16,10.95,14.7,-1.86,-0.19,9.55,0.0,0.12,0.0,5.87,9.75,-36.87,0.919,31.43,-0.37,2.34,9.69,0,0.0,0.0,0.0,0.0,0.0,0,-0.06,0.97,812.53,0.0,812.57,False,True,True,False,True,True,False,True,True,True,True,False,False,False,False,False,False,False,False,False,False,False,False,False
93430,STATE_INIT,9.798,-1.16,10.95,14.7,-1.86,-0.19,9.55,0.0,0.12,0.0,5.87,9.75,-36.87,0.919,31.43,-0.37,2.34,9.69,0,0.0,0.0,0.0,0.0,0.0,0,-0.06,0.97,812.53,0.0,812.57,False,True,True,False,True,True,False,True,True,True,True,False,False,False,False,False,False,False,False,False,False,False,False,False
93828,STATE_INIT,9.798,-1.16,10.95,14.7,-1.84,-0.2,9.58,-0.06,0.0,0.06,6.25,9.37,-38.5,0.919,31.49,-0.38,2.29,9.68,0,0.0,0.0,0.0,0.0,0.0,0,-0.03,0.97,812.55,0.01,812.66,False,True,True,False,True,True,False,True,True,True,True,False,False,False,False,False,False,False,False,False,False,False,False,False
93828,STATE_INIT,9.798,-1.16,10.95,14.7,-1.84,-0.2,9.58,-0.06,0.0,0.06,6.25,9.37,-38.5,0.919,31.49,-0.38,2.29,9.68,0,0.0,0.0,0.0,0.0,0.0,0,-0.03,0.97,812.55,0.01,812.66,False,True,True,False,True,True,False,True,True,True,True,False,False,False,False,False,False,False,False,False,False,False,False,False
93828,STATE_INIT,9.798,-1.16,10.95,14.7,-1.84,-0.2,9.58,-0.06,0.0,0.06,6.25,9.37,-38.5,0.919,31.49,-0.38,2.29,9.68,0,0.0,0.0,0.0,0.0,0.0,0,-0.03,0.97,812.55,0.01,812.66,False,True,True,False,True,True,False,True,True,True,True,False,False,False,False,False,False,False,False,False,False,False,False,False
94028,STATE_INIT,9.767,-1.16,10.95,14.7,-1.84,-0.2,9.56,-0.06,0.06,0.0,5.18,12.0,-40.18,0.919,31.49,-0.38,2.21,9.77,0,0.0,0.0,0.0,0.0,0.0,0,-0.05,0.98,812.55,0.01,812.66,False,True,True,False,True,True,False,True,True,True,True,False,False,False,False,False,False,False,False,False,False,False,False,False
94128,STATE_INIT,9.798,-1.16,10.95,14.7,-1.86,-0.18,9.55,0.18,0.0,-0.12,5.5,10.18,-39.0,0.919,31.54,-0.38,2.29,9.8,0,0.0,0.0,0.0,0.0,0.0,0,-0.05,0.98,812.55,0.01,812.93,False,True,True,False,True,True,False,True,True,True,True,False,False,False,False,False,False,False,False,False,False,False,False,False
94128,STATE_INIT,9.798,-1.16,10.95,14.7,-1.86,-0.18,9.55,0.18,0.0,-0.12,5.5,10.18,-39.0,0.919,31.54,-0.38,2.29,9.8,0,0.0,0.0,0.0,0.0,0.0,0,-0.05,0.98,812.55,0.01,812.93,False,True,True,False,True,True,False,True,True,True,True,False,False,False,False,False,False,False,False,False,False,False,False,False
94328,STATE_INIT,9.798,-1.16,10.95,14.7,-1.86,-0.17,9.62,-0.12,0.0,-0.06,5.87,10.18,-38.5,0.919,31.64,-0.37,2.23,9.64,0,0.0,0.0,0.0,0.0,0.0,0,-0.08,0.96,812.56,0.01,812.57,False,True,True,False,True,True,False,True,True,True,True,False,False,False,False,False,False,False,False,False,False,False,False,False
94328,STATE_INIT,9.798,-1.16,10.95,14.7,-1.86,-0.17,9.62,-0.12,0.0,-0.06,5.87,10.18,-38.5,0.919,31.64,-0.37,2.23,9.64,0,0.0,0.0,0.0,0.0,0.0,0,-0.08,0.96,812.56,0.01,812.57,False,True,True,False,True,True,False,True,True,True,True,False,False,False,False,False,False,False,False,False,False,False,False,False
94328,STATE_INIT,9.798,-1.16,10.95,14.7,-1.86,-0.17,9.62,-0.12,0.0,-0.06,5.87,10.18,-38.5,0.919,31.64,-0.37,2.23,9.64,0,0.0,0.0,0.0,0.0,0.0,0,-0.08,0.96,812.56,0.01,812.57,False,True,True,False,True,True,False,True,True,True,True,False,False,False,False,False,False,False,False,False,False,False,False,False
94328,STATE_INIT,9.798,-1.16,10.95,14.7,-1.86,-0.17,9.62,-0.12,0.0,-0.06,5.87,10.18,-38.5,0.919,31.64,-0.37,2.23,9.64,0,0.0,0.0,0.0,0.0,0.0,0,-0.08,0.96,812.56,0.01,812.57,False,True,True,False,True,True,False,True,True,True,True,False,False,False,False,False,False,False,False,False,False,False,False,False
94529,STATE_INIT,9.798,-1.16,10.95,14.7,-1.84,-0.22,9.58,-0.06,0.12,0.06,5.87,9.0,-37.25,0.919,31.69,-0.4,2.24,9.74,0,0.0,0.0,0.0,0.0,0.0,0,-0.03,0.97,812.55,0.0,812.39,False,True,True,False,True,True,False,True,True,True,True,False,False,False,False,False,False,False,False,False,False,False,False,False
94529,STATE_INIT,9.798,-1.16,10.95,14.7,-1.84,-0.22,9.58,-0.06,0.12,0.06,5.87,9.0,-37.25,0.919,31.69,-0.4,2.24,9.74,0,0.0,0.0,0.0,0.0,0.0,0,-0.03,0.97,812.55,0.0,812.39,False,True,True,False,True,True,False,True,True,True,True,False,False,False,False,False,False,False,False,False,False,False,False,False
94529,STATE_INIT,9.798,-1.16,10.95,14.7,-1.84,-0.22,9.58,-0.06,0.12,0.06,5.87,9.0,-37.25,0.919,31.69,-0.4,2.24,9.74,0,0.0,0.0,0.0,0.0,0.0,0,-0.03,0.97,812.55,0.0,812.39,False,True,True,False,True,True,False,True,True,True,True,False,False,False,False,False,False,False,False,False,False,False,False,False
94629,STATE_INIT,9.767,-1.16,10.95,14.7,-1.89,-0.2,9.59,-0.06,0.25,-0.06,6.25,10.18,-38.87,0.919,31.54,-0.34,2.29,9.73,0,0.0,0.0,0.0,0.0,0.0,0,-0.07,0.97,812.54,0.0,812.39,False,True,True,False,True,True,False,True,True,True,True,False,False,False,False,False,False,False,False,False,False,False,False,False
94830,STATE_INIT,9.805,-1.16,10.95,14.7,-1.87,-0.21,9.59,0.06,0.18,-0.06,5.87,9.37,-38.87,0.919,31.49,-0.3,2.37,9.76,0,0.0,0.0,0.0,0.0,0.0,0,-0.04,0.97,812.53,0.0,812.84,False,True,True,False,True,True,False,True,True,True,True,False,False,False,False,False,False,False,False,False,False,False,False,False
94830,STATE_INIT,9.805,-1.16,10.95,14.7,-1.87,-0.21,9.59,0.06,0.18,-0.06,5.87,9.37,-38.87,0.919,31.49,-0.3,2.37,9.76,0,0.0,0.0,0.0,0.0,0.0,0,-0.04,0.97,812.53,0.0,812.84,False,True,True,False,True,True,False,True,True,True,True,False,False,False,False,False,False,False,False,False,False,False,False,False
95030,STATE_INIT,9.798,-1.16,10.95,14.7,-1.86,-0.18,9.58,-0.06,-0.12,-0.25,5.18,9.37,-38.5,0.919,31.54,-0.32,2.24,9.71,0,0.0,0.0,0.0,0.0,0.0,0,-0.04,0.97,812.54,0.0,812.84,False,True,True,False,True,True,False,True,True,True,True,False,False,False,False,False,False,False,False,False,False,False,False,False
95330,STATE_INIT,9.798,-1.16,10.95,14.7,-1.85,-0.19,9.54,-0.12,0.18,0.06,7.0,9.37,-38.06,0.919,31.54,-0.37,2.36,9.73,0,0.0,0.0,0.0,0.0,0.0,0,-0.08,0.97,812.5,-0.01,812.57,False,True,True,False,True,True,False,True,True,True,True,False,False,False,False,False,False,False,False,False,False,False,False,False
95330,STATE_INIT,9.798,-1.16,10.95,14.7,-1.85,-0.19,9.54,-0.12,0.18,0.06,7.0,9.37,-38.06,0.919,31.54,-0.37,2.36,9.73,0,0.0,0.0,0.0,0.0,0.0,0,-0.08,0.97,812.5,-0.01,812.57,False,True,True,False,True,True,False,True,True,True,True,False,False,False,False,False,False,False,False,False,False,False,False,False
95330,STATE_INIT,9.798,-1.16,10.95,14.7,-1.85,-0.19,9.54,-0.12,0.18,0.06,7.0,9.37,-38.06,0.919,31.54,-0.37,2.36,9.73,0,0.0,0.0,0.0,0.0,0.0,0,-0.08,0.97,812.5,-0.01,812.57,False,True,True,False,True,True,False,True,True,True,True,False,False,False,False,False,False,False,False,False,False,False,False,False
95530,STATE_INIT,9.798,-1.16,10.95,14.7,-1.83,-0.19,9.6,0.06,0.06,-0.06,5.18,10.18,-37.18,0.919,31.54,-0.29,2.23,9.78,0,0.0,0.0,0.0,0.0,0.0,0,-0.01,0.98,812.51,-0.01,812.48,False,True,True,False,True,True,False,True,True,True,True,False,False,False,False,False,False,False,False,False,False,False,False,False
95530,STATE_INIT,9.798,-1.16,10.95,14.7,-1.83,-0.19,9.6,0.06,0.06,-0.06,5.18,10.18,-37.18,0.919,31.54,-0.29,2.23,9.78,0,0.0,0.0,0.0,0.0,0.0,0,-0.01,0.98,812.51,-0.01,812.48,False,True,True,False,True,True,False,True,True,True,True,False,False,False,False,False,False,False,False,False,False,False,False,False
95928,STATE_INIT,9.805,-1.16,10.95,14.7,-1.87,-0.18,9.57,0.0,0.25,-0.06,5.87,10.18,-38.06,0.919,31.49,-0.29,2.26,9.88,0,0.0,0.0,0.0,0.0,0.0,0,-0.04,0.99,812.48,-0.02,812.66,False,True,True,False,True,True,False,True,True,True,True,False,False,False,False,False,False,False,False,False,False,False,False,False
95928,STATE_INIT,9.805,-1.16,10.95,14.7,-1.87,-0.18,9.57,0.0,0.25,-0.06,5.87,10.18,-38.06,0.919,31.49,-0.29,2.26,9.88,0,0.0,0.0,0.0,0.0,0.0,0,-0.04,0.99,812.48,-0.02,812.66,False,True,True,False,True,True,False,True,True,True,True,False,False,False,False,False,False,False,False,False,False,False,False,False
96128,STATE_INIT,9.79,-1.16,10.95,14.7,-1.85,-0.18,9.57,0.0,-0.18,0.06,6.68,10.5,-39.0,0.919,31.54,-0.37,2.28,9.74,0,0.0,0.0,0.0,0.0,0.0,0,-0.04,0.97,812.48,-0.02,812.39,False,True,True,False,True,True,False,True,True,True,True,False,False,False,False,False,False,False,False,False,False,False,False,False
96128,STATE_INIT,9.79,-1.16,10.95,14.7,-1.85,-0.18,9.57,0.0,-0.18,0.06,6.68,10.5,-39.0,0.919,31.54,-0.37,2.28,9.74,0,0.0,0.0,0.0,0.0,0.0,0,-0.04,0.97,812.48,-0.02,812.39,False,True,True,False,True,True,False,True,True,True,True,False,False,False,False,False,False,False,False,False,False,False,False,False
96228,STATE_INIT,9.79,-1.16,10.95,14.7,-1.84,-0.17,9.58,-0.06,0.0,0.06,6.25,9.75,-38.87,0.919,31.49,-0.32,2.21,9.68,0,0.0,0.0,0.0,0.0,0.0,0,-0.04,0.97,812.48,-0.02,813.11,False,True,True,False,True,True,False,True,True,True,True,False,False,False,False,False,False,False,False,False,False,False,False,False
96428,STATE_INIT,9.798,-1.16,10.95,14.7,-1.88,-0.19,9.58,0.0,-0.06,0.12,6.68,9.0,-38.5,0.919,31.54,-0.35,2.26,9.76,0,0.0,0.0,0.0,0.0,0.0,0,-0.03,0.97,812.46,-0.03,812.03,False,True,True,False,True,True,False,True,True,True,True,False,False,False,False,False,False,False,False,False,False,False,False,False
96428,STATE_INIT,9.798,-1.16,10.95,14.7,-1.88,-0.19,9.58,0.0,-0.06,0.12,6.68,9.0,-38.5,0.919,31.54,-0.35,2.26,9.76,0,0.0,0.0,0.0,0.0,0.0,0,-0.03,0.97,812.46,-0.03,812.03,False,True,True,False,True,True,False,True,True,True,True,False,False,False,False,False,False,False,False,False,False,False,False,False
96428,STATE_INIT,9.798,-1.16,10.95,14.7,-1.88,-0.19,9.58,0.0,-0.06,0.12,6.68,9.0,-38.5,0.919,31.54,-0.35,2.26,9.76,0,0.0,0.0,0.0,0.0,0.0,0,-0.03,0.97,812.46,-0.03,812.03,False,True,True,False,True,True,False,True,True,True,True,False,False,False,False,False,False,False,False,False,False,False,False,False
96729,STATE_INIT,9.767,-1.16,10.95,14.7,-1.85,-0.19,9.6,0.0,0.12,0.06,5.18,10.5,-38.06,0.919,31.33,-0.38,2.28,9.65,0,0.0,0.0,0.0,0.0,0.0,0,-0.04,0.96,812.47,-0.02,812.57,False,True,True,False,True,True,False,True,True,True,True,False,False,False,False,False,False,False,False,False,False,False,False,False
96929,STATE_INIT,9.798,-1.16,10.95,14.7,-1.85,-0.17,9.57,0.0,0.12,0.12,6.25,9.37,-39.25,0.919,31.43,-0.43,2.26,9.78,0,0.0,0.0,0.0,0.0,0.0,0,-0.03,0.98,812.48,-0.02,812.93,False,True,True,False,True,True,False,True,True,True,True,False,False,False,False,False,False,False,False,False,False,False,False,False
96929,STATE_INIT,9.798,-1.16,10.95,14.7,-1.85,-0.17,9.57,0.0,0.12,0.12,6.25,9.37,-39.25,0.919,31.43,-0.43,2.26,9.78,0,0.0,0.0,0.0,0.0,0.0,0,-0.03,0.98,812.48,-0.02,812.93,False,True,True,False,True,True,False,True,True,True,True,False,False,False,False,False,False,False,False,False,False,False,False,False
97130,STATE_INIT,9.798,-1.16,10.95,14.7,-1.89,-0.18,9.57,-0.06,0.12,0.06,6.25,9.75,-37.68,0.919,31.49,-0.37,2.28,9.78,0,0.0,0.0,0.0,0.0,0.0,0,-0.03,0.98,812.47,-0.02,812.39,False,True,True,False,True,True,False,True,True,True,True,False,False,False,False,False,False,False,False,False,False,False,False,False
97130,STATE_INIT,9.798,-1.16,10.95,14.7,-1.89,-0.18,9.57,-0.06,0.12,0.06,6.25,9.75,-37.68,0.919,31.49,-0.37,2.28,9.78,0,0.0,0.0,0.0,0.0,0.0,0,-0.03,0.98,812.47,-0.02,812.39,False,True,True,False,True,True,False,True,True,True,True,False,False,False,False,False,False,False,False,False,False,False,False,False
97130,STATE_INIT,9.798,-1.16,10.95,14.7,-1.89,-0.18,9.57,-0.06,0.12,0.06,6.25,9.75,-37.68,0.919,31.49,-0.37,2.28,9.78,0,0.0,0.0,0.0,0.0,0.0,0,-0.03,0.98,812.47,-0.02,812.39,False,True,True,False,True,True,False,True,True,True,True,False,False,False,False,False,False,False,False,False,False,False,False,False
97330,STATE_INIT,9.79,-1.16,10.95,14.7,-1.87,-0.2,9.58,0.06,0.31,0.0,6.25,10.18,-38.06,0.919,31.43,-0.38,2.34,9.62,0,0.0,0.0,0.0,0.0,0.0,0,-0.02,0.96,812.47,-0.02,812.66,False,True,True,False,True,True,False,True,True,True,True,False,False,False,False,False,False,False,False,False,False,False,False,False
97430,STATE_INIT,9.798,-1.16,10.95,14.7,-1.87,-0.18,9.58,0.06,0.31,0.0,6.25,9.37,-38.87,0.919,31.54,-0.35,2.26,9.65,0,0.0,0.0,0.0,0.0,0.0,0,-0.01,0.96,812.46,-0.02,812.66,False,True,True,False,True,True,False,True,True,True,True,False,False,False,False,False,False,False,False,False,False,False,False,False
97430,STATE_INIT,9.798,-1.16,10.95,14.7,-1.87,-0.18,9.58,0.06,0.31,0.0,6.25,9.37,-38.87,0.919,31.54,-0.35,2.26,9.65,0,0.0,0.0,0.0,0.0,0.0,0,-0.01,0.96,812.46,-0.02,812.66,False,True,True,False,True,True,False,True,True,True,True,False,False,False,False,False,False,False,False,False,False,False,False,False
97631,STATE_INIT,9.798,-1.16,10.95,14.7,-1.84,-0.21,9.59,0.0,0.0,0.0,5.87,9.37,-37.68,0.919,31.49,-0.34,2.29,9.74,0,0.0,0.0,0.0,0.0,0.0,0,-0.03,0.97,812.46,-0.02,812.48,False,True,True,False,True,True,False,True,True,True,True,False,False,False,False,False,False,False,False,False,False,False,False,False
97631,STATE_INIT,9.798,-1.16,10.95,14.7,-1.84,-0.21,9.59,0.0,0.0,0.0,5.87,9.37,-37.68,0.919,31.49,-0.34,2.29,9.74,0,0.0,0.0,0.0,0.0,0.0,0,-0.03,0.97,812.46,-0.02,812.48,False,True,True,False,True,True,False,True,True,True,True,False,False,False,False,False,False,False,False,False,False,False,False,False
97731,STATE_INIT,9.759,-1.16,10.95,14.7,-1.92,-0.19,9.55,-0.06,-0.18,0.0,5.87,12.37,-42.18,0.919,31.43,-0.37,2.18,9.67,0,0.0,0.0,0.0,0.0,0.0,0,-0.04,0.97,812.46,-0.02,812.84,False,True,True,False,True,True,False,True,True,True,True,False,False,False,False,False,False,False,False,False,False,False,False,False
97830,STATE_INIT,9.798,-1.16,10.95,14.7,-1.86,-0.22,9.53,-0.18,0.18,-0.18,6.25,10.5,-38.06,0.919,31.43,-0.32,2.29,9.8,0,0.0,0.0,0.0,0.0,0.0,0,-0.08,0.98,812.45,-0.02,812.66,False,True,True,False,True,True,False,True,True,True,True,False,False,False,False,False,False,False,False,False,False,False,False,False
97830,STATE_INIT,9.798,-1.16,10.95,14.7,-1.86,-0.22,9.53,-0.18,0.18,-0.18,6.25,10.5,-38.06,0.919,31.43,-0.32,2.29,9.8,0,0.0,0.0,0.0,0.0,0.0,0,-0.08,0.98,812.45,-0.02,812.66,False,True,True,False,True,True,False,True,True,True,True,False,False,False,False,False,False,False,False,False,False,False,False,False
97830,STATE_INIT,9.798,-1.16,10.95,14.7,-1.86,-0.22,9.53,-0.18,0.18,-0.18,6.25,10.5,-38.06,0.919,31.43,-0.32,2.29,9.8,0,0.0,0.0,0.0,0.0,0.0,0,-0.08,0.98,812.45,-0.02,812.66,False,True,True,False,True,True,False,True,True,True,True,False,False,False,False,False,False,False,False,False,False,False,False,False
98030,STATE_INIT,9.805,-1.16,10.95,14.7,-1.79,-0.15,9.58,-0.12,-0.06,0.18,6.25,9.0,-38.06,0.919,31.49,-0.34,2.28,9.7,0,0.0,0.0,0.0,0.0,0.0,0,-0.04,0.97,812.45,-0.03,812.39,False,True,True,False,True,True,False,True,True,True,True,False,False,False,False,False,False,False,False,False,False,False,False,False
98228,STATE_INIT,9.798,-1.16,10.95,14.7,-1.82,-0.2,9.6,0.12,0.12,0.12,5.18,9.37,-38.5,0.919,31.43,-0.25,2.23,9.85,0,0.0,0.0,0.0,0.0,0.0,0,0.0,0.98,812.44,-0.03,812.75,False,True,True,False,True,True,False,True,True,True,True,False,False,False,False,False,False,False,False,False,False,False,False,False
98228,STATE_INIT,9.798,-1.16,10.95,14.7,-1.82,-0.2,9.6,0.12,0.12,0.12,5.18,9.37,-38.5,0.919,31.43,-0.25,2.23,9.85,0,0.0,0.0,0.0,0.0,0.0,0,0.0,0.98,812.44,-0.03,812.75,False,True,True,False,True,True,False,True,True,True,True,False,False,False,False,False,False,False,False,False,False,False,False,False
98328,STATE_INIT,9.767,-1.16,10.95,14.7,-1.88,-0.19,9.58,-0.06,0.18,0.0,6.25,10.18,-38.5,0.919,31.49,-0.37,2.28,9.67,0,0.0,0.0,0.0,0.0,0.0,0,-0.03,0.97,812.43,-0.03,812.48,False,True,True,False,True,True,False,True,True,True,True,False,False,False,False,False,False,False,False,False,False,False,False,False
98528,STATE_INIT,9.798,-1.16,10.95,14.7,-1.87,-0.18,9.58,0.0,0.25,0.0,5.87,9.37,-37.68,0.919,31.54,-0.32,2.29,9.76,0,0.0,0.0,0.0,0.0,0.0,0,-0.02,0.97,812.42,-0.03,812.39,False,True,True,False,True,True,False,True,True,True,True,False,False,False,False,False,False,False,False,False,False,False,False,False
98528,STATE_INIT,9.798,-1.16,10.95,14.7,-1.87,-0.18,9.58,0.0,0.25,0.0,5.87,9.37,-37.68,0.919,31.54,-0.32,2.29,9.76,0,0.0,0.0,0.0,0.0,0.0,0,-0.02,0.97,812.42,-0.03,812.39,False,True,True,False,True,True,False,True,True,True,True,False,False,False,False,False,False,False,False,False,False,False,False,False
98528,STATE_INIT,9.798,-1.16,10.95,14.7,-1.87,-0.18,9.58,0.0,0.25,0.0,5.87,9.37,-37.68,0.919,31.54,-0.32,2.29,9.76,0,0.0,0.0,0.0,0.0,0.0,0,-0.02,0.97,812.42,-0.03,812.39,False,True,True,False,True,True,False,True,True,True,True,False,False,False,False,False,False,False,False,False,False,False,False,False
98528,STATE_INIT,9.798,-1.16,10.95,14.7,-1.87,-0.18,9.58,0.0,0.25,0.0,5.87,9.37,-37.68,0.919,31.54,-0.32,2.29,9.76,0,0.0,0.0,0.0,0.0,0.0,0,-0.02,0.97,812.42,-0.03,812.39,False,True,True,False,True,True,False,True,True,True,True,False,False,False,False,False,False,False,False,False,False,False,False,False
98728,STATE_INIT,9.798,-1.16,10.95,14.7,-1.86,-0.19,9.55,-0.06,0.25,0.18,6.25,9.75,-37.68,0.919,31.38,-0.29,2.29,9.76,0,0.0,0.0,0.0,0.0,0.0,0,-0.05,0.97,812.43,-0.03,812.39,False,True,True,False,True,True,False,True,True,True,True,False,False,False,False,False,False,False,False,False,False,False,False,False
98728,STATE_INIT,9.798,-1.16,10.95,14.7,-1.86,-0.19,9.55,-0.06,0.25,0.18,6.25,9.75,-37.68,0.919,31.38,-0.29,2.29,9.76,0,0.0,0.0,0.0,0.0,0.0,0,-0.05,0.97,812.43,-0.03,812.39,False,True,True,False,True,True,False,True,True,True,True,False,False,False,False,False,False,False,False,False,False,False,False,False
98828,STATE_INIT,9.775,-1.16,10.95,14.7,-1.84,-0.19,9.6,0.12,0.06,-0.18,6.68,10.5,-38.18,0.919,31.49,-0.48,2.32,9.7,0,0.0,0.0,0.0,0.0,0.0,0,-0.03,0.97,812.42,-0.03,812.39,False,True,True,False,True,True,False,True,True,True,True,False,False,False,False,False,False,False,False,False,False,False,False,False
99029,STATE_INIT,9.828,-1.16,10.95,14.7,-1.86,-0.21,9.6,-0.18,0.0,0.0,5.87,9.37,-38.06,0.919,31.43,-0.43,2.26,9.76,0,0.0,0.0,0.0,0.0,0.0,0,-0.04,0.98,812.44,-0.01,812.57,False,True,True,False,True,True,False,True,True,True,True,False,False,False,False,False,False,False,False,False,False,False,False,False
99029,STATE_INIT,9.828,-1.16,10.95,14.7,-1.86,-0.21,9.6,-0.18,0.0,0.0,5.87,9.37,-38.06,0.919,31.43,-0.43,2.26,9.76,0,0.0,0.0,0.0,0.0,0.0,0,-0.04,0.98,812.44,-0.01,812.57,False,True,True,False,True,True,False,True,True,True,True,False,False,False,False,False,False,False,False,False,False,False,False,False
99229,STATE_INIT,9.798,-1.16,10.95,14.7,-1.85,-0.19,9.58,0.12,0.06,0.06,5.5,9.75,-38.06,0.919,31.49,-0.37,2.32,9.76,0,0.0,0.0,0.0,0.0,0.0,0,-0.05,0.97,812.44,-0.01,812.21,False,True,True,False,True,True,False,True,True,True,True,False,False,False,False,False,False,False,False,False,False,False,False,False
99229,STATE_INIT,9.798,-1.16,10.95,14.7,-1.85,-0.19,9.58,0.12,0.06,0.06,5.5,9.75,-38.06,0.919,31.49,-0.37,2.32,9.76,0,0.0,0.0,0.0,0.0,0.0,0,-0.05,0.97,812.44,-0.01,812.21,False,True,True,False,True,True,False,True,True,True,True,False,False,False,False,False,False,False,False,False,False,False,False,False
99229,STATE_INIT,9.798,-1.16,10.95,14.7,-1.85,-0.19,9.58,0.12,0.06,0.06,5.5,9.75,-38.06,0.919,31.49,-0.37,2.32,9.76,0,0.0,0.0,0.0,0.0,0.0,0,-0.05,0.97,812.44,-0.01,812.21,False,True,True,False,True,True,False,True,True,True,True,False,False,False,False,False,False,False,False,False,False,False,False,False
99229,STATE_INIT,9.798,-1.16,10.95,14.7,-1.85,-0.19,9.58,0.12,0.06,0.06,5.5,9.75,-38.06,0.919,31.49,-0.37,2.32,9.76,0,0.0,0.0,0.0,0.0,0.0,0,-0.05,0.97,812.44,-0.01,812.21,False,True,True,False,True,True,False,True,True,True,True,False,False,False,False,False,False,False,False,False,False,False,False,False
99429,STATE_INIT,9.805,-1.16,10.95,14.7,-1.84,-0.21,9.58,-0.06,-0.06,-0.12,5.87,13.18,-41.25,0.919,31.43,-0.32,2.2,9.7,0,0.0,0.0,0.0,0.0,0.0,0,-0.02,0.97,812.44,-0.01,812.48,False,True,True,False,True,True,False,True,True,True,True,False,False,False,False,False,False,False,False,False,False,False,False,False
99429,STATE_INIT,9.805,-1.16,10.95,14.7,-1.84,-0.21,9.58,-0.06,-0.06,-0.12,5.87,13.18,-41.25,0.919,31.43,-0.32,2.2,9.7,0,0.0,0.0,0.0,0.0,0.0,0,-0.02,0.97,812.44,-0.01,812.48,False,True,True,False,True,True,False,True,True,True,True,False,False,False,False,False,False,False,False,False,False,False,False,False
99529,STATE_INIT,9.798,-1.16,10.95,14.7,-1.86,-0.19,9.56,0.06,-0.18,0.0,6.68,10.18,-36.0,0.919,31.43,-0.25,2.29,9.74,0,0.0,0.0,0.0,0.0,0.0,0,-0.01,0.97,812.43,-0.02,812.66,False,True,True,False,True,True,False,True,True,True,True,False,False,False,False,False,False,False,False,False,False,False,False,False
99529,STATE_INIT,9.798,-1.16,10.95,14.7,-1.86,-0.19,9.56,0.06,-0.18,0.0,6.68,10.18,-36.0,0.919,31.43,-0.25,2.29,9.74,0,0.0,0.0,0.0,0.0,0.0,0,-0.01,0.97,812.43,-0.02,812.66,False,True,True,False,True,True,False,True,True,True,True,False,False,False,False,False,False,False,False,False,False,False,False,False
99828,STATE_INIT,9.813,-1.16,10.95,14.7,-1.83,-0.21,9.54,0.06,-0.18,0.12,6.25,10.18,-37.25,0.919,31.43,-0.29,2.23,9.66,0,0.0,0.0,0.0,0.0,0.0,0,-0.07,0.96,812.45,0.0,812.21,False,True,True,False,True,True,False,True,True,True,True,False,False,False,False,False,False,False,False,False,False,False,False,False
99828,STATE_INIT,9.813,-1.16,10.95,14.7,-1.83,-0.21,9.54,0.06,-0.18,0.12,6.25,10.18,-37.25,0.919,31.43,-0.29,2.23,9.66,0,0.0,0.0,0.0,0.0,0.0,0,-0.07,0.96,812.45,0.0,812.21,False,True,True,False,True,True,False,True,True,True,True,False,False,False,False,False,False,False,False,False,False,False,False,False
99928,STATE_INIT,9.798,-1.16,10.95,14.7,-1.87,-0.17,9.58,-0.06,-0.31,0.12,5.5,9.0,-38.5,0.919,31.54,-0.46,2.21,9.72,0,0.0,0.0,0.0,0.0,0.0,0,-0.03,0.97,812.44,-0.01,812.39,False,True,True,False,True,True,False,True,True,True,True,False,False,False,False,False,False,False,False,False,False,False,False,False
99928,STATE_INIT,9.798,-1.16,10.95,14.7,-1.87,-0.17,9.58,-0.06,-0.31,0.12,5.5,9.0,-38.5,0.919,31.54,-0.46,2.21,9.72,0,0.0,0.0,0.0,0.0,0.0,0,-0.03,0.97,812.44,-0.01,812.39,False,True,True,False,True,True,False,True,True,True,True,False,False,False,False,False,False,False,False,False,False,False,False,False
100128,STATE_INIT,9.798,-1.16,10.95,14.7,-1.87,-0.18,9.58,0.18,-0.25,0.06,6.25,9.75,-39.25,0.919,31.54,-0.3,2.28,9.77,0,0.0,0.0,0.0,0.0,0.0,0,-0.03,0.97,812.42,-0.02,812.3,False,True,True,False,True,True,False,True,True,True,True,False,False,False,False,False,False,False,False,False,False,False,False,False
100128,STATE_INIT,9.798,-1.16,10.95,14.7,-1.87,-0.18,9.58,0.18,-0.25,0.06,6.25,9.75,-39.25,0.919,31.54,-0.3,2.28,9.77,0,0.0,0.0,0.0,0.0,0.0,0,-0.03,0.97,812.42,-0.02,812.3,False,True,True,False,True,True,False,True,True,True,True,False,False,False,False,False,False,False,False,False,False,False,False,False
100128,STATE_INIT,9.798,-1.16,10.95,14.7,-1.87,-0.18,9.58,0.18,-0.25,0.06,6.25,9.75,-39.25,0.919,31.54,-0.3,2.28,9.77,0,0.0,0.0,0.0,0.0,0.0,0,-0.03,0.97,812.42,-0.02,812.3,False,True,True,False,True,True,False,True,True,True,True,False,False,False,False,False,False,False,False,False,False,False,False,False
100328,STATE_INIT,9.798,-1.16,10.95,14.7,-1.86,-0.19,9.57,-0.06,0.06,0.06,5.5,12.37,-39.25,0.919,31.49,-0.35,2.28,9.76,0,0.0,0.0,0.0,0.0,0.0,0,-0.04,0.97,812.4,-0.02,812.66,False,True,True,False,True,True,False,True,True,True,True,False,False,False,False,False,False,False,False,False,False,False,False,False
100328,STATE_INIT,9.798,-1.16,10.95,14.7,-1.86,-0.19,9.57,-0.06,0.06,0.06,5.5,12.37,-39.25,0.919,31.49,-0.35,2.28,9.76,0,0.0,0.0,0.0,0.0,0.0,0,-0.04,0.97,812.4,-0.02,812.66,False,True,True,False,True,True,False,True,True,True,True,False,False,False,False,False,False,False,False,False,False,False,False,False
100628,STATE_INIT,9.798,-1.16,10.95,14.7,-1.86,-0.19,9.59,0.0,-0.12,0.18,5.18,10.18,-38.5,0.919,31.49,-0.3,2.34,9.74,0,0.0,0.0,0.0,0.0,0.0,0,-0.02,0.97,812.39,-0.02,812.39,False,True,True,False,True,True,False,True,True,True,True,False,False,False,False,False,False,False,False,False,False,False,False,False
100628,STATE_INIT,9.798,-1.16,10.95,14.7,-1.86,-0.19,9.59,0.0,-0.12,0.18,5.18,10.18,-38.5,0.919,31.49,-0.3,2.34,9.74,0,0.0,0.0,0.0,0.0,0.0,0,-0.02,0.97,812.39,-0.02,812.39,False,True,True,False,True,True,False,True,True,True,True,False,False,False,False,False,False,False,False,False,False,False,False,False
100828,STATE_INIT,9.798,-1.15,10.92,14.71,-1.73,-0.16,9.5,0.18,-1.25,0.0,7.37,9.75,-37.68,0.919,31.43,-0.38,2.34,9.78,0,0.0,0.0,0.0,0.0,0.0,0,-0.12,0.98,812.38,-0.03,811.94,False,True,True,False,True,True,False,True,True,True,True,False,False,False,False,False,False,False,False,False,False,False,False,False
101129,STATE_INIT,9.798,-1.16,10.92,14.65,-1.89,-0.22,9.54,0.5,-0.87,0.18,6.68,8.56,-37.68,0.919,31.49,-0.4,2.29,9.74,0,0.0,0.0,0.0,0.0,0.0,0,-0.11,0.97,812.4,-0.01,812.39,False,True,True,False,True,True,False,True,True,True,True,False,False,False,False,False,False,False,False,False,False,False,False,False
101129,STATE_INIT,9.798,-1.16,10.92,14.65,-1.89,-0.22,9.54,0.5,-0.87,0.18,6.68,8.56,-37.68,0.919,31.49,-0.4,2.29,9.74,0,0.0,0.0,0.0,0.0,0.0,0,-0.11,0.97,812.4,-0.01,812.39,False,True,True,False,True,True,False,True,True,True,True,False,False,False,False,False,False,False,False,False,False,False,False,False
101129,STATE_INIT,9.798,-1.16,10.92,14.65,-1.89,-0.22,9.54,0.5,-0.87,0.18,6.68,8.56,-37.68,0.919,31.49,-0.4,2.29,9.74,0,0.0,0.0,0.0,0.0,0.0,0,-0.11,0.97,812.4,-0.01,812.39,False,True,True,False,True,True,False,True,True,True,True,False,False,False,False,False,False,False,False,False,False,False,False,False
101329,STATE_INIT,9.798,-1.16,10.92,14.65,-1.87,-0.21,9.56,0.06,-0.12,0.06,5.87,10.37,-37.25,0.919,31.38,-0.32,2.34,9.78,0,0.0,0.0,0.0,0.0,0.0,0,-0.05,0.98,812.43,0.0,812.48,False,True,True,False,True,True,False,True,True,True,True,False,False,False,False,False,False,False,False,False,False,False,False,False
101329,STATE_INIT,9.798,-1.16,10.92,14.65,-1.87,-0.21,9.56,0.06,-0.12,0.06,5.87,10.37,-37.25,0.919,31.38,-0.32,2.34,9.78,0,0.0,0.0,0.0,0.0,0.0,0,-0.05,0.98,812.43,0.0,812.48,False,True,True,False,True,True,False,True,True,True,True,False,False,False,False,False,False,False,False,False,False,False,False,False
101329,STATE_INIT,9.798,-1.16,10.92,14.65,-1.87,-0.21,9.56,0.06,-0.12,0.06,5.87,10.37,-37.25,0.919,31.38,-0.32,2.34,9.78,0,0.0,0.0,0.0,0.0,0.0,0,-0.05,0.98,812.43,0.0,812.48,False,True,True,False,True,True,False,True,True,True,True,False,False,False,False,False,False,False,False,False,False,False,False,False
101530,STATE_INIT,9.798,-1.17,10.91,14.65,-1.83,-0.17,9.62,0.0,0.75,-0.06,6.25,12.25,-42.25,0.919,31.43,-0.27,2.31,9.74,0,0.0,0.0,0.0,0.0,0.0,0,-0.08,0.97,812.44,0.0,812.57,False,True,True,False,True,True,False,True,True,True,True,False,False,False,False,False,False,False,False,False,False,False,False,False
101530,STATE_INIT,9.798,-1.17,10.91,14.65,-1.83,-0.17,9.62,0.0,0.75,-0.06,6.25,12.25,-42.25,0.919,31.43,-0.27,2.31,9.74,0,0.0,0.0,0.0,0.0,0.0,0,-0.08,0.97,812.44,0.0,812.57,False,True,True,False,True,True,False,True,True,True,True,False,False,False,False,False,False,False,False,False,False,False,False,False
101630,STATE_INIT,9.767,-1.17,10.91,14.65,-1.86,-0.19,9.54,0.18,-0.06,0.18,6.68,9.18,-38.06,0.919,31.54,-0.46,2.24,9.65,0,0.0,0.0,0.0,0.0,0.0,0,-0.05,0.97,812.45,0.0,812.39,False,True,True,False,True,True,False,True,True,True,True,False,False,False,False,False,False,False,False,False,False,False,False,False
101630,STATE_INIT,9.767,-1.17,10.91,14.65,-1.86,-0.19,9.54,0.18,-0.06,0.18,6.68,9.18,-38.06,0.919,31.54,-0.46,2.24,9.65,0,0.0,0.0,0.0,0.0,0.0,0,-0.05,0.97,812.45,0.0,812.39,False,True,True,False,True,True,False,True,True,True,True,False,False,False,False,False,False,False,False,False,False,False,False,False
101931,STATE_INIT,9.798,-1.18,10.91,14.66,-1.84,-0.17,9.6,-0.06,-0.06,0.06,6.68,9.56,-37.68,0.919,31.54,-0.4,2.16,9.72,0,0.0,0.0,0.0,0.0,0.0,0,-0.02,0.97,812.43,0.0,812.21,False,True,True,False,True,True,False,True,True,True,True,False,False,False,False,False,False,False,False,False,False,False,False,False
102030,STATE_INIT,9.775,-1.18,10.91,14.66,-1.85,-0.18,9.55,0.31,-0.31,0.0,7.0,9.18,-37.68,0.919,31.59,-0.34,2.17,9.73,0,0.0,0.0,0.0,0.0,0.0,0,-0.01,0.97,812.43,0.0,812.39,False,True,True,False,True,True,False,True,True,True,True,False,False,False,False,False,False,False,False,False,False,False,False,False
102231,STATE_INIT,9.798,-1.2,10.91,14.63,-1.88,-0.23,9.53,-0.18,-0.81,-1.12,5.87,9.18,-38.06,0.919,31.49,-0.64,2.16,9.69,0,0.0,0.0,0.0,0.0,0.0,0,-0.08,0.97,812.43,0.0,812.03,False,True,True,False,True,True,False,True,True,True,True,False,False,False,False,False,False,False,False,False,False,False,False,False
102231,STATE_INIT,9.798,-1.2,10.91,14.63,-1.88,-0.23,9.53,-0.18,-0.81,-1.12,5.87,9.18,-38.06,0.919,31.49,-0.64,2.16,9.69,0,0.0,0.0,0.0,0.0,0.0,0,-0.08,0.97,812.43,0.0,812.03,False,True,True,False,True,True,False,True,True,True,True,False,False,False,False,False,False,False,False,False,False,False,False,False
102231,STATE_INIT,9.798,-1.2,10.91,14.63,-1.88,-0.23,9.53,-0.18,-0.81,-1.12,5.87,9.18,-38.06,0.919,31.49,-0.64,2.16,9.69,0,0.0,0.0,0.0,0.0,0.0,0,-0.08,0.97,812.43,0.0,812.03,False,True,True,False,True,True,False,True,True,True,True,False,False,False,False,False,False,False,False,False,False,False,False,False
102231,STATE_INIT,9.798,-1.2,10.91,14.63,-1.88,-0.23,9.53,-0.18,-0.81,-1.12,5.87,9.18,-38.06,0.919,31.49,-0.64,2.16,9.69,0,0.0,0.0,0.0,0.0,0.0,0,-0.08,0.97,812.43,0.0,812.03,False,True,True,False,True,True,False,True,True,True,True,False,False,False,False,False,False,False,False,False,False,False,False,False
102430,STATE_INIT,9.767,-1.29,10.85,14.34,-1.85,-0.33,9.58,-0.68,0.43,-1.62,6.87,9.56,-38.18,0.919,31.54,-1.42,2.28,9.98,0,0.0,0.0,0.0,0.0,0.0,0,-0.03,1.02,812.43,0.0,812.21,False,True,True,False,True,True,False,True,True,True,True,False,False,False,False,False,False,False,False,False,False,False,False,False
102529,STATE_INIT,9.767,-1.34,10.75,13.79,-2.03,-0.31,9.72,-0.75,2.25,-2.06,6.18,8.87,-38.5,0.919,31.38,-0.45,2.16,9.83,0,0.0,0.0,0.0,0.0,0.0,0,0.12,0.98,812.43,0.0,812.12,False,True,True,False,True,True,False,True,True,True,True,False,False,False,False,False,False,False,False,False,False,False,False,False
102728,STATE_INIT,9.798,-2.3,10.19,13.86,-1.6,-0.24,9.81,-12.06,-6.81,-8.87,5.68,9.25,-37.25,0.919,31.54,0.49,4.27,10.63,0,0.0,0.0,0.0,0.0,0.0,0,0.14,1.04,812.43,0.0,812.57,False,True,True,False,True,True,False,True,True,True,True,False,False,False,False,False,False,False,False,False,False,False,False,False
102728,STATE_INIT,9.798,-2.3,10.19,13.86,-1.6,-0.24,9.81,-12.06,-6.81,-8.87,5.68,9.25,-37.25,0.919,31.54,0.49,4.27,10.63,0,0.0,0.0,0.0,0.0,0.0,0,0.14,1.04,812.43,0.0,812.57,False,True,True,False,True,True,False,True,True,True,True,False,False,False,False,False,False,False,False,False,False,False,False,False
102728,STATE_INIT,9.798,-2.3,10.19,13.86,-1.6,-0.24,9.81,-12.06,-6.81,-8.87,5.68,9.25,-37.25,0.919,31.54,0.49,4.27,10.63,0,0.0,0.0,0.0,0.0,0.0,0,0.14,1.04,812.43,0.0,812.57,False,True,True,False,True,True,False,True,True,True,True,False,False,False,False,False,False,False,False,False,False,False,False,False
102728,STATE_INIT,9.798,-2.3,10.19,13.86,-1.6,-0.24,9.81,-12.06,-6.81,-8.87,5.68,9.25,-37.25,0.919,31.54,0.49,4.27,10.63,0,0.0,0.0,0.0,0.0,0.0,0,0.14,1.04,812.43,0.0,812.57,False,True,True,False,True,True,False,True,True,True,True,False,False,False,False,False,False,False,False,False,False,False,False,False
102728,STATE_INIT,9.798,-2.3,10.19,13.86,-1.6,-0.24,9.81,-12.06,-6.81,-8.87,5.68,9.25,-37.25,0.919,31.54,0.49,4.27,10.63,0,0.0,0.0,0.0,0.0,0.0,0,0.14,1.04,812.43,0.0,812.57,False,True,True,False,True,True,False,True,True,True,True,False,False,False,False,False,False,False,False,False,False,False,False,False
102728,STATE_INIT,9.798,-2.3,10.19,13.86,-1.6,-0.24,9.81,-12.06,-6.81,-8.87,5.68,9.25,-37.25,0.919,31.54,0.49,4.27,10.63,0,0.0,0.0,0.0,0.0,0.0,0,0.14,1.04,812.43,0.0,812.57,False,True,True,False,True,True,False,True,True,True,True,False,False,False,False,False,False,False,False,False,False,False,False,False
102928,STATE_INIT,9.798,-2.29,10.23,14.03,-1.65,-0.3,9.68,-0.62,-0.37,2.37,6.18,11.37,-38.25,0.919,31.43,-0.61,2.2,9.8,0,0.0,0.0,0.0,0.0,0.0,0,0.03,0.98,812.43,0.0,812.21,False,True,True,False,True,True,False,True,True,True,True,False,False,False,False,False,False,False,False,False,False,False,False,False
102928,STATE_INIT,9.798,-2.29,10.23,14.03,-1.65,-0.3,9.68,-0.62,-0.37,2.37,6.18,11.37,-38.25,0.919,31.43,-0.61,2.2,9.8,0,0.0,0.0,0.0,0.0,0.0,0,0.03,0.98,812.43,0.0,812.21,False,True,True,False,True,True,False,True,True,True,True,False,False,False,False,False,False,False,False,False,False,False,False,False
102928,STATE_INIT,9.798,-2.29,10.23,14.03,-1.65,-0.3,9.68,-0.62,-0.37,2.37,6.18,11.37,-38.25,0.919,31.43,-0.61,2.2,9.8,0,0.0,0.0,0.0,0.0,0.0,0,0.03,0.98,812.43,0.0,812.21,False,True,True,False,True,True,False,True,True,True,True,False,False,False,False,False,False,False,False,False,False,False,False,False
103128,STATE_INIT,9.798,-1.88,9.5,13.67,-1.57,-0.31,9.85,16.37,-19.37,-8.87,5.37,12.68,-41.18,0.919,31.59,-0.64,2.2,9.84,0,0.0,0.0,0.0,0.0,0.0,0,0.18,0.99,812.41,0.0,811.94,False,True,True,False,True,True,False,True,True,True,True,False,False,False,False,False,False,False,False,False,False,False,False,False
103228,STATE_INIT,9.798,0.76,6.11,13.65,-1.09,-0.4,9.6,30.5,-36.43,7.31,6.0,8.37,-40.37,0.919,31.64,0.23,1.3,9.72,0,0.0,0.0,0.0,0.0,0.0,0,0.2,0.98,812.41,0.03,812.75,False,True,True,False,True,True,False,True,True,True,True,False,False,False,False,False,False,False,False,False,False,False,False,False
103228,STATE_INIT,9.798,0.76,6.11,13.65,-1.09,-0.4,9.6,30.5,-36.43,7.31,6.0,8.37,-40.37,0.919,31.64,0.23,1.3,9.72,0,0.0,0.0,0.0,0.0,0.0,0,0.2,0.98,812.41,0.03,812.75,False,True,True,False,True,True,False,True,True,True,True,False,False,False,False,False,False,False,False,False,False,False,False,False
103429,STATE_INIT,9.798,1.09,-3.39,11.89,-0.29,0.83,8.89,-2.81,-32.43,-11.68,-0.25,8.75,-42.68,0.919,31.54,0.6,0.4,8.78,0,0.0,0.0,0.0,0.0,0.0,0,-0.87,0.89,812.46,0.0,812.66,False,True,True,False,True,True,False,True,True,True,True,False,False,False,False,False,False,False,False,False,False,False,False,False
103429,STATE_INIT,9.798,1.09,-3.39,11.89,-0.29,0.83,8.89,-2.81,-32.43,-11.68,-0.25,8.75,-42.68,0.919,31.54,0.6,0.4,8.78,0,0.0,0.0,0.0,0.0,0.0,0,-0.87,0.89,812.46,0.0,812.66,False,True,True,False,True,True,False,True,True,True,True,False,False,False,False,False,False,False,False,False,False,False,False,False
103429,STATE_INIT,9.798,1.09,-3.39,11.89,-0.29,0.83,8.89,-2.81,-32.43,-11.68,-0.25,8.75,-42.68,0.919,31.54,0.6,0.4,8.78,0,0.0,0.0,0.0,0.0,0.0,0,-0.87,0.89,812.46,0.0,812.66,False,True,True,False,True,True,False,True,True,True,True,False,False,False,False,False,False,False,False,False,False,False,False,False
103429,STATE_INIT,9.798,1.09,-3.39,11.89,-0.29,0.83,8.89,-2.81,-32.43,-11.68,-0.25,8.75,-42.68,0.919,31.54,0.6,0.4,8.78,0,0.0,0.0,0.0,0.0,0.0,0,-0.87,0.89,812.46,0.0,812.66,False,True,True,False,True,True,False,True,True,True,True,False,False,False,False,False,False,False,False,False,False,False,False,False
103429,STATE_INIT,9.798,1.09,-3.39,11.89,-0.29,0.83,8.89,-2.81,-32.43,-11.68,-0.25,8.75,-42.68,0.919,31.54,0.6,0.4,8.78,0,0.0,0.0,0.0,0.0,0.0,0,-0.87,0.89,812.46,0.0,812.66,False,True,True,False,True,True,False,True,True,True,True,False,False,False,False,False,False,False,False,False,False,False,False,False
103729,STATE_INIT,9.767,0.78,7.1,13.16,0.06,-0.37,9.51,-67.37,45.25,-4.68,6.06,7.5,-43.18,0.919,31.54,0.0,3.59,16.59,0,0.0,0.0,0.0,0.0,0.0,0,-2.92,1.68,812.45,-0.14,812.84,False,True,True,False,True,True,False,True,True,True,True,False,False,False,False,False,False,False,False,False,False,False,False,False
103830,STATE_INIT,9.79,-1.65,8.35,12.47,-1.94,-0.44,10.68,-28.06,9.56,-3.0,8.5,13.68,-44.18,0.919,31.28,-0.38,1.7,8.71,0,0.0,0.0,0.0,0.0,0.0,0,2.25,0.88,812.46,-0.03,812.66,False,True,True,False,True,True,False,True,True,True,True,False,False,False,False,False,False,False,False,False,False,False,False,False
103830,STATE_INIT,9.79,-1.65,8.35,12.47,-1.94,-0.44,10.68,-28.06,9.56,-3.0,8.5,13.68,-44.18,0.919,31.28,-0.38,1.7,8.71,0,0.0,0.0,0.0,0.0,0.0,0,2.25,0.88,812.46,-0.03,812.66,False,True,True,False,True,True,False,True,True,True,True,False,False,False,False,False,False,False,False,False,False,False,False,False
103830,STATE_INIT,9.79,-1.65,8.35,12.47,-1.94,-0.44,10.68,-28.06,9.56,-3.0,8.5,13.68,-44.18,0.919,31.28,-0.38,1.7,8.71,0,0.0,0.0,0.0,0.0,0.0,0,2.25,0.88,812.46,-0.03,812.66,False,True,True,False,True,True,False,True,True,True,True,False,False,False,False,False,False,False,False,False,False,False,False,False
104030,STATE_INIT,9.798,-1.53,8.35,12.47,-1.46,-0.24,9.58,0.06,0.06,0.0,7.87,10.87,-41.18,0.919,31.64,-0.37,1.9,9.78,0,0.0,0.0,0.0,0.0,0.0,0,0.01,0.98,812.44,-0.02,812.03,False,True,True,False,True,True,False,True,True,True,True,False,False,False,False,False,False,False,False,False,False,False,False,False
104030,STATE_INIT,9.798,-1.53,8.35,12.47,-1.46,-0.24,9.58,0.06,0.06,0.0,7.87,10.87,-41.18,0.919,31.64,-0.37,1.9,9.78,0,0.0,0.0,0.0,0.0,0.0,0,0.01,0.98,812.44,-0.02,812.03,False,True,True,False,True,True,False,True,True,True,True,False,False,False,False,False,False,False,False,False,False,False,False,False
104130,STATE_INIT,9.767,-1.54,8.36,12.47,-1.45,-0.25,9.6,-0.5,0.31,0.0,8.18,10.5,-41.56,0.919,31.54,-0.4,1.92,9.76,0,0.0,0.0,0.0,0.0,0.0,0,0.01,0.98,812.45,-0.01,812.21,False,True,True,False,True,True,False,True,True,True,True,False,False,False,False,False,False,False,False,False,False,False,False,False
104130,STATE_INIT,9.767,-1.54,8.36,12.47,-1.45,-0.25,9.6,-0.5,0.31,0.0,8.18,10.5,-41.56,0.919,31.54,-0.4,1.92,9.76,0,0.0,0.0,0.0,0.0,0.0,0,0.01,0.98,812.45,-0.01,812.21,False,True,True,False,True,True,False,True,True,True,True,False,False,False,False,False,False,False,False,False,False,False,False,False
104330,STATE_INIT,9.79,-1.55,8.38,12.47,-1.53,-0.27,9.62,-0.25,0.0,-0.06,8.18,10.06,-41.56,0.919,31.54,-0.43,1.9,9.63,0,0.0,0.0,0.0,0.0,0.0,0,0.04,0.97,812.47,0.0,812.39,False,True,True,False,True,True,False,True,True,True,True,False,False,False,False,False,False,False,False,False,False,False,False,False
104330,STATE_INIT,9.79,-1.55,8.38,12.47,-1.53,-0.27,9.62,-0.25,0.0,-0.06,8.18,10.06,-41.56,0.919,31.54,-0.43,1.9,9.63,0,0.0,0.0,0.0,0.0,0.0,0,0.04,0.97,812.47,0.0,812.39,False,True,True,False,True,True,False,True,True,True,True,False,False,False,False,False,False,False,False,False,False,False,False,False
104530,STATE_INIT,9.798,-1.57,8.4,12.47,-1.54,-0.23,9.57,0.37,0.25,-0.06,8.18,10.5,-41.18,0.919,31.54,-0.43,1.87,9.74,0,0.0,0.0,0.0,0.0,0.0,0,-0.1,0.98,812.47,0.0,812.21,False,True,True,False,True,True,False,True,True,True,True,False,False,False,False,False,False,False,False,False,False,False,False,False
104829,STATE_INIT,9.798,-1.56,8.42,12.47,-1.44,-0.24,9.6,0.0,-0.06,0.06,8.18,10.5,-42.37,0.919,31.49,-0.38,1.86,9.73,0,0.0,0.0,0.0,0.0,0.0,0,-0.07,0.98,812.44,-0.02,812.12,False,True,True,False,True,True,False,True,True,True,True,False,False,False,False,False,False,False,False,False,False,False,False,False
104829,STATE_INIT,9.798,-1.56,8.42,12.47,-1.44,-0.24,9.6,0.0,-0.06,0.06,8.18,10.5,-42.37,0.919,31.49,-0.38,1.86,9.73,0,0.0,0.0,0.0,0.0,0.0,0,-0.07,0.98,812.44,-0.02,812.12,False,True,True,False,True,True,False,True,True,True,True,False,False,False,False,False,False,False,False,False,False,False,False,False
105028,STATE_INIT,9.798,-1.56,8.42,12.47,-1.45,-0.23,9.64,-0.18,-0.06,0.0,8.18,10.87,-41.18,0.919,31.54,-0.43,1.92,9.75,0,0.0,0.0,0.0,0.0,0.0,0,-0.03,0.98,812.43,-0.02,812.57,False,True,True,False,True,True,False,True,True,True,True,False,False,False,False,False,False,False,False,False,False,False,False,False
105128,STATE_INIT,9.767,-1.56,8.42,12.47,-1.44,-0.22,9.64,-0.43,0.25,-0.25,7.5,11.56,-41.18,0.919,31.43,-0.35,1.73,9.76,0,0.0,0.0,0.0,0.0,0.0,0,-0.03,0.98,812.41,-0.03,812.21,False,True,True,False,True,True,False,True,True,True,True,False,False,False,False,False,False,False,False,False,False,False,False,False
105228,STATE_INIT,9.798,-1.56,8.42,12.47,-1.48,-0.23,9.68,-0.5,-0.18,-0.06,8.56,11.56,-42.37,0.919,31.43,-0.43,1.93,9.7,0,0.0,0.0,0.0,0.0,0.0,0,0.0,0.98,812.41,-0.03,812.3,False,True,True,False,True,True,False,True,True,True,True,False,False,False,False,False,False,False,False,False,False,False,False,False
105929,STATE_INIT,9.805,-1.56,8.41,12.47,-1.48,-0.27,9.66,0.12,0.06,0.12,8.56,10.37,-41.5,0.919,31.33,-0.48,1.93,9.73,0,0.0,0.0,0.0,0.0,0.0,0,-0.04,0.98,812.38,-0.04,812.39,False,True,True,False,True,True,False,True,True,True,True,False,False,False,False,False,False,False,False,False,False,False,False,False
105929,STATE_INIT,9.805,-1.56,8.41,12.47,-1.48,-0.27,9.66,0.12,0.06,0.12,8.56,10.37,-41.5,0.919,31.33,-0.48,1.93,9.73,0,0.0,0.0,0.0,0.0,0.0,0,-0.04,0.98,812.38,-0.04,812.39,False,True,True,False,True,True,False,True,True,True,True,False,False,False,False,False,False,False,False,False,False,False,False,False
105929,STATE_INIT,9.805,-1.56,8.41,12.47,-1.48,-0.27,9.66,0.12,0.06,0.12,8.56,10.37,-41.5,0.919,31.33,-0.48,1.93,9.73,0,0.0,0.0,0.0,0.0,0.0,0,-0.04,0.98,812.38,-0.04,812.39,False,True,True,False,True,True,False,True,True,True,True,False,False,False,False,False,False,False,False,False,False,False,False,False
106230,STATE_INIT,9.767,-1.56,8.41,12.47,-1.5,-0.23,9.58,0.0,0.25,-0.06,9.0,10.5,-42.37,0.919,31.38,-0.37,1.92,9.88,0,0.0,0.0,0.0,0.0,0.0,0,-0.03,0.99,812.38,-0.03,812.66,False,True,True,False,True,True,False,True,True,True,True,False,False,False,False,False,False,False,False,False,False,False,False,False
106431,STATE_INIT,9.798,-1.56,8.41,12.47,-1.48,-0.23,9.68,0.18,-0.12,0.12,8.56,10.5,-41.56,0.919,31.43,-0.35,1.92,9.84,0,0.0,0.0,0.0,0.0,0.0,0,-0.08,0.99,812.39,-0.03,812.12,False,True,True,False,True,True,False,True,True,True,True,False,False,False,False,False,False,False,False,False,False,False,False,False
106431,STATE_INIT,9.798,-1.56,8.41,12.47,-1.48,-0.23,9.68,0.18,-0.12,0.12,8.56,10.5,-41.56,0.919,31.43,-0.35,1.92,9.84,0,0.0,0.0,0.0,0.0,0.0,0,-0.08,0.99,812.39,-0.03,812.12,False,True,True,False,True,True,False,True,True,True,True,False,False,False,False,False,False,False,False,False,False,False,False,False
106630,STATE_INIT,9.798,-1.56,8.41,12.47,-1.53,-0.25,9.6,0.18,0.0,0.12,7.87,10.5,-40.75,0.919,31.38,-0.4,1.87,9.8,0,0.0,0.0,0.0,0.0,0.0,0,-0.03,0.98,812.38,-0.03,812.48,False,True,True,False,True,True,False,True,True,True,True,False,False,False,False,False,False,False,False,False,False,False,False,False
106630,STATE_INIT,9.798,-1.56,8.41,12.47,-1.53,-0.25,9.6,0.18,0.0,0.12,7.87,10.5,-40.75,0.919,31.38,-0.4,1.87,9.8,0,0.0,0.0,0.0,0.0,0.0,0,-0.03,0.98,812.38,-0.03,812.48,False,True,True,False,True,True,False,True,True,True,True,False,False,False,False,False,False,False,False,False,False,False,False,False
106630,STATE_INIT,9.798,-1.56,8.41,12.47,-1.53,-0.25,9.6,0.18,0.0,0.12,7.87,10.5,-40.75,0.919,31.38,-0.4,1.87,9.8,0,0.0,0.0,0.0,0.0,0.0,0,-0.03,0.98,812.38,-0.03,812.48,False,True,True,False,True,True,False,True,True,True,True,False,False,False,False,False,False,False,False,False,False,False,False,False
106630,STATE_INIT,9.798,-1.56,8.41,12.47,-1.53,-0.25,9.6,0.18,0.0,0.12,7.87,10.5,-40.75,0.919,31.38,-0.4,1.87,9.8,0,0.0,0.0,0.0,0.0,0.0,0,-0.03,0.98,812.38,-0.03,812.48,False,True,True,False,True,True,False,True,True,True,True,False,False,False,False,False,False,False,False,False,False,False,False,False
107428,STATE_INIT,9.767,-1.56,8.41,12.47,-1.52,-0.27,9.64,0.06,-0.18,0.25,8.18,9.37,-41.56,0.919,31.54,-0.38,1.78,9.84,0,0.0,0.0,0.0,0.0,0.0,0,-0.02,0.99,812.4,-0.02,812.39,False,True,True,False,True,True,False,True,True,True,True,False,False,False,False,False,False,False,False,False,False,False,False,False
107428,STATE_INIT,9.767,-1.56,8.41,12.47,-1.52,-0.27,9.64,0.06,-0.18,0.25,8.18,9.37,-41.56,0.919,31.54,-0.38,1.78,9.84,0,0.0,0.0,0.0,0.0,0.0,0,-0.02,0.99,812.4,-0.02,812.39,False,True,True,False,True,True,False,True,True,True,True,False,False,False,False,False,False,False,False,False,False,False,False,False
107428,STATE_INIT,9.767,-1.56,8.41,12.47,-1.52,-0.27,9.64,0.06,-0.18,0.25,8.18,9.37,-41.56,0.919,31.54,-0.38,1.78,9.84,0,0.0,0.0,0.0,0.0,0.0,0,-0.02,0.99,812.4,-0.02,812.39,False,True,True,False,True,True,False,True,True,True,True,False,False,False,False,False,False,False,False,False,False,False,False,False
107628,STATE_INIT,9.798,-1.56,8.41,12.47,-1.49,-0.28,9.64,-0.06,-0.06,0.0,8.18,11.56,-41.56,0.919,31.38,-0.46,1.86,9.83,0,0.0,0.0,0.0,0.0,0.0,0,-0.04,0.99,812.41,-0.01,812.66,False,True,True,False,True,True,False,True,True,True,True,False,False,False,False,False,False,False,False,False,False,False,False,False
107628,STATE_INIT,9.798,-1.56,8.41,12.47,-1.49,-0.28,9.64,-0.06,-0.06,0.0,8.18,11.56,-41.56,0.919,31.38,-0.46,1.86,9.83,0,0.0,0.0,0.0,0.0,0.0,0,-0.04,0.99,812.41,-0.01,812.66,False,True,True,False,True,True,False,True,True,True,True,False,False,False,False,False,False,False,False,False,False,False,False,False
108029,STATE_INIT,9.798,-1.56,8.41,12.47,-1.49,-0.28,9.6,0.18,0.12,0.0,7.87,10.06,-41.18,0.919,31.43,-0.32,1.95,9.78,0,0.0,0.0,0.0,0.0,0.0,0,-0.02,0.98,812.41,-0.01,811.94,False,True,True,False,True,True,False,True,True,True,True,False,False,False,False,False,False,False,False,False,False,False,False,False
108029,STATE_INIT,9.798,-1.56,8.41,12.47,-1.49,-0.28,9.6,0.18,0.12,0.0,7.87,10.06,-41.18,0.919,31.43,-0.32,1.95,9.78,0,0.0,0.0,0.0,0.0,0.0,0,-0.02,0.98,812.41,-0.01,811.94,False,True,True,False,True,True,False,True,True,True,True,False,False,False,False,False,False,False,False,False,False,False,False,False
108229,STATE_INIT,9.805,-1.56,8.41,12.47,-1.45,-0.26,9.64,0.06,-0.18,0.06,7.87,10.87,-42.37,0.919,31.43,-0.35,1.87,9.82,0,0.0,0.0,0.0,0.0,0.0,0,-0.05,0.99,812.41,0.0,812.48,False,True,True,False,True,True,False,True,True,True,True,False,False,False,False,False,False,False,False,False,False,False,False,False
108229,STATE_INIT,9.805,-1.56,8.41,12.47,-1.45,-0.26,9.64,0.06,-0.18,0.06,7.87,10.87,-42.37,0.919,31.43,-0.35,1.87,9.82,0,0.0,0.0,0.0,0.0,0.0,0,-0.05,0.99,812.41,0.0,812.48,False,True,True,False,True,True,False,True,True,True,True,False,False,False,False,False,False,False,False,False,False,False,False,False
108229,STATE_INIT,9.805,-1.56,8.41,12.47,-1.45,-0.26,9.64,0.06,-0.18,0.06,7.87,10.87,-42.37,0.919,31.43,-0.35,1.87,9.82,0,0.0,0.0,0.0,0.0,0.0,0,-0.05,0.99,812.41,0.0,812.48,False,True,True,False,True,True,False,True,True,True,True,False,False,False,False,False,False,False,False,False,False,False,False,False
108229,STATE_INIT,9.805,-1.56,8.41,12.47,-1.45,-0.26,9.64,0.06,-0.18,0.06,7.87,10.87,-42.37,0.919,31.43,-0.35,1.87,9.82,0,0.0,0.0,0.0,0.0,0.0,0,-0.05,0.99,812.41,0.0,812.48,False,True,True,False,True,True,False,True,True,True,True,False,False,False,False,False,False,False,False,False,False,False,False,False
108229,STATE_INIT,9.805,-1.56,8.41,12.47,-1.45,-0.26,9.64,0.06,-0.18,0.06,7.87,10.87,-42.37,0.919,31.43,-0.35,1.87,9.82,0,0.0,0.0,0.0,0.0,0.0,0,-0.05,0.99,812.41,0.0,812.48,False,True,True,False,True,True,False,True,True,True,True,False,False,False,False,False,False,False,False,False,False,False,False,False
108330,STATE_INIT,9.767,-1.56,8.41,12.47,-1.5,-0.25,9.63,0.06,-0.31,0.06,7.5,11.18,-42.0,0.919,31.43,-0.38,1.93,9.83,0,0.0,0.0,0.0,0.0,0.0,0,-0.04,0.99,812.41,0.0,812.21,False,True,True,False,True,True,False,True,True,True,True,False,False,False,False,False,False,False,False,False,False,False,False,False
108330,STATE_INIT,9.767,-1.56,8.41,12.47,-1.5,-0.25,9.63,0.06,-0.31,0.06,7.5,11.18,-42.0,0.919,31.43,-0.38,1.93,9.83,0,0.0,0.0,0.0,0.0,0.0,0,-0.04,0.99,812.41,0.0,812.21,False,True,True,False,True,True,False,True,True,True,True,False,False,False,False,False,False,False,False,False,False,False,False,False
108530,STATE_INIT,9.79,-1.56,8.41,12.47,-1.5,-0.26,9.6,-0.06,0.06,-0.12,7.87,10.5,-41.56,0.919,31.38,-0.43,1.9,9.85,0,0.0,0.0,0.0,0.0,0.0,0,-0.05,0.99,812.41,0.0,812.57,False,True,True,False,True,True,False,True,True,True,True,False,False,False,False,False,False,False,False,False,False,False,False,False
108530,STATE_INIT,9.79,-1.56,8.41,12.47,-1.5,-0.26,9.6,-0.06,0.06,-0.12,7.87,10.5,-41.56,0.919,31.38,-0.43,1.9,9.85,0,0.0,0.0,0.0,0.0,0.0,0,-0.05,0.99,812.41,0.0,812.57,False,True,True,False,True,True,False,True,True,True,True,False,False,False,False,False,False,False,False,False,False,False,False,False
108730,STATE_INIT,9.798,-1.56,8.41,12.47,-1.46,-0.25,9.62,0.12,-0.06,0.06,7.87,10.5,-40.75,0.919,31.49,-0.45,1.84,9.76,0,0.0,0.0,0.0,0.0,0.0,0,-0.06,0.98,812.42,0.0,812.3,False,True,True,False,True,True,False,True,True,True,True,False,False,False,False,False,False,False,False,False,False,False,False,False
108931,STATE_INIT,9.798,-1.56,8.41,12.47,-1.48,-0.26,9.63,0.06,0.0,-0.06,8.18,10.5,-40.75,0.919,31.38,-0.43,1.98,9.76,0,0.0,0.0,0.0,0.0,0.0,0,-0.08,0.98,812.41,0.0,812.3,False,True,True,False,True,True,False,True,True,True,True,False,False,False,False,False,False,False,False,False,False,False,False,False
108931,STATE_INIT,9.798,-1.56,8.41,12.47,-1.48,-0.26,9.63,0.06,0.0,-0.06,8.18,10.5,-40.75,0.919,31.38,-0.43,1.98,9.76,0,0.0,0.0,0.0,0.0,0.0,0,-0.08,0.98,812.41,0.0,812.3,False,True,True,False,True,True,False,True,True,True,True,False,False,False,False,False,False,False,False,False,False,False,False,False
109031,STATE_INIT,9.798,-1.56,8.41,12.47,-1.43,-0.26,9.63,0.12,-0.25,0.12,8.56,10.06,-42.37,0.919,31.43,-0.48,1.96,9.62,0,0.0,0.0,0.0,0.0,0.0,0,-0.05,0.97,812.42,0.0,812.66,False,True,True,False,True,True,False,True,True,True,True,False,False,False,False,False,False,False,False,False,False,False,False,False
109230,STATE_INIT,9.798,-1.56,8.41,12.47,-1.48,-0.21,9.62,0.31,-0.25,0.0,7.5,9.68,-41.18,0.919,31.43,-0.34,2.03,9.77,0,0.0,0.0,0.0,0.0,0.0,0,-0.05,0.98,812.42,0.0,812.3,False,True,True,False,True,True,False,True,True,True,True,False,False,False,False,False,False,False,False,False,False,False,False,False
109230,STATE_INIT,9.798,-1.56,8.41,12.47,-1.48,-0.21,9.62,0.31,-0.25,0.0,7.5,9.68,-41.18,0.919,31.43,-0.34,2.03,9.77,0,0.0,0.0,0.0,0.0,0.0,0,-0.05,0.98,812.42,0.0,812.3,False,True,True,False,True,True,False,True,True,True,True,False,False,False,False,False,False,False,False,False,False,False,False,False
109230,STATE_INIT,9.798,-1.56,8.41,12.47,-1.48,-0.21,9.62,0.31,-0.25,0.0,7.5,9.68,-41.18,0.919,31.43,-0.34,2.03,9.77,0,0.0,0.0,0.0,0.0,0.0,0,-0.05,0.98,812.42,0.0,812.3,False,True,True,False,True,True,False,True,True,True,True,False,False,False,False,False,False,False,False,False,False,False,False,False
109428,STATE_INIT,9.79,-1.56,8.41,12.47,-1.45,-0.32,9.84,-0.68,-0.93,-0.12,7.87,10.87,-42.0,0.919,31.43,-0.5,1.72,9.85,0,0.0,0.0,0.0,0.0,0.0,0,0.14,0.99,812.4,0.0,812.03,False,True,True,False,True,True,False,True,True,True,True,False,False,False,False,False,False,False,False,False,False,False,False,False
109428,STATE_INIT,9.79,-1.56,8.41,12.47,-1.45,-0.32,9.84,-0.68,-0.93,-0.12,7.87,10.87,-42.0,0.919,31.43,-0.5,1.72,9.85,0,0.0,0.0,0.0,0.0,0.0,0,0.14,0.99,812.4,0.0,812.03,False,True,True,False,True,True,False,True,True,True,True,False,False,False,False,False,False,False,False,False,False,False,False,False
109528,STATE_INIT,9.767,-1.55,8.43,12.47,-1.52,-0.25,9.57,0.5,0.87,-0.12,8.18,10.06,-42.37,0.919,31.49,-0.35,1.9,9.79,0,0.0,0.0,0.0,0.0,0.0,0,-0.1,0.98,812.41,0.0,812.57,False,True,True,False,True,True,False,True,True,True,True,False,False,False,False,False,False,False,False,False,False,False,False,False
109728,STATE_INIT,9.798,-1.55,8.43,12.47,-1.45,-0.26,9.68,0.0,-0.12,0.0,7.87,9.68,-42.87,0.919,31.43,-0.4,1.98,9.75,0,0.0,0.0,0.0,0.0,0.0,0,0.0,0.98,812.41,0.0,812.39,False,True,True,False,True,True,False,True,True,True,True,False,False,False,False,False,False,False,False,False,False,False,False,False
109728,STATE_INIT,9.798,-1.55,8.43,12.47,-1.45,-0.26,9.68,0.0,-0.12,0.0,7.87,9.68,-42.87,0.919,31.43,-0.4,1.98,9.75,0,0.0,0.0,0.0,0.0,0.0,0,0.0,0.98,812.41,0.0,812.39,False,True,True,False,True,True,False,True,True,True,True,False,False,False,False,False,False,False,False,False,False,False,False,False
109728,STATE_INIT,9.798,-1.55,8.43,12.47,-1.45,-0.26,9.68,0.0,-0.12,0.0,7.87,9.68,-42.87,0.919,31.43,-0.4,1.98,9.75,0,0.0,0.0,0.0,0.0,0.0,0,0.0,0.98,812.41,0.0,812.39,False,True,True,False,True,True,False,True,True,True,True,False,False,False,False,False,False,False,False,False,False,False,False,False
109828,STATE_INIT,9.767,-1.55,8.43,12.47,-1.6,-0.32,9.67,-0.06,0.12,-0.06,8.56,10.5,-43.68,0.919,31.43,-0.38,1.82,9.69,0,0.0,0.0,0.0,0.0,0.0,0,0.0,0.97,812.43,0.0,812.48,False,True,True,False,True,True,False,True,True,True,True,False,False,False,False,False,False,False,False,False,False,False,False,False
109828,STATE_INIT,9.767,-1.55,8.43,12.47,-1.6,-0.32,9.67,-0.06,0.12,-0.06,8.56,10.5,-43.68,0.919,31.43,-0.38,1.82,9.69,0,0.0,0.0,0.0,0.0,0.0,0,0.0,0.97,812.43,0.0,812.48,False,True,True,False,True,True,False,True,True,True,True,False,False,False,False,False,False,False,False,False,False,False,False,False
109928,STATE_INIT,9.782,-1.53,8.42,12.48,-1.55,-0.3,9.62,-0.25,0.31,-0.25,7.5,10.06,-42.5,0.919,31.43,-0.43,1.96,9.74,0,0.0,0.0,0.0,0.0,0.0,0,-0.04,0.98,812.41,0.0,812.3,False,True,True,False,True,True,False,True,True,True,True,False,False,False,False,False,False,False,False,False,False,False,False,False
109928,STATE_INIT,9.782,-1.53,8.42,12.48,-1.55,-0.3,9.62,-0.25,0.31,-0.25,7.5,10.06,-42.5,0.919,31.43,-0.43,1.96,9.74,0,0.0,0.0,0.0,0.0,0.0,0,-0.04,0.98,812.41,0.0,812.3,False,True,True,False,True,True,False,True,True,True,True,False,False,False,False,False,False,False,False,False,False,False,False,False
110128,STATE_INIT,9.798,-1.53,8.42,12.48,-1.52,-0.23,9.59,-0.12,-0.18,0.06,8.18,10.87,-41.56,0.919,31.54,-0.37,1.95,9.82,0,0.0,0.0,0.0,0.0,0.0,0,-0.04,0.99,812.42,0.0,812.3,False,True,True,False,True,True,False,True,True,True,True,False,False,False,False,False,False,False,False,False,False,False,False,False
110128,STATE_INIT,9.798,-1.53,8.42,12.48,-1.52,-0.23,9.59,-0.12,-0.18,0.06,8.18,10.87,-41.56,0.919,31.54,-0.37,1.95,9.82,0,0.0,0.0,0.0,0.0,0.0,0,-0.04,0.99,812.42,0.0,812.3,False,True,True,False,True,True,False,True,True,True,True,False,False,False,False,False,False,False,False,False,False,False,False,False
110128,STATE_INIT,9.798,-1.53,8.42,12.48,-1.52,-0.23,9.59,-0.12,-0.18,0.06,8.18,10.87,-41.56,0.919,31.54,-0.37,1.95,9.82,0,0.0,0.0,0.0,0.0,0.0,0,-0.04,0.99,812.42,0.0,812.3,False,True,True,False,True,True,False,True,True,True,True,False,False,False,False,False,False,False,False,False,False,False,False,False
110128,STATE_INIT,9.798,-1.53,8.42,12.48,-1.52,-0.23,9.59,-0.12,-0.18,0.06,8.18,10.87,-41.56,0.919,31.54,-0.37,1.95,9.82,0,0.0,0.0,0.0,0.0,0.0,0,-0.04,0.99,812.42,0.0,812.3,False,True,True,False,True,True,False,True,True,True,True,False,False,False,False,False,False,False,False,False,False,False,False,False
110128,STATE_INIT,9.798,-1.53,8.42,12.48,-1.52,-0.23,9.59,-0.12,-0.18,0.06,8.18,10.87,-41.56,0.919,31.54,-0.37,1.95,9.82,0,0.0,0.0,0.0,0.0,0.0,0,-0.04,0.99,812.42,0.0,812.3,False,True,True,False,True,True,False,True,True,True,True,False,False,False,False,False,False,False,False,False,False,False,False,False
110429,STATE_INIT,9.798,-1.53,8.42,12.48,-1.4,-0.24,9.66,0.0,-0.12,0.0,7.87,10.06,-42.37,0.919,31.54,-0.43,1.98,9.76,0,0.0,0.0,0.0,0.0,0.0,0,-0.04,0.98,812.39,0.0,812.21,False,True,True,False,True,True,False,True,True,True,True,False,False,False,False,False,False,False,False,False,False,False,False,False
110529,STATE_INIT,9.798,-1.53,8.42,12.48,-1.51,-0.26,9.64,-0.25,-0.06,0.06,7.5,13.5,-45.25,0.919,31.49,-0.46,1.87,9.83,0,0.0,0.0,0.0,0.0,0.0,0,-0.03,0.99,812.39,-0.01,812.03,False,True,True,False,True,True,False,True,True,True,True,False,False,False,False,False,False,False,False,False,False,False,False,False
110628,STATE_INIT,9.798,-1.53,8.42,12.48,-1.43,-0.31,9.64,0.37,0.0,-0.12,8.18,10.5,-43.18,0.919,31.49,-0.35,1.95,9.73,0,0.0,0.0,0.0,0.0,0.0,0,-0.07,0.98,812.39,0.0,812.3,False,True,True,False,True,True,False,True,True,True,True,False,False,False,False,False,False,False,False,False,False,False,False,False
110828,STATE_INIT,9.79,-1.53,8.42,12.48,-1.38,-0.26,9.64,0.18,-0.37,0.06,7.06,10.87,-41.56,0.919,31.33,-0.48,2.01,9.85,0,0.0,0.0,0.0,0.0,0.0,0,-0.05,0.99,812.4,0.0,812.48,False,True,True,False,True,True,False,True,True,True,True,False,False,False,False,False,False,False,False,False,False,False,False,False
110828,STATE_INIT,9.79,-1.53,8.42,12.48,-1.38,-0.26,9.64,0.18,-0.37,0.06,7.06,10.87,-41.56,0.919,31.33,-0.48,2.01,9.85,0,0.0,0.0,0.0,0.0,0.0,0,-0.05,0.99,812.4,0.0,812.48,False,True,True,False,True,True,False,True,True,True,True,False,False,False,False,False,False,False,False,False,False,False,False,False
110828,STATE_INIT,9.79,-1.53,8.42,12.48,-1.38,-0.26,9.64,0.18,-0.37,0.06,7.06,10.87,-41.56,0.919,31.33,-0.48,2.01,9.85,0,0.0,0.0,0.0,0.0,0.0,0,-0.05,0.99,812.4,0.0,812.48,False,True,True,False,True,True,False,True,True,True,True,False,False,False,False,False,False,False,False,False,False,False,False,False
110828,STATE_INIT,9.79,-1.53,8.42,12.48,-1.38,-0.26,9.64,0.18,-0.37,0.06,7.06,10.87,-41.56,0.919,31.33,-0.48,2.01,9.85,0,0.0,0.0,0.0,0.0,0.0,0,-0.05,0.99,812.4,0.0,812.48,False,True,True,False,True,True,False,True,True,True,True,False,False,False,False,False,False,False,False,False,False,False,False,False
111028,STATE_INIT,9.798,-1.53,8.42,12.48,-1.4,-0.24,9.67,0.0,-0.37,0.0,8.18,12.68,-43.56,0.919,31.54,-0.43,1.95,9.92,0,0.0,0.0,0.0,0.0,0.0,0,-0.02,1.0,812.4,0.0,812.03,False,True,True,False,True,True,False,True,True,True,True,False,False,False,False,False,False,False,False,False,False,False,False,False
111128,STATE_INIT,9.767,-1.53,8.42,12.48,-1.53,-0.19,9.57,0.68,-0.06,0.12,7.87,10.87,-42.0,0.919,31.54,-0.45,1.82,9.77,0,0.0,0.0,0.0,0.0,0.0,0,-0.1,0.98,812.38,0.0,812.21,False,True,True,False,True,True,False,True,True,True,True,False,False,False,False,False,False,False,False,False,False,False,False,False
111128,STATE_INIT,9.767,-1.53,8.42,12.48,-1.53,-0.19,9.57,0.68,-0.06,0.12,7.87,10.87,-42.0,0.919,31.54,-0.45,1.82,9.77,0,0.0,0.0,0.0,0.0,0.0,0,-0.1,0.98,812.38,0.0,812.21,False,True,True,False,True,True,False,True,True,True,True,False,False,False,False,False,False,False,False,False,False,False,False,False
111328,STATE_INIT,9.798,-1.53,8.42,12.48,-1.52,-0.23,9.57,0.31,0.06,-0.12,8.18,10.5,-40.75,0.919,31.38,-0.43,1.92,9.75,0,0.0,0.0,0.0,0.0,0.0,0,-0.1,0.98,812.37,-0.01,812.21,False,True,True,False,True,True,False,True,True,True,True,False,False,False,False,False,False,False,False,False,False,False,False,False
111328,STATE_INIT,9.798,-1.53,8.42,12.48,-1.52,-0.23,9.57,0.31,0.06,-0.12,8.18,10.5,-40.75,0.919,31.38,-0.43,1.92,9.75,0,0.0,0.0,0.0,0.0,0.0,0,-0.1,0.98,812.37,-0.01,812.21,False,True,True,False,True,True,False,True,True,True,True,False,False,False,False,False,False,False,False,False,False,False,False,False
112228,STATE_INIT,9.798,-1.52,8.44,12.47,-1.43,-0.21,9.6,0.12,0.06,-0.12,7.87,10.5,-42.0,0.919,31.38,-0.43,1.9,9.88,0,0.0,0.0,0.0,0.0,0.0,0,-0.08,0.99,812.36,-0.01,812.21,False,True,True,False,True,True,False,True,True,True,True,False,False,False,False,False,False,False,False,False,False,False,False,False
112228,STATE_INIT,9.798,-1.52,8.44,12.47,-1.43,-0.21,9.6,0.12,0.06,-0.12,7.87,10.5,-42.0,0.919,31.38,-0.43,1.9,9.88,0,0.0,0.0,0.0,0.0,0.0,0,-0.08,0.99,812.36,-0.01,812.21,False,True,True,False,True,True,False,True,True,True,True,False,False,False,False,False,False,False,False,False,False,False,False,False
112429,STATE_INIT,9.798,-1.52,8.44,12.47,-1.53,-0.3,9.66,-0.25,0.06,0.06,8.18,9.68,-41.5,0.919,31.54,-0.43,1.79,9.88,0,0.0,0.0,0.0,0.0,0.0,0,-0.03,0.99,812.38,0.0,812.48,False,True,True,False,True,True,False,True,True,True,True,False,False,False,False,False,False,False,False,False,False,False,False,False
112429,STATE_INIT,9.798,-1.52,8.44,12.47,-1.53,-0.3,9.66,-0.25,0.06,0.06,8.18,9.68,-41.5,0.919,31.54,-0.43,1.79,9.88,0,0.0,0.0,0.0,0.0,0.0,0,-0.03,0.99,812.38,0.0,812.48,False,True,True,False,True,True,False,True,True,True,True,False,False,False,False,False,False,False,False,False,False,False,False,False
112429,STATE_INIT,9.798,-1.52,8.44,12.47,-1.53,-0.3,9.66,-0.25,0.06,0.06,8.18,9.68,-41.5,0.919,31.54,-0.43,1.79,9.88,0,0.0,0.0,0.0,0.0,0.0,0,-0.03,0.99,812.38,0.0,812.48,False,True,True,False,True,True,False,True,True,True,True,False,False,False,False,False,False,False,False,False,False,False,False,False
112429,STATE_INIT,9.798,-1.52,8.44,12.47,-1.53,-0.3,9.66,-0.25,0.06,0.06,8.18,9.68,-41.5,0.919,31.54,-0.43,1.79,9.88,0,0.0,0.0,0.0,0.0,0.0,0,-0.03,0.99,812.38,0.0,812.48,False,True,True,False,True,True,False,True,True,True,True,False,False,False,False,False,False,False,False,False,False,False,False,False
112429,STATE_INIT,9.798,-1.52,8.44,12.47,-1.53,-0.3,9.66,-0.25,0.06,0.06,8.18,9.68,-41.5,0.919,31.54,-0.43,1.79,9.88,0,0.0,0.0,0.0,0.0,0.0,0,-0.03,0.99,812.38,0.0,812.48,False,True,True,False,True,True,False,True,True,True,True,False,False,False,False,False,False,False,False,False,False,False,False,False
112629,STATE_INIT,9.798,-1.52,8.44,12.47,-1.47,-0.27,9.59,-0.18,0.43,-0.06,7.87,13.06,-42.75,0.919,31.54,-0.45,1.98,9.85,0,0.0,0.0,0.0,0.0,0.0,0,-0.05,0.99,812.4,0.0,812.39,False,True,True,False,True,True,False,True,True,True,True,False,False,False,False,False,False,False,False,False,False,False,False,False
112930,STATE_INIT,9.798,-1.51,8.44,12.47,-1.48,-0.25,9.68,-0.81,-0.18,-0.18,7.87,10.87,-40.68,0.919,31.33,-0.43,1.76,10.01,0,0.0,0.0,0.0,0.0,0.0,0,-0.14,1.01,812.39,0.0,812.39,False,True,True,False,True,True,False,True,True,True,True,False,False,False,False,False,False,False,False,False,False,False,False,False
112930,STATE_INIT,9.798,-1.51,8.44,12.47,-1.48,-0.25,9.68,-0.81,-0.18,-0.18,7.87,10.87,-40.68,0.919,31.33,-0.43,1.76,10.01,0,0.0,0.0,0.0,0.0,0.0,0,-0.14,1.01,812.39,0.0,812.39,False,True,True,False,True,True,False,True,True,True,True,False,False,False,False,False,False,False,False,False,False,False,False,False
112930,STATE_INIT,9.798,-1.51,8.44,12.47,-1.48,-0.25,9.68,-0.81,-0.18,-0.18,7.87,10.87,-40.68,0.919,31.33,-0.43,1.76,10.01,0,0.0,0.0,0.0,0.0,0.0,0,-0.14,1.01,812.39,0.0,812.39,False,True,True,False,True,True,False,True,True,True,True,False,False,False,False,False,False,False,False,False,False,False,False,False
112930,STATE_INIT,9.798,-1.51,8.44,12.47,-1.48,-0.25,9.68,-0.81,-0.18,-0.18,7.87,10.87,-40.68,0.919,31.33,-0.43,1.76,10.01,0,0.0,0.0,0.0,0.0,0.0,0,-0.14,1.01,812.39,0.0,812.39,False,True,True,False,True,True,False,True,True,True,True,False,False,False,False,False,False,False,False,False,False,False,False,False
113130,STATE_INIT,9.805,-1.5,8.45,12.47,-1.35,-0.27,9.63,-0.18,-0.31,0.43,8.18,13.0,-43.18,0.919,31.49,-0.4,1.87,9.89,0,0.0,0.0,0.0,0.0,0.0,0,-0.05,0.99,812.41,0.01,812.39,False,True,True,False,True,True,False,True,True,True,True,False,False,False,False,False,False,False,False,False,False,False,False,False
113231,STATE_INIT,9.767,-1.49,8.45,12.47,-1.49,-0.2,9.55,0.68,0.31,-0.06,7.06,10.06,-40.37,0.919,31.43,-0.48,1.9,9.8,0,0.0,0.0,0.0,0.0,0.0,0,-0.17,0.99,812.39,0.0,812.03,False,True,True,False,True,True,False,True,True,True,True,False,False,False,False,False,False,False,False,False,False,False,False,False
113431,STATE_INIT,9.798,-1.49,8.45,12.47,-1.59,-0.29,9.7,-0.12,0.12,-0.18,9.0,10.5,-41.18,0.919,31.38,-0.43,1.93,9.63,0,0.0,0.0,0.0,0.0,0.0,0,-0.05,0.97,812.42,0.01,812.57,False,True,True,False,True,True,False,True,True,True,True,False,False,False,False,False,False,False,False,False,False,False,False,False
113630,STATE_INIT,9.798,-1.48,8.45,12.47,-1.51,-0.26,9.64,-0.31,-0.18,-0.12,7.5,10.06,-41.56,0.919,31.54,-0.4,1.79,9.6,0,0.0,0.0,0.0,0.0,0.0,0,-0.02,0.97,812.43,0.01,812.3,False,True,True,False,True,True,False,True,True,True,True,False,False,False,False,False,False,False,False,False,False,False,False,False
113630,STATE_INIT,9.798,-1.48,8.45,12.47,-1.51,-0.26,9.64,-0.31,-0.18,-0.12,7.5,10.06,-41.56,0.919,31.54,-0.4,1.79,9.6,0,0.0,0.0,0.0,0.0,0.0,0,-0.02,0.97,812.43,0.01,812.3,False,True,True,False,True,True,False,True,True,True,True,False,False,False,False,False,False,False,False,False,False,False,False,False
113630,STATE_INIT,9.798,-1.48,8.45,12.47,-1.51,-0.26,9.64,-0.31,-0.18,-0.12,7.5,10.06,-41.56,0.919,31.54,-0.4,1.79,9.6,0,0.0,0.0,0.0,0.0,0.0,0,-0.02,0.97,812.43,0.01,812.3,False,True,True,False,True,True,False,True,True,True,True,False,False,False,False,False,False,False,False,False,False,False,False,False
114028,STATE_INIT,9.828,-1.47,8.47,12.47,-1.47,-0.25,9.64,0.5,-0.06,0.18,9.0,11.18,-41.18,0.919,31.43,-0.43,1.84,9.75,0,0.0,0.0,0.0,0.0,0.0,0,-0.03,0.98,812.44,0.02,812.39,False,True,True,False,True,True,False,True,True,True,True,False,False,False,False,False,False,False,False,False,False,False,False,False
114028,STATE_INIT,9.828,-1.47,8.47,12.47,-1.47,-0.25,9.64,0.5,-0.06,0.18,9.0,11.18,-41.18,0.919,31.43,-0.43,1.84,9.75,0,0.0,0.0,0.0,0.0,0.0,0,-0.03,0.98,812.44,0.02,812.39,False,True,True,False,True,True,False,True,True,True,True,False,False,False,False,False,False,False,False,False,False,False,False,False
114028,STATE_INIT,9.828,-1.47,8.47,12.47,-1.47,-0.25,9.64,0.5,-0.06,0.18,9.0,11.18,-41.18,0.919,31.43,-0.43,1.84,9.75,0,0.0,0.0,0.0,0.0,0.0,0,-0.03,0.98,812.44,0.02,812.39,False,True,True,False,True,True,False,True,True,True,True,False,False,False,False,False,False,False,False,False,False,False,False,False
114328,STATE_INIT,9.798,-1.46,8.49,12.47,-1.54,-0.25,9.53,0.43,0.0,0.06,8.18,10.87,-41.56,0.919,31.54,-0.51,1.96,9.71,0,0.0,0.0,0.0,0.0,0.0,0,-0.13,0.98,812.44,0.02,812.66,False,True,True,False,True,True,False,True,True,True,True,False,False,False,False,False,False,False,False,False,False,False,False,False
114328,STATE_INIT,9.798,-1.46,8.49,12.47,-1.54,-0.25,9.53,0.43,0.0,0.06,8.18,10.87,-41.56,0.919,31.54,-0.51,1.96,9.71,0,0.0,0.0,0.0,0.0,0.0,0,-0.13,0.98,812.44,0.02,812.66,False,True,True,False,True,True,False,True,True,True,True,False,False,False,False,False,False,False,False,False,False,False,False,False
114328,STATE_INIT,9.798,-1.46,8.49,12.47,-1.54,-0.25,9.53,0.43,0.0,0.06,8.18,10.87,-41.56,0.919,31.54,-0.51,1.96,9.71,0,0.0,0.0,0.0,0.0,0.0,0,-0.13,0.98,812.44,0.02,812.66,False,True,True,False,True,True,False,True,True,True,True,False,False,False,False,False,False,False,False,False,False,False,False,False
114328,STATE_INIT,9.798,-1.46,8.49,12.47,-1.54,-0.25,9.53,0.43,0.0,0.06,8.18,10.87,-41.56,0.919,31.54,-0.51,1.96,9.71,0,0.0,0.0,0.0,0.0,0.0,0,-0.13,0.98,812.44,0.02,812.66,False,True,True,False,True,True,False,True,True,True,True,False,False,False,False,False,False,False,False,False,False,False,False,False
114528,STATE_INIT,9.798,-1.44,8.48,12.47,-1.55,-0.22,9.68,1.0,0.56,-0.12,7.87,11.18,-42.0,0.919,31.49,-0.5,1.86,10.11,0,0.0,0.0,0.0,0.0,0.0,0,-0.22,1.02,812.45,0.02,812.57,False,True,True,False,True,True,False,True,True,True,True,False,False,False,False,False,False,False,False,False,False,False,False,False
114528,STATE_INIT,9.798,-1.44,8.48,12.47,-1.55,-0.22,9.68,1.0,0.56,-0.12,7.87,11.18,-42.0,0.919,31.49,-0.5,1.86,10.11,0,0.0,0.0,0.0,0.0,0.0,0,-0.22,1.02,812.45,0.02,812.57,False,True,True,False,True,True,False,True,True,True,True,False,False,False,False,False,False,False,False,False,False,False,False,False
114528,STATE_INIT,9.798,-1.44,8.48,12.47,-1.55,-0.22,9.68,1.0,0.56,-0.12,7.87,11.18,-42.0,0.919,31.49,-0.5,1.86,10.11,0,0.0,0.0,0.0,0.0,0.0,0,-0.22,1.02,812.45,0.02,812.57,False,True,True,False,True,True,False,True,True,True,True,False,False,False,False,False,False,False,False,False,False,False,False,False
114729,STATE_INIT,9.798,-1.44,8.49,12.47,-1.55,-0.24,9.64,-0.12,0.0,-0.18,7.87,13.87,-42.87,0.919,31.43,-0.58,1.86,9.86,0,0.0,0.0,0.0,0.0,0.0,0,-0.06,0.99,812.44,0.02,812.48,False,True,True,False,True,True,False,True,True,True,True,False,False,False,False,False,False,False,False,False,False,False,False,False
114829,STATE_INIT,9.767,-1.44,8.5,12.47,-1.51,-0.29,9.64,-0.87,0.06,0.06,7.87,11.56,-41.56,0.919,31.28,-0.35,1.86,9.85,0,0.0,0.0,0.0,0.0,0.0,0,0.01,0.99,812.44,0.01,812.12,False,True,True,False,True,True,False,True,True,True,True,False,False,False,False,False,False,False,False,False,False,False,False,False
114829,STATE_INIT,9.767,-1.44,8.5,12.47,-1.51,-0.29,9.64,-0.87,0.06,0.06,7.87,11.56,-41.56,0.919,31.28,-0.35,1.86,9.85,0,0.0,0.0,0.0,0.0,0.0,0,0.01,0.99,812.44,0.01,812.12,False,True,True,False,True,True,False,True,True,True,True,False,False,False,False,False,False,False,False,False,False,False,False,False
115029,STATE_INIT,9.798,-1.43,8.5,12.47,-1.43,-0.24,9.58,0.0,-0.06,0.18,8.18,11.18,-40.68,0.919,31.49,-0.55,1.86,9.74,0,0.0,0.0,0.0,0.0,0.0,0,-0.07,0.98,812.41,0.0,812.39,False,True,True,False,True,True,False,True,True,True,True,False,False,False,False,False,False,False,False,False,False,False,False,False
115029,STATE_INIT,9.798,-1.43,8.5,12.47,-1.43,-0.24,9.58,0.0,-0.06,0.18,8.18,11.18,-40.68,0.919,31.49,-0.55,1.86,9.74,0,0.0,0.0,0.0,0.0,0.0,0,-0.07,0.98,812.41,0.0,812.39,False,True,True,False,True,True,False,True,True,True,True,False,False,False,False,False,False,False,False,False,False,False,False,False
115029,STATE_INIT,9.798,-1.43,8.5,12.47,-1.43,-0.24,9.58,0.0,-0.06,0.18,8.18,11.18,-40.68,0.919,31.49,-0.55,1.86,9.74,0,0.0,0.0,0.0,0.0,0.0,0,-0.07,0.98,812.41,0.0,812.39,False,True,True,False,True,True,False,True,True,True,True,False,False,False,False,False,False,False,False,False,False,False,False,False
115230,STATE_INIT,9.798,-1.43,8.5,12.47,-1.45,-0.25,9.62,-0.06,0.31,0.06,9.0,9.68,-41.56,0.919,31.33,-0.46,1.81,9.64,0,0.0,0.0,0.0,0.0,0.0,0,-0.06,0.97,812.41,0.0,812.48,False,True,True,False,True,True,False,True,True,True,True,False,False,False,False,False,False,False,False,False,False,False,False,False
115230,STATE_INIT,9.798,-1.43,8.5,12.47,-1.45,-0.25,9.62,-0.06,0.31,0.06,9.0,9.68,-41.56,0.919,31.33,-0.46,1.81,9.64,0,0.0,0.0,0.0,0.0,0.0,0,-0.06,0.97,812.41,0.0,812.48,False,True,True,False,True,True,False,True,True,True,True,False,False,False,False,False,False,False,False,False,False,False,False,False
115530,STATE_INIT,9.782,-1.41,8.5,12.47,-1.38,-0.23,9.47,0.75,0.0,0.0,7.87,10.87,-40.75,0.919,31.33,-0.43,1.92,9.93,0,0.0,0.0,0.0,0.0,0.0,0,-0.14,1.0,812.41,0.0,812.39,False,True,True,False,True,True,False,True,True,True,True,False,False,False,False,False,False,False,False,False,False,False,False,False
115530,STATE_INIT,9.782,-1.41,8.5,12.47,-1.38,-0.23,9.47,0.75,0.0,0.0,7.87,10.87,-40.75,0.919,31.33,-0.43,1.92,9.93,0,0.0,0.0,0.0,0.0,0.0,0,-0.14,1.0,812.41,0.0,812.39,False,True,True,False,True,True,False,True,True,True,True,False,False,False,False,False,False,False,False,False,False,False,False,False
115530,STATE_INIT,9.782,-1.41,8.5,12.47,-1.38,-0.23,9.47,0.75,0.0,0.0,7.87,10.87,-40.75,0.919,31.33,-0.43,1.92,9.93,0,0.0,0.0,0.0,0.0,0.0,0,-0.14,1.0,812.41,0.0,812.39,False,True,True,False,True,True,False,True,True,True,True,False,False,False,False,False,False,False,False,False,False,False,False,False
115730,STATE_INIT,9.798,-1.4,8.49,12.47,-1.55,-0.24,9.52,0.75,0.0,0.0,6.68,10.87,-40.75,0.919,31.38,-0.53,1.74,9.95,0,0.0,0.0,0.0,0.0,0.0,0,-0.14,1.0,812.41,0.0,812.03,False,True,True,False,True,True,False,True,True,True,True,False,False,False,False,False,False,False,False,False,False,False,False,False
115730,STATE_INIT,9.798,-1.4,8.49,12.47,-1.55,-0.24,9.52,0.75,0.0,0.0,6.68,10.87,-40.75,0.919,31.38,-0.53,1.74,9.95,0,0.0,0.0,0.0,0.0,0.0,0,-0.14,1.0,812.41,0.0,812.03,False,True,True,False,True,True,False,True,True,True,True,False,False,False,False,False,False,False,False,False,False,False,False,False
115730,STATE_INIT,9.798,-1.4,8.49,12.47,-1.55,-0.24,9.52,0.75,0.0,0.0,6.68,10.87,-40.75,0.919,31.38,-0.53,1.74,9.95,0,0.0,0.0,0.0,0.0,0.0,0,-0.14,1.0,812.41,0.0,812.03,False,True,True,False,True,True,False,True,True,True,True,False,False,False,False,False,False,False,False,False,False,False,False,False
115930,STATE_INIT,9.798,-1.4,8.5,12.47,-1.55,-0.23,9.57,0.25,-0.25,-0.06,7.06,13.87,-42.37,0.919,31.38,-0.43,1.98,9.67,0,0.0,0.0,0.0,0.0,0.0,0,-0.1,0.97,812.41,0.0,812.48,False,True,True,False,True,True,False,True,True,True,True,False,False,False,False,False,False,False,False,False,False,False,False,False
115930,STATE_INIT,9.798,-1.4,8.5,12.47,-1.55,-0.23,9.57,0.25,-0.25,-0.06,7.06,13.87,-42.37,0.919,31.38,-0.43,1.98,9.67,0,0.0,0.0,0.0,0.0,0.0,0,-0.1,0.97,812.41,0.0,812.48,False,True,True,False,True,True,False,True,True,True,True,False,False,False,False,False,False,False,False,False,False,False,False,False
115930,STATE_INIT,9.798,-1.4,8.5,12.47,-1.55,-0.23,9.57,0.25,-0.25,-0.06,7.06,13.87,-42.37,0.919,31.38,-0.43,1.98,9.67,0,0.0,0.0,0.0,0.0,0.0,0,-0.1,0.97,812.41,0.0,812.48,False,True,True,False,True,True,False,True,True,True,True,False,False,False,False,False,False,False,False,False,False,False,False,False
115930,STATE_INIT,9.798,-1.4,8.5,12.47,-1.55,-0.23,9.57,0.25,-0.25,-0.06,7.06,13.87,-42.37,0.919,31.38,-0.43,1.98,9.67,0,0.0,0.0,0.0,0.0,0.0,0,-0.1,0.97,812.41,0.0,812.48,False,True,True,False,True,True,False,True,True,True,True,False,False,False,False,False,False,False,False,False,False,False,False,False
115930,STATE_INIT,9.798,-1.4,8.5,12.47,-1.55,-0.23,9.57,0.25,-0.25,-0.06,7.06,13.87,-42.37,0.919,31.38,-0.43,1.98,9.67,0,0.0,0.0,0.0,0.0,0.0,0,-0.1,0.97,812.41,0.0,812.48,False,True,True,False,True,True,False,True,True,True,True,False,False,False,False,False,False,False,False,False,False,False,False,False
115930,STATE_INIT,9.798,-1.4,8.5,12.47,-1.55,-0.23,9.57,0.25,-0.25,-0.06,7.06,13.87,-42.37,0.919,31.38,-0.43,1.98,9.67,0,0.0,0.0,0.0,0.0,0.0,0,-0.1,0.97,812.41,0.0,812.48,False,True,True,False,True,True,False,True,True,True,True,False,False,False,False,False,False,False,False,False,False,False,False,False
116129,STATE_INIT,9.798,-1.41,8.5,12.47,-1.49,-0.24,9.54,0.43,-0.06,0.0,7.5,10.5,-40.68,0.919,31.28,-0.5,1.92,9.74,0,0.0,0.0,0.0,0.0,0.0,0,-0.13,0.98,812.42,0.0,812.48,False,True,True,False,True,True,False,True,True,True,True,False,False,False,False,False,False,False,False,False,False,False,False,False
116129,STATE_INIT,9.798,-1.41,8.5,12.47,-1.49,-0.24,9.54,0.43,-0.06,0.0,7.5,10.5,-40.68,0.919,31.28,-0.5,1.92,9.74,0,0.0,0.0,0.0,0.0,0.0,0,-0.13,0.98,812.42,0.0,812.48,False,True,True,False,True,True,False,True,True,True,True,False,False,False,False,False,False,False,False,False,False,False,False,False
116129,STATE_INIT,9.798,-1.41,8.5,12.47,-1.49,-0.24,9.54,0.43,-0.06,0.0,7.5,10.5,-40.68,0.919,31.28,-0.5,1.92,9.74,0,0.0,0.0,0.0,0.0,0.0,0,-0.13,0.98,812.42,0.0,812.48,False,True,True,False,True,True,False,True,True,True,True,False,False,False,False,False,False,False,False,False,False,False,False,False
116129,STATE_INIT,9.798,-1.41,8.5,12.47,-1.49,-0.24,9.54,0.43,-0.06,0.0,7.5,10.5,-40.68,0.919,31.28,-0.5,1.92,9.74,0,0.0,0.0,0.0,0.0,0.0,0,-0.13,0.98,812.42,0.0,812.48,False,True,True,False,True,True,False,True,True,True,True,False,False,False,False,False,False,False,False,False,False,False,False,False
116428,STATE_INIT,9.798,-1.38,8.51,12.47,-1.39,-0.28,9.59,0.18,-0.12,0.12,8.18,10.5,-42.0,0.919,31.54,-0.43,1.99,9.82,0,0.0,0.0,0.0,0.0,0.0,0,-0.09,0.99,812.41,0.0,812.3,False,True,True,False,True,True,False,True,True,True,True,False,False,False,False,False,False,False,False,False,False,False,False,False
116428,STATE_INIT,9.798,-1.38,8.51,12.47,-1.39,-0.28,9.59,0.18,-0.12,0.12,8.18,10.5,-42.0,0.919,31.54,-0.43,1.99,9.82,0,0.0,0.0,0.0,0.0,0.0,0,-0.09,0.99,812.41,0.0,812.3,False,True,True,False,True,True,False,True,True,True,True,False,False,False,False,False,False,False,False,False,False,False,False,False
116628,STATE_INIT,9.798,-1.39,8.51,12.47,-1.6,-0.31,9.7,0.06,0.0,-0.31,8.18,10.87,-40.37,0.919,31.33,-0.37,2.01,9.73,0,0.0,0.0,0.0,0.0,0.0,0,0.02,0.98,812.4,0.0,812.39,False,True,True,False,True,True,False,True,True,True,True,False,False,False,False,False,False,False,False,False,False,False,False,False
116628,STATE_INIT,9.798,-1.39,8.51,12.47,-1.6,-0.31,9.7,0.06,0.0,-0.31,8.18,10.87,-40.37,0.919,31.33,-0.37,2.01,9.73,0,0.0,0.0,0.0,0.0,0.0,0,0.02,0.98,812.4,0.0,812.39,False,True,True,False,True,True,False,True,True,True,True,False,False,False,False,False,False,False,False,False,False,False,False,False
116628,STATE_INIT,9.798,-1.39,8.51,12.47,-1.6,-0.31,9.7,0.06,0.0,-0.31,8.18,10.87,-40.37,0.919,31.33,-0.37,2.01,9.73,0,0.0,0.0,0.0,0.0,0.0,0,0.02,0.98,812.4,0.0,812.39,False,True,True,False,True,True,False,True,True,True,True,False,False,False,False,False,False,False,False,False,False,False,False,False
116928,STATE_INIT,9.767,-1.38,8.51,12.47,-1.41,-0.21,9.56,0.18,-0.37,-0.06,7.37,10.75,-41.5,0.919,31.38,-0.46,1.9,9.73,0,0.0,0.0,0.0,0.0,0.0,0,-0.03,0.98,812.38,-0.02,812.3,False,True,True,False,True,True,False,True,True,True,True,False,False,False,False,False,False,False,False,False,False,False,False,False
116928,STATE_INIT,9.767,-1.38,8.51,12.47,-1.41,-0.21,9.56,0.18,-0.37,-0.06,7.37,10.75,-41.5,0.919,31.38,-0.46,1.9,9.73,0,0.0,0.0,0.0,0.0,0.0,0,-0.03,0.98,812.38,-0.02,812.3,False,True,True,False,True,True,False,True,True,True,True,False,False,False,False,False,False,False,False,False,False,False,False,False
117129,STATE_INIT,9.798,-1.38,8.51,12.47,-1.46,-0.23,9.58,0.0,-0.25,0.12,7.75,10.75,-39.87,0.919,31.38,-0.45,1.79,9.83,0,0.0,0.0,0.0,0.0,0.0,0,-0.07,0.99,812.37,-0.02,812.39,False,True,True,False,True,True,False,True,True,True,True,False,False,False,False,False,False,False,False,False,False,False,False,False
117129,STATE_INIT,9.798,-1.38,8.51,12.47,-1.46,-0.23,9.58,0.0,-0.25,0.12,7.75,10.75,-39.87,0.919,31.38,-0.45,1.79,9.83,0,0.0,0.0,0.0,0.0,0.0,0,-0.07,0.99,812.37,-0.02,812.39,False,True,True,False,True,True,False,True,True,True,True,False,False,False,False,False,False,False,False,False,False,False,False,False
117330,STATE_INIT,9.798,-1.38,8.51,12.47,-1.38,-0.29,9.63,0.18,-0.43,-0.18,7.87,10.5,-42.37,0.919,31.54,-0.43,1.79,9.94,0,0.0,0.0,0.0,0.0,0.0,0,0.08,1.0,812.36,-0.02,812.48,False,True,True,False,True,True,False,True,True,True,True,False,False,False,False,False,False,False,False,False,False,False,False,False
117330,STATE_INIT,9.798,-1.38,8.51,12.47,-1.38,-0.29,9.63,0.18,-0.43,-0.18,7.87,10.5,-42.37,0.919,31.54,-0.43,1.79,9.94,0,0.0,0.0,0.0,0.0,0.0,0,0.08,1.0,812.36,-0.02,812.48,False,True,True,False,True,True,False,True,True,True,True,False,False,False,False,False,False,False,False,False,False,False,False,False
117430,STATE_INIT,9.775,-1.37,8.5,12.47,-1.46,-0.19,9.52,0.56,0.31,-0.12,8.18,11.18,-41.18,0.919,31.54,-0.38,1.87,9.77,0,0.0,0.0,0.0,0.0,0.0,0,0.0,0.98,812.36,-0.02,812.3,False,True,True,False,True,True,False,True,True,True,True,False,False,False,False,False,False,False,False,False,False,False,False,False
117630,STATE_INIT,9.798,-1.37,8.5,12.47,-1.5,-0.29,9.7,-0.37,-0.18,0.12,8.18,11.18,-40.37,0.919,31.43,-0.4,1.84,9.89,0,0.0,0.0,0.0,0.0,0.0,0,-0.06,0.99,812.36,-0.02,812.48,False,True,True,False,True,True,False,True,True,True,True,False,False,False,False,False,False,False,False,False,False,False,False,False
117630,STATE_INIT,9.798,-1.37,8.5,12.47,-1.5,-0.29,9.7,-0.37,-0.18,0.12,8.18,11.18,-40.37,0.919,31.43,-0.4,1.84,9.89,0,0.0,0.0,0.0,0.0,0.0,0,-0.06,0.99,812.36,-0.02,812.48,False,True,True,False,True,True,False,True,True,True,True,False,False,False,False,False,False,False,False,False,False,False,False,False
118031,STATE_INIT,9.79,-1.36,8.5,12.47,-1.49,-0.22,9.45,0.75,0.18,-0.43,7.06,10.87,-42.37,0.919,31.38,-0.55,1.92,9.88,0,0.0,0.0,0.0,0.0,0.0,0,-0.23,1.0,812.36,-0.02,812.39,False,True,True,False,True,True,False,True,True,True,True,False,False,False,False,False,False,False,False,False,False,False,False,False
118031,STATE_INIT,9.79,-1.36,8.5,12.47,-1.49,-0.22,9.45,0.75,0.18,-0.43,7.06,10.87,-42.37,0.919,31.38,-0.55,1.92,9.88,0,0.0,0.0,0.0,0.0,0.0,0,-0.23,1.0,812.36,-0.02,812.39,False,True,True,False,True,True,False,True,True,True,True,False,False,False,False,False,False,False,False,False,False,False,False,False
118229,STATE_INIT,9.805,-1.37,8.51,12.47,-1.5,-0.27,9.64,0.31,0.12,0.0,7.37,10.75,-42.75,0.919,31.54,-0.51,1.92,9.85,0,0.0,0.0,0.0,0.0,0.0,0,-0.03,0.99,812.38,-0.01,812.57,False,True,True,False,True,True,False,True,True,True,True,False,False,False,False,False,False,False,False,False,False,False,False,False
118528,STATE_INIT,9.798,-1.36,8.52,12.47,-1.49,-0.21,9.68,-0.56,-0.56,0.06,7.06,10.06,-41.56,0.919,31.38,-0.43,2.03,9.66,0,0.0,0.0,0.0,0.0,0.0,0,0.0,0.97,812.36,-0.01,812.57,False,True,True,False,True,True,False,True,True,True,True,False,False,False,False,False,False,False,False,False,False,False,False,False
118528,STATE_INIT,9.798,-1.36,8.52,12.47,-1.49,-0.21,9.68,-0.56,-0.56,0.06,7.06,10.06,-41.56,0.919,31.38,-0.43,2.03,9.66,0,0.0,0.0,0.0,0.0,0.0,0,0.0,0.97,812.36,-0.01,812.57,False,True,True,False,True,True,False,True,True,True,True,False,False,False,False,False,False,False,False,False,False,False,False,False
118828,STATE_INIT,9.775,-1.36,8.53,12.47,-1.51,-0.26,9.6,0.12,0.06,0.0,8.18,14.18,-44.0,0.919,31.54,-0.5,1.87,9.68,0,0.0,0.0,0.0,0.0,0.0,0,-0.06,0.97,812.39,0.0,812.48,False,True,True,False,True,True,False,True,True,True,True,False,False,False,False,False,False,False,False,False,False,False,False,False
118928,STATE_INIT,9.798,-1.36,8.53,12.47,-1.51,-0.31,9.64,0.0,-0.18,-0.37,8.56,9.68,-41.18,0.919,31.33,-0.37,2.01,9.67,0,0.0,0.0,0.0,0.0,0.0,0,-0.04,0.97,812.4,0.0,813.02,False,True,True,False,True,True,False,True,True,True,True,False,False,False,False,False,False,False,False,False,False,False,False,False
119028,STATE_INIT,9.759,-1.36,8.53,12.47,-1.47,-0.31,9.68,-0.43,-0.25,0.18,8.18,10.75,-42.37,0.919,31.33,-0.37,1.79,9.72,0,0.0,0.0,0.0,0.0,0.0,0,0.03,0.98,812.4,0.0,812.48,False,True,True,False,True,True,False,True,True,True,True,False,False,False,False,False,False,False,False,False,False,False,False,False
119229,STATE_INIT,9.798,-1.35,8.53,12.47,-1.5,-0.25,9.64,0.31,0.25,0.06,8.18,10.75,-41.5,0.919,31.54,-0.43,1.93,9.88,0,0.0,0.0,0.0,0.0,0.0,0,-0.13,0.99,812.4,0.0,812.39,False,True,True,False,True,True,False,True,True,True,True,False,False,False,False,False,False,False,False,False,False,False,False,False
119229,STATE_INIT,9.798,-1.35,8.53,12.47,-1.5,-0.25,9.64,0.31,0.25,0.06,8.18,10.75,-41.5,0.919,31.54,-0.43,1.93,9.88,0,0.0,0.0,0.0,0.0,0.0,0,-0.13,0.99,812.4,0.0,812.39,False,True,True,False,True,True,False,True,True,True,True,False,False,False,False,False,False,False,False,False,False,False,False,False
119229,STATE_INIT,9.798,-1.35,8.53,12.47,-1.5,-0.25,9.64,0.31,0.25,0.06,8.18,10.75,-41.5,0.919,31.54,-0.43,1.93,9.88,0,0.0,0.0,0.0,0.0,0.0,0,-0.13,0.99,812.4,0.0,812.39,False,True,True,False,True,True,False,True,True,True,True,False,False,False,False,False,False,False,False,False,False,False,False,False
119429,STATE_INIT,9.813,-1.36,8.55,12.47,-1.51,-0.3,9.71,-0.25,0.0,0.06,7.87,9.68,-41.56,0.919,31.49,-0.4,1.96,9.86,0,0.0,0.0,0.0,0.0,0.0,0,0.03,0.99,812.4,0.0,812.03,False,True,True,False,True,True,False,True,True,True,True,False,False,False,False,False,False,False,False,False,False,False,False,False
119429,STATE_INIT,9.813,-1.36,8.55,12.47,-1.51,-0.3,9.71,-0.25,0.0,0.06,7.87,9.68,-41.56,0.919,31.49,-0.4,1.96,9.86,0,0.0,0.0,0.0,0.0,0.0,0,0.03,0.99,812.4,0.0,812.03,False,True,True,False,True,True,False,True,True,True,True,False,False,False,False,False,False,False,False,False,False,False,False,False
119429,STATE_INIT,9.813,-1.36,8.55,12.47,-1.51,-0.3,9.71,-0.25,0.0,0.06,7.87,9.68,-41.56,0.919,31.49,-0.4,1.96,9.86,0,0.0,0.0,0.0,0.0,0.0,0,0.03,0.99,812.4,0.0,812.03,False,True,True,False,True,True,False,True,True,True,True,False,False,False,False,False,False,False,False,False,False,False,False,False
119630,STATE_INIT,9.798,-1.36,8.55,12.47,-1.55,-0.3,9.64,0.0,0.06,-0.06,8.18,10.06,-42.0,0.919,31.69,-0.38,1.9,9.82,0,0.0,0.0,0.0,0.0,0.0,0,-0.03,0.99,812.39,0.0,812.48,False,True,True,False,True,True,False,True,True,True,True,False,False,False,False,False,False,False,False,False,False,False,False,False
120131,STATE_INIT,9.798,-1.36,8.55,12.47,-1.48,-0.29,9.66,-0.06,-0.31,-0.06,9.0,10.87,-43.18,0.919,31.33,-0.5,1.82,9.72,0,0.0,0.0,0.0,0.0,0.0,0,-0.02,0.98,812.39,0.0,812.21,False,True,True,False,True,True,False,True,True,True,True,False,False,False,False,False,False,False,False,False,False,False,False,False
120131,STATE_INIT,9.798,-1.36,8.55,12.47,-1.48,-0.29,9.66,-0.06,-0.31,-0.06,9.0,10.87,-43.18,0.919,31.33,-0.5,1.82,9.72,0,0.0,0.0,0.0,0.0,0.0,0,-0.02,0.98,812.39,0.0,812.21,False,True,True,False,True,True,False,True,True,True,True,False,False,False,False,False,False,False,False,False,False,False,False,False
120131,STATE_INIT,9.798,-1.36,8.55,12.47,-1.48,-0.29,9.66,-0.06,-0.31,-0.06,9.0,10.87,-43.18,0.919,31.33,-0.5,1.82,9.72,0,0.0,0.0,0.0,0.0,0.0,0,-0.02,0.98,812.39,0.0,812.21,False,True,True,False,True,True,False,True,True,True,True,False,False,False,False,False,False,False,False,False,False,False,False,False
120131,STATE_INIT,9.798,-1.36,8.55,12.47,-1.48,-0.29,9.66,-0.06,-0.31,-0.06,9.0,10.87,-43.18,0.919,31.33,-0.5,1.82,9.72,0,0.0,0.0,0.0,0.0,0.0,0,-0.02,0.98,812.39,0.0,812.21,False,True,True,False,True,True,False,True,True,True,True,False,False,False,False,False,False,False,False,False,False,False,False,False
120331,STATE_INIT,9.805,-1.36,8.55,12.47,-1.44,-0.28,9.63,0.12,-0.06,0.12,7.06,10.5,-41.5,0.919,31.43,-0.43,1.82,9.75,0,0.0,0.0,0.0,0.0,0.0,0,-0.05,0.98,812.39,0.0,812.12,False,True,True,False,True,True,False,True,True,True,True,False,False,False,False,False,False,False,False,False,False,False,False,False
120331,STATE_INIT,9.805,-1.36,8.55,12.47,-1.44,-0.28,9.63,0.12,-0.06,0.12,7.06,10.5,-41.5,0.919,31.43,-0.43,1.82,9.75,0,0.0,0.0,0.0,0.0,0.0,0,-0.05,0.98,812.39,0.0,812.12,False,True,True,False,True,True,False,True,True,True,True,False,False,False,False,False,False,False,False,False,False,False,False,False
120569,STATE_INIT,9.798,-1.36,8.55,12.47,-1.46,-0.27,9.58,0.31,-0.06,0.0,7.87,11.18,-41.56,0.919,31.38,-0.38,1.87,9.74,0,0.0,0.0,0.0,0.0,0.0,0,-0.09,0.98,812.38,0.0,812.12,False,True,True,False,True,True,False,True,True,True,True,False,False,False,False,False,False,False,False,False,False,False,False,False
120569,STATE_INIT,9.798,-1.36,8.55,12.47,-1.46,-0.27,9.58,0.31,-0.06,0.0,7.87,11.18,-41.56,0.919,31.38,-0.38,1.87,9.74,0,0.0,0.0,0.0,0.0,0.0,0,-0.09,0.98,812.38,0.0,812.12,False,True,True,False,True,True,False,True,True,True,True,False,False,False,False,False,False,False,False,False,False,False,False,False
120769,STATE_INIT,9.805,-1.36,8.55,12.47,-1.51,-0.26,9.64,0.12,0.43,0.0,8.87,13.37,-42.37,0.919,31.54,-0.35,1.98,9.74,0,0.0,0.0,0.0,0.0,0.0,0,-0.03,0.98,812.38,0.0,812.84,False,True,True,False,True,True,False,True,True,True,True,False,False,False,False,False,False,False,False,False,False,False,False,False
120769,STATE_INIT,9.805,-1.36,8.55,12.47,-1.51,-0.26,9.64,0.12,0.43,0.0,8.87,13.37,-42.37,0.919,31.54,-0.35,1.98,9.74,0,0.0,0.0,0.0,0.0,0.0,0,-0.03,0.98,812.38,0.0,812.84,False,True,True,False,True,True,False,True,True,True,True,False,False,False,False,False,False,False,False,False,False,False,False,False
120869,STATE_INIT,9.798,-1.35,8.55,12.47,-1.47,-0.25,9.57,-0.12,-0.31,-0.12,7.06,10.37,-41.5,0.919,31.28,-0.46,1.9,9.73,0,0.0,0.0,0.0,0.0,0.0,0,-0.1,0.98,812.44,0.02,813.2,False,True,True,False,True,True,False,True,True,True,True,False,False,False,False,False,False,False,False,False,False,False,False,False
120869,STATE_INIT,9.798,-1.35,8.55,12.47,-1.47,-0.25,9.57,-0.12,-0.31,-0.12,7.06,10.37,-41.5,0.919,31.28,-0.46,1.9,9.73,0,0.0,0.0,0.0,0.0,0.0,0,-0.1,0.98,812.44,0.02,813.2,False,True,True,False,True,True,False,True,True,True,True,False,False,False,False,False,False,False,False,False,False,False,False,False
120869,STATE_INIT,9.798,-1.35,8.55,12.47,-1.47,-0.25,9.57,-0.12,-0.31,-0.12,7.06,10.37,-41.5,0.919,31.28,-0.46,1.9,9.73,0,0.0,0.0,0.0,0.0,0.0,0,-0.1,0.98,812.44,0.02,813.2,False,True,True,False,True,True,False,True,True,True,True,False,False,False,False,False,False,False,False,False,False,False,False,False
120869,STATE_INIT,9.798,-1.35,8.55,12.47,-1.47,-0.25,9.57,-0.12,-0.31,-0.12,7.06,10.37,-41.5,0.919,31.28,-0.46,1.9,9.73,0,0.0,0.0,0.0,0.0,0.0,0,-0.1,0.98,812.44,0.02,813.2,False,True,True,False,True,True,False,True,True,True,True,False,False,False,False,False,False,False,False,False,False,False,False,False
20514,STATE_INIT,9.79,-1.63,8.63,-0.12,-1.35,-0.23,9.47,-0.93,-0.68,0.56,7.5,17.18,-64.5,0.919,31.33,-0.32,2.01,9.69,0,0.0,0.0,0.0,0.0,0.0,0,-0.23,0.97,812.4,0.08,813.38,False,True,True,False,True,True,False,True,True,True,True,False,False,False,False,False,False,False,False,False,False,False,False,False
20514,STATE_INIT,9.79,-1.63,8.63,-0.12,-1.35,-0.23,9.47,-0.93,-0.68,0.56,7.5,17.18,-64.5,0.919,31.33,-0.32,2.01,9.69,0,0.0,0.0,0.0,0.0,0.0,0,-0.23,0.97,812.4,0.08,813.38,False,True,True,False,True,True,False,True,True,True,True,False,False,False,False,False,False,False,False,False,False,False,False,False
20514,STATE_INIT,9.79,-1.63,8.63,-0.12,-1.35,-0.23,9.47,-0.93,-0.68,0.56,7.5,17.18,-64.5,0.919,31.33,-0.32,2.01,9.69,0,0.0,0.0,0.0,0.0,0.0,0,-0.23,0.97,812.4,0.08,813.38,False,True,True,False,True,True,False,True,True,True,True,False,False,False,False,False,False,False,False,False,False,False,False,False
20514,STATE_INIT,9.79,-1.63,8.63,-0.12,-1.35,-0.23,9.47,-0.93,-0.68,0.56,7.5,17.18,-64.5,0.919,31.33,-0.32,2.01,9.69,0,0.0,0.0,0.0,0.0,0.0,0,-0.23,0.97,812.4,0.08,813.38,False,True,True,False,True,True,False,True,True,True,True,False,False,False,False,False,False,False,False,False,False,False,False,False
20514,STATE_INIT,9.79,-1.63,8.63,-0.12,-1.35,-0.23,9.47,-0.93,-0.68,0.56,7.5,17.18,-64.5,0.919,31.33,-0.32,2.01,9.69,0,0.0,0.0,0.0,0.0,0.0,0,-0.23,0.97,812.4,0.08,813.38,False,True,True,False,True,True,False,True,True,True,True,False,False,False,False,False,False,False,False,False,False,False,False,False
20514,STATE_INIT,9.79,-1.63,8.63,-0.12,-1.35,-0.23,9.47,-0.93,-0.68,0.56,7.5,17.18,-64.5,0.919,31.33,-0.32,2.01,9.69,0,0.0,0.0,0.0,0.0,0.0,0,-0.23,0.97,812.4,0.08,813.38,False,True,True,False,True,True,False,True,True,True,True,False,False,False,False,False,False,False,False,False,False,False,False,False
20514,STATE_INIT,9.79,-1.63,8.63,-0.12,-1.35,-0.23,9.47,-0.93,-0.68,0.56,7.5,17.18,-64.5,0.919,31.33,-0.32,2.01,9.69,0,0.0,0.0,0.0,0.0,0.0,0,-0.23,0.97,812.4,0.08,813.38,False,True,True,False,True,True,False,True,True,True,True,False,False,False,False,False,False,False,False,False,False,False,False,False
20714,STATE_INIT,9.805,-1.63,8.64,-0.12,-1.47,-0.26,9.32,-0.18,0.0,0.0,7.87,15.68,-64.5,0.919,31.49,-0.37,1.87,9.79,0,0.0,0.0,0.0,0.0,0.0,0,-0.35,0.98,813.01,0.79,813.11,False,True,True,False,True,True,False,True,True,True,True,False,False,False,False,False,False,False,False,False,False,False,False,False
20714,STATE_INIT,9.805,-1.63,8.64,-0.12,-1.47,-0.26,9.32,-0.18,0.0,0.0,7.87,15.68,-64.5,0.919,31.49,-0.37,1.87,9.79,0,0.0,0.0,0.0,0.0,0.0,0,-0.35,0.98,813.01,0.79,813.11,False,True,True,False,True,True,False,True,True,True,True,False,False,False,False,False,False,False,False,False,False,False,False,False
21115,STATE_INIT,9.798,-1.61,8.65,-0.12,-1.47,-0.28,9.58,0.56,-0.18,-0.18,7.5,17.18,-65.75,0.919,31.54,-0.38,2.01,9.91,0,0.0,0.0,0.0,0.0,0.0,0,-0.09,0.99,812.65,-0.31,812.48,False,True,True,False,True,True,False,True,True,True,True,False,False,False,False,False,False,False,False,False,False,False,False,False
21115,STATE_INIT,9.798,-1.61,8.65,-0.12,-1.47,-0.28,9.58,0.56,-0.18,-0.18,7.5,17.18,-65.75,0.919,31.54,-0.38,2.01,9.91,0,0.0,0.0,0.0,0.0,0.0,0,-0.09,0.99,812.65,-0.31,812.48,False,True,True,False,True,True,False,True,True,True,True,False,False,False,False,False,False,False,False,False,False,False,False,False
21115,STATE_INIT,9.798,-1.61,8.65,-0.12,-1.47,-0.28,9.58,0.56,-0.18,-0.18,7.5,17.18,-65.75,0.919,31.54,-0.38,2.01,9.91,0,0.0,0.0,0.0,0.0,0.0,0,-0.09,0.99,812.65,-0.31,812.48,False,True,True,False,True,True,False,True,True,True,True,False,False,False,False,False,False,False,False,False,False,False,False,False
21115,STATE_INIT,9.798,-1.61,8.65,-0.12,-1.47,-0.28,9.58,0.56,-0.18,-0.18,7.5,17.18,-65.75,0.919,31.54,-0.38,2.01,9.91,0,0.0,0.0,0.0,0.0,0.0,0,-0.09,0.99,812.65,-0.31,812.48,False,True,True,False,True,True,False,True,True,True,True,False,False,False,False,False,False,False,False,False,False,False,False,False
21115,STATE_INIT,9.798,-1.61,8.65,-0.12,-1.47,-0.28,9.58,0.56,-0.18,-0.18,7.5,17.18,-65.75,0.919,31.54,-0.38,2.01,9.91,0,0.0,0.0,0.0,0.0,0.0,0,-0.09,0.99,812.65,-0.31,812.48,False,True,True,False,True,True,False,True,True,True,True,False,False,False,False,False,False,False,False,False,False,False,False,False
21115,STATE_INIT,9.798,-1.61,8.65,-0.12,-1.47,-0.28,9.58,0.56,-0.18,-0.18,7.5,17.18,-65.75,0.919,31.54,-0.38,2.01,9.91,0,0.0,0.0,0.0,0.0,0.0,0,-0.09,0.99,812.65,-0.31,812.48,False,True,True,False,True,True,False,True,True,True,True,False,False,False,False,False,False,False,False,False,False,False,False,False
21316,STATE_INIT,9.782,-1.61,8.65,-0.12,-1.46,-0.26,9.59,-0.25,0.31,0.0,7.5,17.87,-65.37,0.919,31.38,-0.45,1.86,9.8,0,0.0,0.0,0.0,0.0,0.0,0,-0.11,0.98,812.56,-0.37,812.66,False,True,True,False,True,True,False,True,True,True,True,False,False,False,False,False,False,False,False,False,False,False,False,False
21616,STATE_INIT,9.79,-1.61,8.65,-0.12,-1.45,-0.23,9.57,0.31,-0.18,-0.06,7.87,17.18,-64.5,0.919,31.43,-0.51,1.99,9.69,0,0.0,0.0,0.0,0.0,0.0,0,0.04,0.97,812.43,-0.41,812.48,False,True,True,False,True,True,False,True,True,True,True,False,False,False,False,False,False,False,False,False,False,False,False,False
21817,STATE_INIT,9.79,-1.6,8.65,-0.12,-1.47,-0.3,9.68,0.0,0.06,0.0,8.25,17.18,-64.5,0.919,31.43,-0.43,1.9,9.76,0,0.0,0.0,0.0,0.0,0.0,0,-0.04,0.98,812.46,-0.27,812.39,False,True,True,False,True,True,False,True,True,True,True,False,False,False,False,False,False,False,False,False,False,False,False,False
21817,STATE_INIT,9.79,-1.6,8.65,-0.12,-1.47,-0.3,9.68,0.0,0.06,0.0,8.25,17.18,-64.5,0.919,31.43,-0.43,1.9,9.76,0,0.0,0.0,0.0,0.0,0.0,0,-0.04,0.98,812.46,-0.27,812.39,False,True,True,False,True,True,False,True,True,True,True,False,False,False,False,False,False,False,False,False,False,False,False,False
21817,STATE_INIT,9.79,-1.6,8.65,-0.12,-1.47,-0.3,9.68,0.0,0.06,0.0,8.25,17.18,-64.5,0.919,31.43,-0.43,1.9,9.76,0,0.0,0.0,0.0,0.0,0.0,0,-0.04,0.98,812.46,-0.27,812.39,False,True,True,False,True,True,False,True,True,True,True,False,False,False,False,False,False,False,False,False,False,False,False,False
22116,STATE_INIT,9.813,-1.6,8.65,-0.12,-1.48,-0.25,9.57,0.0,0.12,0.12,6.0,17.87,-65.75,0.919,31.59,-0.46,1.86,9.72,0,0.0,0.0,0.0,0.0,0.0,0,-0.11,0.98,812.39,-0.26,812.57,False,True,True,False,True,True,False,True,True,True,True,False,False,False,False,False,False,False,False,False,False,False,False,False
22315,STATE_INIT,9.821,-1.6,8.65,-0.12,-1.5,-0.26,9.62,0.12,0.0,0.0,7.06,19.06,-66.06,0.919,31.49,-0.37,1.9,9.74,0,0.0,0.0,0.0,0.0,0.0,0,-0.05,0.98,812.4,-0.18,812.21,False,True,True,False,True,True,False,True,True,True,True,False,False,False,False,False,False,False,False,False,False,False,False,False
22315,STATE_INIT,9.821,-1.6,8.65,-0.12,-1.5,-0.26,9.62,0.12,0.0,0.0,7.06,19.06,-66.06,0.919,31.49,-0.37,1.9,9.74,0,0.0,0.0,0.0,0.0,0.0,0,-0.05,0.98,812.4,-0.18,812.21,False,True,True,False,True,True,False,True,True,True,True,False,False,False,False,False,False,False,False,False,False,False,False,False
22315,STATE_INIT,9.821,-1.6,8.65,-0.12,-1.5,-0.26,9.62,0.12,0.0,0.0,7.06,19.06,-66.06,0.919,31.49,-0.37,1.9,9.74,0,0.0,0.0,0.0,0.0,0.0,0,-0.05,0.98,812.4,-0.18,812.21,False,True,True,False,True,True,False,True,True,True,True,False,False,False,False,False,False,False,False,False,False,False,False,False
22315,STATE_INIT,9.821,-1.6,8.65,-0.12,-1.5,-0.26,9.62,0.12,0.0,0.0,7.06,19.06,-66.06,0.919,31.49,-0.37,1.9,9.74,0,0.0,0.0,0.0,0.0,0.0,0,-0.05,0.98,812.4,-0.18,812.21,False,True,True,False,True,True,False,True,True,True,True,False,False,False,False,False,False,False,False,False,False,False,False,False
22315,STATE_INIT,9.821,-1.6,8.65,-0.12,-1.5,-0.26,9.62,0.12,0.0,0.0,7.06,19.06,-66.06,0.919,31.49,-0.37,1.9,9.74,0,0.0,0.0,0.0,0.0,0.0,0,-0.05,0.98,812.4,-0.18,812.21,False,True,True,False,True,True,False,True,True,True,True,False,False,False,False,False,False,False,False,False,False,False,False,False
22514,STATE_INIT,9.813,-1.6,8.65,-0.12,-1.5,-0.28,9.6,-0.06,-0.12,0.06,6.0,18.68,-67.0,0.919,31.38,-0.37,1.99,9.74,0,0.0,0.0,0.0,0.0,0.0,0,-0.07,0.98,812.4,-0.12,813.11,False,True,True,False,True,True,False,True,True,True,True,False,False,False,False,False,False,False,False,False,False,False,False,False
22814,STATE_INIT,9.821,-1.6,8.65,-0.12,-1.48,-0.31,9.67,-0.37,0.12,-0.06,7.5,18.25,-66.18,0.919,31.54,-0.45,1.93,9.72,0,0.0,0.0,0.0,0.0,0.0,0,0.0,0.98,812.37,-0.09,812.3,False,True,True,False,True,True,False,True,True,True,True,False,False,False,False,False,False,False,False,False,False,False,False,False
23415,STATE_INIT,9.821,-1.6,8.65,-0.12,-1.42,-0.27,9.72,0.12,0.31,-0.12,6.37,18.68,-66.56,0.919,31.33,-0.43,1.87,9.76,0,0.0,0.0,0.0,0.0,0.0,0,-0.03,0.98,812.37,0.0,812.3,False,True,True,False,True,True,False,True,True,True,True,False,False,False,False,False,False,False,False,False,False,False,False,False
23415,STATE_INIT,9.821,-1.6,8.65,-0.12,-1.42,-0.27,9.72,0.12,0.31,-0.12,6.37,18.68,-66.56,0.919,31.33,-0.43,1.87,9.76,0,0.0,0.0,0.0,0.0,0.0,0,-0.03,0.98,812.37,0.0,812.3,False,True,True,False,True,True,False,True,True,True,True,False,False,False,False,False,False,False,False,False,False,False,False,False
23415,STATE_INIT,9.821,-1.6,8.65,-0.12,-1.42,-0.27,9.72,0.12,0.31,-0.12,6.37,18.68,-66.56,0.919,31.33,-0.43,1.87,9.76,0,0.0,0.0,0.0,0.0,0.0,0,-0.03,0.98,812.37,0.0,812.3,False,True,True,False,True,True,False,True,True,True,True,False,False,False,False,False,False,False,False,False,False,False,False,False
23716,STATE_INIT,9.821,-1.6,8.65,-0.12,-1.5,-0.26,9.6,0.12,0.06,-0.18,7.06,17.87,-66.18,0.919,31.54,-0.48,1.98,9.82,0,0.0,0.0,0.0,0.0,0.0,0,-0.01,0.99,812.47,0.12,812.57,False,True,True,False,True,True,False,True,True,True,True,False,False,False,False,False,False,False,False,False,False,False,False,False
23716,STATE_INIT,9.821,-1.6,8.65,-0.12,-1.5,-0.26,9.6,0.12,0.06,-0.18,7.06,17.87,-66.18,0.919,31.54,-0.48,1.98,9.82,0,0.0,0.0,0.0,0.0,0.0,0,-0.01,0.99,812.47,0.12,812.57,False,True,True,False,True,True,False,True,True,True,True,False,False,False,False,False,False,False,False,False,False,False,False,False
23716,STATE_INIT,9.821,-1.6,8.65,-0.12,-1.5,-0.26,9.6,0.12,0.06,-0.18,7.06,17.87,-66.18,0.919,31.54,-0.48,1.98,9.82,0,0.0,0.0,0.0,0.0,0.0,0,-0.01,0.99,812.47,0.12,812.57,False,True,True,False,True,True,False,True,True,True,True,False,False,False,False,False,False,False,False,False,False,False,False,False
23917,STATE_INIT,9.821,-1.6,8.65,-0.12,-1.43,-0.28,9.62,0.0,-0.12,0.06,6.0,19.06,-65.75,0.919,31.33,-0.37,1.9,9.76,0,0.0,0.0,0.0,0.0,0.0,0,-0.03,0.98,812.47,0.13,812.57,False,True,True,False,True,True,False,True,True,True,True,False,False,False,False,False,False,False,False,False,False,False,False,False
23917,STATE_INIT,9.821,-1.6,8.65,-0.12,-1.43,-0.28,9.62,0.0,-0.12,0.06,6.0,19.06,-65.75,0.919,31.33,-0.37,1.9,9.76,0,0.0,0.0,0.0,0.0,0.0,0,-0.03,0.98,812.47,0.13,812.57,False,True,True,False,True,True,False,True,True,True,True,False,False,False,False,False,False,False,False,False,False,False,False,False
23917,STATE_INIT,9.821,-1.6,8.65,-0.12,-1.43,-0.28,9.62,0.0,-0.12,0.06,6.0,19.06,-65.75,0.919,31.33,-0.37,1.9,9.76,0,0.0,0.0,0.0,0.0,0.0,0,-0.03,0.98,812.47,0.13,812.57,False,True,True,False,True,True,False,True,True,True,True,False,False,False,False,False,False,False,False,False,False,False,False,False
23917,STATE_INIT,9.821,-1.6,8.65,-0.12,-1.43,-0.28,9.62,0.0,-0.12,0.06,6.0,19.06,-65.75,0.919,31.33,-0.37,1.9,9.76,0,0.0,0.0,0.0,0.0,0.0,0,-0.03,0.98,812.47,0.13,812.57,False,True,True,False,True,True,False,True,True,True,True,False,False,False,False,False,False,False,False,False,False,False,False,False
24116,STATE_INIT,9.798,-1.6,8.64,-0.12,-1.55,-0.35,9.79,-0.43,-0.81,0.06,6.37,17.87,-65.75,0.919,31.43,-0.37,1.99,9.49,0,0.0,0.0,0.0,0.0,0.0,0,0.12,0.95,812.48,0.14,813.02,False,True,True,False,True,True,False,True,True,True,True,False,False,False,False,False,False,False,False,False,False,False,False,False
24416,STATE_INIT,9.821,-1.6,8.65,-0.12,-1.5,-0.23,9.64,0.06,0.31,-0.06,6.75,18.25,-66.18,0.919,31.59,-0.46,1.95,9.88,0,0.0,0.0,0.0,0.0,0.0,0,-0.02,0.99,812.49,0.14,812.57,False,True,True,False,True,True,False,True,True,True,True,False,False,False,False,False,False,False,False,False,False,False,False,False
24416,STATE_INIT,9.821,-1.6,8.65,-0.12,-1.5,-0.23,9.64,0.06,0.31,-0.06,6.75,18.25,-66.18,0.919,31.59,-0.46,1.95,9.88,0,0.0,0.0,0.0,0.0,0.0,0,-0.02,0.99,812.49,0.14,812.57,False,True,True,False,True,True,False,True,True,True,True,False,False,False,False,False,False,False,False,False,False,False,False,False
24416,STATE_INIT,9.821,-1.6,8.65,-0.12,-1.5,-0.23,9.64,0.06,0.31,-0.06,6.75,18.25,-66.18,0.919,31.59,-0.46,1.95,9.88,0,0.0,0.0,0.0,0.0,0.0,0,-0.02,0.99,812.49,0.14,812.57,False,True,True,False,True,True,False,True,True,True,True,False,False,False,False,False,False,False,False,False,False,False,False,False
24615,STATE_INIT,9.813,-1.6,8.65,-0.12,-1.51,-0.24,9.6,0.12,0.31,0.0,7.06,18.25,-66.18,0.919,31.38,-0.46,1.93,9.69,0,0.0,0.0,0.0,0.0,0.0,0,-0.07,0.97,812.44,0.09,812.75,False,True,True,False,True,True,False,True,True,True,True,False,False,False,False,False,False,False,False,False,False,False,False,False
24615,STATE_INIT,9.813,-1.6,8.65,-0.12,-1.51,-0.24,9.6,0.12,0.31,0.0,7.06,18.25,-66.18,0.919,31.38,-0.46,1.93,9.69,0,0.0,0.0,0.0,0.0,0.0,0,-0.07,0.97,812.44,0.09,812.75,False,True,True,False,True,True,False,True,True,True,True,False,False,False,False,False,False,False,False,False,False,False,False,False
24814,STATE_INIT,9.79,-1.6,8.65,-0.12,-1.44,-0.25,9.64,-0.37,-0.06,0.25,6.0,19.06,-66.06,0.919,31.43,-0.46,1.87,9.88,0,0.0,0.0,0.0,0.0,0.0,0,-0.04,0.99,812.48,0.12,812.3,False,True,True,False,True,True,False,True,True,True,True,False,False,False,False,False,False,False,False,False,False,False,False,False
24914,STATE_INIT,9.821,-1.6,8.65,-0.12,-1.45,-0.29,9.68,0.12,0.12,0.0,7.06,18.68,-66.06,0.919,31.49,-0.43,1.93,9.79,0,0.0,0.0,0.0,0.0,0.0,0,0.0,0.98,812.48,0.12,812.57,False,True,True,False,True,True,False,True,True,True,True,False,False,False,False,False,False,False,False,False,False,False,False,False
24914,STATE_INIT,9.821,-1.6,8.65,-0.12,-1.45,-0.29,9.68,0.12,0.12,0.0,7.06,18.68,-66.06,0.919,31.49,-0.43,1.93,9.79,0,0.0,0.0,0.0,0.0,0.0,0,0.0,0.98,812.48,0.12,812.57,False,True,True,False,True,True,False,True,True,True,True,False,False,False,False,False,False,False,False,False,False,False,False,False
24914,STATE_INIT,9.821,-1.6,8.65,-0.12,-1.45,-0.29,9.68,0.12,0.12,0.0,7.06,18.68,-66.06,0.919,31.49,-0.43,1.93,9.79,0,0.0,0.0,0.0,0.0,0.0,0,0.0,0.98,812.48,0.12,812.57,False,True,True,False,True,True,False,True,True,True,True,False,False,False,False,False,False,False,False,False,False,False,False,False
25014,STATE_INIT,9.79,-1.6,8.65,-0.12,-1.49,-0.22,9.57,0.37,0.25,0.0,6.75,21.68,-68.56,0.919,31.43,-0.37,1.9,9.69,0,0.0,0.0,0.0,0.0,0.0,0,-0.11,0.97,812.46,0.1,812.12,False,True,True,False,True,True,False,True,True,True,True,False,False,False,False,False,False,False,False,False,False,False,False,False
25014,STATE_INIT,9.79,-1.6,8.65,-0.12,-1.49,-0.22,9.57,0.37,0.25,0.0,6.75,21.68,-68.56,0.919,31.43,-0.37,1.9,9.69,0,0.0,0.0,0.0,0.0,0.0,0,-0.11,0.97,812.46,0.1,812.12,False,True,True,False,True,True,False,True,True,True,True,False,False,False,False,False,False,False,False,False,False,False,False,False
25014,STATE_INIT,9.79,-1.6,8.65,-0.12,-1.49,-0.22,9.57,0.37,0.25,0.0,6.75,21.68,-68.56,0.919,31.43,-0.37,1.9,9.69,0,0.0,0.0,0.0,0.0,0.0,0,-0.11,0.97,812.46,0.1,812.12,False,True,True,False,True,True,False,True,True,True,True,False,False,False,False,False,False,False,False,False,False,False,False,False
25014,STATE_INIT,9.79,-1.6,8.65,-0.12,-1.49,-0.22,9.57,0.37,0.25,0.0,6.75,21.68,-68.56,0.919,31.43,-0.37,1.9,9.69,0,0.0,0.0,0.0,0.0,0.0,0,-0.11,0.97,812.46,0.1,812.12,False,True,True,False,True,True,False,True,True,True,True,False,False,False,False,False,False,False,False,False,False,False,False,False
25214,STATE_INIT,9.782,-1.6,8.65,-0.12,-1.57,-0.3,9.62,-0.18,-0.12,-0.06,7.06,18.68,-65.75,0.919,31.43,-0.43,1.92,9.76,0,0.0,0.0,0.0,0.0,0.0,0,-0.04,0.98,812.44,0.09,812.12,False,True,True,False,True,True,False,True,True,True,True,False,False,False,False,False,False,False,False,False,False,False,False,False
25314,STATE_INIT,9.821,-1.6,8.65,-0.12,-1.46,-0.25,9.62,-0.06,-0.06,0.06,6.37,19.06,-65.25,0.919,31.43,-0.43,1.92,9.85,0,0.0,0.0,0.0,0.0,0.0,0,-0.05,0.99,812.44,0.08,812.03,False,True,True,False,True,True,False,True,True,True,True,False,False,False,False,False,False,False,False,False,False,False,False,False
25314,STATE_INIT,9.821,-1.6,8.65,-0.12,-1.46,-0.25,9.62,-0.06,-0.06,0.06,6.37,19.06,-65.25,0.919,31.43,-0.43,1.92,9.85,0,0.0,0.0,0.0,0.0,0.0,0,-0.05,0.99,812.44,0.08,812.03,False,True,True,False,True,True,False,True,True,True,True,False,False,False,False,False,False,False,False,False,False,False,False,False
25515,STATE_INIT,9.821,-1.6,8.65,-0.12,-1.49,-0.26,9.6,0.12,0.0,0.06,6.37,17.87,-64.87,0.919,31.43,-0.43,1.9,9.8,0,0.0,0.0,0.0,0.0,0.0,0,-0.06,0.98,812.43,0.07,812.66,False,True,True,False,True,True,False,True,True,True,True,False,False,False,False,False,False,False,False,False,False,False,False,False
25515,STATE_INIT,9.821,-1.6,8.65,-0.12,-1.49,-0.26,9.6,0.12,0.0,0.06,6.37,17.87,-64.87,0.919,31.43,-0.43,1.9,9.8,0,0.0,0.0,0.0,0.0,0.0,0,-0.06,0.98,812.43,0.07,812.66,False,True,True,False,True,True,False,True,True,True,True,False,False,False,False,False,False,False,False,False,False,False,False,False
25515,STATE_INIT,9.821,-1.6,8.65,-0.12,-1.49,-0.26,9.6,0.12,0.0,0.06,6.37,17.87,-64.87,0.919,31.43,-0.43,1.9,9.8,0,0.0,0.0,0.0,0.0,0.0,0,-0.06,0.98,812.43,0.07,812.66,False,True,True,False,True,True,False,True,True,True,True,False,False,False,False,False,False,False,False,False,False,False,False,False
25715,STATE_INIT,9.79,-1.6,8.65,-0.12,-1.5,-0.24,9.62,0.12,-0.06,0.0,7.06,17.87,-65.75,0.919,31.43,-0.38,1.86,9.76,0,0.0,0.0,0.0,0.0,0.0,0,-0.06,0.98,812.41,0.05,812.03,False,True,True,False,True,True,False,True,True,True,True,False,False,False,False,False,False,False,False,False,False,False,False,False
25715,STATE_INIT,9.79,-1.6,8.65,-0.12,-1.5,-0.24,9.62,0.12,-0.06,0.0,7.06,17.87,-65.75,0.919,31.43,-0.38,1.86,9.76,0,0.0,0.0,0.0,0.0,0.0,0,-0.06,0.98,812.41,0.05,812.03,False,True,True,False,True,True,False,True,True,True,True,False,False,False,False,False,False,False,False,False,False,False,False,False
25715,STATE_INIT,9.79,-1.6,8.65,-0.12,-1.5,-0.24,9.62,0.12,-0.06,0.0,7.06,17.87,-65.75,0.919,31.43,-0.38,1.86,9.76,0,0.0,0.0,0.0,0.0,0.0,0,-0.06,0.98,812.41,0.05,812.03,False,True,True,False,True,True,False,True,True,True,True,False,False,False,False,False,False,False,False,False,False,False,False,False
25816,STATE_INIT,9.828,-1.6,8.65,-0.12,-1.52,-0.28,9.63,0.12,0.18,-0.06,6.37,17.56,-65.75,0.919,31.54,-0.53,1.87,9.82,0,0.0,0.0,0.0,0.0,0.0,0,-0.01,0.99,812.44,0.08,812.3,False,True,True,False,True,True,False,True,True,True,True,False,False,False,False,False,False,False,False,False,False,False,False,False
26016,STATE_INIT,9.828,-1.6,8.65,-0.12,-1.5,-0.22,9.66,-0.06,-0.18,0.18,7.06,18.68,-65.75,0.919,31.43,-0.51,1.9,9.94,0,0.0,0.0,0.0,0.0,0.0,0,-0.08,1.0,812.44,0.07,812.75,False,True,True,False,True,True,False,True,True,True,True,False,False,False,False,False,False,False,False,False,False,False,False,False
26016,STATE_INIT,9.828,-1.6,8.65,-0.12,-1.5,-0.22,9.66,-0.06,-0.18,0.18,7.06,18.68,-65.75,0.919,31.43,-0.51,1.9,9.94,0,0.0,0.0,0.0,0.0,0.0,0,-0.08,1.0,812.44,0.07,812.75,False,True,True,False,True,True,False,True,True,True,True,False,False,False,False,False,False,False,False,False,False,False,False,False
26016,STATE_INIT,9.828,-1.6,8.65,-0.12,-1.5,-0.22,9.66,-0.06,-0.18,0.18,7.06,18.68,-65.75,0.919,31.43,-0.51,1.9,9.94,0,0.0,0.0,0.0,0.0,0.0,0,-0.08,1.0,812.44,0.07,812.75,False,True,True,False,True,True,False,True,True,True,True,False,False,False,False,False,False,False,False,False,False,False,False,False
26016,STATE_INIT,9.828,-1.6,8.65,-0.12,-1.5,-0.22,9.66,-0.06,-0.18,0.18,7.06,18.68,-65.75,0.919,31.43,-0.51,1.9,9.94,0,0.0,0.0,0.0,0.0,0.0,0,-0.08,1.0,812.44,0.07,812.75,False,True,True,False,True,True,False,True,True,True,True,False,False,False,False,False,False,False,False,False,False,False,False,False
26016,STATE_INIT,9.828,-1.6,8.65,-0.12,-1.5,-0.22,9.66,-0.06,-0.18,0.18,7.06,18.68,-65.75,0.919,31.43,-0.51,1.9,9.94,0,0.0,0.0,0.0,0.0,0.0,0,-0.08,1.0,812.44,0.07,812.75,False,True,True,False,True,True,False,True,True,True,True,False,False,False,False,False,False,False,False,False,False,False,False,False
26216,STATE_INIT,9.821,-1.6,8.65,-0.12,-1.5,-0.25,9.68,-0.18,-0.31,0.12,7.87,18.68,-64.87,0.919,31.33,-0.35,1.92,9.75,0,0.0,0.0,0.0,0.0,0.0,0,-0.04,0.98,812.45,0.08,812.3,False,True,True,False,True,True,False,True,True,True,True,False,False,False,False,False,False,False,False,False,False,False,False,False
26216,STATE_INIT,9.821,-1.6,8.65,-0.12,-1.5,-0.25,9.68,-0.18,-0.31,0.12,7.87,18.68,-64.87,0.919,31.33,-0.35,1.92,9.75,0,0.0,0.0,0.0,0.0,0.0,0,-0.04,0.98,812.45,0.08,812.3,False,True,True,False,True,True,False,True,True,True,True,False,False,False,False,False,False,False,False,False,False,False,False,False
26216,STATE_INIT,9.821,-1.6,8.65,-0.12,-1.5,-0.25,9.68,-0.18,-0.31,0.12,7.87,18.68,-64.87,0.919,31.33,-0.35,1.92,9.75,0,0.0,0.0,0.0,0.0,0.0,0,-0.04,0.98,812.45,0.08,812.3,False,True,True,False,True,True,False,True,True,True,True,False,False,False,False,False,False,False,False,False,False,False,False,False
26216,STATE_INIT,9.821,-1.6,8.65,-0.12,-1.5,-0.25,9.68,-0.18,-0.31,0.12,7.87,18.68,-64.87,0.919,31.33,-0.35,1.92,9.75,0,0.0,0.0,0.0,0.0,0.0,0,-0.04,0.98,812.45,0.08,812.3,False,True,True,False,True,True,False,True,True,True,True,False,False,False,False,False,False,False,False,False,False,False,False,False
26517,STATE_INIT,9.821,-1.6,8.65,-0.12,-1.5,-0.24,9.62,0.0,0.5,0.06,6.37,18.68,-65.25,0.919,31.28,-0.45,1.82,9.76,0,0.0,0.0,0.0,0.0,0.0,0,-0.05,0.98,812.44,0.07,811.94,False,True,True,False,True,True,False,True,True,True,True,False,False,False,False,False,False,False,False,False,False,False,False,False
26517,STATE_INIT,9.821,-1.6,8.65,-0.12,-1.5,-0.24,9.62,0.0,0.5,0.06,6.37,18.68,-65.25,0.919,31.28,-0.45,1.82,9.76,0,0.0,0.0,0.0,0.0,0.0,0,-0.05,0.98,812.44,0.07,811.94,False,True,True,False,True,True,False,True,True,True,True,False,False,False,False,False,False,False,False,False,False,False,False,False
26517,STATE_INIT,9.821,-1.6,8.65,-0.12,-1.5,-0.24,9.62,0.0,0.5,0.06,6.37,18.68,-65.25,0.919,31.28,-0.45,1.82,9.76,0,0.0,0.0,0.0,0.0,0.0,0,-0.05,0.98,812.44,0.07,811.94,False,True,True,False,True,True,False,True,True,True,True,False,False,False,False,False,False,False,False,False,False,False,False,False
26716,STATE_INIT,9.821,-1.6,8.65,-0.12,-1.42,-0.28,9.64,0.18,0.31,0.18,6.75,18.25,-65.68,0.919,31.28,-0.48,1.79,9.85,0,0.0,0.0,0.0,0.0,0.0,0,-0.04,0.99,812.46,0.08,812.84,False,True,True,False,True,True,False,True,True,True,True,False,False,False,False,False,False,False,False,False,False,False,False,False
26716,STATE_INIT,9.821,-1.6,8.65,-0.12,-1.42,-0.28,9.64,0.18,0.31,0.18,6.75,18.25,-65.68,0.919,31.28,-0.48,1.79,9.85,0,0.0,0.0,0.0,0.0,0.0,0,-0.04,0.99,812.46,0.08,812.84,False,True,True,False,True,True,False,True,True,True,True,False,False,False,False,False,False,False,False,False,False,False,False,False
27114,STATE_INIT,9.813,-1.6,8.65,-0.12,-1.41,-0.19,9.68,0.18,0.12,0.25,6.75,18.68,-66.06,0.919,31.28,-0.43,1.78,9.95,0,0.0,0.0,0.0,0.0,0.0,0,-0.01,1.0,812.46,0.08,812.12,False,True,True,False,True,True,False,True,True,True,True,False,False,False,False,False,False,False,False,False,False,False,False,False
27114,STATE_INIT,9.813,-1.6,8.65,-0.12,-1.41,-0.19,9.68,0.18,0.12,0.25,6.75,18.68,-66.06,0.919,31.28,-0.43,1.78,9.95,0,0.0,0.0,0.0,0.0,0.0,0,-0.01,1.0,812.46,0.08,812.12,False,True,True,False,True,True,False,True,True,True,True,False,False,False,False,False,False,False,False,False,False,False,False,False
27114,STATE_INIT,9.813,-1.6,8.65,-0.12,-1.41,-0.19,9.68,0.18,0.12,0.25,6.75,18.68,-66.06,0.919,31.28,-0.43,1.78,9.95,0,0.0,0.0,0.0,0.0,0.0,0,-0.01,1.0,812.46,0.08,812.12,False,True,True,False,True,True,False,True,True,True,True,False,False,False,False,False,False,False,False,False,False,False,False,False
27314,STATE_INIT,9.798,-1.6,8.65,-0.12,-1.38,-0.25,9.68,-1.31,-0.87,0.37,4.06,11.56,-39.18,0.919,31.38,-0.5,1.95,9.65,0,0.0,0.0,0.0,0.0,0.0,0,-0.01,0.97,812.47,0.07,812.66,False,True,True,False,True,True,False,True,True,True,True,False,False,False,False,False,False,False,False,False,False,False,False,False
27414,STATE_INIT,9.821,-1.6,8.65,-0.12,-1.43,-0.22,9.64,0.31,0.18,-0.06,4.37,11.37,-39.37,0.919,31.33,-0.5,2.03,9.88,0,0.0,0.0,0.0,0.0,0.0,0,-0.04,0.99,812.47,0.07,812.66,False,True,True,False,True,True,False,True,True,True,True,False,False,False,False,False,False,False,False,False,False,False,False,False
27414,STATE_INIT,9.821,-1.6,8.65,-0.12,-1.43,-0.22,9.64,0.31,0.18,-0.06,4.37,11.37,-39.37,0.919,31.33,-0.5,2.03,9.88,0,0.0,0.0,0.0,0.0,0.0,0,-0.04,0.99,812.47,0.07,812.66,False,True,True,False,True,True,False,True,True,True,True,False,False,False,False,False,False,False,False,False,False,False,False,False
28115,STATE_INIT,9.821,-1.59,8.65,-0.12,-1.4,-0.28,9.6,0.0,-0.18,0.06,4.0,9.87,-41.0,0.919,31.38,-0.53,2.06,9.62,0,0.0,0.0,0.0,0.0,0.0,0,-0.01,0.97,812.44,0.05,812.21,False,True,True,False,True,True,False,True,True,True,True,False,False,False,False,False,False,False,False,False,False,False,False,False
28115,STATE_INIT,9.821,-1.59,8.65,-0.12,-1.4,-0.28,9.6,0.0,-0.18,0.06,4.0,9.87,-41.0,0.919,31.38,-0.53,2.06,9.62,0,0.0,0.0,0.0,0.0,0.0,0,-0.01,0.97,812.44,0.05,812.21,False,True,True,False,True,True,False,True,True,True,True,False,False,False,False,False,False,False,False,False,False,False,False,False
28115,STATE_INIT,9.821,-1.59,8.65,-0.12,-1.4,-0.28,9.6,0.0,-0.18,0.06,4.0,9.87,-41.0,0.919,31.38,-0.53,2.06,9.62,0,0.0,0.0,0.0,0.0,0.0,0,-0.01,0.97,812.44,0.05,812.21,False,True,True,False,True,True,False,True,True,True,True,False,False,False,False,False,False,False,False,False,False,False,False,False
28115,STATE_INIT,9.821,-1.59,8.65,-0.12,-1.4,-0.28,9.6,0.0,-0.18,0.06,4.0,9.87,-41.0,0.919,31.38,-0.53,2.06,9.62,0,0.0,0.0,0.0,0.0,0.0,0,-0.01,0.97,812.44,0.05,812.21,False,True,True,False,True,True,False,True,True,True,True,False,False,False,False,False,False,False,False,False,False,False,False,False
28315,STATE_INIT,9.813,-1.59,8.65,-0.12,-1.46,-0.24,9.71,-0.37,0.12,0.06,4.37,11.0,-40.18,0.919,31.38,-0.45,1.98,9.84,0,0.0,0.0,0.0,0.0,0.0,0,0.01,0.99,812.44,0.05,812.48,False,True,True,False,True,True,False,True,True,True,True,False,False,False,False,False,False,False,False,False,False,False,False,False
28315,STATE_INIT,9.813,-1.59,8.65,-0.12,-1.46,-0.24,9.71,-0.37,0.12,0.06,4.37,11.0,-40.18,0.919,31.38,-0.45,1.98,9.84,0,0.0,0.0,0.0,0.0,0.0,0,0.01,0.99,812.44,0.05,812.48,False,True,True,False,True,True,False,True,True,True,True,False,False,False,False,False,False,False,False,False,False,False,False,False
28315,STATE_INIT,9.813,-1.59,8.65,-0.12,-1.46,-0.24,9.71,-0.37,0.12,0.06,4.37,11.0,-40.18,0.919,31.38,-0.45,1.98,9.84,0,0.0,0.0,0.0,0.0,0.0,0,0.01,0.99,812.44,0.05,812.48,False,True,True,False,True,True,False,True,True,True,True,False,False,False,False,False,False,False,False,False,False,False,False,False
28614,STATE_INIT,9.821,-1.59,8.65,-0.12,-1.52,-0.3,9.67,-0.06,-0.37,-0.06,4.68,11.75,-40.5,0.919,31.28,-0.51,1.84,9.74,0,0.0,0.0,0.0,0.0,0.0,0,0.0,0.98,812.43,0.04,812.3,False,True,True,False,True,True,False,True,True,True,True,False,False,False,False,False,False,False,False,False,False,False,False,False
28614,STATE_INIT,9.821,-1.59,8.65,-0.12,-1.52,-0.3,9.67,-0.06,-0.37,-0.06,4.68,11.75,-40.5,0.919,31.28,-0.51,1.84,9.74,0,0.0,0.0,0.0,0.0,0.0,0,0.0,0.98,812.43,0.04,812.3,False,True,True,False,True,True,False,True,True,True,True,False,False,False,False,False,False,False,False,False,False,False,False,False
28814,STATE_INIT,9.836,-1.6,8.65,-0.12,-1.48,-0.3,9.71,0.43,0.06,-0.12,4.37,10.56,-38.87,0.919,31.43,-0.4,1.95,9.69,0,0.0,0.0,0.0,0.0,0.0,0,0.02,0.97,812.42,0.03,812.39,False,True,True,False,True,True,False,True,True,True,True,False,False,False,False,False,False,False,False,False,False,False,False,False
28814,STATE_INIT,9.836,-1.6,8.65,-0.12,-1.48,-0.3,9.71,0.43,0.06,-0.12,4.37,10.56,-38.87,0.919,31.43,-0.4,1.95,9.69,0,0.0,0.0,0.0,0.0,0.0,0,0.02,0.97,812.42,0.03,812.39,False,True,True,False,True,True,False,True,True,True,True,False,False,False,False,False,False,False,False,False,False,False,False,False
28814,STATE_INIT,9.836,-1.6,8.65,-0.12,-1.48,-0.3,9.71,0.43,0.06,-0.12,4.37,10.56,-38.87,0.919,31.43,-0.4,1.95,9.69,0,0.0,0.0,0.0,0.0,0.0,0,0.02,0.97,812.42,0.03,812.39,False,True,True,False,True,True,False,True,True,True,True,False,False,False,False,False,False,False,False,False,False,False,False,False
28814,STATE_INIT,9.836,-1.6,8.65,-0.12,-1.48,-0.3,9.71,0.43,0.06,-0.12,4.37,10.56,-38.87,0.919,31.43,-0.4,1.95,9.69,0,0.0,0.0,0.0,0.0,0.0,0,0.02,0.97,812.42,0.03,812.39,False,True,True,False,True,True,False,True,True,True,True,False,False,False,False,False,False,False,False,False,False,False,False,False
28814,STATE_INIT,9.836,-1.6,8.65,-0.12,-1.48,-0.3,9.71,0.43,0.06,-0.12,4.37,10.56,-38.87,0.919,31.43,-0.4,1.95,9.69,0,0.0,0.0,0.0,0.0,0.0,0,0.02,0.97,812.42,0.03,812.39,False,True,True,False,True,True,False,True,True,True,True,False,False,False,False,False,False,False,False,False,False,False,False,False
28814,STATE_INIT,9.836,-1.6,8.65,-0.12,-1.48,-0.3,9.71,0.43,0.06,-0.12,4.37,10.56,-38.87,0.919,31.43,-0.4,1.95,9.69,0,0.0,0.0,0.0,0.0,0.0,0,0.02,0.97,812.42,0.03,812.39,False,True,True,False,True,True,False,True,True,True,True,False,False,False,False,False,False,False,False,False,False,False,False,False
29214,STATE_INIT,9.828,-1.61,8.63,-0.12,-1.54,-0.31,9.52,-0.12,-0.62,-0.12,3.56,10.56,-40.18,0.919,31.38,-0.53,2.01,9.73,0,0.0,0.0,0.0,0.0,0.0,0,-0.14,0.98,812.4,0.02,812.21,False,True,True,False,True,True,False,True,True,True,True,False,False,False,False,False,False,False,False,False,False,False,False,False
29214,STATE_INIT,9.828,-1.61,8.63,-0.12,-1.54,-0.31,9.52,-0.12,-0.62,-0.12,3.56,10.56,-40.18,0.919,31.38,-0.53,2.01,9.73,0,0.0,0.0,0.0,0.0,0.0,0,-0.14,0.98,812.4,0.02,812.21,False,True,True,False,True,True,False,True,True,True,True,False,False,False,False,False,False,False,False,False,False,False,False,False
29414,STATE_INIT,9.798,-1.61,8.62,-0.12,-1.48,-0.19,9.64,-0.43,0.0,0.12,3.87,11.5,-44.0,0.919,31.38,-0.43,1.9,9.84,0,0.0,0.0,0.0,0.0,0.0,0,-0.03,0.99,812.4,0.02,812.21,False,True,True,False,True,True,False,True,True,True,True,False,False,False,False,False,False,False,False,False,False,False,False,False
29414,STATE_INIT,9.798,-1.61,8.62,-0.12,-1.48,-0.19,9.64,-0.43,0.0,0.12,3.87,11.5,-44.0,0.919,31.38,-0.43,1.9,9.84,0,0.0,0.0,0.0,0.0,0.0,0,-0.03,0.99,812.4,0.02,812.21,False,True,True,False,True,True,False,True,True,True,True,False,False,False,False,False,False,False,False,False,False,False,False,False
29514,STATE_INIT,9.821,-1.61,8.61,-0.12,-1.43,-0.3,9.77,-0.56,-0.31,0.06,3.87,10.0,-41.56,0.919,31.54,-0.5,1.9,9.25,0,0.0,0.0,0.0,0.0,0.0,0,0.07,0.93,812.4,0.02,812.57,False,True,True,False,True,True,False,True,True,True,True,False,False,False,False,False,False,False,False,False,False,False,False,False
29714,STATE_INIT,9.813,-1.51,8.18,-0.06,-2.14,-0.26,10.34,-1.93,-13.81,1.75,3.68,9.37,-41.0,0.919,31.49,-0.34,1.59,9.29,0,0.0,0.0,0.0,0.0,0.0,0,0.73,0.93,812.37,0.0,811.85,False,True,True,False,True,True,False,True,True,True,True,False,False,False,False,False,False,False,False,False,False,False,False,False
29714,STATE_INIT,9.813,-1.51,8.18,-0.06,-2.14,-0.26,10.34,-1.93,-13.81,1.75,3.68,9.37,-41.0,0.919,31.49,-0.34,1.59,9.29,0,0.0,0.0,0.0,0.0,0.0,0,0.73,0.93,812.37,0.0,811.85,False,True,True,False,True,True,False,True,True,True,True,False,False,False,False,False,False,False,False,False,False,False,False,False
29714,STATE_INIT,9.813,-1.51,8.18,-0.06,-2.14,-0.26,10.34,-1.93,-13.81,1.75,3.68,9.37,-41.0,0.919,31.49,-0.34,1.59,9.29,0,0.0,0.0,0.0,0.0,0.0,0,0.73,0.93,812.37,0.0,811.85,False,True,True,False,True,True,False,True,True,True,True,False,False,False,False,False,False,False,False,False,False,False,False,False
30416,STATE_INIT,9.821,-3.24,9.91,-3.42,-1.72,-0.45,9.6,-3.0,2.43,-1.5,3.18,11.56,-40.87,0.919,31.43,-0.87,2.26,9.89,0,0.0,0.0,0.0,0.0,0.0,0,0.0,0.99,812.35,0.0,812.3,False,True,True,False,True,True,False,True,True,True,True,False,False,False,False,False,False,False,False,False,False,False,False,False
30416,STATE_INIT,9.821,-3.24,9.91,-3.42,-1.72,-0.45,9.6,-3.0,2.43,-1.5,3.18,11.56,-40.87,0.919,31.43,-0.87,2.26,9.89,0,0.0,0.0,0.0,0.0,0.0,0,0.0,0.99,812.35,0.0,812.3,False,True,True,False,True,True,False,True,True,True,True,False,False,False,False,False,False,False,False,False,False,False,False,False
30416,STATE_INIT,9.821,-3.24,9.91,-3.42,-1.72,-0.45,9.6,-3.0,2.43,-1.5,3.18,11.56,-40.87,0.919,31.43,-0.87,2.26,9.89,0,0.0,0.0,0.0,0.0,0.0,0,0.0,0.99,812.35,0.0,812.3,False,True,True,False,True,True,False,True,True,True,True,False,False,False,False,False,False,False,False,False,False,False,False,False
30416,STATE_INIT,9.821,-3.24,9.91,-3.42,-1.72,-0.45,9.6,-3.0,2.43,-1.5,3.18,11.56,-40.87,0.919,31.43,-0.87,2.26,9.89,0,0.0,0.0,0.0,0.0,0.0,0,0.0,0.99,812.35,0.0,812.3,False,True,True,False,True,True,False,True,True,True,True,False,False,False,False,False,False,False,False,False,False,False,False,False
30416,STATE_INIT,9.821,-3.24,9.91,-3.42,-1.72,-0.45,9.6,-3.0,2.43,-1.5,3.18,11.56,-40.87,0.919,31.43,-0.87,2.26,9.89,0,0.0,0.0,0.0,0.0,0.0,0,0.0,0.99,812.35,0.0,812.3,False,True,True,False,True,True,False,True,True,True,True,False,False,False,False,False,False,False,False,False,False,False,False,False
30717,STATE_INIT,9.821,-3.62,10.55,-4.78,-1.91,-0.47,9.77,1.5,-1.81,0.62,3.75,12.18,-40.25,0.919,31.43,-0.9,2.56,9.48,0,0.0,0.0,0.0,0.0,0.0,0,0.39,0.94,812.38,0.03,812.84,False,True,True,False,True,True,False,True,True,True,True,False,False,False,False,False,False,False,False,False,False,False,False,False
30717,STATE_INIT,9.821,-3.62,10.55,-4.78,-1.91,-0.47,9.77,1.5,-1.81,0.62,3.75,12.18,-40.25,0.919,31.43,-0.9,2.56,9.48,0,0.0,0.0,0.0,0.0,0.0,0,0.39,0.94,812.38,0.03,812.84,False,True,True,False,True,True,False,True,True,True,True,False,False,False,False,False,False,False,False,False,False,False,False,False
30717,STATE_INIT,9.821,-3.62,10.55,-4.78,-1.91,-0.47,9.77,1.5,-1.81,0.62,3.75,12.18,-40.25,0.919,31.43,-0.9,2.56,9.48,0,0.0,0.0,0.0,0.0,0.0,0,0.39,0.94,812.38,0.03,812.84,False,True,True,False,True,True,False,True,True,True,True,False,False,False,False,False,False,False,False,False,False,False,False,False
30917,STATE_INIT,9.821,-4.35,11.35,-5.18,-2.16,-1.23,9.59,-2.31,5.37,-6.56,4.5,12.5,-40.37,0.919,31.54,-0.64,2.37,9.95,0,0.0,0.0,0.0,0.0,0.0,0,-0.05,0.98,812.41,0.05,813.02,False,True,True,False,True,True,False,True,True,True,True,False,False,False,False,False,False,False,False,False,False,False,False,False
30917,STATE_INIT,9.821,-4.35,11.35,-5.18,-2.16,-1.23,9.59,-2.31,5.37,-6.56,4.5,12.5,-40.37,0.919,31.54,-0.64,2.37,9.95,0,0.0,0.0,0.0,0.0,0.0,0,-0.05,0.98,812.41,0.05,813.02,False,True,True,False,True,True,False,True,True,True,True,False,False,False,False,False,False,False,False,False,False,False,False,False
30917,STATE_INIT,9.821,-4.35,11.35,-5.18,-2.16,-1.23,9.59,-2.31,5.37,-6.56,4.5,12.5,-40.37,0.919,31.54,-0.64,2.37,9.95,0,0.0,0.0,0.0,0.0,0.0,0,-0.05,0.98,812.41,0.05,813.02,False,True,True,False,True,True,False,True,True,True,True,False,False,False,False,False,False,False,False,False,False,False,False,False
30917,STATE_INIT,9.821,-4.35,11.35,-5.18,-2.16,-1.23,9.59,-2.31,5.37,-6.56,4.5,12.5,-40.37,0.919,31.54,-0.64,2.37,9.95,0,0.0,0.0,0.0,0.0,0.0,0,-0.05,0.98,812.41,0.05,813.02,False,True,True,False,True,True,False,True,True,True,True,False,False,False,False,False,False,False,False,False,False,False,False,False
31017,STATE_INIT,9.798,-4.47,12.04,-5.77,-1.77,-0.37,9.58,4.12,15.43,-3.37,4.0,13.0,-39.37,0.919,31.38,-1.02,2.62,9.56,0,0.0,0.0,0.0,0.0,0.0,0,-0.06,0.95,812.43,0.07,812.66,False,True,True,False,True,True,False,True,True,True,True,False,False,False,False,False,False,False,False,False,False,False,False,False
