time_boot_ms,mission_state,battery_mv,roll,pitch,yaw,imu_acc_x,imu_acc_y,imu_acc_z,imu_gyro_x,imu_gyro_y,imu_gyro_z,imu_mag_x,imu_mag_y,imu_mag_z,pressure_pa,temp_celsius,highg_acc_x,highg_acc_y,highg_acc_z,gps_fix,lat,lon,gps_alt,vel,cog,satellites_nb,imu_acc_vertical,highg_acc_vertical,kalman_z,kalman_v,altitude_msl_cm,FLAG_IDEFIX_OK,FLAG_BT_OK,FLAG_FLASH_OK,FLAG_SD_OK,FLAG_TEMP_OK,FLAG_HIGHG_OK,FLAG_GPS_OK,FLAG_BARO_OK,FLAG_IMU_OK,FLAG_RADIO_OK,FLAG_PYROS_ARMED_OK,FLAG_PYRO1_CONN,FLAG_PYRO2_CONN,FLAG_PYRO3_CONN,FLAG_PYRO4_CONN,FLAG_PYROS_ARMED,FLAG_PYRO1_FIRED,FLAG_PYRO2_FIRED,FLAG_PYRO3_FIRED,FLAG_PYRO4_FIRED,FLAG_APOGEE_DETECTED,FLAG_MAIN_DEPLOYED,FLAG_DROGUE_DEPLOYED,FLAG_MACH_LOCK_ENABLED
8048,STATE_PREFLIGHT,12.4,5.0,10.0,45.0,0.0,0.0,9.81,0.1,0.2,0.3,12.3,45.6,78.9,101.325,25.0,0.0,0.0,98.1,1,46.5,6.6,1200.0,1.5,3.5,12,9.81,98.1,1198.4,0.0,1200.0,True,True,True,True,True,True,True,True,True,True,True,True,True,True,True,True,False,False,False,False,False,False,False,False
8552,STATE_PREFLIGHT,12.4,5.0,10.0,45.0,0.0,0.0,9.81,0.1,0.2,0.3,12.3,45.6,78.9,101.325,25.0,0.0,0.0,98.1,1,46.5,6.6,1200.0,1.5,3.5,12,9.81,98.1,1198.4,0.0,1200.0,True,True,True,True,True,True,True,True,True,True,True,True,True,True,True,True,False,False,False,False,False,False,False,False
9054,STATE_PREFLIGHT,12.4,5.0,10.0,45.0,0.0,0.0,9.81,0.1,0.2,0.3,12.3,45.6,78.9,101.325,25.0,0.0,0.0,98.1,1,46.5,6.6,1200.0,1.5,3.5,12,9.81,98.1,1198.4,0.0,1200.0,True,True,True,True,True,True,True,True,True,True,True,True,True,True,True,True,False,False,False,False,False,False,False,False
9560,STATE_PREFLIGHT,12.4,5.0,10.0,45.0,0.0,0.0,9.81,0.1,0.2,0.3,12.3,45.6,78.9,101.325,25.0,0.0,0.0,98.1,1,46.5,6.6,1200.0,1.5,3.5,12,9.81,98.1,1198.4,0.0,1200.0,True,True,True,True,True,True,True,True,True,True,True,True,True,True,True,True,False,False,False,False,False,False,False,False
10062,STATE_PREFLIGHT,12.4,5.0,10.0,45.0,0.0,0.0,9.81,0.1,0.2,0.3,12.3,45.6,78.9,101.325,25.0,0.0,0.0,98.1,1,46.5,6.6,1200.0,1.5,3.5,12,9.81,98.1,1198.4,0.0,1200.0,True,True,True,True,True,True,True,True,True,True,True,True,True,True,True,True,False,False,False,False,False,False,False,False
10564,STATE_PREFLIGHT,12.4,5.0,10.0,45.0,0.0,0.0,9.81,0.1,0.2,0.3,12.3,45.6,78.9,101.325,25.0,0.0,0.0,98.1,1,46.5,6.6,1200.0,1.5,3.5,12,9.81,98.1,1198.4,0.0,1200.0,True,True,True,True,True,True,True,True,True,True,True,True,True,True,True,True,False,False,False,False,False,False,False,False
11067,STATE_PREFLIGHT,12.4,5.0,10.0,45.0,0.0,0.0,9.81,0.1,0.2,0.3,12.3,45.6,78.9,101.325,25.0,0.0,0.0,98.1,1,46.5,6.6,1200.0,1.5,3.5,12,9.81,98.1,1198.4,0.0,1200.0,True,True,True,True,True,True,True,True,True,True,True,True,True,True,True,True,False,False,False,False,False,False,False,False
11569,STATE_PREFLIGHT,12.4,5.0,10.0,45.0,0.0,0.0,9.81,0.1,0.2,0.3,12.3,45.6,78.9,101.325,25.0,0.0,0.0,98.1,1,46.5,6.6,1200.0,1.5,3.5,12,9.81,98.1,1198.4,0.0,1200.0,True,True,True,True,True,True,True,True,True,True,True,True,True,True,True,True,False,False,False,False,False,False,False,False
12070,STATE_PREFLIGHT,12.4,5.0,10.0,45.0,0.0,0.0,9.81,0.1,0.2,0.3,12.3,45.6,78.9,101.325,25.0,0.0,0.0,98.1,1,46.5,6.6,1200.0,1.5,3.5,12,9.81,98.1,1198.4,0.0,1200.0,True,True,True,True,True,True,True,True,True,True,True,True,True,True,True,True,False,False,False,False,False,False,False,False
12572,STATE_PREFLIGHT,12.4,5.0,10.0,45.0,0.0,0.0,9.81,0.1,0.2,0.3,12.3,45.6,78.9,101.325,25.0,0.0,0.0,98.1,1,46.5,6.6,1200.0,1.5,3.5,12,9.81,98.1,1198.4,0.0,1200.0,True,True,True,True,True,True,True,True,True,True,True,True,True,True,True,True,False,False,False,False,False,False,False,False
13074,STATE_PREFLIGHT,12.4,5.0,10.0,45.0,0.0,0.0,9.81,0.1,0.2,0.3,12.3,45.6,78.9,101.325,25.0,0.0,0.0,98.1,1,46.5,6.6,1200.0,1.5,3.5,12,9.81,98.1,1198.4,0.0,1200.0,True,True,True,True,True,True,True,True,True,True,True,True,True,True,True,True,False,False,False,False,False,False,False,False
13577,STATE_PREFLIGHT,12.4,5.0,10.0,45.0,0.0,0.0,9.81,0.1,0.2,0.3,12.3,45.6,78.9,101.325,25.0,0.0,0.0,98.1,1,46.5,6.6,1200.0,1.5,3.5,12,9.81,98.1,1198.4,0.0,1200.0,True,True,True,True,True,True,True,True,True,True,True,True,True,True,True,True,False,False,False,False,False,False,False,False
14079,STATE_PREFLIGHT,12.4,5.0,10.0,45.0,0.0,0.0,9.81,0.1,0.2,0.3,12.3,45.6,78.9,101.325,25.0,0.0,0.0,98.1,1,46.5,6.6,1200.0,1.5,3.5,12,9.81,98.1,1198.4,0.0,1200.0,True,True,True,True,True,True,True,True,True,True,True,True,True,True,True,True,False,False,False,False,False,False,False,False
14584,STATE_PREFLIGHT,12.4,5.0,10.0,45.0,0.0,0.0,9.81,0.1,0.2,0.3,12.3,45.6,78.9,101.325,25.0,0.0,0.0,98.1,1,46.5,6.6,1200.0,1.5,3.5,12,9.81,98.1,1198.4,0.0,1200.0,True,True,True,True,True,True,True,True,True,True,True,True,True,True,True,True,False,False,False,False,False,False,False,False
15086,STATE_PREFLIGHT,12.4,5.0,10.0,45.0,0.0,0.0,9.81,0.1,0.2,0.3,12.3,45.6,78.9,101.325,25.0,0.0,0.0,98.1,1,46.5,6.6,1200.0,1.5,3.5,12,9.81,98.1,1198.4,0.0,1200.0,True,True,True,True,True,True,True,True,True,True,True,True,True,True,True,True,False,False,False,False,False,False,False,False
15587,STATE_PREFLIGHT,12.4,5.0,10.0,45.0,0.0,0.0,9.81,0.1,0.2,0.3,12.3,45.6,78.9,101.325,25.0,0.0,0.0,98.1,1,46.5,6.6,1200.0,1.5,3.5,12,9.81,98.1,1198.4,0.0,1200.0,True,True,True,True,True,True,True,True,True,True,True,True,True,True,True,True,False,False,False,False,False,False,False,False
16089,STATE_PREFLIGHT,12.4,5.0,10.0,45.0,0.0,0.0,9.81,0.1,0.2,0.3,12.3,45.6,78.9,101.325,25.0,0.0,0.0,98.1,1,46.5,6.6,1200.0,1.5,3.5,12,9.81,98.1,1198.4,0.0,1200.0,True,True,True,True,True,True,True,True,True,True,True,True,True,True,True,True,False,False,False,False,False,False,False,False
16591,STATE_PREFLIGHT,12.4,5.0,10.0,45.0,0.0,0.0,9.81,0.1,0.2,0.3,12.3,45.6,78.9,101.325,25.0,0.0,0.0,98.1,1,46.5,6.6,1200.0,1.5,3.5,12,9.81,98.1,1198.4,0.0,1200.0,True,True,True,True,True,True,True,True,True,True,True,True,True,True,True,True,False,False,False,False,False,False,False,False
17092,STATE_PREFLIGHT,12.4,5.0,10.0,45.0,0.0,0.0,9.81,0.1,0.2,0.3,12.3,45.6,78.9,101.325,25.0,0.0,0.0,98.1,1,46.5,6.6,1200.0,1.5,3.5,12,9.81,98.1,1198.4,0.0,1200.0,True,True,True,True,True,True,True,True,True,True,True,True,True,True,True,True,False,False,False,False,False,False,False,False
17594,STATE_PREFLIGHT,12.4,5.0,10.0,45.0,0.0,0.0,9.81,0.1,0.2,0.3,12.3,45.6,78.9,101.325,25.0,0.0,0.0,98.1,1,46.5,6.6,1200.0,1.5,3.5,12,9.81,98.1,1198.4,0.0,1200.0,True,True,True,True,True,True,True,True,True,True,True,True,True,True,True,True,False,False,False,False,False,False,False,False
18097,STATE_PREFLIGHT,12.4,5.0,10.0,45.0,0.0,0.0,9.81,0.1,0.2,0.3,12.3,45.6,78.9,101.325,25.0,0.0,0.0,98.1,1,46.5,6.6,1200.0,1.5,3.5,12,9.81,98.1,1198.4,0.0,1200.0,True,True,True,True,True,True,True,True,True,True,True,True,True,True,True,True,False,False,False,False,False,False,False,False
18599,STATE_PREFLIGHT,12.4,5.0,10.0,45.0,0.0,0.0,9.81,0.1,0.2,0.3,12.3,45.6,78.9,101.325,25.0,0.0,0.0,98.1,1,46.5,6.6,1200.0,1.5,3.5,12,9.81,98.1,1198.4,0.0,1200.0,True,True,True,True,True,True,True,True,True,True,True,True,True,True,True,True,False,False,False,False,False,False,False,False
19102,STATE_PREFLIGHT,12.4,5.0,10.0,45.0,0.0,0.0,9.81,0.1,0.2,0.3,12.3,45.6,78.9,101.325,25.0,0.0,0.0,98.1,1,46.5,6.6,1200.0,1.5,3.5,12,9.81,98.1,1198.4,0.0,1200.0,True,True,True,True,True,True,True,True,True,True,True,True,True,True,True,True,False,False,False,False,False,False,False,False
19605,STATE_PREFLIGHT,12.4,5.0,10.0,45.0,0.0,0.0,9.81,0.1,0.2,0.3,12.3,45.6,78.9,101.325,25.0,0.0,0.0,98.1,1,46.5,6.6,1200.0,1.5,3.5,12,9.81,98.1,1198.4,0.0,1200.0,True,True,True,True,True,True,True,True,True,True,True,True,True,True,True,True,False,False,False,False,False,False,False,False
20107,STATE_PREFLIGHT,12.4,5.0,10.0,45.0,0.0,0.0,9.81,0.1,0.2,0.3,12.3,45.6,78.9,101.325,25.0,0.0,0.0,98.1,1,46.5,6.6,1200.0,1.5,3.5,12,9.81,98.1,1198.4,0.0,1200.0,True,True,True,True,True,True,True,True,True,True,True,True,True,True,True,True,False,False,False,False,False,False,False,False
20610,STATE_PREFLIGHT,12.4,5.0,10.0,45.0,0.0,0.0,9.81,0.1,0.2,0.3,12.3,45.6,78.9,101.325,25.0,0.0,0.0,98.1,1,46.5,6.6,1200.0,1.5,3.5,12,9.81,98.1,1198.4,0.0,1200.0,True,True,True,True,True,True,True,True,True,True,True,True,True,True,True,True,False,False,False,False,False,False,False,False
21111,STATE_PREFLIGHT,12.4,5.0,10.0,45.0,0.0,0.0,9.81,0.1,0.2,0.3,12.3,45.6,78.9,101.325,25.0,0.0,0.0,98.1,1,46.5,6.6,1200.0,1.5,3.5,12,9.81,98.1,1198.4,0.0,1200.0,True,True,True,True,True,True,True,True,True,True,True,True,True,True,True,True,False,False,False,False,False,False,False,False
21613,STATE_PREFLIGHT,12.4,5.0,10.0,45.0,0.0,0.0,9.81,0.1,0.2,0.3,12.3,45.6,78.9,101.325,25.0,0.0,0.0,98.1,1,46.5,6.6,1200.0,1.5,3.5,12,9.81,98.1,1198.4,0.0,1200.0,True,True,True,True,True,True,True,True,True,True,True,True,True,True,True,True,False,False,False,False,False,False,False,False
22115,STATE_PREFLIGHT,12.4,5.0,10.0,45.0,0.0,0.0,9.81,0.1,0.2,0.3,12.3,45.6,78.9,101.325,25.0,0.0,0.0,98.1,1,46.5,6.6,1200.0,1.5,3.5,12,9.81,98.1,1198.4,0.0,1200.0,True,True,True,True,True,True,True,True,True,True,True,True,True,True,True,True,False,False,False,False,False,False,False,False
22617,STATE_PREFLIGHT,12.4,5.0,10.0,45.0,0.0,0.0,9.81,0.1,0.2,0.3,12.3,45.6,78.9,101.325,25.0,0.0,0.0,98.1,1,46.5,6.6,1200.0,1.5,3.5,12,9.81,98.1,1198.4,0.0,1200.0,True,True,True,True,True,True,True,True,True,True,True,True,True,True,True,True,False,False,False,False,False,False,False,False
23119,STATE_PREFLIGHT,12.4,5.0,10.0,45.0,0.0,0.0,9.81,0.1,0.2,0.3,12.3,45.6,78.9,101.325,25.0,0.0,0.0,98.1,1,46.5,6.6,1200.0,1.5,3.5,12,9.81,98.1,1198.4,0.0,1200.0,True,True,True,True,True,True,True,True,True,True,True,True,True,True,True,True,False,False,False,False,False,False,False,False
23621,STATE_PREFLIGHT,12.4,5.0,10.0,45.0,0.0,0.0,9.81,0.1,0.2,0.3,12.3,45.6,78.9,101.325,25.0,0.0,0.0,98.1,1,46.5,6.6,1200.0,1.5,3.5,12,9.81,98.1,1198.4,0.0,1200.0,True,True,True,True,True,True,True,True,True,True,True,True,True,True,True,True,False,False,False,False,False,False,False,False
24123,STATE_PREFLIGHT,12.4,5.0,10.0,45.0,0.0,0.0,9.81,0.1,0.2,0.3,12.3,45.6,78.9,101.325,25.0,0.0,0.0,98.1,1,46.5,6.6,1200.0,1.5,3.5,12,9.81,98.1,1198.4,0.0,1200.0,True,True,True,True,True,True,True,True,True,True,True,True,True,True,True,True,False,False,False,False,False,False,False,False
24625,STATE_PREFLIGHT,12.4,5.0,10.0,45.0,0.0,0.0,9.81,0.1,0.2,0.3,12.3,45.6,78.9,101.325,25.0,0.0,0.0,98.1,1,46.5,6.6,1200.0,1.5,3.5,12,9.81,98.1,1198.4,0.0,1200.0,True,True,True,True,True,True,True,True,True,True,True,True,True,True,True,True,False,False,False,False,False,False,False,False
25130,STATE_PREFLIGHT,12.4,5.0,10.0,45.0,0.0,0.0,9.81,0.1,0.2,0.3,12.3,45.6,78.9,101.325,25.0,0.0,0.0,98.1,1,46.5,6.6,1200.0,1.5,3.5,12,9.81,98.1,1198.4,0.0,1200.0,True,True,True,True,True,True,True,True,True,True,True,True,True,True,True,True,False,False,False,False,False,False,False,False
25632,STATE_PREFLIGHT,12.4,5.0,10.0,45.0,0.0,0.0,9.81,0.1,0.2,0.3,12.3,45.6,78.9,101.325,25.0,0.0,0.0,98.1,1,46.5,6.6,1200.0,1.5,3.5,12,9.81,98.1,1198.4,0.0,1200.0,True,True,True,True,True,True,True,True,True,True,True,True,True,True,True,True,False,False,False,False,False,False,False,False
26135,STATE_PREFLIGHT,12.4,5.0,10.0,45.0,0.0,0.0,9.81,0.1,0.2,0.3,12.3,45.6,78.9,101.325,25.0,0.0,0.0,98.1,1,46.5,6.6,1200.0,1.5,3.5,12,9.81,98.1,1198.4,0.0,1200.0,True,True,True,True,True,True,True,True,True,True,True,True,True,True,True,True,False,False,False,False,False,False,False,False
26637,STATE_PREFLIGHT,12.4,5.0,10.0,45.0,0.0,0.0,9.81,0.1,0.2,0.3,12.3,45.6,78.9,101.325,25.0,0.0,0.0,98.1,1,46.5,6.6,1200.0,1.5,3.5,12,9.81,98.1,1198.4,0.0,1200.0,True,True,True,True,True,True,True,True,True,True,True,True,True,True,True,True,False,False,False,False,False,False,False,False
27139,STATE_PREFLIGHT,12.4,5.0,10.0,45.0,0.0,0.0,9.81,0.1,0.2,0.3,12.3,45.6,78.9,101.325,25.0,0.0,0.0,98.1,1,46.5,6.6,1200.0,1.5,3.5,12,9.81,98.1,1198.4,0.0,1200.0,True,True,True,True,True,True,True,True,True,True,True,True,True,True,True,True,False,False,False,False,False,False,False,False
27641,STATE_PREFLIGHT,12.4,5.0,10.0,45.0,0.0,0.0,9.81,0.1,0.2,0.3,12.3,45.6,78.9,101.325,25.0,0.0,0.0,98.1,1,46.5,6.6,1200.0,1.5,3.5,12,9.81,98.1,1198.4,0.0,1200.0,True,True,True,True,True,True,True,True,True,True,True,True,True,True,True,True,False,False,False,False,False,False,False,False
28143,STATE_PREFLIGHT,12.4,5.0,10.0,45.0,0.0,0.0,9.81,0.1,0.2,0.3,12.3,45.6,78.9,101.325,25.0,0.0,0.0,98.1,1,46.5,6.6,1200.0,1.5,3.5,12,9.81,98.1,1198.4,0.0,1200.0,True,True,True,True,True,True,True,True,True,True,True,True,True,True,True,True,False,False,False,False,False,False,False,False
28644,STATE_PREFLIGHT,12.4,5.0,10.0,45.0,0.0,0.0,9.81,0.1,0.2,0.3,12.3,45.6,78.9,101.325,25.0,0.0,0.0,98.1,1,46.5,6.6,1200.0,1.5,3.5,12,9.81,98.1,1198.4,0.0,1200.0,True,True,True,True,True,True,True,True,True,True,True,True,True,True,True,True,False,False,False,False,False,False,False,False
29146,STATE_PREFLIGHT,12.4,5.0,10.0,45.0,0.0,0.0,9.81,0.1,0.2,0.3,12.3,45.6,78.9,101.325,25.0,0.0,0.0,98.1,1,46.5,6.6,1200.0,1.5,3.5,12,9.81,98.1,1198.4,0.0,1200.0,True,True,True,True,True,True,True,True,True,True,True,True,True,True,True,True,False,False,False,False,False,False,False,False
29648,STATE_PREFLIGHT,12.4,5.0,10.0,45.0,0.0,0.0,9.81,0.1,0.2,0.3,12.3,45.6,78.9,101.325,25.0,0.0,0.0,98.1,1,46.5,6.6,1200.0,1.5,3.5,12,9.81,98.1,1198.4,0.0,1200.0,True,True,True,True,True,True,True,True,True,True,True,True,True,True,True,True,False,False,False,False,False,False,False,False
30149,STATE_PREFLIGHT,12.4,5.0,10.0,45.0,0.0,0.0,9.81,0.1,0.2,0.3,12.3,45.6,78.9,101.325,25.0,0.0,0.0,98.1,1,46.5,6.6,1200.0,1.5,3.5,12,9.81,98.1,1198.4,0.0,1200.0,True,True,True,True,True,True,True,True,True,True,True,True,True,True,True,True,False,False,False,False,False,False,False,False
30651,STATE_PREFLIGHT,12.4,5.0,10.0,45.0,0.0,0.0,9.81,0.1,0.2,0.3,12.3,45.6,78.9,101.325,25.0,0.0,0.0,98.1,1,46.5,6.6,1200.0,1.5,3.5,12,9.81,98.1,1198.4,0.0,1200.0,True,True,True,True,True,True,True,True,True,True,True,True,True,True,True,True,False,False,False,False,False,False,False,False
31153,STATE_PREFLIGHT,12.4,5.0,10.0,45.0,0.0,0.0,9.81,0.1,0.2,0.3,12.3,45.6,78.9,101.325,25.0,0.0,0.0,98.1,1,46.5,6.6,1200.0,1.5,3.5,12,9.81,98.1,1198.4,0.0,1200.0,True,True,True,True,True,True,True,True,True,True,True,True,True,True,True,True,False,False,False,False,False,False,False,False
31655,STATE_PREFLIGHT,12.4,5.0,10.0,45.0,0.0,0.0,9.81,0.1,0.2,0.3,12.3,45.6,78.9,101.325,25.0,0.0,0.0,98.1,1,46.5,6.6,1200.0,1.5,3.5,12,9.81,98.1,1198.4,0.0,1200.0,True,True,True,True,True,True,True,True,True,True,True,True,True,True,True,True,False,False,False,False,False,False,False,False
32158,STATE_PREFLIGHT,12.4,5.0,10.0,45.0,0.0,0.0,9.81,0.1,0.2,0.3,12.3,45.6,78.9,101.325,25.0,0.0,0.0,98.1,1,46.5,6.6,1200.0,1.5,3.5,12,9.81,98.1,1198.4,0.0,1200.0,True,True,True,True,True,True,True,True,True,True,True,True,True,True,True,True,False,False,False,False,False,False,False,False
32660,STATE_PREFLIGHT,12.4,5.0,10.0,45.0,0.0,0.0,9.81,0.1,0.2,0.3,12.3,45.6,78.9,101.325,25.0,0.0,0.0,98.1,1,46.5,6.6,1200.0,1.5,3.5,12,9.81,98.1,1198.4,0.0,1200.0,True,True,True,True,True,True,True,True,True,True,True,True,True,True,True,True,False,False,False,False,False,False,False,False
33162,STATE_PREFLIGHT,12.4,5.0,10.0,45.0,0.0,0.0,9.81,0.1,0.2,0.3,12.3,45.6,78.9,101.325,25.0,0.0,0.0,98.1,1,46.5,6.6,1200.0,1.5,3.5,12,9.81,98.1,1198.4,0.0,1200.0,True,True,True,True,True,True,True,True,True,True,True,True,True,True,True,True,False,False,False,False,False,False,False,False
33664,STATE_PREFLIGHT,12.4,5.0,10.0,45.0,0.0,0.0,9.81,0.1,0.2,0.3,12.3,45.6,78.9,101.325,25.0,0.0,0.0,98.1,1,46.5,6.6,1200.0,1.5,3.5,12,9.81,98.1,1198.4,0.0,1200.0,True,True,True,True,True,True,True,True,True,True,True,True,True,True,True,True,False,False,False,False,False,False,False,False
34166,STATE_PREFLIGHT,12.4,5.0,10.0,45.0,0.0,0.0,9.81,0.1,0.2,0.3,12.3,45.6,78.9,101.325,25.0,0.0,0.0,98.1,1,46.5,6.6,1200.0,1.5,3.5,12,9.81,98.1,1198.4,0.0,1200.0,True,True,True,True,True,True,True,True,True,True,True,True,True,True,True,True,False,False,False,False,False,False,False,False
34669,STATE_PREFLIGHT,12.4,5.0,10.0,45.0,0.0,0.0,9.81,0.1,0.2,0.3,12.3,45.6,78.9,101.325,25.0,0.0,0.0,98.1,1,46.5,6.6,1200.0,1.5,3.5,12,9.81,98.1,1198.4,0.0,1200.0,True,True,True,True,True,True,True,True,True,True,True,True,True,True,True,True,False,False,False,False,False,False,False,False
35171,STATE_PREFLIGHT,12.4,5.0,10.0,45.0,0.0,0.0,9.81,0.1,0.2,0.3,12.3,45.6,78.9,101.325,25.0,0.0,0.0,98.1,1,46.5,6.6,1200.0,1.5,3.5,12,9.81,98.1,1198.4,0.0,1200.0,True,True,True,True,True,True,True,True,True,True,True,True,True,True,True,True,False,False,False,False,False,False,False,False
35675,STATE_PREFLIGHT,12.4,5.0,10.0,45.0,0.0,0.0,9.81,0.1,0.2,0.3,12.3,45.6,78.9,101.325,25.0,0.0,0.0,98.1,1,46.5,6.6,1200.0,1.5,3.5,12,9.81,98.1,1198.4,0.0,1200.0,True,True,True,True,True,True,True,True,True,True,True,True,True,True,True,True,False,False,False,False,False,False,False,False
36177,STATE_PREFLIGHT,12.4,5.0,10.0,45.0,0.0,0.0,9.81,0.1,0.2,0.3,12.3,45.6,78.9,101.325,25.0,0.0,0.0,98.1,1,46.5,6.6,1200.0,1.5,3.5,12,9.81,98.1,1198.4,0.0,1200.0,True,True,True,True,True,True,True,True,True,True,True,True,True,True,True,True,False,False,False,False,False,False,False,False
36679,STATE_PREFLIGHT,12.4,5.0,10.0,45.0,0.0,0.0,9.81,0.1,0.2,0.3,12.3,45.6,78.9,101.325,25.0,0.0,0.0,98.1,1,46.5,6.6,1200.0,1.5,3.5,12,9.81,98.1,1198.4,0.0,1200.0,True,True,True,True,True,True,True,True,True,True,True,True,True,True,True,True,False,False,False,False,False,False,False,False
37181,STATE_PREFLIGHT,12.4,5.0,10.0,45.0,0.0,0.0,9.81,0.1,0.2,0.3,12.3,45.6,78.9,101.325,25.0,0.0,0.0,98.1,1,46.5,6.6,1200.0,1.5,3.5,12,9.81,98.1,1198.4,0.0,1200.0,True,True,True,True,True,True,True,True,True,True,True,True,True,True,True,True,False,False,False,False,False,False,False,False
37683,STATE_PREFLIGHT,12.4,5.0,10.0,45.0,0.0,0.0,9.81,0.1,0.2,0.3,12.3,45.6,78.9,101.325,25.0,0.0,0.0,98.1,1,46.5,6.6,1200.0,1.5,3.5,12,9.81,98.1,1198.4,0.0,1200.0,True,True,True,True,True,True,True,True,True,True,True,True,True,True,True,True,False,False,False,False,False,False,False,False
38186,STATE_PREFLIGHT,12.4,5.0,10.0,45.0,0.0,0.0,9.81,0.1,0.2,0.3,12.3,45.6,78.9,101.325,25.0,0.0,0.0,98.1,1,46.5,6.6,1200.0,1.5,3.5,12,9.81,98.1,1198.4,0.0,1200.0,True,True,True,True,True,True,True,True,True,True,True,True,True,True,True,True,False,False,False,False,False,False,False,False
38688,STATE_PREFLIGHT,12.4,5.0,10.0,45.0,0.0,0.0,9.81,0.1,0.2,0.3,12.3,45.6,78.9,101.325,25.0,0.0,0.0,98.1,1,46.5,6.6,1200.0,1.5,3.5,12,9.81,98.1,1198.4,0.0,1200.0,True,True,True,True,True,True,True,True,True,True,True,True,True,True,True,True,False,False,False,False,False,False,False,False
39190,STATE_PREFLIGHT,12.4,5.0,10.0,45.0,0.0,0.0,9.81,0.1,0.2,0.3,12.3,45.6,78.9,101.325,25.0,0.0,0.0,98.1,1,46.5,6.6,1200.0,1.5,3.5,12,9.81,98.1,1198.4,0.0,1200.0,True,True,True,True,True,True,True,True,True,True,True,True,True,True,True,True,False,False,False,False,False,False,False,False
39692,STATE_PREFLIGHT,12.4,5.0,10.0,45.0,0.0,0.0,9.81,0.1,0.2,0.3,12.3,45.6,78.9,101.325,25.0,0.0,0.0,98.1,1,46.5,6.6,1200.0,1.5,3.5,12,9.81,98.1,1198.4,0.0,1200.0,True,True,True,True,True,True,True,True,True,True,True,True,True,True,True,True,False,False,False,False,False,False,False,False
40194,STATE_PREFLIGHT,12.4,5.0,10.0,45.0,0.0,0.0,9.81,0.1,0.2,0.3,12.3,45.6,78.9,101.325,25.0,0.0,0.0,98.1,1,46.5,6.6,1200.0,1.5,3.5,12,9.81,98.1,1198.4,0.0,1200.0,True,True,True,True,True,True,True,True,True,True,True,True,True,True,True,True,False,False,False,False,False,False,False,False
40696,STATE_PREFLIGHT,12.4,5.0,10.0,45.0,0.0,0.0,9.81,0.1,0.2,0.3,12.3,45.6,78.9,101.325,25.0,0.0,0.0,98.1,1,46.5,6.6,1200.0,1.5,3.5,12,9.81,98.1,1198.4,0.0,1200.0,True,True,True,True,True,True,True,True,True,True,True,True,True,True,True,True,False,False,False,False,False,False,False,False
41198,STATE_PREFLIGHT,12.4,5.0,10.0,45.0,0.0,0.0,9.81,0.1,0.2,0.3,12.3,45.6,78.9,101.325,25.0,0.0,0.0,98.1,1,46.5,6.6,1200.0,1.5,3.5,12,9.81,98.1,1198.4,0.0,1200.0,True,True,True,True,True,True,True,True,True,True,True,True,True,True,True,True,False,False,False,False,False,False,False,False
41699,STATE_PREFLIGHT,12.4,5.0,10.0,45.0,0.0,0.0,9.81,0.1,0.2,0.3,12.3,45.6,78.9,101.325,25.0,0.0,0.0,98.1,1,46.5,6.6,1200.0,1.5,3.5,12,9.81,98.1,1198.4,0.0,1200.0,True,True,True,True,True,True,True,True,True,True,True,True,True,True,True,True,False,False,False,False,False,False,False,False
42201,STATE_PREFLIGHT,12.4,5.0,10.0,45.0,0.0,0.0,9.81,0.1,0.2,0.3,12.3,45.6,78.9,101.325,25.0,0.0,0.0,98.1,1,46.5,6.6,1200.0,1.5,3.5,12,9.81,98.1,1198.4,0.0,1200.0,True,True,True,True,True,True,True,True,True,True,True,True,True,True,True,True,False,False,False,False,False,False,False,False
42703,STATE_PREFLIGHT,12.4,5.0,10.0,45.0,0.0,0.0,9.81,0.1,0.2,0.3,12.3,45.6,78.9,101.325,25.0,0.0,0.0,98.1,1,46.5,6.6,1200.0,1.5,3.5,12,9.81,98.1,1198.4,0.0,1200.0,True,True,True,True,True,True,True,True,True,True,True,True,True,True,True,True,False,False,False,False,False,False,False,False
43205,STATE_PREFLIGHT,12.4,5.0,10.0,45.0,0.0,0.0,9.81,0.1,0.2,0.3,12.3,45.6,78.9,101.325,25.0,0.0,0.0,98.1,1,46.5,6.6,1200.0,1.5,3.5,12,9.81,98.1,1198.4,0.0,1200.0,True,True,True,True,True,True,True,True,True,True,True,True,True,True,True,True,False,False,False,False,False,False,False,False
43707,STATE_PREFLIGHT,12.4,5.0,10.0,45.0,0.0,0.0,9.81,0.1,0.2,0.3,12.3,45.6,78.9,101.325,25.0,0.0,0.0,98.1,1,46.5,6.6,1200.0,1.5,3.5,12,9.81,98.1,1198.4,0.0,1200.0,True,True,True,True,True,True,True,True,True,True,True,True,True,True,True,True,False,False,False,False,False,False,False,False
44210,STATE_PREFLIGHT,12.4,5.0,10.0,45.0,0.0,0.0,9.81,0.1,0.2,0.3,12.3,45.6,78.9,101.325,25.0,0.0,0.0,98.1,1,46.5,6.6,1200.0,1.5,3.5,12,9.81,98.1,1198.4,0.0,1200.0,True,True,True,True,True,True,True,True,True,True,True,True,True,True,True,True,False,False,False,False,False,False,False,False
44713,STATE_PREFLIGHT,12.4,5.0,10.0,45.0,0.0,0.0,9.81,0.1,0.2,0.3,12.3,45.6,78.9,101.325,25.0,0.0,0.0,98.1,1,46.5,6.6,1200.0,1.5,3.5,12,9.81,98.1,1198.4,0.0,1200.0,True,True,True,True,True,True,True,True,True,True,True,True,True,True,True,True,False,False,False,False,False,False,False,False
45215,STATE_PREFLIGHT,12.4,5.0,10.0,45.0,0.0,0.0,9.81,0.1,0.2,0.3,12.3,45.6,78.9,101.325,25.0,0.0,0.0,98.1,1,46.5,6.6,1200.0,1.5,3.5,12,9.81,98.1,1198.4,0.0,1200.0,True,True,True,True,True,True,True,True,True,True,True,True,True,True,True,True,False,False,False,False,False,False,False,False
45719,STATE_PREFLIGHT,12.4,5.0,10.0,45.0,0.0,0.0,9.81,0.1,0.2,0.3,12.3,45.6,78.9,101.325,25.0,0.0,0.0,98.1,1,46.5,6.6,1200.0,1.5,3.5,12,9.81,98.1,1198.4,0.0,1200.0,True,True,True,True,True,True,True,True,True,True,True,True,True,True,True,True,False,False,False,False,False,False,False,False
46221,STATE_PREFLIGHT,12.4,5.0,10.0,45.0,0.0,0.0,9.81,0.1,0.2,0.3,12.3,45.6,78.9,101.325,25.0,0.0,0.0,98.1,1,46.5,6.6,1200.0,1.5,3.5,12,9.81,98.1,1198.4,0.0,1200.0,True,True,True,True,True,True,True,True,True,True,True,True,True,True,True,True,False,False,False,False,False,False,False,False
46723,STATE_PREFLIGHT,12.4,5.0,10.0,45.0,0.0,0.0,9.81,0.1,0.2,0.3,12.3,45.6,78.9,101.325,25.0,0.0,0.0,98.1,1,46.5,6.6,1200.0,1.5,3.5,12,9.81,98.1,1198.4,0.0,1200.0,True,True,True,True,True,True,True,True,True,True,True,True,True,True,True,True,False,False,False,False,False,False,False,False
47225,STATE_PREFLIGHT,12.4,5.0,10.0,45.0,0.0,0.0,9.81,0.1,0.2,0.3,12.3,45.6,78.9,101.325,25.0,0.0,0.0,98.1,1,46.5,6.6,1200.0,1.5,3.5,12,9.81,98.1,1198.4,0.0,1200.0,True,True,True,True,True,True,True,True,True,True,True,True,True,True,True,True,False,False,False,False,False,False,False,False
47728,STATE_PREFLIGHT,12.4,5.0,10.0,45.0,0.0,0.0,9.81,0.1,0.2,0.3,12.3,45.6,78.9,101.325,25.0,0.0,0.0,98.1,1,46.5,6.6,1200.0,1.5,3.5,12,9.81,98.1,1198.4,0.0,1200.0,True,True,True,True,True,True,True,True,True,True,True,True,True,True,True,True,False,False,False,False,False,False,False,False
48230,STATE_PREFLIGHT,12.4,5.0,10.0,45.0,0.0,0.0,9.81,0.1,0.2,0.3,12.3,45.6,78.9,101.325,25.0,0.0,0.0,98.1,1,46.5,6.6,1200.0,1.5,3.5,12,9.81,98.1,1198.4,0.0,1200.0,True,True,True,True,True,True,True,True,True,True,True,True,True,True,True,True,False,False,False,False,False,False,False,False
48733,STATE_PREFLIGHT,12.4,5.0,10.0,45.0,0.0,0.0,9.81,0.1,0.2,0.3,12.3,45.6,78.9,101.325,25.0,0.0,0.0,98.1,1,46.5,6.6,1200.0,1.5,3.5,12,9.81,98.1,1198.4,0.0,1200.0,True,True,True,True,True,True,True,True,True,True,True,True,True,True,True,True,False,False,False,False,False,False,False,False
49236,STATE_PREFLIGHT,12.4,5.0,10.0,45.0,0.0,0.0,9.81,0.1,0.2,0.3,12.3,45.6,78.9,101.325,25.0,0.0,0.0,98.1,1,46.5,6.6,1200.0,1.5,3.5,12,9.81,98.1,1198.4,0.0,1200.0,True,True,True,True,True,True,True,True,True,True,True,True,True,True,True,True,False,False,False,False,False,False,False,False
49738,STATE_PREFLIGHT,12.4,5.0,10.0,45.0,0.0,0.0,9.81,0.1,0.2,0.3,12.3,45.6,78.9,101.325,25.0,0.0,0.0,98.1,1,46.5,6.6,1200.0,1.5,3.5,12,9.81,98.1,1198.4,0.0,1200.0,True,True,True,True,True,True,True,True,True,True,True,True,True,True,True,True,False,False,False,False,False,False,False,False
50242,STATE_PREFLIGHT,12.4,5.0,10.0,45.0,0.0,0.0,9.81,0.1,0.2,0.3,12.3,45.6,78.9,101.325,25.0,0.0,0.0,98.1,1,46.5,6.6,1200.0,1.5,3.5,12,9.81,98.1,1198.4,0.0,1200.0,True,True,True,True,True,True,True,True,True,True,True,True,True,True,True,True,False,False,False,False,False,False,False,False
50744,STATE_PREFLIGHT,12.4,5.0,10.0,45.0,0.0,0.0,9.81,0.1,0.2,0.3,12.3,45.6,78.9,101.325,25.0,0.0,0.0,98.1,1,46.5,6.6,1200.0,1.5,3.5,12,9.81,98.1,1198.4,0.0,1200.0,True,True,True,True,True,True,True,True,True,True,True,True,True,True,True,True,False,False,False,False,False,False,False,False
51247,STATE_PREFLIGHT,12.4,5.0,10.0,45.0,0.0,0.0,9.81,0.1,0.2,0.3,12.3,45.6,78.9,101.325,25.0,0.0,0.0,98.1,1,46.5,6.6,1200.0,1.5,3.5,12,9.81,98.1,1198.4,0.0,1200.0,True,True,True,True,True,True,True,True,True,True,True,True,True,True,True,True,False,False,False,False,False,False,False,False
51749,STATE_PREFLIGHT,12.4,5.0,10.0,45.0,0.0,0.0,9.81,0.1,0.2,0.3,12.3,45.6,78.9,101.325,25.0,0.0,0.0,98.1,1,46.5,6.6,1200.0,1.5,3.5,12,9.81,98.1,1198.4,0.0,1200.0,True,True,True,True,True,True,True,True,True,True,True,True,True,True,True,True,False,False,False,False,False,False,False,False
52251,STATE_PREFLIGHT,12.4,5.0,10.0,45.0,0.0,0.0,9.81,0.1,0.2,0.3,12.3,45.6,78.9,101.325,25.0,0.0,0.0,98.1,1,46.5,6.6,1200.0,1.5,3.5,12,9.81,98.1,1198.4,0.0,1200.0,True,True,True,True,True,True,True,True,True,True,True,True,True,True,True,True,False,False,False,False,False,False,False,False
52753,STATE_PREFLIGHT,12.4,5.0,10.0,45.0,0.0,0.0,9.81,0.1,0.2,0.3,12.3,45.6,78.9,101.325,25.0,0.0,0.0,98.1,1,46.5,6.6,1200.0,1.5,3.5,12,9.81,98.1,1198.4,0.0,1200.0,True,True,True,True,True,True,True,True,True,True,True,True,True,True,True,True,False,False,False,False,False,False,False,False
53254,STATE_PREFLIGHT,12.4,5.0,10.0,45.0,0.0,0.0,9.81,0.1,0.2,0.3,12.3,45.6,78.9,101.325,25.0,0.0,0.0,98.1,1,46.5,6.6,1200.0,1.5,3.5,12,9.81,98.1,1198.4,0.0,1200.0,True,True,True,True,True,True,True,True,True,True,True,True,True,True,True,True,False,False,False,False,False,False,False,False
53756,STATE_PREFLIGHT,12.4,5.0,10.0,45.0,0.0,0.0,9.81,0.1,0.2,0.3,12.3,45.6,78.9,101.325,25.0,0.0,0.0,98.1,1,46.5,6.6,1200.0,1.5,3.5,12,9.81,98.1,1198.4,0.0,1200.0,True,True,True,True,True,True,True,True,True,True,True,True,True,True,True,True,False,False,False,False,False,False,False,False
54258,STATE_PREFLIGHT,12.4,5.0,10.0,45.0,0.0,0.0,9.81,0.1,0.2,0.3,12.3,45.6,78.9,101.325,25.0,0.0,0.0,98.1,1,46.5,6.6,1200.0,1.5,3.5,12,9.81,98.1,1198.4,0.0,1200.0,True,True,True,True,True,True,True,True,True,True,True,True,True,True,True,True,False,False,False,False,False,False,False,False
54759,STATE_PREFLIGHT,12.4,5.0,10.0,45.0,0.0,0.0,9.81,0.1,0.2,0.3,12.3,45.6,78.9,101.325,25.0,0.0,0.0,98.1,1,46.5,6.6,1200.0,1.5,3.5,12,9.81,98.1,1198.4,0.0,1200.0,True,True,True,True,True,True,True,True,True,True,True,True,True,True,True,True,False,False,False,False,False,False,False,False
55261,STATE_PREFLIGHT,12.4,5.0,10.0,45.0,0.0,0.0,9.81,0.1,0.2,0.3,12.3,45.6,78.9,101.325,25.0,0.0,0.0,98.1,1,46.5,6.6,1200.0,1.5,3.5,12,9.81,98.1,1198.4,0.0,1200.0,True,True,True,True,True,True,True,True,True,True,True,True,True,True,True,True,False,False,False,False,False,False,False,False
55768,STATE_PREFLIGHT,12.4,5.0,10.0,45.0,0.0,0.0,9.81,0.1,0.2,0.3,12.3,45.6,78.9,101.325,25.0,0.0,0.0,98.1,1,46.5,6.6,1200.0,1.5,3.5,12,9.81,98.1,1198.4,0.0,1200.0,True,True,True,True,True,True,True,True,True,True,True,True,True,True,True,True,False,False,False,False,False,False,False,False
56270,STATE_PREFLIGHT,12.4,5.0,10.0,45.0,0.0,0.0,9.81,0.1,0.2,0.3,12.3,45.6,78.9,101.325,25.0,0.0,0.0,98.1,1,46.5,6.6,1200.0,1.5,3.5,12,9.81,98.1,1198.4,0.0,1200.0,True,True,True,True,True,True,True,True,True,True,True,True,True,True,True,True,False,False,False,False,False,False,False,False
56771,STATE_PREFLIGHT,12.4,5.0,10.0,45.0,0.0,0.0,9.81,0.1,0.2,0.3,12.3,45.6,78.9,101.325,25.0,0.0,0.0,98.1,1,46.5,6.6,1200.0,1.5,3.5,12,9.81,98.1,1198.4,0.0,1200.0,True,True,True,True,True,True,True,True,True,True,True,True,True,True,True,True,False,False,False,False,False,False,False,False
57277,STATE_PREFLIGHT,12.4,5.0,10.0,45.0,0.0,0.0,9.81,0.1,0.2,0.3,12.3,45.6,78.9,101.325,25.0,0.0,0.0,98.1,1,46.5,6.6,1200.0,1.5,3.5,12,9.81,98.1,1198.4,0.0,1200.0,True,True,True,True,True,True,True,True,True,True,True,True,True,True,True,True,False,False,False,False,False,False,False,False
57779,STATE_PREFLIGHT,12.4,5.0,10.0,45.0,0.0,0.0,9.81,0.1,0.2,0.3,12.3,45.6,78.9,101.325,25.0,0.0,0.0,98.1,1,46.5,6.6,1200.0,1.5,3.5,12,9.81,98.1,1198.4,0.0,1200.0,True,True,True,True,True,True,True,True,True,True,True,True,True,True,True,True,False,False,False,False,False,False,False,False
58281,STATE_PREFLIGHT,12.4,5.0,10.0,45.0,0.0,0.0,9.81,0.1,0.2,0.3,12.3,45.6,78.9,101.325,25.0,0.0,0.0,98.1,1,46.5,6.6,1200.0,1.5,3.5,12,9.81,98.1,1198.4,0.0,1200.0,True,True,True,True,True,True,True,True,True,True,True,True,True,True,True,True,False,False,False,False,False,False,False,False
58787,STATE_PREFLIGHT,12.4,5.0,10.0,45.0,0.0,0.0,9.81,0.1,0.2,0.3,12.3,45.6,78.9,101.325,25.0,0.0,0.0,98.1,1,46.5,6.6,1200.0,1.5,3.5,12,9.81,98.1,1198.4,0.0,1200.0,True,True,True,True,True,True,True,True,True,True,True,True,True,True,True,True,False,False,False,False,False,False,False,False
59288,STATE_PREFLIGHT,12.4,5.0,10.0,45.0,0.0,0.0,9.81,0.1,0.2,0.3,12.3,45.6,78.9,101.325,25.0,0.0,0.0,98.1,1,46.5,6.6,1200.0,1.5,3.5,12,9.81,98.1,1198.4,0.0,1200.0,True,True,True,True,True,True,True,True,True,True,True,True,True,True,True,True,False,False,False,False,False,False,False,False
59790,STATE_PREFLIGHT,12.4,5.0,10.0,45.0,0.0,0.0,9.81,0.1,0.2,0.3,12.3,45.6,78.9,101.325,25.0,0.0,0.0,98.1,1,46.5,6.6,1200.0,1.5,3.5,12,9.81,98.1,1198.4,0.0,1200.0,True,True,True,True,True,True,True,True,True,True,True,True,True,True,True,True,False,False,False,False,False,False,False,False
60292,STATE_PREFLIGHT,12.4,5.0,10.0,45.0,0.0,0.0,9.81,0.1,0.2,0.3,12.3,45.6,78.9,101.325,25.0,0.0,0.0,98.1,1,46.5,6.6,1200.0,1.5,3.5,12,9.81,98.1,1198.4,0.0,1200.0,True,True,True,True,True,True,True,True,True,True,True,True,True,True,True,True,False,False,False,False,False,False,False,False
60793,STATE_PREFLIGHT,12.4,5.0,10.0,45.0,0.0,0.0,9.81,0.1,0.2,0.3,12.3,45.6,78.9,101.325,25.0,0.0,0.0,98.1,1,46.5,6.6,1200.0,1.5,3.5,12,9.81,98.1,1198.4,0.0,1200.0,True,True,True,True,True,True,True,True,True,True,True,True,True,True,True,True,False,False,False,False,False,False,False,False
61296,STATE_PREFLIGHT,12.4,5.0,10.0,45.0,0.0,0.0,9.81,0.1,0.2,0.3,12.3,45.6,78.9,101.325,25.0,0.0,0.0,98.1,1,46.5,6.6,1200.0,1.5,3.5,12,9.81,98.1,1198.4,0.0,1200.0,True,True,True,True,True,True,True,True,True,True,True,True,True,True,True,True,False,False,False,False,False,False,False,False
61797,STATE_PREFLIGHT,12.4,5.0,10.0,45.0,0.0,0.0,9.81,0.1,0.2,0.3,12.3,45.6,78.9,101.325,25.0,0.0,0.0,98.1,1,46.5,6.6,1200.0,1.5,3.5,12,9.81,98.1,1198.4,0.0,1200.0,True,True,True,True,True,True,True,True,True,True,True,True,True,True,True,True,False,False,False,False,False,False,False,False
62299,STATE_PREFLIGHT,12.4,5.0,10.0,45.0,0.0,0.0,9.81,0.1,0.2,0.3,12.3,45.6,78.9,101.325,25.0,0.0,0.0,98.1,1,46.5,6.6,1200.0,1.5,3.5,12,9.81,98.1,1198.4,0.0,1200.0,True,True,True,True,True,True,True,True,True,True,True,True,True,True,True,True,False,False,False,False,False,False,False,False
62801,STATE_PREFLIGHT,12.4,5.0,10.0,45.0,0.0,0.0,9.81,0.1,0.2,0.3,12.3,45.6,78.9,101.325,25.0,0.0,0.0,98.1,1,46.5,6.6,1200.0,1.5,3.5,12,9.81,98.1,1198.4,0.0,1200.0,True,True,True,True,True,True,True,True,True,True,True,True,True,True,True,True,False,False,False,False,False,False,False,False
63302,STATE_PREFLIGHT,12.4,5.0,10.0,45.0,0.0,0.0,9.81,0.1,0.2,0.3,12.3,45.6,78.9,101.325,25.0,0.0,0.0,98.1,1,46.5,6.6,1200.0,1.5,3.5,12,9.81,98.1,1198.4,0.0,1200.0,True,True,True,True,True,True,True,True,True,True,True,True,True,True,True,True,False,False,False,False,False,False,False,False
63804,STATE_PREFLIGHT,12.4,5.0,10.0,45.0,0.0,0.0,9.81,0.1,0.2,0.3,12.3,45.6,78.9,101.325,25.0,0.0,0.0,98.1,1,46.5,6.6,1200.0,1.5,3.5,12,9.81,98.1,1198.4,0.0,1200.0,True,True,True,True,True,True,True,True,True,True,True,True,True,True,True,True,False,False,False,False,False,False,False,False
64305,STATE_PREFLIGHT,12.4,5.0,10.0,45.0,0.0,0.0,9.81,0.1,0.2,0.3,12.3,45.6,78.9,101.325,25.0,0.0,0.0,98.1,1,46.5,6.6,1200.0,1.5,3.5,12,9.81,98.1,1198.4,0.0,1200.0,True,True,True,True,True,True,True,True,True,True,True,True,True,True,True,True,False,False,False,False,False,False,False,False
64807,STATE_PREFLIGHT,12.4,5.0,10.0,45.0,0.0,0.0,9.81,0.1,0.2,0.3,12.3,45.6,78.9,101.325,25.0,0.0,0.0,98.1,1,46.5,6.6,1200.0,1.5,3.5,12,9.81,98.1,1198.4,0.0,1200.0,True,True,True,True,True,True,True,True,True,True,True,True,True,True,True,True,False,False,False,False,False,False,False,False
65310,STATE_PREFLIGHT,12.4,5.0,10.0,45.0,0.0,0.0,9.81,0.1,0.2,0.3,12.3,45.6,78.9,101.325,25.0,0.0,0.0,98.1,1,46.5,6.6,1200.0,1.5,3.5,12,9.81,98.1,1198.4,0.0,1200.0,True,True,True,True,True,True,True,True,True,True,True,True,True,True,True,True,False,False,False,False,False,False,False,False
65814,STATE_PREFLIGHT,12.4,5.0,10.0,45.0,0.0,0.0,9.81,0.1,0.2,0.3,12.3,45.6,78.9,101.325,25.0,0.0,0.0,98.1,1,46.5,6.6,1200.0,1.5,3.5,12,9.81,98.1,1198.4,0.0,1200.0,True,True,True,True,True,True,True,True,True,True,True,True,True,True,True,True,False,False,False,False,False,False,False,False
66316,STATE_PREFLIGHT,12.4,5.0,10.0,45.0,0.0,0.0,9.81,0.1,0.2,0.3,12.3,45.6,78.9,101.325,25.0,0.0,0.0,98.1,1,46.5,6.6,1200.0,1.5,3.5,12,9.81,98.1,1198.4,0.0,1200.0,True,True,True,True,True,True,True,True,True,True,True,True,True,True,True,True,False,False,False,False,False,False,False,False
66819,STATE_PREFLIGHT,12.4,5.0,10.0,45.0,0.0,0.0,9.81,0.1,0.2,0.3,12.3,45.6,78.9,101.325,25.0,0.0,0.0,98.1,1,46.5,6.6,1200.0,1.5,3.5,12,9.81,98.1,1198.4,0.0,1200.0,True,True,True,True,True,True,True,True,True,True,True,True,True,True,True,True,False,False,False,False,False,False,False,False
67322,STATE_PREFLIGHT,12.4,5.0,10.0,45.0,0.0,0.0,9.81,0.1,0.2,0.3,12.3,45.6,78.9,101.325,25.0,0.0,0.0,98.1,1,46.5,6.6,1200.0,1.5,3.5,12,9.81,98.1,1198.4,0.0,1200.0,True,True,True,True,True,True,True,True,True,True,True,True,True,True,True,True,False,False,False,False,False,False,False,False
67824,STATE_PREFLIGHT,12.4,5.0,10.0,45.0,0.0,0.0,9.81,0.1,0.2,0.3,12.3,45.6,78.9,101.325,25.0,0.0,0.0,98.1,1,46.5,6.6,1200.0,1.5,3.5,12,9.81,98.1,1198.4,0.0,1200.0,True,True,True,True,True,True,True,True,True,True,True,True,True,True,True,True,False,False,False,False,False,False,False,False
68326,STATE_PREFLIGHT,12.4,5.0,10.0,45.0,0.0,0.0,9.81,0.1,0.2,0.3,12.3,45.6,78.9,101.325,25.0,0.0,0.0,98.1,1,46.5,6.6,1200.0,1.5,3.5,12,9.81,98.1,1198.4,0.0,1200.0,True,True,True,True,True,True,True,True,True,True,True,True,True,True,True,True,False,False,False,False,False,False,False,False
68829,STATE_PREFLIGHT,12.4,5.0,10.0,45.0,0.0,0.0,9.81,0.1,0.2,0.3,12.3,45.6,78.9,101.325,25.0,0.0,0.0,98.1,1,46.5,6.6,1200.0,1.5,3.5,12,9.81,98.1,1198.4,0.0,1200.0,True,True,True,True,True,True,True,True,True,True,True,True,True,True,True,True,False,False,False,False,False,False,False,False
69331,STATE_PREFLIGHT,12.4,5.0,10.0,45.0,0.0,0.0,9.81,0.1,0.2,0.3,12.3,45.6,78.9,101.325,25.0,0.0,0.0,98.1,1,46.5,6.6,1200.0,1.5,3.5,12,9.81,98.1,1198.4,0.0,1200.0,True,True,True,True,True,True,True,True,True,True,True,True,True,True,True,True,False,False,False,False,False,False,False,False
69835,STATE_PREFLIGHT,12.4,5.0,10.0,45.0,0.0,0.0,9.81,0.1,0.2,0.3,12.3,45.6,78.9,101.325,25.0,0.0,0.0,98.1,1,46.5,6.6,1200.0,1.5,3.5,12,9.81,98.1,1198.4,0.0,1200.0,True,True,True,True,True,True,True,True,True,True,True,True,True,True,True,True,False,False,False,False,False,False,False,False
70340,STATE_PREFLIGHT,12.4,5.0,10.0,45.0,0.0,0.0,9.81,0.1,0.2,0.3,12.3,45.6,78.9,101.325,25.0,0.0,0.0,98.1,1,46.5,6.6,1200.0,1.5,3.5,12,9.81,98.1,1198.4,0.0,1200.0,True,True,True,True,True,True,True,True,True,True,True,True,True,True,True,True,False,False,False,False,False,False,False,False
70843,STATE_PREFLIGHT,12.4,5.0,10.0,45.0,0.0,0.0,9.81,0.1,0.2,0.3,12.3,45.6,78.9,101.325,25.0,0.0,0.0,98.1,1,46.5,6.6,1200.0,1.5,3.5,12,9.81,98.1,1198.4,0.0,1200.0,True,True,True,True,True,True,True,True,True,True,True,True,True,True,True,True,False,False,False,False,False,False,False,False
71348,STATE_PREFLIGHT,12.4,5.0,10.0,45.0,0.0,0.0,9.81,0.1,0.2,0.3,12.3,45.6,78.9,101.325,25.0,0.0,0.0,98.1,1,46.5,6.6,1200.0,1.5,3.5,12,9.81,98.1,1198.4,0.0,1200.0,True,True,True,True,True,True,True,True,True,True,True,True,True,True,True,True,False,False,False,False,False,False,False,False
71850,STATE_PREFLIGHT,12.4,5.0,10.0,45.0,0.0,0.0,9.81,0.1,0.2,0.3,12.3,45.6,78.9,101.325,25.0,0.0,0.0,98.1,1,46.5,6.6,1200.0,1.5,3.5,12,9.81,98.1,1198.4,0.0,1200.0,True,True,True,True,True,True,True,True,True,True,True,True,True,True,True,True,False,False,False,False,False,False,False,False
72351,STATE_PREFLIGHT,12.4,5.0,10.0,45.0,0.0,0.0,9.81,0.1,0.2,0.3,12.3,45.6,78.9,101.325,25.0,0.0,0.0,98.1,1,46.5,6.6,1200.0,1.5,3.5,12,9.81,98.1,1198.4,0.0,1200.0,True,True,True,True,True,True,True,True,True,True,True,True,True,True,True,True,False,False,False,False,False,False,False,False
72853,STATE_PREFLIGHT,12.4,5.0,10.0,45.0,0.0,0.0,9.81,0.1,0.2,0.3,12.3,45.6,78.9,101.325,25.0,0.0,0.0,98.1,1,46.5,6.6,1200.0,1.5,3.5,12,9.81,98.1,1198.4,0.0,1200.0,True,True,True,True,True,True,True,True,True,True,True,True,True,True,True,True,False,False,False,False,False,False,False,False
73354,STATE_PREFLIGHT,12.4,5.0,10.0,45.0,0.0,0.0,9.81,0.1,0.2,0.3,12.3,45.6,78.9,101.325,25.0,0.0,0.0,98.1,1,46.5,6.6,1200.0,1.5,3.5,12,9.81,98.1,1198.4,0.0,1200.0,True,True,True,True,True,True,True,True,True,True,True,True,True,True,True,True,False,False,False,False,False,False,False,False
73856,STATE_PREFLIGHT,12.4,5.0,10.0,45.0,0.0,0.0,9.81,0.1,0.2,0.3,12.3,45.6,78.9,101.325,25.0,0.0,0.0,98.1,1,46.5,6.6,1200.0,1.5,3.5,12,9.81,98.1,1198.4,0.0,1200.0,True,True,True,True,True,True,True,True,True,True,True,True,True,True,True,True,False,False,False,False,False,False,False,False
74358,STATE_PREFLIGHT,12.4,5.0,10.0,45.0,0.0,0.0,9.81,0.1,0.2,0.3,12.3,45.6,78.9,101.325,25.0,0.0,0.0,98.1,1,46.5,6.6,1200.0,1.5,3.5,12,9.81,98.1,1198.4,0.0,1200.0,True,True,True,True,True,True,True,True,True,True,True,True,True,True,True,True,False,False,False,False,False,False,False,False
74859,STATE_PREFLIGHT,12.4,5.0,10.0,45.0,0.0,0.0,9.81,0.1,0.2,0.3,12.3,45.6,78.9,101.325,25.0,0.0,0.0,98.1,1,46.5,6.6,1200.0,1.5,3.5,12,9.81,98.1,1198.4,0.0,1200.0,True,True,True,True,True,True,True,True,True,True,True,True,True,True,True,True,False,False,False,False,False,False,False,False
75361,STATE_PREFLIGHT,12.4,5.0,10.0,45.0,0.0,0.0,9.81,0.1,0.2,0.3,12.3,45.6,78.9,101.325,25.0,0.0,0.0,98.1,1,46.5,6.6,1200.0,1.5,3.5,12,9.81,98.1,1198.4,0.0,1200.0,True,True,True,True,True,True,True,True,True,True,True,True,True,True,True,True,False,False,False,False,False,False,False,False
75863,STATE_PREFLIGHT,12.4,5.0,10.0,45.0,0.0,0.0,9.81,0.1,0.2,0.3,12.3,45.6,78.9,101.325,25.0,0.0,0.0,98.1,1,46.5,6.6,1200.0,1.5,3.5,12,9.81,98.1,1198.4,0.0,1200.0,True,True,True,True,True,True,True,True,True,True,True,True,True,True,True,True,False,False,False,False,False,False,False,False
76364,STATE_PREFLIGHT,12.4,5.0,10.0,45.0,0.0,0.0,9.81,0.1,0.2,0.3,12.3,45.6,78.9,101.325,25.0,0.0,0.0,98.1,1,46.5,6.6,1200.0,1.5,3.5,12,9.81,98.1,1198.4,0.0,1200.0,True,True,True,True,True,True,True,True,True,True,True,True,True,True,True,True,False,False,False,False,False,False,False,False
76867,STATE_PREFLIGHT,12.4,5.0,10.0,45.0,0.0,0.0,9.81,0.1,0.2,0.3,12.3,45.6,78.9,101.325,25.0,0.0,0.0,98.1,1,46.5,6.6,1200.0,1.5,3.5,12,9.81,98.1,1198.4,0.0,1200.0,True,True,True,True,True,True,True,True,True,True,True,True,True,True,True,True,False,False,False,False,False,False,False,False
77369,STATE_PREFLIGHT,12.4,5.0,10.0,45.0,0.0,0.0,9.81,0.1,0.2,0.3,12.3,45.6,78.9,101.325,25.0,0.0,0.0,98.1,1,46.5,6.6,1200.0,1.5,3.5,12,9.81,98.1,1198.4,0.0,1200.0,True,True,True,True,True,True,True,True,True,True,True,True,True,True,True,True,False,False,False,False,False,False,False,False
77870,STATE_PREFLIGHT,12.4,5.0,10.0,45.0,0.0,0.0,9.81,0.1,0.2,0.3,12.3,45.6,78.9,101.325,25.0,0.0,0.0,98.1,1,46.5,6.6,1200.0,1.5,3.5,12,9.81,98.1,1198.4,0.0,1200.0,True,True,True,True,True,True,True,True,True,True,True,True,True,True,True,True,False,False,False,False,False,False,False,False
78372,STATE_PREFLIGHT,12.4,5.0,10.0,45.0,0.0,0.0,9.81,0.1,0.2,0.3,12.3,45.6,78.9,101.325,25.0,0.0,0.0,98.1,1,46.5,6.6,1200.0,1.5,3.5,12,9.81,98.1,1198.4,0.0,1200.0,True,True,True,True,True,True,True,True,True,True,True,True,True,True,True,True,False,False,False,False,False,False,False,False
78874,STATE_PREFLIGHT,12.4,5.0,10.0,45.0,0.0,0.0,9.81,0.1,0.2,0.3,12.3,45.6,78.9,101.325,25.0,0.0,0.0,98.1,1,46.5,6.6,1200.0,1.5,3.5,12,9.81,98.1,1198.4,0.0,1200.0,True,True,True,True,True,True,True,True,True,True,True,True,True,True,True,True,False,False,False,False,False,False,False,False
79375,STATE_PREFLIGHT,12.4,5.0,10.0,45.0,0.0,0.0,9.81,0.1,0.2,0.3,12.3,45.6,78.9,101.325,25.0,0.0,0.0,98.1,1,46.5,6.6,1200.0,1.5,3.5,12,9.81,98.1,1198.4,0.0,1200.0,True,True,True,True,True,True,True,True,True,True,True,True,True,True,True,True,False,False,False,False,False,False,False,False
79877,STATE_PREFLIGHT,12.4,5.0,10.0,45.0,0.0,0.0,9.81,0.1,0.2,0.3,12.3,45.6,78.9,101.325,25.0,0.0,0.0,98.1,1,46.5,6.6,1200.0,1.5,3.5,12,9.81,98.1,1198.4,0.0,1200.0,True,True,True,True,True,True,True,True,True,True,True,True,True,True,True,True,False,False,False,False,False,False,False,False
80379,STATE_PREFLIGHT,12.4,5.0,10.0,45.0,0.0,0.0,9.81,0.1,0.2,0.3,12.3,45.6,78.9,101.325,25.0,0.0,0.0,98.1,1,46.5,6.6,1200.0,1.5,3.5,12,9.81,98.1,1198.4,0.0,1200.0,True,True,True,True,True,True,True,True,True,True,True,True,True,True,True,True,False,False,False,False,False,False,False,False
80880,STATE_PREFLIGHT,12.4,5.0,10.0,45.0,0.0,0.0,9.81,0.1,0.2,0.3,12.3,45.6,78.9,101.325,25.0,0.0,0.0,98.1,1,46.5,6.6,1200.0,1.5,3.5,12,9.81,98.1,1198.4,0.0,1200.0,True,True,True,True,True,True,True,True,True,True,True,True,True,True,True,True,False,False,False,False,False,False,False,False
81382,STATE_PREFLIGHT,12.4,5.0,10.0,45.0,0.0,0.0,9.81,0.1,0.2,0.3,12.3,45.6,78.9,101.325,25.0,0.0,0.0,98.1,1,46.5,6.6,1200.0,1.5,3.5,12,9.81,98.1,1198.4,0.0,1200.0,True,True,True,True,True,True,True,True,True,True,True,True,True,True,True,True,False,False,False,False,False,False,False,False
81884,STATE_PREFLIGHT,12.4,5.0,10.0,45.0,0.0,0.0,9.81,0.1,0.2,0.3,12.3,45.6,78.9,101.325,25.0,0.0,0.0,98.1,1,46.5,6.6,1200.0,1.5,3.5,12,9.81,98.1,1198.4,0.0,1200.0,True,True,True,True,True,True,True,True,True,True,True,True,True,True,True,True,False,False,False,False,False,False,False,False
82385,STATE_PREFLIGHT,12.4,5.0,10.0,45.0,0.0,0.0,9.81,0.1,0.2,0.3,12.3,45.6,78.9,101.325,25.0,0.0,0.0,98.1,1,46.5,6.6,1200.0,1.5,3.5,12,9.81,98.1,1198.4,0.0,1200.0,True,True,True,True,True,True,True,True,True,True,True,True,True,True,True,True,False,False,False,False,False,False,False,False
82887,STATE_PREFLIGHT,12.4,5.0,10.0,45.0,0.0,0.0,9.81,0.1,0.2,0.3,12.3,45.6,78.9,101.325,25.0,0.0,0.0,98.1,1,46.5,6.6,1200.0,1.5,3.5,12,9.81,98.1,1198.4,0.0,1200.0,True,True,True,True,True,True,True,True,True,True,True,True,True,True,True,True,False,False,False,False,False,False,False,False
83388,STATE_PREFLIGHT,12.4,5.0,10.0,45.0,0.0,0.0,9.81,0.1,0.2,0.3,12.3,45.6,78.9,101.325,25.0,0.0,0.0,98.1,1,46.5,6.6,1200.0,1.5,3.5,12,9.81,98.1,1198.4,0.0,1200.0,True,True,True,True,True,True,True,True,True,True,True,True,True,True,True,True,False,False,False,False,False,False,False,False
83890,STATE_PREFLIGHT,12.4,5.0,10.0,45.0,0.0,0.0,9.81,0.1,0.2,0.3,12.3,45.6,78.9,101.325,25.0,0.0,0.0,98.1,1,46.5,6.6,1200.0,1.5,3.5,12,9.81,98.1,1198.4,0.0,1200.0,True,True,True,True,True,True,True,True,True,True,True,True,True,True,True,True,False,False,False,False,False,False,False,False
84392,STATE_PREFLIGHT,12.4,5.0,10.0,45.0,0.0,0.0,9.81,0.1,0.2,0.3,12.3,45.6,78.9,101.325,25.0,0.0,0.0,98.1,1,46.5,6.6,1200.0,1.5,3.5,12,9.81,98.1,1198.4,0.0,1200.0,True,True,True,True,True,True,True,True,True,True,True,True,True,True,True,True,False,False,False,False,False,False,False,False
84893,STATE_PREFLIGHT,12.4,5.0,10.0,45.0,0.0,0.0,9.81,0.1,0.2,0.3,12.3,45.6,78.9,101.325,25.0,0.0,0.0,98.1,1,46.5,6.6,1200.0,1.5,3.5,12,9.81,98.1,1198.4,0.0,1200.0,True,True,True,True,True,True,True,True,True,True,True,True,True,True,True,True,False,False,False,False,False,False,False,False
85395,STATE_PREFLIGHT,12.4,5.0,10.0,45.0,0.0,0.0,9.81,0.1,0.2,0.3,12.3,45.6,78.9,101.325,25.0,0.0,0.0,98.1,1,46.5,6.6,1200.0,1.5,3.5,12,9.81,98.1,1198.4,0.0,1200.0,True,True,True,True,True,True,True,True,True,True,True,True,True,True,True,True,False,False,False,False,False,False,False,False
85897,STATE_PREFLIGHT,12.4,5.0,10.0,45.0,0.0,0.0,9.81,0.1,0.2,0.3,12.3,45.6,78.9,101.325,25.0,0.0,0.0,98.1,1,46.5,6.6,1200.0,1.5,3.5,12,9.81,98.1,1198.4,0.0,1200.0,True,True,True,True,True,True,True,True,True,True,True,True,True,True,True,True,False,False,False,False,False,False,False,False
86399,STATE_PREFLIGHT,12.4,5.0,10.0,45.0,0.0,0.0,9.81,0.1,0.2,0.3,12.3,45.6,78.9,101.325,25.0,0.0,0.0,98.1,1,46.5,6.6,1200.0,1.5,3.5,12,9.81,98.1,1198.4,0.0,1200.0,True,True,True,True,True,True,True,True,True,True,True,True,True,True,True,True,False,False,False,False,False,False,False,False
86904,STATE_PREFLIGHT,12.4,5.0,10.0,45.0,0.0,0.0,9.81,0.1,0.2,0.3,12.3,45.6,78.9,101.325,25.0,0.0,0.0,98.1,1,46.5,6.6,1200.0,1.5,3.5,12,9.81,98.1,1198.4,0.0,1200.0,True,True,True,True,True,True,True,True,True,True,True,True,True,True,True,True,False,False,False,False,False,False,False,False
87407,STATE_PREFLIGHT,12.4,5.0,10.0,45.0,0.0,0.0,9.81,0.1,0.2,0.3,12.3,45.6,78.9,101.325,25.0,0.0,0.0,98.1,1,46.5,6.6,1200.0,1.5,3.5,12,9.81,98.1,1198.4,0.0,1200.0,True,True,True,True,True,True,True,True,True,True,True,True,True,True,True,True,False,False,False,False,False,False,False,False
87911,STATE_PREFLIGHT,12.4,5.0,10.0,45.0,0.0,0.0,9.81,0.1,0.2,0.3,12.3,45.6,78.9,101.325,25.0,0.0,0.0,98.1,1,46.5,6.6,1200.0,1.5,3.5,12,9.81,98.1,1198.4,0.0,1200.0,True,True,True,True,True,True,True,True,True,True,True,True,True,True,True,True,False,False,False,False,False,False,False,False
88414,STATE_PREFLIGHT,12.4,5.0,10.0,45.0,0.0,0.0,9.81,0.1,0.2,0.3,12.3,45.6,78.9,101.325,25.0,0.0,0.0,98.1,1,46.5,6.6,1200.0,1.5,3.5,12,9.81,98.1,1198.4,0.0,1200.0,True,True,True,True,True,True,True,True,True,True,True,True,True,True,True,True,False,False,False,False,False,False,False,False
88917,STATE_PREFLIGHT,12.4,5.0,10.0,45.0,0.0,0.0,9.81,0.1,0.2,0.3,12.3,45.6,78.9,101.325,25.0,0.0,0.0,98.1,1,46.5,6.6,1200.0,1.5,3.5,12,9.81,98.1,1198.4,0.0,1200.0,True,True,True,True,True,True,True,True,True,True,True,True,True,True,True,True,False,False,False,False,False,False,False,False
89420,STATE_PREFLIGHT,12.4,5.0,10.0,45.0,0.0,0.0,9.81,0.1,0.2,0.3,12.3,45.6,78.9,101.325,25.0,0.0,0.0,98.1,1,46.5,6.6,1200.0,1.5,3.5,12,9.81,98.1,1198.4,0.0,1200.0,True,True,True,True,True,True,True,True,True,True,True,True,True,True,True,True,False,False,False,False,False,False,False,False
89922,STATE_PREFLIGHT,12.4,5.0,10.0,45.0,0.0,0.0,9.81,0.1,0.2,0.3,12.3,45.6,78.9,101.325,25.0,0.0,0.0,98.1,1,46.5,6.6,1200.0,1.5,3.5,12,9.81,98.1,1198.4,0.0,1200.0,True,True,True,True,True,True,True,True,True,True,True,True,True,True,True,True,False,False,False,False,False,False,False,False
90426,STATE_PREFLIGHT,12.4,5.0,10.0,45.0,0.0,0.0,9.81,0.1,0.2,0.3,12.3,45.6,78.9,101.325,25.0,0.0,0.0,98.1,1,46.5,6.6,1200.0,1.5,3.5,12,9.81,98.1,1198.4,0.0,1200.0,True,True,True,True,True,True,True,True,True,True,True,True,True,True,True,True,False,False,False,False,False,False,False,False
90928,STATE_PREFLIGHT,12.4,5.0,10.0,45.0,0.0,0.0,9.81,0.1,0.2,0.3,12.3,45.6,78.9,101.325,25.0,0.0,0.0,98.1,1,46.5,6.6,1200.0,1.5,3.5,12,9.81,98.1,1198.4,0.0,1200.0,True,True,True,True,True,True,True,True,True,True,True,True,True,True,True,True,False,False,False,False,False,False,False,False
91430,STATE_PREFLIGHT,12.4,5.0,10.0,45.0,0.0,0.0,9.81,0.1,0.2,0.3,12.3,45.6,78.9,101.325,25.0,0.0,0.0,98.1,1,46.5,6.6,1200.0,1.5,3.5,12,9.81,98.1,1198.4,0.0,1200.0,True,True,True,True,True,True,True,True,True,True,True,True,True,True,True,True,False,False,False,False,False,False,False,False
91932,STATE_PREFLIGHT,12.4,5.0,10.0,45.0,0.0,0.0,9.81,0.1,0.2,0.3,12.3,45.6,78.9,101.325,25.0,0.0,0.0,98.1,1,46.5,6.6,1200.0,1.5,3.5,12,9.81,98.1,1198.4,0.0,1200.0,True,True,True,True,True,True,True,True,True,True,True,True,True,True,True,True,False,False,False,False,False,False,False,False
92434,STATE_PREFLIGHT,12.4,5.0,10.0,45.0,0.0,0.0,9.81,0.1,0.2,0.3,12.3,45.6,78.9,101.325,25.0,0.0,0.0,98.1,1,46.5,6.6,1200.0,1.5,3.5,12,9.81,98.1,1198.4,0.0,1200.0,True,True,True,True,True,True,True,True,True,True,True,True,True,True,True,True,False,False,False,False,False,False,False,False
92935,STATE_PREFLIGHT,12.4,5.0,10.0,45.0,0.0,0.0,9.81,0.1,0.2,0.3,12.3,45.6,78.9,101.325,25.0,0.0,0.0,98.1,1,46.5,6.6,1200.0,1.5,3.5,12,9.81,98.1,1198.4,0.0,1200.0,True,True,True,True,True,True,True,True,True,True,True,True,True,True,True,True,False,False,False,False,False,False,False,False
93437,STATE_PREFLIGHT,12.4,5.0,10.0,45.0,0.0,0.0,9.81,0.1,0.2,0.3,12.3,45.6,78.9,101.325,25.0,0.0,0.0,98.1,1,46.5,6.6,1200.0,1.5,3.5,12,9.81,98.1,1198.4,0.0,1200.0,True,True,True,True,True,True,True,True,True,True,True,True,True,True,True,True,False,False,False,False,False,False,False,False
93940,STATE_PREFLIGHT,12.4,5.0,10.0,45.0,0.0,0.0,9.81,0.1,0.2,0.3,12.3,45.6,78.9,101.325,25.0,0.0,0.0,98.1,1,46.5,6.6,1200.0,1.5,3.5,12,9.81,98.1,1198.4,0.0,1200.0,True,True,True,True,True,True,True,True,True,True,True,True,True,True,True,True,False,False,False,False,False,False,False,False
94442,STATE_PREFLIGHT,12.4,5.0,10.0,45.0,0.0,0.0,9.81,0.1,0.2,0.3,12.3,45.6,78.9,101.325,25.0,0.0,0.0,98.1,1,46.5,6.6,1200.0,1.5,3.5,12,9.81,98.1,1198.4,0.0,1200.0,True,True,True,True,True,True,True,True,True,True,True,True,True,True,True,True,False,False,False,False,False,False,False,False
94944,STATE_PREFLIGHT,12.4,5.0,10.0,45.0,0.0,0.0,9.81,0.1,0.2,0.3,12.3,45.6,78.9,101.325,25.0,0.0,0.0,98.1,1,46.5,6.6,1200.0,1.5,3.5,12,9.81,98.1,1198.4,0.0,1200.0,True,True,True,True,True,True,True,True,True,True,True,True,True,True,True,True,False,False,False,False,False,False,False,False
95447,STATE_PREFLIGHT,12.4,5.0,10.0,45.0,0.0,0.0,9.81,0.1,0.2,0.3,12.3,45.6,78.9,101.325,25.0,0.0,0.0,98.1,1,46.5,6.6,1200.0,1.5,3.5,12,9.81,98.1,1198.4,0.0,1200.0,True,True,True,True,True,True,True,True,True,True,True,True,True,True,True,True,False,False,False,False,False,False,False,False
95949,STATE_PREFLIGHT,12.4,5.0,10.0,45.0,0.0,0.0,9.81,0.1,0.2,0.3,12.3,45.6,78.9,101.325,25.0,0.0,0.0,98.1,1,46.5,6.6,1200.0,1.5,3.5,12,9.81,98.1,1198.4,0.0,1200.0,True,True,True,True,True,True,True,True,True,True,True,True,True,True,True,True,False,False,False,False,False,False,False,False
96451,STATE_PREFLIGHT,12.4,5.0,10.0,45.0,0.0,0.0,9.81,0.1,0.2,0.3,12.3,45.6,78.9,101.325,25.0,0.0,0.0,98.1,1,46.5,6.6,1200.0,1.5,3.5,12,9.81,98.1,1198.4,0.0,1200.0,True,True,True,True,True,True,True,True,True,True,True,True,True,True,True,True,False,False,False,False,False,False,False,False
96953,STATE_PREFLIGHT,12.4,5.0,10.0,45.0,0.0,0.0,9.81,0.1,0.2,0.3,12.3,45.6,78.9,101.325,25.0,0.0,0.0,98.1,1,46.5,6.6,1200.0,1.5,3.5,12,9.81,98.1,1198.4,0.0,1200.0,True,True,True,True,True,True,True,True,True,True,True,True,True,True,True,True,False,False,False,False,False,False,False,False
97455,STATE_PREFLIGHT,12.4,5.0,10.0,45.0,0.0,0.0,9.81,0.1,0.2,0.3,12.3,45.6,78.9,101.325,25.0,0.0,0.0,98.1,1,46.5,6.6,1200.0,1.5,3.5,12,9.81,98.1,1198.4,0.0,1200.0,True,True,True,True,True,True,True,True,True,True,True,True,True,True,True,True,False,False,False,False,False,False,False,False
97957,STATE_PREFLIGHT,12.4,5.0,10.0,45.0,0.0,0.0,9.81,0.1,0.2,0.3,12.3,45.6,78.9,101.325,25.0,0.0,0.0,98.1,1,46.5,6.6,1200.0,1.5,3.5,12,9.81,98.1,1198.4,0.0,1200.0,True,True,True,True,True,True,True,True,True,True,True,True,True,True,True,True,False,False,False,False,False,False,False,False
98460,STATE_PREFLIGHT,12.4,5.0,10.0,45.0,0.0,0.0,9.81,0.1,0.2,0.3,12.3,45.6,78.9,101.325,25.0,0.0,0.0,98.1,1,46.5,6.6,1200.0,1.5,3.5,12,9.81,98.1,1198.4,0.0,1200.0,True,True,True,True,True,True,True,True,True,True,True,True,True,True,True,True,False,False,False,False,False,False,False,False
98963,STATE_PREFLIGHT,12.4,5.0,10.0,45.0,0.0,0.0,9.81,0.1,0.2,0.3,12.3,45.6,78.9,101.325,25.0,0.0,0.0,98.1,1,46.5,6.6,1200.0,1.5,3.5,12,9.81,98.1,1198.4,0.0,1200.0,True,True,True,True,True,True,True,True,True,True,True,True,True,True,True,True,False,False,False,False,False,False,False,False
99465,STATE_PREFLIGHT,12.4,5.0,10.0,45.0,0.0,0.0,9.81,0.1,0.2,0.3,12.3,45.6,78.9,101.325,25.0,0.0,0.0,98.1,1,46.5,6.6,1200.0,1.5,3.5,12,9.81,98.1,1198.4,0.0,1200.0,True,True,True,True,True,True,True,True,True,True,True,True,True,True,True,True,False,False,False,False,False,False,False,False
99967,STATE_PREFLIGHT,12.4,5.0,10.0,45.0,0.0,0.0,9.81,0.1,0.2,0.3,12.3,45.6,78.9,101.325,25.0,0.0,0.0,98.1,1,46.5,6.6,1200.0,1.5,3.5,12,9.81,98.1,1198.4,0.0,1200.0,True,True,True,True,True,True,True,True,True,True,True,True,True,True,True,True,False,False,False,False,False,False,False,False
100469,STATE_PREFLIGHT,12.4,5.0,10.0,45.0,0.0,0.0,9.81,0.1,0.2,0.3,12.3,45.6,78.9,101.325,25.0,0.0,0.0,98.1,1,46.5,6.6,1200.0,1.5,3.5,12,9.81,98.1,1198.4,0.0,1200.0,True,True,True,True,True,True,True,True,True,True,True,True,True,True,True,True,False,False,False,False,False,False,False,False
100971,STATE_PREFLIGHT,12.4,5.0,10.0,45.0,0.0,0.0,9.81,0.1,0.2,0.3,12.3,45.6,78.9,101.325,25.0,0.0,0.0,98.1,1,46.5,6.6,1200.0,1.5,3.5,12,9.81,98.1,1198.4,0.0,1200.0,True,True,True,True,True,True,True,True,True,True,True,True,True,True,True,True,False,False,False,False,False,False,False,False
101473,STATE_PREFLIGHT,12.4,5.0,10.0,45.0,0.0,0.0,9.81,0.1,0.2,0.3,12.3,45.6,78.9,101.325,25.0,0.0,0.0,98.1,1,46.5,6.6,1200.0,1.5,3.5,12,9.81,98.1,1198.4,0.0,1200.0,True,True,True,True,True,True,True,True,True,True,True,True,True,True,True,True,False,False,False,False,False,False,False,False
101975,STATE_PREFLIGHT,12.4,5.0,10.0,45.0,0.0,0.0,9.81,0.1,0.2,0.3,12.3,45.6,78.9,101.325,25.0,0.0,0.0,98.1,1,46.5,6.6,1200.0,1.5,3.5,12,9.81,98.1,1198.4,0.0,1200.0,True,True,True,True,True,True,True,True,True,True,True,True,True,True,True,True,False,False,False,False,False,False,False,False
102477,STATE_PREFLIGHT,12.4,5.0,10.0,45.0,0.0,0.0,9.81,0.1,0.2,0.3,12.3,45.6,78.9,101.325,25.0,0.0,0.0,98.1,1,46.5,6.6,1200.0,1.5,3.5,12,9.81,98.1,1198.4,0.0,1200.0,True,True,True,True,True,True,True,True,True,True,True,True,True,True,True,True,False,False,False,False,False,False,False,False
102979,STATE_PREFLIGHT,12.4,5.0,10.0,45.0,0.0,0.0,9.81,0.1,0.2,0.3,12.3,45.6,78.9,101.325,25.0,0.0,0.0,98.1,1,46.5,6.6,1200.0,1.5,3.5,12,9.81,98.1,1198.4,0.0,1200.0,True,True,True,True,True,True,True,True,True,True,True,True,True,True,True,True,False,False,False,False,False,False,False,False
103481,STATE_PREFLIGHT,12.4,5.0,10.0,45.0,0.0,0.0,9.81,0.1,0.2,0.3,12.3,45.6,78.9,101.325,25.0,0.0,0.0,98.1,1,46.5,6.6,1200.0,1.5,3.5,12,9.81,98.1,1198.4,0.0,1200.0,True,True,True,True,True,True,True,True,True,True,True,True,True,True,True,True,False,False,False,False,False,False,False,False
103983,STATE_PREFLIGHT,12.4,5.0,10.0,45.0,0.0,0.0,9.81,0.1,0.2,0.3,12.3,45.6,78.9,101.325,25.0,0.0,0.0,98.1,1,46.5,6.6,1200.0,1.5,3.5,12,9.81,98.1,1198.4,0.0,1200.0,True,True,True,True,True,True,True,True,True,True,True,True,True,True,True,True,False,False,False,False,False,False,False,False
104485,STATE_PREFLIGHT,12.4,5.0,10.0,45.0,0.0,0.0,9.81,0.1,0.2,0.3,12.3,45.6,78.9,101.325,25.0,0.0,0.0,98.1,1,46.5,6.6,1200.0,1.5,3.5,12,9.81,98.1,1198.4,0.0,1200.0,True,True,True,True,True,True,True,True,True,True,True,True,True,True,True,True,False,False,False,False,False,False,False,False
104987,STATE_PREFLIGHT,12.4,5.0,10.0,45.0,0.0,0.0,9.81,0.1,0.2,0.3,12.3,45.6,78.9,101.325,25.0,0.0,0.0,98.1,1,46.5,6.6,1200.0,1.5,3.5,12,9.81,98.1,1198.4,0.0,1200.0,True,True,True,True,True,True,True,True,True,True,True,True,True,True,True,True,False,False,False,False,False,False,False,False
105489,STATE_PREFLIGHT,12.4,5.0,10.0,45.0,0.0,0.0,9.81,0.1,0.2,0.3,12.3,45.6,78.9,101.325,25.0,0.0,0.0,98.1,1,46.5,6.6,1200.0,1.5,3.5,12,9.81,98.1,1198.4,0.0,1200.0,True,True,True,True,True,True,True,True,True,True,True,True,True,True,True,True,False,False,False,False,False,False,False,False
105991,STATE_PREFLIGHT,12.4,5.0,10.0,45.0,0.0,0.0,9.81,0.1,0.2,0.3,12.3,45.6,78.9,101.325,25.0,0.0,0.0,98.1,1,46.5,6.6,1200.0,1.5,3.5,12,9.81,98.1,1198.4,0.0,1200.0,True,True,True,True,True,True,True,True,True,True,True,True,True,True,True,True,False,False,False,False,False,False,False,False
106493,STATE_PREFLIGHT,12.4,5.0,10.0,45.0,0.0,0.0,9.81,0.1,0.2,0.3,12.3,45.6,78.9,101.325,25.0,0.0,0.0,98.1,1,46.5,6.6,1200.0,1.5,3.5,12,9.81,98.1,1198.4,0.0,1200.0,True,True,True,True,True,True,True,True,True,True,True,True,True,True,True,True,False,False,False,False,False,False,False,False
106996,STATE_PREFLIGHT,12.4,5.0,10.0,45.0,0.0,0.0,9.81,0.1,0.2,0.3,12.3,45.6,78.9,101.325,25.0,0.0,0.0,98.1,1,46.5,6.6,1200.0,1.5,3.5,12,9.81,98.1,1198.4,0.0,1200.0,True,True,True,True,True,True,True,True,True,True,True,True,True,True,True,True,False,False,False,False,False,False,False,False
107498,STATE_PREFLIGHT,12.4,5.0,10.0,45.0,0.0,0.0,9.81,0.1,0.2,0.3,12.3,45.6,78.9,101.325,25.0,0.0,0.0,98.1,1,46.5,6.6,1200.0,1.5,3.5,12,9.81,98.1,1198.4,0.0,1200.0,True,True,True,True,True,True,True,True,True,True,True,True,True,True,True,True,False,False,False,False,False,False,False,False
108000,STATE_PREFLIGHT,12.4,5.0,10.0,45.0,0.0,0.0,9.81,0.1,0.2,0.3,12.3,45.6,78.9,101.325,25.0,0.0,0.0,98.1,1,46.5,6.6,1200.0,1.5,3.5,12,9.81,98.1,1198.4,0.0,1200.0,True,True,True,True,True,True,True,True,True,True,True,True,True,True,True,True,False,False,False,False,False,False,False,False
108503,STATE_PREFLIGHT,12.4,5.0,10.0,45.0,0.0,0.0,9.81,0.1,0.2,0.3,12.3,45.6,78.9,101.325,25.0,0.0,0.0,98.1,1,46.5,6.6,1200.0,1.5,3.5,12,9.81,98.1,1198.4,0.0,1200.0,True,True,True,True,True,True,True,True,True,True,True,True,True,True,True,True,False,False,False,False,False,False,False,False
109005,STATE_PREFLIGHT,12.4,5.0,10.0,45.0,0.0,0.0,9.81,0.1,0.2,0.3,12.3,45.6,78.9,101.325,25.0,0.0,0.0,98.1,1,46.5,6.6,1200.0,1.5,3.5,12,9.81,98.1,1198.4,0.0,1200.0,True,True,True,True,True,True,True,True,True,True,True,True,True,True,True,True,False,False,False,False,False,False,False,False
109509,STATE_PREFLIGHT,12.4,5.0,10.0,45.0,0.0,0.0,9.81,0.1,0.2,0.3,12.3,45.6,78.9,101.325,25.0,0.0,0.0,98.1,1,46.5,6.6,1200.0,1.5,3.5,12,9.81,98.1,1198.4,0.0,1200.0,True,True,True,True,True,True,True,True,True,True,True,True,True,True,True,True,False,False,False,False,False,False,False,False
110012,STATE_PREFLIGHT,12.4,5.0,10.0,45.0,0.0,0.0,9.81,0.1,0.2,0.3,12.3,45.6,78.9,101.325,25.0,0.0,0.0,98.1,1,46.5,6.6,1200.0,1.5,3.5,12,9.81,98.1,1198.4,0.0,1200.0,True,True,True,True,True,True,True,True,True,True,True,True,True,True,True,True,False,False,False,False,False,False,False,False
110516,STATE_PREFLIGHT,12.4,5.0,10.0,45.0,0.0,0.0,9.81,0.1,0.2,0.3,12.3,45.6,78.9,101.325,25.0,0.0,0.0,98.1,1,46.5,6.6,1200.0,1.5,3.5,12,9.81,98.1,1198.4,0.0,1200.0,True,True,True,True,True,True,True,True,True,True,True,True,True,True,True,True,False,False,False,False,False,False,False,False
111018,STATE_PREFLIGHT,12.4,5.0,10.0,45.0,0.0,0.0,9.81,0.1,0.2,0.3,12.3,45.6,78.9,101.325,25.0,0.0,0.0,98.1,1,46.5,6.6,1200.0,1.5,3.5,12,9.81,98.1,1198.4,0.0,1200.0,True,True,True,True,True,True,True,True,True,True,True,True,True,True,True,True,False,False,False,False,False,False,False,False
111522,STATE_PREFLIGHT,12.4,5.0,10.0,45.0,0.0,0.0,9.81,0.1,0.2,0.3,12.3,45.6,78.9,101.325,25.0,0.0,0.0,98.1,1,46.5,6.6,1200.0,1.5,3.5,12,9.81,98.1,1198.4,0.0,1200.0,True,True,True,True,True,True,True,True,True,True,True,True,True,True,True,True,False,False,False,False,False,False,False,False
112025,STATE_PREFLIGHT,12.4,5.0,10.0,45.0,0.0,0.0,9.81,0.1,0.2,0.3,12.3,45.6,78.9,101.325,25.0,0.0,0.0,98.1,1,46.5,6.6,1200.0,1.5,3.5,12,9.81,98.1,1198.4,0.0,1200.0,True,True,True,True,True,True,True,True,True,True,True,True,True,True,True,True,False,False,False,False,False,False,False,False
112529,STATE_PREFLIGHT,12.4,5.0,10.0,45.0,0.0,0.0,9.81,0.1,0.2,0.3,12.3,45.6,78.9,101.325,25.0,0.0,0.0,98.1,1,46.5,6.6,1200.0,1.5,3.5,12,9.81,98.1,1198.4,0.0,1200.0,True,True,True,True,True,True,True,True,True,True,True,True,True,True,True,True,False,False,False,False,False,False,False,False
113031,STATE_PREFLIGHT,12.4,5.0,10.0,45.0,0.0,0.0,9.81,0.1,0.2,0.3,12.3,45.6,78.9,101.325,25.0,0.0,0.0,98.1,1,46.5,6.6,1200.0,1.5,3.5,12,9.81,98.1,1198.4,0.0,1200.0,True,True,True,True,True,True,True,True,True,True,True,True,True,True,True,True,False,False,False,False,False,False,False,False
113535,STATE_PREFLIGHT,12.4,5.0,10.0,45.0,0.0,0.0,9.81,0.1,0.2,0.3,12.3,45.6,78.9,101.325,25.0,0.0,0.0,98.1,1,46.5,6.6,1200.0,1.5,3.5,12,9.81,98.1,1198.4,0.0,1200.0,True,True,True,True,True,True,True,True,True,True,True,True,True,True,True,True,False,False,False,False,False,False,False,False
114037,STATE_PREFLIGHT,12.4,5.0,10.0,45.0,0.0,0.0,9.81,0.1,0.2,0.3,12.3,45.6,78.9,101.325,25.0,0.0,0.0,98.1,1,46.5,6.6,1200.0,1.5,3.5,12,9.81,98.1,1198.4,0.0,1200.0,True,True,True,True,True,True,True,True,True,True,True,True,True,True,True,True,False,False,False,False,False,False,False,False
114538,STATE_PREFLIGHT,12.4,5.0,10.0,45.0,0.0,0.0,9.81,0.1,0.2,0.3,12.3,45.6,78.9,101.325,25.0,0.0,0.0,98.1,1,46.5,6.6,1200.0,1.5,3.5,12,9.81,98.1,1198.4,0.0,1200.0,True,True,True,True,True,True,True,True,True,True,True,True,True,True,True,True,False,False,False,False,False,False,False,False
115040,STATE_PREFLIGHT,12.4,5.0,10.0,45.0,0.0,0.0,9.81,0.1,0.2,0.3,12.3,45.6,78.9,101.325,25.0,0.0,0.0,98.1,1,46.5,6.6,1200.0,1.5,3.5,12,9.81,98.1,1198.4,0.0,1200.0,True,True,True,True,True,True,True,True,True,True,True,True,True,True,True,True,False,False,False,False,False,False,False,False
115542,STATE_PREFLIGHT,12.4,5.0,10.0,45.0,0.0,0.0,9.81,0.1,0.2,0.3,12.3,45.6,78.9,101.325,25.0,0.0,0.0,98.1,1,46.5,6.6,1200.0,1.5,3.5,12,9.81,98.1,1198.4,0.0,1200.0,True,True,True,True,True,True,True,True,True,True,True,True,True,True,True,True,False,False,False,False,False,False,False,False
116044,STATE_PREFLIGHT,12.4,5.0,10.0,45.0,0.0,0.0,9.81,0.1,0.2,0.3,12.3,45.6,78.9,101.325,25.0,0.0,0.0,98.1,1,46.5,6.6,1200.0,1.5,3.5,12,9.81,98.1,1198.4,0.0,1200.0,True,True,True,True,True,True,True,True,True,True,True,True,True,True,True,True,False,False,False,False,False,False,False,False
116546,STATE_PREFLIGHT,12.4,5.0,10.0,45.0,0.0,0.0,9.81,0.1,0.2,0.3,12.3,45.6,78.9,101.325,25.0,0.0,0.0,98.1,1,46.5,6.6,1200.0,1.5,3.5,12,9.81,98.1,1198.4,0.0,1200.0,True,True,True,True,True,True,True,True,True,True,True,True,True,True,True,True,False,False,False,False,False,False,False,False
117047,STATE_PREFLIGHT,12.4,5.0,10.0,45.0,0.0,0.0,9.81,0.1,0.2,0.3,12.3,45.6,78.9,101.325,25.0,0.0,0.0,98.1,1,46.5,6.6,1200.0,1.5,3.5,12,9.81,98.1,1198.4,0.0,1200.0,True,True,True,True,True,True,True,True,True,True,True,True,True,True,True,True,False,False,False,False,False,False,False,False
117549,STATE_PREFLIGHT,12.4,5.0,10.0,45.0,0.0,0.0,9.81,0.1,0.2,0.3,12.3,45.6,78.9,101.325,25.0,0.0,0.0,98.1,1,46.5,6.6,1200.0,1.5,3.5,12,9.81,98.1,1198.4,0.0,1200.0,True,True,True,True,True,True,True,True,True,True,True,True,True,True,True,True,False,False,False,False,False,False,False,False
118051,STATE_PREFLIGHT,12.4,5.0,10.0,45.0,0.0,0.0,9.81,0.1,0.2,0.3,12.3,45.6,78.9,101.325,25.0,0.0,0.0,98.1,1,46.5,6.6,1200.0,1.5,3.5,12,9.81,98.1,1198.4,0.0,1200.0,True,True,True,True,True,True,True,True,True,True,True,True,True,True,True,True,False,False,False,False,False,False,False,False
118553,STATE_PREFLIGHT,12.4,5.0,10.0,45.0,0.0,0.0,9.81,0.1,0.2,0.3,12.3,45.6,78.9,101.325,25.0,0.0,0.0,98.1,1,46.5,6.6,1200.0,1.5,3.5,12,9.81,98.1,1198.4,0.0,1200.0,True,True,True,True,True,True,True,True,True,True,True,True,True,True,True,True,False,False,False,False,False,False,False,False
119054,STATE_PREFLIGHT,12.4,5.0,10.0,45.0,0.0,0.0,9.81,0.1,0.2,0.3,12.3,45.6,78.9,101.325,25.0,0.0,0.0,98.1,1,46.5,6.6,1200.0,1.5,3.5,12,9.81,98.1,1198.4,0.0,1200.0,True,True,True,True,True,True,True,True,True,True,True,True,True,True,True,True,False,False,False,False,False,False,False,False
119556,STATE_PREFLIGHT,12.4,5.0,10.0,45.0,0.0,0.0,9.81,0.1,0.2,0.3,12.3,45.6,78.9,101.325,25.0,0.0,0.0,98.1,1,46.5,6.6,1200.0,1.5,3.5,12,9.81,98.1,1198.4,0.0,1200.0,True,True,True,True,True,True,True,True,True,True,True,True,True,True,True,True,False,False,False,False,False,False,False,False
120058,STATE_PREFLIGHT,12.4,5.0,10.0,45.0,0.0,0.0,9.81,0.1,0.2,0.3,12.3,45.6,78.9,101.325,25.0,0.0,0.0,98.1,1,46.5,6.6,1200.0,1.5,3.5,12,9.81,98.1,1198.4,0.0,1200.0,True,True,True,True,True,True,True,True,True,True,True,True,True,True,True,True,False,False,False,False,False,False,False,False
120561,STATE_PREFLIGHT,12.4,5.0,10.0,45.0,0.0,0.0,9.81,0.1,0.2,0.3,12.3,45.6,78.9,101.325,25.0,0.0,0.0,98.1,1,46.5,6.6,1200.0,1.5,3.5,12,9.81,98.1,1198.4,0.0,1200.0,True,True,True,True,True,True,True,True,True,True,True,True,True,True,True,True,False,False,False,False,False,False,False,False
121062,STATE_PREFLIGHT,12.4,5.0,10.0,45.0,0.0,0.0,9.81,0.1,0.2,0.3,12.3,45.6,78.9,101.325,25.0,0.0,0.0,98.1,1,46.5,6.6,1200.0,1.5,3.5,12,9.81,98.1,1198.4,0.0,1200.0,True,True,True,True,True,True,True,True,True,True,True,True,True,True,True,True,False,False,False,False,False,False,False,False
121565,STATE_PREFLIGHT,12.4,5.0,10.0,45.0,0.0,0.0,9.81,0.1,0.2,0.3,12.3,45.6,78.9,101.325,25.0,0.0,0.0,98.1,1,46.5,6.6,1200.0,1.5,3.5,12,9.81,98.1,1198.4,0.0,1200.0,True,True,True,True,True,True,True,True,True,True,True,True,True,True,True,True,False,False,False,False,False,False,False,False
122067,STATE_PREFLIGHT,12.4,5.0,10.0,45.0,0.0,0.0,9.81,0.1,0.2,0.3,12.3,45.6,78.9,101.325,25.0,0.0,0.0,98.1,1,46.5,6.6,1200.0,1.5,3.5,12,9.81,98.1,1198.4,0.0,1200.0,True,True,True,True,True,True,True,True,True,True,True,True,True,True,True,True,False,False,False,False,False,False,False,False
122569,STATE_PREFLIGHT,12.4,5.0,10.0,45.0,0.0,0.0,9.81,0.1,0.2,0.3,12.3,45.6,78.9,101.325,25.0,0.0,0.0,98.1,1,46.5,6.6,1200.0,1.5,3.5,12,9.81,98.1,1198.4,0.0,1200.0,True,True,True,True,True,True,True,True,True,True,True,True,True,True,True,True,False,False,False,False,False,False,False,False
123071,STATE_PREFLIGHT,12.4,5.0,10.0,45.0,0.0,0.0,9.81,0.1,0.2,0.3,12.3,45.6,78.9,101.325,25.0,0.0,0.0,98.1,1,46.5,6.6,1200.0,1.5,3.5,12,9.81,98.1,1198.4,0.0,1200.0,True,True,True,True,True,True,True,True,True,True,True,True,True,True,True,True,False,False,False,False,False,False,False,False
123573,STATE_PREFLIGHT,12.4,5.0,10.0,45.0,0.0,0.0,9.81,0.1,0.2,0.3,12.3,45.6,78.9,101.325,25.0,0.0,0.0,98.1,1,46.5,6.6,1200.0,1.5,3.5,12,9.81,98.1,1198.4,0.0,1200.0,True,True,True,True,True,True,True,True,True,True,True,True,True,True,True,True,False,False,False,False,False,False,False,False
124075,STATE_PREFLIGHT,12.4,5.0,10.0,45.0,0.0,0.0,9.81,0.1,0.2,0.3,12.3,45.6,78.9,101.325,25.0,0.0,0.0,98.1,1,46.5,6.6,1200.0,1.5,3.5,12,9.81,98.1,1198.4,0.0,1200.0,True,True,True,True,True,True,True,True,True,True,True,True,True,True,True,True,False,False,False,False,False,False,False,False
124577,STATE_PREFLIGHT,12.4,5.0,10.0,45.0,0.0,0.0,9.81,0.1,0.2,0.3,12.3,45.6,78.9,101.325,25.0,0.0,0.0,98.1,1,46.5,6.6,1200.0,1.5,3.5,12,9.81,98.1,1198.4,0.0,1200.0,True,True,True,True,True,True,True,True,True,True,True,True,True,True,True,True,False,False,False,False,False,False,False,False
125079,STATE_PREFLIGHT,12.4,5.0,10.0,45.0,0.0,0.0,9.81,0.1,0.2,0.3,12.3,45.6,78.9,101.325,25.0,0.0,0.0,98.1,1,46.5,6.6,1200.0,1.5,3.5,12,9.81,98.1,1198.4,0.0,1200.0,True,True,True,True,True,True,True,True,True,True,True,True,True,True,True,True,False,False,False,False,False,False,False,False
125581,STATE_PREFLIGHT,12.4,5.0,10.0,45.0,0.0,0.0,9.81,0.1,0.2,0.3,12.3,45.6,78.9,101.325,25.0,0.0,0.0,98.1,1,46.5,6.6,1200.0,1.5,3.5,12,9.81,98.1,1198.4,0.0,1200.0,True,True,True,True,True,True,True,True,True,True,True,True,True,True,True,True,False,False,False,False,False,False,False,False
126083,STATE_PREFLIGHT,12.4,5.0,10.0,45.0,0.0,0.0,9.81,0.1,0.2,0.3,12.3,45.6,78.9,101.325,25.0,0.0,0.0,98.1,1,46.5,6.6,1200.0,1.5,3.5,12,9.81,98.1,1198.4,0.0,1200.0,True,True,True,True,True,True,True,True,True,True,True,True,True,True,True,True,False,False,False,False,False,False,False,False
126585,STATE_PREFLIGHT,12.4,5.0,10.0,45.0,0.0,0.0,9.81,0.1,0.2,0.3,12.3,45.6,78.9,101.325,25.0,0.0,0.0,98.1,1,46.5,6.6,1200.0,1.5,3.5,12,9.81,98.1,1198.4,0.0,1200.0,True,True,True,True,True,True,True,True,True,True,True,True,True,True,True,True,False,False,False,False,False,False,False,False
127087,STATE_PREFLIGHT,12.4,5.0,10.0,45.0,0.0,0.0,9.81,0.1,0.2,0.3,12.3,45.6,78.9,101.325,25.0,0.0,0.0,98.1,1,46.5,6.6,1200.0,1.5,3.5,12,9.81,98.1,1198.4,0.0,1200.0,True,True,True,True,True,True,True,True,True,True,True,True,True,True,True,True,False,False,False,False,False,False,False,False
127589,STATE_PREFLIGHT,12.4,5.0,10.0,45.0,0.0,0.0,9.81,0.1,0.2,0.3,12.3,45.6,78.9,101.325,25.0,0.0,0.0,98.1,1,46.5,6.6,1200.0,1.5,3.5,12,9.81,98.1,1198.4,0.0,1200.0,True,True,True,True,True,True,True,True,True,True,True,True,True,True,True,True,False,False,False,False,False,False,False,False
128091,STATE_PREFLIGHT,12.4,5.0,10.0,45.0,0.0,0.0,9.81,0.1,0.2,0.3,12.3,45.6,78.9,101.325,25.0,0.0,0.0,98.1,1,46.5,6.6,1200.0,1.5,3.5,12,9.81,98.1,1198.4,0.0,1200.0,True,True,True,True,True,True,True,True,True,True,True,True,True,True,True,True,False,False,False,False,False,False,False,False
128593,STATE_PREFLIGHT,12.4,5.0,10.0,45.0,0.0,0.0,9.81,0.1,0.2,0.3,12.3,45.6,78.9,101.325,25.0,0.0,0.0,98.1,1,46.5,6.6,1200.0,1.5,3.5,12,9.81,98.1,1198.4,0.0,1200.0,True,True,True,True,True,True,True,True,True,True,True,True,True,True,True,True,False,False,False,False,False,False,False,False
129095,STATE_PREFLIGHT,12.4,5.0,10.0,45.0,0.0,0.0,9.81,0.1,0.2,0.3,12.3,45.6,78.9,101.325,25.0,0.0,0.0,98.1,1,46.5,6.6,1200.0,1.5,3.5,12,9.81,98.1,1198.4,0.0,1200.0,True,True,True,True,True,True,True,True,True,True,True,True,True,True,True,True,False,False,False,False,False,False,False,False
129597,STATE_PREFLIGHT,12.4,5.0,10.0,45.0,0.0,0.0,9.81,0.1,0.2,0.3,12.3,45.6,78.9,101.325,25.0,0.0,0.0,98.1,1,46.5,6.6,1200.0,1.5,3.5,12,9.81,98.1,1198.4,0.0,1200.0,True,True,True,True,True,True,True,True,True,True,True,True,True,True,True,True,False,False,False,False,False,False,False,False
130100,STATE_PREFLIGHT,12.4,5.0,10.0,45.0,0.0,0.0,9.81,0.1,0.2,0.3,12.3,45.6,78.9,101.325,25.0,0.0,0.0,98.1,1,46.5,6.6,1200.0,1.5,3.5,12,9.81,98.1,1198.4,0.0,1200.0,True,True,True,True,True,True,True,True,True,True,True,True,True,True,True,True,False,False,False,False,False,False,False,False
130602,STATE_PREFLIGHT,12.4,5.0,10.0,45.0,0.0,0.0,9.81,0.1,0.2,0.3,12.3,45.6,78.9,101.325,25.0,0.0,0.0,98.1,1,46.5,6.6,1200.0,1.5,3.5,12,9.81,98.1,1198.4,0.0,1200.0,True,True,True,True,True,True,True,True,True,True,True,True,True,True,True,True,False,False,False,False,False,False,False,False
131104,STATE_PREFLIGHT,12.4,5.0,10.0,45.0,0.0,0.0,9.81,0.1,0.2,0.3,12.3,45.6,78.9,101.325,25.0,0.0,0.0,98.1,1,46.5,6.6,1200.0,1.5,3.5,12,9.81,98.1,1198.4,0.0,1200.0,True,True,True,True,True,True,True,True,True,True,True,True,True,True,True,True,False,False,False,False,False,False,False,False
131606,STATE_PREFLIGHT,12.4,5.0,10.0,45.0,0.0,0.0,9.81,0.1,0.2,0.3,12.3,45.6,78.9,101.325,25.0,0.0,0.0,98.1,1,46.5,6.6,1200.0,1.5,3.5,12,9.81,98.1,1198.4,0.0,1200.0,True,True,True,True,True,True,True,True,True,True,True,True,True,True,True,True,False,False,False,False,False,False,False,False
132108,STATE_PREFLIGHT,12.4,5.0,10.0,45.0,0.0,0.0,9.81,0.1,0.2,0.3,12.3,45.6,78.9,101.325,25.0,0.0,0.0,98.1,1,46.5,6.6,1200.0,1.5,3.5,12,9.81,98.1,1198.4,0.0,1200.0,True,True,True,True,True,True,True,True,True,True,True,True,True,True,True,True,False,False,False,False,False,False,False,False
132610,STATE_PREFLIGHT,12.4,5.0,10.0,45.0,0.0,0.0,9.81,0.1,0.2,0.3,12.3,45.6,78.9,101.325,25.0,0.0,0.0,98.1,1,46.5,6.6,1200.0,1.5,3.5,12,9.81,98.1,1198.4,0.0,1200.0,True,True,True,True,True,True,True,True,True,True,True,True,True,True,True,True,False,False,False,False,False,False,False,False
133112,STATE_PREFLIGHT,12.4,5.0,10.0,45.0,0.0,0.0,9.81,0.1,0.2,0.3,12.3,45.6,78.9,101.325,25.0,0.0,0.0,98.1,1,46.5,6.6,1200.0,1.5,3.5,12,9.81,98.1,1198.4,0.0,1200.0,True,True,True,True,True,True,True,True,True,True,True,True,True,True,True,True,False,False,False,False,False,False,False,False
133613,STATE_PREFLIGHT,12.4,5.0,10.0,45.0,0.0,0.0,9.81,0.1,0.2,0.3,12.3,45.6,78.9,101.325,25.0,0.0,0.0,98.1,1,46.5,6.6,1200.0,1.5,3.5,12,9.81,98.1,1198.4,0.0,1200.0,True,True,True,True,True,True,True,True,True,True,True,True,True,True,True,True,False,False,False,False,False,False,False,False
134115,STATE_PREFLIGHT,12.4,5.0,10.0,45.0,0.0,0.0,9.81,0.1,0.2,0.3,12.3,45.6,78.9,101.325,25.0,0.0,0.0,98.1,1,46.5,6.6,1200.0,1.5,3.5,12,9.81,98.1,1198.4,0.0,1200.0,True,True,True,True,True,True,True,True,True,True,True,True,True,True,True,True,False,False,False,False,False,False,False,False
134616,STATE_PREFLIGHT,12.4,5.0,10.0,45.0,0.0,0.0,9.81,0.1,0.2,0.3,12.3,45.6,78.9,101.325,25.0,0.0,0.0,98.1,1,46.5,6.6,1200.0,1.5,3.5,12,9.81,98.1,1198.4,0.0,1200.0,True,True,True,True,True,True,True,True,True,True,True,True,True,True,True,True,False,False,False,False,False,False,False,False
135117,STATE_PREFLIGHT,12.4,5.0,10.0,45.0,0.0,0.0,9.81,0.1,0.2,0.3,12.3,45.6,78.9,101.325,25.0,0.0,0.0,98.1,1,46.5,6.6,1200.0,1.5,3.5,12,9.81,98.1,1198.4,0.0,1200.0,True,True,True,True,True,True,True,True,True,True,True,True,True,True,True,True,False,False,False,False,False,False,False,False
135619,STATE_PREFLIGHT,12.4,5.0,10.0,45.0,0.0,0.0,9.81,0.1,0.2,0.3,12.3,45.6,78.9,101.325,25.0,0.0,0.0,98.1,1,46.5,6.6,1200.0,1.5,3.5,12,9.81,98.1,1198.4,0.0,1200.0,True,True,True,True,True,True,True,True,True,True,True,True,True,True,True,True,False,False,False,False,False,False,False,False
136124,STATE_PREFLIGHT,12.4,5.0,10.0,45.0,0.0,0.0,9.81,0.1,0.2,0.3,12.3,45.6,78.9,101.325,25.0,0.0,0.0,98.1,1,46.5,6.6,1200.0,1.5,3.5,12,9.81,98.1,1198.4,0.0,1200.0,True,True,True,True,True,True,True,True,True,True,True,True,True,True,True,True,False,False,False,False,False,False,False,False
136626,STATE_PREFLIGHT,12.4,5.0,10.0,45.0,0.0,0.0,9.81,0.1,0.2,0.3,12.3,45.6,78.9,101.325,25.0,0.0,0.0,98.1,1,46.5,6.6,1200.0,1.5,3.5,12,9.81,98.1,1198.4,0.0,1200.0,True,True,True,True,True,True,True,True,True,True,True,True,True,True,True,True,False,False,False,False,False,False,False,False
137128,STATE_PREFLIGHT,12.4,5.0,10.0,45.0,0.0,0.0,9.81,0.1,0.2,0.3,12.3,45.6,78.9,101.325,25.0,0.0,0.0,98.1,1,46.5,6.6,1200.0,1.5,3.5,12,9.81,98.1,1198.4,0.0,1200.0,True,True,True,True,True,True,True,True,True,True,True,True,True,True,True,True,False,False,False,False,False,False,False,False
137630,STATE_PREFLIGHT,12.4,5.0,10.0,45.0,0.0,0.0,9.81,0.1,0.2,0.3,12.3,45.6,78.9,101.325,25.0,0.0,0.0,98.1,1,46.5,6.6,1200.0,1.5,3.5,12,9.81,98.1,1198.4,0.0,1200.0,True,True,True,True,True,True,True,True,True,True,True,True,True,True,True,True,False,False,False,False,False,False,False,False
138131,STATE_PREFLIGHT,12.4,5.0,10.0,45.0,0.0,0.0,9.81,0.1,0.2,0.3,12.3,45.6,78.9,101.325,25.0,0.0,0.0,98.1,1,46.5,6.6,1200.0,1.5,3.5,12,9.81,98.1,1198.4,0.0,1200.0,True,True,True,True,True,True,True,True,True,True,True,True,True,True,True,True,False,False,False,False,False,False,False,False
138633,STATE_PREFLIGHT,12.4,5.0,10.0,45.0,0.0,0.0,9.81,0.1,0.2,0.3,12.3,45.6,78.9,101.325,25.0,0.0,0.0,98.1,1,46.5,6.6,1200.0,1.5,3.5,12,9.81,98.1,1198.4,0.0,1200.0,True,True,True,True,True,True,True,True,True,True,True,True,True,True,True,True,False,False,False,False,False,False,False,False
139134,STATE_PREFLIGHT,12.4,5.0,10.0,45.0,0.0,0.0,9.81,0.1,0.2,0.3,12.3,45.6,78.9,101.325,25.0,0.0,0.0,98.1,1,46.5,6.6,1200.0,1.5,3.5,12,9.81,98.1,1198.4,0.0,1200.0,True,True,True,True,True,True,True,True,True,True,True,True,True,True,True,True,False,False,False,False,False,False,False,False
139636,STATE_PREFLIGHT,12.4,5.0,10.0,45.0,0.0,0.0,9.81,0.1,0.2,0.3,12.3,45.6,78.9,101.325,25.0,0.0,0.0,98.1,1,46.5,6.6,1200.0,1.5,3.5,12,9.81,98.1,1198.4,0.0,1200.0,True,True,True,True,True,True,True,True,True,True,True,True,True,True,True,True,False,False,False,False,False,False,False,False
140139,STATE_PREFLIGHT,12.4,5.0,10.0,45.0,0.0,0.0,9.81,0.1,0.2,0.3,12.3,45.6,78.9,101.325,25.0,0.0,0.0,98.1,1,46.5,6.6,1200.0,1.5,3.5,12,9.81,98.1,1198.4,0.0,1200.0,True,True,True,True,True,True,True,True,True,True,True,True,True,True,True,True,False,False,False,False,False,False,False,False
140640,STATE_PREFLIGHT,12.4,5.0,10.0,45.0,0.0,0.0,9.81,0.1,0.2,0.3,12.3,45.6,78.9,101.325,25.0,0.0,0.0,98.1,1,46.5,6.6,1200.0,1.5,3.5,12,9.81,98.1,1198.4,0.0,1200.0,True,True,True,True,True,True,True,True,True,True,True,True,True,True,True,True,False,False,False,False,False,False,False,False
141142,STATE_PREFLIGHT,12.4,5.0,10.0,45.0,0.0,0.0,9.81,0.1,0.2,0.3,12.3,45.6,78.9,101.325,25.0,0.0,0.0,98.1,1,46.5,6.6,1200.0,1.5,3.5,12,9.81,98.1,1198.4,0.0,1200.0,True,True,True,True,True,True,True,True,True,True,True,True,True,True,True,True,False,False,False,False,False,False,False,False
141644,STATE_PREFLIGHT,12.4,5.0,10.0,45.0,0.0,0.0,9.81,0.1,0.2,0.3,12.3,45.6,78.9,101.325,25.0,0.0,0.0,98.1,1,46.5,6.6,1200.0,1.5,3.5,12,9.81,98.1,1198.4,0.0,1200.0,True,True,True,True,True,True,True,True,True,True,True,True,True,True,True,True,False,False,False,False,False,False,False,False
142147,STATE_PREFLIGHT,12.4,5.0,10.0,45.0,0.0,0.0,9.81,0.1,0.2,0.3,12.3,45.6,78.9,101.325,25.0,0.0,0.0,98.1,1,46.5,6.6,1200.0,1.5,3.5,12,9.81,98.1,1198.4,0.0,1200.0,True,True,True,True,True,True,True,True,True,True,True,True,True,True,True,True,False,False,False,False,False,False,False,False
142649,STATE_PREFLIGHT,12.4,5.0,10.0,45.0,0.0,0.0,9.81,0.1,0.2,0.3,12.3,45.6,78.9,101.325,25.0,0.0,0.0,98.1,1,46.5,6.6,1200.0,1.5,3.5,12,9.81,98.1,1198.4,0.0,1200.0,True,True,True,True,True,True,True,True,True,True,True,True,True,True,True,True,False,False,False,False,False,False,False,False
143152,STATE_PREFLIGHT,12.4,5.0,10.0,45.0,0.0,0.0,9.81,0.1,0.2,0.3,12.3,45.6,78.9,101.325,25.0,0.0,0.0,98.1,1,46.5,6.6,1200.0,1.5,3.5,12,9.81,98.1,1198.4,0.0,1200.0,True,True,True,True,True,True,True,True,True,True,True,True,True,True,True,True,False,False,False,False,False,False,False,False
143653,STATE_PREFLIGHT,12.4,5.0,10.0,45.0,0.0,0.0,9.81,0.1,0.2,0.3,12.3,45.6,78.9,101.325,25.0,0.0,0.0,98.1,1,46.5,6.6,1200.0,1.5,3.5,12,9.81,98.1,1198.4,0.0,1200.0,True,True,True,True,True,True,True,True,True,True,True,True,True,True,True,True,False,False,False,False,False,False,False,False
144155,STATE_PREFLIGHT,12.4,5.0,10.0,45.0,0.0,0.0,9.81,0.1,0.2,0.3,12.3,45.6,78.9,101.325,25.0,0.0,0.0,98.1,1,46.5,6.6,1200.0,1.5,3.5,12,9.81,98.1,1198.4,0.0,1200.0,True,True,True,True,True,True,True,True,True,True,True,True,True,True,True,True,False,False,False,False,False,False,False,False
144660,STATE_PREFLIGHT,12.4,5.0,10.0,45.0,0.0,0.0,9.81,0.1,0.2,0.3,12.3,45.6,78.9,101.325,25.0,0.0,0.0,98.1,1,46.5,6.6,1200.0,1.5,3.5,12,9.81,98.1,1198.4,0.0,1200.0,True,True,True,True,True,True,True,True,True,True,True,True,True,True,True,True,False,False,False,False,False,False,False,False
145161,STATE_PREFLIGHT,12.4,5.0,10.0,45.0,0.0,0.0,9.81,0.1,0.2,0.3,12.3,45.6,78.9,101.325,25.0,0.0,0.0,98.1,1,46.5,6.6,1200.0,1.5,3.5,12,9.81,98.1,1198.4,0.0,1200.0,True,True,True,True,True,True,True,True,True,True,True,True,True,True,True,True,False,False,False,False,False,False,False,False
145663,STATE_PREFLIGHT,12.4,5.0,10.0,45.0,0.0,0.0,9.81,0.1,0.2,0.3,12.3,45.6,78.9,101.325,25.0,0.0,0.0,98.1,1,46.5,6.6,1200.0,1.5,3.5,12,9.81,98.1,1198.4,0.0,1200.0,True,True,True,True,True,True,True,True,True,True,True,True,True,True,True,True,False,False,False,False,False,False,False,False
146164,STATE_PREFLIGHT,12.4,5.0,10.0,45.0,0.0,0.0,9.81,0.1,0.2,0.3,12.3,45.6,78.9,101.325,25.0,0.0,0.0,98.1,1,46.5,6.6,1200.0,1.5,3.5,12,9.81,98.1,1198.4,0.0,1200.0,True,True,True,True,True,True,True,True,True,True,True,True,True,True,True,True,False,False,False,False,False,False,False,False
146666,STATE_PREFLIGHT,12.4,5.0,10.0,45.0,0.0,0.0,9.81,0.1,0.2,0.3,12.3,45.6,78.9,101.325,25.0,0.0,0.0,98.1,1,46.5,6.6,1200.0,1.5,3.5,12,9.81,98.1,1198.4,0.0,1200.0,True,True,True,True,True,True,True,True,True,True,True,True,True,True,True,True,False,False,False,False,False,False,False,False
147167,STATE_PREFLIGHT,12.4,5.0,10.0,45.0,0.0,0.0,9.81,0.1,0.2,0.3,12.3,45.6,78.9,101.325,25.0,0.0,0.0,98.1,1,46.5,6.6,1200.0,1.5,3.5,12,9.81,98.1,1198.4,0.0,1200.0,True,True,True,True,True,True,True,True,True,True,True,True,True,True,True,True,False,False,False,False,False,False,False,False
147669,STATE_PREFLIGHT,12.4,5.0,10.0,45.0,0.0,0.0,9.81,0.1,0.2,0.3,12.3,45.6,78.9,101.325,25.0,0.0,0.0,98.1,1,46.5,6.6,1200.0,1.5,3.5,12,9.81,98.1,1198.4,0.0,1200.0,True,True,True,True,True,True,True,True,True,True,True,True,True,True,True,True,False,False,False,False,False,False,False,False
148172,STATE_PREFLIGHT,12.4,5.0,10.0,45.0,0.0,0.0,9.81,0.1,0.2,0.3,12.3,45.6,78.9,101.325,25.0,0.0,0.0,98.1,1,46.5,6.6,1200.0,1.5,3.5,12,9.81,98.1,1198.4,0.0,1200.0,True,True,True,True,True,True,True,True,True,True,True,True,True,True,True,True,False,False,False,False,False,False,False,False
148675,STATE_PREFLIGHT,12.4,5.0,10.0,45.0,0.0,0.0,9.81,0.1,0.2,0.3,12.3,45.6,78.9,101.325,25.0,0.0,0.0,98.1,1,46.5,6.6,1200.0,1.5,3.5,12,9.81,98.1,1198.4,0.0,1200.0,True,True,True,True,True,True,True,True,True,True,True,True,True,True,True,True,False,False,False,False,False,False,False,False
149178,STATE_PREFLIGHT,12.4,5.0,10.0,45.0,0.0,0.0,9.81,0.1,0.2,0.3,12.3,45.6,78.9,101.325,25.0,0.0,0.0,98.1,1,46.5,6.6,1200.0,1.5,3.5,12,9.81,98.1,1198.4,0.0,1200.0,True,True,True,True,True,True,True,True,True,True,True,True,True,True,True,True,False,False,False,False,False,False,False,False
149680,STATE_PREFLIGHT,12.4,5.0,10.0,45.0,0.0,0.0,9.81,0.1,0.2,0.3,12.3,45.6,78.9,101.325,25.0,0.0,0.0,98.1,1,46.5,6.6,1200.0,1.5,3.5,12,9.81,98.1,1198.4,0.0,1200.0,True,True,True,True,True,True,True,True,True,True,True,True,True,True,True,True,False,False,False,False,False,False,False,False
150182,STATE_PREFLIGHT,12.4,5.0,10.0,45.0,0.0,0.0,9.81,0.1,0.2,0.3,12.3,45.6,78.9,101.325,25.0,0.0,0.0,98.1,1,46.5,6.6,1200.0,1.5,3.5,12,9.81,98.1,1198.4,0.0,1200.0,True,True,True,True,True,True,True,True,True,True,True,True,True,True,True,True,False,False,False,False,False,False,False,False
150684,STATE_PREFLIGHT,12.4,5.0,10.0,45.0,0.0,0.0,9.81,0.1,0.2,0.3,12.3,45.6,78.9,101.325,25.0,0.0,0.0,98.1,1,46.5,6.6,1200.0,1.5,3.5,12,9.81,98.1,1198.4,0.0,1200.0,True,True,True,True,True,True,True,True,True,True,True,True,True,True,True,True,False,False,False,False,False,False,False,False
151186,STATE_PREFLIGHT,12.4,5.0,10.0,45.0,0.0,0.0,9.81,0.1,0.2,0.3,12.3,45.6,78.9,101.325,25.0,0.0,0.0,98.1,1,46.5,6.6,1200.0,1.5,3.5,12,9.81,98.1,1198.4,0.0,1200.0,True,True,True,True,True,True,True,True,True,True,True,True,True,True,True,True,False,False,False,False,False,False,False,False
151689,STATE_PREFLIGHT,12.4,5.0,10.0,45.0,0.0,0.0,9.81,0.1,0.2,0.3,12.3,45.6,78.9,101.325,25.0,0.0,0.0,98.1,1,46.5,6.6,1200.0,1.5,3.5,12,9.81,98.1,1198.4,0.0,1200.0,True,True,True,True,True,True,True,True,True,True,True,True,True,True,True,True,False,False,False,False,False,False,False,False
152192,STATE_PREFLIGHT,12.4,5.0,10.0,45.0,0.0,0.0,9.81,0.1,0.2,0.3,12.3,45.6,78.9,101.325,25.0,0.0,0.0,98.1,1,46.5,6.6,1200.0,1.5,3.5,12,9.81,98.1,1198.4,0.0,1200.0,True,True,True,True,True,True,True,True,True,True,True,True,True,True,True,True,False,False,False,False,False,False,False,False
152695,STATE_PREFLIGHT,12.4,5.0,10.0,45.0,0.0,0.0,9.81,0.1,0.2,0.3,12.3,45.6,78.9,101.325,25.0,0.0,0.0,98.1,1,46.5,6.6,1200.0,1.5,3.5,12,9.81,98.1,1198.4,0.0,1200.0,True,True,True,True,True,True,True,True,True,True,True,True,True,True,True,True,False,False,False,False,False,False,False,False
153199,STATE_PREFLIGHT,12.4,5.0,10.0,45.0,0.0,0.0,9.81,0.1,0.2,0.3,12.3,45.6,78.9,101.325,25.0,0.0,0.0,98.1,1,46.5,6.6,1200.0,1.5,3.5,12,9.81,98.1,1198.4,0.0,1200.0,True,True,True,True,True,True,True,True,True,True,True,True,True,True,True,True,False,False,False,False,False,False,False,False
153702,STATE_PREFLIGHT,12.4,5.0,10.0,45.0,0.0,0.0,9.81,0.1,0.2,0.3,12.3,45.6,78.9,101.325,25.0,0.0,0.0,98.1,1,46.5,6.6,1200.0,1.5,3.5,12,9.81,98.1,1198.4,0.0,1200.0,True,True,True,True,True,True,True,True,True,True,True,True,True,True,True,True,False,False,False,False,False,False,False,False
154204,STATE_PREFLIGHT,12.4,5.0,10.0,45.0,0.0,0.0,9.81,0.1,0.2,0.3,12.3,45.6,78.9,101.325,25.0,0.0,0.0,98.1,1,46.5,6.6,1200.0,1.5,3.5,12,9.81,98.1,1198.4,0.0,1200.0,True,True,True,True,True,True,True,True,True,True,True,True,True,True,True,True,False,False,False,False,False,False,False,False
154706,STATE_PREFLIGHT,12.4,5.0,10.0,45.0,0.0,0.0,9.81,0.1,0.2,0.3,12.3,45.6,78.9,101.325,25.0,0.0,0.0,98.1,1,46.5,6.6,1200.0,1.5,3.5,12,9.81,98.1,1198.4,0.0,1200.0,True,True,True,True,True,True,True,True,True,True,True,True,True,True,True,True,False,False,False,False,False,False,False,False
155208,STATE_PREFLIGHT,12.4,5.0,10.0,45.0,0.0,0.0,9.81,0.1,0.2,0.3,12.3,45.6,78.9,101.325,25.0,0.0,0.0,98.1,1,46.5,6.6,1200.0,1.5,3.5,12,9.81,98.1,1198.4,0.0,1200.0,True,True,True,True,True,True,True,True,True,True,True,True,True,True,True,True,False,False,False,False,False,False,False,False
155709,STATE_PREFLIGHT,12.4,5.0,10.0,45.0,0.0,0.0,9.81,0.1,0.2,0.3,12.3,45.6,78.9,101.325,25.0,0.0,0.0,98.1,1,46.5,6.6,1200.0,1.5,3.5,12,9.81,98.1,1198.4,0.0,1200.0,True,True,True,True,True,True,True,True,True,True,True,True,True,True,True,True,False,False,False,False,False,False,False,False
156211,STATE_PREFLIGHT,12.4,5.0,10.0,45.0,0.0,0.0,9.81,0.1,0.2,0.3,12.3,45.6,78.9,101.325,25.0,0.0,0.0,98.1,1,46.5,6.6,1200.0,1.5,3.5,12,9.81,98.1,1198.4,0.0,1200.0,True,True,True,True,True,True,True,True,True,True,True,True,True,True,True,True,False,False,False,False,False,False,False,False
156713,STATE_PREFLIGHT,12.4,5.0,10.0,45.0,0.0,0.0,9.81,0.1,0.2,0.3,12.3,45.6,78.9,101.325,25.0,0.0,0.0,98.1,1,46.5,6.6,1200.0,1.5,3.5,12,9.81,98.1,1198.4,0.0,1200.0,True,True,True,True,True,True,True,True,True,True,True,True,True,True,True,True,False,False,False,False,False,False,False,False
157214,STATE_PREFLIGHT,12.4,5.0,10.0,45.0,0.0,0.0,9.81,0.1,0.2,0.3,12.3,45.6,78.9,101.325,25.0,0.0,0.0,98.1,1,46.5,6.6,1200.0,1.5,3.5,12,9.81,98.1,1198.4,0.0,1200.0,True,True,True,True,True,True,True,True,True,True,True,True,True,True,True,True,False,False,False,False,False,False,False,False
157716,STATE_PREFLIGHT,12.4,5.0,10.0,45.0,0.0,0.0,9.81,0.1,0.2,0.3,12.3,45.6,78.9,101.325,25.0,0.0,0.0,98.1,1,46.5,6.6,1200.0,1.5,3.5,12,9.81,98.1,1198.4,0.0,1200.0,True,True,True,True,True,True,True,True,True,True,True,True,True,True,True,True,False,False,False,False,False,False,False,False
158219,STATE_PREFLIGHT,12.4,5.0,10.0,45.0,0.0,0.0,9.81,0.1,0.2,0.3,12.3,45.6,78.9,101.325,25.0,0.0,0.0,98.1,1,46.5,6.6,1200.0,1.5,3.5,12,9.81,98.1,1198.4,0.0,1200.0,True,True,True,True,True,True,True,True,True,True,True,True,True,True,True,True,False,False,False,False,False,False,False,False
158721,STATE_PREFLIGHT,12.4,5.0,10.0,45.0,0.0,0.0,9.81,0.1,0.2,0.3,12.3,45.6,78.9,101.325,25.0,0.0,0.0,98.1,1,46.5,6.6,1200.0,1.5,3.5,12,9.81,98.1,1198.4,0.0,1200.0,True,True,True,True,True,True,True,True,True,True,True,True,True,True,True,True,False,False,False,False,False,False,False,False
159222,STATE_PREFLIGHT,12.4,5.0,10.0,45.0,0.0,0.0,9.81,0.1,0.2,0.3,12.3,45.6,78.9,101.325,25.0,0.0,0.0,98.1,1,46.5,6.6,1200.0,1.5,3.5,12,9.81,98.1,1198.4,0.0,1200.0,True,True,True,True,True,True,True,True,True,True,True,True,True,True,True,True,False,False,False,False,False,False,False,False
159724,STATE_PREFLIGHT,12.4,5.0,10.0,45.0,0.0,0.0,9.81,0.1,0.2,0.3,12.3,45.6,78.9,101.325,25.0,0.0,0.0,98.1,1,46.5,6.6,1200.0,1.5,3.5,12,9.81,98.1,1198.4,0.0,1200.0,True,True,True,True,True,True,True,True,True,True,True,True,True,True,True,True,False,False,False,False,False,False,False,False
160226,STATE_PREFLIGHT,12.4,5.0,10.0,45.0,0.0,0.0,9.81,0.1,0.2,0.3,12.3,45.6,78.9,101.325,25.0,0.0,0.0,98.1,1,46.5,6.6,1200.0,1.5,3.5,12,9.81,98.1,1198.4,0.0,1200.0,True,True,True,True,True,True,True,True,True,True,True,True,True,True,True,True,False,False,False,False,False,False,False,False
160728,STATE_PREFLIGHT,12.4,5.0,10.0,45.0,0.0,0.0,9.81,0.1,0.2,0.3,12.3,45.6,78.9,101.325,25.0,0.0,0.0,98.1,1,46.5,6.6,1200.0,1.5,3.5,12,9.81,98.1,1198.4,0.0,1200.0,True,True,True,True,True,True,True,True,True,True,True,True,True,True,True,True,False,False,False,False,False,False,False,False
161230,STATE_PREFLIGHT,12.4,5.0,10.0,45.0,0.0,0.0,9.81,0.1,0.2,0.3,12.3,45.6,78.9,101.325,25.0,0.0,0.0,98.1,1,46.5,6.6,1200.0,1.5,3.5,12,9.81,98.1,1198.4,0.0,1200.0,True,True,True,True,True,True,True,True,True,True,True,True,True,True,True,True,False,False,False,False,False,False,False,False
161732,STATE_PREFLIGHT,12.4,5.0,10.0,45.0,0.0,0.0,9.81,0.1,0.2,0.3,12.3,45.6,78.9,101.325,25.0,0.0,0.0,98.1,1,46.5,6.6,1200.0,1.5,3.5,12,9.81,98.1,1198.4,0.0,1200.0,True,True,True,True,True,True,True,True,True,True,True,True,True,True,True,True,False,False,False,False,False,False,False,False
162233,STATE_PREFLIGHT,12.4,5.0,10.0,45.0,0.0,0.0,9.81,0.1,0.2,0.3,12.3,45.6,78.9,101.325,25.0,0.0,0.0,98.1,1,46.5,6.6,1200.0,1.5,3.5,12,9.81,98.1,1198.4,0.0,1200.0,True,True,True,True,True,True,True,True,True,True,True,True,True,True,True,True,False,False,False,False,False,False,False,False
162735,STATE_PREFLIGHT,12.4,5.0,10.0,45.0,0.0,0.0,9.81,0.1,0.2,0.3,12.3,45.6,78.9,101.325,25.0,0.0,0.0,98.1,1,46.5,6.6,1200.0,1.5,3.5,12,9.81,98.1,1198.4,0.0,1200.0,True,True,True,True,True,True,True,True,True,True,True,True,True,True,True,True,False,False,False,False,False,False,False,False
163236,STATE_PREFLIGHT,12.4,5.0,10.0,45.0,0.0,0.0,9.81,0.1,0.2,0.3,12.3,45.6,78.9,101.325,25.0,0.0,0.0,98.1,1,46.5,6.6,1200.0,1.5,3.5,12,9.81,98.1,1198.4,0.0,1200.0,True,True,True,True,True,True,True,True,True,True,True,True,True,True,True,True,False,False,False,False,False,False,False,False
163738,STATE_PREFLIGHT,12.4,5.0,10.0,45.0,0.0,0.0,9.81,0.1,0.2,0.3,12.3,45.6,78.9,101.325,25.0,0.0,0.0,98.1,1,46.5,6.6,1200.0,1.5,3.5,12,9.81,98.1,1198.4,0.0,1200.0,True,True,True,True,True,True,True,True,True,True,True,True,True,True,True,True,False,False,False,False,False,False,False,False
164239,STATE_PREFLIGHT,12.4,5.0,10.0,45.0,0.0,0.0,9.81,0.1,0.2,0.3,12.3,45.6,78.9,101.325,25.0,0.0,0.0,98.1,1,46.5,6.6,1200.0,1.5,3.5,12,9.81,98.1,1198.4,0.0,1200.0,True,True,True,True,True,True,True,True,True,True,True,True,True,True,True,True,False,False,False,False,False,False,False,False
164741,STATE_PREFLIGHT,12.4,5.0,10.0,45.0,0.0,0.0,9.81,0.1,0.2,0.3,12.3,45.6,78.9,101.325,25.0,0.0,0.0,98.1,1,46.5,6.6,1200.0,1.5,3.5,12,9.81,98.1,1198.4,0.0,1200.0,True,True,True,True,True,True,True,True,True,True,True,True,True,True,True,True,False,False,False,False,False,False,False,False
165245,STATE_PREFLIGHT,12.4,5.0,10.0,45.0,0.0,0.0,9.81,0.1,0.2,0.3,12.3,45.6,78.9,101.325,25.0,0.0,0.0,98.1,1,46.5,6.6,1200.0,1.5,3.5,12,9.81,98.1,1198.4,0.0,1200.0,True,True,True,True,True,True,True,True,True,True,True,True,True,True,True,True,False,False,False,False,False,False,False,False
165746,STATE_PREFLIGHT,12.4,5.0,10.0,45.0,0.0,0.0,9.81,0.1,0.2,0.3,12.3,45.6,78.9,101.325,25.0,0.0,0.0,98.1,1,46.5,6.6,1200.0,1.5,3.5,12,9.81,98.1,1198.4,0.0,1200.0,True,True,True,True,True,True,True,True,True,True,True,True,True,True,True,True,False,False,False,False,False,False,False,False
166249,STATE_PREFLIGHT,12.4,5.0,10.0,45.0,0.0,0.0,9.81,0.1,0.2,0.3,12.3,45.6,78.9,101.325,25.0,0.0,0.0,98.1,1,46.5,6.6,1200.0,1.5,3.5,12,9.81,98.1,1198.4,0.0,1200.0,True,True,True,True,True,True,True,True,True,True,True,True,True,True,True,True,False,False,False,False,False,False,False,False
166751,STATE_PREFLIGHT,12.4,5.0,10.0,45.0,0.0,0.0,9.81,0.1,0.2,0.3,12.3,45.6,78.9,101.325,25.0,0.0,0.0,98.1,1,46.5,6.6,1200.0,1.5,3.5,12,9.81,98.1,1198.4,0.0,1200.0,True,True,True,True,True,True,True,True,True,True,True,True,True,True,True,True,False,False,False,False,False,False,False,False
167253,STATE_PREFLIGHT,12.4,5.0,10.0,45.0,0.0,0.0,9.81,0.1,0.2,0.3,12.3,45.6,78.9,101.325,25.0,0.0,0.0,98.1,1,46.5,6.6,1200.0,1.5,3.5,12,9.81,98.1,1198.4,0.0,1200.0,True,True,True,True,True,True,True,True,True,True,True,True,True,True,True,True,False,False,False,False,False,False,False,False
167756,STATE_PREFLIGHT,12.4,5.0,10.0,45.0,0.0,0.0,9.81,0.1,0.2,0.3,12.3,45.6,78.9,101.325,25.0,0.0,0.0,98.1,1,46.5,6.6,1200.0,1.5,3.5,12,9.81,98.1,1198.4,0.0,1200.0,True,True,True,True,True,True,True,True,True,True,True,True,True,True,True,True,False,False,False,False,False,False,False,False
168258,STATE_PREFLIGHT,12.4,5.0,10.0,45.0,0.0,0.0,9.81,0.1,0.2,0.3,12.3,45.6,78.9,101.325,25.0,0.0,0.0,98.1,1,46.5,6.6,1200.0,1.5,3.5,12,9.81,98.1,1198.4,0.0,1200.0,True,True,True,True,True,True,True,True,True,True,True,True,True,True,True,True,False,False,False,False,False,False,False,False
168762,STATE_PREFLIGHT,12.4,5.0,10.0,45.0,0.0,0.0,9.81,0.1,0.2,0.3,12.3,45.6,78.9,101.325,25.0,0.0,0.0,98.1,1,46.5,6.6,1200.0,1.5,3.5,12,9.81,98.1,1198.4,0.0,1200.0,True,True,True,True,True,True,True,True,True,True,True,True,True,True,True,True,False,False,False,False,False,False,False,False
169265,STATE_PREFLIGHT,12.4,5.0,10.0,45.0,0.0,0.0,9.81,0.1,0.2,0.3,12.3,45.6,78.9,101.325,25.0,0.0,0.0,98.1,1,46.5,6.6,1200.0,1.5,3.5,12,9.81,98.1,1198.4,0.0,1200.0,True,True,True,True,True,True,True,True,True,True,True,True,True,True,True,True,False,False,False,False,False,False,False,False
169770,STATE_PREFLIGHT,12.4,5.0,10.0,45.0,0.0,0.0,9.81,0.1,0.2,0.3,12.3,45.6,78.9,101.325,25.0,0.0,0.0,98.1,1,46.5,6.6,1200.0,1.5,3.5,12,9.81,98.1,1198.4,0.0,1200.0,True,True,True,True,True,True,True,True,True,True,True,True,True,True,True,True,False,False,False,False,False,False,False,False
170273,STATE_PREFLIGHT,12.4,5.0,10.0,45.0,0.0,0.0,9.81,0.1,0.2,0.3,12.3,45.6,78.9,101.325,25.0,0.0,0.0,98.1,1,46.5,6.6,1200.0,1.5,3.5,12,9.81,98.1,1198.4,0.0,1200.0,True,True,True,True,True,True,True,True,True,True,True,True,True,True,True,True,False,False,False,False,False,False,False,False
170775,STATE_PREFLIGHT,12.4,5.0,10.0,45.0,0.0,0.0,9.81,0.1,0.2,0.3,12.3,45.6,78.9,101.325,25.0,0.0,0.0,98.1,1,46.5,6.6,1200.0,1.5,3.5,12,9.81,98.1,1198.4,0.0,1200.0,True,True,True,True,True,True,True,True,True,True,True,True,True,True,True,True,False,False,False,False,False,False,False,False
171278,STATE_PREFLIGHT,12.4,5.0,10.0,45.0,0.0,0.0,9.81,0.1,0.2,0.3,12.3,45.6,78.9,101.325,25.0,0.0,0.0,98.1,1,46.5,6.6,1200.0,1.5,3.5,12,9.81,98.1,1198.4,0.0,1200.0,True,True,True,True,True,True,True,True,True,True,True,True,True,True,True,True,False,False,False,False,False,False,False,False
171781,STATE_PREFLIGHT,12.4,5.0,10.0,45.0,0.0,0.0,9.81,0.1,0.2,0.3,12.3,45.6,78.9,101.325,25.0,0.0,0.0,98.1,1,46.5,6.6,1200.0,1.5,3.5,12,9.81,98.1,1198.4,0.0,1200.0,True,True,True,True,True,True,True,True,True,True,True,True,True,True,True,True,False,False,False,False,False,False,False,False
172284,STATE_PREFLIGHT,12.4,5.0,10.0,45.0,0.0,0.0,9.81,0.1,0.2,0.3,12.3,45.6,78.9,101.325,25.0,0.0,0.0,98.1,1,46.5,6.6,1200.0,1.5,3.5,12,9.81,98.1,1198.4,0.0,1200.0,True,True,True,True,True,True,True,True,True,True,True,True,True,True,True,True,False,False,False,False,False,False,False,False
172787,STATE_PREFLIGHT,12.4,5.0,10.0,45.0,0.0,0.0,9.81,0.1,0.2,0.3,12.3,45.6,78.9,101.325,25.0,0.0,0.0,98.1,1,46.5,6.6,1200.0,1.5,3.5,12,9.81,98.1,1198.4,0.0,1200.0,True,True,True,True,True,True,True,True,True,True,True,True,True,True,True,True,False,False,False,False,False,False,False,False
173290,STATE_PREFLIGHT,12.4,5.0,10.0,45.0,0.0,0.0,9.81,0.1,0.2,0.3,12.3,45.6,78.9,101.325,25.0,0.0,0.0,98.1,1,46.5,6.6,1200.0,1.5,3.5,12,9.81,98.1,1198.4,0.0,1200.0,True,True,True,True,True,True,True,True,True,True,True,True,True,True,True,True,False,False,False,False,False,False,False,False
173793,STATE_PREFLIGHT,12.4,5.0,10.0,45.0,0.0,0.0,9.81,0.1,0.2,0.3,12.3,45.6,78.9,101.325,25.0,0.0,0.0,98.1,1,46.5,6.6,1200.0,1.5,3.5,12,9.81,98.1,1198.4,0.0,1200.0,True,True,True,True,True,True,True,True,True,True,True,True,True,True,True,True,False,False,False,False,False,False,False,False
174296,STATE_PREFLIGHT,12.4,5.0,10.0,45.0,0.0,0.0,9.81,0.1,0.2,0.3,12.3,45.6,78.9,101.325,25.0,0.0,0.0,98.1,1,46.5,6.6,1200.0,1.5,3.5,12,9.81,98.1,1198.4,0.0,1200.0,True,True,True,True,True,True,True,True,True,True,True,True,True,True,True,True,False,False,False,False,False,False,False,False
174798,STATE_PREFLIGHT,12.4,5.0,10.0,45.0,0.0,0.0,9.81,0.1,0.2,0.3,12.3,45.6,78.9,101.325,25.0,0.0,0.0,98.1,1,46.5,6.6,1200.0,1.5,3.5,12,9.81,98.1,1198.4,0.0,1200.0,True,True,True,True,True,True,True,True,True,True,True,True,True,True,True,True,False,False,False,False,False,False,False,False
175301,STATE_PREFLIGHT,12.4,5.0,10.0,45.0,0.0,0.0,9.81,0.1,0.2,0.3,12.3,45.6,78.9,101.325,25.0,0.0,0.0,98.1,1,46.5,6.6,1200.0,1.5,3.5,12,9.81,98.1,1198.4,0.0,1200.0,True,True,True,True,True,True,True,True,True,True,True,True,True,True,True,True,False,False,False,False,False,False,False,False
175804,STATE_PREFLIGHT,12.4,5.0,10.0,45.0,0.0,0.0,9.81,0.1,0.2,0.3,12.3,45.6,78.9,101.325,25.0,0.0,0.0,98.1,1,46.5,6.6,1200.0,1.5,3.5,12,9.81,98.1,1198.4,0.0,1200.0,True,True,True,True,True,True,True,True,True,True,True,True,True,True,True,True,False,False,False,False,False,False,False,False
176307,STATE_PREFLIGHT,12.4,5.0,10.0,45.0,0.0,0.0,9.81,0.1,0.2,0.3,12.3,45.6,78.9,101.325,25.0,0.0,0.0,98.1,1,46.5,6.6,1200.0,1.5,3.5,12,9.81,98.1,1198.4,0.0,1200.0,True,True,True,True,True,True,True,True,True,True,True,True,True,True,True,True,False,False,False,False,False,False,False,False
176810,STATE_PREFLIGHT,12.4,5.0,10.0,45.0,0.0,0.0,9.81,0.1,0.2,0.3,12.3,45.6,78.9,101.325,25.0,0.0,0.0,98.1,1,46.5,6.6,1200.0,1.5,3.5,12,9.81,98.1,1198.4,0.0,1200.0,True,True,True,True,True,True,True,True,True,True,True,True,True,True,True,True,False,False,False,False,False,False,False,False
177311,STATE_PREFLIGHT,12.4,5.0,10.0,45.0,0.0,0.0,9.81,0.1,0.2,0.3,12.3,45.6,78.9,101.325,25.0,0.0,0.0,98.1,1,46.5,6.6,1200.0,1.5,3.5,12,9.81,98.1,1198.4,0.0,1200.0,True,True,True,True,True,True,True,True,True,True,True,True,True,True,True,True,False,False,False,False,False,False,False,False
177813,STATE_PREFLIGHT,12.4,5.0,10.0,45.0,0.0,0.0,9.81,0.1,0.2,0.3,12.3,45.6,78.9,101.325,25.0,0.0,0.0,98.1,1,46.5,6.6,1200.0,1.5,3.5,12,9.81,98.1,1198.4,0.0,1200.0,True,True,True,True,True,True,True,True,True,True,True,True,True,True,True,True,False,False,False,False,False,False,False,False
178315,STATE_PREFLIGHT,12.4,5.0,10.0,45.0,0.0,0.0,9.81,0.1,0.2,0.3,12.3,45.6,78.9,101.325,25.0,0.0,0.0,98.1,1,46.5,6.6,1200.0,1.5,3.5,12,9.81,98.1,1198.4,0.0,1200.0,True,True,True,True,True,True,True,True,True,True,True,True,True,True,True,True,False,False,False,False,False,False,False,False
178817,STATE_PREFLIGHT,12.4,5.0,10.0,45.0,0.0,0.0,9.81,0.1,0.2,0.3,12.3,45.6,78.9,101.325,25.0,0.0,0.0,98.1,1,46.5,6.6,1200.0,1.5,3.5,12,9.81,98.1,1198.4,0.0,1200.0,True,True,True,True,True,True,True,True,True,True,True,True,True,True,True,True,False,False,False,False,False,False,False,False
179319,STATE_PREFLIGHT,12.4,5.0,10.0,45.0,0.0,0.0,9.81,0.1,0.2,0.3,12.3,45.6,78.9,101.325,25.0,0.0,0.0,98.1,1,46.5,6.6,1200.0,1.5,3.5,12,9.81,98.1,1198.4,0.0,1200.0,True,True,True,True,True,True,True,True,True,True,True,True,True,True,True,True,False,False,False,False,False,False,False,False
179821,STATE_PREFLIGHT,12.4,5.0,10.0,45.0,0.0,0.0,9.81,0.1,0.2,0.3,12.3,45.6,78.9,101.325,25.0,0.0,0.0,98.1,1,46.5,6.6,1200.0,1.5,3.5,12,9.81,98.1,1198.4,0.0,1200.0,True,True,True,True,True,True,True,True,True,True,True,True,True,True,True,True,False,False,False,False,False,False,False,False
180323,STATE_PREFLIGHT,12.4,5.0,10.0,45.0,0.0,0.0,9.81,0.1,0.2,0.3,12.3,45.6,78.9,101.325,25.0,0.0,0.0,98.1,1,46.5,6.6,1200.0,1.5,3.5,12,9.81,98.1,1198.4,0.0,1200.0,True,True,True,True,True,True,True,True,True,True,True,True,True,True,True,True,False,False,False,False,False,False,False,False
180824,STATE_PREFLIGHT,12.4,5.0,10.0,45.0,0.0,0.0,9.81,0.1,0.2,0.3,12.3,45.6,78.9,101.325,25.0,0.0,0.0,98.1,1,46.5,6.6,1200.0,1.5,3.5,12,9.81,98.1,1198.4,0.0,1200.0,True,True,True,True,True,True,True,True,True,True,True,True,True,True,True,True,False,False,False,False,False,False,False,False
181326,STATE_PREFLIGHT,12.4,5.0,10.0,45.0,0.0,0.0,9.81,0.1,0.2,0.3,12.3,45.6,78.9,101.325,25.0,0.0,0.0,98.1,1,46.5,6.6,1200.0,1.5,3.5,12,9.81,98.1,1198.4,0.0,1200.0,True,True,True,True,True,True,True,True,True,True,True,True,True,True,True,True,False,False,False,False,False,False,False,False
181828,STATE_PREFLIGHT,12.4,5.0,10.0,45.0,0.0,0.0,9.81,0.1,0.2,0.3,12.3,45.6,78.9,101.325,25.0,0.0,0.0,98.1,1,46.5,6.6,1200.0,1.5,3.5,12,9.81,98.1,1198.4,0.0,1200.0,True,True,True,True,True,True,True,True,True,True,True,True,True,True,True,True,False,False,False,False,False,False,False,False
182333,STATE_PREFLIGHT,12.4,5.0,10.0,45.0,0.0,0.0,9.81,0.1,0.2,0.3,12.3,45.6,78.9,101.325,25.0,0.0,0.0,98.1,1,46.5,6.6,1200.0,1.5,3.5,12,9.81,98.1,1198.4,0.0,1200.0,True,True,True,True,True,True,True,True,True,True,True,True,True,True,True,True,False,False,False,False,False,False,False,False
182835,STATE_PREFLIGHT,12.4,5.0,10.0,45.0,0.0,0.0,9.81,0.1,0.2,0.3,12.3,45.6,78.9,101.325,25.0,0.0,0.0,98.1,1,46.5,6.6,1200.0,1.5,3.5,12,9.81,98.1,1198.4,0.0,1200.0,True,True,True,True,True,True,True,True,True,True,True,True,True,True,True,True,False,False,False,False,False,False,False,False
183337,STATE_PREFLIGHT,12.4,5.0,10.0,45.0,0.0,0.0,9.81,0.1,0.2,0.3,12.3,45.6,78.9,101.325,25.0,0.0,0.0,98.1,1,46.5,6.6,1200.0,1.5,3.5,12,9.81,98.1,1198.4,0.0,1200.0,True,True,True,True,True,True,True,True,True,True,True,True,True,True,True,True,False,False,False,False,False,False,False,False
183840,STATE_PREFLIGHT,12.4,5.0,10.0,45.0,0.0,0.0,9.81,0.1,0.2,0.3,12.3,45.6,78.9,101.325,25.0,0.0,0.0,98.1,1,46.5,6.6,1200.0,1.5,3.5,12,9.81,98.1,1198.4,0.0,1200.0,True,True,True,True,True,True,True,True,True,True,True,True,True,True,True,True,False,False,False,False,False,False,False,False
184343,STATE_PREFLIGHT,12.4,5.0,10.0,45.0,0.0,0.0,9.81,0.1,0.2,0.3,12.3,45.6,78.9,101.325,25.0,0.0,0.0,98.1,1,46.5,6.6,1200.0,1.5,3.5,12,9.81,98.1,1198.4,0.0,1200.0,True,True,True,True,True,True,True,True,True,True,True,True,True,True,True,True,False,False,False,False,False,False,False,False
184845,STATE_PREFLIGHT,12.4,5.0,10.0,45.0,0.0,0.0,9.81,0.1,0.2,0.3,12.3,45.6,78.9,101.325,25.0,0.0,0.0,98.1,1,46.5,6.6,1200.0,1.5,3.5,12,9.81,98.1,1198.4,0.0,1200.0,True,True,True,True,True,True,True,True,True,True,True,True,True,True,True,True,False,False,False,False,False,False,False,False
185347,STATE_PREFLIGHT,12.4,5.0,10.0,45.0,0.0,0.0,9.81,0.1,0.2,0.3,12.3,45.6,78.9,101.325,25.0,0.0,0.0,98.1,1,46.5,6.6,1200.0,1.5,3.5,12,9.81,98.1,1198.4,0.0,1200.0,True,True,True,True,True,True,True,True,True,True,True,True,True,True,True,True,False,False,False,False,False,False,False,False
185849,STATE_PREFLIGHT,12.4,5.0,10.0,45.0,0.0,0.0,9.81,0.1,0.2,0.3,12.3,45.6,78.9,101.325,25.0,0.0,0.0,98.1,1,46.5,6.6,1200.0,1.5,3.5,12,9.81,98.1,1198.4,0.0,1200.0,True,True,True,True,True,True,True,True,True,True,True,True,True,True,True,True,False,False,False,False,False,False,False,False
186352,STATE_PREFLIGHT,12.4,5.0,10.0,45.0,0.0,0.0,9.81,0.1,0.2,0.3,12.3,45.6,78.9,101.325,25.0,0.0,0.0,98.1,1,46.5,6.6,1200.0,1.5,3.5,12,9.81,98.1,1198.4,0.0,1200.0,True,True,True,True,True,True,True,True,True,True,True,True,True,True,True,True,False,False,False,False,False,False,False,False
186853,STATE_PREFLIGHT,12.4,5.0,10.0,45.0,0.0,0.0,9.81,0.1,0.2,0.3,12.3,45.6,78.9,101.325,25.0,0.0,0.0,98.1,1,46.5,6.6,1200.0,1.5,3.5,12,9.81,98.1,1198.4,0.0,1200.0,True,True,True,True,True,True,True,True,True,True,True,True,True,True,True,True,False,False,False,False,False,False,False,False
187356,STATE_PREFLIGHT,12.4,5.0,10.0,45.0,0.0,0.0,9.81,0.1,0.2,0.3,12.3,45.6,78.9,101.325,25.0,0.0,0.0,98.1,1,46.5,6.6,1200.0,1.5,3.5,12,9.81,98.1,1198.4,0.0,1200.0,True,True,True,True,True,True,True,True,True,True,True,True,True,True,True,True,False,False,False,False,False,False,False,False
187858,STATE_PREFLIGHT,12.4,5.0,10.0,45.0,0.0,0.0,9.81,0.1,0.2,0.3,12.3,45.6,78.9,101.325,25.0,0.0,0.0,98.1,1,46.5,6.6,1200.0,1.5,3.5,12,9.81,98.1,1198.4,0.0,1200.0,True,True,True,True,True,True,True,True,True,True,True,True,True,True,True,True,False,False,False,False,False,False,False,False
188360,STATE_PREFLIGHT,12.4,5.0,10.0,45.0,0.0,0.0,9.81,0.1,0.2,0.3,12.3,45.6,78.9,101.325,25.0,0.0,0.0,98.1,1,46.5,6.6,1200.0,1.5,3.5,12,9.81,98.1,1198.4,0.0,1200.0,True,True,True,True,True,True,True,True,True,True,True,True,True,True,True,True,False,False,False,False,False,False,False,False
188862,STATE_PREFLIGHT,12.4,5.0,10.0,45.0,0.0,0.0,9.81,0.1,0.2,0.3,12.3,45.6,78.9,101.325,25.0,0.0,0.0,98.1,1,46.5,6.6,1200.0,1.5,3.5,12,9.81,98.1,1198.4,0.0,1200.0,True,True,True,True,True,True,True,True,True,True,True,True,True,True,True,True,False,False,False,False,False,False,False,False
189364,STATE_PREFLIGHT,12.4,5.0,10.0,45.0,0.0,0.0,9.81,0.1,0.2,0.3,12.3,45.6,78.9,101.325,25.0,0.0,0.0,98.1,1,46.5,6.6,1200.0,1.5,3.5,12,9.81,98.1,1198.4,0.0,1200.0,True,True,True,True,True,True,True,True,True,True,True,True,True,True,True,True,False,False,False,False,False,False,False,False
189867,STATE_PREFLIGHT,12.4,5.0,10.0,45.0,0.0,0.0,9.81,0.1,0.2,0.3,12.3,45.6,78.9,101.325,25.0,0.0,0.0,98.1,1,46.5,6.6,1200.0,1.5,3.5,12,9.81,98.1,1198.4,0.0,1200.0,True,True,True,True,True,True,True,True,True,True,True,True,True,True,True,True,False,False,False,False,False,False,False,False
190369,STATE_PREFLIGHT,12.4,5.0,10.0,45.0,0.0,0.0,9.81,0.1,0.2,0.3,12.3,45.6,78.9,101.325,25.0,0.0,0.0,98.1,1,46.5,6.6,1200.0,1.5,3.5,12,9.81,98.1,1198.4,0.0,1200.0,True,True,True,True,True,True,True,True,True,True,True,True,True,True,True,True,False,False,False,False,False,False,False,False
190872,STATE_PREFLIGHT,12.4,5.0,10.0,45.0,0.0,0.0,9.81,0.1,0.2,0.3,12.3,45.6,78.9,101.325,25.0,0.0,0.0,98.1,1,46.5,6.6,1200.0,1.5,3.5,12,9.81,98.1,1198.4,0.0,1200.0,True,True,True,True,True,True,True,True,True,True,True,True,True,True,True,True,False,False,False,False,False,False,False,False
191374,STATE_PREFLIGHT,12.4,5.0,10.0,45.0,0.0,0.0,9.81,0.1,0.2,0.3,12.3,45.6,78.9,101.325,25.0,0.0,0.0,98.1,1,46.5,6.6,1200.0,1.5,3.5,12,9.81,98.1,1198.4,0.0,1200.0,True,True,True,True,True,True,True,True,True,True,True,True,True,True,True,True,False,False,False,False,False,False,False,False
191876,STATE_PREFLIGHT,12.4,5.0,10.0,45.0,0.0,0.0,9.81,0.1,0.2,0.3,12.3,45.6,78.9,101.325,25.0,0.0,0.0,98.1,1,46.5,6.6,1200.0,1.5,3.5,12,9.81,98.1,1198.4,0.0,1200.0,True,True,True,True,True,True,True,True,True,True,True,True,True,True,True,True,False,False,False,False,False,False,False,False
192377,STATE_PREFLIGHT,12.4,5.0,10.0,45.0,0.0,0.0,9.81,0.1,0.2,0.3,12.3,45.6,78.9,101.325,25.0,0.0,0.0,98.1,1,46.5,6.6,1200.0,1.5,3.5,12,9.81,98.1,1198.4,0.0,1200.0,True,True,True,True,True,True,True,True,True,True,True,True,True,True,True,True,False,False,False,False,False,False,False,False
192879,STATE_PREFLIGHT,12.4,5.0,10.0,45.0,0.0,0.0,9.81,0.1,0.2,0.3,12.3,45.6,78.9,101.325,25.0,0.0,0.0,98.1,1,46.5,6.6,1200.0,1.5,3.5,12,9.81,98.1,1198.4,0.0,1200.0,True,True,True,True,True,True,True,True,True,True,True,True,True,True,True,True,False,False,False,False,False,False,False,False
193381,STATE_PREFLIGHT,12.4,5.0,10.0,45.0,0.0,0.0,9.81,0.1,0.2,0.3,12.3,45.6,78.9,101.325,25.0,0.0,0.0,98.1,1,46.5,6.6,1200.0,1.5,3.5,12,9.81,98.1,1198.4,0.0,1200.0,True,True,True,True,True,True,True,True,True,True,True,True,True,True,True,True,False,False,False,False,False,False,False,False
193883,STATE_PREFLIGHT,12.4,5.0,10.0,45.0,0.0,0.0,9.81,0.1,0.2,0.3,12.3,45.6,78.9,101.325,25.0,0.0,0.0,98.1,1,46.5,6.6,1200.0,1.5,3.5,12,9.81,98.1,1198.4,0.0,1200.0,True,True,True,True,True,True,True,True,True,True,True,True,True,True,True,True,False,False,False,False,False,False,False,False
194384,STATE_PREFLIGHT,12.4,5.0,10.0,45.0,0.0,0.0,9.81,0.1,0.2,0.3,12.3,45.6,78.9,101.325,25.0,0.0,0.0,98.1,1,46.5,6.6,1200.0,1.5,3.5,12,9.81,98.1,1198.4,0.0,1200.0,True,True,True,True,True,True,True,True,True,True,True,True,True,True,True,True,False,False,False,False,False,False,False,False
194887,STATE_PREFLIGHT,12.4,5.0,10.0,45.0,0.0,0.0,9.81,0.1,0.2,0.3,12.3,45.6,78.9,101.325,25.0,0.0,0.0,98.1,1,46.5,6.6,1200.0,1.5,3.5,12,9.81,98.1,1198.4,0.0,1200.0,True,True,True,True,True,True,True,True,True,True,True,True,True,True,True,True,False,False,False,False,False,False,False,False
195392,STATE_PREFLIGHT,12.4,5.0,10.0,45.0,0.0,0.0,9.81,0.1,0.2,0.3,12.3,45.6,78.9,101.325,25.0,0.0,0.0,98.1,1,46.5,6.6,1200.0,1.5,3.5,12,9.81,98.1,1198.4,0.0,1200.0,True,True,True,True,True,True,True,True,True,True,True,True,True,True,True,True,False,False,False,False,False,False,False,False
195893,STATE_PREFLIGHT,12.4,5.0,10.0,45.0,0.0,0.0,9.81,0.1,0.2,0.3,12.3,45.6,78.9,101.325,25.0,0.0,0.0,98.1,1,46.5,6.6,1200.0,1.5,3.5,12,9.81,98.1,1198.4,0.0,1200.0,True,True,True,True,True,True,True,True,True,True,True,True,True,True,True,True,False,False,False,False,False,False,False,False
196395,STATE_PREFLIGHT,12.4,5.0,10.0,45.0,0.0,0.0,9.81,0.1,0.2,0.3,12.3,45.6,78.9,101.325,25.0,0.0,0.0,98.1,1,46.5,6.6,1200.0,1.5,3.5,12,9.81,98.1,1198.4,0.0,1200.0,True,True,True,True,True,True,True,True,True,True,True,True,True,True,True,True,False,False,False,False,False,False,False,False
196897,STATE_PREFLIGHT,12.4,5.0,10.0,45.0,0.0,0.0,9.81,0.1,0.2,0.3,12.3,45.6,78.9,101.325,25.0,0.0,0.0,98.1,1,46.5,6.6,1200.0,1.5,3.5,12,9.81,98.1,1198.4,0.0,1200.0,True,True,True,True,True,True,True,True,True,True,True,True,True,True,True,True,False,False,False,False,False,False,False,False
197398,STATE_PREFLIGHT,12.4,5.0,10.0,45.0,0.0,0.0,9.81,0.1,0.2,0.3,12.3,45.6,78.9,101.325,25.0,0.0,0.0,98.1,1,46.5,6.6,1200.0,1.5,3.5,12,9.81,98.1,1198.4,0.0,1200.0,True,True,True,True,True,True,True,True,True,True,True,True,True,True,True,True,False,False,False,False,False,False,False,False
197900,STATE_PREFLIGHT,12.4,5.0,10.0,45.0,0.0,0.0,9.81,0.1,0.2,0.3,12.3,45.6,78.9,101.325,25.0,0.0,0.0,98.1,1,46.5,6.6,1200.0,1.5,3.5,12,9.81,98.1,1198.4,0.0,1200.0,True,True,True,True,True,True,True,True,True,True,True,True,True,True,True,True,False,False,False,False,False,False,False,False
198402,STATE_PREFLIGHT,12.4,5.0,10.0,45.0,0.0,0.0,9.81,0.1,0.2,0.3,12.3,45.6,78.9,101.325,25.0,0.0,0.0,98.1,1,46.5,6.6,1200.0,1.5,3.5,12,9.81,98.1,1198.4,0.0,1200.0,True,True,True,True,True,True,True,True,True,True,True,True,True,True,True,True,False,False,False,False,False,False,False,False
198903,STATE_PREFLIGHT,12.4,5.0,10.0,45.0,0.0,0.0,9.81,0.1,0.2,0.3,12.3,45.6,78.9,101.325,25.0,0.0,0.0,98.1,1,46.5,6.6,1200.0,1.5,3.5,12,9.81,98.1,1198.4,0.0,1200.0,True,True,True,True,True,True,True,True,True,True,True,True,True,True,True,True,False,False,False,False,False,False,False,False
199405,STATE_PREFLIGHT,12.4,5.0,10.0,45.0,0.0,0.0,9.81,0.1,0.2,0.3,12.3,45.6,78.9,101.325,25.0,0.0,0.0,98.1,1,46.5,6.6,1200.0,1.5,3.5,12,9.81,98.1,1198.4,0.0,1200.0,True,True,True,True,True,True,True,True,True,True,True,True,True,True,True,True,False,False,False,False,False,False,False,False
199907,STATE_PREFLIGHT,12.4,5.0,10.0,45.0,0.0,0.0,9.81,0.1,0.2,0.3,12.3,45.6,78.9,101.325,25.0,0.0,0.0,98.1,1,46.5,6.6,1200.0,1.5,3.5,12,9.81,98.1,1198.4,0.0,1200.0,True,True,True,True,True,True,True,True,True,True,True,True,True,True,True,True,False,False,False,False,False,False,False,False
200408,STATE_PREFLIGHT,12.4,5.0,10.0,45.0,0.0,0.0,9.81,0.1,0.2,0.3,12.3,45.6,78.9,101.325,25.0,0.0,0.0,98.1,1,46.5,6.6,1200.0,1.5,3.5,12,9.81,98.1,1198.4,0.0,1200.0,True,True,True,True,True,True,True,True,True,True,True,True,True,True,True,True,False,False,False,False,False,False,False,False
200910,STATE_PREFLIGHT,12.4,5.0,10.0,45.0,0.0,0.0,9.81,0.1,0.2,0.3,12.3,45.6,78.9,101.325,25.0,0.0,0.0,98.1,1,46.5,6.6,1200.0,1.5,3.5,12,9.81,98.1,1198.4,0.0,1200.0,True,True,True,True,True,True,True,True,True,True,True,True,True,True,True,True,False,False,False,False,False,False,False,False
201412,STATE_PREFLIGHT,12.4,5.0,10.0,45.0,0.0,0.0,9.81,0.1,0.2,0.3,12.3,45.6,78.9,101.325,25.0,0.0,0.0,98.1,1,46.5,6.6,1200.0,1.5,3.5,12,9.81,98.1,1198.4,0.0,1200.0,True,True,True,True,True,True,True,True,True,True,True,True,True,True,True,True,False,False,False,False,False,False,False,False
201914,STATE_PREFLIGHT,12.4,5.0,10.0,45.0,0.0,0.0,9.81,0.1,0.2,0.3,12.3,45.6,78.9,101.325,25.0,0.0,0.0,98.1,1,46.5,6.6,1200.0,1.5,3.5,12,9.81,98.1,1198.4,0.0,1200.0,True,True,True,True,True,True,True,True,True,True,True,True,True,True,True,True,False,False,False,False,False,False,False,False
202416,STATE_PREFLIGHT,12.4,5.0,10.0,45.0,0.0,0.0,9.81,0.1,0.2,0.3,12.3,45.6,78.9,101.325,25.0,0.0,0.0,98.1,1,46.5,6.6,1200.0,1.5,3.5,12,9.81,98.1,1198.4,0.0,1200.0,True,True,True,True,True,True,True,True,True,True,True,True,True,True,True,True,False,False,False,False,False,False,False,False
202917,STATE_PREFLIGHT,12.4,5.0,10.0,45.0,0.0,0.0,9.81,0.1,0.2,0.3,12.3,45.6,78.9,101.325,25.0,0.0,0.0,98.1,1,46.5,6.6,1200.0,1.5,3.5,12,9.81,98.1,1198.4,0.0,1200.0,True,True,True,True,True,True,True,True,True,True,True,True,True,True,True,True,False,False,False,False,False,False,False,False
203422,STATE_PREFLIGHT,12.4,5.0,10.0,45.0,0.0,0.0,9.81,0.1,0.2,0.3,12.3,45.6,78.9,101.325,25.0,0.0,0.0,98.1,1,46.5,6.6,1200.0,1.5,3.5,12,9.81,98.1,1198.4,0.0,1200.0,True,True,True,True,True,True,True,True,True,True,True,True,True,True,True,True,False,False,False,False,False,False,False,False
203928,STATE_PREFLIGHT,12.4,5.0,10.0,45.0,0.0,0.0,9.81,0.1,0.2,0.3,12.3,45.6,78.9,101.325,25.0,0.0,0.0,98.1,1,46.5,6.6,1200.0,1.5,3.5,12,9.81,98.1,1198.4,0.0,1200.0,True,True,True,True,True,True,True,True,True,True,True,True,True,True,True,True,False,False,False,False,False,False,False,False
204430,STATE_PREFLIGHT,12.4,5.0,10.0,45.0,0.0,0.0,9.81,0.1,0.2,0.3,12.3,45.6,78.9,101.325,25.0,0.0,0.0,98.1,1,46.5,6.6,1200.0,1.5,3.5,12,9.81,98.1,1198.4,0.0,1200.0,True,True,True,True,True,True,True,True,True,True,True,True,True,True,True,True,False,False,False,False,False,False,False,False
204932,STATE_PREFLIGHT,12.4,5.0,10.0,45.0,0.0,0.0,9.81,0.1,0.2,0.3,12.3,45.6,78.9,101.325,25.0,0.0,0.0,98.1,1,46.5,6.6,1200.0,1.5,3.5,12,9.81,98.1,1198.4,0.0,1200.0,True,True,True,True,True,True,True,True,True,True,True,True,True,True,True,True,False,False,False,False,False,False,False,False
205433,STATE_PREFLIGHT,12.4,5.0,10.0,45.0,0.0,0.0,9.81,0.1,0.2,0.3,12.3,45.6,78.9,101.325,25.0,0.0,0.0,98.1,1,46.5,6.6,1200.0,1.5,3.5,12,9.81,98.1,1198.4,0.0,1200.0,True,True,True,True,True,True,True,True,True,True,True,True,True,True,True,True,False,False,False,False,False,False,False,False
205935,STATE_PREFLIGHT,12.4,5.0,10.0,45.0,0.0,0.0,9.81,0.1,0.2,0.3,12.3,45.6,78.9,101.325,25.0,0.0,0.0,98.1,1,46.5,6.6,1200.0,1.5,3.5,12,9.81,98.1,1198.4,0.0,1200.0,True,True,True,True,True,True,True,True,True,True,True,True,True,True,True,True,False,False,False,False,False,False,False,False
206437,STATE_PREFLIGHT,12.4,5.0,10.0,45.0,0.0,0.0,9.81,0.1,0.2,0.3,12.3,45.6,78.9,101.325,25.0,0.0,0.0,98.1,1,46.5,6.6,1200.0,1.5,3.5,12,9.81,98.1,1198.4,0.0,1200.0,True,True,True,True,True,True,True,True,True,True,True,True,True,True,True,True,False,False,False,False,False,False,False,False
206939,STATE_PREFLIGHT,12.4,5.0,10.0,45.0,0.0,0.0,9.81,0.1,0.2,0.3,12.3,45.6,78.9,101.325,25.0,0.0,0.0,98.1,1,46.5,6.6,1200.0,1.5,3.5,12,9.81,98.1,1198.4,0.0,1200.0,True,True,True,True,True,True,True,True,True,True,True,True,True,True,True,True,False,False,False,False,False,False,False,False
207442,STATE_PREFLIGHT,12.4,5.0,10.0,45.0,0.0,0.0,9.81,0.1,0.2,0.3,12.3,45.6,78.9,101.325,25.0,0.0,0.0,98.1,1,46.5,6.6,1200.0,1.5,3.5,12,9.81,98.1,1198.4,0.0,1200.0,True,True,True,True,True,True,True,True,True,True,True,True,True,True,True,True,False,False,False,False,False,False,False,False
207944,STATE_PREFLIGHT,12.4,5.0,10.0,45.0,0.0,0.0,9.81,0.1,0.2,0.3,12.3,45.6,78.9,101.325,25.0,0.0,0.0,98.1,1,46.5,6.6,1200.0,1.5,3.5,12,9.81,98.1,1198.4,0.0,1200.0,True,True,True,True,True,True,True,True,True,True,True,True,True,True,True,True,False,False,False,False,False,False,False,False
208445,STATE_PREFLIGHT,12.4,5.0,10.0,45.0,0.0,0.0,9.81,0.1,0.2,0.3,12.3,45.6,78.9,101.325,25.0,0.0,0.0,98.1,1,46.5,6.6,1200.0,1.5,3.5,12,9.81,98.1,1198.4,0.0,1200.0,True,True,True,True,True,True,True,True,True,True,True,True,True,True,True,True,False,False,False,False,False,False,False,False
208947,STATE_PREFLIGHT,12.4,5.0,10.0,45.0,0.0,0.0,9.81,0.1,0.2,0.3,12.3,45.6,78.9,101.325,25.0,0.0,0.0,98.1,1,46.5,6.6,1200.0,1.5,3.5,12,9.81,98.1,1198.4,0.0,1200.0,True,True,True,True,True,True,True,True,True,True,True,True,True,True,True,True,False,False,False,False,False,False,False,False
209449,STATE_PREFLIGHT,12.4,5.0,10.0,45.0,0.0,0.0,9.81,0.1,0.2,0.3,12.3,45.6,78.9,101.325,25.0,0.0,0.0,98.1,1,46.5,6.6,1200.0,1.5,3.5,12,9.81,98.1,1198.4,0.0,1200.0,True,True,True,True,True,True,True,True,True,True,True,True,True,True,True,True,False,False,False,False,False,False,False,False
209950,STATE_PREFLIGHT,12.4,5.0,10.0,45.0,0.0,0.0,9.81,0.1,0.2,0.3,12.3,45.6,78.9,101.325,25.0,0.0,0.0,98.1,1,46.5,6.6,1200.0,1.5,3.5,12,9.81,98.1,1198.4,0.0,1200.0,True,True,True,True,True,True,True,True,True,True,True,True,True,True,True,True,False,False,False,False,False,False,False,False
210452,STATE_PREFLIGHT,12.4,5.0,10.0,45.0,0.0,0.0,9.81,0.1,0.2,0.3,12.3,45.6,78.9,101.325,25.0,0.0,0.0,98.1,1,46.5,6.6,1200.0,1.5,3.5,12,9.81,98.1,1198.4,0.0,1200.0,True,True,True,True,True,True,True,True,True,True,True,True,True,True,True,True,False,False,False,False,False,False,False,False
210953,STATE_PREFLIGHT,12.4,5.0,10.0,45.0,0.0,0.0,9.81,0.1,0.2,0.3,12.3,45.6,78.9,101.325,25.0,0.0,0.0,98.1,1,46.5,6.6,1200.0,1.5,3.5,12,9.81,98.1,1198.4,0.0,1200.0,True,True,True,True,True,True,True,True,True,True,True,True,True,True,True,True,False,False,False,False,False,False,False,False
211455,STATE_PREFLIGHT,12.4,5.0,10.0,45.0,0.0,0.0,9.81,0.1,0.2,0.3,12.3,45.6,78.9,101.325,25.0,0.0,0.0,98.1,1,46.5,6.6,1200.0,1.5,3.5,12,9.81,98.1,1198.4,0.0,1200.0,True,True,True,True,True,True,True,True,True,True,True,True,True,True,True,True,False,False,False,False,False,False,False,False
211957,STATE_PREFLIGHT,12.4,5.0,10.0,45.0,0.0,0.0,9.81,0.1,0.2,0.3,12.3,45.6,78.9,101.325,25.0,0.0,0.0,98.1,1,46.5,6.6,1200.0,1.5,3.5,12,9.81,98.1,1198.4,0.0,1200.0,True,True,True,True,True,True,True,True,True,True,True,True,True,True,True,True,False,False,False,False,False,False,False,False
212458,STATE_PREFLIGHT,12.4,5.0,10.0,45.0,0.0,0.0,9.81,0.1,0.2,0.3,12.3,45.6,78.9,101.325,25.0,0.0,0.0,98.1,1,46.5,6.6,1200.0,1.5,3.5,12,9.81,98.1,1198.4,0.0,1200.0,True,True,True,True,True,True,True,True,True,True,True,True,True,True,True,True,False,False,False,False,False,False,False,False
212960,STATE_PREFLIGHT,12.4,5.0,10.0,45.0,0.0,0.0,9.81,0.1,0.2,0.3,12.3,45.6,78.9,101.325,25.0,0.0,0.0,98.1,1,46.5,6.6,1200.0,1.5,3.5,12,9.81,98.1,1198.4,0.0,1200.0,True,True,True,True,True,True,True,True,True,True,True,True,True,True,True,True,False,False,False,False,False,False,False,False
213461,STATE_PREFLIGHT,12.4,5.0,10.0,45.0,0.0,0.0,9.81,0.1,0.2,0.3,12.3,45.6,78.9,101.325,25.0,0.0,0.0,98.1,1,46.5,6.6,1200.0,1.5,3.5,12,9.81,98.1,1198.4,0.0,1200.0,True,True,True,True,True,True,True,True,True,True,True,True,True,True,True,True,False,False,False,False,False,False,False,False
213963,STATE_PREFLIGHT,12.4,5.0,10.0,45.0,0.0,0.0,9.81,0.1,0.2,0.3,12.3,45.6,78.9,101.325,25.0,0.0,0.0,98.1,1,46.5,6.6,1200.0,1.5,3.5,12,9.81,98.1,1198.4,0.0,1200.0,True,True,True,True,True,True,True,True,True,True,True,True,True,True,True,True,False,False,False,False,False,False,False,False
214465,STATE_PREFLIGHT,12.4,5.0,10.0,45.0,0.0,0.0,9.81,0.1,0.2,0.3,12.3,45.6,78.9,101.325,25.0,0.0,0.0,98.1,1,46.5,6.6,1200.0,1.5,3.5,12,9.81,98.1,1198.4,0.0,1200.0,True,True,True,True,True,True,True,True,True,True,True,True,True,True,True,True,False,False,False,False,False,False,False,False
214967,STATE_PREFLIGHT,12.4,5.0,10.0,45.0,0.0,0.0,9.81,0.1,0.2,0.3,12.3,45.6,78.9,101.325,25.0,0.0,0.0,98.1,1,46.5,6.6,1200.0,1.5,3.5,12,9.81,98.1,1198.4,0.0,1200.0,True,True,True,True,True,True,True,True,True,True,True,True,True,True,True,True,False,False,False,False,False,False,False,False
215469,STATE_PREFLIGHT,12.4,5.0,10.0,45.0,0.0,0.0,9.81,0.1,0.2,0.3,12.3,45.6,78.9,101.325,25.0,0.0,0.0,98.1,1,46.5,6.6,1200.0,1.5,3.5,12,9.81,98.1,1198.4,0.0,1200.0,True,True,True,True,True,True,True,True,True,True,True,True,True,True,True,True,False,False,False,False,False,False,False,False
215971,STATE_PREFLIGHT,12.4,5.0,10.0,45.0,0.0,0.0,9.81,0.1,0.2,0.3,12.3,45.6,78.9,101.325,25.0,0.0,0.0,98.1,1,46.5,6.6,1200.0,1.5,3.5,12,9.81,98.1,1198.4,0.0,1200.0,True,True,True,True,True,True,True,True,True,True,True,True,True,True,True,True,False,False,False,False,False,False,False,False
216473,STATE_PREFLIGHT,12.4,5.0,10.0,45.0,0.0,0.0,9.81,0.1,0.2,0.3,12.3,45.6,78.9,101.325,25.0,0.0,0.0,98.1,1,46.5,6.6,1200.0,1.5,3.5,12,9.81,98.1,1198.4,0.0,1200.0,True,True,True,True,True,True,True,True,True,True,True,True,True,True,True,True,False,False,False,False,False,False,False,False
216975,STATE_PREFLIGHT,12.4,5.0,10.0,45.0,0.0,0.0,9.81,0.1,0.2,0.3,12.3,45.6,78.9,101.325,25.0,0.0,0.0,98.1,1,46.5,6.6,1200.0,1.5,3.5,12,9.81,98.1,1198.4,0.0,1200.0,True,True,True,True,True,True,True,True,True,True,True,True,True,True,True,True,False,False,False,False,False,False,False,False
217476,STATE_PREFLIGHT,12.4,5.0,10.0,45.0,0.0,0.0,9.81,0.1,0.2,0.3,12.3,45.6,78.9,101.325,25.0,0.0,0.0,98.1,1,46.5,6.6,1200.0,1.5,3.5,12,9.81,98.1,1198.4,0.0,1200.0,True,True,True,True,True,True,True,True,True,True,True,True,True,True,True,True,False,False,False,False,False,False,False,False
217978,STATE_PREFLIGHT,12.4,5.0,10.0,45.0,0.0,0.0,9.81,0.1,0.2,0.3,12.3,45.6,78.9,101.325,25.0,0.0,0.0,98.1,1,46.5,6.6,1200.0,1.5,3.5,12,9.81,98.1,1198.4,0.0,1200.0,True,True,True,True,True,True,True,True,True,True,True,True,True,True,True,True,False,False,False,False,False,False,False,False
218479,STATE_PREFLIGHT,12.4,5.0,10.0,45.0,0.0,0.0,9.81,0.1,0.2,0.3,12.3,45.6,78.9,101.325,25.0,0.0,0.0,98.1,1,46.5,6.6,1200.0,1.5,3.5,12,9.81,98.1,1198.4,0.0,1200.0,True,True,True,True,True,True,True,True,True,True,True,True,True,True,True,True,False,False,False,False,False,False,False,False
218983,STATE_PREFLIGHT,12.4,5.0,10.0,45.0,0.0,0.0,9.81,0.1,0.2,0.3,12.3,45.6,78.9,101.325,25.0,0.0,0.0,98.1,1,46.5,6.6,1200.0,1.5,3.5,12,9.81,98.1,1198.4,0.0,1200.0,True,True,True,True,True,True,True,True,True,True,True,True,True,True,True,True,False,False,False,False,False,False,False,False
219485,STATE_PREFLIGHT,12.4,5.0,10.0,45.0,0.0,0.0,9.81,0.1,0.2,0.3,12.3,45.6,78.9,101.325,25.0,0.0,0.0,98.1,1,46.5,6.6,1200.0,1.5,3.5,12,9.81,98.1,1198.4,0.0,1200.0,True,True,True,True,True,True,True,True,True,True,True,True,True,True,True,True,False,False,False,False,False,False,False,False
219987,STATE_PREFLIGHT,12.4,5.0,10.0,45.0,0.0,0.0,9.81,0.1,0.2,0.3,12.3,45.6,78.9,101.325,25.0,0.0,0.0,98.1,1,46.5,6.6,1200.0,1.5,3.5,12,9.81,98.1,1198.4,0.0,1200.0,True,True,True,True,True,True,True,True,True,True,True,True,True,True,True,True,False,False,False,False,False,False,False,False
220489,STATE_PREFLIGHT,12.4,5.0,10.0,45.0,0.0,0.0,9.81,0.1,0.2,0.3,12.3,45.6,78.9,101.325,25.0,0.0,0.0,98.1,1,46.5,6.6,1200.0,1.5,3.5,12,9.81,98.1,1198.4,0.0,1200.0,True,True,True,True,True,True,True,True,True,True,True,True,True,True,True,True,False,False,False,False,False,False,False,False
220991,STATE_PREFLIGHT,12.4,5.0,10.0,45.0,0.0,0.0,9.81,0.1,0.2,0.3,12.3,45.6,78.9,101.325,25.0,0.0,0.0,98.1,1,46.5,6.6,1200.0,1.5,3.5,12,9.81,98.1,1198.4,0.0,1200.0,True,True,True,True,True,True,True,True,True,True,True,True,True,True,True,True,False,False,False,False,False,False,False,False
221492,STATE_PREFLIGHT,12.4,5.0,10.0,45.0,0.0,0.0,9.81,0.1,0.2,0.3,12.3,45.6,78.9,101.325,25.0,0.0,0.0,98.1,1,46.5,6.6,1200.0,1.5,3.5,12,9.81,98.1,1198.4,0.0,1200.0,True,True,True,True,True,True,True,True,True,True,True,True,True,True,True,True,False,False,False,False,False,False,False,False
221994,STATE_PREFLIGHT,12.4,5.0,10.0,45.0,0.0,0.0,9.81,0.1,0.2,0.3,12.3,45.6,78.9,101.325,25.0,0.0,0.0,98.1,1,46.5,6.6,1200.0,1.5,3.5,12,9.81,98.1,1198.4,0.0,1200.0,True,True,True,True,True,True,True,True,True,True,True,True,True,True,True,True,False,False,False,False,False,False,False,False
222495,STATE_PREFLIGHT,12.4,5.0,10.0,45.0,0.0,0.0,9.81,0.1,0.2,0.3,12.3,45.6,78.9,101.325,25.0,0.0,0.0,98.1,1,46.5,6.6,1200.0,1.5,3.5,12,9.81,98.1,1198.4,0.0,1200.0,True,True,True,True,True,True,True,True,True,True,True,True,True,True,True,True,False,False,False,False,False,False,False,False
222997,STATE_PREFLIGHT,12.4,5.0,10.0,45.0,0.0,0.0,9.81,0.1,0.2,0.3,12.3,45.6,78.9,101.325,25.0,0.0,0.0,98.1,1,46.5,6.6,1200.0,1.5,3.5,12,9.81,98.1,1198.4,0.0,1200.0,True,True,True,True,True,True,True,True,True,True,True,True,True,True,True,True,False,False,False,False,False,False,False,False
223498,STATE_PREFLIGHT,12.4,5.0,10.0,45.0,0.0,0.0,9.81,0.1,0.2,0.3,12.3,45.6,78.9,101.325,25.0,0.0,0.0,98.1,1,46.5,6.6,1200.0,1.5,3.5,12,9.81,98.1,1198.4,0.0,1200.0,True,True,True,True,True,True,True,True,True,True,True,True,True,True,True,True,False,False,False,False,False,False,False,False
224000,STATE_PREFLIGHT,12.4,5.0,10.0,45.0,0.0,0.0,9.81,0.1,0.2,0.3,12.3,45.6,78.9,101.325,25.0,0.0,0.0,98.1,1,46.5,6.6,1200.0,1.5,3.5,12,9.81,98.1,1198.4,0.0,1200.0,True,True,True,True,True,True,True,True,True,True,True,True,True,True,True,True,False,False,False,False,False,False,False,False
224501,STATE_PREFLIGHT,12.4,5.0,10.0,45.0,0.0,0.0,9.81,0.1,0.2,0.3,12.3,45.6,78.9,101.325,25.0,0.0,0.0,98.1,1,46.5,6.6,1200.0,1.5,3.5,12,9.81,98.1,1198.4,0.0,1200.0,True,True,True,True,True,True,True,True,True,True,True,True,True,True,True,True,False,False,False,False,False,False,False,False
225003,STATE_PREFLIGHT,12.4,5.0,10.0,45.0,0.0,0.0,9.81,0.1,0.2,0.3,12.3,45.6,78.9,101.325,25.0,0.0,0.0,98.1,1,46.5,6.6,1200.0,1.5,3.5,12,9.81,98.1,1198.4,0.0,1200.0,True,True,True,True,True,True,True,True,True,True,True,True,True,True,True,True,False,False,False,False,False,False,False,False
225504,STATE_PREFLIGHT,12.4,5.0,10.0,45.0,0.0,0.0,9.81,0.1,0.2,0.3,12.3,45.6,78.9,101.325,25.0,0.0,0.0,98.1,1,46.5,6.6,1200.0,1.5,3.5,12,9.81,98.1,1198.4,0.0,1200.0,True,True,True,True,True,True,True,True,True,True,True,True,True,True,True,True,False,False,False,False,False,False,False,False
226007,STATE_PREFLIGHT,12.4,5.0,10.0,45.0,0.0,0.0,9.81,0.1,0.2,0.3,12.3,45.6,78.9,101.325,25.0,0.0,0.0,98.1,1,46.5,6.6,1200.0,1.5,3.5,12,9.81,98.1,1198.4,0.0,1200.0,True,True,True,True,True,True,True,True,True,True,True,True,True,True,True,True,False,False,False,False,False,False,False,False
226509,STATE_PREFLIGHT,12.4,5.0,10.0,45.0,0.0,0.0,9.81,0.1,0.2,0.3,12.3,45.6,78.9,101.325,25.0,0.0,0.0,98.1,1,46.5,6.6,1200.0,1.5,3.5,12,9.81,98.1,1198.4,0.0,1200.0,True,True,True,True,True,True,True,True,True,True,True,True,True,True,True,True,False,False,False,False,False,False,False,False
227011,STATE_PREFLIGHT,12.4,5.0,10.0,45.0,0.0,0.0,9.81,0.1,0.2,0.3,12.3,45.6,78.9,101.325,25.0,0.0,0.0,98.1,1,46.5,6.6,1200.0,1.5,3.5,12,9.81,98.1,1198.4,0.0,1200.0,True,True,True,True,True,True,True,True,True,True,True,True,True,True,True,True,False,False,False,False,False,False,False,False
227513,STATE_PREFLIGHT,12.4,5.0,10.0,45.0,0.0,0.0,9.81,0.1,0.2,0.3,12.3,45.6,78.9,101.325,25.0,0.0,0.0,98.1,1,46.5,6.6,1200.0,1.5,3.5,12,9.81,98.1,1198.4,0.0,1200.0,True,True,True,True,True,True,True,True,True,True,True,True,True,True,True,True,False,False,False,False,False,False,False,False
228015,STATE_PREFLIGHT,12.4,5.0,10.0,45.0,0.0,0.0,9.81,0.1,0.2,0.3,12.3,45.6,78.9,101.325,25.0,0.0,0.0,98.1,1,46.5,6.6,1200.0,1.5,3.5,12,9.81,98.1,1198.4,0.0,1200.0,True,True,True,True,True,True,True,True,True,True,True,True,True,True,True,True,False,False,False,False,False,False,False,False
228516,STATE_PREFLIGHT,12.4,5.0,10.0,45.0,0.0,0.0,9.81,0.1,0.2,0.3,12.3,45.6,78.9,101.325,25.0,0.0,0.0,98.1,1,46.5,6.6,1200.0,1.5,3.5,12,9.81,98.1,1198.4,0.0,1200.0,True,True,True,True,True,True,True,True,True,True,True,True,True,True,True,True,False,False,False,False,False,False,False,False
229018,STATE_PREFLIGHT,12.4,5.0,10.0,45.0,0.0,0.0,9.81,0.1,0.2,0.3,12.3,45.6,78.9,101.325,25.0,0.0,0.0,98.1,1,46.5,6.6,1200.0,1.5,3.5,12,9.81,98.1,1198.4,0.0,1200.0,True,True,True,True,True,True,True,True,True,True,True,True,True,True,True,True,False,False,False,False,False,False,False,False
229520,STATE_PREFLIGHT,12.4,5.0,10.0,45.0,0.0,0.0,9.81,0.1,0.2,0.3,12.3,45.6,78.9,101.325,25.0,0.0,0.0,98.1,1,46.5,6.6,1200.0,1.5,3.5,12,9.81,98.1,1198.4,0.0,1200.0,True,True,True,True,True,True,True,True,True,True,True,True,True,True,True,True,False,False,False,False,False,False,False,False
230021,STATE_PREFLIGHT,12.4,5.0,10.0,45.0,0.0,0.0,9.81,0.1,0.2,0.3,12.3,45.6,78.9,101.325,25.0,0.0,0.0,98.1,1,46.5,6.6,1200.0,1.5,3.5,12,9.81,98.1,1198.4,0.0,1200.0,True,True,True,True,True,True,True,True,True,True,True,True,True,True,True,True,False,False,False,False,False,False,False,False
230523,STATE_PREFLIGHT,12.4,5.0,10.0,45.0,0.0,0.0,9.81,0.1,0.2,0.3,12.3,45.6,78.9,101.325,25.0,0.0,0.0,98.1,1,46.5,6.6,1200.0,1.5,3.5,12,9.81,98.1,1198.4,0.0,1200.0,True,True,True,True,True,True,True,True,True,True,True,True,True,True,True,True,False,False,False,False,False,False,False,False
231024,STATE_PREFLIGHT,12.4,5.0,10.0,45.0,0.0,0.0,9.81,0.1,0.2,0.3,12.3,45.6,78.9,101.325,25.0,0.0,0.0,98.1,1,46.5,6.6,1200.0,1.5,3.5,12,9.81,98.1,1198.4,0.0,1200.0,True,True,True,True,True,True,True,True,True,True,True,True,True,True,True,True,False,False,False,False,False,False,False,False
231526,STATE_PREFLIGHT,12.4,5.0,10.0,45.0,0.0,0.0,9.81,0.1,0.2,0.3,12.3,45.6,78.9,101.325,25.0,0.0,0.0,98.1,1,46.5,6.6,1200.0,1.5,3.5,12,9.81,98.1,1198.4,0.0,1200.0,True,True,True,True,True,True,True,True,True,True,True,True,True,True,True,True,False,False,False,False,False,False,False,False
232027,STATE_PREFLIGHT,12.4,5.0,10.0,45.0,0.0,0.0,9.81,0.1,0.2,0.3,12.3,45.6,78.9,101.325,25.0,0.0,0.0,98.1,1,46.5,6.6,1200.0,1.5,3.5,12,9.81,98.1,1198.4,0.0,1200.0,True,True,True,True,True,True,True,True,True,True,True,True,True,True,True,True,False,False,False,False,False,False,False,False
232529,STATE_PREFLIGHT,12.4,5.0,10.0,45.0,0.0,0.0,9.81,0.1,0.2,0.3,12.3,45.6,78.9,101.325,25.0,0.0,0.0,98.1,1,46.5,6.6,1200.0,1.5,3.5,12,9.81,98.1,1198.4,0.0,1200.0,True,True,True,True,True,True,True,True,True,True,True,True,True,True,True,True,False,False,False,False,False,False,False,False
233031,STATE_PREFLIGHT,12.4,5.0,10.0,45.0,0.0,0.0,9.81,0.1,0.2,0.3,12.3,45.6,78.9,101.325,25.0,0.0,0.0,98.1,1,46.5,6.6,1200.0,1.5,3.5,12,9.81,98.1,1198.4,0.0,1200.0,True,True,True,True,True,True,True,True,True,True,True,True,True,True,True,True,False,False,False,False,False,False,False,False
233532,STATE_PREFLIGHT,12.4,5.0,10.0,45.0,0.0,0.0,9.81,0.1,0.2,0.3,12.3,45.6,78.9,101.325,25.0,0.0,0.0,98.1,1,46.5,6.6,1200.0,1.5,3.5,12,9.81,98.1,1198.4,0.0,1200.0,True,True,True,True,True,True,True,True,True,True,True,True,True,True,True,True,False,False,False,False,False,False,False,False
234034,STATE_PREFLIGHT,12.4,5.0,10.0,45.0,0.0,0.0,9.81,0.1,0.2,0.3,12.3,45.6,78.9,101.325,25.0,0.0,0.0,98.1,1,46.5,6.6,1200.0,1.5,3.5,12,9.81,98.1,1198.4,0.0,1200.0,True,True,True,True,True,True,True,True,True,True,True,True,True,True,True,True,False,False,False,False,False,False,False,False
234535,STATE_PREFLIGHT,12.4,5.0,10.0,45.0,0.0,0.0,9.81,0.1,0.2,0.3,12.3,45.6,78.9,101.325,25.0,0.0,0.0,98.1,1,46.5,6.6,1200.0,1.5,3.5,12,9.81,98.1,1198.4,0.0,1200.0,True,True,True,True,True,True,True,True,True,True,True,True,True,True,True,True,False,False,False,False,False,False,False,False
235037,STATE_PREFLIGHT,12.4,5.0,10.0,45.0,0.0,0.0,9.81,0.1,0.2,0.3,12.3,45.6,78.9,101.325,25.0,0.0,0.0,98.1,1,46.5,6.6,1200.0,1.5,3.5,12,9.81,98.1,1198.4,0.0,1200.0,True,True,True,True,True,True,True,True,True,True,True,True,True,True,True,True,False,False,False,False,False,False,False,False
235539,STATE_PREFLIGHT,12.4,5.0,10.0,45.0,0.0,0.0,9.81,0.1,0.2,0.3,12.3,45.6,78.9,101.325,25.0,0.0,0.0,98.1,1,46.5,6.6,1200.0,1.5,3.5,12,9.81,98.1,1198.4,0.0,1200.0,True,True,True,True,True,True,True,True,True,True,True,True,True,True,True,True,False,False,False,False,False,False,False,False
236040,STATE_PREFLIGHT,12.4,5.0,10.0,45.0,0.0,0.0,9.81,0.1,0.2,0.3,12.3,45.6,78.9,101.325,25.0,0.0,0.0,98.1,1,46.5,6.6,1200.0,1.5,3.5,12,9.81,98.1,1198.4,0.0,1200.0,True,True,True,True,True,True,True,True,True,True,True,True,True,True,True,True,False,False,False,False,False,False,False,False
236542,STATE_PREFLIGHT,12.4,5.0,10.0,45.0,0.0,0.0,9.81,0.1,0.2,0.3,12.3,45.6,78.9,101.325,25.0,0.0,0.0,98.1,1,46.5,6.6,1200.0,1.5,3.5,12,9.81,98.1,1198.4,0.0,1200.0,True,True,True,True,True,True,True,True,True,True,True,True,True,True,True,True,False,False,False,False,False,False,False,False
237043,STATE_PREFLIGHT,12.4,5.0,10.0,45.0,0.0,0.0,9.81,0.1,0.2,0.3,12.3,45.6,78.9,101.325,25.0,0.0,0.0,98.1,1,46.5,6.6,1200.0,1.5,3.5,12,9.81,98.1,1198.4,0.0,1200.0,True,True,True,True,True,True,True,True,True,True,True,True,True,True,True,True,False,False,False,False,False,False,False,False
237545,STATE_PREFLIGHT,12.4,5.0,10.0,45.0,0.0,0.0,9.81,0.1,0.2,0.3,12.3,45.6,78.9,101.325,25.0,0.0,0.0,98.1,1,46.5,6.6,1200.0,1.5,3.5,12,9.81,98.1,1198.4,0.0,1200.0,True,True,True,True,True,True,True,True,True,True,True,True,True,True,True,True,False,False,False,False,False,False,False,False
238046,STATE_PREFLIGHT,12.4,5.0,10.0,45.0,0.0,0.0,9.81,0.1,0.2,0.3,12.3,45.6,78.9,101.325,25.0,0.0,0.0,98.1,1,46.5,6.6,1200.0,1.5,3.5,12,9.81,98.1,1198.4,0.0,1200.0,True,True,True,True,True,True,True,True,True,True,True,True,True,True,True,True,False,False,False,False,False,False,False,False
238548,STATE_PREFLIGHT,12.4,5.0,10.0,45.0,0.0,0.0,9.81,0.1,0.2,0.3,12.3,45.6,78.9,101.325,25.0,0.0,0.0,98.1,1,46.5,6.6,1200.0,1.5,3.5,12,9.81,98.1,1198.4,0.0,1200.0,True,True,True,True,True,True,True,True,True,True,True,True,True,True,True,True,False,False,False,False,False,False,False,False
239050,STATE_PREFLIGHT,12.4,5.0,10.0,45.0,0.0,0.0,9.81,0.1,0.2,0.3,12.3,45.6,78.9,101.325,25.0,0.0,0.0,98.1,1,46.5,6.6,1200.0,1.5,3.5,12,9.81,98.1,1198.4,0.0,1200.0,True,True,True,True,True,True,True,True,True,True,True,True,True,True,True,True,False,False,False,False,False,False,False,False
239551,STATE_PREFLIGHT,12.4,5.0,10.0,45.0,0.0,0.0,9.81,0.1,0.2,0.3,12.3,45.6,78.9,101.325,25.0,0.0,0.0,98.1,1,46.5,6.6,1200.0,1.5,3.5,12,9.81,98.1,1198.4,0.0,1200.0,True,True,True,True,True,True,True,True,True,True,True,True,True,True,True,True,False,False,False,False,False,False,False,False
240053,STATE_PREFLIGHT,12.4,5.0,10.0,45.0,0.0,0.0,9.81,0.1,0.2,0.3,12.3,45.6,78.9,101.325,25.0,0.0,0.0,98.1,1,46.5,6.6,1200.0,1.5,3.5,12,9.81,98.1,1198.4,0.0,1200.0,True,True,True,True,True,True,True,True,True,True,True,True,True,True,True,True,False,False,False,False,False,False,False,False
240554,STATE_PREFLIGHT,12.4,5.0,10.0,45.0,0.0,0.0,9.81,0.1,0.2,0.3,12.3,45.6,78.9,101.325,25.0,0.0,0.0,98.1,1,46.5,6.6,1200.0,1.5,3.5,12,9.81,98.1,1198.4,0.0,1200.0,True,True,True,True,True,True,True,True,True,True,True,True,True,True,True,True,False,False,False,False,False,False,False,False
241056,STATE_PREFLIGHT,12.4,5.0,10.0,45.0,0.0,0.0,9.81,0.1,0.2,0.3,12.3,45.6,78.9,101.325,25.0,0.0,0.0,98.1,1,46.5,6.6,1200.0,1.5,3.5,12,9.81,98.1,1198.4,0.0,1200.0,True,True,True,True,True,True,True,True,True,True,True,True,True,True,True,True,False,False,False,False,False,False,False,False
241557,STATE_PREFLIGHT,12.4,5.0,10.0,45.0,0.0,0.0,9.81,0.1,0.2,0.3,12.3,45.6,78.9,101.325,25.0,0.0,0.0,98.1,1,46.5,6.6,1200.0,1.5,3.5,12,9.81,98.1,1198.4,0.0,1200.0,True,True,True,True,True,True,True,True,True,True,True,True,True,True,True,True,False,False,False,False,False,False,False,False
242059,STATE_PREFLIGHT,12.4,5.0,10.0,45.0,0.0,0.0,9.81,0.1,0.2,0.3,12.3,45.6,78.9,101.325,25.0,0.0,0.0,98.1,1,46.5,6.6,1200.0,1.5,3.5,12,9.81,98.1,1198.4,0.0,1200.0,True,True,True,True,True,True,True,True,True,True,True,True,True,True,True,True,False,False,False,False,False,False,False,False
242560,STATE_PREFLIGHT,12.4,5.0,10.0,45.0,0.0,0.0,9.81,0.1,0.2,0.3,12.3,45.6,78.9,101.325,25.0,0.0,0.0,98.1,1,46.5,6.6,1200.0,1.5,3.5,12,9.81,98.1,1198.4,0.0,1200.0,True,True,True,True,True,True,True,True,True,True,True,True,True,True,True,True,False,False,False,False,False,False,False,False
243062,STATE_PREFLIGHT,12.4,5.0,10.0,45.0,0.0,0.0,9.81,0.1,0.2,0.3,12.3,45.6,78.9,101.325,25.0,0.0,0.0,98.1,1,46.5,6.6,1200.0,1.5,3.5,12,9.81,98.1,1198.4,0.0,1200.0,True,True,True,True,True,True,True,True,True,True,True,True,True,True,True,True,False,False,False,False,False,False,False,False
243563,STATE_PREFLIGHT,12.4,5.0,10.0,45.0,0.0,0.0,9.81,0.1,0.2,0.3,12.3,45.6,78.9,101.325,25.0,0.0,0.0,98.1,1,46.5,6.6,1200.0,1.5,3.5,12,9.81,98.1,1198.4,0.0,1200.0,True,True,True,True,True,True,True,True,True,True,True,True,True,True,True,True,False,False,False,False,False,False,False,False
244065,STATE_PREFLIGHT,12.4,5.0,10.0,45.0,0.0,0.0,9.81,0.1,0.2,0.3,12.3,45.6,78.9,101.325,25.0,0.0,0.0,98.1,1,46.5,6.6,1200.0,1.5,3.5,12,9.81,98.1,1198.4,0.0,1200.0,True,True,True,True,True,True,True,True,True,True,True,True,True,True,True,True,False,False,False,False,False,False,False,False
244567,STATE_PREFLIGHT,12.4,5.0,10.0,45.0,0.0,0.0,9.81,0.1,0.2,0.3,12.3,45.6,78.9,101.325,25.0,0.0,0.0,98.1,1,46.5,6.6,1200.0,1.5,3.5,12,9.81,98.1,1198.4,0.0,1200.0,True,True,True,True,True,True,True,True,True,True,True,True,True,True,True,True,False,False,False,False,False,False,False,False
245068,STATE_PREFLIGHT,12.4,5.0,10.0,45.0,0.0,0.0,9.81,0.1,0.2,0.3,12.3,45.6,78.9,101.325,25.0,0.0,0.0,98.1,1,46.5,6.6,1200.0,1.5,3.5,12,9.81,98.1,1198.4,0.0,1200.0,True,True,True,True,True,True,True,True,True,True,True,True,True,True,True,True,False,False,False,False,False,False,False,False
245570,STATE_PREFLIGHT,12.4,5.0,10.0,45.0,0.0,0.0,9.81,0.1,0.2,0.3,12.3,45.6,78.9,101.325,25.0,0.0,0.0,98.1,1,46.5,6.6,1200.0,1.5,3.5,12,9.81,98.1,1198.4,0.0,1200.0,True,True,True,True,True,True,True,True,True,True,True,True,True,True,True,True,False,False,False,False,False,False,False,False
246072,STATE_PREFLIGHT,12.4,5.0,10.0,45.0,0.0,0.0,9.81,0.1,0.2,0.3,12.3,45.6,78.9,101.325,25.0,0.0,0.0,98.1,1,46.5,6.6,1200.0,1.5,3.5,12,9.81,98.1,1198.4,0.0,1200.0,True,True,True,True,True,True,True,True,True,True,True,True,True,True,True,True,False,False,False,False,False,False,False,False
246574,STATE_PREFLIGHT,12.4,5.0,10.0,45.0,0.0,0.0,9.81,0.1,0.2,0.3,12.3,45.6,78.9,101.325,25.0,0.0,0.0,98.1,1,46.5,6.6,1200.0,1.5,3.5,12,9.81,98.1,1198.4,0.0,1200.0,True,True,True,True,True,True,True,True,True,True,True,True,True,True,True,True,False,False,False,False,False,False,False,False
247076,STATE_PREFLIGHT,12.4,5.0,10.0,45.0,0.0,0.0,9.81,0.1,0.2,0.3,12.3,45.6,78.9,101.325,25.0,0.0,0.0,98.1,1,46.5,6.6,1200.0,1.5,3.5,12,9.81,98.1,1198.4,0.0,1200.0,True,True,True,True,True,True,True,True,True,True,True,True,True,True,True,True,False,False,False,False,False,False,False,False
247578,STATE_PREFLIGHT,12.4,5.0,10.0,45.0,0.0,0.0,9.81,0.1,0.2,0.3,12.3,45.6,78.9,101.325,25.0,0.0,0.0,98.1,1,46.5,6.6,1200.0,1.5,3.5,12,9.81,98.1,1198.4,0.0,1200.0,True,True,True,True,True,True,True,True,True,True,True,True,True,True,True,True,False,False,False,False,False,False,False,False
248079,STATE_PREFLIGHT,12.4,5.0,10.0,45.0,0.0,0.0,9.81,0.1,0.2,0.3,12.3,45.6,78.9,101.325,25.0,0.0,0.0,98.1,1,46.5,6.6,1200.0,1.5,3.5,12,9.81,98.1,1198.4,0.0,1200.0,True,True,True,True,True,True,True,True,True,True,True,True,True,True,True,True,False,False,False,False,False,False,False,False
248581,STATE_PREFLIGHT,12.4,5.0,10.0,45.0,0.0,0.0,9.81,0.1,0.2,0.3,12.3,45.6,78.9,101.325,25.0,0.0,0.0,98.1,1,46.5,6.6,1200.0,1.5,3.5,12,9.81,98.1,1198.4,0.0,1200.0,True,True,True,True,True,True,True,True,True,True,True,True,True,True,True,True,False,False,False,False,False,False,False,False
249083,STATE_PREFLIGHT,12.4,5.0,10.0,45.0,0.0,0.0,9.81,0.1,0.2,0.3,12.3,45.6,78.9,101.325,25.0,0.0,0.0,98.1,1,46.5,6.6,1200.0,1.5,3.5,12,9.81,98.1,1198.4,0.0,1200.0,True,True,True,True,True,True,True,True,True,True,True,True,True,True,True,True,False,False,False,False,False,False,False,False
249584,STATE_PREFLIGHT,12.4,5.0,10.0,45.0,0.0,0.0,9.81,0.1,0.2,0.3,12.3,45.6,78.9,101.325,25.0,0.0,0.0,98.1,1,46.5,6.6,1200.0,1.5,3.5,12,9.81,98.1,1198.4,0.0,1200.0,True,True,True,True,True,True,True,True,True,True,True,True,True,True,True,True,False,False,False,False,False,False,False,False
250086,STATE_PREFLIGHT,12.4,5.0,10.0,45.0,0.0,0.0,9.81,0.1,0.2,0.3,12.3,45.6,78.9,101.325,25.0,0.0,0.0,98.1,1,46.5,6.6,1200.0,1.5,3.5,12,9.81,98.1,1198.4,0.0,1200.0,True,True,True,True,True,True,True,True,True,True,True,True,True,True,True,True,False,False,False,False,False,False,False,False
250587,STATE_PREFLIGHT,12.4,5.0,10.0,45.0,0.0,0.0,9.81,0.1,0.2,0.3,12.3,45.6,78.9,101.325,25.0,0.0,0.0,98.1,1,46.5,6.6,1200.0,1.5,3.5,12,9.81,98.1,1198.4,0.0,1200.0,True,True,True,True,True,True,True,True,True,True,True,True,True,True,True,True,False,False,False,False,False,False,False,False
251089,STATE_PREFLIGHT,12.4,5.0,10.0,45.0,0.0,0.0,9.81,0.1,0.2,0.3,12.3,45.6,78.9,101.325,25.0,0.0,0.0,98.1,1,46.5,6.6,1200.0,1.5,3.5,12,9.81,98.1,1198.4,0.0,1200.0,True,True,True,True,True,True,True,True,True,True,True,True,True,True,True,True,False,False,False,False,False,False,False,False
251590,STATE_PREFLIGHT,12.4,5.0,10.0,45.0,0.0,0.0,9.81,0.1,0.2,0.3,12.3,45.6,78.9,101.325,25.0,0.0,0.0,98.1,1,46.5,6.6,1200.0,1.5,3.5,12,9.81,98.1,1198.4,0.0,1200.0,True,True,True,True,True,True,True,True,True,True,True,True,True,True,True,True,False,False,False,False,False,False,False,False
252092,STATE_PREFLIGHT,12.4,5.0,10.0,45.0,0.0,0.0,9.81,0.1,0.2,0.3,12.3,45.6,78.9,101.325,25.0,0.0,0.0,98.1,1,46.5,6.6,1200.0,1.5,3.5,12,9.81,98.1,1198.4,0.0,1200.0,True,True,True,True,True,True,True,True,True,True,True,True,True,True,True,True,False,False,False,False,False,False,False,False
252593,STATE_PREFLIGHT,12.4,5.0,10.0,45.0,0.0,0.0,9.81,0.1,0.2,0.3,12.3,45.6,78.9,101.325,25.0,0.0,0.0,98.1,1,46.5,6.6,1200.0,1.5,3.5,12,9.81,98.1,1198.4,0.0,1200.0,True,True,True,True,True,True,True,True,True,True,True,True,True,True,True,True,False,False,False,False,False,False,False,False
253095,STATE_PREFLIGHT,12.4,5.0,10.0,45.0,0.0,0.0,9.81,0.1,0.2,0.3,12.3,45.6,78.9,101.325,25.0,0.0,0.0,98.1,1,46.5,6.6,1200.0,1.5,3.5,12,9.81,98.1,1198.4,0.0,1200.0,True,True,True,True,True,True,True,True,True,True,True,True,True,True,True,True,False,False,False,False,False,False,False,False
253596,STATE_PREFLIGHT,12.4,5.0,10.0,45.0,0.0,0.0,9.81,0.1,0.2,0.3,12.3,45.6,78.9,101.325,25.0,0.0,0.0,98.1,1,46.5,6.6,1200.0,1.5,3.5,12,9.81,98.1,1198.4,0.0,1200.0,True,True,True,True,True,True,True,True,True,True,True,True,True,True,True,True,False,False,False,False,False,False,False,False
254098,STATE_PREFLIGHT,12.4,5.0,10.0,45.0,0.0,0.0,9.81,0.1,0.2,0.3,12.3,45.6,78.9,101.325,25.0,0.0,0.0,98.1,1,46.5,6.6,1200.0,1.5,3.5,12,9.81,98.1,1198.4,0.0,1200.0,True,True,True,True,True,True,True,True,True,True,True,True,True,True,True,True,False,False,False,False,False,False,False,False
254599,STATE_PREFLIGHT,12.4,5.0,10.0,45.0,0.0,0.0,9.81,0.1,0.2,0.3,12.3,45.6,78.9,101.325,25.0,0.0,0.0,98.1,1,46.5,6.6,1200.0,1.5,3.5,12,9.81,98.1,1198.4,0.0,1200.0,True,True,True,True,True,True,True,True,True,True,True,True,True,True,True,True,False,False,False,False,False,False,False,False
255101,STATE_PREFLIGHT,12.4,5.0,10.0,45.0,0.0,0.0,9.81,0.1,0.2,0.3,12.3,45.6,78.9,101.325,25.0,0.0,0.0,98.1,1,46.5,6.6,1200.0,1.5,3.5,12,9.81,98.1,1198.4,0.0,1200.0,True,True,True,True,True,True,True,True,True,True,True,True,True,True,True,True,False,False,False,False,False,False,False,False
255603,STATE_PREFLIGHT,12.4,5.0,10.0,45.0,0.0,0.0,9.81,0.1,0.2,0.3,12.3,45.6,78.9,101.325,25.0,0.0,0.0,98.1,1,46.5,6.6,1200.0,1.5,3.5,12,9.81,98.1,1198.4,0.0,1200.0,True,True,True,True,True,True,True,True,True,True,True,True,True,True,True,True,False,False,False,False,False,False,False,False
256105,STATE_PREFLIGHT,12.4,5.0,10.0,45.0,0.0,0.0,9.81,0.1,0.2,0.3,12.3,45.6,78.9,101.325,25.0,0.0,0.0,98.1,1,46.5,6.6,1200.0,1.5,3.5,12,9.81,98.1,1198.4,0.0,1200.0,True,True,True,True,True,True,True,True,True,True,True,True,True,True,True,True,False,False,False,False,False,False,False,False
256606,STATE_PREFLIGHT,12.4,5.0,10.0,45.0,0.0,0.0,9.81,0.1,0.2,0.3,12.3,45.6,78.9,101.325,25.0,0.0,0.0,98.1,1,46.5,6.6,1200.0,1.5,3.5,12,9.81,98.1,1198.4,0.0,1200.0,True,True,True,True,True,True,True,True,True,True,True,True,True,True,True,True,False,False,False,False,False,False,False,False
257108,STATE_PREFLIGHT,12.4,5.0,10.0,45.0,0.0,0.0,9.81,0.1,0.2,0.3,12.3,45.6,78.9,101.325,25.0,0.0,0.0,98.1,1,46.5,6.6,1200.0,1.5,3.5,12,9.81,98.1,1198.4,0.0,1200.0,True,True,True,True,True,True,True,True,True,True,True,True,True,True,True,True,False,False,False,False,False,False,False,False
257609,STATE_PREFLIGHT,12.4,5.0,10.0,45.0,0.0,0.0,9.81,0.1,0.2,0.3,12.3,45.6,78.9,101.325,25.0,0.0,0.0,98.1,1,46.5,6.6,1200.0,1.5,3.5,12,9.81,98.1,1198.4,0.0,1200.0,True,True,True,True,True,True,True,True,True,True,True,True,True,True,True,True,False,False,False,False,False,False,False,False
258111,STATE_PREFLIGHT,12.4,5.0,10.0,45.0,0.0,0.0,9.81,0.1,0.2,0.3,12.3,45.6,78.9,101.325,25.0,0.0,0.0,98.1,1,46.5,6.6,1200.0,1.5,3.5,12,9.81,98.1,1198.4,0.0,1200.0,True,True,True,True,True,True,True,True,True,True,True,True,True,True,True,True,False,False,False,False,False,False,False,False
258613,STATE_PREFLIGHT,12.4,5.0,10.0,45.0,0.0,0.0,9.81,0.1,0.2,0.3,12.3,45.6,78.9,101.325,25.0,0.0,0.0,98.1,1,46.5,6.6,1200.0,1.5,3.5,12,9.81,98.1,1198.4,0.0,1200.0,True,True,True,True,True,True,True,True,True,True,True,True,True,True,True,True,False,False,False,False,False,False,False,False
259115,STATE_PREFLIGHT,12.4,5.0,10.0,45.0,0.0,0.0,9.81,0.1,0.2,0.3,12.3,45.6,78.9,101.325,25.0,0.0,0.0,98.1,1,46.5,6.6,1200.0,1.5,3.5,12,9.81,98.1,1198.4,0.0,1200.0,True,True,True,True,True,True,True,True,True,True,True,True,True,True,True,True,False,False,False,False,False,False,False,False
259617,STATE_PREFLIGHT,12.4,5.0,10.0,45.0,0.0,0.0,9.81,0.1,0.2,0.3,12.3,45.6,78.9,101.325,25.0,0.0,0.0,98.1,1,46.5,6.6,1200.0,1.5,3.5,12,9.81,98.1,1198.4,0.0,1200.0,True,True,True,True,True,True,True,True,True,True,True,True,True,True,True,True,False,False,False,False,False,False,False,False
260118,STATE_PREFLIGHT,12.4,5.0,10.0,45.0,0.0,0.0,9.81,0.1,0.2,0.3,12.3,45.6,78.9,101.325,25.0,0.0,0.0,98.1,1,46.5,6.6,1200.0,1.5,3.5,12,9.81,98.1,1198.4,0.0,1200.0,True,True,True,True,True,True,True,True,True,True,True,True,True,True,True,True,False,False,False,False,False,False,False,False
260620,STATE_PREFLIGHT,12.4,5.0,10.0,45.0,0.0,0.0,9.81,0.1,0.2,0.3,12.3,45.6,78.9,101.325,25.0,0.0,0.0,98.1,1,46.5,6.6,1200.0,1.5,3.5,12,9.81,98.1,1198.4,0.0,1200.0,True,True,True,True,True,True,True,True,True,True,True,True,True,True,True,True,False,False,False,False,False,False,False,False
261122,STATE_PREFLIGHT,12.4,5.0,10.0,45.0,0.0,0.0,9.81,0.1,0.2,0.3,12.3,45.6,78.9,101.325,25.0,0.0,0.0,98.1,1,46.5,6.6,1200.0,1.5,3.5,12,9.81,98.1,1198.4,0.0,1200.0,True,True,True,True,True,True,True,True,True,True,True,True,True,True,True,True,False,False,False,False,False,False,False,False
261624,STATE_PREFLIGHT,12.4,5.0,10.0,45.0,0.0,0.0,9.81,0.1,0.2,0.3,12.3,45.6,78.9,101.325,25.0,0.0,0.0,98.1,1,46.5,6.6,1200.0,1.5,3.5,12,9.81,98.1,1198.4,0.0,1200.0,True,True,True,True,True,True,True,True,True,True,True,True,True,True,True,True,False,False,False,False,False,False,False,False
262125,STATE_PREFLIGHT,12.4,5.0,10.0,45.0,0.0,0.0,9.81,0.1,0.2,0.3,12.3,45.6,78.9,101.325,25.0,0.0,0.0,98.1,1,46.5,6.6,1200.0,1.5,3.5,12,9.81,98.1,1198.4,0.0,1200.0,True,True,True,True,True,True,True,True,True,True,True,True,True,True,True,True,False,False,False,False,False,False,False,False
262627,STATE_PREFLIGHT,12.4,5.0,10.0,45.0,0.0,0.0,9.81,0.1,0.2,0.3,12.3,45.6,78.9,101.325,25.0,0.0,0.0,98.1,1,46.5,6.6,1200.0,1.5,3.5,12,9.81,98.1,1198.4,0.0,1200.0,True,True,True,True,True,True,True,True,True,True,True,True,True,True,True,True,False,False,False,False,False,False,False,False
263128,STATE_PREFLIGHT,12.4,5.0,10.0,45.0,0.0,0.0,9.81,0.1,0.2,0.3,12.3,45.6,78.9,101.325,25.0,0.0,0.0,98.1,1,46.5,6.6,1200.0,1.5,3.5,12,9.81,98.1,1198.4,0.0,1200.0,True,True,True,True,True,True,True,True,True,True,True,True,True,True,True,True,False,False,False,False,False,False,False,False
263630,STATE_PREFLIGHT,12.4,5.0,10.0,45.0,0.0,0.0,9.81,0.1,0.2,0.3,12.3,45.6,78.9,101.325,25.0,0.0,0.0,98.1,1,46.5,6.6,1200.0,1.5,3.5,12,9.81,98.1,1198.4,0.0,1200.0,True,True,True,True,True,True,True,True,True,True,True,True,True,True,True,True,False,False,False,False,False,False,False,False
264132,STATE_PREFLIGHT,12.4,5.0,10.0,45.0,0.0,0.0,9.81,0.1,0.2,0.3,12.3,45.6,78.9,101.325,25.0,0.0,0.0,98.1,1,46.5,6.6,1200.0,1.5,3.5,12,9.81,98.1,1198.4,0.0,1200.0,True,True,True,True,True,True,True,True,True,True,True,True,True,True,True,True,False,False,False,False,False,False,False,False
264634,STATE_PREFLIGHT,12.4,5.0,10.0,45.0,0.0,0.0,9.81,0.1,0.2,0.3,12.3,45.6,78.9,101.325,25.0,0.0,0.0,98.1,1,46.5,6.6,1200.0,1.5,3.5,12,9.81,98.1,1198.4,0.0,1200.0,True,True,True,True,True,True,True,True,True,True,True,True,True,True,True,True,False,False,False,False,False,False,False,False
265136,STATE_PREFLIGHT,12.4,5.0,10.0,45.0,0.0,0.0,9.81,0.1,0.2,0.3,12.3,45.6,78.9,101.325,25.0,0.0,0.0,98.1,1,46.5,6.6,1200.0,1.5,3.5,12,9.81,98.1,1198.4,0.0,1200.0,True,True,True,True,True,True,True,True,True,True,True,True,True,True,True,True,False,False,False,False,False,False,False,False
265638,STATE_PREFLIGHT,12.4,5.0,10.0,45.0,0.0,0.0,9.81,0.1,0.2,0.3,12.3,45.6,78.9,101.325,25.0,0.0,0.0,98.1,1,46.5,6.6,1200.0,1.5,3.5,12,9.81,98.1,1198.4,0.0,1200.0,True,True,True,True,True,True,True,True,True,True,True,True,True,True,True,True,False,False,False,False,False,False,False,False
266140,STATE_PREFLIGHT,12.4,5.0,10.0,45.0,0.0,0.0,9.81,0.1,0.2,0.3,12.3,45.6,78.9,101.325,25.0,0.0,0.0,98.1,1,46.5,6.6,1200.0,1.5,3.5,12,9.81,98.1,1198.4,0.0,1200.0,True,True,True,True,True,True,True,True,True,True,True,True,True,True,True,True,False,False,False,False,False,False,False,False
266642,STATE_PREFLIGHT,12.4,5.0,10.0,45.0,0.0,0.0,9.81,0.1,0.2,0.3,12.3,45.6,78.9,101.325,25.0,0.0,0.0,98.1,1,46.5,6.6,1200.0,1.5,3.5,12,9.81,98.1,1198.4,0.0,1200.0,True,True,True,True,True,True,True,True,True,True,True,True,True,True,True,True,False,False,False,False,False,False,False,False
267143,STATE_PREFLIGHT,12.4,5.0,10.0,45.0,0.0,0.0,9.81,0.1,0.2,0.3,12.3,45.6,78.9,101.325,25.0,0.0,0.0,98.1,1,46.5,6.6,1200.0,1.5,3.5,12,9.81,98.1,1198.4,0.0,1200.0,True,True,True,True,True,True,True,True,True,True,True,True,True,True,True,True,False,False,False,False,False,False,False,False
267646,STATE_PREFLIGHT,12.4,5.0,10.0,45.0,0.0,0.0,9.81,0.1,0.2,0.3,12.3,45.6,78.9,101.325,25.0,0.0,0.0,98.1,1,46.5,6.6,1200.0,1.5,3.5,12,9.81,98.1,1198.4,0.0,1200.0,True,True,True,True,True,True,True,True,True,True,True,True,True,True,True,True,False,False,False,False,False,False,False,False
268148,STATE_PREFLIGHT,12.4,5.0,10.0,45.0,0.0,0.0,9.81,0.1,0.2,0.3,12.3,45.6,78.9,101.325,25.0,0.0,0.0,98.1,1,46.5,6.6,1200.0,1.5,3.5,12,9.81,98.1,1198.4,0.0,1200.0,True,True,True,True,True,True,True,True,True,True,True,True,True,True,True,True,False,False,False,False,False,False,False,False
268651,STATE_PREFLIGHT,12.4,5.0,10.0,45.0,0.0,0.0,9.81,0.1,0.2,0.3,12.3,45.6,78.9,101.325,25.0,0.0,0.0,98.1,1,46.5,6.6,1200.0,1.5,3.5,12,9.81,98.1,1198.4,0.0,1200.0,True,True,True,True,True,True,True,True,True,True,True,True,True,True,True,True,False,False,False,False,False,False,False,False
269153,STATE_PREFLIGHT,12.4,5.0,10.0,45.0,0.0,0.0,9.81,0.1,0.2,0.3,12.3,45.6,78.9,101.325,25.0,0.0,0.0,98.1,1,46.5,6.6,1200.0,1.5,3.5,12,9.81,98.1,1198.4,0.0,1200.0,True,True,True,True,True,True,True,True,True,True,True,True,True,True,True,True,False,False,False,False,False,False,False,False
269655,STATE_PREFLIGHT,12.4,5.0,10.0,45.0,0.0,0.0,9.81,0.1,0.2,0.3,12.3,45.6,78.9,101.325,25.0,0.0,0.0,98.1,1,46.5,6.6,1200.0,1.5,3.5,12,9.81,98.1,1198.4,0.0,1200.0,True,True,True,True,True,True,True,True,True,True,True,True,True,True,True,True,False,False,False,False,False,False,False,False
270157,STATE_PREFLIGHT,12.4,5.0,10.0,45.0,0.0,0.0,9.81,0.1,0.2,0.3,12.3,45.6,78.9,101.325,25.0,0.0,0.0,98.1,1,46.5,6.6,1200.0,1.5,3.5,12,9.81,98.1,1198.4,0.0,1200.0,True,True,True,True,True,True,True,True,True,True,True,True,True,True,True,True,False,False,False,False,False,False,False,False
270659,STATE_PREFLIGHT,12.4,5.0,10.0,45.0,0.0,0.0,9.81,0.1,0.2,0.3,12.3,45.6,78.9,101.325,25.0,0.0,0.0,98.1,1,46.5,6.6,1200.0,1.5,3.5,12,9.81,98.1,1198.4,0.0,1200.0,True,True,True,True,True,True,True,True,True,True,True,True,True,True,True,True,False,False,False,False,False,False,False,False
271162,STATE_PREFLIGHT,12.4,5.0,10.0,45.0,0.0,0.0,9.81,0.1,0.2,0.3,12.3,45.6,78.9,101.325,25.0,0.0,0.0,98.1,1,46.5,6.6,1200.0,1.5,3.5,12,9.81,98.1,1198.4,0.0,1200.0,True,True,True,True,True,True,True,True,True,True,True,True,True,True,True,True,False,False,False,False,False,False,False,False
271665,STATE_PREFLIGHT,12.4,5.0,10.0,45.0,0.0,0.0,9.81,0.1,0.2,0.3,12.3,45.6,78.9,101.325,25.0,0.0,0.0,98.1,1,46.5,6.6,1200.0,1.5,3.5,12,9.81,98.1,1198.4,0.0,1200.0,True,True,True,True,True,True,True,True,True,True,True,True,True,True,True,True,False,False,False,False,False,False,False,False
272168,STATE_PREFLIGHT,12.4,5.0,10.0,45.0,0.0,0.0,9.81,0.1,0.2,0.3,12.3,45.6,78.9,101.325,25.0,0.0,0.0,98.1,1,46.5,6.6,1200.0,1.5,3.5,12,9.81,98.1,1198.4,0.0,1200.0,True,True,True,True,True,True,True,True,True,True,True,True,True,True,True,True,False,False,False,False,False,False,False,False
272670,STATE_PREFLIGHT,12.4,5.0,10.0,45.0,0.0,0.0,9.81,0.1,0.2,0.3,12.3,45.6,78.9,101.325,25.0,0.0,0.0,98.1,1,46.5,6.6,1200.0,1.5,3.5,12,9.81,98.1,1198.4,0.0,1200.0,True,True,True,True,True,True,True,True,True,True,True,True,True,True,True,True,False,False,False,False,False,False,False,False
273172,STATE_PREFLIGHT,12.4,5.0,10.0,45.0,0.0,0.0,9.81,0.1,0.2,0.3,12.3,45.6,78.9,101.325,25.0,0.0,0.0,98.1,1,46.5,6.6,1200.0,1.5,3.5,12,9.81,98.1,1198.4,0.0,1200.0,True,True,True,True,True,True,True,True,True,True,True,True,True,True,True,True,False,False,False,False,False,False,False,False
273675,STATE_PREFLIGHT,12.4,5.0,10.0,45.0,0.0,0.0,9.81,0.1,0.2,0.3,12.3,45.6,78.9,101.325,25.0,0.0,0.0,98.1,1,46.5,6.6,1200.0,1.5,3.5,12,9.81,98.1,1198.4,0.0,1200.0,True,True,True,True,True,True,True,True,True,True,True,True,True,True,True,True,False,False,False,False,False,False,False,False
274178,STATE_PREFLIGHT,12.4,5.0,10.0,45.0,0.0,0.0,9.81,0.1,0.2,0.3,12.3,45.6,78.9,101.325,25.0,0.0,0.0,98.1,1,46.5,6.6,1200.0,1.5,3.5,12,9.81,98.1,1198.4,0.0,1200.0,True,True,True,True,True,True,True,True,True,True,True,True,True,True,True,True,False,False,False,False,False,False,False,False
274681,STATE_PREFLIGHT,12.4,5.0,10.0,45.0,0.0,0.0,9.81,0.1,0.2,0.3,12.3,45.6,78.9,101.325,25.0,0.0,0.0,98.1,1,46.5,6.6,1200.0,1.5,3.5,12,9.81,98.1,1198.4,0.0,1200.0,True,True,True,True,True,True,True,True,True,True,True,True,True,True,True,True,False,False,False,False,False,False,False,False
275183,STATE_PREFLIGHT,12.4,5.0,10.0,45.0,0.0,0.0,9.81,0.1,0.2,0.3,12.3,45.6,78.9,101.325,25.0,0.0,0.0,98.1,1,46.5,6.6,1200.0,1.5,3.5,12,9.81,98.1,1198.4,0.0,1200.0,True,True,True,True,True,True,True,True,True,True,True,True,True,True,True,True,False,False,False,False,False,False,False,False
275685,STATE_PREFLIGHT,12.4,5.0,10.0,45.0,0.0,0.0,9.81,0.1,0.2,0.3,12.3,45.6,78.9,101.325,25.0,0.0,0.0,98.1,1,46.5,6.6,1200.0,1.5,3.5,12,9.81,98.1,1198.4,0.0,1200.0,True,True,True,True,True,True,True,True,True,True,True,True,True,True,True,True,False,False,False,False,False,False,False,False
276187,STATE_PREFLIGHT,12.4,5.0,10.0,45.0,0.0,0.0,9.81,0.1,0.2,0.3,12.3,45.6,78.9,101.325,25.0,0.0,0.0,98.1,1,46.5,6.6,1200.0,1.5,3.5,12,9.81,98.1,1198.4,0.0,1200.0,True,True,True,True,True,True,True,True,True,True,True,True,True,True,True,True,False,False,False,False,False,False,False,False
276689,STATE_PREFLIGHT,12.4,5.0,10.0,45.0,0.0,0.0,9.81,0.1,0.2,0.3,12.3,45.6,78.9,101.325,25.0,0.0,0.0,98.1,1,46.5,6.6,1200.0,1.5,3.5,12,9.81,98.1,1198.4,0.0,1200.0,True,True,True,True,True,True,True,True,True,True,True,True,True,True,True,True,False,False,False,False,False,False,False,False
277191,STATE_PREFLIGHT,12.4,5.0,10.0,45.0,0.0,0.0,9.81,0.1,0.2,0.3,12.3,45.6,78.9,101.325,25.0,0.0,0.0,98.1,1,46.5,6.6,1200.0,1.5,3.5,12,9.81,98.1,1198.4,0.0,1200.0,True,True,True,True,True,True,True,True,True,True,True,True,True,True,True,True,False,False,False,False,False,False,False,False
277692,STATE_PREFLIGHT,12.4,5.0,10.0,45.0,0.0,0.0,9.81,0.1,0.2,0.3,12.3,45.6,78.9,101.325,25.0,0.0,0.0,98.1,1,46.5,6.6,1200.0,1.5,3.5,12,9.81,98.1,1198.4,0.0,1200.0,True,True,True,True,True,True,True,True,True,True,True,True,True,True,True,True,False,False,False,False,False,False,False,False
278194,STATE_PREFLIGHT,12.4,5.0,10.0,45.0,0.0,0.0,9.81,0.1,0.2,0.3,12.3,45.6,78.9,101.325,25.0,0.0,0.0,98.1,1,46.5,6.6,1200.0,1.5,3.5,12,9.81,98.1,1198.4,0.0,1200.0,True,True,True,True,True,True,True,True,True,True,True,True,True,True,True,True,False,False,False,False,False,False,False,False
278696,STATE_PREFLIGHT,12.4,5.0,10.0,45.0,0.0,0.0,9.81,0.1,0.2,0.3,12.3,45.6,78.9,101.325,25.0,0.0,0.0,98.1,1,46.5,6.6,1200.0,1.5,3.5,12,9.81,98.1,1198.4,0.0,1200.0,True,True,True,True,True,True,True,True,True,True,True,True,True,True,True,True,False,False,False,False,False,False,False,False
279197,STATE_PREFLIGHT,12.4,5.0,10.0,45.0,0.0,0.0,9.81,0.1,0.2,0.3,12.3,45.6,78.9,101.325,25.0,0.0,0.0,98.1,1,46.5,6.6,1200.0,1.5,3.5,12,9.81,98.1,1198.4,0.0,1200.0,True,True,True,True,True,True,True,True,True,True,True,True,True,True,True,True,False,False,False,False,False,False,False,False
279699,STATE_PREFLIGHT,12.4,5.0,10.0,45.0,0.0,0.0,9.81,0.1,0.2,0.3,12.3,45.6,78.9,101.325,25.0,0.0,0.0,98.1,1,46.5,6.6,1200.0,1.5,3.5,12,9.81,98.1,1198.4,0.0,1200.0,True,True,True,True,True,True,True,True,True,True,True,True,True,True,True,True,False,False,False,False,False,False,False,False
280200,STATE_PREFLIGHT,12.4,5.0,10.0,45.0,0.0,0.0,9.81,0.1,0.2,0.3,12.3,45.6,78.9,101.325,25.0,0.0,0.0,98.1,1,46.5,6.6,1200.0,1.5,3.5,12,9.81,98.1,1198.4,0.0,1200.0,True,True,True,True,True,True,True,True,True,True,True,True,True,True,True,True,False,False,False,False,False,False,False,False
280702,STATE_PREFLIGHT,12.4,5.0,10.0,45.0,0.0,0.0,9.81,0.1,0.2,0.3,12.3,45.6,78.9,101.325,25.0,0.0,0.0,98.1,1,46.5,6.6,1200.0,1.5,3.5,12,9.81,98.1,1198.4,0.0,1200.0,True,True,True,True,True,True,True,True,True,True,True,True,True,True,True,True,False,False,False,False,False,False,False,False
281203,STATE_PREFLIGHT,12.4,5.0,10.0,45.0,0.0,0.0,9.81,0.1,0.2,0.3,12.3,45.6,78.9,101.325,25.0,0.0,0.0,98.1,1,46.5,6.6,1200.0,1.5,3.5,12,9.81,98.1,1198.4,0.0,1200.0,True,True,True,True,True,True,True,True,True,True,True,True,True,True,True,True,False,False,False,False,False,False,False,False
281708,STATE_PREFLIGHT,12.4,5.0,10.0,45.0,0.0,0.0,9.81,0.1,0.2,0.3,12.3,45.6,78.9,101.325,25.0,0.0,0.0,98.1,1,46.5,6.6,1200.0,1.5,3.5,12,9.81,98.1,1198.4,0.0,1200.0,True,True,True,True,True,True,True,True,True,True,True,True,True,True,True,True,False,False,False,False,False,False,False,False
282210,STATE_PREFLIGHT,12.4,5.0,10.0,45.0,0.0,0.0,9.81,0.1,0.2,0.3,12.3,45.6,78.9,101.325,25.0,0.0,0.0,98.1,1,46.5,6.6,1200.0,1.5,3.5,12,9.81,98.1,1198.4,0.0,1200.0,True,True,True,True,True,True,True,True,True,True,True,True,True,True,True,True,False,False,False,False,False,False,False,False
282713,STATE_PREFLIGHT,12.4,5.0,10.0,45.0,0.0,0.0,9.81,0.1,0.2,0.3,12.3,45.6,78.9,101.325,25.0,0.0,0.0,98.1,1,46.5,6.6,1200.0,1.5,3.5,12,9.81,98.1,1198.4,0.0,1200.0,True,True,True,True,True,True,True,True,True,True,True,True,True,True,True,True,False,False,False,False,False,False,False,False
283216,STATE_PREFLIGHT,12.4,5.0,10.0,45.0,0.0,0.0,9.81,0.1,0.2,0.3,12.3,45.6,78.9,101.325,25.0,0.0,0.0,98.1,1,46.5,6.6,1200.0,1.5,3.5,12,9.81,98.1,1198.4,0.0,1200.0,True,True,True,True,True,True,True,True,True,True,True,True,True,True,True,True,False,False,False,False,False,False,False,False
283718,STATE_PREFLIGHT,12.4,5.0,10.0,45.0,0.0,0.0,9.81,0.1,0.2,0.3,12.3,45.6,78.9,101.325,25.0,0.0,0.0,98.1,1,46.5,6.6,1200.0,1.5,3.5,12,9.81,98.1,1198.4,0.0,1200.0,True,True,True,True,True,True,True,True,True,True,True,True,True,True,True,True,False,False,False,False,False,False,False,False
284220,STATE_PREFLIGHT,12.4,5.0,10.0,45.0,0.0,0.0,9.81,0.1,0.2,0.3,12.3,45.6,78.9,101.325,25.0,0.0,0.0,98.1,1,46.5,6.6,1200.0,1.5,3.5,12,9.81,98.1,1198.4,0.0,1200.0,True,True,True,True,True,True,True,True,True,True,True,True,True,True,True,True,False,False,False,False,False,False,False,False
284721,STATE_PREFLIGHT,12.4,5.0,10.0,45.0,0.0,0.0,9.81,0.1,0.2,0.3,12.3,45.6,78.9,101.325,25.0,0.0,0.0,98.1,1,46.5,6.6,1200.0,1.5,3.5,12,9.81,98.1,1198.4,0.0,1200.0,True,True,True,True,True,True,True,True,True,True,True,True,True,True,True,True,False,False,False,False,False,False,False,False
285223,STATE_PREFLIGHT,12.4,5.0,10.0,45.0,0.0,0.0,9.81,0.1,0.2,0.3,12.3,45.6,78.9,101.325,25.0,0.0,0.0,98.1,1,46.5,6.6,1200.0,1.5,3.5,12,9.81,98.1,1198.4,0.0,1200.0,True,True,True,True,True,True,True,True,True,True,True,True,True,True,True,True,False,False,False,False,False,False,False,False
285724,STATE_PREFLIGHT,12.4,5.0,10.0,45.0,0.0,0.0,9.81,0.1,0.2,0.3,12.3,45.6,78.9,101.325,25.0,0.0,0.0,98.1,1,46.5,6.6,1200.0,1.5,3.5,12,9.81,98.1,1198.4,0.0,1200.0,True,True,True,True,True,True,True,True,True,True,True,True,True,True,True,True,False,False,False,False,False,False,False,False
286226,STATE_PREFLIGHT,12.4,5.0,10.0,45.0,0.0,0.0,9.81,0.1,0.2,0.3,12.3,45.6,78.9,101.325,25.0,0.0,0.0,98.1,1,46.5,6.6,1200.0,1.5,3.5,12,9.81,98.1,1198.4,0.0,1200.0,True,True,True,True,True,True,True,True,True,True,True,True,True,True,True,True,False,False,False,False,False,False,False,False
286727,STATE_PREFLIGHT,12.4,5.0,10.0,45.0,0.0,0.0,9.81,0.1,0.2,0.3,12.3,45.6,78.9,101.325,25.0,0.0,0.0,98.1,1,46.5,6.6,1200.0,1.5,3.5,12,9.81,98.1,1198.4,0.0,1200.0,True,True,True,True,True,True,True,True,True,True,True,True,True,True,True,True,False,False,False,False,False,False,False,False
287229,STATE_PREFLIGHT,12.4,5.0,10.0,45.0,0.0,0.0,9.81,0.1,0.2,0.3,12.3,45.6,78.9,101.325,25.0,0.0,0.0,98.1,1,46.5,6.6,1200.0,1.5,3.5,12,9.81,98.1,1198.4,0.0,1200.0,True,True,True,True,True,True,True,True,True,True,True,True,True,True,True,True,False,False,False,False,False,False,False,False
287731,STATE_PREFLIGHT,12.4,5.0,10.0,45.0,0.0,0.0,9.81,0.1,0.2,0.3,12.3,45.6,78.9,101.325,25.0,0.0,0.0,98.1,1,46.5,6.6,1200.0,1.5,3.5,12,9.81,98.1,1198.4,0.0,1200.0,True,True,True,True,True,True,True,True,True,True,True,True,True,True,True,True,False,False,False,False,False,False,False,False
288232,STATE_PREFLIGHT,12.4,5.0,10.0,45.0,0.0,0.0,9.81,0.1,0.2,0.3,12.3,45.6,78.9,101.325,25.0,0.0,0.0,98.1,1,46.5,6.6,1200.0,1.5,3.5,12,9.81,98.1,1198.4,0.0,1200.0,True,True,True,True,True,True,True,True,True,True,True,True,True,True,True,True,False,False,False,False,False,False,False,False
288734,STATE_PREFLIGHT,12.4,5.0,10.0,45.0,0.0,0.0,9.81,0.1,0.2,0.3,12.3,45.6,78.9,101.325,25.0,0.0,0.0,98.1,1,46.5,6.6,1200.0,1.5,3.5,12,9.81,98.1,1198.4,0.0,1200.0,True,True,True,True,True,True,True,True,True,True,True,True,True,True,True,True,False,False,False,False,False,False,False,False
289237,STATE_PREFLIGHT,12.4,5.0,10.0,45.0,0.0,0.0,9.81,0.1,0.2,0.3,12.3,45.6,78.9,101.325,25.0,0.0,0.0,98.1,1,46.5,6.6,1200.0,1.5,3.5,12,9.81,98.1,1198.4,0.0,1200.0,True,True,True,True,True,True,True,True,True,True,True,True,True,True,True,True,False,False,False,False,False,False,False,False
289739,STATE_PREFLIGHT,12.4,5.0,10.0,45.0,0.0,0.0,9.81,0.1,0.2,0.3,12.3,45.6,78.9,101.325,25.0,0.0,0.0,98.1,1,46.5,6.6,1200.0,1.5,3.5,12,9.81,98.1,1198.4,0.0,1200.0,True,True,True,True,True,True,True,True,True,True,True,True,True,True,True,True,False,False,False,False,False,False,False,False
290241,STATE_PREFLIGHT,12.4,5.0,10.0,45.0,0.0,0.0,9.81,0.1,0.2,0.3,12.3,45.6,78.9,101.325,25.0,0.0,0.0,98.1,1,46.5,6.6,1200.0,1.5,3.5,12,9.81,98.1,1198.4,0.0,1200.0,True,True,True,True,True,True,True,True,True,True,True,True,True,True,True,True,False,False,False,False,False,False,False,False
290743,STATE_PREFLIGHT,12.4,5.0,10.0,45.0,0.0,0.0,9.81,0.1,0.2,0.3,12.3,45.6,78.9,101.325,25.0,0.0,0.0,98.1,1,46.5,6.6,1200.0,1.5,3.5,12,9.81,98.1,1198.4,0.0,1200.0,True,True,True,True,True,True,True,True,True,True,True,True,True,True,True,True,False,False,False,False,False,False,False,False
291245,STATE_PREFLIGHT,12.4,5.0,10.0,45.0,0.0,0.0,9.81,0.1,0.2,0.3,12.3,45.6,78.9,101.325,25.0,0.0,0.0,98.1,1,46.5,6.6,1200.0,1.5,3.5,12,9.81,98.1,1198.4,0.0,1200.0,True,True,True,True,True,True,True,True,True,True,True,True,True,True,True,True,False,False,False,False,False,False,False,False
291747,STATE_PREFLIGHT,12.4,5.0,10.0,45.0,0.0,0.0,9.81,0.1,0.2,0.3,12.3,45.6,78.9,101.325,25.0,0.0,0.0,98.1,1,46.5,6.6,1200.0,1.5,3.5,12,9.81,98.1,1198.4,0.0,1200.0,True,True,True,True,True,True,True,True,True,True,True,True,True,True,True,True,False,False,False,False,False,False,False,False
292249,STATE_PREFLIGHT,12.4,5.0,10.0,45.0,0.0,0.0,9.81,0.1,0.2,0.3,12.3,45.6,78.9,101.325,25.0,0.0,0.0,98.1,1,46.5,6.6,1200.0,1.5,3.5,12,9.81,98.1,1198.4,0.0,1200.0,True,True,True,True,True,True,True,True,True,True,True,True,True,True,True,True,False,False,False,False,False,False,False,False
292751,STATE_PREFLIGHT,12.4,5.0,10.0,45.0,0.0,0.0,9.81,0.1,0.2,0.3,12.3,45.6,78.9,101.325,25.0,0.0,0.0,98.1,1,46.5,6.6,1200.0,1.5,3.5,12,9.81,98.1,1198.4,0.0,1200.0,True,True,True,True,True,True,True,True,True,True,True,True,True,True,True,True,False,False,False,False,False,False,False,False
293253,STATE_PREFLIGHT,12.4,5.0,10.0,45.0,0.0,0.0,9.81,0.1,0.2,0.3,12.3,45.6,78.9,101.325,25.0,0.0,0.0,98.1,1,46.5,6.6,1200.0,1.5,3.5,12,9.81,98.1,1198.4,0.0,1200.0,True,True,True,True,True,True,True,True,True,True,True,True,True,True,True,True,False,False,False,False,False,False,False,False
293756,STATE_PREFLIGHT,12.4,5.0,10.0,45.0,0.0,0.0,9.81,0.1,0.2,0.3,12.3,45.6,78.9,101.325,25.0,0.0,0.0,98.1,1,46.5,6.6,1200.0,1.5,3.5,12,9.81,98.1,1198.4,0.0,1200.0,True,True,True,True,True,True,True,True,True,True,True,True,True,True,True,True,False,False,False,False,False,False,False,False
294258,STATE_PREFLIGHT,12.4,5.0,10.0,45.0,0.0,0.0,9.81,0.1,0.2,0.3,12.3,45.6,78.9,101.325,25.0,0.0,0.0,98.1,1,46.5,6.6,1200.0,1.5,3.5,12,9.81,98.1,1198.4,0.0,1200.0,True,True,True,True,True,True,True,True,True,True,True,True,True,True,True,True,False,False,False,False,False,False,False,False
294759,STATE_PREFLIGHT,12.4,5.0,10.0,45.0,0.0,0.0,9.81,0.1,0.2,0.3,12.3,45.6,78.9,101.325,25.0,0.0,0.0,98.1,1,46.5,6.6,1200.0,1.5,3.5,12,9.81,98.1,1198.4,0.0,1200.0,True,True,True,True,True,True,True,True,True,True,True,True,True,True,True,True,False,False,False,False,False,False,False,False
295262,STATE_PREFLIGHT,12.4,5.0,10.0,45.0,0.0,0.0,9.81,0.1,0.2,0.3,12.3,45.6,78.9,101.325,25.0,0.0,0.0,98.1,1,46.5,6.6,1200.0,1.5,3.5,12,9.81,98.1,1198.4,0.0,1200.0,True,True,True,True,True,True,True,True,True,True,True,True,True,True,True,True,False,False,False,False,False,False,False,False
295764,STATE_PREFLIGHT,12.4,5.0,10.0,45.0,0.0,0.0,9.81,0.1,0.2,0.3,12.3,45.6,78.9,101.325,25.0,0.0,0.0,98.1,1,46.5,6.6,1200.0,1.5,3.5,12,9.81,98.1,1198.4,0.0,1200.0,True,True,True,True,True,True,True,True,True,True,True,True,True,True,True,True,False,False,False,False,False,False,False,False
296266,STATE_PREFLIGHT,12.4,5.0,10.0,45.0,0.0,0.0,9.81,0.1,0.2,0.3,12.3,45.6,78.9,101.325,25.0,0.0,0.0,98.1,1,46.5,6.6,1200.0,1.5,3.5,12,9.81,98.1,1198.4,0.0,1200.0,True,True,True,True,True,True,True,True,True,True,True,True,True,True,True,True,False,False,False,False,False,False,False,False
296769,STATE_PREFLIGHT,12.4,5.0,10.0,45.0,0.0,0.0,9.81,0.1,0.2,0.3,12.3,45.6,78.9,101.325,25.0,0.0,0.0,98.1,1,46.5,6.6,1200.0,1.5,3.5,12,9.81,98.1,1198.4,0.0,1200.0,True,True,True,True,True,True,True,True,True,True,True,True,True,True,True,True,False,False,False,False,False,False,False,False
297272,STATE_PREFLIGHT,12.4,5.0,10.0,45.0,0.0,0.0,9.81,0.1,0.2,0.3,12.3,45.6,78.9,101.325,25.0,0.0,0.0,98.1,1,46.5,6.6,1200.0,1.5,3.5,12,9.81,98.1,1198.4,0.0,1200.0,True,True,True,True,True,True,True,True,True,True,True,True,True,True,True,True,False,False,False,False,False,False,False,False
297775,STATE_PREFLIGHT,12.4,5.0,10.0,45.0,0.0,0.0,9.81,0.1,0.2,0.3,12.3,45.6,78.9,101.325,25.0,0.0,0.0,98.1,1,46.5,6.6,1200.0,1.5,3.5,12,9.81,98.1,1198.4,0.0,1200.0,True,True,True,True,True,True,True,True,True,True,True,True,True,True,True,True,False,False,False,False,False,False,False,False
298278,STATE_PREFLIGHT,12.4,5.0,10.0,45.0,0.0,0.0,9.81,0.1,0.2,0.3,12.3,45.6,78.9,101.325,25.0,0.0,0.0,98.1,1,46.5,6.6,1200.0,1.5,3.5,12,9.81,98.1,1198.4,0.0,1200.0,True,True,True,True,True,True,True,True,True,True,True,True,True,True,True,True,False,False,False,False,False,False,False,False
298781,STATE_PREFLIGHT,12.4,5.0,10.0,45.0,0.0,0.0,9.81,0.1,0.2,0.3,12.3,45.6,78.9,101.325,25.0,0.0,0.0,98.1,1,46.5,6.6,1200.0,1.5,3.5,12,9.81,98.1,1198.4,0.0,1200.0,True,True,True,True,True,True,True,True,True,True,True,True,True,True,True,True,False,False,False,False,False,False,False,False
299283,STATE_PREFLIGHT,12.4,5.0,10.0,45.0,0.0,0.0,9.81,0.1,0.2,0.3,12.3,45.6,78.9,101.325,25.0,0.0,0.0,98.1,1,46.5,6.6,1200.0,1.5,3.5,12,9.81,98.1,1198.4,0.0,1200.0,True,True,True,True,True,True,True,True,True,True,True,True,True,True,True,True,False,False,False,False,False,False,False,False
299785,STATE_PREFLIGHT,12.4,5.0,10.0,45.0,0.0,0.0,9.81,0.1,0.2,0.3,12.3,45.6,78.9,101.325,25.0,0.0,0.0,98.1,1,46.5,6.6,1200.0,1.5,3.5,12,9.81,98.1,1198.4,0.0,1200.0,True,True,True,True,True,True,True,True,True,True,True,True,True,True,True,True,False,False,False,False,False,False,False,False
300288,STATE_PREFLIGHT,12.4,5.0,10.0,45.0,0.0,0.0,9.81,0.1,0.2,0.3,12.3,45.6,78.9,101.325,25.0,0.0,0.0,98.1,1,46.5,6.6,1200.0,1.5,3.5,12,9.81,98.1,1198.4,0.0,1200.0,True,True,True,True,True,True,True,True,True,True,True,True,True,True,True,True,False,False,False,False,False,False,False,False
300790,STATE_PREFLIGHT,12.4,5.0,10.0,45.0,0.0,0.0,9.81,0.1,0.2,0.3,12.3,45.6,78.9,101.325,25.0,0.0,0.0,98.1,1,46.5,6.6,1200.0,1.5,3.5,12,9.81,98.1,1198.4,0.0,1200.0,True,True,True,True,True,True,True,True,True,True,True,True,True,True,True,True,False,False,False,False,False,False,False,False
301295,STATE_PREFLIGHT,12.4,5.0,10.0,45.0,0.0,0.0,9.81,0.1,0.2,0.3,12.3,45.6,78.9,101.325,25.0,0.0,0.0,98.1,1,46.5,6.6,1200.0,1.5,3.5,12,9.81,98.1,1198.4,0.0,1200.0,True,True,True,True,True,True,True,True,True,True,True,True,True,True,True,True,False,False,False,False,False,False,False,False
301797,STATE_PREFLIGHT,12.4,5.0,10.0,45.0,0.0,0.0,9.81,0.1,0.2,0.3,12.3,45.6,78.9,101.325,25.0,0.0,0.0,98.1,1,46.5,6.6,1200.0,1.5,3.5,12,9.81,98.1,1198.4,0.0,1200.0,True,True,True,True,True,True,True,True,True,True,True,True,True,True,True,True,False,False,False,False,False,False,False,False
302301,STATE_PREFLIGHT,12.4,5.0,10.0,45.0,0.0,0.0,9.81,0.1,0.2,0.3,12.3,45.6,78.9,101.325,25.0,0.0,0.0,98.1,1,46.5,6.6,1200.0,1.5,3.5,12,9.81,98.1,1198.4,0.0,1200.0,True,True,True,True,True,True,True,True,True,True,True,True,True,True,True,True,False,False,False,False,False,False,False,False
302804,STATE_PREFLIGHT,12.4,5.0,10.0,45.0,0.0,0.0,9.81,0.1,0.2,0.3,12.3,45.6,78.9,101.325,25.0,0.0,0.0,98.1,1,46.5,6.6,1200.0,1.5,3.5,12,9.81,98.1,1198.4,0.0,1200.0,True,True,True,True,True,True,True,True,True,True,True,True,True,True,True,True,False,False,False,False,False,False,False,False
303305,STATE_PREFLIGHT,12.4,5.0,10.0,45.0,0.0,0.0,9.81,0.1,0.2,0.3,12.3,45.6,78.9,101.325,25.0,0.0,0.0,98.1,1,46.5,6.6,1200.0,1.5,3.5,12,9.81,98.1,1198.4,0.0,1200.0,True,True,True,True,True,True,True,True,True,True,True,True,True,True,True,True,False,False,False,False,False,False,False,False
303807,STATE_PREFLIGHT,12.4,5.0,10.0,45.0,0.0,0.0,9.81,0.1,0.2,0.3,12.3,45.6,78.9,101.325,25.0,0.0,0.0,98.1,1,46.5,6.6,1200.0,1.5,3.5,12,9.81,98.1,1198.4,0.0,1200.0,True,True,True,True,True,True,True,True,True,True,True,True,True,True,True,True,False,False,False,False,False,False,False,False
304309,STATE_PREFLIGHT,12.4,5.0,10.0,45.0,0.0,0.0,9.81,0.1,0.2,0.3,12.3,45.6,78.9,101.325,25.0,0.0,0.0,98.1,1,46.5,6.6,1200.0,1.5,3.5,12,9.81,98.1,1198.4,0.0,1200.0,True,True,True,True,True,True,True,True,True,True,True,True,True,True,True,True,False,False,False,False,False,False,False,False
304811,STATE_PREFLIGHT,12.4,5.0,10.0,45.0,0.0,0.0,9.81,0.1,0.2,0.3,12.3,45.6,78.9,101.325,25.0,0.0,0.0,98.1,1,46.5,6.6,1200.0,1.5,3.5,12,9.81,98.1,1198.4,0.0,1200.0,True,True,True,True,True,True,True,True,True,True,True,True,True,True,True,True,False,False,False,False,False,False,False,False
305313,STATE_PREFLIGHT,12.4,5.0,10.0,45.0,0.0,0.0,9.81,0.1,0.2,0.3,12.3,45.6,78.9,101.325,25.0,0.0,0.0,98.1,1,46.5,6.6,1200.0,1.5,3.5,12,9.81,98.1,1198.4,0.0,1200.0,True,True,True,True,True,True,True,True,True,True,True,True,True,True,True,True,False,False,False,False,False,False,False,False
305815,STATE_PREFLIGHT,12.4,5.0,10.0,45.0,0.0,0.0,9.81,0.1,0.2,0.3,12.3,45.6,78.9,101.325,25.0,0.0,0.0,98.1,1,46.5,6.6,1200.0,1.5,3.5,12,9.81,98.1,1198.4,0.0,1200.0,True,True,True,True,True,True,True,True,True,True,True,True,True,True,True,True,False,False,False,False,False,False,False,False
306317,STATE_PREFLIGHT,12.4,5.0,10.0,45.0,0.0,0.0,9.81,0.1,0.2,0.3,12.3,45.6,78.9,101.325,25.0,0.0,0.0,98.1,1,46.5,6.6,1200.0,1.5,3.5,12,9.81,98.1,1198.4,0.0,1200.0,True,True,True,True,True,True,True,True,True,True,True,True,True,True,True,True,False,False,False,False,False,False,False,False
306819,STATE_PREFLIGHT,12.4,5.0,10.0,45.0,0.0,0.0,9.81,0.1,0.2,0.3,12.3,45.6,78.9,101.325,25.0,0.0,0.0,98.1,1,46.5,6.6,1200.0,1.5,3.5,12,9.81,98.1,1198.4,0.0,1200.0,True,True,True,True,True,True,True,True,True,True,True,True,True,True,True,True,False,False,False,False,False,False,False,False
307320,STATE_PREFLIGHT,12.4,5.0,10.0,45.0,0.0,0.0,9.81,0.1,0.2,0.3,12.3,45.6,78.9,101.325,25.0,0.0,0.0,98.1,1,46.5,6.6,1200.0,1.5,3.5,12,9.81,98.1,1198.4,0.0,1200.0,True,True,True,True,True,True,True,True,True,True,True,True,True,True,True,True,False,False,False,False,False,False,False,False
307822,STATE_PREFLIGHT,12.4,5.0,10.0,45.0,0.0,0.0,9.81,0.1,0.2,0.3,12.3,45.6,78.9,101.325,25.0,0.0,0.0,98.1,1,46.5,6.6,1200.0,1.5,3.5,12,9.81,98.1,1198.4,0.0,1200.0,True,True,True,True,True,True,True,True,True,True,True,True,True,True,True,True,False,False,False,False,False,False,False,False
308324,STATE_PREFLIGHT,12.4,5.0,10.0,45.0,0.0,0.0,9.81,0.1,0.2,0.3,12.3,45.6,78.9,101.325,25.0,0.0,0.0,98.1,1,46.5,6.6,1200.0,1.5,3.5,12,9.81,98.1,1198.4,0.0,1200.0,True,True,True,True,True,True,True,True,True,True,True,True,True,True,True,True,False,False,False,False,False,False,False,False
308825,STATE_PREFLIGHT,12.4,5.0,10.0,45.0,0.0,0.0,9.81,0.1,0.2,0.3,12.3,45.6,78.9,101.325,25.0,0.0,0.0,98.1,1,46.5,6.6,1200.0,1.5,3.5,12,9.81,98.1,1198.4,0.0,1200.0,True,True,True,True,True,True,True,True,True,True,True,True,True,True,True,True,False,False,False,False,False,False,False,False
309327,STATE_PREFLIGHT,12.4,5.0,10.0,45.0,0.0,0.0,9.81,0.1,0.2,0.3,12.3,45.6,78.9,101.325,25.0,0.0,0.0,98.1,1,46.5,6.6,1200.0,1.5,3.5,12,9.81,98.1,1198.4,0.0,1200.0,True,True,True,True,True,True,True,True,True,True,True,True,True,True,True,True,False,False,False,False,False,False,False,False
309829,STATE_PREFLIGHT,12.4,5.0,10.0,45.0,0.0,0.0,9.81,0.1,0.2,0.3,12.3,45.6,78.9,101.325,25.0,0.0,0.0,98.1,1,46.5,6.6,1200.0,1.5,3.5,12,9.81,98.1,1198.4,0.0,1200.0,True,True,True,True,True,True,True,True,True,True,True,True,True,True,True,True,False,False,False,False,False,False,False,False
310331,STATE_PREFLIGHT,12.4,5.0,10.0,45.0,0.0,0.0,9.81,0.1,0.2,0.3,12.3,45.6,78.9,101.325,25.0,0.0,0.0,98.1,1,46.5,6.6,1200.0,1.5,3.5,12,9.81,98.1,1198.4,0.0,1200.0,True,True,True,True,True,True,True,True,True,True,True,True,True,True,True,True,False,False,False,False,False,False,False,False
310833,STATE_PREFLIGHT,12.4,5.0,10.0,45.0,0.0,0.0,9.81,0.1,0.2,0.3,12.3,45.6,78.9,101.325,25.0,0.0,0.0,98.1,1,46.5,6.6,1200.0,1.5,3.5,12,9.81,98.1,1198.4,0.0,1200.0,True,True,True,True,True,True,True,True,True,True,True,True,True,True,True,True,False,False,False,False,False,False,False,False
311334,STATE_PREFLIGHT,12.4,5.0,10.0,45.0,0.0,0.0,9.81,0.1,0.2,0.3,12.3,45.6,78.9,101.325,25.0,0.0,0.0,98.1,1,46.5,6.6,1200.0,1.5,3.5,12,9.81,98.1,1198.4,0.0,1200.0,True,True,True,True,True,True,True,True,True,True,True,True,True,True,True,True,False,False,False,False,False,False,False,False
311836,STATE_PREFLIGHT,12.4,5.0,10.0,45.0,0.0,0.0,9.81,0.1,0.2,0.3,12.3,45.6,78.9,101.325,25.0,0.0,0.0,98.1,1,46.5,6.6,1200.0,1.5,3.5,12,9.81,98.1,1198.4,0.0,1200.0,True,True,True,True,True,True,True,True,True,True,True,True,True,True,True,True,False,False,False,False,False,False,False,False
312340,STATE_PREFLIGHT,12.4,5.0,10.0,45.0,0.0,0.0,9.81,0.1,0.2,0.3,12.3,45.6,78.9,101.325,25.0,0.0,0.0,98.1,1,46.5,6.6,1200.0,1.5,3.5,12,9.81,98.1,1198.4,0.0,1200.0,True,True,True,True,True,True,True,True,True,True,True,True,True,True,True,True,False,False,False,False,False,False,False,False
312842,STATE_PREFLIGHT,12.4,5.0,10.0,45.0,0.0,0.0,9.81,0.1,0.2,0.3,12.3,45.6,78.9,101.325,25.0,0.0,0.0,98.1,1,46.5,6.6,1200.0,1.5,3.5,12,9.81,98.1,1198.4,0.0,1200.0,True,True,True,True,True,True,True,True,True,True,True,True,True,True,True,True,False,False,False,False,False,False,False,False
313347,STATE_PREFLIGHT,12.4,5.0,10.0,45.0,0.0,0.0,9.81,0.1,0.2,0.3,12.3,45.6,78.9,101.325,25.0,0.0,0.0,98.1,1,46.5,6.6,1200.0,1.5,3.5,12,9.81,98.1,1198.4,0.0,1200.0,True,True,True,True,True,True,True,True,True,True,True,True,True,True,True,True,False,False,False,False,False,False,False,False
313849,STATE_PREFLIGHT,12.4,5.0,10.0,45.0,0.0,0.0,9.81,0.1,0.2,0.3,12.3,45.6,78.9,101.325,25.0,0.0,0.0,98.1,1,46.5,6.6,1200.0,1.5,3.5,12,9.81,98.1,1198.4,0.0,1200.0,True,True,True,True,True,True,True,True,True,True,True,True,True,True,True,True,False,False,False,False,False,False,False,False
314352,STATE_PREFLIGHT,12.4,5.0,10.0,45.0,0.0,0.0,9.81,0.1,0.2,0.3,12.3,45.6,78.9,101.325,25.0,0.0,0.0,98.1,1,46.5,6.6,1200.0,1.5,3.5,12,9.81,98.1,1198.4,0.0,1200.0,True,True,True,True,True,True,True,True,True,True,True,True,True,True,True,True,False,False,False,False,False,False,False,False
314854,STATE_PREFLIGHT,12.4,5.0,10.0,45.0,0.0,0.0,9.81,0.1,0.2,0.3,12.3,45.6,78.9,101.325,25.0,0.0,0.0,98.1,1,46.5,6.6,1200.0,1.5,3.5,12,9.81,98.1,1198.4,0.0,1200.0,True,True,True,True,True,True,True,True,True,True,True,True,True,True,True,True,False,False,False,False,False,False,False,False
315358,STATE_PREFLIGHT,12.4,5.0,10.0,45.0,0.0,0.0,9.81,0.1,0.2,0.3,12.3,45.6,78.9,101.325,25.0,0.0,0.0,98.1,1,46.5,6.6,1200.0,1.5,3.5,12,9.81,98.1,1198.4,0.0,1200.0,True,True,True,True,True,True,True,True,True,True,True,True,True,True,True,True,False,False,False,False,False,False,False,False
315860,STATE_PREFLIGHT,12.4,5.0,10.0,45.0,0.0,0.0,9.81,0.1,0.2,0.3,12.3,45.6,78.9,101.325,25.0,0.0,0.0,98.1,1,46.5,6.6,1200.0,1.5,3.5,12,9.81,98.1,1198.4,0.0,1200.0,True,True,True,True,True,True,True,True,True,True,True,True,True,True,True,True,False,False,False,False,False,False,False,False
316363,STATE_PREFLIGHT,12.4,5.0,10.0,45.0,0.0,0.0,9.81,0.1,0.2,0.3,12.3,45.6,78.9,101.325,25.0,0.0,0.0,98.1,1,46.5,6.6,1200.0,1.5,3.5,12,9.81,98.1,1198.4,0.0,1200.0,True,True,True,True,True,True,True,True,True,True,True,True,True,True,True,True,False,False,False,False,False,False,False,False
316866,STATE_PREFLIGHT,12.4,5.0,10.0,45.0,0.0,0.0,9.81,0.1,0.2,0.3,12.3,45.6,78.9,101.325,25.0,0.0,0.0,98.1,1,46.5,6.6,1200.0,1.5,3.5,12,9.81,98.1,1198.4,0.0,1200.0,True,True,True,True,True,True,True,True,True,True,True,True,True,True,True,True,False,False,False,False,False,False,False,False
317368,STATE_PREFLIGHT,12.4,5.0,10.0,45.0,0.0,0.0,9.81,0.1,0.2,0.3,12.3,45.6,78.9,101.325,25.0,0.0,0.0,98.1,1,46.5,6.6,1200.0,1.5,3.5,12,9.81,98.1,1198.4,0.0,1200.0,True,True,True,True,True,True,True,True,True,True,True,True,True,True,True,True,False,False,False,False,False,False,False,False
317873,STATE_PREFLIGHT,12.4,5.0,10.0,45.0,0.0,0.0,9.81,0.1,0.2,0.3,12.3,45.6,78.9,101.325,25.0,0.0,0.0,98.1,1,46.5,6.6,1200.0,1.5,3.5,12,9.81,98.1,1198.4,0.0,1200.0,True,True,True,True,True,True,True,True,True,True,True,True,True,True,True,True,False,False,False,False,False,False,False,False
318375,STATE_PREFLIGHT,12.4,5.0,10.0,45.0,0.0,0.0,9.81,0.1,0.2,0.3,12.3,45.6,78.9,101.325,25.0,0.0,0.0,98.1,1,46.5,6.6,1200.0,1.5,3.5,12,9.81,98.1,1198.4,0.0,1200.0,True,True,True,True,True,True,True,True,True,True,True,True,True,True,True,True,False,False,False,False,False,False,False,False
318877,STATE_PREFLIGHT,12.4,5.0,10.0,45.0,0.0,0.0,9.81,0.1,0.2,0.3,12.3,45.6,78.9,101.325,25.0,0.0,0.0,98.1,1,46.5,6.6,1200.0,1.5,3.5,12,9.81,98.1,1198.4,0.0,1200.0,True,True,True,True,True,True,True,True,True,True,True,True,True,True,True,True,False,False,False,False,False,False,False,False
319379,STATE_PREFLIGHT,12.4,5.0,10.0,45.0,0.0,0.0,9.81,0.1,0.2,0.3,12.3,45.6,78.9,101.325,25.0,0.0,0.0,98.1,1,46.5,6.6,1200.0,1.5,3.5,12,9.81,98.1,1198.4,0.0,1200.0,True,True,True,True,True,True,True,True,True,True,True,True,True,True,True,True,False,False,False,False,False,False,False,False
319881,STATE_PREFLIGHT,12.4,5.0,10.0,45.0,0.0,0.0,9.81,0.1,0.2,0.3,12.3,45.6,78.9,101.325,25.0,0.0,0.0,98.1,1,46.5,6.6,1200.0,1.5,3.5,12,9.81,98.1,1198.4,0.0,1200.0,True,True,True,True,True,True,True,True,True,True,True,True,True,True,True,True,False,False,False,False,False,False,False,False
320383,STATE_PREFLIGHT,12.4,5.0,10.0,45.0,0.0,0.0,9.81,0.1,0.2,0.3,12.3,45.6,78.9,101.325,25.0,0.0,0.0,98.1,1,46.5,6.6,1200.0,1.5,3.5,12,9.81,98.1,1198.4,0.0,1200.0,True,True,True,True,True,True,True,True,True,True,True,True,True,True,True,True,False,False,False,False,False,False,False,False
320884,STATE_PREFLIGHT,12.4,5.0,10.0,45.0,0.0,0.0,9.81,0.1,0.2,0.3,12.3,45.6,78.9,101.325,25.0,0.0,0.0,98.1,1,46.5,6.6,1200.0,1.5,3.5,12,9.81,98.1,1198.4,0.0,1200.0,True,True,True,True,True,True,True,True,True,True,True,True,True,True,True,True,False,False,False,False,False,False,False,False
321386,STATE_PREFLIGHT,12.4,5.0,10.0,45.0,0.0,0.0,9.81,0.1,0.2,0.3,12.3,45.6,78.9,101.325,25.0,0.0,0.0,98.1,1,46.5,6.6,1200.0,1.5,3.5,12,9.81,98.1,1198.4,0.0,1200.0,True,True,True,True,True,True,True,True,True,True,True,True,True,True,True,True,False,False,False,False,False,False,False,False
321888,STATE_PREFLIGHT,12.4,5.0,10.0,45.0,0.0,0.0,9.81,0.1,0.2,0.3,12.3,45.6,78.9,101.325,25.0,0.0,0.0,98.1,1,46.5,6.6,1200.0,1.5,3.5,12,9.81,98.1,1198.4,0.0,1200.0,True,True,True,True,True,True,True,True,True,True,True,True,True,True,True,True,False,False,False,False,False,False,False,False
322389,STATE_PREFLIGHT,12.4,5.0,10.0,45.0,0.0,0.0,9.81,0.1,0.2,0.3,12.3,45.6,78.9,101.325,25.0,0.0,0.0,98.1,1,46.5,6.6,1200.0,1.5,3.5,12,9.81,98.1,1198.4,0.0,1200.0,True,True,True,True,True,True,True,True,True,True,True,True,True,True,True,True,False,False,False,False,False,False,False,False
322891,STATE_PREFLIGHT,12.4,5.0,10.0,45.0,0.0,0.0,9.81,0.1,0.2,0.3,12.3,45.6,78.9,101.325,25.0,0.0,0.0,98.1,1,46.5,6.6,1200.0,1.5,3.5,12,9.81,98.1,1198.4,0.0,1200.0,True,True,True,True,True,True,True,True,True,True,True,True,True,True,True,True,False,False,False,False,False,False,False,False
323393,STATE_PREFLIGHT,12.4,5.0,10.0,45.0,0.0,0.0,9.81,0.1,0.2,0.3,12.3,45.6,78.9,101.325,25.0,0.0,0.0,98.1,1,46.5,6.6,1200.0,1.5,3.5,12,9.81,98.1,1198.4,0.0,1200.0,True,True,True,True,True,True,True,True,True,True,True,True,True,True,True,True,False,False,False,False,False,False,False,False
323894,STATE_PREFLIGHT,12.4,5.0,10.0,45.0,0.0,0.0,9.81,0.1,0.2,0.3,12.3,45.6,78.9,101.325,25.0,0.0,0.0,98.1,1,46.5,6.6,1200.0,1.5,3.5,12,9.81,98.1,1198.4,0.0,1200.0,True,True,True,True,True,True,True,True,True,True,True,True,True,True,True,True,False,False,False,False,False,False,False,False
324396,STATE_PREFLIGHT,12.4,5.0,10.0,45.0,0.0,0.0,9.81,0.1,0.2,0.3,12.3,45.6,78.9,101.325,25.0,0.0,0.0,98.1,1,46.5,6.6,1200.0,1.5,3.5,12,9.81,98.1,1198.4,0.0,1200.0,True,True,True,True,True,True,True,True,True,True,True,True,True,True,True,True,False,False,False,False,False,False,False,False
324898,STATE_PREFLIGHT,12.4,5.0,10.0,45.0,0.0,0.0,9.81,0.1,0.2,0.3,12.3,45.6,78.9,101.325,25.0,0.0,0.0,98.1,1,46.5,6.6,1200.0,1.5,3.5,12,9.81,98.1,1198.4,0.0,1200.0,True,True,True,True,True,True,True,True,True,True,True,True,True,True,True,True,False,False,False,False,False,False,False,False
325399,STATE_PREFLIGHT,12.4,5.0,10.0,45.0,0.0,0.0,9.81,0.1,0.2,0.3,12.3,45.6,78.9,101.325,25.0,0.0,0.0,98.1,1,46.5,6.6,1200.0,1.5,3.5,12,9.81,98.1,1198.4,0.0,1200.0,True,True,True,True,True,True,True,True,True,True,True,True,True,True,True,True,False,False,False,False,False,False,False,False
325901,STATE_PREFLIGHT,12.4,5.0,10.0,45.0,0.0,0.0,9.81,0.1,0.2,0.3,12.3,45.6,78.9,101.325,25.0,0.0,0.0,98.1,1,46.5,6.6,1200.0,1.5,3.5,12,9.81,98.1,1198.4,0.0,1200.0,True,True,True,True,True,True,True,True,True,True,True,True,True,True,True,True,False,False,False,False,False,False,False,False
326403,STATE_PREFLIGHT,12.4,5.0,10.0,45.0,0.0,0.0,9.81,0.1,0.2,0.3,12.3,45.6,78.9,101.325,25.0,0.0,0.0,98.1,1,46.5,6.6,1200.0,1.5,3.5,12,9.81,98.1,1198.4,0.0,1200.0,True,True,True,True,True,True,True,True,True,True,True,True,True,True,True,True,False,False,False,False,False,False,False,False
326904,STATE_PREFLIGHT,12.4,5.0,10.0,45.0,0.0,0.0,9.81,0.1,0.2,0.3,12.3,45.6,78.9,101.325,25.0,0.0,0.0,98.1,1,46.5,6.6,1200.0,1.5,3.5,12,9.81,98.1,1198.4,0.0,1200.0,True,True,True,True,True,True,True,True,True,True,True,True,True,True,True,True,False,False,False,False,False,False,False,False
327406,STATE_PREFLIGHT,12.4,5.0,10.0,45.0,0.0,0.0,9.81,0.1,0.2,0.3,12.3,45.6,78.9,101.325,25.0,0.0,0.0,98.1,1,46.5,6.6,1200.0,1.5,3.5,12,9.81,98.1,1198.4,0.0,1200.0,True,True,True,True,True,True,True,True,True,True,True,True,True,True,True,True,False,False,False,False,False,False,False,False
327908,STATE_PREFLIGHT,12.4,5.0,10.0,45.0,0.0,0.0,9.81,0.1,0.2,0.3,12.3,45.6,78.9,101.325,25.0,0.0,0.0,98.1,1,46.5,6.6,1200.0,1.5,3.5,12,9.81,98.1,1198.4,0.0,1200.0,True,True,True,True,True,True,True,True,True,True,True,True,True,True,True,True,False,False,False,False,False,False,False,False
328409,STATE_PREFLIGHT,12.4,5.0,10.0,45.0,0.0,0.0,9.81,0.1,0.2,0.3,12.3,45.6,78.9,101.325,25.0,0.0,0.0,98.1,1,46.5,6.6,1200.0,1.5,3.5,12,9.81,98.1,1198.4,0.0,1200.0,True,True,True,True,True,True,True,True,True,True,True,True,True,True,True,True,False,False,False,False,False,False,False,False
328911,STATE_PREFLIGHT,12.4,5.0,10.0,45.0,0.0,0.0,9.81,0.1,0.2,0.3,12.3,45.6,78.9,101.325,25.0,0.0,0.0,98.1,1,46.5,6.6,1200.0,1.5,3.5,12,9.81,98.1,1198.4,0.0,1200.0,True,True,True,True,True,True,True,True,True,True,True,True,True,True,True,True,False,False,False,False,False,False,False,False
329412,STATE_PREFLIGHT,12.4,5.0,10.0,45.0,0.0,0.0,9.81,0.1,0.2,0.3,12.3,45.6,78.9,101.325,25.0,0.0,0.0,98.1,1,46.5,6.6,1200.0,1.5,3.5,12,9.81,98.1,1198.4,0.0,1200.0,True,True,True,True,True,True,True,True,True,True,True,True,True,True,True,True,False,False,False,False,False,False,False,False
329914,STATE_PREFLIGHT,12.4,5.0,10.0,45.0,0.0,0.0,9.81,0.1,0.2,0.3,12.3,45.6,78.9,101.325,25.0,0.0,0.0,98.1,1,46.5,6.6,1200.0,1.5,3.5,12,9.81,98.1,1198.4,0.0,1200.0,True,True,True,True,True,True,True,True,True,True,True,True,True,True,True,True,False,False,False,False,False,False,False,False
330416,STATE_PREFLIGHT,12.4,5.0,10.0,45.0,0.0,0.0,9.81,0.1,0.2,0.3,12.3,45.6,78.9,101.325,25.0,0.0,0.0,98.1,1,46.5,6.6,1200.0,1.5,3.5,12,9.81,98.1,1198.4,0.0,1200.0,True,True,True,True,True,True,True,True,True,True,True,True,True,True,True,True,False,False,False,False,False,False,False,False
330919,STATE_PREFLIGHT,12.4,5.0,10.0,45.0,0.0,0.0,9.81,0.1,0.2,0.3,12.3,45.6,78.9,101.325,25.0,0.0,0.0,98.1,1,46.5,6.6,1200.0,1.5,3.5,12,9.81,98.1,1198.4,0.0,1200.0,True,True,True,True,True,True,True,True,True,True,True,True,True,True,True,True,False,False,False,False,False,False,False,False
331421,STATE_PREFLIGHT,12.4,5.0,10.0,45.0,0.0,0.0,9.81,0.1,0.2,0.3,12.3,45.6,78.9,101.325,25.0,0.0,0.0,98.1,1,46.5,6.6,1200.0,1.5,3.5,12,9.81,98.1,1198.4,0.0,1200.0,True,True,True,True,True,True,True,True,True,True,True,True,True,True,True,True,False,False,False,False,False,False,False,False
331923,STATE_PREFLIGHT,12.4,5.0,10.0,45.0,0.0,0.0,9.81,0.1,0.2,0.3,12.3,45.6,78.9,101.325,25.0,0.0,0.0,98.1,1,46.5,6.6,1200.0,1.5,3.5,12,9.81,98.1,1198.4,0.0,1200.0,True,True,True,True,True,True,True,True,True,True,True,True,True,True,True,True,False,False,False,False,False,False,False,False
332425,STATE_PREFLIGHT,12.4,5.0,10.0,45.0,0.0,0.0,9.81,0.1,0.2,0.3,12.3,45.6,78.9,101.325,25.0,0.0,0.0,98.1,1,46.5,6.6,1200.0,1.5,3.5,12,9.81,98.1,1198.4,0.0,1200.0,True,True,True,True,True,True,True,True,True,True,True,True,True,True,True,True,False,False,False,False,False,False,False,False
332927,STATE_PREFLIGHT,12.4,5.0,10.0,45.0,0.0,0.0,9.81,0.1,0.2,0.3,12.3,45.6,78.9,101.325,25.0,0.0,0.0,98.1,1,46.5,6.6,1200.0,1.5,3.5,12,9.81,98.1,1198.4,0.0,1200.0,True,True,True,True,True,True,True,True,True,True,True,True,True,True,True,True,False,False,False,False,False,False,False,False
333430,STATE_PREFLIGHT,12.4,5.0,10.0,45.0,0.0,0.0,9.81,0.1,0.2,0.3,12.3,45.6,78.9,101.325,25.0,0.0,0.0,98.1,1,46.5,6.6,1200.0,1.5,3.5,12,9.81,98.1,1198.4,0.0,1200.0,True,True,True,True,True,True,True,True,True,True,True,True,True,True,True,True,False,False,False,False,False,False,False,False
333932,STATE_PREFLIGHT,12.4,5.0,10.0,45.0,0.0,0.0,9.81,0.1,0.2,0.3,12.3,45.6,78.9,101.325,25.0,0.0,0.0,98.1,1,46.5,6.6,1200.0,1.5,3.5,12,9.81,98.1,1198.4,0.0,1200.0,True,True,True,True,True,True,True,True,True,True,True,True,True,True,True,True,False,False,False,False,False,False,False,False
334433,STATE_PREFLIGHT,12.4,5.0,10.0,45.0,0.0,0.0,9.81,0.1,0.2,0.3,12.3,45.6,78.9,101.325,25.0,0.0,0.0,98.1,1,46.5,6.6,1200.0,1.5,3.5,12,9.81,98.1,1198.4,0.0,1200.0,True,True,True,True,True,True,True,True,True,True,True,True,True,True,True,True,False,False,False,False,False,False,False,False
334936,STATE_PREFLIGHT,12.4,5.0,10.0,45.0,0.0,0.0,9.81,0.1,0.2,0.3,12.3,45.6,78.9,101.325,25.0,0.0,0.0,98.1,1,46.5,6.6,1200.0,1.5,3.5,12,9.81,98.1,1198.4,0.0,1200.0,True,True,True,True,True,True,True,True,True,True,True,True,True,True,True,True,False,False,False,False,False,False,False,False
335437,STATE_PREFLIGHT,12.4,5.0,10.0,45.0,0.0,0.0,9.81,0.1,0.2,0.3,12.3,45.6,78.9,101.325,25.0,0.0,0.0,98.1,1,46.5,6.6,1200.0,1.5,3.5,12,9.81,98.1,1198.4,0.0,1200.0,True,True,True,True,True,True,True,True,True,True,True,True,True,True,True,True,False,False,False,False,False,False,False,False
335940,STATE_PREFLIGHT,12.4,5.0,10.0,45.0,0.0,0.0,9.81,0.1,0.2,0.3,12.3,45.6,78.9,101.325,25.0,0.0,0.0,98.1,1,46.5,6.6,1200.0,1.5,3.5,12,9.81,98.1,1198.4,0.0,1200.0,True,True,True,True,True,True,True,True,True,True,True,True,True,True,True,True,False,False,False,False,False,False,False,False
336441,STATE_PREFLIGHT,12.4,5.0,10.0,45.0,0.0,0.0,9.81,0.1,0.2,0.3,12.3,45.6,78.9,101.325,25.0,0.0,0.0,98.1,1,46.5,6.6,1200.0,1.5,3.5,12,9.81,98.1,1198.4,0.0,1200.0,True,True,True,True,True,True,True,True,True,True,True,True,True,True,True,True,False,False,False,False,False,False,False,False
336944,STATE_PREFLIGHT,12.4,5.0,10.0,45.0,0.0,0.0,9.81,0.1,0.2,0.3,12.3,45.6,78.9,101.325,25.0,0.0,0.0,98.1,1,46.5,6.6,1200.0,1.5,3.5,12,9.81,98.1,1198.4,0.0,1200.0,True,True,True,True,True,True,True,True,True,True,True,True,True,True,True,True,False,False,False,False,False,False,False,False
337445,STATE_PREFLIGHT,12.4,5.0,10.0,45.0,0.0,0.0,9.81,0.1,0.2,0.3,12.3,45.6,78.9,101.325,25.0,0.0,0.0,98.1,1,46.5,6.6,1200.0,1.5,3.5,12,9.81,98.1,1198.4,0.0,1200.0,True,True,True,True,True,True,True,True,True,True,True,True,True,True,True,True,False,False,False,False,False,False,False,False
337947,STATE_PREFLIGHT,12.4,5.0,10.0,45.0,0.0,0.0,9.81,0.1,0.2,0.3,12.3,45.6,78.9,101.325,25.0,0.0,0.0,98.1,1,46.5,6.6,1200.0,1.5,3.5,12,9.81,98.1,1198.4,0.0,1200.0,True,True,True,True,True,True,True,True,True,True,True,True,True,True,True,True,False,False,False,False,False,False,False,False
338449,STATE_PREFLIGHT,12.4,5.0,10.0,45.0,0.0,0.0,9.81,0.1,0.2,0.3,12.3,45.6,78.9,101.325,25.0,0.0,0.0,98.1,1,46.5,6.6,1200.0,1.5,3.5,12,9.81,98.1,1198.4,0.0,1200.0,True,True,True,True,True,True,True,True,True,True,True,True,True,True,True,True,False,False,False,False,False,False,False,False
338951,STATE_PREFLIGHT,12.4,5.0,10.0,45.0,0.0,0.0,9.81,0.1,0.2,0.3,12.3,45.6,78.9,101.325,25.0,0.0,0.0,98.1,1,46.5,6.6,1200.0,1.5,3.5,12,9.81,98.1,1198.4,0.0,1200.0,True,True,True,True,True,True,True,True,True,True,True,True,True,True,True,True,False,False,False,False,False,False,False,False
339452,STATE_PREFLIGHT,12.4,5.0,10.0,45.0,0.0,0.0,9.81,0.1,0.2,0.3,12.3,45.6,78.9,101.325,25.0,0.0,0.0,98.1,1,46.5,6.6,1200.0,1.5,3.5,12,9.81,98.1,1198.4,0.0,1200.0,True,True,True,True,True,True,True,True,True,True,True,True,True,True,True,True,False,False,False,False,False,False,False,False
339955,STATE_PREFLIGHT,12.4,5.0,10.0,45.0,0.0,0.0,9.81,0.1,0.2,0.3,12.3,45.6,78.9,101.325,25.0,0.0,0.0,98.1,1,46.5,6.6,1200.0,1.5,3.5,12,9.81,98.1,1198.4,0.0,1200.0,True,True,True,True,True,True,True,True,True,True,True,True,True,True,True,True,False,False,False,False,False,False,False,False
340457,STATE_PREFLIGHT,12.4,5.0,10.0,45.0,0.0,0.0,9.81,0.1,0.2,0.3,12.3,45.6,78.9,101.325,25.0,0.0,0.0,98.1,1,46.5,6.6,1200.0,1.5,3.5,12,9.81,98.1,1198.4,0.0,1200.0,True,True,True,True,True,True,True,True,True,True,True,True,True,True,True,True,False,False,False,False,False,False,False,False
340958,STATE_PREFLIGHT,12.4,5.0,10.0,45.0,0.0,0.0,9.81,0.1,0.2,0.3,12.3,45.6,78.9,101.325,25.0,0.0,0.0,98.1,1,46.5,6.6,1200.0,1.5,3.5,12,9.81,98.1,1198.4,0.0,1200.0,True,True,True,True,True,True,True,True,True,True,True,True,True,True,True,True,False,False,False,False,False,False,False,False
341460,STATE_PREFLIGHT,12.4,5.0,10.0,45.0,0.0,0.0,9.81,0.1,0.2,0.3,12.3,45.6,78.9,101.325,25.0,0.0,0.0,98.1,1,46.5,6.6,1200.0,1.5,3.5,12,9.81,98.1,1198.4,0.0,1200.0,True,True,True,True,True,True,True,True,True,True,True,True,True,True,True,True,False,False,False,False,False,False,False,False
341961,STATE_PREFLIGHT,12.4,5.0,10.0,45.0,0.0,0.0,9.81,0.1,0.2,0.3,12.3,45.6,78.9,101.325,25.0,0.0,0.0,98.1,1,46.5,6.6,1200.0,1.5,3.5,12,9.81,98.1,1198.4,0.0,1200.0,True,True,True,True,True,True,True,True,True,True,True,True,True,True,True,True,False,False,False,False,False,False,False,False
342464,STATE_PREFLIGHT,12.4,5.0,10.0,45.0,0.0,0.0,9.81,0.1,0.2,0.3,12.3,45.6,78.9,101.325,25.0,0.0,0.0,98.1,1,46.5,6.6,1200.0,1.5,3.5,12,9.81,98.1,1198.4,0.0,1200.0,True,True,True,True,True,True,True,True,True,True,True,True,True,True,True,True,False,False,False,False,False,False,False,False
342965,STATE_PREFLIGHT,12.4,5.0,10.0,45.0,0.0,0.0,9.81,0.1,0.2,0.3,12.3,45.6,78.9,101.325,25.0,0.0,0.0,98.1,1,46.5,6.6,1200.0,1.5,3.5,12,9.81,98.1,1198.4,0.0,1200.0,True,True,True,True,True,True,True,True,True,True,True,True,True,True,True,True,False,False,False,False,False,False,False,False
343468,STATE_PREFLIGHT,12.4,5.0,10.0,45.0,0.0,0.0,9.81,0.1,0.2,0.3,12.3,45.6,78.9,101.325,25.0,0.0,0.0,98.1,1,46.5,6.6,1200.0,1.5,3.5,12,9.81,98.1,1198.4,0.0,1200.0,True,True,True,True,True,True,True,True,True,True,True,True,True,True,True,True,False,False,False,False,False,False,False,False
343969,STATE_PREFLIGHT,12.4,5.0,10.0,45.0,0.0,0.0,9.81,0.1,0.2,0.3,12.3,45.6,78.9,101.325,25.0,0.0,0.0,98.1,1,46.5,6.6,1200.0,1.5,3.5,12,9.81,98.1,1198.4,0.0,1200.0,True,True,True,True,True,True,True,True,True,True,True,True,True,True,True,True,False,False,False,False,False,False,False,False
344472,STATE_PREFLIGHT,12.4,5.0,10.0,45.0,0.0,0.0,9.81,0.1,0.2,0.3,12.3,45.6,78.9,101.325,25.0,0.0,0.0,98.1,1,46.5,6.6,1200.0,1.5,3.5,12,9.81,98.1,1198.4,0.0,1200.0,True,True,True,True,True,True,True,True,True,True,True,True,True,True,True,True,False,False,False,False,False,False,False,False
344973,STATE_PREFLIGHT,12.4,5.0,10.0,45.0,0.0,0.0,9.81,0.1,0.2,0.3,12.3,45.6,78.9,101.325,25.0,0.0,0.0,98.1,1,46.5,6.6,1200.0,1.5,3.5,12,9.81,98.1,1198.4,0.0,1200.0,True,True,True,True,True,True,True,True,True,True,True,True,True,True,True,True,False,False,False,False,False,False,False,False
345476,STATE_PREFLIGHT,12.4,5.0,10.0,45.0,0.0,0.0,9.81,0.1,0.2,0.3,12.3,45.6,78.9,101.325,25.0,0.0,0.0,98.1,1,46.5,6.6,1200.0,1.5,3.5,12,9.81,98.1,1198.4,0.0,1200.0,True,True,True,True,True,True,True,True,True,True,True,True,True,True,True,True,False,False,False,False,False,False,False,False
345978,STATE_PREFLIGHT,12.4,5.0,10.0,45.0,0.0,0.0,9.81,0.1,0.2,0.3,12.3,45.6,78.9,101.325,25.0,0.0,0.0,98.1,1,46.5,6.6,1200.0,1.5,3.5,12,9.81,98.1,1198.4,0.0,1200.0,True,True,True,True,True,True,True,True,True,True,True,True,True,True,True,True,False,False,False,False,False,False,False,False
346480,STATE_PREFLIGHT,12.4,5.0,10.0,45.0,0.0,0.0,9.81,0.1,0.2,0.3,12.3,45.6,78.9,101.325,25.0,0.0,0.0,98.1,1,46.5,6.6,1200.0,1.5,3.5,12,9.81,98.1,1198.4,0.0,1200.0,True,True,True,True,True,True,True,True,True,True,True,True,True,True,True,True,False,False,False,False,False,False,False,False
346981,STATE_PREFLIGHT,12.4,5.0,10.0,45.0,0.0,0.0,9.81,0.1,0.2,0.3,12.3,45.6,78.9,101.325,25.0,0.0,0.0,98.1,1,46.5,6.6,1200.0,1.5,3.5,12,9.81,98.1,1198.4,0.0,1200.0,True,True,True,True,True,True,True,True,True,True,True,True,True,True,True,True,False,False,False,False,False,False,False,False
347483,STATE_PREFLIGHT,12.4,5.0,10.0,45.0,0.0,0.0,9.81,0.1,0.2,0.3,12.3,45.6,78.9,101.325,25.0,0.0,0.0,98.1,1,46.5,6.6,1200.0,1.5,3.5,12,9.81,98.1,1198.4,0.0,1200.0,True,True,True,True,True,True,True,True,True,True,True,True,True,True,True,True,False,False,False,False,False,False,False,False
347984,STATE_PREFLIGHT,12.4,5.0,10.0,45.0,0.0,0.0,9.81,0.1,0.2,0.3,12.3,45.6,78.9,101.325,25.0,0.0,0.0,98.1,1,46.5,6.6,1200.0,1.5,3.5,12,9.81,98.1,1198.4,0.0,1200.0,True,True,True,True,True,True,True,True,True,True,True,True,True,True,True,True,False,False,False,False,False,False,False,False
348486,STATE_PREFLIGHT,12.4,5.0,10.0,45.0,0.0,0.0,9.81,0.1,0.2,0.3,12.3,45.6,78.9,101.325,25.0,0.0,0.0,98.1,1,46.5,6.6,1200.0,1.5,3.5,12,9.81,98.1,1198.4,0.0,1200.0,True,True,True,True,True,True,True,True,True,True,True,True,True,True,True,True,False,False,False,False,False,False,False,False
348987,STATE_PREFLIGHT,12.4,5.0,10.0,45.0,0.0,0.0,9.81,0.1,0.2,0.3,12.3,45.6,78.9,101.325,25.0,0.0,0.0,98.1,1,46.5,6.6,1200.0,1.5,3.5,12,9.81,98.1,1198.4,0.0,1200.0,True,True,True,True,True,True,True,True,True,True,True,True,True,True,True,True,False,False,False,False,False,False,False,False
349489,STATE_PREFLIGHT,12.4,5.0,10.0,45.0,0.0,0.0,9.81,0.1,0.2,0.3,12.3,45.6,78.9,101.325,25.0,0.0,0.0,98.1,1,46.5,6.6,1200.0,1.5,3.5,12,9.81,98.1,1198.4,0.0,1200.0,True,True,True,True,True,True,True,True,True,True,True,True,True,True,True,True,False,False,False,False,False,False,False,False
349991,STATE_PREFLIGHT,12.4,5.0,10.0,45.0,0.0,0.0,9.81,0.1,0.2,0.3,12.3,45.6,78.9,101.325,25.0,0.0,0.0,98.1,1,46.5,6.6,1200.0,1.5,3.5,12,9.81,98.1,1198.4,0.0,1200.0,True,True,True,True,True,True,True,True,True,True,True,True,True,True,True,True,False,False,False,False,False,False,False,False
350492,STATE_PREFLIGHT,12.4,5.0,10.0,45.0,0.0,0.0,9.81,0.1,0.2,0.3,12.3,45.6,78.9,101.325,25.0,0.0,0.0,98.1,1,46.5,6.6,1200.0,1.5,3.5,12,9.81,98.1,1198.4,0.0,1200.0,True,True,True,True,True,True,True,True,True,True,True,True,True,True,True,True,False,False,False,False,False,False,False,False
350994,STATE_PREFLIGHT,12.4,5.0,10.0,45.0,0.0,0.0,9.81,0.1,0.2,0.3,12.3,45.6,78.9,101.325,25.0,0.0,0.0,98.1,1,46.5,6.6,1200.0,1.5,3.5,12,9.81,98.1,1198.4,0.0,1200.0,True,True,True,True,True,True,True,True,True,True,True,True,True,True,True,True,False,False,False,False,False,False,False,False
351496,STATE_PREFLIGHT,12.4,5.0,10.0,45.0,0.0,0.0,9.81,0.1,0.2,0.3,12.3,45.6,78.9,101.325,25.0,0.0,0.0,98.1,1,46.5,6.6,1200.0,1.5,3.5,12,9.81,98.1,1198.4,0.0,1200.0,True,True,True,True,True,True,True,True,True,True,True,True,True,True,True,True,False,False,False,False,False,False,False,False
351997,STATE_PREFLIGHT,12.4,5.0,10.0,45.0,0.0,0.0,9.81,0.1,0.2,0.3,12.3,45.6,78.9,101.325,25.0,0.0,0.0,98.1,1,46.5,6.6,1200.0,1.5,3.5,12,9.81,98.1,1198.4,0.0,1200.0,True,True,True,True,True,True,True,True,True,True,True,True,True,True,True,True,False,False,False,False,False,False,False,False
352499,STATE_PREFLIGHT,12.4,5.0,10.0,45.0,0.0,0.0,9.81,0.1,0.2,0.3,12.3,45.6,78.9,101.325,25.0,0.0,0.0,98.1,1,46.5,6.6,1200.0,1.5,3.5,12,9.81,98.1,1198.4,0.0,1200.0,True,True,True,True,True,True,True,True,True,True,True,True,True,True,True,True,False,False,False,False,False,False,False,False
353001,STATE_PREFLIGHT,12.4,5.0,10.0,45.0,0.0,0.0,9.81,0.1,0.2,0.3,12.3,45.6,78.9,101.325,25.0,0.0,0.0,98.1,1,46.5,6.6,1200.0,1.5,3.5,12,9.81,98.1,1198.4,0.0,1200.0,True,True,True,True,True,True,True,True,True,True,True,True,True,True,True,True,False,False,False,False,False,False,False,False
353503,STATE_PREFLIGHT,12.4,5.0,10.0,45.0,0.0,0.0,9.81,0.1,0.2,0.3,12.3,45.6,78.9,101.325,25.0,0.0,0.0,98.1,1,46.5,6.6,1200.0,1.5,3.5,12,9.81,98.1,1198.4,0.0,1200.0,True,True,True,True,True,True,True,True,True,True,True,True,True,True,True,True,False,False,False,False,False,False,False,False
354005,STATE_PREFLIGHT,12.4,5.0,10.0,45.0,0.0,0.0,9.81,0.1,0.2,0.3,12.3,45.6,78.9,101.325,25.0,0.0,0.0,98.1,1,46.5,6.6,1200.0,1.5,3.5,12,9.81,98.1,1198.4,0.0,1200.0,True,True,True,True,True,True,True,True,True,True,True,True,True,True,True,True,False,False,False,False,False,False,False,False
354508,STATE_PREFLIGHT,12.4,5.0,10.0,45.0,0.0,0.0,9.81,0.1,0.2,0.3,12.3,45.6,78.9,101.325,25.0,0.0,0.0,98.1,1,46.5,6.6,1200.0,1.5,3.5,12,9.81,98.1,1198.4,0.0,1200.0,True,True,True,True,True,True,True,True,True,True,True,True,True,True,True,True,False,False,False,False,False,False,False,False
355010,STATE_PREFLIGHT,12.4,5.0,10.0,45.0,0.0,0.0,9.81,0.1,0.2,0.3,12.3,45.6,78.9,101.325,25.0,0.0,0.0,98.1,1,46.5,6.6,1200.0,1.5,3.5,12,9.81,98.1,1198.4,0.0,1200.0,True,True,True,True,True,True,True,True,True,True,True,True,True,True,True,True,False,False,False,False,False,False,False,False
355512,STATE_PREFLIGHT,12.4,5.0,10.0,45.0,0.0,0.0,9.81,0.1,0.2,0.3,12.3,45.6,78.9,101.325,25.0,0.0,0.0,98.1,1,46.5,6.6,1200.0,1.5,3.5,12,9.81,98.1,1198.4,0.0,1200.0,True,True,True,True,True,True,True,True,True,True,True,True,True,True,True,True,False,False,False,False,False,False,False,False
356014,STATE_PREFLIGHT,12.4,5.0,10.0,45.0,0.0,0.0,9.81,0.1,0.2,0.3,12.3,45.6,78.9,101.325,25.0,0.0,0.0,98.1,1,46.5,6.6,1200.0,1.5,3.5,12,9.81,98.1,1198.4,0.0,1200.0,True,True,True,True,True,True,True,True,True,True,True,True,True,True,True,True,False,False,False,False,False,False,False,False
356516,STATE_PREFLIGHT,12.4,5.0,10.0,45.0,0.0,0.0,9.81,0.1,0.2,0.3,12.3,45.6,78.9,101.325,25.0,0.0,0.0,98.1,1,46.5,6.6,1200.0,1.5,3.5,12,9.81,98.1,1198.4,0.0,1200.0,True,True,True,True,True,True,True,True,True,True,True,True,True,True,True,True,False,False,False,False,False,False,False,False
357019,STATE_PREFLIGHT,12.4,5.0,10.0,45.0,0.0,0.0,9.81,0.1,0.2,0.3,12.3,45.6,78.9,101.325,25.0,0.0,0.0,98.1,1,46.5,6.6,1200.0,1.5,3.5,12,9.81,98.1,1198.4,0.0,1200.0,True,True,True,True,True,True,True,True,True,True,True,True,True,True,True,True,False,False,False,False,False,False,False,False
357522,STATE_PREFLIGHT,12.4,5.0,10.0,45.0,0.0,0.0,9.81,0.1,0.2,0.3,12.3,45.6,78.9,101.325,25.0,0.0,0.0,98.1,1,46.5,6.6,1200.0,1.5,3.5,12,9.81,98.1,1198.4,0.0,1200.0,True,True,True,True,True,True,True,True,True,True,True,True,True,True,True,True,False,False,False,False,False,False,False,False
358024,STATE_PREFLIGHT,12.4,5.0,10.0,45.0,0.0,0.0,9.81,0.1,0.2,0.3,12.3,45.6,78.9,101.325,25.0,0.0,0.0,98.1,1,46.5,6.6,1200.0,1.5,3.5,12,9.81,98.1,1198.4,0.0,1200.0,True,True,True,True,True,True,True,True,True,True,True,True,True,True,True,True,False,False,False,False,False,False,False,False
358528,STATE_PREFLIGHT,12.4,5.0,10.0,45.0,0.0,0.0,9.81,0.1,0.2,0.3,12.3,45.6,78.9,101.325,25.0,0.0,0.0,98.1,1,46.5,6.6,1200.0,1.5,3.5,12,9.81,98.1,1198.4,0.0,1200.0,True,True,True,True,True,True,True,True,True,True,True,True,True,True,True,True,False,False,False,False,False,False,False,False
359029,STATE_PREFLIGHT,12.4,5.0,10.0,45.0,0.0,0.0,9.81,0.1,0.2,0.3,12.3,45.6,78.9,101.325,25.0,0.0,0.0,98.1,1,46.5,6.6,1200.0,1.5,3.5,12,9.81,98.1,1198.4,0.0,1200.0,True,True,True,True,True,True,True,True,True,True,True,True,True,True,True,True,False,False,False,False,False,False,False,False
359532,STATE_PREFLIGHT,12.4,5.0,10.0,45.0,0.0,0.0,9.81,0.1,0.2,0.3,12.3,45.6,78.9,101.325,25.0,0.0,0.0,98.1,1,46.5,6.6,1200.0,1.5,3.5,12,9.81,98.1,1198.4,0.0,1200.0,True,True,True,True,True,True,True,True,True,True,True,True,True,True,True,True,False,False,False,False,False,False,False,False
360034,STATE_PREFLIGHT,12.4,5.0,10.0,45.0,0.0,0.0,9.81,0.1,0.2,0.3,12.3,45.6,78.9,101.325,25.0,0.0,0.0,98.1,1,46.5,6.6,1200.0,1.5,3.5,12,9.81,98.1,1198.4,0.0,1200.0,True,True,True,True,True,True,True,True,True,True,True,True,True,True,True,True,False,False,False,False,False,False,False,False
360536,STATE_PREFLIGHT,12.4,5.0,10.0,45.0,0.0,0.0,9.81,0.1,0.2,0.3,12.3,45.6,78.9,101.325,25.0,0.0,0.0,98.1,1,46.5,6.6,1200.0,1.5,3.5,12,9.81,98.1,1198.4,0.0,1200.0,True,True,True,True,True,True,True,True,True,True,True,True,True,True,True,True,False,False,False,False,False,False,False,False
361038,STATE_PREFLIGHT,12.4,5.0,10.0,45.0,0.0,0.0,9.81,0.1,0.2,0.3,12.3,45.6,78.9,101.325,25.0,0.0,0.0,98.1,1,46.5,6.6,1200.0,1.5,3.5,12,9.81,98.1,1198.4,0.0,1200.0,True,True,True,True,True,True,True,True,True,True,True,True,True,True,True,True,False,False,False,False,False,False,False,False
361540,STATE_PREFLIGHT,12.4,5.0,10.0,45.0,0.0,0.0,9.81,0.1,0.2,0.3,12.3,45.6,78.9,101.325,25.0,0.0,0.0,98.1,1,46.5,6.6,1200.0,1.5,3.5,12,9.81,98.1,1198.4,0.0,1200.0,True,True,True,True,True,True,True,True,True,True,True,True,True,True,True,True,False,False,False,False,False,False,False,False
362042,STATE_PREFLIGHT,12.4,5.0,10.0,45.0,0.0,0.0,9.81,0.1,0.2,0.3,12.3,45.6,78.9,101.325,25.0,0.0,0.0,98.1,1,46.5,6.6,1200.0,1.5,3.5,12,9.81,98.1,1198.4,0.0,1200.0,True,True,True,True,True,True,True,True,True,True,True,True,True,True,True,True,False,False,False,False,False,False,False,False
362544,STATE_PREFLIGHT,12.4,5.0,10.0,45.0,0.0,0.0,9.81,0.1,0.2,0.3,12.3,45.6,78.9,101.325,25.0,0.0,0.0,98.1,1,46.5,6.6,1200.0,1.5,3.5,12,9.81,98.1,1198.4,0.0,1200.0,True,True,True,True,True,True,True,True,True,True,True,True,True,True,True,True,False,False,False,False,False,False,False,False
363046,STATE_PREFLIGHT,12.4,5.0,10.0,45.0,0.0,0.0,9.81,0.1,0.2,0.3,12.3,45.6,78.9,101.325,25.0,0.0,0.0,98.1,1,46.5,6.6,1200.0,1.5,3.5,12,9.81,98.1,1198.4,0.0,1200.0,True,True,True,True,True,True,True,True,True,True,True,True,True,True,True,True,False,False,False,False,False,False,False,False
363549,STATE_PREFLIGHT,12.4,5.0,10.0,45.0,0.0,0.0,9.81,0.1,0.2,0.3,12.3,45.6,78.9,101.325,25.0,0.0,0.0,98.1,1,46.5,6.6,1200.0,1.5,3.5,12,9.81,98.1,1198.4,0.0,1200.0,True,True,True,True,True,True,True,True,True,True,True,True,True,True,True,True,False,False,False,False,False,False,False,False
364051,STATE_PREFLIGHT,12.4,5.0,10.0,45.0,0.0,0.0,9.81,0.1,0.2,0.3,12.3,45.6,78.9,101.325,25.0,0.0,0.0,98.1,1,46.5,6.6,1200.0,1.5,3.5,12,9.81,98.1,1198.4,0.0,1200.0,True,True,True,True,True,True,True,True,True,True,True,True,True,True,True,True,False,False,False,False,False,False,False,False
364554,STATE_PREFLIGHT,12.4,5.0,10.0,45.0,0.0,0.0,9.81,0.1,0.2,0.3,12.3,45.6,78.9,101.325,25.0,0.0,0.0,98.1,1,46.5,6.6,1200.0,1.5,3.5,12,9.81,98.1,1198.4,0.0,1200.0,True,True,True,True,True,True,True,True,True,True,True,True,True,True,True,True,False,False,False,False,False,False,False,False
365056,STATE_PREFLIGHT,12.4,5.0,10.0,45.0,0.0,0.0,9.81,0.1,0.2,0.3,12.3,45.6,78.9,101.325,25.0,0.0,0.0,98.1,1,46.5,6.6,1200.0,1.5,3.5,12,9.81,98.1,1198.4,0.0,1200.0,True,True,True,True,True,True,True,True,True,True,True,True,True,True,True,True,False,False,False,False,False,False,False,False
365559,STATE_PREFLIGHT,12.4,5.0,10.0,45.0,0.0,0.0,9.81,0.1,0.2,0.3,12.3,45.6,78.9,101.325,25.0,0.0,0.0,98.1,1,46.5,6.6,1200.0,1.5,3.5,12,9.81,98.1,1198.4,0.0,1200.0,True,True,True,True,True,True,True,True,True,True,True,True,True,True,True,True,False,False,False,False,False,False,False,False
366061,STATE_PREFLIGHT,12.4,5.0,10.0,45.0,0.0,0.0,9.81,0.1,0.2,0.3,12.3,45.6,78.9,101.325,25.0,0.0,0.0,98.1,1,46.5,6.6,1200.0,1.5,3.5,12,9.81,98.1,1198.4,0.0,1200.0,True,True,True,True,True,True,True,True,True,True,True,True,True,True,True,True,False,False,False,False,False,False,False,False
366563,STATE_PREFLIGHT,12.4,5.0,10.0,45.0,0.0,0.0,9.81,0.1,0.2,0.3,12.3,45.6,78.9,101.325,25.0,0.0,0.0,98.1,1,46.5,6.6,1200.0,1.5,3.5,12,9.81,98.1,1198.4,0.0,1200.0,True,True,True,True,True,True,True,True,True,True,True,True,True,True,True,True,False,False,False,False,False,False,False,False
367066,STATE_PREFLIGHT,12.4,5.0,10.0,45.0,0.0,0.0,9.81,0.1,0.2,0.3,12.3,45.6,78.9,101.325,25.0,0.0,0.0,98.1,1,46.5,6.6,1200.0,1.5,3.5,12,9.81,98.1,1198.4,0.0,1200.0,True,True,True,True,True,True,True,True,True,True,True,True,True,True,True,True,False,False,False,False,False,False,False,False
367568,STATE_PREFLIGHT,12.4,5.0,10.0,45.0,0.0,0.0,9.81,0.1,0.2,0.3,12.3,45.6,78.9,101.325,25.0,0.0,0.0,98.1,1,46.5,6.6,1200.0,1.5,3.5,12,9.81,98.1,1198.4,0.0,1200.0,True,True,True,True,True,True,True,True,True,True,True,True,True,True,True,True,False,False,False,False,False,False,False,False
368071,STATE_PREFLIGHT,12.4,5.0,10.0,45.0,0.0,0.0,9.81,0.1,0.2,0.3,12.3,45.6,78.9,101.325,25.0,0.0,0.0,98.1,1,46.5,6.6,1200.0,1.5,3.5,12,9.81,98.1,1198.4,0.0,1200.0,True,True,True,True,True,True,True,True,True,True,True,True,True,True,True,True,False,False,False,False,False,False,False,False
368572,STATE_PREFLIGHT,12.4,5.0,10.0,45.0,0.0,0.0,9.81,0.1,0.2,0.3,12.3,45.6,78.9,101.325,25.0,0.0,0.0,98.1,1,46.5,6.6,1200.0,1.5,3.5,12,9.81,98.1,1198.4,0.0,1200.0,True,True,True,True,True,True,True,True,True,True,True,True,True,True,True,True,False,False,False,False,False,False,False,False
369074,STATE_PREFLIGHT,12.4,5.0,10.0,45.0,0.0,0.0,9.81,0.1,0.2,0.3,12.3,45.6,78.9,101.325,25.0,0.0,0.0,98.1,1,46.5,6.6,1200.0,1.5,3.5,12,9.81,98.1,1198.4,0.0,1200.0,True,True,True,True,True,True,True,True,True,True,True,True,True,True,True,True,False,False,False,False,False,False,False,False
369576,STATE_PREFLIGHT,12.4,5.0,10.0,45.0,0.0,0.0,9.81,0.1,0.2,0.3,12.3,45.6,78.9,101.325,25.0,0.0,0.0,98.1,1,46.5,6.6,1200.0,1.5,3.5,12,9.81,98.1,1198.4,0.0,1200.0,True,True,True,True,True,True,True,True,True,True,True,True,True,True,True,True,False,False,False,False,False,False,False,False
370077,STATE_PREFLIGHT,12.4,5.0,10.0,45.0,0.0,0.0,9.81,0.1,0.2,0.3,12.3,45.6,78.9,101.325,25.0,0.0,0.0,98.1,1,46.5,6.6,1200.0,1.5,3.5,12,9.81,98.1,1198.4,0.0,1200.0,True,True,True,True,True,True,True,True,True,True,True,True,True,True,True,True,False,False,False,False,False,False,False,False
370579,STATE_PREFLIGHT,12.4,5.0,10.0,45.0,0.0,0.0,9.81,0.1,0.2,0.3,12.3,45.6,78.9,101.325,25.0,0.0,0.0,98.1,1,46.5,6.6,1200.0,1.5,3.5,12,9.81,98.1,1198.4,0.0,1200.0,True,True,True,True,True,True,True,True,True,True,True,True,True,True,True,True,False,False,False,False,False,False,False,False
371080,STATE_PREFLIGHT,12.4,5.0,10.0,45.0,0.0,0.0,9.81,0.1,0.2,0.3,12.3,45.6,78.9,101.325,25.0,0.0,0.0,98.1,1,46.5,6.6,1200.0,1.5,3.5,12,9.81,98.1,1198.4,0.0,1200.0,True,True,True,True,True,True,True,True,True,True,True,True,True,True,True,True,False,False,False,False,False,False,False,False
371582,STATE_PREFLIGHT,12.4,5.0,10.0,45.0,0.0,0.0,9.81,0.1,0.2,0.3,12.3,45.6,78.9,101.325,25.0,0.0,0.0,98.1,1,46.5,6.6,1200.0,1.5,3.5,12,9.81,98.1,1198.4,0.0,1200.0,True,True,True,True,True,True,True,True,True,True,True,True,True,True,True,True,False,False,False,False,False,False,False,False
372084,STATE_PREFLIGHT,12.4,5.0,10.0,45.0,0.0,0.0,9.81,0.1,0.2,0.3,12.3,45.6,78.9,101.325,25.0,0.0,0.0,98.1,1,46.5,6.6,1200.0,1.5,3.5,12,9.81,98.1,1198.4,0.0,1200.0,True,True,True,True,True,True,True,True,True,True,True,True,True,True,True,True,False,False,False,False,False,False,False,False
372585,STATE_PREFLIGHT,12.4,5.0,10.0,45.0,0.0,0.0,9.81,0.1,0.2,0.3,12.3,45.6,78.9,101.325,25.0,0.0,0.0,98.1,1,46.5,6.6,1200.0,1.5,3.5,12,9.81,98.1,1198.4,0.0,1200.0,True,True,True,True,True,True,True,True,True,True,True,True,True,True,True,True,False,False,False,False,False,False,False,False
373087,STATE_PREFLIGHT,12.4,5.0,10.0,45.0,0.0,0.0,9.81,0.1,0.2,0.3,12.3,45.6,78.9,101.325,25.0,0.0,0.0,98.1,1,46.5,6.6,1200.0,1.5,3.5,12,9.81,98.1,1198.4,0.0,1200.0,True,True,True,True,True,True,True,True,True,True,True,True,True,True,True,True,False,False,False,False,False,False,False,False
373588,STATE_PREFLIGHT,12.4,5.0,10.0,45.0,0.0,0.0,9.81,0.1,0.2,0.3,12.3,45.6,78.9,101.325,25.0,0.0,0.0,98.1,1,46.5,6.6,1200.0,1.5,3.5,12,9.81,98.1,1198.4,0.0,1200.0,True,True,True,True,True,True,True,True,True,True,True,True,True,True,True,True,False,False,False,False,False,False,False,False
374090,STATE_PREFLIGHT,12.4,5.0,10.0,45.0,0.0,0.0,9.81,0.1,0.2,0.3,12.3,45.6,78.9,101.325,25.0,0.0,0.0,98.1,1,46.5,6.6,1200.0,1.5,3.5,12,9.81,98.1,1198.4,0.0,1200.0,True,True,True,True,True,True,True,True,True,True,True,True,True,True,True,True,False,False,False,False,False,False,False,False
374592,STATE_PREFLIGHT,12.4,5.0,10.0,45.0,0.0,0.0,9.81,0.1,0.2,0.3,12.3,45.6,78.9,101.325,25.0,0.0,0.0,98.1,1,46.5,6.6,1200.0,1.5,3.5,12,9.81,98.1,1198.4,0.0,1200.0,True,True,True,True,True,True,True,True,True,True,True,True,True,True,True,True,False,False,False,False,False,False,False,False
375093,STATE_PREFLIGHT,12.4,5.0,10.0,45.0,0.0,0.0,9.81,0.1,0.2,0.3,12.3,45.6,78.9,101.325,25.0,0.0,0.0,98.1,1,46.5,6.6,1200.0,1.5,3.5,12,9.81,98.1,1198.4,0.0,1200.0,True,True,True,True,True,True,True,True,True,True,True,True,True,True,True,True,False,False,False,False,False,False,False,False
375595,STATE_PREFLIGHT,12.4,5.0,10.0,45.0,0.0,0.0,9.81,0.1,0.2,0.3,12.3,45.6,78.9,101.325,25.0,0.0,0.0,98.1,1,46.5,6.6,1200.0,1.5,3.5,12,9.81,98.1,1198.4,0.0,1200.0,True,True,True,True,True,True,True,True,True,True,True,True,True,True,True,True,False,False,False,False,False,False,False,False
376099,STATE_PREFLIGHT,12.4,5.0,10.0,45.0,0.0,0.0,9.81,0.1,0.2,0.3,12.3,45.6,78.9,101.325,25.0,0.0,0.0,98.1,1,46.5,6.6,1200.0,1.5,3.5,12,9.81,98.1,1198.4,0.0,1200.0,True,True,True,True,True,True,True,True,True,True,True,True,True,True,True,True,False,False,False,False,False,False,False,False
376600,STATE_PREFLIGHT,12.4,5.0,10.0,45.0,0.0,0.0,9.81,0.1,0.2,0.3,12.3,45.6,78.9,101.325,25.0,0.0,0.0,98.1,1,46.5,6.6,1200.0,1.5,3.5,12,9.81,98.1,1198.4,0.0,1200.0,True,True,True,True,True,True,True,True,True,True,True,True,True,True,True,True,False,False,False,False,False,False,False,False
377102,STATE_PREFLIGHT,12.4,5.0,10.0,45.0,0.0,0.0,9.81,0.1,0.2,0.3,12.3,45.6,78.9,101.325,25.0,0.0,0.0,98.1,1,46.5,6.6,1200.0,1.5,3.5,12,9.81,98.1,1198.4,0.0,1200.0,True,True,True,True,True,True,True,True,True,True,True,True,True,True,True,True,False,False,False,False,False,False,False,False
377604,STATE_PREFLIGHT,12.4,5.0,10.0,45.0,0.0,0.0,9.81,0.1,0.2,0.3,12.3,45.6,78.9,101.325,25.0,0.0,0.0,98.1,1,46.5,6.6,1200.0,1.5,3.5,12,9.81,98.1,1198.4,0.0,1200.0,True,True,True,True,True,True,True,True,True,True,True,True,True,True,True,True,False,False,False,False,False,False,False,False
378106,STATE_PREFLIGHT,12.4,5.0,10.0,45.0,0.0,0.0,9.81,0.1,0.2,0.3,12.3,45.6,78.9,101.325,25.0,0.0,0.0,98.1,1,46.5,6.6,1200.0,1.5,3.5,12,9.81,98.1,1198.4,0.0,1200.0,True,True,True,True,True,True,True,True,True,True,True,True,True,True,True,True,False,False,False,False,False,False,False,False
378608,STATE_PREFLIGHT,12.4,5.0,10.0,45.0,0.0,0.0,9.81,0.1,0.2,0.3,12.3,45.6,78.9,101.325,25.0,0.0,0.0,98.1,1,46.5,6.6,1200.0,1.5,3.5,12,9.81,98.1,1198.4,0.0,1200.0,True,True,True,True,True,True,True,True,True,True,True,True,True,True,True,True,False,False,False,False,False,False,False,False
379110,STATE_PREFLIGHT,12.4,5.0,10.0,45.0,0.0,0.0,9.81,0.1,0.2,0.3,12.3,45.6,78.9,101.325,25.0,0.0,0.0,98.1,1,46.5,6.6,1200.0,1.5,3.5,12,9.81,98.1,1198.4,0.0,1200.0,True,True,True,True,True,True,True,True,True,True,True,True,True,True,True,True,False,False,False,False,False,False,False,False
379612,STATE_PREFLIGHT,12.4,5.0,10.0,45.0,0.0,0.0,9.81,0.1,0.2,0.3,12.3,45.6,78.9,101.325,25.0,0.0,0.0,98.1,1,46.5,6.6,1200.0,1.5,3.5,12,9.81,98.1,1198.4,0.0,1200.0,True,True,True,True,True,True,True,True,True,True,True,True,True,True,True,True,False,False,False,False,False,False,False,False
380114,STATE_PREFLIGHT,12.4,5.0,10.0,45.0,0.0,0.0,9.81,0.1,0.2,0.3,12.3,45.6,78.9,101.325,25.0,0.0,0.0,98.1,1,46.5,6.6,1200.0,1.5,3.5,12,9.81,98.1,1198.4,0.0,1200.0,True,True,True,True,True,True,True,True,True,True,True,True,True,True,True,True,False,False,False,False,False,False,False,False
380616,STATE_PREFLIGHT,12.4,5.0,10.0,45.0,0.0,0.0,9.81,0.1,0.2,0.3,12.3,45.6,78.9,101.325,25.0,0.0,0.0,98.1,1,46.5,6.6,1200.0,1.5,3.5,12,9.81,98.1,1198.4,0.0,1200.0,True,True,True,True,True,True,True,True,True,True,True,True,True,True,True,True,False,False,False,False,False,False,False,False
381119,STATE_PREFLIGHT,12.4,5.0,10.0,45.0,0.0,0.0,9.81,0.1,0.2,0.3,12.3,45.6,78.9,101.325,25.0,0.0,0.0,98.1,1,46.5,6.6,1200.0,1.5,3.5,12,9.81,98.1,1198.4,0.0,1200.0,True,True,True,True,True,True,True,True,True,True,True,True,True,True,True,True,False,False,False,False,False,False,False,False
381621,STATE_PREFLIGHT,12.4,5.0,10.0,45.0,0.0,0.0,9.81,0.1,0.2,0.3,12.3,45.6,78.9,101.325,25.0,0.0,0.0,98.1,1,46.5,6.6,1200.0,1.5,3.5,12,9.81,98.1,1198.4,0.0,1200.0,True,True,True,True,True,True,True,True,True,True,True,True,True,True,True,True,False,False,False,False,False,False,False,False
382123,STATE_PREFLIGHT,12.4,5.0,10.0,45.0,0.0,0.0,9.81,0.1,0.2,0.3,12.3,45.6,78.9,101.325,25.0,0.0,0.0,98.1,1,46.5,6.6,1200.0,1.5,3.5,12,9.81,98.1,1198.4,0.0,1200.0,True,True,True,True,True,True,True,True,True,True,True,True,True,True,True,True,False,False,False,False,False,False,False,False
382625,STATE_PREFLIGHT,12.4,5.0,10.0,45.0,0.0,0.0,9.81,0.1,0.2,0.3,12.3,45.6,78.9,101.325,25.0,0.0,0.0,98.1,1,46.5,6.6,1200.0,1.5,3.5,12,9.81,98.1,1198.4,0.0,1200.0,True,True,True,True,True,True,True,True,True,True,True,True,True,True,True,True,False,False,False,False,False,False,False,False
383128,STATE_PREFLIGHT,12.4,5.0,10.0,45.0,0.0,0.0,9.81,0.1,0.2,0.3,12.3,45.6,78.9,101.325,25.0,0.0,0.0,98.1,1,46.5,6.6,1200.0,1.5,3.5,12,9.81,98.1,1198.4,0.0,1200.0,True,True,True,True,True,True,True,True,True,True,True,True,True,True,True,True,False,False,False,False,False,False,False,False
383632,STATE_PREFLIGHT,12.4,5.0,10.0,45.0,0.0,0.0,9.81,0.1,0.2,0.3,12.3,45.6,78.9,101.325,25.0,0.0,0.0,98.1,1,46.5,6.6,1200.0,1.5,3.5,12,9.81,98.1,1198.4,0.0,1200.0,True,True,True,True,True,True,True,True,True,True,True,True,True,True,True,True,False,False,False,False,False,False,False,False
384135,STATE_PREFLIGHT,12.4,5.0,10.0,45.0,0.0,0.0,9.81,0.1,0.2,0.3,12.3,45.6,78.9,101.325,25.0,0.0,0.0,98.1,1,46.5,6.6,1200.0,1.5,3.5,12,9.81,98.1,1198.4,0.0,1200.0,True,True,True,True,True,True,True,True,True,True,True,True,True,True,True,True,False,False,False,False,False,False,False,False
384636,STATE_PREFLIGHT,12.4,5.0,10.0,45.0,0.0,0.0,9.81,0.1,0.2,0.3,12.3,45.6,78.9,101.325,25.0,0.0,0.0,98.1,1,46.5,6.6,1200.0,1.5,3.5,12,9.81,98.1,1198.4,0.0,1200.0,True,True,True,True,True,True,True,True,True,True,True,True,True,True,True,True,False,False,False,False,False,False,False,False
385139,STATE_PREFLIGHT,12.4,5.0,10.0,45.0,0.0,0.0,9.81,0.1,0.2,0.3,12.3,45.6,78.9,101.325,25.0,0.0,0.0,98.1,1,46.5,6.6,1200.0,1.5,3.5,12,9.81,98.1,1198.4,0.0,1200.0,True,True,True,True,True,True,True,True,True,True,True,True,True,True,True,True,False,False,False,False,False,False,False,False
385640,STATE_PREFLIGHT,12.4,5.0,10.0,45.0,0.0,0.0,9.81,0.1,0.2,0.3,12.3,45.6,78.9,101.325,25.0,0.0,0.0,98.1,1,46.5,6.6,1200.0,1.5,3.5,12,9.81,98.1,1198.4,0.0,1200.0,True,True,True,True,True,True,True,True,True,True,True,True,True,True,True,True,False,False,False,False,False,False,False,False
386142,STATE_PREFLIGHT,12.4,5.0,10.0,45.0,0.0,0.0,9.81,0.1,0.2,0.3,12.3,45.6,78.9,101.325,25.0,0.0,0.0,98.1,1,46.5,6.6,1200.0,1.5,3.5,12,9.81,98.1,1198.4,0.0,1200.0,True,True,True,True,True,True,True,True,True,True,True,True,True,True,True,True,False,False,False,False,False,False,False,False
386643,STATE_PREFLIGHT,12.4,5.0,10.0,45.0,0.0,0.0,9.81,0.1,0.2,0.3,12.3,45.6,78.9,101.325,25.0,0.0,0.0,98.1,1,46.5,6.6,1200.0,1.5,3.5,12,9.81,98.1,1198.4,0.0,1200.0,True,True,True,True,True,True,True,True,True,True,True,True,True,True,True,True,False,False,False,False,False,False,False,False
387145,STATE_PREFLIGHT,12.4,5.0,10.0,45.0,0.0,0.0,9.81,0.1,0.2,0.3,12.3,45.6,78.9,101.325,25.0,0.0,0.0,98.1,1,46.5,6.6,1200.0,1.5,3.5,12,9.81,98.1,1198.4,0.0,1200.0,True,True,True,True,True,True,True,True,True,True,True,True,True,True,True,True,False,False,False,False,False,False,False,False
387647,STATE_PREFLIGHT,12.4,5.0,10.0,45.0,0.0,0.0,9.81,0.1,0.2,0.3,12.3,45.6,78.9,101.325,25.0,0.0,0.0,98.1,1,46.5,6.6,1200.0,1.5,3.5,12,9.81,98.1,1198.4,0.0,1200.0,True,True,True,True,True,True,True,True,True,True,True,True,True,True,True,True,False,False,False,False,False,False,False,False
388149,STATE_PREFLIGHT,12.4,5.0,10.0,45.0,0.0,0.0,9.81,0.1,0.2,0.3,12.3,45.6,78.9,101.325,25.0,0.0,0.0,98.1,1,46.5,6.6,1200.0,1.5,3.5,12,9.81,98.1,1198.4,0.0,1200.0,True,True,True,True,True,True,True,True,True,True,True,True,True,True,True,True,False,False,False,False,False,False,False,False
388651,STATE_PREFLIGHT,12.4,5.0,10.0,45.0,0.0,0.0,9.81,0.1,0.2,0.3,12.3,45.6,78.9,101.325,25.0,0.0,0.0,98.1,1,46.5,6.6,1200.0,1.5,3.5,12,9.81,98.1,1198.4,0.0,1200.0,True,True,True,True,True,True,True,True,True,True,True,True,True,True,True,True,False,False,False,False,False,False,False,False
389153,STATE_PREFLIGHT,12.4,5.0,10.0,45.0,0.0,0.0,9.81,0.1,0.2,0.3,12.3,45.6,78.9,101.325,25.0,0.0,0.0,98.1,1,46.5,6.6,1200.0,1.5,3.5,12,9.81,98.1,1198.4,0.0,1200.0,True,True,True,True,True,True,True,True,True,True,True,True,True,True,True,True,False,False,False,False,False,False,False,False
389655,STATE_PREFLIGHT,12.4,5.0,10.0,45.0,0.0,0.0,9.81,0.1,0.2,0.3,12.3,45.6,78.9,101.325,25.0,0.0,0.0,98.1,1,46.5,6.6,1200.0,1.5,3.5,12,9.81,98.1,1198.4,0.0,1200.0,True,True,True,True,True,True,True,True,True,True,True,True,True,True,True,True,False,False,False,False,False,False,False,False
390161,STATE_PREFLIGHT,12.4,5.0,10.0,45.0,0.0,0.0,9.81,0.1,0.2,0.3,12.3,45.6,78.9,101.325,25.0,0.0,0.0,98.1,1,46.5,6.6,1200.0,1.5,3.5,12,9.81,98.1,1198.4,0.0,1200.0,True,True,True,True,True,True,True,True,True,True,True,True,True,True,True,True,False,False,False,False,False,False,False,False
390662,STATE_PREFLIGHT,12.4,5.0,10.0,45.0,0.0,0.0,9.81,0.1,0.2,0.3,12.3,45.6,78.9,101.325,25.0,0.0,0.0,98.1,1,46.5,6.6,1200.0,1.5,3.5,12,9.81,98.1,1198.4,0.0,1200.0,True,True,True,True,True,True,True,True,True,True,True,True,True,True,True,True,False,False,False,False,False,False,False,False
391164,STATE_PREFLIGHT,12.4,5.0,10.0,45.0,0.0,0.0,9.81,0.1,0.2,0.3,12.3,45.6,78.9,101.325,25.0,0.0,0.0,98.1,1,46.5,6.6,1200.0,1.5,3.5,12,9.81,98.1,1198.4,0.0,1200.0,True,True,True,True,True,True,True,True,True,True,True,True,True,True,True,True,False,False,False,False,False,False,False,False
391666,STATE_PREFLIGHT,12.4,5.0,10.0,45.0,0.0,0.0,9.81,0.1,0.2,0.3,12.3,45.6,78.9,101.325,25.0,0.0,0.0,98.1,1,46.5,6.6,1200.0,1.5,3.5,12,9.81,98.1,1198.4,0.0,1200.0,True,True,True,True,True,True,True,True,True,True,True,True,True,True,True,True,False,False,False,False,False,False,False,False
392168,STATE_PREFLIGHT,12.4,5.0,10.0,45.0,0.0,0.0,9.81,0.1,0.2,0.3,12.3,45.6,78.9,101.325,25.0,0.0,0.0,98.1,1,46.5,6.6,1200.0,1.5,3.5,12,9.81,98.1,1198.4,0.0,1200.0,True,True,True,True,True,True,True,True,True,True,True,True,True,True,True,True,False,False,False,False,False,False,False,False
392671,STATE_PREFLIGHT,12.4,5.0,10.0,45.0,0.0,0.0,9.81,0.1,0.2,0.3,12.3,45.6,78.9,101.325,25.0,0.0,0.0,98.1,1,46.5,6.6,1200.0,1.5,3.5,12,9.81,98.1,1198.4,0.0,1200.0,True,True,True,True,True,True,True,True,True,True,True,True,True,True,True,True,False,False,False,False,False,False,False,False
393173,STATE_PREFLIGHT,12.4,5.0,10.0,45.0,0.0,0.0,9.81,0.1,0.2,0.3,12.3,45.6,78.9,101.325,25.0,0.0,0.0,98.1,1,46.5,6.6,1200.0,1.5,3.5,12,9.81,98.1,1198.4,0.0,1200.0,True,True,True,True,True,True,True,True,True,True,True,True,True,True,True,True,False,False,False,False,False,False,False,False
393675,STATE_PREFLIGHT,12.4,5.0,10.0,45.0,0.0,0.0,9.81,0.1,0.2,0.3,12.3,45.6,78.9,101.325,25.0,0.0,0.0,98.1,1,46.5,6.6,1200.0,1.5,3.5,12,9.81,98.1,1198.4,0.0,1200.0,True,True,True,True,True,True,True,True,True,True,True,True,True,True,True,True,False,False,False,False,False,False,False,False
394178,STATE_PREFLIGHT,12.4,5.0,10.0,45.0,0.0,0.0,9.81,0.1,0.2,0.3,12.3,45.6,78.9,101.325,25.0,0.0,0.0,98.1,1,46.5,6.6,1200.0,1.5,3.5,12,9.81,98.1,1198.4,0.0,1200.0,True,True,True,True,True,True,True,True,True,True,True,True,True,True,True,True,False,False,False,False,False,False,False,False
394680,STATE_PREFLIGHT,12.4,5.0,10.0,45.0,0.0,0.0,9.81,0.1,0.2,0.3,12.3,45.6,78.9,101.325,25.0,0.0,0.0,98.1,1,46.5,6.6,1200.0,1.5,3.5,12,9.81,98.1,1198.4,0.0,1200.0,True,True,True,True,True,True,True,True,True,True,True,True,True,True,True,True,False,False,False,False,False,False,False,False
395183,STATE_PREFLIGHT,12.4,5.0,10.0,45.0,0.0,0.0,9.81,0.1,0.2,0.3,12.3,45.6,78.9,101.325,25.0,0.0,0.0,98.1,1,46.5,6.6,1200.0,1.5,3.5,12,9.81,98.1,1198.4,0.0,1200.0,True,True,True,True,True,True,True,True,True,True,True,True,True,True,True,True,False,False,False,False,False,False,False,False
395686,STATE_PREFLIGHT,12.4,5.0,10.0,45.0,0.0,0.0,9.81,0.1,0.2,0.3,12.3,45.6,78.9,101.325,25.0,0.0,0.0,98.1,1,46.5,6.6,1200.0,1.5,3.5,12,9.81,98.1,1198.4,0.0,1200.0,True,True,True,True,True,True,True,True,True,True,True,True,True,True,True,True,False,False,False,False,False,False,False,False
396188,STATE_PREFLIGHT,12.4,5.0,10.0,45.0,0.0,0.0,9.81,0.1,0.2,0.3,12.3,45.6,78.9,101.325,25.0,0.0,0.0,98.1,1,46.5,6.6,1200.0,1.5,3.5,12,9.81,98.1,1198.4,0.0,1200.0,True,True,True,True,True,True,True,True,True,True,True,True,True,True,True,True,False,False,False,False,False,False,False,False
396690,STATE_PREFLIGHT,12.4,5.0,10.0,45.0,0.0,0.0,9.81,0.1,0.2,0.3,12.3,45.6,78.9,101.325,25.0,0.0,0.0,98.1,1,46.5,6.6,1200.0,1.5,3.5,12,9.81,98.1,1198.4,0.0,1200.0,True,True,True,True,True,True,True,True,True,True,True,True,True,True,True,True,False,False,False,False,False,False,False,False
397193,STATE_PREFLIGHT,12.4,5.0,10.0,45.0,0.0,0.0,9.81,0.1,0.2,0.3,12.3,45.6,78.9,101.325,25.0,0.0,0.0,98.1,1,46.5,6.6,1200.0,1.5,3.5,12,9.81,98.1,1198.4,0.0,1200.0,True,True,True,True,True,True,True,True,True,True,True,True,True,True,True,True,False,False,False,False,False,False,False,False
397694,STATE_PREFLIGHT,12.4,5.0,10.0,45.0,0.0,0.0,9.81,0.1,0.2,0.3,12.3,45.6,78.9,101.325,25.0,0.0,0.0,98.1,1,46.5,6.6,1200.0,1.5,3.5,12,9.81,98.1,1198.4,0.0,1200.0,True,True,True,True,True,True,True,True,True,True,True,True,True,True,True,True,False,False,False,False,False,False,False,False
398196,STATE_PREFLIGHT,12.4,5.0,10.0,45.0,0.0,0.0,9.81,0.1,0.2,0.3,12.3,45.6,78.9,101.325,25.0,0.0,0.0,98.1,1,46.5,6.6,1200.0,1.5,3.5,12,9.81,98.1,1198.4,0.0,1200.0,True,True,True,True,True,True,True,True,True,True,True,True,True,True,True,True,False,False,False,False,False,False,False,False
398698,STATE_PREFLIGHT,12.4,5.0,10.0,45.0,0.0,0.0,9.81,0.1,0.2,0.3,12.3,45.6,78.9,101.325,25.0,0.0,0.0,98.1,1,46.5,6.6,1200.0,1.5,3.5,12,9.81,98.1,1198.4,0.0,1200.0,True,True,True,True,True,True,True,True,True,True,True,True,True,True,True,True,False,False,False,False,False,False,False,False
399201,STATE_PREFLIGHT,12.4,5.0,10.0,45.0,0.0,0.0,9.81,0.1,0.2,0.3,12.3,45.6,78.9,101.325,25.0,0.0,0.0,98.1,1,46.5,6.6,1200.0,1.5,3.5,12,9.81,98.1,1198.4,0.0,1200.0,True,True,True,True,True,True,True,True,True,True,True,True,True,True,True,True,False,False,False,False,False,False,False,False
399703,STATE_PREFLIGHT,12.4,5.0,10.0,45.0,0.0,0.0,9.81,0.1,0.2,0.3,12.3,45.6,78.9,101.325,25.0,0.0,0.0,98.1,1,46.5,6.6,1200.0,1.5,3.5,12,9.81,98.1,1198.4,0.0,1200.0,True,True,True,True,True,True,True,True,True,True,True,True,True,True,True,True,False,False,False,False,False,False,False,False
400205,STATE_PREFLIGHT,12.4,5.0,10.0,45.0,0.0,0.0,9.81,0.1,0.2,0.3,12.3,45.6,78.9,101.325,25.0,0.0,0.0,98.1,1,46.5,6.6,1200.0,1.5,3.5,12,9.81,98.1,1198.4,0.0,1200.0,True,True,True,True,True,True,True,True,True,True,True,True,True,True,True,True,False,False,False,False,False,False,False,False
400710,STATE_PREFLIGHT,12.4,5.0,10.0,45.0,0.0,0.0,9.81,0.1,0.2,0.3,12.3,45.6,78.9,101.325,25.0,0.0,0.0,98.1,1,46.5,6.6,1200.0,1.5,3.5,12,9.81,98.1,1198.4,0.0,1200.0,True,True,True,True,True,True,True,True,True,True,True,True,True,True,True,True,False,False,False,False,False,False,False,False
401212,STATE_PREFLIGHT,12.4,5.0,10.0,45.0,0.0,0.0,9.81,0.1,0.2,0.3,12.3,45.6,78.9,101.325,25.0,0.0,0.0,98.1,1,46.5,6.6,1200.0,1.5,3.5,12,9.81,98.1,1198.4,0.0,1200.0,True,True,True,True,True,True,True,True,True,True,True,True,True,True,True,True,False,False,False,False,False,False,False,False
401715,STATE_PREFLIGHT,12.4,5.0,10.0,45.0,0.0,0.0,9.81,0.1,0.2,0.3,12.3,45.6,78.9,101.325,25.0,0.0,0.0,98.1,1,46.5,6.6,1200.0,1.5,3.5,12,9.81,98.1,1198.4,0.0,1200.0,True,True,True,True,True,True,True,True,True,True,True,True,True,True,True,True,False,False,False,False,False,False,False,False
402217,STATE_PREFLIGHT,12.4,5.0,10.0,45.0,0.0,0.0,9.81,0.1,0.2,0.3,12.3,45.6,78.9,101.325,25.0,0.0,0.0,98.1,1,46.5,6.6,1200.0,1.5,3.5,12,9.81,98.1,1198.4,0.0,1200.0,True,True,True,True,True,True,True,True,True,True,True,True,True,True,True,True,False,False,False,False,False,False,False,False
402719,STATE_PREFLIGHT,12.4,5.0,10.0,45.0,0.0,0.0,9.81,0.1,0.2,0.3,12.3,45.6,78.9,101.325,25.0,0.0,0.0,98.1,1,46.5,6.6,1200.0,1.5,3.5,12,9.81,98.1,1198.4,0.0,1200.0,True,True,True,True,True,True,True,True,True,True,True,True,True,True,True,True,False,False,False,False,False,False,False,False
403221,STATE_PREFLIGHT,12.4,5.0,10.0,45.0,0.0,0.0,9.81,0.1,0.2,0.3,12.3,45.6,78.9,101.325,25.0,0.0,0.0,98.1,1,46.5,6.6,1200.0,1.5,3.5,12,9.81,98.1,1198.4,0.0,1200.0,True,True,True,True,True,True,True,True,True,True,True,True,True,True,True,True,False,False,False,False,False,False,False,False
403723,STATE_PREFLIGHT,12.4,5.0,10.0,45.0,0.0,0.0,9.81,0.1,0.2,0.3,12.3,45.6,78.9,101.325,25.0,0.0,0.0,98.1,1,46.5,6.6,1200.0,1.5,3.5,12,9.81,98.1,1198.4,0.0,1200.0,True,True,True,True,True,True,True,True,True,True,True,True,True,True,True,True,False,False,False,False,False,False,False,False
404225,STATE_PREFLIGHT,12.4,5.0,10.0,45.0,0.0,0.0,9.81,0.1,0.2,0.3,12.3,45.6,78.9,101.325,25.0,0.0,0.0,98.1,1,46.5,6.6,1200.0,1.5,3.5,12,9.81,98.1,1198.4,0.0,1200.0,True,True,True,True,True,True,True,True,True,True,True,True,True,True,True,True,False,False,False,False,False,False,False,False
404727,STATE_PREFLIGHT,12.4,5.0,10.0,45.0,0.0,0.0,9.81,0.1,0.2,0.3,12.3,45.6,78.9,101.325,25.0,0.0,0.0,98.1,1,46.5,6.6,1200.0,1.5,3.5,12,9.81,98.1,1198.4,0.0,1200.0,True,True,True,True,True,True,True,True,True,True,True,True,True,True,True,True,False,False,False,False,False,False,False,False
405229,STATE_PREFLIGHT,12.4,5.0,10.0,45.0,0.0,0.0,9.81,0.1,0.2,0.3,12.3,45.6,78.9,101.325,25.0,0.0,0.0,98.1,1,46.5,6.6,1200.0,1.5,3.5,12,9.81,98.1,1198.4,0.0,1200.0,True,True,True,True,True,True,True,True,True,True,True,True,True,True,True,True,False,False,False,False,False,False,False,False
405730,STATE_PREFLIGHT,12.4,5.0,10.0,45.0,0.0,0.0,9.81,0.1,0.2,0.3,12.3,45.6,78.9,101.325,25.0,0.0,0.0,98.1,1,46.5,6.6,1200.0,1.5,3.5,12,9.81,98.1,1198.4,0.0,1200.0,True,True,True,True,True,True,True,True,True,True,True,True,True,True,True,True,False,False,False,False,False,False,False,False
406232,STATE_PREFLIGHT,12.4,5.0,10.0,45.0,0.0,0.0,9.81,0.1,0.2,0.3,12.3,45.6,78.9,101.325,25.0,0.0,0.0,98.1,1,46.5,6.6,1200.0,1.5,3.5,12,9.81,98.1,1198.4,0.0,1200.0,True,True,True,True,True,True,True,True,True,True,True,True,True,True,True,True,False,False,False,False,False,False,False,False
406734,STATE_PREFLIGHT,12.4,5.0,10.0,45.0,0.0,0.0,9.81,0.1,0.2,0.3,12.3,45.6,78.9,101.325,25.0,0.0,0.0,98.1,1,46.5,6.6,1200.0,1.5,3.5,12,9.81,98.1,1198.4,0.0,1200.0,True,True,True,True,True,True,True,True,True,True,True,True,True,True,True,True,False,False,False,False,False,False,False,False
407235,STATE_PREFLIGHT,12.4,5.0,10.0,45.0,0.0,0.0,9.81,0.1,0.2,0.3,12.3,45.6,78.9,101.325,25.0,0.0,0.0,98.1,1,46.5,6.6,1200.0,1.5,3.5,12,9.81,98.1,1198.4,0.0,1200.0,True,True,True,True,True,True,True,True,True,True,True,True,True,True,True,True,False,False,False,False,False,False,False,False
407738,STATE_PREFLIGHT,12.4,5.0,10.0,45.0,0.0,0.0,9.81,0.1,0.2,0.3,12.3,45.6,78.9,101.325,25.0,0.0,0.0,98.1,1,46.5,6.6,1200.0,1.5,3.5,12,9.81,98.1,1198.4,0.0,1200.0,True,True,True,True,True,True,True,True,True,True,True,True,True,True,True,True,False,False,False,False,False,False,False,False
408239,STATE_PREFLIGHT,12.4,5.0,10.0,45.0,0.0,0.0,9.81,0.1,0.2,0.3,12.3,45.6,78.9,101.325,25.0,0.0,0.0,98.1,1,46.5,6.6,1200.0,1.5,3.5,12,9.81,98.1,1198.4,0.0,1200.0,True,True,True,True,True,True,True,True,True,True,True,True,True,True,True,True,False,False,False,False,False,False,False,False
408742,STATE_PREFLIGHT,12.4,5.0,10.0,45.0,0.0,0.0,9.81,0.1,0.2,0.3,12.3,45.6,78.9,101.325,25.0,0.0,0.0,98.1,1,46.5,6.6,1200.0,1.5,3.5,12,9.81,98.1,1198.4,0.0,1200.0,True,True,True,True,True,True,True,True,True,True,True,True,True,True,True,True,False,False,False,False,False,False,False,False
409243,STATE_PREFLIGHT,12.4,5.0,10.0,45.0,0.0,0.0,9.81,0.1,0.2,0.3,12.3,45.6,78.9,101.325,25.0,0.0,0.0,98.1,1,46.5,6.6,1200.0,1.5,3.5,12,9.81,98.1,1198.4,0.0,1200.0,True,True,True,True,True,True,True,True,True,True,True,True,True,True,True,True,False,False,False,False,False,False,False,False
409746,STATE_PREFLIGHT,12.4,5.0,10.0,45.0,0.0,0.0,9.81,0.1,0.2,0.3,12.3,45.6,78.9,101.325,25.0,0.0,0.0,98.1,1,46.5,6.6,1200.0,1.5,3.5,12,9.81,98.1,1198.4,0.0,1200.0,True,True,True,True,True,True,True,True,True,True,True,True,True,True,True,True,False,False,False,False,False,False,False,False
410247,STATE_PREFLIGHT,12.4,5.0,10.0,45.0,0.0,0.0,9.81,0.1,0.2,0.3,12.3,45.6,78.9,101.325,25.0,0.0,0.0,98.1,1,46.5,6.6,1200.0,1.5,3.5,12,9.81,98.1,1198.4,0.0,1200.0,True,True,True,True,True,True,True,True,True,True,True,True,True,True,True,True,False,False,False,False,False,False,False,False
410750,STATE_PREFLIGHT,12.4,5.0,10.0,45.0,0.0,0.0,9.81,0.1,0.2,0.3,12.3,45.6,78.9,101.325,25.0,0.0,0.0,98.1,1,46.5,6.6,1200.0,1.5,3.5,12,9.81,98.1,1198.4,0.0,1200.0,True,True,True,True,True,True,True,True,True,True,True,True,True,True,True,True,False,False,False,False,False,False,False,False
411251,STATE_PREFLIGHT,12.4,5.0,10.0,45.0,0.0,0.0,9.81,0.1,0.2,0.3,12.3,45.6,78.9,101.325,25.0,0.0,0.0,98.1,1,46.5,6.6,1200.0,1.5,3.5,12,9.81,98.1,1198.4,0.0,1200.0,True,True,True,True,True,True,True,True,True,True,True,True,True,True,True,True,False,False,False,False,False,False,False,False
411754,STATE_PREFLIGHT,12.4,5.0,10.0,45.0,0.0,0.0,9.81,0.1,0.2,0.3,12.3,45.6,78.9,101.325,25.0,0.0,0.0,98.1,1,46.5,6.6,1200.0,1.5,3.5,12,9.81,98.1,1198.4,0.0,1200.0,True,True,True,True,True,True,True,True,True,True,True,True,True,True,True,True,False,False,False,False,False,False,False,False
412255,STATE_PREFLIGHT,12.4,5.0,10.0,45.0,0.0,0.0,9.81,0.1,0.2,0.3,12.3,45.6,78.9,101.325,25.0,0.0,0.0,98.1,1,46.5,6.6,1200.0,1.5,3.5,12,9.81,98.1,1198.4,0.0,1200.0,True,True,True,True,True,True,True,True,True,True,True,True,True,True,True,True,False,False,False,False,False,False,False,False
412757,STATE_PREFLIGHT,12.4,5.0,10.0,45.0,0.0,0.0,9.81,0.1,0.2,0.3,12.3,45.6,78.9,101.325,25.0,0.0,0.0,98.1,1,46.5,6.6,1200.0,1.5,3.5,12,9.81,98.1,1198.4,0.0,1200.0,True,True,True,True,True,True,True,True,True,True,True,True,True,True,True,True,False,False,False,False,False,False,False,False
413258,STATE_PREFLIGHT,12.4,5.0,10.0,45.0,0.0,0.0,9.81,0.1,0.2,0.3,12.3,45.6,78.9,101.325,25.0,0.0,0.0,98.1,1,46.5,6.6,1200.0,1.5,3.5,12,9.81,98.1,1198.4,0.0,1200.0,True,True,True,True,True,True,True,True,True,True,True,True,True,True,True,True,False,False,False,False,False,False,False,False
413760,STATE_PREFLIGHT,12.4,5.0,10.0,45.0,0.0,0.0,9.81,0.1,0.2,0.3,12.3,45.6,78.9,101.325,25.0,0.0,0.0,98.1,1,46.5,6.6,1200.0,1.5,3.5,12,9.81,98.1,1198.4,0.0,1200.0,True,True,True,True,True,True,True,True,True,True,True,True,True,True,True,True,False,False,False,False,False,False,False,False
414262,STATE_PREFLIGHT,12.4,5.0,10.0,45.0,0.0,0.0,9.81,0.1,0.2,0.3,12.3,45.6,78.9,101.325,25.0,0.0,0.0,98.1,1,46.5,6.6,1200.0,1.5,3.5,12,9.81,98.1,1198.4,0.0,1200.0,True,True,True,True,True,True,True,True,True,True,True,True,True,True,True,True,False,False,False,False,False,False,False,False
414763,STATE_PREFLIGHT,12.4,5.0,10.0,45.0,0.0,0.0,9.81,0.1,0.2,0.3,12.3,45.6,78.9,101.325,25.0,0.0,0.0,98.1,1,46.5,6.6,1200.0,1.5,3.5,12,9.81,98.1,1198.4,0.0,1200.0,True,True,True,True,True,True,True,True,True,True,True,True,True,True,True,True,False,False,False,False,False,False,False,False
415265,STATE_PREFLIGHT,12.4,5.0,10.0,45.0,0.0,0.0,9.81,0.1,0.2,0.3,12.3,45.6,78.9,101.325,25.0,0.0,0.0,98.1,1,46.5,6.6,1200.0,1.5,3.5,12,9.81,98.1,1198.4,0.0,1200.0,True,True,True,True,True,True,True,True,True,True,True,True,True,True,True,True,False,False,False,False,False,False,False,False
415767,STATE_PREFLIGHT,12.4,5.0,10.0,45.0,0.0,0.0,9.81,0.1,0.2,0.3,12.3,45.6,78.9,101.325,25.0,0.0,0.0,98.1,1,46.5,6.6,1200.0,1.5,3.5,12,9.81,98.1,1198.4,0.0,1200.0,True,True,True,True,True,True,True,True,True,True,True,True,True,True,True,True,False,False,False,False,False,False,False,False
416269,STATE_PREFLIGHT,12.4,5.0,10.0,45.0,0.0,0.0,9.81,0.1,0.2,0.3,12.3,45.6,78.9,101.325,25.0,0.0,0.0,98.1,1,46.5,6.6,1200.0,1.5,3.5,12,9.81,98.1,1198.4,0.0,1200.0,True,True,True,True,True,True,True,True,True,True,True,True,True,True,True,True,False,False,False,False,False,False,False,False
416770,STATE_PREFLIGHT,12.4,5.0,10.0,45.0,0.0,0.0,9.81,0.1,0.2,0.3,12.3,45.6,78.9,101.325,25.0,0.0,0.0,98.1,1,46.5,6.6,1200.0,1.5,3.5,12,9.81,98.1,1198.4,0.0,1200.0,True,True,True,True,True,True,True,True,True,True,True,True,True,True,True,True,False,False,False,False,False,False,False,False
417272,STATE_PREFLIGHT,12.4,5.0,10.0,45.0,0.0,0.0,9.81,0.1,0.2,0.3,12.3,45.6,78.9,101.325,25.0,0.0,0.0,98.1,1,46.5,6.6,1200.0,1.5,3.5,12,9.81,98.1,1198.4,0.0,1200.0,True,True,True,True,True,True,True,True,True,True,True,True,True,True,True,True,False,False,False,False,False,False,False,False
417774,STATE_PREFLIGHT,12.4,5.0,10.0,45.0,0.0,0.0,9.81,0.1,0.2,0.3,12.3,45.6,78.9,101.325,25.0,0.0,0.0,98.1,1,46.5,6.6,1200.0,1.5,3.5,12,9.81,98.1,1198.4,0.0,1200.0,True,True,True,True,True,True,True,True,True,True,True,True,True,True,True,True,False,False,False,False,False,False,False,False
418275,STATE_PREFLIGHT,12.4,5.0,10.0,45.0,0.0,0.0,9.81,0.1,0.2,0.3,12.3,45.6,78.9,101.325,25.0,0.0,0.0,98.1,1,46.5,6.6,1200.0,1.5,3.5,12,9.81,98.1,1198.4,0.0,1200.0,True,True,True,True,True,True,True,True,True,True,True,True,True,True,True,True,False,False,False,False,False,False,False,False
418777,STATE_PREFLIGHT,12.4,5.0,10.0,45.0,0.0,0.0,9.81,0.1,0.2,0.3,12.3,45.6,78.9,101.325,25.0,0.0,0.0,98.1,1,46.5,6.6,1200.0,1.5,3.5,12,9.81,98.1,1198.4,0.0,1200.0,True,True,True,True,True,True,True,True,True,True,True,True,True,True,True,True,False,False,False,False,False,False,False,False
419278,STATE_PREFLIGHT,12.4,5.0,10.0,45.0,0.0,0.0,9.81,0.1,0.2,0.3,12.3,45.6,78.9,101.325,25.0,0.0,0.0,98.1,1,46.5,6.6,1200.0,1.5,3.5,12,9.81,98.1,1198.4,0.0,1200.0,True,True,True,True,True,True,True,True,True,True,True,True,True,True,True,True,False,False,False,False,False,False,False,False
419780,STATE_PREFLIGHT,12.4,5.0,10.0,45.0,0.0,0.0,9.81,0.1,0.2,0.3,12.3,45.6,78.9,101.325,25.0,0.0,0.0,98.1,1,46.5,6.6,1200.0,1.5,3.5,12,9.81,98.1,1198.4,0.0,1200.0,True,True,True,True,True,True,True,True,True,True,True,True,True,True,True,True,False,False,False,False,False,False,False,False
420282,STATE_PREFLIGHT,12.4,5.0,10.0,45.0,0.0,0.0,9.81,0.1,0.2,0.3,12.3,45.6,78.9,101.325,25.0,0.0,0.0,98.1,1,46.5,6.6,1200.0,1.5,3.5,12,9.81,98.1,1198.4,0.0,1200.0,True,True,True,True,True,True,True,True,True,True,True,True,True,True,True,True,False,False,False,False,False,False,False,False
420784,STATE_PREFLIGHT,12.4,5.0,10.0,45.0,0.0,0.0,9.81,0.1,0.2,0.3,12.3,45.6,78.9,101.325,25.0,0.0,0.0,98.1,1,46.5,6.6,1200.0,1.5,3.5,12,9.81,98.1,1198.4,0.0,1200.0,True,True,True,True,True,True,True,True,True,True,True,True,True,True,True,True,False,False,False,False,False,False,False,False
421285,STATE_PREFLIGHT,12.4,5.0,10.0,45.0,0.0,0.0,9.81,0.1,0.2,0.3,12.3,45.6,78.9,101.325,25.0,0.0,0.0,98.1,1,46.5,6.6,1200.0,1.5,3.5,12,9.81,98.1,1198.4,0.0,1200.0,True,True,True,True,True,True,True,True,True,True,True,True,True,True,True,True,False,False,False,False,False,False,False,False
421787,STATE_PREFLIGHT,12.4,5.0,10.0,45.0,0.0,0.0,9.81,0.1,0.2,0.3,12.3,45.6,78.9,101.325,25.0,0.0,0.0,98.1,1,46.5,6.6,1200.0,1.5,3.5,12,9.81,98.1,1198.4,0.0,1200.0,True,True,True,True,True,True,True,True,True,True,True,True,True,True,True,True,False,False,False,False,False,False,False,False
422289,STATE_PREFLIGHT,12.4,5.0,10.0,45.0,0.0,0.0,9.81,0.1,0.2,0.3,12.3,45.6,78.9,101.325,25.0,0.0,0.0,98.1,1,46.5,6.6,1200.0,1.5,3.5,12,9.81,98.1,1198.4,0.0,1200.0,True,True,True,True,True,True,True,True,True,True,True,True,True,True,True,True,False,False,False,False,False,False,False,False
422790,STATE_PREFLIGHT,12.4,5.0,10.0,45.0,0.0,0.0,9.81,0.1,0.2,0.3,12.3,45.6,78.9,101.325,25.0,0.0,0.0,98.1,1,46.5,6.6,1200.0,1.5,3.5,12,9.81,98.1,1198.4,0.0,1200.0,True,True,True,True,True,True,True,True,True,True,True,True,True,True,True,True,False,False,False,False,False,False,False,False
423292,STATE_PREFLIGHT,12.4,5.0,10.0,45.0,0.0,0.0,9.81,0.1,0.2,0.3,12.3,45.6,78.9,101.325,25.0,0.0,0.0,98.1,1,46.5,6.6,1200.0,1.5,3.5,12,9.81,98.1,1198.4,0.0,1200.0,True,True,True,True,True,True,True,True,True,True,True,True,True,True,True,True,False,False,False,False,False,False,False,False
423795,STATE_PREFLIGHT,12.4,5.0,10.0,45.0,0.0,0.0,9.81,0.1,0.2,0.3,12.3,45.6,78.9,101.325,25.0,0.0,0.0,98.1,1,46.5,6.6,1200.0,1.5,3.5,12,9.81,98.1,1198.4,0.0,1200.0,True,True,True,True,True,True,True,True,True,True,True,True,True,True,True,True,False,False,False,False,False,False,False,False
424299,STATE_PREFLIGHT,12.4,5.0,10.0,45.0,0.0,0.0,9.81,0.1,0.2,0.3,12.3,45.6,78.9,101.325,25.0,0.0,0.0,98.1,1,46.5,6.6,1200.0,1.5,3.5,12,9.81,98.1,1198.4,0.0,1200.0,True,True,True,True,True,True,True,True,True,True,True,True,True,True,True,True,False,False,False,False,False,False,False,False
424800,STATE_PREFLIGHT,12.4,5.0,10.0,45.0,0.0,0.0,9.81,0.1,0.2,0.3,12.3,45.6,78.9,101.325,25.0,0.0,0.0,98.1,1,46.5,6.6,1200.0,1.5,3.5,12,9.81,98.1,1198.4,0.0,1200.0,True,True,True,True,True,True,True,True,True,True,True,True,True,True,True,True,False,False,False,False,False,False,False,False
425302,STATE_PREFLIGHT,12.4,5.0,10.0,45.0,0.0,0.0,9.81,0.1,0.2,0.3,12.3,45.6,78.9,101.325,25.0,0.0,0.0,98.1,1,46.5,6.6,1200.0,1.5,3.5,12,9.81,98.1,1198.4,0.0,1200.0,True,True,True,True,True,True,True,True,True,True,True,True,True,True,True,True,False,False,False,False,False,False,False,False
425805,STATE_PREFLIGHT,12.4,5.0,10.0,45.0,0.0,0.0,9.81,0.1,0.2,0.3,12.3,45.6,78.9,101.325,25.0,0.0,0.0,98.1,1,46.5,6.6,1200.0,1.5,3.5,12,9.81,98.1,1198.4,0.0,1200.0,True,True,True,True,True,True,True,True,True,True,True,True,True,True,True,True,False,False,False,False,False,False,False,False
426308,STATE_PREFLIGHT,12.4,5.0,10.0,45.0,0.0,0.0,9.81,0.1,0.2,0.3,12.3,45.6,78.9,101.325,25.0,0.0,0.0,98.1,1,46.5,6.6,1200.0,1.5,3.5,12,9.81,98.1,1198.4,0.0,1200.0,True,True,True,True,True,True,True,True,True,True,True,True,True,True,True,True,False,False,False,False,False,False,False,False
426810,STATE_PREFLIGHT,12.4,5.0,10.0,45.0,0.0,0.0,9.81,0.1,0.2,0.3,12.3,45.6,78.9,101.325,25.0,0.0,0.0,98.1,1,46.5,6.6,1200.0,1.5,3.5,12,9.81,98.1,1198.4,0.0,1200.0,True,True,True,True,True,True,True,True,True,True,True,True,True,True,True,True,False,False,False,False,False,False,False,False
427313,STATE_PREFLIGHT,12.4,5.0,10.0,45.0,0.0,0.0,9.81,0.1,0.2,0.3,12.3,45.6,78.9,101.325,25.0,0.0,0.0,98.1,1,46.5,6.6,1200.0,1.5,3.5,12,9.81,98.1,1198.4,0.0,1200.0,True,True,True,True,True,True,True,True,True,True,True,True,True,True,True,True,False,False,False,False,False,False,False,False
427814,STATE_PREFLIGHT,12.4,5.0,10.0,45.0,0.0,0.0,9.81,0.1,0.2,0.3,12.3,45.6,78.9,101.325,25.0,0.0,0.0,98.1,1,46.5,6.6,1200.0,1.5,3.5,12,9.81,98.1,1198.4,0.0,1200.0,True,True,True,True,True,True,True,True,True,True,True,True,True,True,True,True,False,False,False,False,False,False,False,False
428316,STATE_PREFLIGHT,12.4,5.0,10.0,45.0,0.0,0.0,9.81,0.1,0.2,0.3,12.3,45.6,78.9,101.325,25.0,0.0,0.0,98.1,1,46.5,6.6,1200.0,1.5,3.5,12,9.81,98.1,1198.4,0.0,1200.0,True,True,True,True,True,True,True,True,True,True,True,True,True,True,True,True,False,False,False,False,False,False,False,False
428818,STATE_PREFLIGHT,12.4,5.0,10.0,45.0,0.0,0.0,9.81,0.1,0.2,0.3,12.3,45.6,78.9,101.325,25.0,0.0,0.0,98.1,1,46.5,6.6,1200.0,1.5,3.5,12,9.81,98.1,1198.4,0.0,1200.0,True,True,True,True,True,True,True,True,True,True,True,True,True,True,True,True,False,False,False,False,False,False,False,False
429320,STATE_PREFLIGHT,12.4,5.0,10.0,45.0,0.0,0.0,9.81,0.1,0.2,0.3,12.3,45.6,78.9,101.325,25.0,0.0,0.0,98.1,1,46.5,6.6,1200.0,1.5,3.5,12,9.81,98.1,1198.4,0.0,1200.0,True,True,True,True,True,True,True,True,True,True,True,True,True,True,True,True,False,False,False,False,False,False,False,False
429822,STATE_PREFLIGHT,12.4,5.0,10.0,45.0,0.0,0.0,9.81,0.1,0.2,0.3,12.3,45.6,78.9,101.325,25.0,0.0,0.0,98.1,1,46.5,6.6,1200.0,1.5,3.5,12,9.81,98.1,1198.4,0.0,1200.0,True,True,True,True,True,True,True,True,True,True,True,True,True,True,True,True,False,False,False,False,False,False,False,False
430324,STATE_PREFLIGHT,12.4,5.0,10.0,45.0,0.0,0.0,9.81,0.1,0.2,0.3,12.3,45.6,78.9,101.325,25.0,0.0,0.0,98.1,1,46.5,6.6,1200.0,1.5,3.5,12,9.81,98.1,1198.4,0.0,1200.0,True,True,True,True,True,True,True,True,True,True,True,True,True,True,True,True,False,False,False,False,False,False,False,False
430826,STATE_PREFLIGHT,12.4,5.0,10.0,45.0,0.0,0.0,9.81,0.1,0.2,0.3,12.3,45.6,78.9,101.325,25.0,0.0,0.0,98.1,1,46.5,6.6,1200.0,1.5,3.5,12,9.81,98.1,1198.4,0.0,1200.0,True,True,True,True,True,True,True,True,True,True,True,True,True,True,True,True,False,False,False,False,False,False,False,False
431328,STATE_PREFLIGHT,12.4,5.0,10.0,45.0,0.0,0.0,9.81,0.1,0.2,0.3,12.3,45.6,78.9,101.325,25.0,0.0,0.0,98.1,1,46.5,6.6,1200.0,1.5,3.5,12,9.81,98.1,1198.4,0.0,1200.0,True,True,True,True,True,True,True,True,True,True,True,True,True,True,True,True,False,False,False,False,False,False,False,False
431830,STATE_PREFLIGHT,12.4,5.0,10.0,45.0,0.0,0.0,9.81,0.1,0.2,0.3,12.3,45.6,78.9,101.325,25.0,0.0,0.0,98.1,1,46.5,6.6,1200.0,1.5,3.5,12,9.81,98.1,1198.4,0.0,1200.0,True,True,True,True,True,True,True,True,True,True,True,True,True,True,True,True,False,False,False,False,False,False,False,False
432334,STATE_PREFLIGHT,12.4,5.0,10.0,45.0,0.0,0.0,9.81,0.1,0.2,0.3,12.3,45.6,78.9,101.325,25.0,0.0,0.0,98.1,1,46.5,6.6,1200.0,1.5,3.5,12,9.81,98.1,1198.4,0.0,1200.0,True,True,True,True,True,True,True,True,True,True,True,True,True,True,True,True,False,False,False,False,False,False,False,False
432836,STATE_PREFLIGHT,12.4,5.0,10.0,45.0,0.0,0.0,9.81,0.1,0.2,0.3,12.3,45.6,78.9,101.325,25.0,0.0,0.0,98.1,1,46.5,6.6,1200.0,1.5,3.5,12,9.81,98.1,1198.4,0.0,1200.0,True,True,True,True,True,True,True,True,True,True,True,True,True,True,True,True,False,False,False,False,False,False,False,False
433340,STATE_PREFLIGHT,12.4,5.0,10.0,45.0,0.0,0.0,9.81,0.1,0.2,0.3,12.3,45.6,78.9,101.325,25.0,0.0,0.0,98.1,1,46.5,6.6,1200.0,1.5,3.5,12,9.81,98.1,1198.4,0.0,1200.0,True,True,True,True,True,True,True,True,True,True,True,True,True,True,True,True,False,False,False,False,False,False,False,False
433842,STATE_PREFLIGHT,12.4,5.0,10.0,45.0,0.0,0.0,9.81,0.1,0.2,0.3,12.3,45.6,78.9,101.325,25.0,0.0,0.0,98.1,1,46.5,6.6,1200.0,1.5,3.5,12,9.81,98.1,1198.4,0.0,1200.0,True,True,True,True,True,True,True,True,True,True,True,True,True,True,True,True,False,False,False,False,False,False,False,False
434345,STATE_PREFLIGHT,12.4,5.0,10.0,45.0,0.0,0.0,9.81,0.1,0.2,0.3,12.3,45.6,78.9,101.325,25.0,0.0,0.0,98.1,1,46.5,6.6,1200.0,1.5,3.5,12,9.81,98.1,1198.4,0.0,1200.0,True,True,True,True,True,True,True,True,True,True,True,True,True,True,True,True,False,False,False,False,False,False,False,False
434846,STATE_PREFLIGHT,12.4,5.0,10.0,45.0,0.0,0.0,9.81,0.1,0.2,0.3,12.3,45.6,78.9,101.325,25.0,0.0,0.0,98.1,1,46.5,6.6,1200.0,1.5,3.5,12,9.81,98.1,1198.4,0.0,1200.0,True,True,True,True,True,True,True,True,True,True,True,True,True,True,True,True,False,False,False,False,False,False,False,False
435349,STATE_PREFLIGHT,12.4,5.0,10.0,45.0,0.0,0.0,9.81,0.1,0.2,0.3,12.3,45.6,78.9,101.325,25.0,0.0,0.0,98.1,1,46.5,6.6,1200.0,1.5,3.5,12,9.81,98.1,1198.4,0.0,1200.0,True,True,True,True,True,True,True,True,True,True,True,True,True,True,True,True,False,False,False,False,False,False,False,False
435851,STATE_PREFLIGHT,12.4,5.0,10.0,45.0,0.0,0.0,9.81,0.1,0.2,0.3,12.3,45.6,78.9,101.325,25.0,0.0,0.0,98.1,1,46.5,6.6,1200.0,1.5,3.5,12,9.81,98.1,1198.4,0.0,1200.0,True,True,True,True,True,True,True,True,True,True,True,True,True,True,True,True,False,False,False,False,False,False,False,False
436353,STATE_PREFLIGHT,12.4,5.0,10.0,45.0,0.0,0.0,9.81,0.1,0.2,0.3,12.3,45.6,78.9,101.325,25.0,0.0,0.0,98.1,1,46.5,6.6,1200.0,1.5,3.5,12,9.81,98.1,1198.4,0.0,1200.0,True,True,True,True,True,True,True,True,True,True,True,True,True,True,True,True,False,False,False,False,False,False,False,False
436854,STATE_PREFLIGHT,12.4,5.0,10.0,45.0,0.0,0.0,9.81,0.1,0.2,0.3,12.3,45.6,78.9,101.325,25.0,0.0,0.0,98.1,1,46.5,6.6,1200.0,1.5,3.5,12,9.81,98.1,1198.4,0.0,1200.0,True,True,True,True,True,True,True,True,True,True,True,True,True,True,True,True,False,False,False,False,False,False,False,False
437357,STATE_PREFLIGHT,12.4,5.0,10.0,45.0,0.0,0.0,9.81,0.1,0.2,0.3,12.3,45.6,78.9,101.325,25.0,0.0,0.0,98.1,1,46.5,6.6,1200.0,1.5,3.5,12,9.81,98.1,1198.4,0.0,1200.0,True,True,True,True,True,True,True,True,True,True,True,True,True,True,True,True,False,False,False,False,False,False,False,False
437858,STATE_PREFLIGHT,12.4,5.0,10.0,45.0,0.0,0.0,9.81,0.1,0.2,0.3,12.3,45.6,78.9,101.325,25.0,0.0,0.0,98.1,1,46.5,6.6,1200.0,1.5,3.5,12,9.81,98.1,1198.4,0.0,1200.0,True,True,True,True,True,True,True,True,True,True,True,True,True,True,True,True,False,False,False,False,False,False,False,False
438360,STATE_PREFLIGHT,12.4,5.0,10.0,45.0,0.0,0.0,9.81,0.1,0.2,0.3,12.3,45.6,78.9,101.325,25.0,0.0,0.0,98.1,1,46.5,6.6,1200.0,1.5,3.5,12,9.81,98.1,1198.4,0.0,1200.0,True,True,True,True,True,True,True,True,True,True,True,True,True,True,True,True,False,False,False,False,False,False,False,False
438862,STATE_PREFLIGHT,12.4,5.0,10.0,45.0,0.0,0.0,9.81,0.1,0.2,0.3,12.3,45.6,78.9,101.325,25.0,0.0,0.0,98.1,1,46.5,6.6,1200.0,1.5,3.5,12,9.81,98.1,1198.4,0.0,1200.0,True,True,True,True,True,True,True,True,True,True,True,True,True,True,True,True,False,False,False,False,False,False,False,False
439363,STATE_PREFLIGHT,12.4,5.0,10.0,45.0,0.0,0.0,9.81,0.1,0.2,0.3,12.3,45.6,78.9,101.325,25.0,0.0,0.0,98.1,1,46.5,6.6,1200.0,1.5,3.5,12,9.81,98.1,1198.4,0.0,1200.0,True,True,True,True,True,True,True,True,True,True,True,True,True,True,True,True,False,False,False,False,False,False,False,False
439865,STATE_PREFLIGHT,12.4,5.0,10.0,45.0,0.0,0.0,9.81,0.1,0.2,0.3,12.3,45.6,78.9,101.325,25.0,0.0,0.0,98.1,1,46.5,6.6,1200.0,1.5,3.5,12,9.81,98.1,1198.4,0.0,1200.0,True,True,True,True,True,True,True,True,True,True,True,True,True,True,True,True,False,False,False,False,False,False,False,False
440366,STATE_PREFLIGHT,12.4,5.0,10.0,45.0,0.0,0.0,9.81,0.1,0.2,0.3,12.3,45.6,78.9,101.325,25.0,0.0,0.0,98.1,1,46.5,6.6,1200.0,1.5,3.5,12,9.81,98.1,1198.4,0.0,1200.0,True,True,True,True,True,True,True,True,True,True,True,True,True,True,True,True,False,False,False,False,False,False,False,False
440872,STATE_PREFLIGHT,12.4,5.0,10.0,45.0,0.0,0.0,9.81,0.1,0.2,0.3,12.3,45.6,78.9,101.325,25.0,0.0,0.0,98.1,1,46.5,6.6,1200.0,1.5,3.5,12,9.81,98.1,1198.4,0.0,1200.0,True,True,True,True,True,True,True,True,True,True,True,True,True,True,True,True,False,False,False,False,False,False,False,False
441375,STATE_PREFLIGHT,12.4,5.0,10.0,45.0,0.0,0.0,9.81,0.1,0.2,0.3,12.3,45.6,78.9,101.325,25.0,0.0,0.0,98.1,1,46.5,6.6,1200.0,1.5,3.5,12,9.81,98.1,1198.4,0.0,1200.0,True,True,True,True,True,True,True,True,True,True,True,True,True,True,True,True,False,False,False,False,False,False,False,False
441879,STATE_PREFLIGHT,12.4,5.0,10.0,45.0,0.0,0.0,9.81,0.1,0.2,0.3,12.3,45.6,78.9,101.325,25.0,0.0,0.0,98.1,1,46.5,6.6,1200.0,1.5,3.5,12,9.81,98.1,1198.4,0.0,1200.0,True,True,True,True,True,True,True,True,True,True,True,True,True,True,True,True,False,False,False,False,False,False,False,False
442386,STATE_PREFLIGHT,12.4,5.0,10.0,45.0,0.0,0.0,9.81,0.1,0.2,0.3,12.3,45.6,78.9,101.325,25.0,0.0,0.0,98.1,1,46.5,6.6,1200.0,1.5,3.5,12,9.81,98.1,1198.4,0.0,1200.0,True,True,True,True,True,True,True,True,True,True,True,True,True,True,True,True,False,False,False,False,False,False,False,False
442887,STATE_PREFLIGHT,12.4,5.0,10.0,45.0,0.0,0.0,9.81,0.1,0.2,0.3,12.3,45.6,78.9,101.325,25.0,0.0,0.0,98.1,1,46.5,6.6,1200.0,1.5,3.5,12,9.81,98.1,1198.4,0.0,1200.0,True,True,True,True,True,True,True,True,True,True,True,True,True,True,True,True,False,False,False,False,False,False,False,False
443389,STATE_PREFLIGHT,12.4,5.0,10.0,45.0,0.0,0.0,9.81,0.1,0.2,0.3,12.3,45.6,78.9,101.325,25.0,0.0,0.0,98.1,1,46.5,6.6,1200.0,1.5,3.5,12,9.81,98.1,1198.4,0.0,1200.0,True,True,True,True,True,True,True,True,True,True,True,True,True,True,True,True,False,False,False,False,False,False,False,False
443892,STATE_PREFLIGHT,12.4,5.0,10.0,45.0,0.0,0.0,9.81,0.1,0.2,0.3,12.3,45.6,78.9,101.325,25.0,0.0,0.0,98.1,1,46.5,6.6,1200.0,1.5,3.5,12,9.81,98.1,1198.4,0.0,1200.0,True,True,True,True,True,True,True,True,True,True,True,True,True,True,True,True,False,False,False,False,False,False,False,False
444395,STATE_PREFLIGHT,12.4,5.0,10.0,45.0,0.0,0.0,9.81,0.1,0.2,0.3,12.3,45.6,78.9,101.325,25.0,0.0,0.0,98.1,1,46.5,6.6,1200.0,1.5,3.5,12,9.81,98.1,1198.4,0.0,1200.0,True,True,True,True,True,True,True,True,True,True,True,True,True,True,True,True,False,False,False,False,False,False,False,False
444897,STATE_PREFLIGHT,12.4,5.0,10.0,45.0,0.0,0.0,9.81,0.1,0.2,0.3,12.3,45.6,78.9,101.325,25.0,0.0,0.0,98.1,1,46.5,6.6,1200.0,1.5,3.5,12,9.81,98.1,1198.4,0.0,1200.0,True,True,True,True,True,True,True,True,True,True,True,True,True,True,True,True,False,False,False,False,False,False,False,False
445400,STATE_PREFLIGHT,12.4,5.0,10.0,45.0,0.0,0.0,9.81,0.1,0.2,0.3,12.3,45.6,78.9,101.325,25.0,0.0,0.0,98.1,1,46.5,6.6,1200.0,1.5,3.5,12,9.81,98.1,1198.4,0.0,1200.0,True,True,True,True,True,True,True,True,True,True,True,True,True,True,True,True,False,False,False,False,False,False,False,False
445903,STATE_PREFLIGHT,12.4,5.0,10.0,45.0,0.0,0.0,9.81,0.1,0.2,0.3,12.3,45.6,78.9,101.325,25.0,0.0,0.0,98.1,1,46.5,6.6,1200.0,1.5,3.5,12,9.81,98.1,1198.4,0.0,1200.0,True,True,True,True,True,True,True,True,True,True,True,True,True,True,True,True,False,False,False,False,False,False,False,False
446406,STATE_PREFLIGHT,12.4,5.0,10.0,45.0,0.0,0.0,9.81,0.1,0.2,0.3,12.3,45.6,78.9,101.325,25.0,0.0,0.0,98.1,1,46.5,6.6,1200.0,1.5,3.5,12,9.81,98.1,1198.4,0.0,1200.0,True,True,True,True,True,True,True,True,True,True,True,True,True,True,True,True,False,False,False,False,False,False,False,False
446909,STATE_PREFLIGHT,12.4,5.0,10.0,45.0,0.0,0.0,9.81,0.1,0.2,0.3,12.3,45.6,78.9,101.325,25.0,0.0,0.0,98.1,1,46.5,6.6,1200.0,1.5,3.5,12,9.81,98.1,1198.4,0.0,1200.0,True,True,True,True,True,True,True,True,True,True,True,True,True,True,True,True,False,False,False,False,False,False,False,False
447411,STATE_PREFLIGHT,12.4,5.0,10.0,45.0,0.0,0.0,9.81,0.1,0.2,0.3,12.3,45.6,78.9,101.325,25.0,0.0,0.0,98.1,1,46.5,6.6,1200.0,1.5,3.5,12,9.81,98.1,1198.4,0.0,1200.0,True,True,True,True,True,True,True,True,True,True,True,True,True,True,True,True,False,False,False,False,False,False,False,False
447914,STATE_PREFLIGHT,12.4,5.0,10.0,45.0,0.0,0.0,9.81,0.1,0.2,0.3,12.3,45.6,78.9,101.325,25.0,0.0,0.0,98.1,1,46.5,6.6,1200.0,1.5,3.5,12,9.81,98.1,1198.4,0.0,1200.0,True,True,True,True,True,True,True,True,True,True,True,True,True,True,True,True,False,False,False,False,False,False,False,False
448416,STATE_PREFLIGHT,12.4,5.0,10.0,45.0,0.0,0.0,9.81,0.1,0.2,0.3,12.3,45.6,78.9,101.325,25.0,0.0,0.0,98.1,1,46.5,6.6,1200.0,1.5,3.5,12,9.81,98.1,1198.4,0.0,1200.0,True,True,True,True,True,True,True,True,True,True,True,True,True,True,True,True,False,False,False,False,False,False,False,False
448919,STATE_PREFLIGHT,12.4,5.0,10.0,45.0,0.0,0.0,9.81,0.1,0.2,0.3,12.3,45.6,78.9,101.325,25.0,0.0,0.0,98.1,1,46.5,6.6,1200.0,1.5,3.5,12,9.81,98.1,1198.4,0.0,1200.0,True,True,True,True,True,True,True,True,True,True,True,True,True,True,True,True,False,False,False,False,False,False,False,False
449421,STATE_PREFLIGHT,12.4,5.0,10.0,45.0,0.0,0.0,9.81,0.1,0.2,0.3,12.3,45.6,78.9,101.325,25.0,0.0,0.0,98.1,1,46.5,6.6,1200.0,1.5,3.5,12,9.81,98.1,1198.4,0.0,1200.0,True,True,True,True,True,True,True,True,True,True,True,True,True,True,True,True,False,False,False,False,False,False,False,False
449928,STATE_PREFLIGHT,12.4,5.0,10.0,45.0,0.0,0.0,9.81,0.1,0.2,0.3,12.3,45.6,78.9,101.325,25.0,0.0,0.0,98.1,1,46.5,6.6,1200.0,1.5,3.5,12,9.81,98.1,1198.4,0.0,1200.0,True,True,True,True,True,True,True,True,True,True,True,True,True,True,True,True,False,False,False,False,False,False,False,False
450430,STATE_PREFLIGHT,12.4,5.0,10.0,45.0,0.0,0.0,9.81,0.1,0.2,0.3,12.3,45.6,78.9,101.325,25.0,0.0,0.0,98.1,1,46.5,6.6,1200.0,1.5,3.5,12,9.81,98.1,1198.4,0.0,1200.0,True,True,True,True,True,True,True,True,True,True,True,True,True,True,True,True,False,False,False,False,False,False,False,False
450933,STATE_PREFLIGHT,12.4,5.0,10.0,45.0,0.0,0.0,9.81,0.1,0.2,0.3,12.3,45.6,78.9,101.325,25.0,0.0,0.0,98.1,1,46.5,6.6,1200.0,1.5,3.5,12,9.81,98.1,1198.4,0.0,1200.0,True,True,True,True,True,True,True,True,True,True,True,True,True,True,True,True,False,False,False,False,False,False,False,False
451435,STATE_PREFLIGHT,12.4,5.0,10.0,45.0,0.0,0.0,9.81,0.1,0.2,0.3,12.3,45.6,78.9,101.325,25.0,0.0,0.0,98.1,1,46.5,6.6,1200.0,1.5,3.5,12,9.81,98.1,1198.4,0.0,1200.0,True,True,True,True,True,True,True,True,True,True,True,True,True,True,True,True,False,False,False,False,False,False,False,False
451938,STATE_PREFLIGHT,12.4,5.0,10.0,45.0,0.0,0.0,9.81,0.1,0.2,0.3,12.3,45.6,78.9,101.325,25.0,0.0,0.0,98.1,1,46.5,6.6,1200.0,1.5,3.5,12,9.81,98.1,1198.4,0.0,1200.0,True,True,True,True,True,True,True,True,True,True,True,True,True,True,True,True,False,False,False,False,False,False,False,False
452440,STATE_PREFLIGHT,12.4,5.0,10.0,45.0,0.0,0.0,9.81,0.1,0.2,0.3,12.3,45.6,78.9,101.325,25.0,0.0,0.0,98.1,1,46.5,6.6,1200.0,1.5,3.5,12,9.81,98.1,1198.4,0.0,1200.0,True,True,True,True,True,True,True,True,True,True,True,True,True,True,True,True,False,False,False,False,False,False,False,False
452942,STATE_PREFLIGHT,12.4,5.0,10.0,45.0,0.0,0.0,9.81,0.1,0.2,0.3,12.3,45.6,78.9,101.325,25.0,0.0,0.0,98.1,1,46.5,6.6,1200.0,1.5,3.5,12,9.81,98.1,1198.4,0.0,1200.0,True,True,True,True,True,True,True,True,True,True,True,True,True,True,True,True,False,False,False,False,False,False,False,False
453445,STATE_PREFLIGHT,12.4,5.0,10.0,45.0,0.0,0.0,9.81,0.1,0.2,0.3,12.3,45.6,78.9,101.325,25.0,0.0,0.0,98.1,1,46.5,6.6,1200.0,1.5,3.5,12,9.81,98.1,1198.4,0.0,1200.0,True,True,True,True,True,True,True,True,True,True,True,True,True,True,True,True,False,False,False,False,False,False,False,False
453947,STATE_PREFLIGHT,12.4,5.0,10.0,45.0,0.0,0.0,9.81,0.1,0.2,0.3,12.3,45.6,78.9,101.325,25.0,0.0,0.0,98.1,1,46.5,6.6,1200.0,1.5,3.5,12,9.81,98.1,1198.4,0.0,1200.0,True,True,True,True,True,True,True,True,True,True,True,True,True,True,True,True,False,False,False,False,False,False,False,False
454449,STATE_PREFLIGHT,12.4,5.0,10.0,45.0,0.0,0.0,9.81,0.1,0.2,0.3,12.3,45.6,78.9,101.325,25.0,0.0,0.0,98.1,1,46.5,6.6,1200.0,1.5,3.5,12,9.81,98.1,1198.4,0.0,1200.0,True,True,True,True,True,True,True,True,True,True,True,True,True,True,True,True,False,False,False,False,False,False,False,False
454951,STATE_PREFLIGHT,12.4,5.0,10.0,45.0,0.0,0.0,9.81,0.1,0.2,0.3,12.3,45.6,78.9,101.325,25.0,0.0,0.0,98.1,1,46.5,6.6,1200.0,1.5,3.5,12,9.81,98.1,1198.4,0.0,1200.0,True,True,True,True,True,True,True,True,True,True,True,True,True,True,True,True,False,False,False,False,False,False,False,False
455454,STATE_PREFLIGHT,12.4,5.0,10.0,45.0,0.0,0.0,9.81,0.1,0.2,0.3,12.3,45.6,78.9,101.325,25.0,0.0,0.0,98.1,1,46.5,6.6,1200.0,1.5,3.5,12,9.81,98.1,1198.4,0.0,1200.0,True,True,True,True,True,True,True,True,True,True,True,True,True,True,True,True,False,False,False,False,False,False,False,False
455956,STATE_PREFLIGHT,12.4,5.0,10.0,45.0,0.0,0.0,9.81,0.1,0.2,0.3,12.3,45.6,78.9,101.325,25.0,0.0,0.0,98.1,1,46.5,6.6,1200.0,1.5,3.5,12,9.81,98.1,1198.4,0.0,1200.0,True,True,True,True,True,True,True,True,True,True,True,True,True,True,True,True,False,False,False,False,False,False,False,False
456458,STATE_PREFLIGHT,12.4,5.0,10.0,45.0,0.0,0.0,9.81,0.1,0.2,0.3,12.3,45.6,78.9,101.325,25.0,0.0,0.0,98.1,1,46.5,6.6,1200.0,1.5,3.5,12,9.81,98.1,1198.4,0.0,1200.0,True,True,True,True,True,True,True,True,True,True,True,True,True,True,True,True,False,False,False,False,False,False,False,False
456961,STATE_PREFLIGHT,12.4,5.0,10.0,45.0,0.0,0.0,9.81,0.1,0.2,0.3,12.3,45.6,78.9,101.325,25.0,0.0,0.0,98.1,1,46.5,6.6,1200.0,1.5,3.5,12,9.81,98.1,1198.4,0.0,1200.0,True,True,True,True,True,True,True,True,True,True,True,True,True,True,True,True,False,False,False,False,False,False,False,False
457463,STATE_PREFLIGHT,12.4,5.0,10.0,45.0,0.0,0.0,9.81,0.1,0.2,0.3,12.3,45.6,78.9,101.325,25.0,0.0,0.0,98.1,1,46.5,6.6,1200.0,1.5,3.5,12,9.81,98.1,1198.4,0.0,1200.0,True,True,True,True,True,True,True,True,True,True,True,True,True,True,True,True,False,False,False,False,False,False,False,False
457965,STATE_PREFLIGHT,12.4,5.0,10.0,45.0,0.0,0.0,9.81,0.1,0.2,0.3,12.3,45.6,78.9,101.325,25.0,0.0,0.0,98.1,1,46.5,6.6,1200.0,1.5,3.5,12,9.81,98.1,1198.4,0.0,1200.0,True,True,True,True,True,True,True,True,True,True,True,True,True,True,True,True,False,False,False,False,False,False,False,False
458468,STATE_PREFLIGHT,12.4,5.0,10.0,45.0,0.0,0.0,9.81,0.1,0.2,0.3,12.3,45.6,78.9,101.325,25.0,0.0,0.0,98.1,1,46.5,6.6,1200.0,1.5,3.5,12,9.81,98.1,1198.4,0.0,1200.0,True,True,True,True,True,True,True,True,True,True,True,True,True,True,True,True,False,False,False,False,False,False,False,False
458970,STATE_PREFLIGHT,12.4,5.0,10.0,45.0,0.0,0.0,9.81,0.1,0.2,0.3,12.3,45.6,78.9,101.325,25.0,0.0,0.0,98.1,1,46.5,6.6,1200.0,1.5,3.5,12,9.81,98.1,1198.4,0.0,1200.0,True,True,True,True,True,True,True,True,True,True,True,True,True,True,True,True,False,False,False,False,False,False,False,False
459472,STATE_PREFLIGHT,12.4,5.0,10.0,45.0,0.0,0.0,9.81,0.1,0.2,0.3,12.3,45.6,78.9,101.325,25.0,0.0,0.0,98.1,1,46.5,6.6,1200.0,1.5,3.5,12,9.81,98.1,1198.4,0.0,1200.0,True,True,True,True,True,True,True,True,True,True,True,True,True,True,True,True,False,False,False,False,False,False,False,False
459974,STATE_PREFLIGHT,12.4,5.0,10.0,45.0,0.0,0.0,9.81,0.1,0.2,0.3,12.3,45.6,78.9,101.325,25.0,0.0,0.0,98.1,1,46.5,6.6,1200.0,1.5,3.5,12,9.81,98.1,1198.4,0.0,1200.0,True,True,True,True,True,True,True,True,True,True,True,True,True,True,True,True,False,False,False,False,False,False,False,False
460476,STATE_PREFLIGHT,12.4,5.0,10.0,45.0,0.0,0.0,9.81,0.1,0.2,0.3,12.3,45.6,78.9,101.325,25.0,0.0,0.0,98.1,1,46.5,6.6,1200.0,1.5,3.5,12,9.81,98.1,1198.4,0.0,1200.0,True,True,True,True,True,True,True,True,True,True,True,True,True,True,True,True,False,False,False,False,False,False,False,False
460978,STATE_PREFLIGHT,12.4,5.0,10.0,45.0,0.0,0.0,9.81,0.1,0.2,0.3,12.3,45.6,78.9,101.325,25.0,0.0,0.0,98.1,1,46.5,6.6,1200.0,1.5,3.5,12,9.81,98.1,1198.4,0.0,1200.0,True,True,True,True,True,True,True,True,True,True,True,True,True,True,True,True,False,False,False,False,False,False,False,False
461480,STATE_PREFLIGHT,12.4,5.0,10.0,45.0,0.0,0.0,9.81,0.1,0.2,0.3,12.3,45.6,78.9,101.325,25.0,0.0,0.0,98.1,1,46.5,6.6,1200.0,1.5,3.5,12,9.81,98.1,1198.4,0.0,1200.0,True,True,True,True,True,True,True,True,True,True,True,True,True,True,True,True,False,False,False,False,False,False,False,False
461982,STATE_PREFLIGHT,12.4,5.0,10.0,45.0,0.0,0.0,9.81,0.1,0.2,0.3,12.3,45.6,78.9,101.325,25.0,0.0,0.0,98.1,1,46.5,6.6,1200.0,1.5,3.5,12,9.81,98.1,1198.4,0.0,1200.0,True,True,True,True,True,True,True,True,True,True,True,True,True,True,True,True,False,False,False,False,False,False,False,False
462484,STATE_PREFLIGHT,12.4,5.0,10.0,45.0,0.0,0.0,9.81,0.1,0.2,0.3,12.3,45.6,78.9,101.325,25.0,0.0,0.0,98.1,1,46.5,6.6,1200.0,1.5,3.5,12,9.81,98.1,1198.4,0.0,1200.0,True,True,True,True,True,True,True,True,True,True,True,True,True,True,True,True,False,False,False,False,False,False,False,False
462986,STATE_PREFLIGHT,12.4,5.0,10.0,45.0,0.0,0.0,9.81,0.1,0.2,0.3,12.3,45.6,78.9,101.325,25.0,0.0,0.0,98.1,1,46.5,6.6,1200.0,1.5,3.5,12,9.81,98.1,1198.4,0.0,1200.0,True,True,True,True,True,True,True,True,True,True,True,True,True,True,True,True,False,False,False,False,False,False,False,False
463488,STATE_PREFLIGHT,12.4,5.0,10.0,45.0,0.0,0.0,9.81,0.1,0.2,0.3,12.3,45.6,78.9,101.325,25.0,0.0,0.0,98.1,1,46.5,6.6,1200.0,1.5,3.5,12,9.81,98.1,1198.4,0.0,1200.0,True,True,True,True,True,True,True,True,True,True,True,True,True,True,True,True,False,False,False,False,False,False,False,False
463990,STATE_PREFLIGHT,12.4,5.0,10.0,45.0,0.0,0.0,9.81,0.1,0.2,0.3,12.3,45.6,78.9,101.325,25.0,0.0,0.0,98.1,1,46.5,6.6,1200.0,1.5,3.5,12,9.81,98.1,1198.4,0.0,1200.0,True,True,True,True,True,True,True,True,True,True,True,True,True,True,True,True,False,False,False,False,False,False,False,False
464493,STATE_PREFLIGHT,12.4,5.0,10.0,45.0,0.0,0.0,9.81,0.1,0.2,0.3,12.3,45.6,78.9,101.325,25.0,0.0,0.0,98.1,1,46.5,6.6,1200.0,1.5,3.5,12,9.81,98.1,1198.4,0.0,1200.0,True,True,True,True,True,True,True,True,True,True,True,True,True,True,True,True,False,False,False,False,False,False,False,False
464995,STATE_PREFLIGHT,12.4,5.0,10.0,45.0,0.0,0.0,9.81,0.1,0.2,0.3,12.3,45.6,78.9,101.325,25.0,0.0,0.0,98.1,1,46.5,6.6,1200.0,1.5,3.5,12,9.81,98.1,1198.4,0.0,1200.0,True,True,True,True,True,True,True,True,True,True,True,True,True,True,True,True,False,False,False,False,False,False,False,False
465499,STATE_PREFLIGHT,12.4,5.0,10.0,45.0,0.0,0.0,9.81,0.1,0.2,0.3,12.3,45.6,78.9,101.325,25.0,0.0,0.0,98.1,1,46.5,6.6,1200.0,1.5,3.5,12,9.81,98.1,1198.4,0.0,1200.0,True,True,True,True,True,True,True,True,True,True,True,True,True,True,True,True,False,False,False,False,False,False,False,False
466003,STATE_PREFLIGHT,12.4,5.0,10.0,45.0,0.0,0.0,9.81,0.1,0.2,0.3,12.3,45.6,78.9,101.325,25.0,0.0,0.0,98.1,1,46.5,6.6,1200.0,1.5,3.5,12,9.81,98.1,1198.4,0.0,1200.0,True,True,True,True,True,True,True,True,True,True,True,True,True,True,True,True,False,False,False,False,False,False,False,False
466505,STATE_PREFLIGHT,12.4,5.0,10.0,45.0,0.0,0.0,9.81,0.1,0.2,0.3,12.3,45.6,78.9,101.325,25.0,0.0,0.0,98.1,1,46.5,6.6,1200.0,1.5,3.5,12,9.81,98.1,1198.4,0.0,1200.0,True,True,True,True,True,True,True,True,True,True,True,True,True,True,True,True,False,False,False,False,False,False,False,False
467009,STATE_PREFLIGHT,12.4,5.0,10.0,45.0,0.0,0.0,9.81,0.1,0.2,0.3,12.3,45.6,78.9,101.325,25.0,0.0,0.0,98.1,1,46.5,6.6,1200.0,1.5,3.5,12,9.81,98.1,1198.4,0.0,1200.0,True,True,True,True,True,True,True,True,True,True,True,True,True,True,True,True,False,False,False,False,False,False,False,False
467512,STATE_PREFLIGHT,12.4,5.0,10.0,45.0,0.0,0.0,9.81,0.1,0.2,0.3,12.3,45.6,78.9,101.325,25.0,0.0,0.0,98.1,1,46.5,6.6,1200.0,1.5,3.5,12,9.81,98.1,1198.4,0.0,1200.0,True,True,True,True,True,True,True,True,True,True,True,True,True,True,True,True,False,False,False,False,False,False,False,False
468014,STATE_PREFLIGHT,12.4,5.0,10.0,45.0,0.0,0.0,9.81,0.1,0.2,0.3,12.3,45.6,78.9,101.325,25.0,0.0,0.0,98.1,1,46.5,6.6,1200.0,1.5,3.5,12,9.81,98.1,1198.4,0.0,1200.0,True,True,True,True,True,True,True,True,True,True,True,True,True,True,True,True,False,False,False,False,False,False,False,False
468517,STATE_PREFLIGHT,12.4,5.0,10.0,45.0,0.0,0.0,9.81,0.1,0.2,0.3,12.3,45.6,78.9,101.325,25.0,0.0,0.0,98.1,1,46.5,6.6,1200.0,1.5,3.5,12,9.81,98.1,1198.4,0.0,1200.0,True,True,True,True,True,True,True,True,True,True,True,True,True,True,True,True,False,False,False,False,False,False,False,False
469019,STATE_PREFLIGHT,12.4,5.0,10.0,45.0,0.0,0.0,9.81,0.1,0.2,0.3,12.3,45.6,78.9,101.325,25.0,0.0,0.0,98.1,1,46.5,6.6,1200.0,1.5,3.5,12,9.81,98.1,1198.4,0.0,1200.0,True,True,True,True,True,True,True,True,True,True,True,True,True,True,True,True,False,False,False,False,False,False,False,False
469521,STATE_PREFLIGHT,12.4,5.0,10.0,45.0,0.0,0.0,9.81,0.1,0.2,0.3,12.3,45.6,78.9,101.325,25.0,0.0,0.0,98.1,1,46.5,6.6,1200.0,1.5,3.5,12,9.81,98.1,1198.4,0.0,1200.0,True,True,True,True,True,True,True,True,True,True,True,True,True,True,True,True,False,False,False,False,False,False,False,False
470023,STATE_PREFLIGHT,12.4,5.0,10.0,45.0,0.0,0.0,9.81,0.1,0.2,0.3,12.3,45.6,78.9,101.325,25.0,0.0,0.0,98.1,1,46.5,6.6,1200.0,1.5,3.5,12,9.81,98.1,1198.4,0.0,1200.0,True,True,True,True,True,True,True,True,True,True,True,True,True,True,True,True,False,False,False,False,False,False,False,False
470526,STATE_PREFLIGHT,12.4,5.0,10.0,45.0,0.0,0.0,9.81,0.1,0.2,0.3,12.3,45.6,78.9,101.325,25.0,0.0,0.0,98.1,1,46.5,6.6,1200.0,1.5,3.5,12,9.81,98.1,1198.4,0.0,1200.0,True,True,True,True,True,True,True,True,True,True,True,True,True,True,True,True,False,False,False,False,False,False,False,False
471030,STATE_PREFLIGHT,12.4,5.0,10.0,45.0,0.0,0.0,9.81,0.1,0.2,0.3,12.3,45.6,78.9,101.325,25.0,0.0,0.0,98.1,1,46.5,6.6,1200.0,1.5,3.5,12,9.81,98.1,1198.4,0.0,1200.0,True,True,True,True,True,True,True,True,True,True,True,True,True,True,True,True,False,False,False,False,False,False,False,False
471533,STATE_PREFLIGHT,12.4,5.0,10.0,45.0,0.0,0.0,9.81,0.1,0.2,0.3,12.3,45.6,78.9,101.325,25.0,0.0,0.0,98.1,1,46.5,6.6,1200.0,1.5,3.5,12,9.81,98.1,1198.4,0.0,1200.0,True,True,True,True,True,True,True,True,True,True,True,True,True,True,True,True,False,False,False,False,False,False,False,False
472035,STATE_PREFLIGHT,12.4,5.0,10.0,45.0,0.0,0.0,9.81,0.1,0.2,0.3,12.3,45.6,78.9,101.325,25.0,0.0,0.0,98.1,1,46.5,6.6,1200.0,1.5,3.5,12,9.81,98.1,1198.4,0.0,1200.0,True,True,True,True,True,True,True,True,True,True,True,True,True,True,True,True,False,False,False,False,False,False,False,False
472537,STATE_PREFLIGHT,12.4,5.0,10.0,45.0,0.0,0.0,9.81,0.1,0.2,0.3,12.3,45.6,78.9,101.325,25.0,0.0,0.0,98.1,1,46.5,6.6,1200.0,1.5,3.5,12,9.81,98.1,1198.4,0.0,1200.0,True,True,True,True,True,True,True,True,True,True,True,True,True,True,True,True,False,False,False,False,False,False,False,False
473040,STATE_PREFLIGHT,12.4,5.0,10.0,45.0,0.0,0.0,9.81,0.1,0.2,0.3,12.3,45.6,78.9,101.325,25.0,0.0,0.0,98.1,1,46.5,6.6,1200.0,1.5,3.5,12,9.81,98.1,1198.4,0.0,1200.0,True,True,True,True,True,True,True,True,True,True,True,True,True,True,True,True,False,False,False,False,False,False,False,False
473542,STATE_PREFLIGHT,12.4,5.0,10.0,45.0,0.0,0.0,9.81,0.1,0.2,0.3,12.3,45.6,78.9,101.325,25.0,0.0,0.0,98.1,1,46.5,6.6,1200.0,1.5,3.5,12,9.81,98.1,1198.4,0.0,1200.0,True,True,True,True,True,True,True,True,True,True,True,True,True,True,True,True,False,False,False,False,False,False,False,False
474045,STATE_PREFLIGHT,12.4,5.0,10.0,45.0,0.0,0.0,9.81,0.1,0.2,0.3,12.3,45.6,78.9,101.325,25.0,0.0,0.0,98.1,1,46.5,6.6,1200.0,1.5,3.5,12,9.81,98.1,1198.4,0.0,1200.0,True,True,True,True,True,True,True,True,True,True,True,True,True,True,True,True,False,False,False,False,False,False,False,False
474547,STATE_PREFLIGHT,12.4,5.0,10.0,45.0,0.0,0.0,9.81,0.1,0.2,0.3,12.3,45.6,78.9,101.325,25.0,0.0,0.0,98.1,1,46.5,6.6,1200.0,1.5,3.5,12,9.81,98.1,1198.4,0.0,1200.0,True,True,True,True,True,True,True,True,True,True,True,True,True,True,True,True,False,False,False,False,False,False,False,False
475049,STATE_PREFLIGHT,12.4,5.0,10.0,45.0,0.0,0.0,9.81,0.1,0.2,0.3,12.3,45.6,78.9,101.325,25.0,0.0,0.0,98.1,1,46.5,6.6,1200.0,1.5,3.5,12,9.81,98.1,1198.4,0.0,1200.0,True,True,True,True,True,True,True,True,True,True,True,True,True,True,True,True,False,False,False,False,False,False,False,False
475552,STATE_PREFLIGHT,12.4,5.0,10.0,45.0,0.0,0.0,9.81,0.1,0.2,0.3,12.3,45.6,78.9,101.325,25.0,0.0,0.0,98.1,1,46.5,6.6,1200.0,1.5,3.5,12,9.81,98.1,1198.4,0.0,1200.0,True,True,True,True,True,True,True,True,True,True,True,True,True,True,True,True,False,False,False,False,False,False,False,False
476054,STATE_PREFLIGHT,12.4,5.0,10.0,45.0,0.0,0.0,9.81,0.1,0.2,0.3,12.3,45.6,78.9,101.325,25.0,0.0,0.0,98.1,1,46.5,6.6,1200.0,1.5,3.5,12,9.81,98.1,1198.4,0.0,1200.0,True,True,True,True,True,True,True,True,True,True,True,True,True,True,True,True,False,False,False,False,False,False,False,False
476555,STATE_PREFLIGHT,12.4,5.0,10.0,45.0,0.0,0.0,9.81,0.1,0.2,0.3,12.3,45.6,78.9,101.325,25.0,0.0,0.0,98.1,1,46.5,6.6,1200.0,1.5,3.5,12,9.81,98.1,1198.4,0.0,1200.0,True,True,True,True,True,True,True,True,True,True,True,True,True,True,True,True,False,False,False,False,False,False,False,False
477057,STATE_PREFLIGHT,12.4,5.0,10.0,45.0,0.0,0.0,9.81,0.1,0.2,0.3,12.3,45.6,78.9,101.325,25.0,0.0,0.0,98.1,1,46.5,6.6,1200.0,1.5,3.5,12,9.81,98.1,1198.4,0.0,1200.0,True,True,True,True,True,True,True,True,True,True,True,True,True,True,True,True,False,False,False,False,False,False,False,False
477559,STATE_PREFLIGHT,12.4,5.0,10.0,45.0,0.0,0.0,9.81,0.1,0.2,0.3,12.3,45.6,78.9,101.325,25.0,0.0,0.0,98.1,1,46.5,6.6,1200.0,1.5,3.5,12,9.81,98.1,1198.4,0.0,1200.0,True,True,True,True,True,True,True,True,True,True,True,True,True,True,True,True,False,False,False,False,False,False,False,False
478061,STATE_PREFLIGHT,12.4,5.0,10.0,45.0,0.0,0.0,9.81,0.1,0.2,0.3,12.3,45.6,78.9,101.325,25.0,0.0,0.0,98.1,1,46.5,6.6,1200.0,1.5,3.5,12,9.81,98.1,1198.4,0.0,1200.0,True,True,True,True,True,True,True,True,True,True,True,True,True,True,True,True,False,False,False,False,False,False,False,False
478564,STATE_PREFLIGHT,12.4,5.0,10.0,45.0,0.0,0.0,9.81,0.1,0.2,0.3,12.3,45.6,78.9,101.325,25.0,0.0,0.0,98.1,1,46.5,6.6,1200.0,1.5,3.5,12,9.81,98.1,1198.4,0.0,1200.0,True,True,True,True,True,True,True,True,True,True,True,True,True,True,True,True,False,False,False,False,False,False,False,False
479065,STATE_PREFLIGHT,12.4,5.0,10.0,45.0,0.0,0.0,9.81,0.1,0.2,0.3,12.3,45.6,78.9,101.325,25.0,0.0,0.0,98.1,1,46.5,6.6,1200.0,1.5,3.5,12,9.81,98.1,1198.4,0.0,1200.0,True,True,True,True,True,True,True,True,True,True,True,True,True,True,True,True,False,False,False,False,False,False,False,False
479567,STATE_PREFLIGHT,12.4,5.0,10.0,45.0,0.0,0.0,9.81,0.1,0.2,0.3,12.3,45.6,78.9,101.325,25.0,0.0,0.0,98.1,1,46.5,6.6,1200.0,1.5,3.5,12,9.81,98.1,1198.4,0.0,1200.0,True,True,True,True,True,True,True,True,True,True,True,True,True,True,True,True,False,False,False,False,False,False,False,False
480069,STATE_PREFLIGHT,12.4,5.0,10.0,45.0,0.0,0.0,9.81,0.1,0.2,0.3,12.3,45.6,78.9,101.325,25.0,0.0,0.0,98.1,1,46.5,6.6,1200.0,1.5,3.5,12,9.81,98.1,1198.4,0.0,1200.0,True,True,True,True,True,True,True,True,True,True,True,True,True,True,True,True,False,False,False,False,False,False,False,False
480572,STATE_PREFLIGHT,12.4,5.0,10.0,45.0,0.0,0.0,9.81,0.1,0.2,0.3,12.3,45.6,78.9,101.325,25.0,0.0,0.0,98.1,1,46.5,6.6,1200.0,1.5,3.5,12,9.81,98.1,1198.4,0.0,1200.0,True,True,True,True,True,True,True,True,True,True,True,True,True,True,True,True,False,False,False,False,False,False,False,False
481074,STATE_PREFLIGHT,12.4,5.0,10.0,45.0,0.0,0.0,9.81,0.1,0.2,0.3,12.3,45.6,78.9,101.325,25.0,0.0,0.0,98.1,1,46.5,6.6,1200.0,1.5,3.5,12,9.81,98.1,1198.4,0.0,1200.0,True,True,True,True,True,True,True,True,True,True,True,True,True,True,True,True,False,False,False,False,False,False,False,False
481576,STATE_PREFLIGHT,12.4,5.0,10.0,45.0,0.0,0.0,9.81,0.1,0.2,0.3,12.3,45.6,78.9,101.325,25.0,0.0,0.0,98.1,1,46.5,6.6,1200.0,1.5,3.5,12,9.81,98.1,1198.4,0.0,1200.0,True,True,True,True,True,True,True,True,True,True,True,True,True,True,True,True,False,False,False,False,False,False,False,False
482077,STATE_PREFLIGHT,12.4,5.0,10.0,45.0,0.0,0.0,9.81,0.1,0.2,0.3,12.3,45.6,78.9,101.325,25.0,0.0,0.0,98.1,1,46.5,6.6,1200.0,1.5,3.5,12,9.81,98.1,1198.4,0.0,1200.0,True,True,True,True,True,True,True,True,True,True,True,True,True,True,True,True,False,False,False,False,False,False,False,False
482580,STATE_PREFLIGHT,12.4,5.0,10.0,45.0,0.0,0.0,9.81,0.1,0.2,0.3,12.3,45.6,78.9,101.325,25.0,0.0,0.0,98.1,1,46.5,6.6,1200.0,1.5,3.5,12,9.81,98.1,1198.4,0.0,1200.0,True,True,True,True,True,True,True,True,True,True,True,True,True,True,True,True,False,False,False,False,False,False,False,False
483082,STATE_PREFLIGHT,12.4,5.0,10.0,45.0,0.0,0.0,9.81,0.1,0.2,0.3,12.3,45.6,78.9,101.325,25.0,0.0,0.0,98.1,1,46.5,6.6,1200.0,1.5,3.5,12,9.81,98.1,1198.4,0.0,1200.0,True,True,True,True,True,True,True,True,True,True,True,True,True,True,True,True,False,False,False,False,False,False,False,False
483584,STATE_PREFLIGHT,12.4,5.0,10.0,45.0,0.0,0.0,9.81,0.1,0.2,0.3,12.3,45.6,78.9,101.325,25.0,0.0,0.0,98.1,1,46.5,6.6,1200.0,1.5,3.5,12,9.81,98.1,1198.4,0.0,1200.0,True,True,True,True,True,True,True,True,True,True,True,True,True,True,True,True,False,False,False,False,False,False,False,False
484086,STATE_PREFLIGHT,12.4,5.0,10.0,45.0,0.0,0.0,9.81,0.1,0.2,0.3,12.3,45.6,78.9,101.325,25.0,0.0,0.0,98.1,1,46.5,6.6,1200.0,1.5,3.5,12,9.81,98.1,1198.4,0.0,1200.0,True,True,True,True,True,True,True,True,True,True,True,True,True,True,True,True,False,False,False,False,False,False,False,False
484589,STATE_PREFLIGHT,12.4,5.0,10.0,45.0,0.0,0.0,9.81,0.1,0.2,0.3,12.3,45.6,78.9,101.325,25.0,0.0,0.0,98.1,1,46.5,6.6,1200.0,1.5,3.5,12,9.81,98.1,1198.4,0.0,1200.0,True,True,True,True,True,True,True,True,True,True,True,True,True,True,True,True,False,False,False,False,False,False,False,False
485090,STATE_PREFLIGHT,12.4,5.0,10.0,45.0,0.0,0.0,9.81,0.1,0.2,0.3,12.3,45.6,78.9,101.325,25.0,0.0,0.0,98.1,1,46.5,6.6,1200.0,1.5,3.5,12,9.81,98.1,1198.4,0.0,1200.0,True,True,True,True,True,True,True,True,True,True,True,True,True,True,True,True,False,False,False,False,False,False,False,False
485593,STATE_PREFLIGHT,12.4,5.0,10.0,45.0,0.0,0.0,9.81,0.1,0.2,0.3,12.3,45.6,78.9,101.325,25.0,0.0,0.0,98.1,1,46.5,6.6,1200.0,1.5,3.5,12,9.81,98.1,1198.4,0.0,1200.0,True,True,True,True,True,True,True,True,True,True,True,True,True,True,True,True,False,False,False,False,False,False,False,False
486095,STATE_PREFLIGHT,12.4,5.0,10.0,45.0,0.0,0.0,9.81,0.1,0.2,0.3,12.3,45.6,78.9,101.325,25.0,0.0,0.0,98.1,1,46.5,6.6,1200.0,1.5,3.5,12,9.81,98.1,1198.4,0.0,1200.0,True,True,True,True,True,True,True,True,True,True,True,True,True,True,True,True,False,False,False,False,False,False,False,False
486597,STATE_PREFLIGHT,12.4,5.0,10.0,45.0,0.0,0.0,9.81,0.1,0.2,0.3,12.3,45.6,78.9,101.325,25.0,0.0,0.0,98.1,1,46.5,6.6,1200.0,1.5,3.5,12,9.81,98.1,1198.4,0.0,1200.0,True,True,True,True,True,True,True,True,True,True,True,True,True,True,True,True,False,False,False,False,False,False,False,False
487099,STATE_PREFLIGHT,12.4,5.0,10.0,45.0,0.0,0.0,9.81,0.1,0.2,0.3,12.3,45.6,78.9,101.325,25.0,0.0,0.0,98.1,1,46.5,6.6,1200.0,1.5,3.5,12,9.81,98.1,1198.4,0.0,1200.0,True,True,True,True,True,True,True,True,True,True,True,True,True,True,True,True,False,False,False,False,False,False,False,False
487601,STATE_PREFLIGHT,12.4,5.0,10.0,45.0,0.0,0.0,9.81,0.1,0.2,0.3,12.3,45.6,78.9,101.325,25.0,0.0,0.0,98.1,1,46.5,6.6,1200.0,1.5,3.5,12,9.81,98.1,1198.4,0.0,1200.0,True,True,True,True,True,True,True,True,True,True,True,True,True,True,True,True,False,False,False,False,False,False,False,False
488103,STATE_PREFLIGHT,12.4,5.0,10.0,45.0,0.0,0.0,9.81,0.1,0.2,0.3,12.3,45.6,78.9,101.325,25.0,0.0,0.0,98.1,1,46.5,6.6,1200.0,1.5,3.5,12,9.81,98.1,1198.4,0.0,1200.0,True,True,True,True,True,True,True,True,True,True,True,True,True,True,True,True,False,False,False,False,False,False,False,False
488605,STATE_PREFLIGHT,12.4,5.0,10.0,45.0,0.0,0.0,9.81,0.1,0.2,0.3,12.3,45.6,78.9,101.325,25.0,0.0,0.0,98.1,1,46.5,6.6,1200.0,1.5,3.5,12,9.81,98.1,1198.4,0.0,1200.0,True,True,True,True,True,True,True,True,True,True,True,True,True,True,True,True,False,False,False,False,False,False,False,False
489107,STATE_PREFLIGHT,12.4,5.0,10.0,45.0,0.0,0.0,9.81,0.1,0.2,0.3,12.3,45.6,78.9,101.325,25.0,0.0,0.0,98.1,1,46.5,6.6,1200.0,1.5,3.5,12,9.81,98.1,1198.4,0.0,1200.0,True,True,True,True,True,True,True,True,True,True,True,True,True,True,True,True,False,False,False,False,False,False,False,False
489610,STATE_PREFLIGHT,12.4,5.0,10.0,45.0,0.0,0.0,9.81,0.1,0.2,0.3,12.3,45.6,78.9,101.325,25.0,0.0,0.0,98.1,1,46.5,6.6,1200.0,1.5,3.5,12,9.81,98.1,1198.4,0.0,1200.0,True,True,True,True,True,True,True,True,True,True,True,True,True,True,True,True,False,False,False,False,False,False,False,False
490112,STATE_PREFLIGHT,12.4,5.0,10.0,45.0,0.0,0.0,9.81,0.1,0.2,0.3,12.3,45.6,78.9,101.325,25.0,0.0,0.0,98.1,1,46.5,6.6,1200.0,1.5,3.5,12,9.81,98.1,1198.4,0.0,1200.0,True,True,True,True,True,True,True,True,True,True,True,True,True,True,True,True,False,False,False,False,False,False,False,False
490614,STATE_PREFLIGHT,12.4,5.0,10.0,45.0,0.0,0.0,9.81,0.1,0.2,0.3,12.3,45.6,78.9,101.325,25.0,0.0,0.0,98.1,1,46.5,6.6,1200.0,1.5,3.5,12,9.81,98.1,1198.4,0.0,1200.0,True,True,True,True,True,True,True,True,True,True,True,True,True,True,True,True,False,False,False,False,False,False,False,False
491117,STATE_PREFLIGHT,12.4,5.0,10.0,45.0,0.0,0.0,9.81,0.1,0.2,0.3,12.3,45.6,78.9,101.325,25.0,0.0,0.0,98.1,1,46.5,6.6,1200.0,1.5,3.5,12,9.81,98.1,1198.4,0.0,1200.0,True,True,True,True,True,True,True,True,True,True,True,True,True,True,True,True,False,False,False,False,False,False,False,False
491619,STATE_PREFLIGHT,12.4,5.0,10.0,45.0,0.0,0.0,9.81,0.1,0.2,0.3,12.3,45.6,78.9,101.325,25.0,0.0,0.0,98.1,1,46.5,6.6,1200.0,1.5,3.5,12,9.81,98.1,1198.4,0.0,1200.0,True,True,True,True,True,True,True,True,True,True,True,True,True,True,True,True,False,False,False,False,False,False,False,False
492122,STATE_PREFLIGHT,12.4,5.0,10.0,45.0,0.0,0.0,9.81,0.1,0.2,0.3,12.3,45.6,78.9,101.325,25.0,0.0,0.0,98.1,1,46.5,6.6,1200.0,1.5,3.5,12,9.81,98.1,1198.4,0.0,1200.0,True,True,True,True,True,True,True,True,True,True,True,True,True,True,True,True,False,False,False,False,False,False,False,False
492624,STATE_PREFLIGHT,12.4,5.0,10.0,45.0,0.0,0.0,9.81,0.1,0.2,0.3,12.3,45.6,78.9,101.325,25.0,0.0,0.0,98.1,1,46.5,6.6,1200.0,1.5,3.5,12,9.81,98.1,1198.4,0.0,1200.0,True,True,True,True,True,True,True,True,True,True,True,True,True,True,True,True,False,False,False,False,False,False,False,False
493127,STATE_PREFLIGHT,12.4,5.0,10.0,45.0,0.0,0.0,9.81,0.1,0.2,0.3,12.3,45.6,78.9,101.325,25.0,0.0,0.0,98.1,1,46.5,6.6,1200.0,1.5,3.5,12,9.81,98.1,1198.4,0.0,1200.0,True,True,True,True,True,True,True,True,True,True,True,True,True,True,True,True,False,False,False,False,False,False,False,False
493629,STATE_PREFLIGHT,12.4,5.0,10.0,45.0,0.0,0.0,9.81,0.1,0.2,0.3,12.3,45.6,78.9,101.325,25.0,0.0,0.0,98.1,1,46.5,6.6,1200.0,1.5,3.5,12,9.81,98.1,1198.4,0.0,1200.0,True,True,True,True,True,True,True,True,True,True,True,True,True,True,True,True,False,False,False,False,False,False,False,False
494131,STATE_PREFLIGHT,12.4,5.0,10.0,45.0,0.0,0.0,9.81,0.1,0.2,0.3,12.3,45.6,78.9,101.325,25.0,0.0,0.0,98.1,1,46.5,6.6,1200.0,1.5,3.5,12,9.81,98.1,1198.4,0.0,1200.0,True,True,True,True,True,True,True,True,True,True,True,True,True,True,True,True,False,False,False,False,False,False,False,False
494633,STATE_PREFLIGHT,12.4,5.0,10.0,45.0,0.0,0.0,9.81,0.1,0.2,0.3,12.3,45.6,78.9,101.325,25.0,0.0,0.0,98.1,1,46.5,6.6,1200.0,1.5,3.5,12,9.81,98.1,1198.4,0.0,1200.0,True,True,True,True,True,True,True,True,True,True,True,True,True,True,True,True,False,False,False,False,False,False,False,False
495136,STATE_PREFLIGHT,12.4,5.0,10.0,45.0,0.0,0.0,9.81,0.1,0.2,0.3,12.3,45.6,78.9,101.325,25.0,0.0,0.0,98.1,1,46.5,6.6,1200.0,1.5,3.5,12,9.81,98.1,1198.4,0.0,1200.0,True,True,True,True,True,True,True,True,True,True,True,True,True,True,True,True,False,False,False,False,False,False,False,False
495638,STATE_PREFLIGHT,12.4,5.0,10.0,45.0,0.0,0.0,9.81,0.1,0.2,0.3,12.3,45.6,78.9,101.325,25.0,0.0,0.0,98.1,1,46.5,6.6,1200.0,1.5,3.5,12,9.81,98.1,1198.4,0.0,1200.0,True,True,True,True,True,True,True,True,True,True,True,True,True,True,True,True,False,False,False,False,False,False,False,False
496141,STATE_PREFLIGHT,12.4,5.0,10.0,45.0,0.0,0.0,9.81,0.1,0.2,0.3,12.3,45.6,78.9,101.325,25.0,0.0,0.0,98.1,1,46.5,6.6,1200.0,1.5,3.5,12,9.81,98.1,1198.4,0.0,1200.0,True,True,True,True,True,True,True,True,True,True,True,True,True,True,True,True,False,False,False,False,False,False,False,False
496643,STATE_PREFLIGHT,12.4,5.0,10.0,45.0,0.0,0.0,9.81,0.1,0.2,0.3,12.3,45.6,78.9,101.325,25.0,0.0,0.0,98.1,1,46.5,6.6,1200.0,1.5,3.5,12,9.81,98.1,1198.4,0.0,1200.0,True,True,True,True,True,True,True,True,True,True,True,True,True,True,True,True,False,False,False,False,False,False,False,False
497146,STATE_PREFLIGHT,12.4,5.0,10.0,45.0,0.0,0.0,9.81,0.1,0.2,0.3,12.3,45.6,78.9,101.325,25.0,0.0,0.0,98.1,1,46.5,6.6,1200.0,1.5,3.5,12,9.81,98.1,1198.4,0.0,1200.0,True,True,True,True,True,True,True,True,True,True,True,True,True,True,True,True,False,False,False,False,False,False,False,False
497648,STATE_PREFLIGHT,12.4,5.0,10.0,45.0,0.0,0.0,9.81,0.1,0.2,0.3,12.3,45.6,78.9,101.325,25.0,0.0,0.0,98.1,1,46.5,6.6,1200.0,1.5,3.5,12,9.81,98.1,1198.4,0.0,1200.0,True,True,True,True,True,True,True,True,True,True,True,True,True,True,True,True,False,False,False,False,False,False,False,False
498151,STATE_PREFLIGHT,12.4,5.0,10.0,45.0,0.0,0.0,9.81,0.1,0.2,0.3,12.3,45.6,78.9,101.325,25.0,0.0,0.0,98.1,1,46.5,6.6,1200.0,1.5,3.5,12,9.81,98.1,1198.4,0.0,1200.0,True,True,True,True,True,True,True,True,True,True,True,True,True,True,True,True,False,False,False,False,False,False,False,False
498653,STATE_PREFLIGHT,12.4,5.0,10.0,45.0,0.0,0.0,9.81,0.1,0.2,0.3,12.3,45.6,78.9,101.325,25.0,0.0,0.0,98.1,1,46.5,6.6,1200.0,1.5,3.5,12,9.81,98.1,1198.4,0.0,1200.0,True,True,True,True,True,True,True,True,True,True,True,True,True,True,True,True,False,False,False,False,False,False,False,False
499155,STATE_PREFLIGHT,12.4,5.0,10.0,45.0,0.0,0.0,9.81,0.1,0.2,0.3,12.3,45.6,78.9,101.325,25.0,0.0,0.0,98.1,1,46.5,6.6,1200.0,1.5,3.5,12,9.81,98.1,1198.4,0.0,1200.0,True,True,True,True,True,True,True,True,True,True,True,True,True,True,True,True,False,False,False,False,False,False,False,False
499657,STATE_PREFLIGHT,12.4,5.0,10.0,45.0,0.0,0.0,9.81,0.1,0.2,0.3,12.3,45.6,78.9,101.325,25.0,0.0,0.0,98.1,1,46.5,6.6,1200.0,1.5,3.5,12,9.81,98.1,1198.4,0.0,1200.0,True,True,True,True,True,True,True,True,True,True,True,True,True,True,True,True,False,False,False,False,False,False,False,False
500159,STATE_PREFLIGHT,12.4,5.0,10.0,45.0,0.0,0.0,9.81,0.1,0.2,0.3,12.3,45.6,78.9,101.325,25.0,0.0,0.0,98.1,1,46.5,6.6,1200.0,1.5,3.5,12,9.81,98.1,1198.4,0.0,1200.0,True,True,True,True,True,True,True,True,True,True,True,True,True,True,True,True,False,False,False,False,False,False,False,False
500661,STATE_PREFLIGHT,12.4,5.0,10.0,45.0,0.0,0.0,9.81,0.1,0.2,0.3,12.3,45.6,78.9,101.325,25.0,0.0,0.0,98.1,1,46.5,6.6,1200.0,1.5,3.5,12,9.81,98.1,1198.4,0.0,1200.0,True,True,True,True,True,True,True,True,True,True,True,True,True,True,True,True,False,False,False,False,False,False,False,False
501162,STATE_PREFLIGHT,12.4,5.0,10.0,45.0,0.0,0.0,9.81,0.1,0.2,0.3,12.3,45.6,78.9,101.325,25.0,0.0,0.0,98.1,1,46.5,6.6,1200.0,1.5,3.5,12,9.81,98.1,1198.4,0.0,1200.0,True,True,True,True,True,True,True,True,True,True,True,True,True,True,True,True,False,False,False,False,False,False,False,False
501664,STATE_PREFLIGHT,12.4,5.0,10.0,45.0,0.0,0.0,9.81,0.1,0.2,0.3,12.3,45.6,78.9,101.325,25.0,0.0,0.0,98.1,1,46.5,6.6,1200.0,1.5,3.5,12,9.81,98.1,1198.4,0.0,1200.0,True,True,True,True,True,True,True,True,True,True,True,True,True,True,True,True,False,False,False,False,False,False,False,False
502166,STATE_PREFLIGHT,12.4,5.0,10.0,45.0,0.0,0.0,9.81,0.1,0.2,0.3,12.3,45.6,78.9,101.325,25.0,0.0,0.0,98.1,1,46.5,6.6,1200.0,1.5,3.5,12,9.81,98.1,1198.4,0.0,1200.0,True,True,True,True,True,True,True,True,True,True,True,True,True,True,True,True,False,False,False,False,False,False,False,False
502667,STATE_PREFLIGHT,12.4,5.0,10.0,45.0,0.0,0.0,9.81,0.1,0.2,0.3,12.3,45.6,78.9,101.325,25.0,0.0,0.0,98.1,1,46.5,6.6,1200.0,1.5,3.5,12,9.81,98.1,1198.4,0.0,1200.0,True,True,True,True,True,True,True,True,True,True,True,True,True,True,True,True,False,False,False,False,False,False,False,False
503170,STATE_PREFLIGHT,12.4,5.0,10.0,45.0,0.0,0.0,9.81,0.1,0.2,0.3,12.3,45.6,78.9,101.325,25.0,0.0,0.0,98.1,1,46.5,6.6,1200.0,1.5,3.5,12,9.81,98.1,1198.4,0.0,1200.0,True,True,True,True,True,True,True,True,True,True,True,True,True,True,True,True,False,False,False,False,False,False,False,False
503673,STATE_PREFLIGHT,12.4,5.0,10.0,45.0,0.0,0.0,9.81,0.1,0.2,0.3,12.3,45.6,78.9,101.325,25.0,0.0,0.0,98.1,1,46.5,6.6,1200.0,1.5,3.5,12,9.81,98.1,1198.4,0.0,1200.0,True,True,True,True,True,True,True,True,True,True,True,True,True,True,True,True,False,False,False,False,False,False,False,False
504175,STATE_PREFLIGHT,12.4,5.0,10.0,45.0,0.0,0.0,9.81,0.1,0.2,0.3,12.3,45.6,78.9,101.325,25.0,0.0,0.0,98.1,1,46.5,6.6,1200.0,1.5,3.5,12,9.81,98.1,1198.4,0.0,1200.0,True,True,True,True,True,True,True,True,True,True,True,True,True,True,True,True,False,False,False,False,False,False,False,False
504677,STATE_PREFLIGHT,12.4,5.0,10.0,45.0,0.0,0.0,9.81,0.1,0.2,0.3,12.3,45.6,78.9,101.325,25.0,0.0,0.0,98.1,1,46.5,6.6,1200.0,1.5,3.5,12,9.81,98.1,1198.4,0.0,1200.0,True,True,True,True,True,True,True,True,True,True,True,True,True,True,True,True,False,False,False,False,False,False,False,False
505179,STATE_PREFLIGHT,12.4,5.0,10.0,45.0,0.0,0.0,9.81,0.1,0.2,0.3,12.3,45.6,78.9,101.325,25.0,0.0,0.0,98.1,1,46.5,6.6,1200.0,1.5,3.5,12,9.81,98.1,1198.4,0.0,1200.0,True,True,True,True,True,True,True,True,True,True,True,True,True,True,True,True,False,False,False,False,False,False,False,False
505682,STATE_PREFLIGHT,12.4,5.0,10.0,45.0,0.0,0.0,9.81,0.1,0.2,0.3,12.3,45.6,78.9,101.325,25.0,0.0,0.0,98.1,1,46.5,6.6,1200.0,1.5,3.5,12,9.81,98.1,1198.4,0.0,1200.0,True,True,True,True,True,True,True,True,True,True,True,True,True,True,True,True,False,False,False,False,False,False,False,False
506185,STATE_PREFLIGHT,12.4,5.0,10.0,45.0,0.0,0.0,9.81,0.1,0.2,0.3,12.3,45.6,78.9,101.325,25.0,0.0,0.0,98.1,1,46.5,6.6,1200.0,1.5,3.5,12,9.81,98.1,1198.4,0.0,1200.0,True,True,True,True,True,True,True,True,True,True,True,True,True,True,True,True,False,False,False,False,False,False,False,False
506688,STATE_PREFLIGHT,12.4,5.0,10.0,45.0,0.0,0.0,9.81,0.1,0.2,0.3,12.3,45.6,78.9,101.325,25.0,0.0,0.0,98.1,1,46.5,6.6,1200.0,1.5,3.5,12,9.81,98.1,1198.4,0.0,1200.0,True,True,True,True,True,True,True,True,True,True,True,True,True,True,True,True,False,False,False,False,False,False,False,False
507189,STATE_PREFLIGHT,12.4,5.0,10.0,45.0,0.0,0.0,9.81,0.1,0.2,0.3,12.3,45.6,78.9,101.325,25.0,0.0,0.0,98.1,1,46.5,6.6,1200.0,1.5,3.5,12,9.81,98.1,1198.4,0.0,1200.0,True,True,True,True,True,True,True,True,True,True,True,True,True,True,True,True,False,False,False,False,False,False,False,False
507691,STATE_PREFLIGHT,12.4,5.0,10.0,45.0,0.0,0.0,9.81,0.1,0.2,0.3,12.3,45.6,78.9,101.325,25.0,0.0,0.0,98.1,1,46.5,6.6,1200.0,1.5,3.5,12,9.81,98.1,1198.4,0.0,1200.0,True,True,True,True,True,True,True,True,True,True,True,True,True,True,True,True,False,False,False,False,False,False,False,False
508193,STATE_PREFLIGHT,12.4,5.0,10.0,45.0,0.0,0.0,9.81,0.1,0.2,0.3,12.3,45.6,78.9,101.325,25.0,0.0,0.0,98.1,1,46.5,6.6,1200.0,1.5,3.5,12,9.81,98.1,1198.4,0.0,1200.0,True,True,True,True,True,True,True,True,True,True,True,True,True,True,True,True,False,False,False,False,False,False,False,False
508697,STATE_PREFLIGHT,12.4,5.0,10.0,45.0,0.0,0.0,9.81,0.1,0.2,0.3,12.3,45.6,78.9,101.325,25.0,0.0,0.0,98.1,1,46.5,6.6,1200.0,1.5,3.5,12,9.81,98.1,1198.4,0.0,1200.0,True,True,True,True,True,True,True,True,True,True,True,True,True,True,True,True,False,False,False,False,False,False,False,False
509199,STATE_PREFLIGHT,12.4,5.0,10.0,45.0,0.0,0.0,9.81,0.1,0.2,0.3,12.3,45.6,78.9,101.325,25.0,0.0,0.0,98.1,1,46.5,6.6,1200.0,1.5,3.5,12,9.81,98.1,1198.4,0.0,1200.0,True,True,True,True,True,True,True,True,True,True,True,True,True,True,True,True,False,False,False,False,False,False,False,False
509701,STATE_PREFLIGHT,12.4,5.0,10.0,45.0,0.0,0.0,9.81,0.1,0.2,0.3,12.3,45.6,78.9,101.325,25.0,0.0,0.0,98.1,1,46.5,6.6,1200.0,1.5,3.5,12,9.81,98.1,1198.4,0.0,1200.0,True,True,True,True,True,True,True,True,True,True,True,True,True,True,True,True,False,False,False,False,False,False,False,False
510202,STATE_PREFLIGHT,12.4,5.0,10.0,45.0,0.0,0.0,9.81,0.1,0.2,0.3,12.3,45.6,78.9,101.325,25.0,0.0,0.0,98.1,1,46.5,6.6,1200.0,1.5,3.5,12,9.81,98.1,1198.4,0.0,1200.0,True,True,True,True,True,True,True,True,True,True,True,True,True,True,True,True,False,False,False,False,False,False,False,False
510704,STATE_PREFLIGHT,12.4,5.0,10.0,45.0,0.0,0.0,9.81,0.1,0.2,0.3,12.3,45.6,78.9,101.325,25.0,0.0,0.0,98.1,1,46.5,6.6,1200.0,1.5,3.5,12,9.81,98.1,1198.4,0.0,1200.0,True,True,True,True,True,True,True,True,True,True,True,True,True,True,True,True,False,False,False,False,False,False,False,False
511206,STATE_PREFLIGHT,12.4,5.0,10.0,45.0,0.0,0.0,9.81,0.1,0.2,0.3,12.3,45.6,78.9,101.325,25.0,0.0,0.0,98.1,1,46.5,6.6,1200.0,1.5,3.5,12,9.81,98.1,1198.4,0.0,1200.0,True,True,True,True,True,True,True,True,True,True,True,True,True,True,True,True,False,False,False,False,False,False,False,False
511708,STATE_PREFLIGHT,12.4,5.0,10.0,45.0,0.0,0.0,9.81,0.1,0.2,0.3,12.3,45.6,78.9,101.325,25.0,0.0,0.0,98.1,1,46.5,6.6,1200.0,1.5,3.5,12,9.81,98.1,1198.4,0.0,1200.0,True,True,True,True,True,True,True,True,True,True,True,True,True,True,True,True,False,False,False,False,False,False,False,False
512209,STATE_PREFLIGHT,12.4,5.0,10.0,45.0,0.0,0.0,9.81,0.1,0.2,0.3,12.3,45.6,78.9,101.325,25.0,0.0,0.0,98.1,1,46.5,6.6,1200.0,1.5,3.5,12,9.81,98.1,1198.4,0.0,1200.0,True,True,True,True,True,True,True,True,True,True,True,True,True,True,True,True,False,False,False,False,False,False,False,False
512712,STATE_PREFLIGHT,12.4,5.0,10.0,45.0,0.0,0.0,9.81,0.1,0.2,0.3,12.3,45.6,78.9,101.325,25.0,0.0,0.0,98.1,1,46.5,6.6,1200.0,1.5,3.5,12,9.81,98.1,1198.4,0.0,1200.0,True,True,True,True,True,True,True,True,True,True,True,True,True,True,True,True,False,False,False,False,False,False,False,False
513213,STATE_PREFLIGHT,12.4,5.0,10.0,45.0,0.0,0.0,9.81,0.1,0.2,0.3,12.3,45.6,78.9,101.325,25.0,0.0,0.0,98.1,1,46.5,6.6,1200.0,1.5,3.5,12,9.81,98.1,1198.4,0.0,1200.0,True,True,True,True,True,True,True,True,True,True,True,True,True,True,True,True,False,False,False,False,False,False,False,False
513715,STATE_PREFLIGHT,12.4,5.0,10.0,45.0,0.0,0.0,9.81,0.1,0.2,0.3,12.3,45.6,78.9,101.325,25.0,0.0,0.0,98.1,1,46.5,6.6,1200.0,1.5,3.5,12,9.81,98.1,1198.4,0.0,1200.0,True,True,True,True,True,True,True,True,True,True,True,True,True,True,True,True,False,False,False,False,False,False,False,False
514217,STATE_PREFLIGHT,12.4,5.0,10.0,45.0,0.0,0.0,9.81,0.1,0.2,0.3,12.3,45.6,78.9,101.325,25.0,0.0,0.0,98.1,1,46.5,6.6,1200.0,1.5,3.5,12,9.81,98.1,1198.4,0.0,1200.0,True,True,True,True,True,True,True,True,True,True,True,True,True,True,True,True,False,False,False,False,False,False,False,False
514719,STATE_PREFLIGHT,12.4,5.0,10.0,45.0,0.0,0.0,9.81,0.1,0.2,0.3,12.3,45.6,78.9,101.325,25.0,0.0,0.0,98.1,1,46.5,6.6,1200.0,1.5,3.5,12,9.81,98.1,1198.4,0.0,1200.0,True,True,True,True,True,True,True,True,True,True,True,True,True,True,True,True,False,False,False,False,False,False,False,False
515221,STATE_PREFLIGHT,12.4,5.0,10.0,45.0,0.0,0.0,9.81,0.1,0.2,0.3,12.3,45.6,78.9,101.325,25.0,0.0,0.0,98.1,1,46.5,6.6,1200.0,1.5,3.5,12,9.81,98.1,1198.4,0.0,1200.0,True,True,True,True,True,True,True,True,True,True,True,True,True,True,True,True,False,False,False,False,False,False,False,False
515723,STATE_PREFLIGHT,12.4,5.0,10.0,45.0,0.0,0.0,9.81,0.1,0.2,0.3,12.3,45.6,78.9,101.325,25.0,0.0,0.0,98.1,1,46.5,6.6,1200.0,1.5,3.5,12,9.81,98.1,1198.4,0.0,1200.0,True,True,True,True,True,True,True,True,True,True,True,True,True,True,True,True,False,False,False,False,False,False,False,False
516225,STATE_PREFLIGHT,12.4,5.0,10.0,45.0,0.0,0.0,9.81,0.1,0.2,0.3,12.3,45.6,78.9,101.325,25.0,0.0,0.0,98.1,1,46.5,6.6,1200.0,1.5,3.5,12,9.81,98.1,1198.4,0.0,1200.0,True,True,True,True,True,True,True,True,True,True,True,True,True,True,True,True,False,False,False,False,False,False,False,False
516726,STATE_PREFLIGHT,12.4,5.0,10.0,45.0,0.0,0.0,9.81,0.1,0.2,0.3,12.3,45.6,78.9,101.325,25.0,0.0,0.0,98.1,1,46.5,6.6,1200.0,1.5,3.5,12,9.81,98.1,1198.4,0.0,1200.0,True,True,True,True,True,True,True,True,True,True,True,True,True,True,True,True,False,False,False,False,False,False,False,False
517228,STATE_PREFLIGHT,12.4,5.0,10.0,45.0,0.0,0.0,9.81,0.1,0.2,0.3,12.3,45.6,78.9,101.325,25.0,0.0,0.0,98.1,1,46.5,6.6,1200.0,1.5,3.5,12,9.81,98.1,1198.4,0.0,1200.0,True,True,True,True,True,True,True,True,True,True,True,True,True,True,True,True,False,False,False,False,False,False,False,False
517730,STATE_PREFLIGHT,12.4,5.0,10.0,45.0,0.0,0.0,9.81,0.1,0.2,0.3,12.3,45.6,78.9,101.325,25.0,0.0,0.0,98.1,1,46.5,6.6,1200.0,1.5,3.5,12,9.81,98.1,1198.4,0.0,1200.0,True,True,True,True,True,True,True,True,True,True,True,True,True,True,True,True,False,False,False,False,False,False,False,False
518232,STATE_PREFLIGHT,12.4,5.0,10.0,45.0,0.0,0.0,9.81,0.1,0.2,0.3,12.3,45.6,78.9,101.325,25.0,0.0,0.0,98.1,1,46.5,6.6,1200.0,1.5,3.5,12,9.81,98.1,1198.4,0.0,1200.0,True,True,True,True,True,True,True,True,True,True,True,True,True,True,True,True,False,False,False,False,False,False,False,False
518734,STATE_PREFLIGHT,12.4,5.0,10.0,45.0,0.0,0.0,9.81,0.1,0.2,0.3,12.3,45.6,78.9,101.325,25.0,0.0,0.0,98.1,1,46.5,6.6,1200.0,1.5,3.5,12,9.81,98.1,1198.4,0.0,1200.0,True,True,True,True,True,True,True,True,True,True,True,True,True,True,True,True,False,False,False,False,False,False,False,False
519236,STATE_PREFLIGHT,12.4,5.0,10.0,45.0,0.0,0.0,9.81,0.1,0.2,0.3,12.3,45.6,78.9,101.325,25.0,0.0,0.0,98.1,1,46.5,6.6,1200.0,1.5,3.5,12,9.81,98.1,1198.4,0.0,1200.0,True,True,True,True,True,True,True,True,True,True,True,True,True,True,True,True,False,False,False,False,False,False,False,False
519740,STATE_PREFLIGHT,12.4,5.0,10.0,45.0,0.0,0.0,9.81,0.1,0.2,0.3,12.3,45.6,78.9,101.325,25.0,0.0,0.0,98.1,1,46.5,6.6,1200.0,1.5,3.5,12,9.81,98.1,1198.4,0.0,1200.0,True,True,True,True,True,True,True,True,True,True,True,True,True,True,True,True,False,False,False,False,False,False,False,False
520242,STATE_PREFLIGHT,12.4,5.0,10.0,45.0,0.0,0.0,9.81,0.1,0.2,0.3,12.3,45.6,78.9,101.325,25.0,0.0,0.0,98.1,1,46.5,6.6,1200.0,1.5,3.5,12,9.81,98.1,1198.4,0.0,1200.0,True,True,True,True,True,True,True,True,True,True,True,True,True,True,True,True,False,False,False,False,False,False,False,False
520747,STATE_PREFLIGHT,12.4,5.0,10.0,45.0,0.0,0.0,9.81,0.1,0.2,0.3,12.3,45.6,78.9,101.325,25.0,0.0,0.0,98.1,1,46.5,6.6,1200.0,1.5,3.5,12,9.81,98.1,1198.4,0.0,1200.0,True,True,True,True,True,True,True,True,True,True,True,True,True,True,True,True,False,False,False,False,False,False,False,False
521249,STATE_PREFLIGHT,12.4,5.0,10.0,45.0,0.0,0.0,9.81,0.1,0.2,0.3,12.3,45.6,78.9,101.325,25.0,0.0,0.0,98.1,1,46.5,6.6,1200.0,1.5,3.5,12,9.81,98.1,1198.4,0.0,1200.0,True,True,True,True,True,True,True,True,True,True,True,True,True,True,True,True,False,False,False,False,False,False,False,False
521752,STATE_PREFLIGHT,12.4,5.0,10.0,45.0,0.0,0.0,9.81,0.1,0.2,0.3,12.3,45.6,78.9,101.325,25.0,0.0,0.0,98.1,1,46.5,6.6,1200.0,1.5,3.5,12,9.81,98.1,1198.4,0.0,1200.0,True,True,True,True,True,True,True,True,True,True,True,True,True,True,True,True,False,False,False,False,False,False,False,False
522256,STATE_PREFLIGHT,12.4,5.0,10.0,45.0,0.0,0.0,9.81,0.1,0.2,0.3,12.3,45.6,78.9,101.325,25.0,0.0,0.0,98.1,1,46.5,6.6,1200.0,1.5,3.5,12,9.81,98.1,1198.4,0.0,1200.0,True,True,True,True,True,True,True,True,True,True,True,True,True,True,True,True,False,False,False,False,False,False,False,False
522764,STATE_PREFLIGHT,12.4,5.0,10.0,45.0,0.0,0.0,9.81,0.1,0.2,0.3,12.3,45.6,78.9,101.325,25.0,0.0,0.0,98.1,1,46.5,6.6,1200.0,1.5,3.5,12,9.81,98.1,1198.4,0.0,1200.0,True,True,True,True,True,True,True,True,True,True,True,True,True,True,True,True,False,False,False,False,False,False,False,False
523267,STATE_PREFLIGHT,12.4,5.0,10.0,45.0,0.0,0.0,9.81,0.1,0.2,0.3,12.3,45.6,78.9,101.325,25.0,0.0,0.0,98.1,1,46.5,6.6,1200.0,1.5,3.5,12,9.81,98.1,1198.4,0.0,1200.0,True,True,True,True,True,True,True,True,True,True,True,True,True,True,True,True,False,False,False,False,False,False,False,False
523768,STATE_PREFLIGHT,12.4,5.0,10.0,45.0,0.0,0.0,9.81,0.1,0.2,0.3,12.3,45.6,78.9,101.325,25.0,0.0,0.0,98.1,1,46.5,6.6,1200.0,1.5,3.5,12,9.81,98.1,1198.4,0.0,1200.0,True,True,True,True,True,True,True,True,True,True,True,True,True,True,True,True,False,False,False,False,False,False,False,False
524271,STATE_PREFLIGHT,12.4,5.0,10.0,45.0,0.0,0.0,9.81,0.1,0.2,0.3,12.3,45.6,78.9,101.325,25.0,0.0,0.0,98.1,1,46.5,6.6,1200.0,1.5,3.5,12,9.81,98.1,1198.4,0.0,1200.0,True,True,True,True,True,True,True,True,True,True,True,True,True,True,True,True,False,False,False,False,False,False,False,False
524774,STATE_PREFLIGHT,12.4,5.0,10.0,45.0,0.0,0.0,9.81,0.1,0.2,0.3,12.3,45.6,78.9,101.325,25.0,0.0,0.0,98.1,1,46.5,6.6,1200.0,1.5,3.5,12,9.81,98.1,1198.4,0.0,1200.0,True,True,True,True,True,True,True,True,True,True,True,True,True,True,True,True,False,False,False,False,False,False,False,False
525277,STATE_PREFLIGHT,12.4,5.0,10.0,45.0,0.0,0.0,9.81,0.1,0.2,0.3,12.3,45.6,78.9,101.325,25.0,0.0,0.0,98.1,1,46.5,6.6,1200.0,1.5,3.5,12,9.81,98.1,1198.4,0.0,1200.0,True,True,True,True,True,True,True,True,True,True,True,True,True,True,True,True,False,False,False,False,False,False,False,False
525779,STATE_PREFLIGHT,12.4,5.0,10.0,45.0,0.0,0.0,9.81,0.1,0.2,0.3,12.3,45.6,78.9,101.325,25.0,0.0,0.0,98.1,1,46.5,6.6,1200.0,1.5,3.5,12,9.81,98.1,1198.4,0.0,1200.0,True,True,True,True,True,True,True,True,True,True,True,True,True,True,True,True,False,False,False,False,False,False,False,False
526281,STATE_PREFLIGHT,12.4,5.0,10.0,45.0,0.0,0.0,9.81,0.1,0.2,0.3,12.3,45.6,78.9,101.325,25.0,0.0,0.0,98.1,1,46.5,6.6,1200.0,1.5,3.5,12,9.81,98.1,1198.4,0.0,1200.0,True,True,True,True,True,True,True,True,True,True,True,True,True,True,True,True,False,False,False,False,False,False,False,False
526783,STATE_PREFLIGHT,12.4,5.0,10.0,45.0,0.0,0.0,9.81,0.1,0.2,0.3,12.3,45.6,78.9,101.325,25.0,0.0,0.0,98.1,1,46.5,6.6,1200.0,1.5,3.5,12,9.81,98.1,1198.4,0.0,1200.0,True,True,True,True,True,True,True,True,True,True,True,True,True,True,True,True,False,False,False,False,False,False,False,False
527285,STATE_PREFLIGHT,12.4,5.0,10.0,45.0,0.0,0.0,9.81,0.1,0.2,0.3,12.3,45.6,78.9,101.325,25.0,0.0,0.0,98.1,1,46.5,6.6,1200.0,1.5,3.5,12,9.81,98.1,1198.4,0.0,1200.0,True,True,True,True,True,True,True,True,True,True,True,True,True,True,True,True,False,False,False,False,False,False,False,False
527787,STATE_PREFLIGHT,12.4,5.0,10.0,45.0,0.0,0.0,9.81,0.1,0.2,0.3,12.3,45.6,78.9,101.325,25.0,0.0,0.0,98.1,1,46.5,6.6,1200.0,1.5,3.5,12,9.81,98.1,1198.4,0.0,1200.0,True,True,True,True,True,True,True,True,True,True,True,True,True,True,True,True,False,False,False,False,False,False,False,False
528289,STATE_PREFLIGHT,12.4,5.0,10.0,45.0,0.0,0.0,9.81,0.1,0.2,0.3,12.3,45.6,78.9,101.325,25.0,0.0,0.0,98.1,1,46.5,6.6,1200.0,1.5,3.5,12,9.81,98.1,1198.4,0.0,1200.0,True,True,True,True,True,True,True,True,True,True,True,True,True,True,True,True,False,False,False,False,False,False,False,False
528791,STATE_PREFLIGHT,12.4,5.0,10.0,45.0,0.0,0.0,9.81,0.1,0.2,0.3,12.3,45.6,78.9,101.325,25.0,0.0,0.0,98.1,1,46.5,6.6,1200.0,1.5,3.5,12,9.81,98.1,1198.4,0.0,1200.0,True,True,True,True,True,True,True,True,True,True,True,True,True,True,True,True,False,False,False,False,False,False,False,False
529293,STATE_PREFLIGHT,12.4,5.0,10.0,45.0,0.0,0.0,9.81,0.1,0.2,0.3,12.3,45.6,78.9,101.325,25.0,0.0,0.0,98.1,1,46.5,6.6,1200.0,1.5,3.5,12,9.81,98.1,1198.4,0.0,1200.0,True,True,True,True,True,True,True,True,True,True,True,True,True,True,True,True,False,False,False,False,False,False,False,False
529797,STATE_PREFLIGHT,12.4,5.0,10.0,45.0,0.0,0.0,9.81,0.1,0.2,0.3,12.3,45.6,78.9,101.325,25.0,0.0,0.0,98.1,1,46.5,6.6,1200.0,1.5,3.5,12,9.81,98.1,1198.4,0.0,1200.0,True,True,True,True,True,True,True,True,True,True,True,True,True,True,True,True,False,False,False,False,False,False,False,False
530300,STATE_PREFLIGHT,12.4,5.0,10.0,45.0,0.0,0.0,9.81,0.1,0.2,0.3,12.3,45.6,78.9,101.325,25.0,0.0,0.0,98.1,1,46.5,6.6,1200.0,1.5,3.5,12,9.81,98.1,1198.4,0.0,1200.0,True,True,True,True,True,True,True,True,True,True,True,True,True,True,True,True,False,False,False,False,False,False,False,False
530803,STATE_PREFLIGHT,12.4,5.0,10.0,45.0,0.0,0.0,9.81,0.1,0.2,0.3,12.3,45.6,78.9,101.325,25.0,0.0,0.0,98.1,1,46.5,6.6,1200.0,1.5,3.5,12,9.81,98.1,1198.4,0.0,1200.0,True,True,True,True,True,True,True,True,True,True,True,True,True,True,True,True,False,False,False,False,False,False,False,False
531306,STATE_PREFLIGHT,12.4,5.0,10.0,45.0,0.0,0.0,9.81,0.1,0.2,0.3,12.3,45.6,78.9,101.325,25.0,0.0,0.0,98.1,1,46.5,6.6,1200.0,1.5,3.5,12,9.81,98.1,1198.4,0.0,1200.0,True,True,True,True,True,True,True,True,True,True,True,True,True,True,True,True,False,False,False,False,False,False,False,False
531810,STATE_PREFLIGHT,12.4,5.0,10.0,45.0,0.0,0.0,9.81,0.1,0.2,0.3,12.3,45.6,78.9,101.325,25.0,0.0,0.0,98.1,1,46.5,6.6,1200.0,1.5,3.5,12,9.81,98.1,1198.4,0.0,1200.0,True,True,True,True,True,True,True,True,True,True,True,True,True,True,True,True,False,False,False,False,False,False,False,False
532313,STATE_PREFLIGHT,12.4,5.0,10.0,45.0,0.0,0.0,9.81,0.1,0.2,0.3,12.3,45.6,78.9,101.325,25.0,0.0,0.0,98.1,1,46.5,6.6,1200.0,1.5,3.5,12,9.81,98.1,1198.4,0.0,1200.0,True,True,True,True,True,True,True,True,True,True,True,True,True,True,True,True,False,False,False,False,False,False,False,False
532815,STATE_PREFLIGHT,12.4,5.0,10.0,45.0,0.0,0.0,9.81,0.1,0.2,0.3,12.3,45.6,78.9,101.325,25.0,0.0,0.0,98.1,1,46.5,6.6,1200.0,1.5,3.5,12,9.81,98.1,1198.4,0.0,1200.0,True,True,True,True,True,True,True,True,True,True,True,True,True,True,True,True,False,False,False,False,False,False,False,False
533320,STATE_PREFLIGHT,12.4,5.0,10.0,45.0,0.0,0.0,9.81,0.1,0.2,0.3,12.3,45.6,78.9,101.325,25.0,0.0,0.0,98.1,1,46.5,6.6,1200.0,1.5,3.5,12,9.81,98.1,1198.4,0.0,1200.0,True,True,True,True,True,True,True,True,True,True,True,True,True,True,True,True,False,False,False,False,False,False,False,False
533822,STATE_PREFLIGHT,12.4,5.0,10.0,45.0,0.0,0.0,9.81,0.1,0.2,0.3,12.3,45.6,78.9,101.325,25.0,0.0,0.0,98.1,1,46.5,6.6,1200.0,1.5,3.5,12,9.81,98.1,1198.4,0.0,1200.0,True,True,True,True,True,True,True,True,True,True,True,True,True,True,True,True,False,False,False,False,False,False,False,False
534325,STATE_PREFLIGHT,12.4,5.0,10.0,45.0,0.0,0.0,9.81,0.1,0.2,0.3,12.3,45.6,78.9,101.325,25.0,0.0,0.0,98.1,1,46.5,6.6,1200.0,1.5,3.5,12,9.81,98.1,1198.4,0.0,1200.0,True,True,True,True,True,True,True,True,True,True,True,True,True,True,True,True,False,False,False,False,False,False,False,False
534827,STATE_PREFLIGHT,12.4,5.0,10.0,45.0,0.0,0.0,9.81,0.1,0.2,0.3,12.3,45.6,78.9,101.325,25.0,0.0,0.0,98.1,1,46.5,6.6,1200.0,1.5,3.5,12,9.81,98.1,1198.4,0.0,1200.0,True,True,True,True,True,True,True,True,True,True,True,True,True,True,True,True,False,False,False,False,False,False,False,False
535330,STATE_PREFLIGHT,12.4,5.0,10.0,45.0,0.0,0.0,9.81,0.1,0.2,0.3,12.3,45.6,78.9,101.325,25.0,0.0,0.0,98.1,1,46.5,6.6,1200.0,1.5,3.5,12,9.81,98.1,1198.4,0.0,1200.0,True,True,True,True,True,True,True,True,True,True,True,True,True,True,True,True,False,False,False,False,False,False,False,False
535832,STATE_PREFLIGHT,12.4,5.0,10.0,45.0,0.0,0.0,9.81,0.1,0.2,0.3,12.3,45.6,78.9,101.325,25.0,0.0,0.0,98.1,1,46.5,6.6,1200.0,1.5,3.5,12,9.81,98.1,1198.4,0.0,1200.0,True,True,True,True,True,True,True,True,True,True,True,True,True,True,True,True,False,False,False,False,False,False,False,False
536336,STATE_PREFLIGHT,12.4,5.0,10.0,45.0,0.0,0.0,9.81,0.1,0.2,0.3,12.3,45.6,78.9,101.325,25.0,0.0,0.0,98.1,1,46.5,6.6,1200.0,1.5,3.5,12,9.81,98.1,1198.4,0.0,1200.0,True,True,True,True,True,True,True,True,True,True,True,True,True,True,True,True,False,False,False,False,False,False,False,False
536839,STATE_PREFLIGHT,12.4,5.0,10.0,45.0,0.0,0.0,9.81,0.1,0.2,0.3,12.3,45.6,78.9,101.325,25.0,0.0,0.0,98.1,1,46.5,6.6,1200.0,1.5,3.5,12,9.81,98.1,1198.4,0.0,1200.0,True,True,True,True,True,True,True,True,True,True,True,True,True,True,True,True,False,False,False,False,False,False,False,False
537343,STATE_PREFLIGHT,12.4,5.0,10.0,45.0,0.0,0.0,9.81,0.1,0.2,0.3,12.3,45.6,78.9,101.325,25.0,0.0,0.0,98.1,1,46.5,6.6,1200.0,1.5,3.5,12,9.81,98.1,1198.4,0.0,1200.0,True,True,True,True,True,True,True,True,True,True,True,True,True,True,True,True,False,False,False,False,False,False,False,False
537846,STATE_PREFLIGHT,12.4,5.0,10.0,45.0,0.0,0.0,9.81,0.1,0.2,0.3,12.3,45.6,78.9,101.325,25.0,0.0,0.0,98.1,1,46.5,6.6,1200.0,1.5,3.5,12,9.81,98.1,1198.4,0.0,1200.0,True,True,True,True,True,True,True,True,True,True,True,True,True,True,True,True,False,False,False,False,False,False,False,False
538348,STATE_PREFLIGHT,12.4,5.0,10.0,45.0,0.0,0.0,9.81,0.1,0.2,0.3,12.3,45.6,78.9,101.325,25.0,0.0,0.0,98.1,1,46.5,6.6,1200.0,1.5,3.5,12,9.81,98.1,1198.4,0.0,1200.0,True,True,True,True,True,True,True,True,True,True,True,True,True,True,True,True,False,False,False,False,False,False,False,False
538850,STATE_PREFLIGHT,12.4,5.0,10.0,45.0,0.0,0.0,9.81,0.1,0.2,0.3,12.3,45.6,78.9,101.325,25.0,0.0,0.0,98.1,1,46.5,6.6,1200.0,1.5,3.5,12,9.81,98.1,1198.4,0.0,1200.0,True,True,True,True,True,True,True,True,True,True,True,True,True,True,True,True,False,False,False,False,False,False,False,False
539352,STATE_PREFLIGHT,12.4,5.0,10.0,45.0,0.0,0.0,9.81,0.1,0.2,0.3,12.3,45.6,78.9,101.325,25.0,0.0,0.0,98.1,1,46.5,6.6,1200.0,1.5,3.5,12,9.81,98.1,1198.4,0.0,1200.0,True,True,True,True,True,True,True,True,True,True,True,True,True,True,True,True,False,False,False,False,False,False,False,False
539854,STATE_PREFLIGHT,12.4,5.0,10.0,45.0,0.0,0.0,9.81,0.1,0.2,0.3,12.3,45.6,78.9,101.325,25.0,0.0,0.0,98.1,1,46.5,6.6,1200.0,1.5,3.5,12,9.81,98.1,1198.4,0.0,1200.0,True,True,True,True,True,True,True,True,True,True,True,True,True,True,True,True,False,False,False,False,False,False,False,False
540357,STATE_PREFLIGHT,12.4,5.0,10.0,45.0,0.0,0.0,9.81,0.1,0.2,0.3,12.3,45.6,78.9,101.325,25.0,0.0,0.0,98.1,1,46.5,6.6,1200.0,1.5,3.5,12,9.81,98.1,1198.4,0.0,1200.0,True,True,True,True,True,True,True,True,True,True,True,True,True,True,True,True,False,False,False,False,False,False,False,False
540860,STATE_PREFLIGHT,12.4,5.0,10.0,45.0,0.0,0.0,9.81,0.1,0.2,0.3,12.3,45.6,78.9,101.325,25.0,0.0,0.0,98.1,1,46.5,6.6,1200.0,1.5,3.5,12,9.81,98.1,1198.4,0.0,1200.0,True,True,True,True,True,True,True,True,True,True,True,True,True,True,True,True,False,False,False,False,False,False,False,False
541365,STATE_PREFLIGHT,12.4,5.0,10.0,45.0,0.0,0.0,9.81,0.1,0.2,0.3,12.3,45.6,78.9,101.325,25.0,0.0,0.0,98.1,1,46.5,6.6,1200.0,1.5,3.5,12,9.81,98.1,1198.4,0.0,1200.0,True,True,True,True,True,True,True,True,True,True,True,True,True,True,True,True,False,False,False,False,False,False,False,False
541868,STATE_PREFLIGHT,12.4,5.0,10.0,45.0,0.0,0.0,9.81,0.1,0.2,0.3,12.3,45.6,78.9,101.325,25.0,0.0,0.0,98.1,1,46.5,6.6,1200.0,1.5,3.5,12,9.81,98.1,1198.4,0.0,1200.0,True,True,True,True,True,True,True,True,True,True,True,True,True,True,True,True,False,False,False,False,False,False,False,False
542370,STATE_PREFLIGHT,12.4,5.0,10.0,45.0,0.0,0.0,9.81,0.1,0.2,0.3,12.3,45.6,78.9,101.325,25.0,0.0,0.0,98.1,1,46.5,6.6,1200.0,1.5,3.5,12,9.81,98.1,1198.4,0.0,1200.0,True,True,True,True,True,True,True,True,True,True,True,True,True,True,True,True,False,False,False,False,False,False,False,False
542872,STATE_PREFLIGHT,12.4,5.0,10.0,45.0,0.0,0.0,9.81,0.1,0.2,0.3,12.3,45.6,78.9,101.325,25.0,0.0,0.0,98.1,1,46.5,6.6,1200.0,1.5,3.5,12,9.81,98.1,1198.4,0.0,1200.0,True,True,True,True,True,True,True,True,True,True,True,True,True,True,True,True,False,False,False,False,False,False,False,False
543374,STATE_PREFLIGHT,12.4,5.0,10.0,45.0,0.0,0.0,9.81,0.1,0.2,0.3,12.3,45.6,78.9,101.325,25.0,0.0,0.0,98.1,1,46.5,6.6,1200.0,1.5,3.5,12,9.81,98.1,1198.4,0.0,1200.0,True,True,True,True,True,True,True,True,True,True,True,True,True,True,True,True,False,False,False,False,False,False,False,False
543876,STATE_PREFLIGHT,12.4,5.0,10.0,45.0,0.0,0.0,9.81,0.1,0.2,0.3,12.3,45.6,78.9,101.325,25.0,0.0,0.0,98.1,1,46.5,6.6,1200.0,1.5,3.5,12,9.81,98.1,1198.4,0.0,1200.0,True,True,True,True,True,True,True,True,True,True,True,True,True,True,True,True,False,False,False,False,False,False,False,False
544378,STATE_PREFLIGHT,12.4,5.0,10.0,45.0,0.0,0.0,9.81,0.1,0.2,0.3,12.3,45.6,78.9,101.325,25.0,0.0,0.0,98.1,1,46.5,6.6,1200.0,1.5,3.5,12,9.81,98.1,1198.4,0.0,1200.0,True,True,True,True,True,True,True,True,True,True,True,True,True,True,True,True,False,False,False,False,False,False,False,False
544881,STATE_PREFLIGHT,12.4,5.0,10.0,45.0,0.0,0.0,9.81,0.1,0.2,0.3,12.3,45.6,78.9,101.325,25.0,0.0,0.0,98.1,1,46.5,6.6,1200.0,1.5,3.5,12,9.81,98.1,1198.4,0.0,1200.0,True,True,True,True,True,True,True,True,True,True,True,True,True,True,True,True,False,False,False,False,False,False,False,False
545383,STATE_PREFLIGHT,12.4,5.0,10.0,45.0,0.0,0.0,9.81,0.1,0.2,0.3,12.3,45.6,78.9,101.325,25.0,0.0,0.0,98.1,1,46.5,6.6,1200.0,1.5,3.5,12,9.81,98.1,1198.4,0.0,1200.0,True,True,True,True,True,True,True,True,True,True,True,True,True,True,True,True,False,False,False,False,False,False,False,False
545885,STATE_PREFLIGHT,12.4,5.0,10.0,45.0,0.0,0.0,9.81,0.1,0.2,0.3,12.3,45.6,78.9,101.325,25.0,0.0,0.0,98.1,1,46.5,6.6,1200.0,1.5,3.5,12,9.81,98.1,1198.4,0.0,1200.0,True,True,True,True,True,True,True,True,True,True,True,True,True,True,True,True,False,False,False,False,False,False,False,False
546387,STATE_PREFLIGHT,12.4,5.0,10.0,45.0,0.0,0.0,9.81,0.1,0.2,0.3,12.3,45.6,78.9,101.325,25.0,0.0,0.0,98.1,1,46.5,6.6,1200.0,1.5,3.5,12,9.81,98.1,1198.4,0.0,1200.0,True,True,True,True,True,True,True,True,True,True,True,True,True,True,True,True,False,False,False,False,False,False,False,False
546889,STATE_PREFLIGHT,12.4,5.0,10.0,45.0,0.0,0.0,9.81,0.1,0.2,0.3,12.3,45.6,78.9,101.325,25.0,0.0,0.0,98.1,1,46.5,6.6,1200.0,1.5,3.5,12,9.81,98.1,1198.4,0.0,1200.0,True,True,True,True,True,True,True,True,True,True,True,True,True,True,True,True,False,False,False,False,False,False,False,False
547392,STATE_PREFLIGHT,12.4,5.0,10.0,45.0,0.0,0.0,9.81,0.1,0.2,0.3,12.3,45.6,78.9,101.325,25.0,0.0,0.0,98.1,1,46.5,6.6,1200.0,1.5,3.5,12,9.81,98.1,1198.4,0.0,1200.0,True,True,True,True,True,True,True,True,True,True,True,True,True,True,True,True,False,False,False,False,False,False,False,False
547894,STATE_PREFLIGHT,12.4,5.0,10.0,45.0,0.0,0.0,9.81,0.1,0.2,0.3,12.3,45.6,78.9,101.325,25.0,0.0,0.0,98.1,1,46.5,6.6,1200.0,1.5,3.5,12,9.81,98.1,1198.4,0.0,1200.0,True,True,True,True,True,True,True,True,True,True,True,True,True,True,True,True,False,False,False,False,False,False,False,False
548396,STATE_PREFLIGHT,12.4,5.0,10.0,45.0,0.0,0.0,9.81,0.1,0.2,0.3,12.3,45.6,78.9,101.325,25.0,0.0,0.0,98.1,1,46.5,6.6,1200.0,1.5,3.5,12,9.81,98.1,1198.4,0.0,1200.0,True,True,True,True,True,True,True,True,True,True,True,True,True,True,True,True,False,False,False,False,False,False,False,False
548899,STATE_PREFLIGHT,12.4,5.0,10.0,45.0,0.0,0.0,9.81,0.1,0.2,0.3,12.3,45.6,78.9,101.325,25.0,0.0,0.0,98.1,1,46.5,6.6,1200.0,1.5,3.5,12,9.81,98.1,1198.4,0.0,1200.0,True,True,True,True,True,True,True,True,True,True,True,True,True,True,True,True,False,False,False,False,False,False,False,False
549402,STATE_PREFLIGHT,12.4,5.0,10.0,45.0,0.0,0.0,9.81,0.1,0.2,0.3,12.3,45.6,78.9,101.325,25.0,0.0,0.0,98.1,1,46.5,6.6,1200.0,1.5,3.5,12,9.81,98.1,1198.4,0.0,1200.0,True,True,True,True,True,True,True,True,True,True,True,True,True,True,True,True,False,False,False,False,False,False,False,False
549903,STATE_PREFLIGHT,12.4,5.0,10.0,45.0,0.0,0.0,9.81,0.1,0.2,0.3,12.3,45.6,78.9,101.325,25.0,0.0,0.0,98.1,1,46.5,6.6,1200.0,1.5,3.5,12,9.81,98.1,1198.4,0.0,1200.0,True,True,True,True,True,True,True,True,True,True,True,True,True,True,True,True,False,False,False,False,False,False,False,False
550405,STATE_PREFLIGHT,12.4,5.0,10.0,45.0,0.0,0.0,9.81,0.1,0.2,0.3,12.3,45.6,78.9,101.325,25.0,0.0,0.0,98.1,1,46.5,6.6,1200.0,1.5,3.5,12,9.81,98.1,1198.4,0.0,1200.0,True,True,True,True,True,True,True,True,True,True,True,True,True,True,True,True,False,False,False,False,False,False,False,False
550907,STATE_PREFLIGHT,12.4,5.0,10.0,45.0,0.0,0.0,9.81,0.1,0.2,0.3,12.3,45.6,78.9,101.325,25.0,0.0,0.0,98.1,1,46.5,6.6,1200.0,1.5,3.5,12,9.81,98.1,1198.4,0.0,1200.0,True,True,True,True,True,True,True,True,True,True,True,True,True,True,True,True,False,False,False,False,False,False,False,False
551410,STATE_PREFLIGHT,12.4,5.0,10.0,45.0,0.0,0.0,9.81,0.1,0.2,0.3,12.3,45.6,78.9,101.325,25.0,0.0,0.0,98.1,1,46.5,6.6,1200.0,1.5,3.5,12,9.81,98.1,1198.4,0.0,1200.0,True,True,True,True,True,True,True,True,True,True,True,True,True,True,True,True,False,False,False,False,False,False,False,False
551912,STATE_PREFLIGHT,12.4,5.0,10.0,45.0,0.0,0.0,9.81,0.1,0.2,0.3,12.3,45.6,78.9,101.325,25.0,0.0,0.0,98.1,1,46.5,6.6,1200.0,1.5,3.5,12,9.81,98.1,1198.4,0.0,1200.0,True,True,True,True,True,True,True,True,True,True,True,True,True,True,True,True,False,False,False,False,False,False,False,False
552414,STATE_PREFLIGHT,12.4,5.0,10.0,45.0,0.0,0.0,9.81,0.1,0.2,0.3,12.3,45.6,78.9,101.325,25.0,0.0,0.0,98.1,1,46.5,6.6,1200.0,1.5,3.5,12,9.81,98.1,1198.4,0.0,1200.0,True,True,True,True,True,True,True,True,True,True,True,True,True,True,True,True,False,False,False,False,False,False,False,False
552916,STATE_PREFLIGHT,12.4,5.0,10.0,45.0,0.0,0.0,9.81,0.1,0.2,0.3,12.3,45.6,78.9,101.325,25.0,0.0,0.0,98.1,1,46.5,6.6,1200.0,1.5,3.5,12,9.81,98.1,1198.4,0.0,1200.0,True,True,True,True,True,True,True,True,True,True,True,True,True,True,True,True,False,False,False,False,False,False,False,False
553417,STATE_PREFLIGHT,12.4,5.0,10.0,45.0,0.0,0.0,9.81,0.1,0.2,0.3,12.3,45.6,78.9,101.325,25.0,0.0,0.0,98.1,1,46.5,6.6,1200.0,1.5,3.5,12,9.81,98.1,1198.4,0.0,1200.0,True,True,True,True,True,True,True,True,True,True,True,True,True,True,True,True,False,False,False,False,False,False,False,False
553921,STATE_PREFLIGHT,12.4,5.0,10.0,45.0,0.0,0.0,9.81,0.1,0.2,0.3,12.3,45.6,78.9,101.325,25.0,0.0,0.0,98.1,1,46.5,6.6,1200.0,1.5,3.5,12,9.81,98.1,1198.4,0.0,1200.0,True,True,True,True,True,True,True,True,True,True,True,True,True,True,True,True,False,False,False,False,False,False,False,False
554423,STATE_PREFLIGHT,12.4,5.0,10.0,45.0,0.0,0.0,9.81,0.1,0.2,0.3,12.3,45.6,78.9,101.325,25.0,0.0,0.0,98.1,1,46.5,6.6,1200.0,1.5,3.5,12,9.81,98.1,1198.4,0.0,1200.0,True,True,True,True,True,True,True,True,True,True,True,True,True,True,True,True,False,False,False,False,False,False,False,False
554925,STATE_PREFLIGHT,12.4,5.0,10.0,45.0,0.0,0.0,9.81,0.1,0.2,0.3,12.3,45.6,78.9,101.325,25.0,0.0,0.0,98.1,1,46.5,6.6,1200.0,1.5,3.5,12,9.81,98.1,1198.4,0.0,1200.0,True,True,True,True,True,True,True,True,True,True,True,True,True,True,True,True,False,False,False,False,False,False,False,False
555428,STATE_PREFLIGHT,12.4,5.0,10.0,45.0,0.0,0.0,9.81,0.1,0.2,0.3,12.3,45.6,78.9,101.325,25.0,0.0,0.0,98.1,1,46.5,6.6,1200.0,1.5,3.5,12,9.81,98.1,1198.4,0.0,1200.0,True,True,True,True,True,True,True,True,True,True,True,True,True,True,True,True,False,False,False,False,False,False,False,False
555932,STATE_PREFLIGHT,12.4,5.0,10.0,45.0,0.0,0.0,9.81,0.1,0.2,0.3,12.3,45.6,78.9,101.325,25.0,0.0,0.0,98.1,1,46.5,6.6,1200.0,1.5,3.5,12,9.81,98.1,1198.4,0.0,1200.0,True,True,True,True,True,True,True,True,True,True,True,True,True,True,True,True,False,False,False,False,False,False,False,False
556434,STATE_PREFLIGHT,12.4,5.0,10.0,45.0,0.0,0.0,9.81,0.1,0.2,0.3,12.3,45.6,78.9,101.325,25.0,0.0,0.0,98.1,1,46.5,6.6,1200.0,1.5,3.5,12,9.81,98.1,1198.4,0.0,1200.0,True,True,True,True,True,True,True,True,True,True,True,True,True,True,True,True,False,False,False,False,False,False,False,False
556937,STATE_PREFLIGHT,12.4,5.0,10.0,45.0,0.0,0.0,9.81,0.1,0.2,0.3,12.3,45.6,78.9,101.325,25.0,0.0,0.0,98.1,1,46.5,6.6,1200.0,1.5,3.5,12,9.81,98.1,1198.4,0.0,1200.0,True,True,True,True,True,True,True,True,True,True,True,True,True,True,True,True,False,False,False,False,False,False,False,False
557439,STATE_PREFLIGHT,12.4,5.0,10.0,45.0,0.0,0.0,9.81,0.1,0.2,0.3,12.3,45.6,78.9,101.325,25.0,0.0,0.0,98.1,1,46.5,6.6,1200.0,1.5,3.5,12,9.81,98.1,1198.4,0.0,1200.0,True,True,True,True,True,True,True,True,True,True,True,True,True,True,True,True,False,False,False,False,False,False,False,False
557942,STATE_PREFLIGHT,12.4,5.0,10.0,45.0,0.0,0.0,9.81,0.1,0.2,0.3,12.3,45.6,78.9,101.325,25.0,0.0,0.0,98.1,1,46.5,6.6,1200.0,1.5,3.5,12,9.81,98.1,1198.4,0.0,1200.0,True,True,True,True,True,True,True,True,True,True,True,True,True,True,True,True,False,False,False,False,False,False,False,False
558444,STATE_PREFLIGHT,12.4,5.0,10.0,45.0,0.0,0.0,9.81,0.1,0.2,0.3,12.3,45.6,78.9,101.325,25.0,0.0,0.0,98.1,1,46.5,6.6,1200.0,1.5,3.5,12,9.81,98.1,1198.4,0.0,1200.0,True,True,True,True,True,True,True,True,True,True,True,True,True,True,True,True,False,False,False,False,False,False,False,False
558946,STATE_PREFLIGHT,12.4,5.0,10.0,45.0,0.0,0.0,9.81,0.1,0.2,0.3,12.3,45.6,78.9,101.325,25.0,0.0,0.0,98.1,1,46.5,6.6,1200.0,1.5,3.5,12,9.81,98.1,1198.4,0.0,1200.0,True,True,True,True,True,True,True,True,True,True,True,True,True,True,True,True,False,False,False,False,False,False,False,False
559448,STATE_PREFLIGHT,12.4,5.0,10.0,45.0,0.0,0.0,9.81,0.1,0.2,0.3,12.3,45.6,78.9,101.325,25.0,0.0,0.0,98.1,1,46.5,6.6,1200.0,1.5,3.5,12,9.81,98.1,1198.4,0.0,1200.0,True,True,True,True,True,True,True,True,True,True,True,True,True,True,True,True,False,False,False,False,False,False,False,False
559951,STATE_PREFLIGHT,12.4,5.0,10.0,45.0,0.0,0.0,9.81,0.1,0.2,0.3,12.3,45.6,78.9,101.325,25.0,0.0,0.0,98.1,1,46.5,6.6,1200.0,1.5,3.5,12,9.81,98.1,1198.4,0.0,1200.0,True,True,True,True,True,True,True,True,True,True,True,True,True,True,True,True,False,False,False,False,False,False,False,False
560452,STATE_PREFLIGHT,12.4,5.0,10.0,45.0,0.0,0.0,9.81,0.1,0.2,0.3,12.3,45.6,78.9,101.325,25.0,0.0,0.0,98.1,1,46.5,6.6,1200.0,1.5,3.5,12,9.81,98.1,1198.4,0.0,1200.0,True,True,True,True,True,True,True,True,True,True,True,True,True,True,True,True,False,False,False,False,False,False,False,False
560954,STATE_PREFLIGHT,12.4,5.0,10.0,45.0,0.0,0.0,9.81,0.1,0.2,0.3,12.3,45.6,78.9,101.325,25.0,0.0,0.0,98.1,1,46.5,6.6,1200.0,1.5,3.5,12,9.81,98.1,1198.4,0.0,1200.0,True,True,True,True,True,True,True,True,True,True,True,True,True,True,True,True,False,False,False,False,False,False,False,False
561457,STATE_PREFLIGHT,12.4,5.0,10.0,45.0,0.0,0.0,9.81,0.1,0.2,0.3,12.3,45.6,78.9,101.325,25.0,0.0,0.0,98.1,1,46.5,6.6,1200.0,1.5,3.5,12,9.81,98.1,1198.4,0.0,1200.0,True,True,True,True,True,True,True,True,True,True,True,True,True,True,True,True,False,False,False,False,False,False,False,False
561959,STATE_PREFLIGHT,12.4,5.0,10.0,45.0,0.0,0.0,9.81,0.1,0.2,0.3,12.3,45.6,78.9,101.325,25.0,0.0,0.0,98.1,1,46.5,6.6,1200.0,1.5,3.5,12,9.81,98.1,1198.4,0.0,1200.0,True,True,True,True,True,True,True,True,True,True,True,True,True,True,True,True,False,False,False,False,False,False,False,False
562461,STATE_PREFLIGHT,12.4,5.0,10.0,45.0,0.0,0.0,9.81,0.1,0.2,0.3,12.3,45.6,78.9,101.325,25.0,0.0,0.0,98.1,1,46.5,6.6,1200.0,1.5,3.5,12,9.81,98.1,1198.4,0.0,1200.0,True,True,True,True,True,True,True,True,True,True,True,True,True,True,True,True,False,False,False,False,False,False,False,False
562963,STATE_PREFLIGHT,12.4,5.0,10.0,45.0,0.0,0.0,9.81,0.1,0.2,0.3,12.3,45.6,78.9,101.325,25.0,0.0,0.0,98.1,1,46.5,6.6,1200.0,1.5,3.5,12,9.81,98.1,1198.4,0.0,1200.0,True,True,True,True,True,True,True,True,True,True,True,True,True,True,True,True,False,False,False,False,False,False,False,False
563465,STATE_PREFLIGHT,12.4,5.0,10.0,45.0,0.0,0.0,9.81,0.1,0.2,0.3,12.3,45.6,78.9,101.325,25.0,0.0,0.0,98.1,1,46.5,6.6,1200.0,1.5,3.5,12,9.81,98.1,1198.4,0.0,1200.0,True,True,True,True,True,True,True,True,True,True,True,True,True,True,True,True,False,False,False,False,False,False,False,False
563967,STATE_PREFLIGHT,12.4,5.0,10.0,45.0,0.0,0.0,9.81,0.1,0.2,0.3,12.3,45.6,78.9,101.325,25.0,0.0,0.0,98.1,1,46.5,6.6,1200.0,1.5,3.5,12,9.81,98.1,1198.4,0.0,1200.0,True,True,True,True,True,True,True,True,True,True,True,True,True,True,True,True,False,False,False,False,False,False,False,False
564469,STATE_PREFLIGHT,12.4,5.0,10.0,45.0,0.0,0.0,9.81,0.1,0.2,0.3,12.3,45.6,78.9,101.325,25.0,0.0,0.0,98.1,1,46.5,6.6,1200.0,1.5,3.5,12,9.81,98.1,1198.4,0.0,1200.0,True,True,True,True,True,True,True,True,True,True,True,True,True,True,True,True,False,False,False,False,False,False,False,False
564971,STATE_PREFLIGHT,12.4,5.0,10.0,45.0,0.0,0.0,9.81,0.1,0.2,0.3,12.3,45.6,78.9,101.325,25.0,0.0,0.0,98.1,1,46.5,6.6,1200.0,1.5,3.5,12,9.81,98.1,1198.4,0.0,1200.0,True,True,True,True,True,True,True,True,True,True,True,True,True,True,True,True,False,False,False,False,False,False,False,False
565472,STATE_PREFLIGHT,12.4,5.0,10.0,45.0,0.0,0.0,9.81,0.1,0.2,0.3,12.3,45.6,78.9,101.325,25.0,0.0,0.0,98.1,1,46.5,6.6,1200.0,1.5,3.5,12,9.81,98.1,1198.4,0.0,1200.0,True,True,True,True,True,True,True,True,True,True,True,True,True,True,True,True,False,False,False,False,False,False,False,False
565974,STATE_PREFLIGHT,12.4,5.0,10.0,45.0,0.0,0.0,9.81,0.1,0.2,0.3,12.3,45.6,78.9,101.325,25.0,0.0,0.0,98.1,1,46.5,6.6,1200.0,1.5,3.5,12,9.81,98.1,1198.4,0.0,1200.0,True,True,True,True,True,True,True,True,True,True,True,True,True,True,True,True,False,False,False,False,False,False,False,False
566476,STATE_PREFLIGHT,12.4,5.0,10.0,45.0,0.0,0.0,9.81,0.1,0.2,0.3,12.3,45.6,78.9,101.325,25.0,0.0,0.0,98.1,1,46.5,6.6,1200.0,1.5,3.5,12,9.81,98.1,1198.4,0.0,1200.0,True,True,True,True,True,True,True,True,True,True,True,True,True,True,True,True,False,False,False,False,False,False,False,False
566978,STATE_PREFLIGHT,12.4,5.0,10.0,45.0,0.0,0.0,9.81,0.1,0.2,0.3,12.3,45.6,78.9,101.325,25.0,0.0,0.0,98.1,1,46.5,6.6,1200.0,1.5,3.5,12,9.81,98.1,1198.4,0.0,1200.0,True,True,True,True,True,True,True,True,True,True,True,True,True,True,True,True,False,False,False,False,False,False,False,False
567480,STATE_PREFLIGHT,12.4,5.0,10.0,45.0,0.0,0.0,9.81,0.1,0.2,0.3,12.3,45.6,78.9,101.325,25.0,0.0,0.0,98.1,1,46.5,6.6,1200.0,1.5,3.5,12,9.81,98.1,1198.4,0.0,1200.0,True,True,True,True,True,True,True,True,True,True,True,True,True,True,True,True,False,False,False,False,False,False,False,False
567981,STATE_PREFLIGHT,12.4,5.0,10.0,45.0,0.0,0.0,9.81,0.1,0.2,0.3,12.3,45.6,78.9,101.325,25.0,0.0,0.0,98.1,1,46.5,6.6,1200.0,1.5,3.5,12,9.81,98.1,1198.4,0.0,1200.0,True,True,True,True,True,True,True,True,True,True,True,True,True,True,True,True,False,False,False,False,False,False,False,False
568483,STATE_PREFLIGHT,12.4,5.0,10.0,45.0,0.0,0.0,9.81,0.1,0.2,0.3,12.3,45.6,78.9,101.325,25.0,0.0,0.0,98.1,1,46.5,6.6,1200.0,1.5,3.5,12,9.81,98.1,1198.4,0.0,1200.0,True,True,True,True,True,True,True,True,True,True,True,True,True,True,True,True,False,False,False,False,False,False,False,False
568985,STATE_PREFLIGHT,12.4,5.0,10.0,45.0,0.0,0.0,9.81,0.1,0.2,0.3,12.3,45.6,78.9,101.325,25.0,0.0,0.0,98.1,1,46.5,6.6,1200.0,1.5,3.5,12,9.81,98.1,1198.4,0.0,1200.0,True,True,True,True,True,True,True,True,True,True,True,True,True,True,True,True,False,False,False,False,False,False,False,False
569486,STATE_PREFLIGHT,12.4,5.0,10.0,45.0,0.0,0.0,9.81,0.1,0.2,0.3,12.3,45.6,78.9,101.325,25.0,0.0,0.0,98.1,1,46.5,6.6,1200.0,1.5,3.5,12,9.81,98.1,1198.4,0.0,1200.0,True,True,True,True,True,True,True,True,True,True,True,True,True,True,True,True,False,False,False,False,False,False,False,False
569988,STATE_PREFLIGHT,12.4,5.0,10.0,45.0,0.0,0.0,9.81,0.1,0.2,0.3,12.3,45.6,78.9,101.325,25.0,0.0,0.0,98.1,1,46.5,6.6,1200.0,1.5,3.5,12,9.81,98.1,1198.4,0.0,1200.0,True,True,True,True,True,True,True,True,True,True,True,True,True,True,True,True,False,False,False,False,False,False,False,False
570490,STATE_PREFLIGHT,12.4,5.0,10.0,45.0,0.0,0.0,9.81,0.1,0.2,0.3,12.3,45.6,78.9,101.325,25.0,0.0,0.0,98.1,1,46.5,6.6,1200.0,1.5,3.5,12,9.81,98.1,1198.4,0.0,1200.0,True,True,True,True,True,True,True,True,True,True,True,True,True,True,True,True,False,False,False,False,False,False,False,False
570991,STATE_PREFLIGHT,12.4,5.0,10.0,45.0,0.0,0.0,9.81,0.1,0.2,0.3,12.3,45.6,78.9,101.325,25.0,0.0,0.0,98.1,1,46.5,6.6,1200.0,1.5,3.5,12,9.81,98.1,1198.4,0.0,1200.0,True,True,True,True,True,True,True,True,True,True,True,True,True,True,True,True,False,False,False,False,False,False,False,False
571493,STATE_PREFLIGHT,12.4,5.0,10.0,45.0,0.0,0.0,9.81,0.1,0.2,0.3,12.3,45.6,78.9,101.325,25.0,0.0,0.0,98.1,1,46.5,6.6,1200.0,1.5,3.5,12,9.81,98.1,1198.4,0.0,1200.0,True,True,True,True,True,True,True,True,True,True,True,True,True,True,True,True,False,False,False,False,False,False,False,False
571995,STATE_PREFLIGHT,12.4,5.0,10.0,45.0,0.0,0.0,9.81,0.1,0.2,0.3,12.3,45.6,78.9,101.325,25.0,0.0,0.0,98.1,1,46.5,6.6,1200.0,1.5,3.5,12,9.81,98.1,1198.4,0.0,1200.0,True,True,True,True,True,True,True,True,True,True,True,True,True,True,True,True,False,False,False,False,False,False,False,False
572496,STATE_PREFLIGHT,12.4,5.0,10.0,45.0,0.0,0.0,9.81,0.1,0.2,0.3,12.3,45.6,78.9,101.325,25.0,0.0,0.0,98.1,1,46.5,6.6,1200.0,1.5,3.5,12,9.81,98.1,1198.4,0.0,1200.0,True,True,True,True,True,True,True,True,True,True,True,True,True,True,True,True,False,False,False,False,False,False,False,False
572998,STATE_PREFLIGHT,12.4,5.0,10.0,45.0,0.0,0.0,9.81,0.1,0.2,0.3,12.3,45.6,78.9,101.325,25.0,0.0,0.0,98.1,1,46.5,6.6,1200.0,1.5,3.5,12,9.81,98.1,1198.4,0.0,1200.0,True,True,True,True,True,True,True,True,True,True,True,True,True,True,True,True,False,False,False,False,False,False,False,False
573500,STATE_PREFLIGHT,12.4,5.0,10.0,45.0,0.0,0.0,9.81,0.1,0.2,0.3,12.3,45.6,78.9,101.325,25.0,0.0,0.0,98.1,1,46.5,6.6,1200.0,1.5,3.5,12,9.81,98.1,1198.4,0.0,1200.0,True,True,True,True,True,True,True,True,True,True,True,True,True,True,True,True,False,False,False,False,False,False,False,False
574001,STATE_PREFLIGHT,12.4,5.0,10.0,45.0,0.0,0.0,9.81,0.1,0.2,0.3,12.3,45.6,78.9,101.325,25.0,0.0,0.0,98.1,1,46.5,6.6,1200.0,1.5,3.5,12,9.81,98.1,1198.4,0.0,1200.0,True,True,True,True,True,True,True,True,True,True,True,True,True,True,True,True,False,False,False,False,False,False,False,False
574503,STATE_PREFLIGHT,12.4,5.0,10.0,45.0,0.0,0.0,9.81,0.1,0.2,0.3,12.3,45.6,78.9,101.325,25.0,0.0,0.0,98.1,1,46.5,6.6,1200.0,1.5,3.5,12,9.81,98.1,1198.4,0.0,1200.0,True,True,True,True,True,True,True,True,True,True,True,True,True,True,True,True,False,False,False,False,False,False,False,False
575005,STATE_PREFLIGHT,12.4,5.0,10.0,45.0,0.0,0.0,9.81,0.1,0.2,0.3,12.3,45.6,78.9,101.325,25.0,0.0,0.0,98.1,1,46.5,6.6,1200.0,1.5,3.5,12,9.81,98.1,1198.4,0.0,1200.0,True,True,True,True,True,True,True,True,True,True,True,True,True,True,True,True,False,False,False,False,False,False,False,False
575506,STATE_PREFLIGHT,12.4,5.0,10.0,45.0,0.0,0.0,9.81,0.1,0.2,0.3,12.3,45.6,78.9,101.325,25.0,0.0,0.0,98.1,1,46.5,6.6,1200.0,1.5,3.5,12,9.81,98.1,1198.4,0.0,1200.0,True,True,True,True,True,True,True,True,True,True,True,True,True,True,True,True,False,False,False,False,False,False,False,False
576008,STATE_PREFLIGHT,12.4,5.0,10.0,45.0,0.0,0.0,9.81,0.1,0.2,0.3,12.3,45.6,78.9,101.325,25.0,0.0,0.0,98.1,1,46.5,6.6,1200.0,1.5,3.5,12,9.81,98.1,1198.4,0.0,1200.0,True,True,True,True,True,True,True,True,True,True,True,True,True,True,True,True,False,False,False,False,False,False,False,False
576510,STATE_PREFLIGHT,12.4,5.0,10.0,45.0,0.0,0.0,9.81,0.1,0.2,0.3,12.3,45.6,78.9,101.325,25.0,0.0,0.0,98.1,1,46.5,6.6,1200.0,1.5,3.5,12,9.81,98.1,1198.4,0.0,1200.0,True,True,True,True,True,True,True,True,True,True,True,True,True,True,True,True,False,False,False,False,False,False,False,False
577012,STATE_PREFLIGHT,12.4,5.0,10.0,45.0,0.0,0.0,9.81,0.1,0.2,0.3,12.3,45.6,78.9,101.325,25.0,0.0,0.0,98.1,1,46.5,6.6,1200.0,1.5,3.5,12,9.81,98.1,1198.4,0.0,1200.0,True,True,True,True,True,True,True,True,True,True,True,True,True,True,True,True,False,False,False,False,False,False,False,False
577513,STATE_PREFLIGHT,12.4,5.0,10.0,45.0,0.0,0.0,9.81,0.1,0.2,0.3,12.3,45.6,78.9,101.325,25.0,0.0,0.0,98.1,1,46.5,6.6,1200.0,1.5,3.5,12,9.81,98.1,1198.4,0.0,1200.0,True,True,True,True,True,True,True,True,True,True,True,True,True,True,True,True,False,False,False,False,False,False,False,False
578016,STATE_PREFLIGHT,12.4,5.0,10.0,45.0,0.0,0.0,9.81,0.1,0.2,0.3,12.3,45.6,78.9,101.325,25.0,0.0,0.0,98.1,1,46.5,6.6,1200.0,1.5,3.5,12,9.81,98.1,1198.4,0.0,1200.0,True,True,True,True,True,True,True,True,True,True,True,True,True,True,True,True,False,False,False,False,False,False,False,False
578522,STATE_PREFLIGHT,12.4,5.0,10.0,45.0,0.0,0.0,9.81,0.1,0.2,0.3,12.3,45.6,78.9,101.325,25.0,0.0,0.0,98.1,1,46.5,6.6,1200.0,1.5,3.5,12,9.81,98.1,1198.4,0.0,1200.0,True,True,True,True,True,True,True,True,True,True,True,True,True,True,True,True,False,False,False,False,False,False,False,False
579024,STATE_PREFLIGHT,12.4,5.0,10.0,45.0,0.0,0.0,9.81,0.1,0.2,0.3,12.3,45.6,78.9,101.325,25.0,0.0,0.0,98.1,1,46.5,6.6,1200.0,1.5,3.5,12,9.81,98.1,1198.4,0.0,1200.0,True,True,True,True,True,True,True,True,True,True,True,True,True,True,True,True,False,False,False,False,False,False,False,False
579529,STATE_PREFLIGHT,12.4,5.0,10.0,45.0,0.0,0.0,9.81,0.1,0.2,0.3,12.3,45.6,78.9,101.325,25.0,0.0,0.0,98.1,1,46.5,6.6,1200.0,1.5,3.5,12,9.81,98.1,1198.4,0.0,1200.0,True,True,True,True,True,True,True,True,True,True,True,True,True,True,True,True,False,False,False,False,False,False,False,False
580031,STATE_PREFLIGHT,12.4,5.0,10.0,45.0,0.0,0.0,9.81,0.1,0.2,0.3,12.3,45.6,78.9,101.325,25.0,0.0,0.0,98.1,1,46.5,6.6,1200.0,1.5,3.5,12,9.81,98.1,1198.4,0.0,1200.0,True,True,True,True,True,True,True,True,True,True,True,True,True,True,True,True,False,False,False,False,False,False,False,False
580535,STATE_PREFLIGHT,12.4,5.0,10.0,45.0,0.0,0.0,9.81,0.1,0.2,0.3,12.3,45.6,78.9,101.325,25.0,0.0,0.0,98.1,1,46.5,6.6,1200.0,1.5,3.5,12,9.81,98.1,1198.4,0.0,1200.0,True,True,True,True,True,True,True,True,True,True,True,True,True,True,True,True,False,False,False,False,False,False,False,False
581037,STATE_PREFLIGHT,12.4,5.0,10.0,45.0,0.0,0.0,9.81,0.1,0.2,0.3,12.3,45.6,78.9,101.325,25.0,0.0,0.0,98.1,1,46.5,6.6,1200.0,1.5,3.5,12,9.81,98.1,1198.4,0.0,1200.0,True,True,True,True,True,True,True,True,True,True,True,True,True,True,True,True,False,False,False,False,False,False,False,False
581541,STATE_PREFLIGHT,12.4,5.0,10.0,45.0,0.0,0.0,9.81,0.1,0.2,0.3,12.3,45.6,78.9,101.325,25.0,0.0,0.0,98.1,1,46.5,6.6,1200.0,1.5,3.5,12,9.81,98.1,1198.4,0.0,1200.0,True,True,True,True,True,True,True,True,True,True,True,True,True,True,True,True,False,False,False,False,False,False,False,False
582042,STATE_PREFLIGHT,12.4,5.0,10.0,45.0,0.0,0.0,9.81,0.1,0.2,0.3,12.3,45.6,78.9,101.325,25.0,0.0,0.0,98.1,1,46.5,6.6,1200.0,1.5,3.5,12,9.81,98.1,1198.4,0.0,1200.0,True,True,True,True,True,True,True,True,True,True,True,True,True,True,True,True,False,False,False,False,False,False,False,False
582546,STATE_PREFLIGHT,12.4,5.0,10.0,45.0,0.0,0.0,9.81,0.1,0.2,0.3,12.3,45.6,78.9,101.325,25.0,0.0,0.0,98.1,1,46.5,6.6,1200.0,1.5,3.5,12,9.81,98.1,1198.4,0.0,1200.0,True,True,True,True,True,True,True,True,True,True,True,True,True,True,True,True,False,False,False,False,False,False,False,False
583048,STATE_PREFLIGHT,12.4,5.0,10.0,45.0,0.0,0.0,9.81,0.1,0.2,0.3,12.3,45.6,78.9,101.325,25.0,0.0,0.0,98.1,1,46.5,6.6,1200.0,1.5,3.5,12,9.81,98.1,1198.4,0.0,1200.0,True,True,True,True,True,True,True,True,True,True,True,True,True,True,True,True,False,False,False,False,False,False,False,False
583550,STATE_PREFLIGHT,12.4,5.0,10.0,45.0,0.0,0.0,9.81,0.1,0.2,0.3,12.3,45.6,78.9,101.325,25.0,0.0,0.0,98.1,1,46.5,6.6,1200.0,1.5,3.5,12,9.81,98.1,1198.4,0.0,1200.0,True,True,True,True,True,True,True,True,True,True,True,True,True,True,True,True,False,False,False,False,False,False,False,False
584052,STATE_PREFLIGHT,12.4,5.0,10.0,45.0,0.0,0.0,9.81,0.1,0.2,0.3,12.3,45.6,78.9,101.325,25.0,0.0,0.0,98.1,1,46.5,6.6,1200.0,1.5,3.5,12,9.81,98.1,1198.4,0.0,1200.0,True,True,True,True,True,True,True,True,True,True,True,True,True,True,True,True,False,False,False,False,False,False,False,False
584555,STATE_PREFLIGHT,12.4,5.0,10.0,45.0,0.0,0.0,9.81,0.1,0.2,0.3,12.3,45.6,78.9,101.325,25.0,0.0,0.0,98.1,1,46.5,6.6,1200.0,1.5,3.5,12,9.81,98.1,1198.4,0.0,1200.0,True,True,True,True,True,True,True,True,True,True,True,True,True,True,True,True,False,False,False,False,False,False,False,False
585057,STATE_PREFLIGHT,12.4,5.0,10.0,45.0,0.0,0.0,9.81,0.1,0.2,0.3,12.3,45.6,78.9,101.325,25.0,0.0,0.0,98.1,1,46.5,6.6,1200.0,1.5,3.5,12,9.81,98.1,1198.4,0.0,1200.0,True,True,True,True,True,True,True,True,True,True,True,True,True,True,True,True,False,False,False,False,False,False,False,False
585559,STATE_PREFLIGHT,12.4,5.0,10.0,45.0,0.0,0.0,9.81,0.1,0.2,0.3,12.3,45.6,78.9,101.325,25.0,0.0,0.0,98.1,1,46.5,6.6,1200.0,1.5,3.5,12,9.81,98.1,1198.4,0.0,1200.0,True,True,True,True,True,True,True,True,True,True,True,True,True,True,True,True,False,False,False,False,False,False,False,False
586061,STATE_PREFLIGHT,12.4,5.0,10.0,45.0,0.0,0.0,9.81,0.1,0.2,0.3,12.3,45.6,78.9,101.325,25.0,0.0,0.0,98.1,1,46.5,6.6,1200.0,1.5,3.5,12,9.81,98.1,1198.4,0.0,1200.0,True,True,True,True,True,True,True,True,True,True,True,True,True,True,True,True,False,False,False,False,False,False,False,False
586563,STATE_PREFLIGHT,12.4,5.0,10.0,45.0,0.0,0.0,9.81,0.1,0.2,0.3,12.3,45.6,78.9,101.325,25.0,0.0,0.0,98.1,1,46.5,6.6,1200.0,1.5,3.5,12,9.81,98.1,1198.4,0.0,1200.0,True,True,True,True,True,True,True,True,True,True,True,True,True,True,True,True,False,False,False,False,False,False,False,False
587065,STATE_PREFLIGHT,12.4,5.0,10.0,45.0,0.0,0.0,9.81,0.1,0.2,0.3,12.3,45.6,78.9,101.325,25.0,0.0,0.0,98.1,1,46.5,6.6,1200.0,1.5,3.5,12,9.81,98.1,1198.4,0.0,1200.0,True,True,True,True,True,True,True,True,True,True,True,True,True,True,True,True,False,False,False,False,False,False,False,False
587567,STATE_PREFLIGHT,12.4,5.0,10.0,45.0,0.0,0.0,9.81,0.1,0.2,0.3,12.3,45.6,78.9,101.325,25.0,0.0,0.0,98.1,1,46.5,6.6,1200.0,1.5,3.5,12,9.81,98.1,1198.4,0.0,1200.0,True,True,True,True,True,True,True,True,True,True,True,True,True,True,True,True,False,False,False,False,False,False,False,False
588069,STATE_PREFLIGHT,12.4,5.0,10.0,45.0,0.0,0.0,9.81,0.1,0.2,0.3,12.3,45.6,78.9,101.325,25.0,0.0,0.0,98.1,1,46.5,6.6,1200.0,1.5,3.5,12,9.81,98.1,1198.4,0.0,1200.0,True,True,True,True,True,True,True,True,True,True,True,True,True,True,True,True,False,False,False,False,False,False,False,False
588571,STATE_PREFLIGHT,12.4,5.0,10.0,45.0,0.0,0.0,9.81,0.1,0.2,0.3,12.3,45.6,78.9,101.325,25.0,0.0,0.0,98.1,1,46.5,6.6,1200.0,1.5,3.5,12,9.81,98.1,1198.4,0.0,1200.0,True,True,True,True,True,True,True,True,True,True,True,True,True,True,True,True,False,False,False,False,False,False,False,False
589073,STATE_PREFLIGHT,12.4,5.0,10.0,45.0,0.0,0.0,9.81,0.1,0.2,0.3,12.3,45.6,78.9,101.325,25.0,0.0,0.0,98.1,1,46.5,6.6,1200.0,1.5,3.5,12,9.81,98.1,1198.4,0.0,1200.0,True,True,True,True,True,True,True,True,True,True,True,True,True,True,True,True,False,False,False,False,False,False,False,False
589575,STATE_PREFLIGHT,12.4,5.0,10.0,45.0,0.0,0.0,9.81,0.1,0.2,0.3,12.3,45.6,78.9,101.325,25.0,0.0,0.0,98.1,1,46.5,6.6,1200.0,1.5,3.5,12,9.81,98.1,1198.4,0.0,1200.0,True,True,True,True,True,True,True,True,True,True,True,True,True,True,True,True,False,False,False,False,False,False,False,False
590078,STATE_PREFLIGHT,12.4,5.0,10.0,45.0,0.0,0.0,9.81,0.1,0.2,0.3,12.3,45.6,78.9,101.325,25.0,0.0,0.0,98.1,1,46.5,6.6,1200.0,1.5,3.5,12,9.81,98.1,1198.4,0.0,1200.0,True,True,True,True,True,True,True,True,True,True,True,True,True,True,True,True,False,False,False,False,False,False,False,False
590581,STATE_PREFLIGHT,12.4,5.0,10.0,45.0,0.0,0.0,9.81,0.1,0.2,0.3,12.3,45.6,78.9,101.325,25.0,0.0,0.0,98.1,1,46.5,6.6,1200.0,1.5,3.5,12,9.81,98.1,1198.4,0.0,1200.0,True,True,True,True,True,True,True,True,True,True,True,True,True,True,True,True,False,False,False,False,False,False,False,False
591082,STATE_PREFLIGHT,12.4,5.0,10.0,45.0,0.0,0.0,9.81,0.1,0.2,0.3,12.3,45.6,78.9,101.325,25.0,0.0,0.0,98.1,1,46.5,6.6,1200.0,1.5,3.5,12,9.81,98.1,1198.4,0.0,1200.0,True,True,True,True,True,True,True,True,True,True,True,True,True,True,True,True,False,False,False,False,False,False,False,False
591584,STATE_PREFLIGHT,12.4,5.0,10.0,45.0,0.0,0.0,9.81,0.1,0.2,0.3,12.3,45.6,78.9,101.325,25.0,0.0,0.0,98.1,1,46.5,6.6,1200.0,1.5,3.5,12,9.81,98.1,1198.4,0.0,1200.0,True,True,True,True,True,True,True,True,True,True,True,True,True,True,True,True,False,False,False,False,False,False,False,False
592087,STATE_PREFLIGHT,12.4,5.0,10.0,45.0,0.0,0.0,9.81,0.1,0.2,0.3,12.3,45.6,78.9,101.325,25.0,0.0,0.0,98.1,1,46.5,6.6,1200.0,1.5,3.5,12,9.81,98.1,1198.4,0.0,1200.0,True,True,True,True,True,True,True,True,True,True,True,True,True,True,True,True,False,False,False,False,False,False,False,False
592589,STATE_PREFLIGHT,12.4,5.0,10.0,45.0,0.0,0.0,9.81,0.1,0.2,0.3,12.3,45.6,78.9,101.325,25.0,0.0,0.0,98.1,1,46.5,6.6,1200.0,1.5,3.5,12,9.81,98.1,1198.4,0.0,1200.0,True,True,True,True,True,True,True,True,True,True,True,True,True,True,True,True,False,False,False,False,False,False,False,False
593091,STATE_PREFLIGHT,12.4,5.0,10.0,45.0,0.0,0.0,9.81,0.1,0.2,0.3,12.3,45.6,78.9,101.325,25.0,0.0,0.0,98.1,1,46.5,6.6,1200.0,1.5,3.5,12,9.81,98.1,1198.4,0.0,1200.0,True,True,True,True,True,True,True,True,True,True,True,True,True,True,True,True,False,False,False,False,False,False,False,False
593593,STATE_PREFLIGHT,12.4,5.0,10.0,45.0,0.0,0.0,9.81,0.1,0.2,0.3,12.3,45.6,78.9,101.325,25.0,0.0,0.0,98.1,1,46.5,6.6,1200.0,1.5,3.5,12,9.81,98.1,1198.4,0.0,1200.0,True,True,True,True,True,True,True,True,True,True,True,True,True,True,True,True,False,False,False,False,False,False,False,False
594095,STATE_PREFLIGHT,12.4,5.0,10.0,45.0,0.0,0.0,9.81,0.1,0.2,0.3,12.3,45.6,78.9,101.325,25.0,0.0,0.0,98.1,1,46.5,6.6,1200.0,1.5,3.5,12,9.81,98.1,1198.4,0.0,1200.0,True,True,True,True,True,True,True,True,True,True,True,True,True,True,True,True,False,False,False,False,False,False,False,False
594597,STATE_PREFLIGHT,12.4,5.0,10.0,45.0,0.0,0.0,9.81,0.1,0.2,0.3,12.3,45.6,78.9,101.325,25.0,0.0,0.0,98.1,1,46.5,6.6,1200.0,1.5,3.5,12,9.81,98.1,1198.4,0.0,1200.0,True,True,True,True,True,True,True,True,True,True,True,True,True,True,True,True,False,False,False,False,False,False,False,False
595099,STATE_PREFLIGHT,12.4,5.0,10.0,45.0,0.0,0.0,9.81,0.1,0.2,0.3,12.3,45.6,78.9,101.325,25.0,0.0,0.0,98.1,1,46.5,6.6,1200.0,1.5,3.5,12,9.81,98.1,1198.4,0.0,1200.0,True,True,True,True,True,True,True,True,True,True,True,True,True,True,True,True,False,False,False,False,False,False,False,False
595601,STATE_PREFLIGHT,12.4,5.0,10.0,45.0,0.0,0.0,9.81,0.1,0.2,0.3,12.3,45.6,78.9,101.325,25.0,0.0,0.0,98.1,1,46.5,6.6,1200.0,1.5,3.5,12,9.81,98.1,1198.4,0.0,1200.0,True,True,True,True,True,True,True,True,True,True,True,True,True,True,True,True,False,False,False,False,False,False,False,False
596106,STATE_PREFLIGHT,12.4,5.0,10.0,45.0,0.0,0.0,9.81,0.1,0.2,0.3,12.3,45.6,78.9,101.325,25.0,0.0,0.0,98.1,1,46.5,6.6,1200.0,1.5,3.5,12,9.81,98.1,1198.4,0.0,1200.0,True,True,True,True,True,True,True,True,True,True,True,True,True,True,True,True,False,False,False,False,False,False,False,False
596608,STATE_PREFLIGHT,12.4,5.0,10.0,45.0,0.0,0.0,9.81,0.1,0.2,0.3,12.3,45.6,78.9,101.325,25.0,0.0,0.0,98.1,1,46.5,6.6,1200.0,1.5,3.5,12,9.81,98.1,1198.4,0.0,1200.0,True,True,True,True,True,True,True,True,True,True,True,True,True,True,True,True,False,False,False,False,False,False,False,False
597111,STATE_PREFLIGHT,12.4,5.0,10.0,45.0,0.0,0.0,9.81,0.1,0.2,0.3,12.3,45.6,78.9,101.325,25.0,0.0,0.0,98.1,1,46.5,6.6,1200.0,1.5,3.5,12,9.81,98.1,1198.4,0.0,1200.0,True,True,True,True,True,True,True,True,True,True,True,True,True,True,True,True,False,False,False,False,False,False,False,False
597614,STATE_PREFLIGHT,12.4,5.0,10.0,45.0,0.0,0.0,9.81,0.1,0.2,0.3,12.3,45.6,78.9,101.325,25.0,0.0,0.0,98.1,1,46.5,6.6,1200.0,1.5,3.5,12,9.81,98.1,1198.4,0.0,1200.0,True,True,True,True,True,True,True,True,True,True,True,True,True,True,True,True,False,False,False,False,False,False,False,False
598117,STATE_PREFLIGHT,12.4,5.0,10.0,45.0,0.0,0.0,9.81,0.1,0.2,0.3,12.3,45.6,78.9,101.325,25.0,0.0,0.0,98.1,1,46.5,6.6,1200.0,1.5,3.5,12,9.81,98.1,1198.4,0.0,1200.0,True,True,True,True,True,True,True,True,True,True,True,True,True,True,True,True,False,False,False,False,False,False,False,False
598619,STATE_PREFLIGHT,12.4,5.0,10.0,45.0,0.0,0.0,9.81,0.1,0.2,0.3,12.3,45.6,78.9,101.325,25.0,0.0,0.0,98.1,1,46.5,6.6,1200.0,1.5,3.5,12,9.81,98.1,1198.4,0.0,1200.0,True,True,True,True,True,True,True,True,True,True,True,True,True,True,True,True,False,False,False,False,False,False,False,False
599122,STATE_PREFLIGHT,12.4,5.0,10.0,45.0,0.0,0.0,9.81,0.1,0.2,0.3,12.3,45.6,78.9,101.325,25.0,0.0,0.0,98.1,1,46.5,6.6,1200.0,1.5,3.5,12,9.81,98.1,1198.4,0.0,1200.0,True,True,True,True,True,True,True,True,True,True,True,True,True,True,True,True,False,False,False,False,False,False,False,False
599624,STATE_PREFLIGHT,12.4,5.0,10.0,45.0,0.0,0.0,9.81,0.1,0.2,0.3,12.3,45.6,78.9,101.325,25.0,0.0,0.0,98.1,1,46.5,6.6,1200.0,1.5,3.5,12,9.81,98.1,1198.4,0.0,1200.0,True,True,True,True,True,True,True,True,True,True,True,True,True,True,True,True,False,False,False,False,False,False,False,False
600128,STATE_PREFLIGHT,12.4,5.0,10.0,45.0,0.0,0.0,9.81,0.1,0.2,0.3,12.3,45.6,78.9,101.325,25.0,0.0,0.0,98.1,1,46.5,6.6,1200.0,1.5,3.5,12,9.81,98.1,1198.4,0.0,1200.0,True,True,True,True,True,True,True,True,True,True,True,True,True,True,True,True,False,False,False,False,False,False,False,False
600630,STATE_PREFLIGHT,12.4,5.0,10.0,45.0,0.0,0.0,9.81,0.1,0.2,0.3,12.3,45.6,78.9,101.325,25.0,0.0,0.0,98.1,1,46.5,6.6,1200.0,1.5,3.5,12,9.81,98.1,1198.4,0.0,1200.0,True,True,True,True,True,True,True,True,True,True,True,True,True,True,True,True,False,False,False,False,False,False,False,False
601133,STATE_PREFLIGHT,12.4,5.0,10.0,45.0,0.0,0.0,9.81,0.1,0.2,0.3,12.3,45.6,78.9,101.325,25.0,0.0,0.0,98.1,1,46.5,6.6,1200.0,1.5,3.5,12,9.81,98.1,1198.4,0.0,1200.0,True,True,True,True,True,True,True,True,True,True,True,True,True,True,True,True,False,False,False,False,False,False,False,False
601634,STATE_PREFLIGHT,12.4,5.0,10.0,45.0,0.0,0.0,9.81,0.1,0.2,0.3,12.3,45.6,78.9,101.325,25.0,0.0,0.0,98.1,1,46.5,6.6,1200.0,1.5,3.5,12,9.81,98.1,1198.4,0.0,1200.0,True,True,True,True,True,True,True,True,True,True,True,True,True,True,True,True,False,False,False,False,False,False,False,False
602138,STATE_PREFLIGHT,12.4,5.0,10.0,45.0,0.0,0.0,9.81,0.1,0.2,0.3,12.3,45.6,78.9,101.325,25.0,0.0,0.0,98.1,1,46.5,6.6,1200.0,1.5,3.5,12,9.81,98.1,1198.4,0.0,1200.0,True,True,True,True,True,True,True,True,True,True,True,True,True,True,True,True,False,False,False,False,False,False,False,False
602641,STATE_PREFLIGHT,12.4,5.0,10.0,45.0,0.0,0.0,9.81,0.1,0.2,0.3,12.3,45.6,78.9,101.325,25.0,0.0,0.0,98.1,1,46.5,6.6,1200.0,1.5,3.5,12,9.81,98.1,1198.4,0.0,1200.0,True,True,True,True,True,True,True,True,True,True,True,True,True,True,True,True,False,False,False,False,False,False,False,False
603144,STATE_PREFLIGHT,12.4,5.0,10.0,45.0,0.0,0.0,9.81,0.1,0.2,0.3,12.3,45.6,78.9,101.325,25.0,0.0,0.0,98.1,1,46.5,6.6,1200.0,1.5,3.5,12,9.81,98.1,1198.4,0.0,1200.0,True,True,True,True,True,True,True,True,True,True,True,True,True,True,True,True,False,False,False,False,False,False,False,False
603646,STATE_PREFLIGHT,12.4,5.0,10.0,45.0,0.0,0.0,9.81,0.1,0.2,0.3,12.3,45.6,78.9,101.325,25.0,0.0,0.0,98.1,1,46.5,6.6,1200.0,1.5,3.5,12,9.81,98.1,1198.4,0.0,1200.0,True,True,True,True,True,True,True,True,True,True,True,True,True,True,True,True,False,False,False,False,False,False,False,False
604151,STATE_PREFLIGHT,12.4,5.0,10.0,45.0,0.0,0.0,9.81,0.1,0.2,0.3,12.3,45.6,78.9,101.325,25.0,0.0,0.0,98.1,1,46.5,6.6,1200.0,1.5,3.5,12,9.81,98.1,1198.4,0.0,1200.0,True,True,True,True,True,True,True,True,True,True,True,True,True,True,True,True,False,False,False,False,False,False,False,False
604653,STATE_PREFLIGHT,12.4,5.0,10.0,45.0,0.0,0.0,9.81,0.1,0.2,0.3,12.3,45.6,78.9,101.325,25.0,0.0,0.0,98.1,1,46.5,6.6,1200.0,1.5,3.5,12,9.81,98.1,1198.4,0.0,1200.0,True,True,True,True,True,True,True,True,True,True,True,True,True,True,True,True,False,False,False,False,False,False,False,False
605155,STATE_PREFLIGHT,12.4,5.0,10.0,45.0,0.0,0.0,9.81,0.1,0.2,0.3,12.3,45.6,78.9,101.325,25.0,0.0,0.0,98.1,1,46.5,6.6,1200.0,1.5,3.5,12,9.81,98.1,1198.4,0.0,1200.0,True,True,True,True,True,True,True,True,True,True,True,True,True,True,True,True,False,False,False,False,False,False,False,False
605657,STATE_PREFLIGHT,12.4,5.0,10.0,45.0,0.0,0.0,9.81,0.1,0.2,0.3,12.3,45.6,78.9,101.325,25.0,0.0,0.0,98.1,1,46.5,6.6,1200.0,1.5,3.5,12,9.81,98.1,1198.4,0.0,1200.0,True,True,True,True,True,True,True,True,True,True,True,True,True,True,True,True,False,False,False,False,False,False,False,False
606159,STATE_PREFLIGHT,12.4,5.0,10.0,45.0,0.0,0.0,9.81,0.1,0.2,0.3,12.3,45.6,78.9,101.325,25.0,0.0,0.0,98.1,1,46.5,6.6,1200.0,1.5,3.5,12,9.81,98.1,1198.4,0.0,1200.0,True,True,True,True,True,True,True,True,True,True,True,True,True,True,True,True,False,False,False,False,False,False,False,False
606661,STATE_PREFLIGHT,12.4,5.0,10.0,45.0,0.0,0.0,9.81,0.1,0.2,0.3,12.3,45.6,78.9,101.325,25.0,0.0,0.0,98.1,1,46.5,6.6,1200.0,1.5,3.5,12,9.81,98.1,1198.4,0.0,1200.0,True,True,True,True,True,True,True,True,True,True,True,True,True,True,True,True,False,False,False,False,False,False,False,False
607164,STATE_PREFLIGHT,12.4,5.0,10.0,45.0,0.0,0.0,9.81,0.1,0.2,0.3,12.3,45.6,78.9,101.325,25.0,0.0,0.0,98.1,1,46.5,6.6,1200.0,1.5,3.5,12,9.81,98.1,1198.4,0.0,1200.0,True,True,True,True,True,True,True,True,True,True,True,True,True,True,True,True,False,False,False,False,False,False,False,False
607667,STATE_PREFLIGHT,12.4,5.0,10.0,45.0,0.0,0.0,9.81,0.1,0.2,0.3,12.3,45.6,78.9,101.325,25.0,0.0,0.0,98.1,1,46.5,6.6,1200.0,1.5,3.5,12,9.81,98.1,1198.4,0.0,1200.0,True,True,True,True,True,True,True,True,True,True,True,True,True,True,True,True,False,False,False,False,False,False,False,False
608170,STATE_PREFLIGHT,12.4,5.0,10.0,45.0,0.0,0.0,9.81,0.1,0.2,0.3,12.3,45.6,78.9,101.325,25.0,0.0,0.0,98.1,1,46.5,6.6,1200.0,1.5,3.5,12,9.81,98.1,1198.4,0.0,1200.0,True,True,True,True,True,True,True,True,True,True,True,True,True,True,True,True,False,False,False,False,False,False,False,False
608673,STATE_PREFLIGHT,12.4,5.0,10.0,45.0,0.0,0.0,9.81,0.1,0.2,0.3,12.3,45.6,78.9,101.325,25.0,0.0,0.0,98.1,1,46.5,6.6,1200.0,1.5,3.5,12,9.81,98.1,1198.4,0.0,1200.0,True,True,True,True,True,True,True,True,True,True,True,True,True,True,True,True,False,False,False,False,False,False,False,False
609175,STATE_PREFLIGHT,12.4,5.0,10.0,45.0,0.0,0.0,9.81,0.1,0.2,0.3,12.3,45.6,78.9,101.325,25.0,0.0,0.0,98.1,1,46.5,6.6,1200.0,1.5,3.5,12,9.81,98.1,1198.4,0.0,1200.0,True,True,True,True,True,True,True,True,True,True,True,True,True,True,True,True,False,False,False,False,False,False,False,False
609677,STATE_PREFLIGHT,12.4,5.0,10.0,45.0,0.0,0.0,9.81,0.1,0.2,0.3,12.3,45.6,78.9,101.325,25.0,0.0,0.0,98.1,1,46.5,6.6,1200.0,1.5,3.5,12,9.81,98.1,1198.4,0.0,1200.0,True,True,True,True,True,True,True,True,True,True,True,True,True,True,True,True,False,False,False,False,False,False,False,False
610179,STATE_PREFLIGHT,12.4,5.0,10.0,45.0,0.0,0.0,9.81,0.1,0.2,0.3,12.3,45.6,78.9,101.325,25.0,0.0,0.0,98.1,1,46.5,6.6,1200.0,1.5,3.5,12,9.81,98.1,1198.4,0.0,1200.0,True,True,True,True,True,True,True,True,True,True,True,True,True,True,True,True,False,False,False,False,False,False,False,False
610681,STATE_PREFLIGHT,12.4,5.0,10.0,45.0,0.0,0.0,9.81,0.1,0.2,0.3,12.3,45.6,78.9,101.325,25.0,0.0,0.0,98.1,1,46.5,6.6,1200.0,1.5,3.5,12,9.81,98.1,1198.4,0.0,1200.0,True,True,True,True,True,True,True,True,True,True,True,True,True,True,True,True,False,False,False,False,False,False,False,False
611184,STATE_PREFLIGHT,12.4,5.0,10.0,45.0,0.0,0.0,9.81,0.1,0.2,0.3,12.3,45.6,78.9,101.325,25.0,0.0,0.0,98.1,1,46.5,6.6,1200.0,1.5,3.5,12,9.81,98.1,1198.4,0.0,1200.0,True,True,True,True,True,True,True,True,True,True,True,True,True,True,True,True,False,False,False,False,False,False,False,False
611686,STATE_PREFLIGHT,12.4,5.0,10.0,45.0,0.0,0.0,9.81,0.1,0.2,0.3,12.3,45.6,78.9,101.325,25.0,0.0,0.0,98.1,1,46.5,6.6,1200.0,1.5,3.5,12,9.81,98.1,1198.4,0.0,1200.0,True,True,True,True,True,True,True,True,True,True,True,True,True,True,True,True,False,False,False,False,False,False,False,False
612188,STATE_PREFLIGHT,12.4,5.0,10.0,45.0,0.0,0.0,9.81,0.1,0.2,0.3,12.3,45.6,78.9,101.325,25.0,0.0,0.0,98.1,1,46.5,6.6,1200.0,1.5,3.5,12,9.81,98.1,1198.4,0.0,1200.0,True,True,True,True,True,True,True,True,True,True,True,True,True,True,True,True,False,False,False,False,False,False,False,False
612690,STATE_PREFLIGHT,12.4,5.0,10.0,45.0,0.0,0.0,9.81,0.1,0.2,0.3,12.3,45.6,78.9,101.325,25.0,0.0,0.0,98.1,1,46.5,6.6,1200.0,1.5,3.5,12,9.81,98.1,1198.4,0.0,1200.0,True,True,True,True,True,True,True,True,True,True,True,True,True,True,True,True,False,False,False,False,False,False,False,False
613192,STATE_PREFLIGHT,12.4,5.0,10.0,45.0,0.0,0.0,9.81,0.1,0.2,0.3,12.3,45.6,78.9,101.325,25.0,0.0,0.0,98.1,1,46.5,6.6,1200.0,1.5,3.5,12,9.81,98.1,1198.4,0.0,1200.0,True,True,True,True,True,True,True,True,True,True,True,True,True,True,True,True,False,False,False,False,False,False,False,False
613694,STATE_PREFLIGHT,12.4,5.0,10.0,45.0,0.0,0.0,9.81,0.1,0.2,0.3,12.3,45.6,78.9,101.325,25.0,0.0,0.0,98.1,1,46.5,6.6,1200.0,1.5,3.5,12,9.81,98.1,1198.4,0.0,1200.0,True,True,True,True,True,True,True,True,True,True,True,True,True,True,True,True,False,False,False,False,False,False,False,False
614196,STATE_PREFLIGHT,12.4,5.0,10.0,45.0,0.0,0.0,9.81,0.1,0.2,0.3,12.3,45.6,78.9,101.325,25.0,0.0,0.0,98.1,1,46.5,6.6,1200.0,1.5,3.5,12,9.81,98.1,1198.4,0.0,1200.0,True,True,True,True,True,True,True,True,True,True,True,True,True,True,True,True,False,False,False,False,False,False,False,False
614698,STATE_PREFLIGHT,12.4,5.0,10.0,45.0,0.0,0.0,9.81,0.1,0.2,0.3,12.3,45.6,78.9,101.325,25.0,0.0,0.0,98.1,1,46.5,6.6,1200.0,1.5,3.5,12,9.81,98.1,1198.4,0.0,1200.0,True,True,True,True,True,True,True,True,True,True,True,True,True,True,True,True,False,False,False,False,False,False,False,False
615199,STATE_PREFLIGHT,12.4,5.0,10.0,45.0,0.0,0.0,9.81,0.1,0.2,0.3,12.3,45.6,78.9,101.325,25.0,0.0,0.0,98.1,1,46.5,6.6,1200.0,1.5,3.5,12,9.81,98.1,1198.4,0.0,1200.0,True,True,True,True,True,True,True,True,True,True,True,True,True,True,True,True,False,False,False,False,False,False,False,False
615701,STATE_PREFLIGHT,12.4,5.0,10.0,45.0,0.0,0.0,9.81,0.1,0.2,0.3,12.3,45.6,78.9,101.325,25.0,0.0,0.0,98.1,1,46.5,6.6,1200.0,1.5,3.5,12,9.81,98.1,1198.4,0.0,1200.0,True,True,True,True,True,True,True,True,True,True,True,True,True,True,True,True,False,False,False,False,False,False,False,False
616203,STATE_PREFLIGHT,12.4,5.0,10.0,45.0,0.0,0.0,9.81,0.1,0.2,0.3,12.3,45.6,78.9,101.325,25.0,0.0,0.0,98.1,1,46.5,6.6,1200.0,1.5,3.5,12,9.81,98.1,1198.4,0.0,1200.0,True,True,True,True,True,True,True,True,True,True,True,True,True,True,True,True,False,False,False,False,False,False,False,False
616706,STATE_PREFLIGHT,12.4,5.0,10.0,45.0,0.0,0.0,9.81,0.1,0.2,0.3,12.3,45.6,78.9,101.325,25.0,0.0,0.0,98.1,1,46.5,6.6,1200.0,1.5,3.5,12,9.81,98.1,1198.4,0.0,1200.0,True,True,True,True,True,True,True,True,True,True,True,True,True,True,True,True,False,False,False,False,False,False,False,False
617210,STATE_PREFLIGHT,12.4,5.0,10.0,45.0,0.0,0.0,9.81,0.1,0.2,0.3,12.3,45.6,78.9,101.325,25.0,0.0,0.0,98.1,1,46.5,6.6,1200.0,1.5,3.5,12,9.81,98.1,1198.4,0.0,1200.0,True,True,True,True,True,True,True,True,True,True,True,True,True,True,True,True,False,False,False,False,False,False,False,False
617712,STATE_PREFLIGHT,12.4,5.0,10.0,45.0,0.0,0.0,9.81,0.1,0.2,0.3,12.3,45.6,78.9,101.325,25.0,0.0,0.0,98.1,1,46.5,6.6,1200.0,1.5,3.5,12,9.81,98.1,1198.4,0.0,1200.0,True,True,True,True,True,True,True,True,True,True,True,True,True,True,True,True,False,False,False,False,False,False,False,False
618216,STATE_PREFLIGHT,12.4,5.0,10.0,45.0,0.0,0.0,9.81,0.1,0.2,0.3,12.3,45.6,78.9,101.325,25.0,0.0,0.0,98.1,1,46.5,6.6,1200.0,1.5,3.5,12,9.81,98.1,1198.4,0.0,1200.0,True,True,True,True,True,True,True,True,True,True,True,True,True,True,True,True,False,False,False,False,False,False,False,False
618719,STATE_PREFLIGHT,12.4,5.0,10.0,45.0,0.0,0.0,9.81,0.1,0.2,0.3,12.3,45.6,78.9,101.325,25.0,0.0,0.0,98.1,1,46.5,6.6,1200.0,1.5,3.5,12,9.81,98.1,1198.4,0.0,1200.0,True,True,True,True,True,True,True,True,True,True,True,True,True,True,True,True,False,False,False,False,False,False,False,False
619222,STATE_PREFLIGHT,12.4,5.0,10.0,45.0,0.0,0.0,9.81,0.1,0.2,0.3,12.3,45.6,78.9,101.325,25.0,0.0,0.0,98.1,1,46.5,6.6,1200.0,1.5,3.5,12,9.81,98.1,1198.4,0.0,1200.0,True,True,True,True,True,True,True,True,True,True,True,True,True,True,True,True,False,False,False,False,False,False,False,False
619724,STATE_PREFLIGHT,12.4,5.0,10.0,45.0,0.0,0.0,9.81,0.1,0.2,0.3,12.3,45.6,78.9,101.325,25.0,0.0,0.0,98.1,1,46.5,6.6,1200.0,1.5,3.5,12,9.81,98.1,1198.4,0.0,1200.0,True,True,True,True,True,True,True,True,True,True,True,True,True,True,True,True,False,False,False,False,False,False,False,False
620227,STATE_PREFLIGHT,12.4,5.0,10.0,45.0,0.0,0.0,9.81,0.1,0.2,0.3,12.3,45.6,78.9,101.325,25.0,0.0,0.0,98.1,1,46.5,6.6,1200.0,1.5,3.5,12,9.81,98.1,1198.4,0.0,1200.0,True,True,True,True,True,True,True,True,True,True,True,True,True,True,True,True,False,False,False,False,False,False,False,False
620732,STATE_PREFLIGHT,12.4,5.0,10.0,45.0,0.0,0.0,9.81,0.1,0.2,0.3,12.3,45.6,78.9,101.325,25.0,0.0,0.0,98.1,1,46.5,6.6,1200.0,1.5,3.5,12,9.81,98.1,1198.4,0.0,1200.0,True,True,True,True,True,True,True,True,True,True,True,True,True,True,True,True,False,False,False,False,False,False,False,False
621234,STATE_PREFLIGHT,12.4,5.0,10.0,45.0,0.0,0.0,9.81,0.1,0.2,0.3,12.3,45.6,78.9,101.325,25.0,0.0,0.0,98.1,1,46.5,6.6,1200.0,1.5,3.5,12,9.81,98.1,1198.4,0.0,1200.0,True,True,True,True,True,True,True,True,True,True,True,True,True,True,True,True,False,False,False,False,False,False,False,False
621739,STATE_PREFLIGHT,12.4,5.0,10.0,45.0,0.0,0.0,9.81,0.1,0.2,0.3,12.3,45.6,78.9,101.325,25.0,0.0,0.0,98.1,1,46.5,6.6,1200.0,1.5,3.5,12,9.81,98.1,1198.4,0.0,1200.0,True,True,True,True,True,True,True,True,True,True,True,True,True,True,True,True,False,False,False,False,False,False,False,False
622241,STATE_PREFLIGHT,12.4,5.0,10.0,45.0,0.0,0.0,9.81,0.1,0.2,0.3,12.3,45.6,78.9,101.325,25.0,0.0,0.0,98.1,1,46.5,6.6,1200.0,1.5,3.5,12,9.81,98.1,1198.4,0.0,1200.0,True,True,True,True,True,True,True,True,True,True,True,True,True,True,True,True,False,False,False,False,False,False,False,False
622746,STATE_PREFLIGHT,12.4,5.0,10.0,45.0,0.0,0.0,9.81,0.1,0.2,0.3,12.3,45.6,78.9,101.325,25.0,0.0,0.0,98.1,1,46.5,6.6,1200.0,1.5,3.5,12,9.81,98.1,1198.4,0.0,1200.0,True,True,True,True,True,True,True,True,True,True,True,True,True,True,True,True,False,False,False,False,False,False,False,False
623247,STATE_PREFLIGHT,12.4,5.0,10.0,45.0,0.0,0.0,9.81,0.1,0.2,0.3,12.3,45.6,78.9,101.325,25.0,0.0,0.0,98.1,1,46.5,6.6,1200.0,1.5,3.5,12,9.81,98.1,1198.4,0.0,1200.0,True,True,True,True,True,True,True,True,True,True,True,True,True,True,True,True,False,False,False,False,False,False,False,False
623752,STATE_PREFLIGHT,12.4,5.0,10.0,45.0,0.0,0.0,9.81,0.1,0.2,0.3,12.3,45.6,78.9,101.325,25.0,0.0,0.0,98.1,1,46.5,6.6,1200.0,1.5,3.5,12,9.81,98.1,1198.4,0.0,1200.0,True,True,True,True,True,True,True,True,True,True,True,True,True,True,True,True,False,False,False,False,False,False,False,False
624253,STATE_PREFLIGHT,12.4,5.0,10.0,45.0,0.0,0.0,9.81,0.1,0.2,0.3,12.3,45.6,78.9,101.325,25.0,0.0,0.0,98.1,1,46.5,6.6,1200.0,1.5,3.5,12,9.81,98.1,1198.4,0.0,1200.0,True,True,True,True,True,True,True,True,True,True,True,True,True,True,True,True,False,False,False,False,False,False,False,False
624756,STATE_PREFLIGHT,12.4,5.0,10.0,45.0,0.0,0.0,9.81,0.1,0.2,0.3,12.3,45.6,78.9,101.325,25.0,0.0,0.0,98.1,1,46.5,6.6,1200.0,1.5,3.5,12,9.81,98.1,1198.4,0.0,1200.0,True,True,True,True,True,True,True,True,True,True,True,True,True,True,True,True,False,False,False,False,False,False,False,False
625262,STATE_PREFLIGHT,12.4,5.0,10.0,45.0,0.0,0.0,9.81,0.1,0.2,0.3,12.3,45.6,78.9,101.325,25.0,0.0,0.0,98.1,1,46.5,6.6,1200.0,1.5,3.5,12,9.81,98.1,1198.4,0.0,1200.0,True,True,True,True,True,True,True,True,True,True,True,True,True,True,True,True,False,False,False,False,False,False,False,False
625764,STATE_PREFLIGHT,12.4,5.0,10.0,45.0,0.0,0.0,9.81,0.1,0.2,0.3,12.3,45.6,78.9,101.325,25.0,0.0,0.0,98.1,1,46.5,6.6,1200.0,1.5,3.5,12,9.81,98.1,1198.4,0.0,1200.0,True,True,True,True,True,True,True,True,True,True,True,True,True,True,True,True,False,False,False,False,False,False,False,False
626268,STATE_PREFLIGHT,12.4,5.0,10.0,45.0,0.0,0.0,9.81,0.1,0.2,0.3,12.3,45.6,78.9,101.325,25.0,0.0,0.0,98.1,1,46.5,6.6,1200.0,1.5,3.5,12,9.81,98.1,1198.4,0.0,1200.0,True,True,True,True,True,True,True,True,True,True,True,True,True,True,True,True,False,False,False,False,False,False,False,False
626770,STATE_PREFLIGHT,12.4,5.0,10.0,45.0,0.0,0.0,9.81,0.1,0.2,0.3,12.3,45.6,78.9,101.325,25.0,0.0,0.0,98.1,1,46.5,6.6,1200.0,1.5,3.5,12,9.81,98.1,1198.4,0.0,1200.0,True,True,True,True,True,True,True,True,True,True,True,True,True,True,True,True,False,False,False,False,False,False,False,False
627272,STATE_PREFLIGHT,12.4,5.0,10.0,45.0,0.0,0.0,9.81,0.1,0.2,0.3,12.3,45.6,78.9,101.325,25.0,0.0,0.0,98.1,1,46.5,6.6,1200.0,1.5,3.5,12,9.81,98.1,1198.4,0.0,1200.0,True,True,True,True,True,True,True,True,True,True,True,True,True,True,True,True,False,False,False,False,False,False,False,False
627775,STATE_PREFLIGHT,12.4,5.0,10.0,45.0,0.0,0.0,9.81,0.1,0.2,0.3,12.3,45.6,78.9,101.325,25.0,0.0,0.0,98.1,1,46.5,6.6,1200.0,1.5,3.5,12,9.81,98.1,1198.4,0.0,1200.0,True,True,True,True,True,True,True,True,True,True,True,True,True,True,True,True,False,False,False,False,False,False,False,False
628277,STATE_PREFLIGHT,12.4,5.0,10.0,45.0,0.0,0.0,9.81,0.1,0.2,0.3,12.3,45.6,78.9,101.325,25.0,0.0,0.0,98.1,1,46.5,6.6,1200.0,1.5,3.5,12,9.81,98.1,1198.4,0.0,1200.0,True,True,True,True,True,True,True,True,True,True,True,True,True,True,True,True,False,False,False,False,False,False,False,False
628778,STATE_PREFLIGHT,12.4,5.0,10.0,45.0,0.0,0.0,9.81,0.1,0.2,0.3,12.3,45.6,78.9,101.325,25.0,0.0,0.0,98.1,1,46.5,6.6,1200.0,1.5,3.5,12,9.81,98.1,1198.4,0.0,1200.0,True,True,True,True,True,True,True,True,True,True,True,True,True,True,True,True,False,False,False,False,False,False,False,False
629280,STATE_PREFLIGHT,12.4,5.0,10.0,45.0,0.0,0.0,9.81,0.1,0.2,0.3,12.3,45.6,78.9,101.325,25.0,0.0,0.0,98.1,1,46.5,6.6,1200.0,1.5,3.5,12,9.81,98.1,1198.4,0.0,1200.0,True,True,True,True,True,True,True,True,True,True,True,True,True,True,True,True,False,False,False,False,False,False,False,False
629782,STATE_PREFLIGHT,12.4,5.0,10.0,45.0,0.0,0.0,9.81,0.1,0.2,0.3,12.3,45.6,78.9,101.325,25.0,0.0,0.0,98.1,1,46.5,6.6,1200.0,1.5,3.5,12,9.81,98.1,1198.4,0.0,1200.0,True,True,True,True,True,True,True,True,True,True,True,True,True,True,True,True,False,False,False,False,False,False,False,False
630284,STATE_PREFLIGHT,12.4,5.0,10.0,45.0,0.0,0.0,9.81,0.1,0.2,0.3,12.3,45.6,78.9,101.325,25.0,0.0,0.0,98.1,1,46.5,6.6,1200.0,1.5,3.5,12,9.81,98.1,1198.4,0.0,1200.0,True,True,True,True,True,True,True,True,True,True,True,True,True,True,True,True,False,False,False,False,False,False,False,False
630787,STATE_PREFLIGHT,12.4,5.0,10.0,45.0,0.0,0.0,9.81,0.1,0.2,0.3,12.3,45.6,78.9,101.325,25.0,0.0,0.0,98.1,1,46.5,6.6,1200.0,1.5,3.5,12,9.81,98.1,1198.4,0.0,1200.0,True,True,True,True,True,True,True,True,True,True,True,True,True,True,True,True,False,False,False,False,False,False,False,False
631289,STATE_PREFLIGHT,12.4,5.0,10.0,45.0,0.0,0.0,9.81,0.1,0.2,0.3,12.3,45.6,78.9,101.325,25.0,0.0,0.0,98.1,1,46.5,6.6,1200.0,1.5,3.5,12,9.81,98.1,1198.4,0.0,1200.0,True,True,True,True,True,True,True,True,True,True,True,True,True,True,True,True,False,False,False,False,False,False,False,False
631792,STATE_PREFLIGHT,12.4,5.0,10.0,45.0,0.0,0.0,9.81,0.1,0.2,0.3,12.3,45.6,78.9,101.325,25.0,0.0,0.0,98.1,1,46.5,6.6,1200.0,1.5,3.5,12,9.81,98.1,1198.4,0.0,1200.0,True,True,True,True,True,True,True,True,True,True,True,True,True,True,True,True,False,False,False,False,False,False,False,False
632295,STATE_PREFLIGHT,12.4,5.0,10.0,45.0,0.0,0.0,9.81,0.1,0.2,0.3,12.3,45.6,78.9,101.325,25.0,0.0,0.0,98.1,1,46.5,6.6,1200.0,1.5,3.5,12,9.81,98.1,1198.4,0.0,1200.0,True,True,True,True,True,True,True,True,True,True,True,True,True,True,True,True,False,False,False,False,False,False,False,False
632797,STATE_PREFLIGHT,12.4,5.0,10.0,45.0,0.0,0.0,9.81,0.1,0.2,0.3,12.3,45.6,78.9,101.325,25.0,0.0,0.0,98.1,1,46.5,6.6,1200.0,1.5,3.5,12,9.81,98.1,1198.4,0.0,1200.0,True,True,True,True,True,True,True,True,True,True,True,True,True,True,True,True,False,False,False,False,False,False,False,False
633300,STATE_PREFLIGHT,12.4,5.0,10.0,45.0,0.0,0.0,9.81,0.1,0.2,0.3,12.3,45.6,78.9,101.325,25.0,0.0,0.0,98.1,1,46.5,6.6,1200.0,1.5,3.5,12,9.81,98.1,1198.4,0.0,1200.0,True,True,True,True,True,True,True,True,True,True,True,True,True,True,True,True,False,False,False,False,False,False,False,False
633803,STATE_PREFLIGHT,12.4,5.0,10.0,45.0,0.0,0.0,9.81,0.1,0.2,0.3,12.3,45.6,78.9,101.325,25.0,0.0,0.0,98.1,1,46.5,6.6,1200.0,1.5,3.5,12,9.81,98.1,1198.4,0.0,1200.0,True,True,True,True,True,True,True,True,True,True,True,True,True,True,True,True,False,False,False,False,False,False,False,False
634305,STATE_PREFLIGHT,12.4,5.0,10.0,45.0,0.0,0.0,9.81,0.1,0.2,0.3,12.3,45.6,78.9,101.325,25.0,0.0,0.0,98.1,1,46.5,6.6,1200.0,1.5,3.5,12,9.81,98.1,1198.4,0.0,1200.0,True,True,True,True,True,True,True,True,True,True,True,True,True,True,True,True,False,False,False,False,False,False,False,False
634807,STATE_PREFLIGHT,12.4,5.0,10.0,45.0,0.0,0.0,9.81,0.1,0.2,0.3,12.3,45.6,78.9,101.325,25.0,0.0,0.0,98.1,1,46.5,6.6,1200.0,1.5,3.5,12,9.81,98.1,1198.4,0.0,1200.0,True,True,True,True,True,True,True,True,True,True,True,True,True,True,True,True,False,False,False,False,False,False,False,False
635308,STATE_PREFLIGHT,12.4,5.0,10.0,45.0,0.0,0.0,9.81,0.1,0.2,0.3,12.3,45.6,78.9,101.325,25.0,0.0,0.0,98.1,1,46.5,6.6,1200.0,1.5,3.5,12,9.81,98.1,1198.4,0.0,1200.0,True,True,True,True,True,True,True,True,True,True,True,True,True,True,True,True,False,False,False,False,False,False,False,False
635810,STATE_PREFLIGHT,12.4,5.0,10.0,45.0,0.0,0.0,9.81,0.1,0.2,0.3,12.3,45.6,78.9,101.325,25.0,0.0,0.0,98.1,1,46.5,6.6,1200.0,1.5,3.5,12,9.81,98.1,1198.4,0.0,1200.0,True,True,True,True,True,True,True,True,True,True,True,True,True,True,True,True,False,False,False,False,False,False,False,False
636312,STATE_PREFLIGHT,12.4,5.0,10.0,45.0,0.0,0.0,9.81,0.1,0.2,0.3,12.3,45.6,78.9,101.325,25.0,0.0,0.0,98.1,1,46.5,6.6,1200.0,1.5,3.5,12,9.81,98.1,1198.4,0.0,1200.0,True,True,True,True,True,True,True,True,True,True,True,True,True,True,True,True,False,False,False,False,False,False,False,False
636814,STATE_PREFLIGHT,12.4,5.0,10.0,45.0,0.0,0.0,9.81,0.1,0.2,0.3,12.3,45.6,78.9,101.325,25.0,0.0,0.0,98.1,1,46.5,6.6,1200.0,1.5,3.5,12,9.81,98.1,1198.4,0.0,1200.0,True,True,True,True,True,True,True,True,True,True,True,True,True,True,True,True,False,False,False,False,False,False,False,False
637315,STATE_PREFLIGHT,12.4,5.0,10.0,45.0,0.0,0.0,9.81,0.1,0.2,0.3,12.3,45.6,78.9,101.325,25.0,0.0,0.0,98.1,1,46.5,6.6,1200.0,1.5,3.5,12,9.81,98.1,1198.4,0.0,1200.0,True,True,True,True,True,True,True,True,True,True,True,True,True,True,True,True,False,False,False,False,False,False,False,False
637817,STATE_PREFLIGHT,12.4,5.0,10.0,45.0,0.0,0.0,9.81,0.1,0.2,0.3,12.3,45.6,78.9,101.325,25.0,0.0,0.0,98.1,1,46.5,6.6,1200.0,1.5,3.5,12,9.81,98.1,1198.4,0.0,1200.0,True,True,True,True,True,True,True,True,True,True,True,True,True,True,True,True,False,False,False,False,False,False,False,False
638319,STATE_PREFLIGHT,12.4,5.0,10.0,45.0,0.0,0.0,9.81,0.1,0.2,0.3,12.3,45.6,78.9,101.325,25.0,0.0,0.0,98.1,1,46.5,6.6,1200.0,1.5,3.5,12,9.81,98.1,1198.4,0.0,1200.0,True,True,True,True,True,True,True,True,True,True,True,True,True,True,True,True,False,False,False,False,False,False,False,False
638821,STATE_PREFLIGHT,12.4,5.0,10.0,45.0,0.0,0.0,9.81,0.1,0.2,0.3,12.3,45.6,78.9,101.325,25.0,0.0,0.0,98.1,1,46.5,6.6,1200.0,1.5,3.5,12,9.81,98.1,1198.4,0.0,1200.0,True,True,True,True,True,True,True,True,True,True,True,True,True,True,True,True,False,False,False,False,False,False,False,False
639323,STATE_PREFLIGHT,12.4,5.0,10.0,45.0,0.0,0.0,9.81,0.1,0.2,0.3,12.3,45.6,78.9,101.325,25.0,0.0,0.0,98.1,1,46.5,6.6,1200.0,1.5,3.5,12,9.81,98.1,1198.4,0.0,1200.0,True,True,True,True,True,True,True,True,True,True,True,True,True,True,True,True,False,False,False,False,False,False,False,False
639824,STATE_PREFLIGHT,12.4,5.0,10.0,45.0,0.0,0.0,9.81,0.1,0.2,0.3,12.3,45.6,78.9,101.325,25.0,0.0,0.0,98.1,1,46.5,6.6,1200.0,1.5,3.5,12,9.81,98.1,1198.4,0.0,1200.0,True,True,True,True,True,True,True,True,True,True,True,True,True,True,True,True,False,False,False,False,False,False,False,False
640327,STATE_PREFLIGHT,12.4,5.0,10.0,45.0,0.0,0.0,9.81,0.1,0.2,0.3,12.3,45.6,78.9,101.325,25.0,0.0,0.0,98.1,1,46.5,6.6,1200.0,1.5,3.5,12,9.81,98.1,1198.4,0.0,1200.0,True,True,True,True,True,True,True,True,True,True,True,True,True,True,True,True,False,False,False,False,False,False,False,False
640828,STATE_PREFLIGHT,12.4,5.0,10.0,45.0,0.0,0.0,9.81,0.1,0.2,0.3,12.3,45.6,78.9,101.325,25.0,0.0,0.0,98.1,1,46.5,6.6,1200.0,1.5,3.5,12,9.81,98.1,1198.4,0.0,1200.0,True,True,True,True,True,True,True,True,True,True,True,True,True,True,True,True,False,False,False,False,False,False,False,False
641331,STATE_PREFLIGHT,12.4,5.0,10.0,45.0,0.0,0.0,9.81,0.1,0.2,0.3,12.3,45.6,78.9,101.325,25.0,0.0,0.0,98.1,1,46.5,6.6,1200.0,1.5,3.5,12,9.81,98.1,1198.4,0.0,1200.0,True,True,True,True,True,True,True,True,True,True,True,True,True,True,True,True,False,False,False,False,False,False,False,False
641833,STATE_PREFLIGHT,12.4,5.0,10.0,45.0,0.0,0.0,9.81,0.1,0.2,0.3,12.3,45.6,78.9,101.325,25.0,0.0,0.0,98.1,1,46.5,6.6,1200.0,1.5,3.5,12,9.81,98.1,1198.4,0.0,1200.0,True,True,True,True,True,True,True,True,True,True,True,True,True,True,True,True,False,False,False,False,False,False,False,False
642335,STATE_PREFLIGHT,12.4,5.0,10.0,45.0,0.0,0.0,9.81,0.1,0.2,0.3,12.3,45.6,78.9,101.325,25.0,0.0,0.0,98.1,1,46.5,6.6,1200.0,1.5,3.5,12,9.81,98.1,1198.4,0.0,1200.0,True,True,True,True,True,True,True,True,True,True,True,True,True,True,True,True,False,False,False,False,False,False,False,False
642837,STATE_PREFLIGHT,12.4,5.0,10.0,45.0,0.0,0.0,9.81,0.1,0.2,0.3,12.3,45.6,78.9,101.325,25.0,0.0,0.0,98.1,1,46.5,6.6,1200.0,1.5,3.5,12,9.81,98.1,1198.4,0.0,1200.0,True,True,True,True,True,True,True,True,True,True,True,True,True,True,True,True,False,False,False,False,False,False,False,False
643339,STATE_PREFLIGHT,12.4,5.0,10.0,45.0,0.0,0.0,9.81,0.1,0.2,0.3,12.3,45.6,78.9,101.325,25.0,0.0,0.0,98.1,1,46.5,6.6,1200.0,1.5,3.5,12,9.81,98.1,1198.4,0.0,1200.0,True,True,True,True,True,True,True,True,True,True,True,True,True,True,True,True,False,False,False,False,False,False,False,False
643841,STATE_PREFLIGHT,12.4,5.0,10.0,45.0,0.0,0.0,9.81,0.1,0.2,0.3,12.3,45.6,78.9,101.325,25.0,0.0,0.0,98.1,1,46.5,6.6,1200.0,1.5,3.5,12,9.81,98.1,1198.4,0.0,1200.0,True,True,True,True,True,True,True,True,True,True,True,True,True,True,True,True,False,False,False,False,False,False,False,False
644342,STATE_PREFLIGHT,12.4,5.0,10.0,45.0,0.0,0.0,9.81,0.1,0.2,0.3,12.3,45.6,78.9,101.325,25.0,0.0,0.0,98.1,1,46.5,6.6,1200.0,1.5,3.5,12,9.81,98.1,1198.4,0.0,1200.0,True,True,True,True,True,True,True,True,True,True,True,True,True,True,True,True,False,False,False,False,False,False,False,False
644844,STATE_PREFLIGHT,12.4,5.0,10.0,45.0,0.0,0.0,9.81,0.1,0.2,0.3,12.3,45.6,78.9,101.325,25.0,0.0,0.0,98.1,1,46.5,6.6,1200.0,1.5,3.5,12,9.81,98.1,1198.4,0.0,1200.0,True,True,True,True,True,True,True,True,True,True,True,True,True,True,True,True,False,False,False,False,False,False,False,False
645347,STATE_PREFLIGHT,12.4,5.0,10.0,45.0,0.0,0.0,9.81,0.1,0.2,0.3,12.3,45.6,78.9,101.325,25.0,0.0,0.0,98.1,1,46.5,6.6,1200.0,1.5,3.5,12,9.81,98.1,1198.4,0.0,1200.0,True,True,True,True,True,True,True,True,True,True,True,True,True,True,True,True,False,False,False,False,False,False,False,False
645848,STATE_PREFLIGHT,12.4,5.0,10.0,45.0,0.0,0.0,9.81,0.1,0.2,0.3,12.3,45.6,78.9,101.325,25.0,0.0,0.0,98.1,1,46.5,6.6,1200.0,1.5,3.5,12,9.81,98.1,1198.4,0.0,1200.0,True,True,True,True,True,True,True,True,True,True,True,True,True,True,True,True,False,False,False,False,False,False,False,False
646351,STATE_PREFLIGHT,12.4,5.0,10.0,45.0,0.0,0.0,9.81,0.1,0.2,0.3,12.3,45.6,78.9,101.325,25.0,0.0,0.0,98.1,1,46.5,6.6,1200.0,1.5,3.5,12,9.81,98.1,1198.4,0.0,1200.0,True,True,True,True,True,True,True,True,True,True,True,True,True,True,True,True,False,False,False,False,False,False,False,False
646853,STATE_PREFLIGHT,12.4,5.0,10.0,45.0,0.0,0.0,9.81,0.1,0.2,0.3,12.3,45.6,78.9,101.325,25.0,0.0,0.0,98.1,1,46.5,6.6,1200.0,1.5,3.5,12,9.81,98.1,1198.4,0.0,1200.0,True,True,True,True,True,True,True,True,True,True,True,True,True,True,True,True,False,False,False,False,False,False,False,False
647356,STATE_PREFLIGHT,12.4,5.0,10.0,45.0,0.0,0.0,9.81,0.1,0.2,0.3,12.3,45.6,78.9,101.325,25.0,0.0,0.0,98.1,1,46.5,6.6,1200.0,1.5,3.5,12,9.81,98.1,1198.4,0.0,1200.0,True,True,True,True,True,True,True,True,True,True,True,True,True,True,True,True,False,False,False,False,False,False,False,False
647857,STATE_PREFLIGHT,12.4,5.0,10.0,45.0,0.0,0.0,9.81,0.1,0.2,0.3,12.3,45.6,78.9,101.325,25.0,0.0,0.0,98.1,1,46.5,6.6,1200.0,1.5,3.5,12,9.81,98.1,1198.4,0.0,1200.0,True,True,True,True,True,True,True,True,True,True,True,True,True,True,True,True,False,False,False,False,False,False,False,False
648359,STATE_PREFLIGHT,12.4,5.0,10.0,45.0,0.0,0.0,9.81,0.1,0.2,0.3,12.3,45.6,78.9,101.325,25.0,0.0,0.0,98.1,1,46.5,6.6,1200.0,1.5,3.5,12,9.81,98.1,1198.4,0.0,1200.0,True,True,True,True,True,True,True,True,True,True,True,True,True,True,True,True,False,False,False,False,False,False,False,False
648862,STATE_PREFLIGHT,12.4,5.0,10.0,45.0,0.0,0.0,9.81,0.1,0.2,0.3,12.3,45.6,78.9,101.325,25.0,0.0,0.0,98.1,1,46.5,6.6,1200.0,1.5,3.5,12,9.81,98.1,1198.4,0.0,1200.0,True,True,True,True,True,True,True,True,True,True,True,True,True,True,True,True,False,False,False,False,False,False,False,False
649365,STATE_PREFLIGHT,12.4,5.0,10.0,45.0,0.0,0.0,9.81,0.1,0.2,0.3,12.3,45.6,78.9,101.325,25.0,0.0,0.0,98.1,1,46.5,6.6,1200.0,1.5,3.5,12,9.81,98.1,1198.4,0.0,1200.0,True,True,True,True,True,True,True,True,True,True,True,True,True,True,True,True,False,False,False,False,False,False,False,False
649868,STATE_PREFLIGHT,12.4,5.0,10.0,45.0,0.0,0.0,9.81,0.1,0.2,0.3,12.3,45.6,78.9,101.325,25.0,0.0,0.0,98.1,1,46.5,6.6,1200.0,1.5,3.5,12,9.81,98.1,1198.4,0.0,1200.0,True,True,True,True,True,True,True,True,True,True,True,True,True,True,True,True,False,False,False,False,False,False,False,False
650371,STATE_PREFLIGHT,12.4,5.0,10.0,45.0,0.0,0.0,9.81,0.1,0.2,0.3,12.3,45.6,78.9,101.325,25.0,0.0,0.0,98.1,1,46.5,6.6,1200.0,1.5,3.5,12,9.81,98.1,1198.4,0.0,1200.0,True,True,True,True,True,True,True,True,True,True,True,True,True,True,True,True,False,False,False,False,False,False,False,False
650875,STATE_PREFLIGHT,12.4,5.0,10.0,45.0,0.0,0.0,9.81,0.1,0.2,0.3,12.3,45.6,78.9,101.325,25.0,0.0,0.0,98.1,1,46.5,6.6,1200.0,1.5,3.5,12,9.81,98.1,1198.4,0.0,1200.0,True,True,True,True,True,True,True,True,True,True,True,True,True,True,True,True,False,False,False,False,False,False,False,False
651378,STATE_PREFLIGHT,12.4,5.0,10.0,45.0,0.0,0.0,9.81,0.1,0.2,0.3,12.3,45.6,78.9,101.325,25.0,0.0,0.0,98.1,1,46.5,6.6,1200.0,1.5,3.5,12,9.81,98.1,1198.4,0.0,1200.0,True,True,True,True,True,True,True,True,True,True,True,True,True,True,True,True,False,False,False,False,False,False,False,False
651881,STATE_PREFLIGHT,12.4,5.0,10.0,45.0,0.0,0.0,9.81,0.1,0.2,0.3,12.3,45.6,78.9,101.325,25.0,0.0,0.0,98.1,1,46.5,6.6,1200.0,1.5,3.5,12,9.81,98.1,1198.4,0.0,1200.0,True,True,True,True,True,True,True,True,True,True,True,True,True,True,True,True,False,False,False,False,False,False,False,False
652383,STATE_PREFLIGHT,12.4,5.0,10.0,45.0,0.0,0.0,9.81,0.1,0.2,0.3,12.3,45.6,78.9,101.325,25.0,0.0,0.0,98.1,1,46.5,6.6,1200.0,1.5,3.5,12,9.81,98.1,1198.4,0.0,1200.0,True,True,True,True,True,True,True,True,True,True,True,True,True,True,True,True,False,False,False,False,False,False,False,False
652885,STATE_PREFLIGHT,12.4,5.0,10.0,45.0,0.0,0.0,9.81,0.1,0.2,0.3,12.3,45.6,78.9,101.325,25.0,0.0,0.0,98.1,1,46.5,6.6,1200.0,1.5,3.5,12,9.81,98.1,1198.4,0.0,1200.0,True,True,True,True,True,True,True,True,True,True,True,True,True,True,True,True,False,False,False,False,False,False,False,False
653387,STATE_PREFLIGHT,12.4,5.0,10.0,45.0,0.0,0.0,9.81,0.1,0.2,0.3,12.3,45.6,78.9,101.325,25.0,0.0,0.0,98.1,1,46.5,6.6,1200.0,1.5,3.5,12,9.81,98.1,1198.4,0.0,1200.0,True,True,True,True,True,True,True,True,True,True,True,True,True,True,True,True,False,False,False,False,False,False,False,False
653890,STATE_PREFLIGHT,12.4,5.0,10.0,45.0,0.0,0.0,9.81,0.1,0.2,0.3,12.3,45.6,78.9,101.325,25.0,0.0,0.0,98.1,1,46.5,6.6,1200.0,1.5,3.5,12,9.81,98.1,1198.4,0.0,1200.0,True,True,True,True,True,True,True,True,True,True,True,True,True,True,True,True,False,False,False,False,False,False,False,False
654394,STATE_PREFLIGHT,12.4,5.0,10.0,45.0,0.0,0.0,9.81,0.1,0.2,0.3,12.3,45.6,78.9,101.325,25.0,0.0,0.0,98.1,1,46.5,6.6,1200.0,1.5,3.5,12,9.81,98.1,1198.4,0.0,1200.0,True,True,True,True,True,True,True,True,True,True,True,True,True,True,True,True,False,False,False,False,False,False,False,False
654896,STATE_PREFLIGHT,12.4,5.0,10.0,45.0,0.0,0.0,9.81,0.1,0.2,0.3,12.3,45.6,78.9,101.325,25.0,0.0,0.0,98.1,1,46.5,6.6,1200.0,1.5,3.5,12,9.81,98.1,1198.4,0.0,1200.0,True,True,True,True,True,True,True,True,True,True,True,True,True,True,True,True,False,False,False,False,False,False,False,False
655399,STATE_PREFLIGHT,12.4,5.0,10.0,45.0,0.0,0.0,9.81,0.1,0.2,0.3,12.3,45.6,78.9,101.325,25.0,0.0,0.0,98.1,1,46.5,6.6,1200.0,1.5,3.5,12,9.81,98.1,1198.4,0.0,1200.0,True,True,True,True,True,True,True,True,True,True,True,True,True,True,True,True,False,False,False,False,False,False,False,False
655903,STATE_PREFLIGHT,12.4,5.0,10.0,45.0,0.0,0.0,9.81,0.1,0.2,0.3,12.3,45.6,78.9,101.325,25.0,0.0,0.0,98.1,1,46.5,6.6,1200.0,1.5,3.5,12,9.81,98.1,1198.4,0.0,1200.0,True,True,True,True,True,True,True,True,True,True,True,True,True,True,True,True,False,False,False,False,False,False,False,False
656407,STATE_PREFLIGHT,12.4,5.0,10.0,45.0,0.0,0.0,9.81,0.1,0.2,0.3,12.3,45.6,78.9,101.325,25.0,0.0,0.0,98.1,1,46.5,6.6,1200.0,1.5,3.5,12,9.81,98.1,1198.4,0.0,1200.0,True,True,True,True,True,True,True,True,True,True,True,True,True,True,True,True,False,False,False,False,False,False,False,False
656909,STATE_PREFLIGHT,12.4,5.0,10.0,45.0,0.0,0.0,9.81,0.1,0.2,0.3,12.3,45.6,78.9,101.325,25.0,0.0,0.0,98.1,1,46.5,6.6,1200.0,1.5,3.5,12,9.81,98.1,1198.4,0.0,1200.0,True,True,True,True,True,True,True,True,True,True,True,True,True,True,True,True,False,False,False,False,False,False,False,False
657411,STATE_PREFLIGHT,12.4,5.0,10.0,45.0,0.0,0.0,9.81,0.1,0.2,0.3,12.3,45.6,78.9,101.325,25.0,0.0,0.0,98.1,1,46.5,6.6,1200.0,1.5,3.5,12,9.81,98.1,1198.4,0.0,1200.0,True,True,True,True,True,True,True,True,True,True,True,True,True,True,True,True,False,False,False,False,False,False,False,False
657913,STATE_PREFLIGHT,12.4,5.0,10.0,45.0,0.0,0.0,9.81,0.1,0.2,0.3,12.3,45.6,78.9,101.325,25.0,0.0,0.0,98.1,1,46.5,6.6,1200.0,1.5,3.5,12,9.81,98.1,1198.4,0.0,1200.0,True,True,True,True,True,True,True,True,True,True,True,True,True,True,True,True,False,False,False,False,False,False,False,False
658414,STATE_PREFLIGHT,12.4,5.0,10.0,45.0,0.0,0.0,9.81,0.1,0.2,0.3,12.3,45.6,78.9,101.325,25.0,0.0,0.0,98.1,1,46.5,6.6,1200.0,1.5,3.5,12,9.81,98.1,1198.4,0.0,1200.0,True,True,True,True,True,True,True,True,True,True,True,True,True,True,True,True,False,False,False,False,False,False,False,False
658917,STATE_PREFLIGHT,12.4,5.0,10.0,45.0,0.0,0.0,9.81,0.1,0.2,0.3,12.3,45.6,78.9,101.325,25.0,0.0,0.0,98.1,1,46.5,6.6,1200.0,1.5,3.5,12,9.81,98.1,1198.4,0.0,1200.0,True,True,True,True,True,True,True,True,True,True,True,True,True,True,True,True,False,False,False,False,False,False,False,False
659418,STATE_PREFLIGHT,12.4,5.0,10.0,45.0,0.0,0.0,9.81,0.1,0.2,0.3,12.3,45.6,78.9,101.325,25.0,0.0,0.0,98.1,1,46.5,6.6,1200.0,1.5,3.5,12,9.81,98.1,1198.4,0.0,1200.0,True,True,True,True,True,True,True,True,True,True,True,True,True,True,True,True,False,False,False,False,False,False,False,False
659920,STATE_PREFLIGHT,12.4,5.0,10.0,45.0,0.0,0.0,9.81,0.1,0.2,0.3,12.3,45.6,78.9,101.325,25.0,0.0,0.0,98.1,1,46.5,6.6,1200.0,1.5,3.5,12,9.81,98.1,1198.4,0.0,1200.0,True,True,True,True,True,True,True,True,True,True,True,True,True,True,True,True,False,False,False,False,False,False,False,False
660422,STATE_PREFLIGHT,12.4,5.0,10.0,45.0,0.0,0.0,9.81,0.1,0.2,0.3,12.3,45.6,78.9,101.325,25.0,0.0,0.0,98.1,1,46.5,6.6,1200.0,1.5,3.5,12,9.81,98.1,1198.4,0.0,1200.0,True,True,True,True,True,True,True,True,True,True,True,True,True,True,True,True,False,False,False,False,False,False,False,False
660924,STATE_PREFLIGHT,12.4,5.0,10.0,45.0,0.0,0.0,9.81,0.1,0.2,0.3,12.3,45.6,78.9,101.325,25.0,0.0,0.0,98.1,1,46.5,6.6,1200.0,1.5,3.5,12,9.81,98.1,1198.4,0.0,1200.0,True,True,True,True,True,True,True,True,True,True,True,True,True,True,True,True,False,False,False,False,False,False,False,False
661425,STATE_PREFLIGHT,12.4,5.0,10.0,45.0,0.0,0.0,9.81,0.1,0.2,0.3,12.3,45.6,78.9,101.325,25.0,0.0,0.0,98.1,1,46.5,6.6,1200.0,1.5,3.5,12,9.81,98.1,1198.4,0.0,1200.0,True,True,True,True,True,True,True,True,True,True,True,True,True,True,True,True,False,False,False,False,False,False,False,False
661928,STATE_PREFLIGHT,12.4,5.0,10.0,45.0,0.0,0.0,9.81,0.1,0.2,0.3,12.3,45.6,78.9,101.325,25.0,0.0,0.0,98.1,1,46.5,6.6,1200.0,1.5,3.5,12,9.81,98.1,1198.4,0.0,1200.0,True,True,True,True,True,True,True,True,True,True,True,True,True,True,True,True,False,False,False,False,False,False,False,False
662429,STATE_PREFLIGHT,12.4,5.0,10.0,45.0,0.0,0.0,9.81,0.1,0.2,0.3,12.3,45.6,78.9,101.325,25.0,0.0,0.0,98.1,1,46.5,6.6,1200.0,1.5,3.5,12,9.81,98.1,1198.4,0.0,1200.0,True,True,True,True,True,True,True,True,True,True,True,True,True,True,True,True,False,False,False,False,False,False,False,False
662932,STATE_PREFLIGHT,12.4,5.0,10.0,45.0,0.0,0.0,9.81,0.1,0.2,0.3,12.3,45.6,78.9,101.325,25.0,0.0,0.0,98.1,1,46.5,6.6,1200.0,1.5,3.5,12,9.81,98.1,1198.4,0.0,1200.0,True,True,True,True,True,True,True,True,True,True,True,True,True,True,True,True,False,False,False,False,False,False,False,False
663433,STATE_PREFLIGHT,12.4,5.0,10.0,45.0,0.0,0.0,9.81,0.1,0.2,0.3,12.3,45.6,78.9,101.325,25.0,0.0,0.0,98.1,1,46.5,6.6,1200.0,1.5,3.5,12,9.81,98.1,1198.4,0.0,1200.0,True,True,True,True,True,True,True,True,True,True,True,True,True,True,True,True,False,False,False,False,False,False,False,False
663937,STATE_PREFLIGHT,12.4,5.0,10.0,45.0,0.0,0.0,9.81,0.1,0.2,0.3,12.3,45.6,78.9,101.325,25.0,0.0,0.0,98.1,1,46.5,6.6,1200.0,1.5,3.5,12,9.81,98.1,1198.4,0.0,1200.0,True,True,True,True,True,True,True,True,True,True,True,True,True,True,True,True,False,False,False,False,False,False,False,False
664439,STATE_PREFLIGHT,12.4,5.0,10.0,45.0,0.0,0.0,9.81,0.1,0.2,0.3,12.3,45.6,78.9,101.325,25.0,0.0,0.0,98.1,1,46.5,6.6,1200.0,1.5,3.5,12,9.81,98.1,1198.4,0.0,1200.0,True,True,True,True,True,True,True,True,True,True,True,True,True,True,True,True,False,False,False,False,False,False,False,False
664941,STATE_PREFLIGHT,12.4,5.0,10.0,45.0,0.0,0.0,9.81,0.1,0.2,0.3,12.3,45.6,78.9,101.325,25.0,0.0,0.0,98.1,1,46.5,6.6,1200.0,1.5,3.5,12,9.81,98.1,1198.4,0.0,1200.0,True,True,True,True,True,True,True,True,True,True,True,True,True,True,True,True,False,False,False,False,False,False,False,False
665443,STATE_PREFLIGHT,12.4,5.0,10.0,45.0,0.0,0.0,9.81,0.1,0.2,0.3,12.3,45.6,78.9,101.325,25.0,0.0,0.0,98.1,1,46.5,6.6,1200.0,1.5,3.5,12,9.81,98.1,1198.4,0.0,1200.0,True,True,True,True,True,True,True,True,True,True,True,True,True,True,True,True,False,False,False,False,False,False,False,False
665945,STATE_PREFLIGHT,12.4,5.0,10.0,45.0,0.0,0.0,9.81,0.1,0.2,0.3,12.3,45.6,78.9,101.325,25.0,0.0,0.0,98.1,1,46.5,6.6,1200.0,1.5,3.5,12,9.81,98.1,1198.4,0.0,1200.0,True,True,True,True,True,True,True,True,True,True,True,True,True,True,True,True,False,False,False,False,False,False,False,False
666447,STATE_PREFLIGHT,12.4,5.0,10.0,45.0,0.0,0.0,9.81,0.1,0.2,0.3,12.3,45.6,78.9,101.325,25.0,0.0,0.0,98.1,1,46.5,6.6,1200.0,1.5,3.5,12,9.81,98.1,1198.4,0.0,1200.0,True,True,True,True,True,True,True,True,True,True,True,True,True,True,True,True,False,False,False,False,False,False,False,False
666949,STATE_PREFLIGHT,12.4,5.0,10.0,45.0,0.0,0.0,9.81,0.1,0.2,0.3,12.3,45.6,78.9,101.325,25.0,0.0,0.0,98.1,1,46.5,6.6,1200.0,1.5,3.5,12,9.81,98.1,1198.4,0.0,1200.0,True,True,True,True,True,True,True,True,True,True,True,True,True,True,True,True,False,False,False,False,False,False,False,False
667451,STATE_PREFLIGHT,12.4,5.0,10.0,45.0,0.0,0.0,9.81,0.1,0.2,0.3,12.3,45.6,78.9,101.325,25.0,0.0,0.0,98.1,1,46.5,6.6,1200.0,1.5,3.5,12,9.81,98.1,1198.4,0.0,1200.0,True,True,True,True,True,True,True,True,True,True,True,True,True,True,True,True,False,False,False,False,False,False,False,False
667953,STATE_PREFLIGHT,12.4,5.0,10.0,45.0,0.0,0.0,9.81,0.1,0.2,0.3,12.3,45.6,78.9,101.325,25.0,0.0,0.0,98.1,1,46.5,6.6,1200.0,1.5,3.5,12,9.81,98.1,1198.4,0.0,1200.0,True,True,True,True,True,True,True,True,True,True,True,True,True,True,True,True,False,False,False,False,False,False,False,False
668455,STATE_PREFLIGHT,12.4,5.0,10.0,45.0,0.0,0.0,9.81,0.1,0.2,0.3,12.3,45.6,78.9,101.325,25.0,0.0,0.0,98.1,1,46.5,6.6,1200.0,1.5,3.5,12,9.81,98.1,1198.4,0.0,1200.0,True,True,True,True,True,True,True,True,True,True,True,True,True,True,True,True,False,False,False,False,False,False,False,False
668956,STATE_PREFLIGHT,12.4,5.0,10.0,45.0,0.0,0.0,9.81,0.1,0.2,0.3,12.3,45.6,78.9,101.325,25.0,0.0,0.0,98.1,1,46.5,6.6,1200.0,1.5,3.5,12,9.81,98.1,1198.4,0.0,1200.0,True,True,True,True,True,True,True,True,True,True,True,True,True,True,True,True,False,False,False,False,False,False,False,False
669458,STATE_PREFLIGHT,12.4,5.0,10.0,45.0,0.0,0.0,9.81,0.1,0.2,0.3,12.3,45.6,78.9,101.325,25.0,0.0,0.0,98.1,1,46.5,6.6,1200.0,1.5,3.5,12,9.81,98.1,1198.4,0.0,1200.0,True,True,True,True,True,True,True,True,True,True,True,True,True,True,True,True,False,False,False,False,False,False,False,False
669960,STATE_PREFLIGHT,12.4,5.0,10.0,45.0,0.0,0.0,9.81,0.1,0.2,0.3,12.3,45.6,78.9,101.325,25.0,0.0,0.0,98.1,1,46.5,6.6,1200.0,1.5,3.5,12,9.81,98.1,1198.4,0.0,1200.0,True,True,True,True,True,True,True,True,True,True,True,True,True,True,True,True,False,False,False,False,False,False,False,False
670462,STATE_PREFLIGHT,12.4,5.0,10.0,45.0,0.0,0.0,9.81,0.1,0.2,0.3,12.3,45.6,78.9,101.325,25.0,0.0,0.0,98.1,1,46.5,6.6,1200.0,1.5,3.5,12,9.81,98.1,1198.4,0.0,1200.0,True,True,True,True,True,True,True,True,True,True,True,True,True,True,True,True,False,False,False,False,False,False,False,False
670963,STATE_PREFLIGHT,12.4,5.0,10.0,45.0,0.0,0.0,9.81,0.1,0.2,0.3,12.3,45.6,78.9,101.325,25.0,0.0,0.0,98.1,1,46.5,6.6,1200.0,1.5,3.5,12,9.81,98.1,1198.4,0.0,1200.0,True,True,True,True,True,True,True,True,True,True,True,True,True,True,True,True,False,False,False,False,False,False,False,False
671465,STATE_PREFLIGHT,12.4,5.0,10.0,45.0,0.0,0.0,9.81,0.1,0.2,0.3,12.3,45.6,78.9,101.325,25.0,0.0,0.0,98.1,1,46.5,6.6,1200.0,1.5,3.5,12,9.81,98.1,1198.4,0.0,1200.0,True,True,True,True,True,True,True,True,True,True,True,True,True,True,True,True,False,False,False,False,False,False,False,False
671967,STATE_PREFLIGHT,12.4,5.0,10.0,45.0,0.0,0.0,9.81,0.1,0.2,0.3,12.3,45.6,78.9,101.325,25.0,0.0,0.0,98.1,1,46.5,6.6,1200.0,1.5,3.5,12,9.81,98.1,1198.4,0.0,1200.0,True,True,True,True,True,True,True,True,True,True,True,True,True,True,True,True,False,False,False,False,False,False,False,False
672468,STATE_PREFLIGHT,12.4,5.0,10.0,45.0,0.0,0.0,9.81,0.1,0.2,0.3,12.3,45.6,78.9,101.325,25.0,0.0,0.0,98.1,1,46.5,6.6,1200.0,1.5,3.5,12,9.81,98.1,1198.4,0.0,1200.0,True,True,True,True,True,True,True,True,True,True,True,True,True,True,True,True,False,False,False,False,False,False,False,False
672970,STATE_PREFLIGHT,12.4,5.0,10.0,45.0,0.0,0.0,9.81,0.1,0.2,0.3,12.3,45.6,78.9,101.325,25.0,0.0,0.0,98.1,1,46.5,6.6,1200.0,1.5,3.5,12,9.81,98.1,1198.4,0.0,1200.0,True,True,True,True,True,True,True,True,True,True,True,True,True,True,True,True,False,False,False,False,False,False,False,False
673472,STATE_PREFLIGHT,12.4,5.0,10.0,45.0,0.0,0.0,9.81,0.1,0.2,0.3,12.3,45.6,78.9,101.325,25.0,0.0,0.0,98.1,1,46.5,6.6,1200.0,1.5,3.5,12,9.81,98.1,1198.4,0.0,1200.0,True,True,True,True,True,True,True,True,True,True,True,True,True,True,True,True,False,False,False,False,False,False,False,False
673973,STATE_PREFLIGHT,12.4,5.0,10.0,45.0,0.0,0.0,9.81,0.1,0.2,0.3,12.3,45.6,78.9,101.325,25.0,0.0,0.0,98.1,1,46.5,6.6,1200.0,1.5,3.5,12,9.81,98.1,1198.4,0.0,1200.0,True,True,True,True,True,True,True,True,True,True,True,True,True,True,True,True,False,False,False,False,False,False,False,False
674475,STATE_PREFLIGHT,12.4,5.0,10.0,45.0,0.0,0.0,9.81,0.1,0.2,0.3,12.3,45.6,78.9,101.325,25.0,0.0,0.0,98.1,1,46.5,6.6,1200.0,1.5,3.5,12,9.81,98.1,1198.4,0.0,1200.0,True,True,True,True,True,True,True,True,True,True,True,True,True,True,True,True,False,False,False,False,False,False,False,False
674978,STATE_PREFLIGHT,12.4,5.0,10.0,45.0,0.0,0.0,9.81,0.1,0.2,0.3,12.3,45.6,78.9,101.325,25.0,0.0,0.0,98.1,1,46.5,6.6,1200.0,1.5,3.5,12,9.81,98.1,1198.4,0.0,1200.0,True,True,True,True,True,True,True,True,True,True,True,True,True,True,True,True,False,False,False,False,False,False,False,False
675480,STATE_PREFLIGHT,12.4,5.0,10.0,45.0,0.0,0.0,9.81,0.1,0.2,0.3,12.3,45.6,78.9,101.325,25.0,0.0,0.0,98.1,1,46.5,6.6,1200.0,1.5,3.5,12,9.81,98.1,1198.4,0.0,1200.0,True,True,True,True,True,True,True,True,True,True,True,True,True,True,True,True,False,False,False,False,False,False,False,False
675982,STATE_PREFLIGHT,12.4,5.0,10.0,45.0,0.0,0.0,9.81,0.1,0.2,0.3,12.3,45.6,78.9,101.325,25.0,0.0,0.0,98.1,1,46.5,6.6,1200.0,1.5,3.5,12,9.81,98.1,1198.4,0.0,1200.0,True,True,True,True,True,True,True,True,True,True,True,True,True,True,True,True,False,False,False,False,False,False,False,False
676485,STATE_PREFLIGHT,12.4,5.0,10.0,45.0,0.0,0.0,9.81,0.1,0.2,0.3,12.3,45.6,78.9,101.325,25.0,0.0,0.0,98.1,1,46.5,6.6,1200.0,1.5,3.5,12,9.81,98.1,1198.4,0.0,1200.0,True,True,True,True,True,True,True,True,True,True,True,True,True,True,True,True,False,False,False,False,False,False,False,False
676986,STATE_PREFLIGHT,12.4,5.0,10.0,45.0,0.0,0.0,9.81,0.1,0.2,0.3,12.3,45.6,78.9,101.325,25.0,0.0,0.0,98.1,1,46.5,6.6,1200.0,1.5,3.5,12,9.81,98.1,1198.4,0.0,1200.0,True,True,True,True,True,True,True,True,True,True,True,True,True,True,True,True,False,False,False,False,False,False,False,False
677488,STATE_PREFLIGHT,12.4,5.0,10.0,45.0,0.0,0.0,9.81,0.1,0.2,0.3,12.3,45.6,78.9,101.325,25.0,0.0,0.0,98.1,1,46.5,6.6,1200.0,1.5,3.5,12,9.81,98.1,1198.4,0.0,1200.0,True,True,True,True,True,True,True,True,True,True,True,True,True,True,True,True,False,False,False,False,False,False,False,False
677990,STATE_PREFLIGHT,12.4,5.0,10.0,45.0,0.0,0.0,9.81,0.1,0.2,0.3,12.3,45.6,78.9,101.325,25.0,0.0,0.0,98.1,1,46.5,6.6,1200.0,1.5,3.5,12,9.81,98.1,1198.4,0.0,1200.0,True,True,True,True,True,True,True,True,True,True,True,True,True,True,True,True,False,False,False,False,False,False,False,False
678492,STATE_PREFLIGHT,12.4,5.0,10.0,45.0,0.0,0.0,9.81,0.1,0.2,0.3,12.3,45.6,78.9,101.325,25.0,0.0,0.0,98.1,1,46.5,6.6,1200.0,1.5,3.5,12,9.81,98.1,1198.4,0.0,1200.0,True,True,True,True,True,True,True,True,True,True,True,True,True,True,True,True,False,False,False,False,False,False,False,False
678993,STATE_PREFLIGHT,12.4,5.0,10.0,45.0,0.0,0.0,9.81,0.1,0.2,0.3,12.3,45.6,78.9,101.325,25.0,0.0,0.0,98.1,1,46.5,6.6,1200.0,1.5,3.5,12,9.81,98.1,1198.4,0.0,1200.0,True,True,True,True,True,True,True,True,True,True,True,True,True,True,True,True,False,False,False,False,False,False,False,False
679495,STATE_PREFLIGHT,12.4,5.0,10.0,45.0,0.0,0.0,9.81,0.1,0.2,0.3,12.3,45.6,78.9,101.325,25.0,0.0,0.0,98.1,1,46.5,6.6,1200.0,1.5,3.5,12,9.81,98.1,1198.4,0.0,1200.0,True,True,True,True,True,True,True,True,True,True,True,True,True,True,True,True,False,False,False,False,False,False,False,False
679996,STATE_PREFLIGHT,12.4,5.0,10.0,45.0,0.0,0.0,9.81,0.1,0.2,0.3,12.3,45.6,78.9,101.325,25.0,0.0,0.0,98.1,1,46.5,6.6,1200.0,1.5,3.5,12,9.81,98.1,1198.4,0.0,1200.0,True,True,True,True,True,True,True,True,True,True,True,True,True,True,True,True,False,False,False,False,False,False,False,False
680498,STATE_PREFLIGHT,12.4,5.0,10.0,45.0,0.0,0.0,9.81,0.1,0.2,0.3,12.3,45.6,78.9,101.325,25.0,0.0,0.0,98.1,1,46.5,6.6,1200.0,1.5,3.5,12,9.81,98.1,1198.4,0.0,1200.0,True,True,True,True,True,True,True,True,True,True,True,True,True,True,True,True,False,False,False,False,False,False,False,False
681000,STATE_PREFLIGHT,12.4,5.0,10.0,45.0,0.0,0.0,9.81,0.1,0.2,0.3,12.3,45.6,78.9,101.325,25.0,0.0,0.0,98.1,1,46.5,6.6,1200.0,1.5,3.5,12,9.81,98.1,1198.4,0.0,1200.0,True,True,True,True,True,True,True,True,True,True,True,True,True,True,True,True,False,False,False,False,False,False,False,False
681501,STATE_PREFLIGHT,12.4,5.0,10.0,45.0,0.0,0.0,9.81,0.1,0.2,0.3,12.3,45.6,78.9,101.325,25.0,0.0,0.0,98.1,1,46.5,6.6,1200.0,1.5,3.5,12,9.81,98.1,1198.4,0.0,1200.0,True,True,True,True,True,True,True,True,True,True,True,True,True,True,True,True,False,False,False,False,False,False,False,False
682003,STATE_PREFLIGHT,12.4,5.0,10.0,45.0,0.0,0.0,9.81,0.1,0.2,0.3,12.3,45.6,78.9,101.325,25.0,0.0,0.0,98.1,1,46.5,6.6,1200.0,1.5,3.5,12,9.81,98.1,1198.4,0.0,1200.0,True,True,True,True,True,True,True,True,True,True,True,True,True,True,True,True,False,False,False,False,False,False,False,False
682505,STATE_PREFLIGHT,12.4,5.0,10.0,45.0,0.0,0.0,9.81,0.1,0.2,0.3,12.3,45.6,78.9,101.325,25.0,0.0,0.0,98.1,1,46.5,6.6,1200.0,1.5,3.5,12,9.81,98.1,1198.4,0.0,1200.0,True,True,True,True,True,True,True,True,True,True,True,True,True,True,True,True,False,False,False,False,False,False,False,False
683006,STATE_PREFLIGHT,12.4,5.0,10.0,45.0,0.0,0.0,9.81,0.1,0.2,0.3,12.3,45.6,78.9,101.325,25.0,0.0,0.0,98.1,1,46.5,6.6,1200.0,1.5,3.5,12,9.81,98.1,1198.4,0.0,1200.0,True,True,True,True,True,True,True,True,True,True,True,True,True,True,True,True,False,False,False,False,False,False,False,False
683508,STATE_PREFLIGHT,12.4,5.0,10.0,45.0,0.0,0.0,9.81,0.1,0.2,0.3,12.3,45.6,78.9,101.325,25.0,0.0,0.0,98.1,1,46.5,6.6,1200.0,1.5,3.5,12,9.81,98.1,1198.4,0.0,1200.0,True,True,True,True,True,True,True,True,True,True,True,True,True,True,True,True,False,False,False,False,False,False,False,False
684010,STATE_PREFLIGHT,12.4,5.0,10.0,45.0,0.0,0.0,9.81,0.1,0.2,0.3,12.3,45.6,78.9,101.325,25.0,0.0,0.0,98.1,1,46.5,6.6,1200.0,1.5,3.5,12,9.81,98.1,1198.4,0.0,1200.0,True,True,True,True,True,True,True,True,True,True,True,True,True,True,True,True,False,False,False,False,False,False,False,False
684512,STATE_PREFLIGHT,12.4,5.0,10.0,45.0,0.0,0.0,9.81,0.1,0.2,0.3,12.3,45.6,78.9,101.325,25.0,0.0,0.0,98.1,1,46.5,6.6,1200.0,1.5,3.5,12,9.81,98.1,1198.4,0.0,1200.0,True,True,True,True,True,True,True,True,True,True,True,True,True,True,True,True,False,False,False,False,False,False,False,False
685013,STATE_PREFLIGHT,12.4,5.0,10.0,45.0,0.0,0.0,9.81,0.1,0.2,0.3,12.3,45.6,78.9,101.325,25.0,0.0,0.0,98.1,1,46.5,6.6,1200.0,1.5,3.5,12,9.81,98.1,1198.4,0.0,1200.0,True,True,True,True,True,True,True,True,True,True,True,True,True,True,True,True,False,False,False,False,False,False,False,False
685515,STATE_PREFLIGHT,12.4,5.0,10.0,45.0,0.0,0.0,9.81,0.1,0.2,0.3,12.3,45.6,78.9,101.325,25.0,0.0,0.0,98.1,1,46.5,6.6,1200.0,1.5,3.5,12,9.81,98.1,1198.4,0.0,1200.0,True,True,True,True,True,True,True,True,True,True,True,True,True,True,True,True,False,False,False,False,False,False,False,False
686016,STATE_PREFLIGHT,12.4,5.0,10.0,45.0,0.0,0.0,9.81,0.1,0.2,0.3,12.3,45.6,78.9,101.325,25.0,0.0,0.0,98.1,1,46.5,6.6,1200.0,1.5,3.5,12,9.81,98.1,1198.4,0.0,1200.0,True,True,True,True,True,True,True,True,True,True,True,True,True,True,True,True,False,False,False,False,False,False,False,False
686518,STATE_PREFLIGHT,12.4,5.0,10.0,45.0,0.0,0.0,9.81,0.1,0.2,0.3,12.3,45.6,78.9,101.325,25.0,0.0,0.0,98.1,1,46.5,6.6,1200.0,1.5,3.5,12,9.81,98.1,1198.4,0.0,1200.0,True,True,True,True,True,True,True,True,True,True,True,True,True,True,True,True,False,False,False,False,False,False,False,False
687020,STATE_PREFLIGHT,12.4,5.0,10.0,45.0,0.0,0.0,9.81,0.1,0.2,0.3,12.3,45.6,78.9,101.325,25.0,0.0,0.0,98.1,1,46.5,6.6,1200.0,1.5,3.5,12,9.81,98.1,1198.4,0.0,1200.0,True,True,True,True,True,True,True,True,True,True,True,True,True,True,True,True,False,False,False,False,False,False,False,False
687521,STATE_PREFLIGHT,12.4,5.0,10.0,45.0,0.0,0.0,9.81,0.1,0.2,0.3,12.3,45.6,78.9,101.325,25.0,0.0,0.0,98.1,1,46.5,6.6,1200.0,1.5,3.5,12,9.81,98.1,1198.4,0.0,1200.0,True,True,True,True,True,True,True,True,True,True,True,True,True,True,True,True,False,False,False,False,False,False,False,False
688023,STATE_PREFLIGHT,12.4,5.0,10.0,45.0,0.0,0.0,9.81,0.1,0.2,0.3,12.3,45.6,78.9,101.325,25.0,0.0,0.0,98.1,1,46.5,6.6,1200.0,1.5,3.5,12,9.81,98.1,1198.4,0.0,1200.0,True,True,True,True,True,True,True,True,True,True,True,True,True,True,True,True,False,False,False,False,False,False,False,False
688528,STATE_PREFLIGHT,12.4,5.0,10.0,45.0,0.0,0.0,9.81,0.1,0.2,0.3,12.3,45.6,78.9,101.325,25.0,0.0,0.0,98.1,1,46.5,6.6,1200.0,1.5,3.5,12,9.81,98.1,1198.4,0.0,1200.0,True,True,True,True,True,True,True,True,True,True,True,True,True,True,True,True,False,False,False,False,False,False,False,False
689030,STATE_PREFLIGHT,12.4,5.0,10.0,45.0,0.0,0.0,9.81,0.1,0.2,0.3,12.3,45.6,78.9,101.325,25.0,0.0,0.0,98.1,1,46.5,6.6,1200.0,1.5,3.5,12,9.81,98.1,1198.4,0.0,1200.0,True,True,True,True,True,True,True,True,True,True,True,True,True,True,True,True,False,False,False,False,False,False,False,False
689536,STATE_PREFLIGHT,12.4,5.0,10.0,45.0,0.0,0.0,9.81,0.1,0.2,0.3,12.3,45.6,78.9,101.325,25.0,0.0,0.0,98.1,1,46.5,6.6,1200.0,1.5,3.5,12,9.81,98.1,1198.4,0.0,1200.0,True,True,True,True,True,True,True,True,True,True,True,True,True,True,True,True,False,False,False,False,False,False,False,False
690038,STATE_PREFLIGHT,12.4,5.0,10.0,45.0,0.0,0.0,9.81,0.1,0.2,0.3,12.3,45.6,78.9,101.325,25.0,0.0,0.0,98.1,1,46.5,6.6,1200.0,1.5,3.5,12,9.81,98.1,1198.4,0.0,1200.0,True,True,True,True,True,True,True,True,True,True,True,True,True,True,True,True,False,False,False,False,False,False,False,False
690541,STATE_PREFLIGHT,12.4,5.0,10.0,45.0,0.0,0.0,9.81,0.1,0.2,0.3,12.3,45.6,78.9,101.325,25.0,0.0,0.0,98.1,1,46.5,6.6,1200.0,1.5,3.5,12,9.81,98.1,1198.4,0.0,1200.0,True,True,True,True,True,True,True,True,True,True,True,True,True,True,True,True,False,False,False,False,False,False,False,False
691043,STATE_PREFLIGHT,12.4,5.0,10.0,45.0,0.0,0.0,9.81,0.1,0.2,0.3,12.3,45.6,78.9,101.325,25.0,0.0,0.0,98.1,1,46.5,6.6,1200.0,1.5,3.5,12,9.81,98.1,1198.4,0.0,1200.0,True,True,True,True,True,True,True,True,True,True,True,True,True,True,True,True,False,False,False,False,False,False,False,False
691546,STATE_PREFLIGHT,12.4,5.0,10.0,45.0,0.0,0.0,9.81,0.1,0.2,0.3,12.3,45.6,78.9,101.325,25.0,0.0,0.0,98.1,1,46.5,6.6,1200.0,1.5,3.5,12,9.81,98.1,1198.4,0.0,1200.0,True,True,True,True,True,True,True,True,True,True,True,True,True,True,True,True,False,False,False,False,False,False,False,False
692048,STATE_PREFLIGHT,12.4,5.0,10.0,45.0,0.0,0.0,9.81,0.1,0.2,0.3,12.3,45.6,78.9,101.325,25.0,0.0,0.0,98.1,1,46.5,6.6,1200.0,1.5,3.5,12,9.81,98.1,1198.4,0.0,1200.0,True,True,True,True,True,True,True,True,True,True,True,True,True,True,True,True,False,False,False,False,False,False,False,False
692550,STATE_PREFLIGHT,12.4,5.0,10.0,45.0,0.0,0.0,9.81,0.1,0.2,0.3,12.3,45.6,78.9,101.325,25.0,0.0,0.0,98.1,1,46.5,6.6,1200.0,1.5,3.5,12,9.81,98.1,1198.4,0.0,1200.0,True,True,True,True,True,True,True,True,True,True,True,True,True,True,True,True,False,False,False,False,False,False,False,False
693052,STATE_PREFLIGHT,12.4,5.0,10.0,45.0,0.0,0.0,9.81,0.1,0.2,0.3,12.3,45.6,78.9,101.325,25.0,0.0,0.0,98.1,1,46.5,6.6,1200.0,1.5,3.5,12,9.81,98.1,1198.4,0.0,1200.0,True,True,True,True,True,True,True,True,True,True,True,True,True,True,True,True,False,False,False,False,False,False,False,False
693556,STATE_PREFLIGHT,12.4,5.0,10.0,45.0,0.0,0.0,9.81,0.1,0.2,0.3,12.3,45.6,78.9,101.325,25.0,0.0,0.0,98.1,1,46.5,6.6,1200.0,1.5,3.5,12,9.81,98.1,1198.4,0.0,1200.0,True,True,True,True,True,True,True,True,True,True,True,True,True,True,True,True,False,False,False,False,False,False,False,False
694058,STATE_PREFLIGHT,12.4,5.0,10.0,45.0,0.0,0.0,9.81,0.1,0.2,0.3,12.3,45.6,78.9,101.325,25.0,0.0,0.0,98.1,1,46.5,6.6,1200.0,1.5,3.5,12,9.81,98.1,1198.4,0.0,1200.0,True,True,True,True,True,True,True,True,True,True,True,True,True,True,True,True,False,False,False,False,False,False,False,False
694560,STATE_PREFLIGHT,12.4,5.0,10.0,45.0,0.0,0.0,9.81,0.1,0.2,0.3,12.3,45.6,78.9,101.325,25.0,0.0,0.0,98.1,1,46.5,6.6,1200.0,1.5,3.5,12,9.81,98.1,1198.4,0.0,1200.0,True,True,True,True,True,True,True,True,True,True,True,True,True,True,True,True,False,False,False,False,False,False,False,False
695062,STATE_PREFLIGHT,12.4,5.0,10.0,45.0,0.0,0.0,9.81,0.1,0.2,0.3,12.3,45.6,78.9,101.325,25.0,0.0,0.0,98.1,1,46.5,6.6,1200.0,1.5,3.5,12,9.81,98.1,1198.4,0.0,1200.0,True,True,True,True,True,True,True,True,True,True,True,True,True,True,True,True,False,False,False,False,False,False,False,False
695564,STATE_PREFLIGHT,12.4,5.0,10.0,45.0,0.0,0.0,9.81,0.1,0.2,0.3,12.3,45.6,78.9,101.325,25.0,0.0,0.0,98.1,1,46.5,6.6,1200.0,1.5,3.5,12,9.81,98.1,1198.4,0.0,1200.0,True,True,True,True,True,True,True,True,True,True,True,True,True,True,True,True,False,False,False,False,False,False,False,False
696066,STATE_PREFLIGHT,12.4,5.0,10.0,45.0,0.0,0.0,9.81,0.1,0.2,0.3,12.3,45.6,78.9,101.325,25.0,0.0,0.0,98.1,1,46.5,6.6,1200.0,1.5,3.5,12,9.81,98.1,1198.4,0.0,1200.0,True,True,True,True,True,True,True,True,True,True,True,True,True,True,True,True,False,False,False,False,False,False,False,False
696568,STATE_PREFLIGHT,12.4,5.0,10.0,45.0,0.0,0.0,9.81,0.1,0.2,0.3,12.3,45.6,78.9,101.325,25.0,0.0,0.0,98.1,1,46.5,6.6,1200.0,1.5,3.5,12,9.81,98.1,1198.4,0.0,1200.0,True,True,True,True,True,True,True,True,True,True,True,True,True,True,True,True,False,False,False,False,False,False,False,False
697071,STATE_PREFLIGHT,12.4,5.0,10.0,45.0,0.0,0.0,9.81,0.1,0.2,0.3,12.3,45.6,78.9,101.325,25.0,0.0,0.0,98.1,1,46.5,6.6,1200.0,1.5,3.5,12,9.81,98.1,1198.4,0.0,1200.0,True,True,True,True,True,True,True,True,True,True,True,True,True,True,True,True,False,False,False,False,False,False,False,False
697573,STATE_PREFLIGHT,12.4,5.0,10.0,45.0,0.0,0.0,9.81,0.1,0.2,0.3,12.3,45.6,78.9,101.325,25.0,0.0,0.0,98.1,1,46.5,6.6,1200.0,1.5,3.5,12,9.81,98.1,1198.4,0.0,1200.0,True,True,True,True,True,True,True,True,True,True,True,True,True,True,True,True,False,False,False,False,False,False,False,False
698076,STATE_PREFLIGHT,12.4,5.0,10.0,45.0,0.0,0.0,9.81,0.1,0.2,0.3,12.3,45.6,78.9,101.325,25.0,0.0,0.0,98.1,1,46.5,6.6,1200.0,1.5,3.5,12,9.81,98.1,1198.4,0.0,1200.0,True,True,True,True,True,True,True,True,True,True,True,True,True,True,True,True,False,False,False,False,False,False,False,False
698578,STATE_PREFLIGHT,12.4,5.0,10.0,45.0,0.0,0.0,9.81,0.1,0.2,0.3,12.3,45.6,78.9,101.325,25.0,0.0,0.0,98.1,1,46.5,6.6,1200.0,1.5,3.5,12,9.81,98.1,1198.4,0.0,1200.0,True,True,True,True,True,True,True,True,True,True,True,True,True,True,True,True,False,False,False,False,False,False,False,False
699080,STATE_PREFLIGHT,12.4,5.0,10.0,45.0,0.0,0.0,9.81,0.1,0.2,0.3,12.3,45.6,78.9,101.325,25.0,0.0,0.0,98.1,1,46.5,6.6,1200.0,1.5,3.5,12,9.81,98.1,1198.4,0.0,1200.0,True,True,True,True,True,True,True,True,True,True,True,True,True,True,True,True,False,False,False,False,False,False,False,False
699582,STATE_PREFLIGHT,12.4,5.0,10.0,45.0,0.0,0.0,9.81,0.1,0.2,0.3,12.3,45.6,78.9,101.325,25.0,0.0,0.0,98.1,1,46.5,6.6,1200.0,1.5,3.5,12,9.81,98.1,1198.4,0.0,1200.0,True,True,True,True,True,True,True,True,True,True,True,True,True,True,True,True,False,False,False,False,False,False,False,False
700085,STATE_PREFLIGHT,12.4,5.0,10.0,45.0,0.0,0.0,9.81,0.1,0.2,0.3,12.3,45.6,78.9,101.325,25.0,0.0,0.0,98.1,1,46.5,6.6,1200.0,1.5,3.5,12,9.81,98.1,1198.4,0.0,1200.0,True,True,True,True,True,True,True,True,True,True,True,True,True,True,True,True,False,False,False,False,False,False,False,False
700586,STATE_PREFLIGHT,12.4,5.0,10.0,45.0,0.0,0.0,9.81,0.1,0.2,0.3,12.3,45.6,78.9,101.325,25.0,0.0,0.0,98.1,1,46.5,6.6,1200.0,1.5,3.5,12,9.81,98.1,1198.4,0.0,1200.0,True,True,True,True,True,True,True,True,True,True,True,True,True,True,True,True,False,False,False,False,False,False,False,False
701089,STATE_PREFLIGHT,12.4,5.0,10.0,45.0,0.0,0.0,9.81,0.1,0.2,0.3,12.3,45.6,78.9,101.325,25.0,0.0,0.0,98.1,1,46.5,6.6,1200.0,1.5,3.5,12,9.81,98.1,1198.4,0.0,1200.0,True,True,True,True,True,True,True,True,True,True,True,True,True,True,True,True,False,False,False,False,False,False,False,False
701591,STATE_PREFLIGHT,12.4,5.0,10.0,45.0,0.0,0.0,9.81,0.1,0.2,0.3,12.3,45.6,78.9,101.325,25.0,0.0,0.0,98.1,1,46.5,6.6,1200.0,1.5,3.5,12,9.81,98.1,1198.4,0.0,1200.0,True,True,True,True,True,True,True,True,True,True,True,True,True,True,True,True,False,False,False,False,False,False,False,False
702093,STATE_PREFLIGHT,12.4,5.0,10.0,45.0,0.0,0.0,9.81,0.1,0.2,0.3,12.3,45.6,78.9,101.325,25.0,0.0,0.0,98.1,1,46.5,6.6,1200.0,1.5,3.5,12,9.81,98.1,1198.4,0.0,1200.0,True,True,True,True,True,True,True,True,True,True,True,True,True,True,True,True,False,False,False,False,False,False,False,False
702595,STATE_PREFLIGHT,12.4,5.0,10.0,45.0,0.0,0.0,9.81,0.1,0.2,0.3,12.3,45.6,78.9,101.325,25.0,0.0,0.0,98.1,1,46.5,6.6,1200.0,1.5,3.5,12,9.81,98.1,1198.4,0.0,1200.0,True,True,True,True,True,True,True,True,True,True,True,True,True,True,True,True,False,False,False,False,False,False,False,False
703097,STATE_PREFLIGHT,12.4,5.0,10.0,45.0,0.0,0.0,9.81,0.1,0.2,0.3,12.3,45.6,78.9,101.325,25.0,0.0,0.0,98.1,1,46.5,6.6,1200.0,1.5,3.5,12,9.81,98.1,1198.4,0.0,1200.0,True,True,True,True,True,True,True,True,True,True,True,True,True,True,True,True,False,False,False,False,False,False,False,False
703600,STATE_PREFLIGHT,12.4,5.0,10.0,45.0,0.0,0.0,9.81,0.1,0.2,0.3,12.3,45.6,78.9,101.325,25.0,0.0,0.0,98.1,1,46.5,6.6,1200.0,1.5,3.5,12,9.81,98.1,1198.4,0.0,1200.0,True,True,True,True,True,True,True,True,True,True,True,True,True,True,True,True,False,False,False,False,False,False,False,False
704102,STATE_PREFLIGHT,12.4,5.0,10.0,45.0,0.0,0.0,9.81,0.1,0.2,0.3,12.3,45.6,78.9,101.325,25.0,0.0,0.0,98.1,1,46.5,6.6,1200.0,1.5,3.5,12,9.81,98.1,1198.4,0.0,1200.0,True,True,True,True,True,True,True,True,True,True,True,True,True,True,True,True,False,False,False,False,False,False,False,False
704604,STATE_PREFLIGHT,12.4,5.0,10.0,45.0,0.0,0.0,9.81,0.1,0.2,0.3,12.3,45.6,78.9,101.325,25.0,0.0,0.0,98.1,1,46.5,6.6,1200.0,1.5,3.5,12,9.81,98.1,1198.4,0.0,1200.0,True,True,True,True,True,True,True,True,True,True,True,True,True,True,True,True,False,False,False,False,False,False,False,False
705107,STATE_PREFLIGHT,12.4,5.0,10.0,45.0,0.0,0.0,9.81,0.1,0.2,0.3,12.3,45.6,78.9,101.325,25.0,0.0,0.0,98.1,1,46.5,6.6,1200.0,1.5,3.5,12,9.81,98.1,1198.4,0.0,1200.0,True,True,True,True,True,True,True,True,True,True,True,True,True,True,True,True,False,False,False,False,False,False,False,False
705609,STATE_PREFLIGHT,12.4,5.0,10.0,45.0,0.0,0.0,9.81,0.1,0.2,0.3,12.3,45.6,78.9,101.325,25.0,0.0,0.0,98.1,1,46.5,6.6,1200.0,1.5,3.5,12,9.81,98.1,1198.4,0.0,1200.0,True,True,True,True,True,True,True,True,True,True,True,True,True,True,True,True,False,False,False,False,False,False,False,False
706112,STATE_PREFLIGHT,12.4,5.0,10.0,45.0,0.0,0.0,9.81,0.1,0.2,0.3,12.3,45.6,78.9,101.325,25.0,0.0,0.0,98.1,1,46.5,6.6,1200.0,1.5,3.5,12,9.81,98.1,1198.4,0.0,1200.0,True,True,True,True,True,True,True,True,True,True,True,True,True,True,True,True,False,False,False,False,False,False,False,False
706615,STATE_PREFLIGHT,12.4,5.0,10.0,45.0,0.0,0.0,9.81,0.1,0.2,0.3,12.3,45.6,78.9,101.325,25.0,0.0,0.0,98.1,1,46.5,6.6,1200.0,1.5,3.5,12,9.81,98.1,1198.4,0.0,1200.0,True,True,True,True,True,True,True,True,True,True,True,True,True,True,True,True,False,False,False,False,False,False,False,False
707117,STATE_PREFLIGHT,12.4,5.0,10.0,45.0,0.0,0.0,9.81,0.1,0.2,0.3,12.3,45.6,78.9,101.325,25.0,0.0,0.0,98.1,1,46.5,6.6,1200.0,1.5,3.5,12,9.81,98.1,1198.4,0.0,1200.0,True,True,True,True,True,True,True,True,True,True,True,True,True,True,True,True,False,False,False,False,False,False,False,False
707620,STATE_PREFLIGHT,12.4,5.0,10.0,45.0,0.0,0.0,9.81,0.1,0.2,0.3,12.3,45.6,78.9,101.325,25.0,0.0,0.0,98.1,1,46.5,6.6,1200.0,1.5,3.5,12,9.81,98.1,1198.4,0.0,1200.0,True,True,True,True,True,True,True,True,True,True,True,True,True,True,True,True,False,False,False,False,False,False,False,False
708123,STATE_PREFLIGHT,12.4,5.0,10.0,45.0,0.0,0.0,9.81,0.1,0.2,0.3,12.3,45.6,78.9,101.325,25.0,0.0,0.0,98.1,1,46.5,6.6,1200.0,1.5,3.5,12,9.81,98.1,1198.4,0.0,1200.0,True,True,True,True,True,True,True,True,True,True,True,True,True,True,True,True,False,False,False,False,False,False,False,False
708626,STATE_PREFLIGHT,12.4,5.0,10.0,45.0,0.0,0.0,9.81,0.1,0.2,0.3,12.3,45.6,78.9,101.325,25.0,0.0,0.0,98.1,1,46.5,6.6,1200.0,1.5,3.5,12,9.81,98.1,1198.4,0.0,1200.0,True,True,True,True,True,True,True,True,True,True,True,True,True,True,True,True,False,False,False,False,False,False,False,False
709130,STATE_PREFLIGHT,12.4,5.0,10.0,45.0,0.0,0.0,9.81,0.1,0.2,0.3,12.3,45.6,78.9,101.325,25.0,0.0,0.0,98.1,1,46.5,6.6,1200.0,1.5,3.5,12,9.81,98.1,1198.4,0.0,1200.0,True,True,True,True,True,True,True,True,True,True,True,True,True,True,True,True,False,False,False,False,False,False,False,False
709632,STATE_PREFLIGHT,12.4,5.0,10.0,45.0,0.0,0.0,9.81,0.1,0.2,0.3,12.3,45.6,78.9,101.325,25.0,0.0,0.0,98.1,1,46.5,6.6,1200.0,1.5,3.5,12,9.81,98.1,1198.4,0.0,1200.0,True,True,True,True,True,True,True,True,True,True,True,True,True,True,True,True,False,False,False,False,False,False,False,False
710136,STATE_PREFLIGHT,12.4,5.0,10.0,45.0,0.0,0.0,9.81,0.1,0.2,0.3,12.3,45.6,78.9,101.325,25.0,0.0,0.0,98.1,1,46.5,6.6,1200.0,1.5,3.5,12,9.81,98.1,1198.4,0.0,1200.0,True,True,True,True,True,True,True,True,True,True,True,True,True,True,True,True,False,False,False,False,False,False,False,False
710638,STATE_PREFLIGHT,12.4,5.0,10.0,45.0,0.0,0.0,9.81,0.1,0.2,0.3,12.3,45.6,78.9,101.325,25.0,0.0,0.0,98.1,1,46.5,6.6,1200.0,1.5,3.5,12,9.81,98.1,1198.4,0.0,1200.0,True,True,True,True,True,True,True,True,True,True,True,True,True,True,True,True,False,False,False,False,False,False,False,False
711140,STATE_PREFLIGHT,12.4,5.0,10.0,45.0,0.0,0.0,9.81,0.1,0.2,0.3,12.3,45.6,78.9,101.325,25.0,0.0,0.0,98.1,1,46.5,6.6,1200.0,1.5,3.5,12,9.81,98.1,1198.4,0.0,1200.0,True,True,True,True,True,True,True,True,True,True,True,True,True,True,True,True,False,False,False,False,False,False,False,False
711642,STATE_PREFLIGHT,12.4,5.0,10.0,45.0,0.0,0.0,9.81,0.1,0.2,0.3,12.3,45.6,78.9,101.325,25.0,0.0,0.0,98.1,1,46.5,6.6,1200.0,1.5,3.5,12,9.81,98.1,1198.4,0.0,1200.0,True,True,True,True,True,True,True,True,True,True,True,True,True,True,True,True,False,False,False,False,False,False,False,False
712145,STATE_PREFLIGHT,12.4,5.0,10.0,45.0,0.0,0.0,9.81,0.1,0.2,0.3,12.3,45.6,78.9,101.325,25.0,0.0,0.0,98.1,1,46.5,6.6,1200.0,1.5,3.5,12,9.81,98.1,1198.4,0.0,1200.0,True,True,True,True,True,True,True,True,True,True,True,True,True,True,True,True,False,False,False,False,False,False,False,False
712647,STATE_PREFLIGHT,12.4,5.0,10.0,45.0,0.0,0.0,9.81,0.1,0.2,0.3,12.3,45.6,78.9,101.325,25.0,0.0,0.0,98.1,1,46.5,6.6,1200.0,1.5,3.5,12,9.81,98.1,1198.4,0.0,1200.0,True,True,True,True,True,True,True,True,True,True,True,True,True,True,True,True,False,False,False,False,False,False,False,False
713150,STATE_PREFLIGHT,12.4,5.0,10.0,45.0,0.0,0.0,9.81,0.1,0.2,0.3,12.3,45.6,78.9,101.325,25.0,0.0,0.0,98.1,1,46.5,6.6,1200.0,1.5,3.5,12,9.81,98.1,1198.4,0.0,1200.0,True,True,True,True,True,True,True,True,True,True,True,True,True,True,True,True,False,False,False,False,False,False,False,False
713652,STATE_PREFLIGHT,12.4,5.0,10.0,45.0,0.0,0.0,9.81,0.1,0.2,0.3,12.3,45.6,78.9,101.325,25.0,0.0,0.0,98.1,1,46.5,6.6,1200.0,1.5,3.5,12,9.81,98.1,1198.4,0.0,1200.0,True,True,True,True,True,True,True,True,True,True,True,True,True,True,True,True,False,False,False,False,False,False,False,False
714155,STATE_PREFLIGHT,12.4,5.0,10.0,45.0,0.0,0.0,9.81,0.1,0.2,0.3,12.3,45.6,78.9,101.325,25.0,0.0,0.0,98.1,1,46.5,6.6,1200.0,1.5,3.5,12,9.81,98.1,1198.4,0.0,1200.0,True,True,True,True,True,True,True,True,True,True,True,True,True,True,True,True,False,False,False,False,False,False,False,False
714657,STATE_PREFLIGHT,12.4,5.0,10.0,45.0,0.0,0.0,9.81,0.1,0.2,0.3,12.3,45.6,78.9,101.325,25.0,0.0,0.0,98.1,1,46.5,6.6,1200.0,1.5,3.5,12,9.81,98.1,1198.4,0.0,1200.0,True,True,True,True,True,True,True,True,True,True,True,True,True,True,True,True,False,False,False,False,False,False,False,False
715159,STATE_PREFLIGHT,12.4,5.0,10.0,45.0,0.0,0.0,9.81,0.1,0.2,0.3,12.3,45.6,78.9,101.325,25.0,0.0,0.0,98.1,1,46.5,6.6,1200.0,1.5,3.5,12,9.81,98.1,1198.4,0.0,1200.0,True,True,True,True,True,True,True,True,True,True,True,True,True,True,True,True,False,False,False,False,False,False,False,False
715661,STATE_PREFLIGHT,12.4,5.0,10.0,45.0,0.0,0.0,9.81,0.1,0.2,0.3,12.3,45.6,78.9,101.325,25.0,0.0,0.0,98.1,1,46.5,6.6,1200.0,1.5,3.5,12,9.81,98.1,1198.4,0.0,1200.0,True,True,True,True,True,True,True,True,True,True,True,True,True,True,True,True,False,False,False,False,False,False,False,False
716163,STATE_PREFLIGHT,12.4,5.0,10.0,45.0,0.0,0.0,9.81,0.1,0.2,0.3,12.3,45.6,78.9,101.325,25.0,0.0,0.0,98.1,1,46.5,6.6,1200.0,1.5,3.5,12,9.81,98.1,1198.4,0.0,1200.0,True,True,True,True,True,True,True,True,True,True,True,True,True,True,True,True,False,False,False,False,False,False,False,False
716666,STATE_PREFLIGHT,12.4,5.0,10.0,45.0,0.0,0.0,9.81,0.1,0.2,0.3,12.3,45.6,78.9,101.325,25.0,0.0,0.0,98.1,1,46.5,6.6,1200.0,1.5,3.5,12,9.81,98.1,1198.4,0.0,1200.0,True,True,True,True,True,True,True,True,True,True,True,True,True,True,True,True,False,False,False,False,False,False,False,False
717167,STATE_PREFLIGHT,12.4,5.0,10.0,45.0,0.0,0.0,9.81,0.1,0.2,0.3,12.3,45.6,78.9,101.325,25.0,0.0,0.0,98.1,1,46.5,6.6,1200.0,1.5,3.5,12,9.81,98.1,1198.4,0.0,1200.0,True,True,True,True,True,True,True,True,True,True,True,True,True,True,True,True,False,False,False,False,False,False,False,False
717670,STATE_PREFLIGHT,12.4,5.0,10.0,45.0,0.0,0.0,9.81,0.1,0.2,0.3,12.3,45.6,78.9,101.325,25.0,0.0,0.0,98.1,1,46.5,6.6,1200.0,1.5,3.5,12,9.81,98.1,1198.4,0.0,1200.0,True,True,True,True,True,True,True,True,True,True,True,True,True,True,True,True,False,False,False,False,False,False,False,False
718172,STATE_PREFLIGHT,12.4,5.0,10.0,45.0,0.0,0.0,9.81,0.1,0.2,0.3,12.3,45.6,78.9,101.325,25.0,0.0,0.0,98.1,1,46.5,6.6,1200.0,1.5,3.5,12,9.81,98.1,1198.4,0.0,1200.0,True,True,True,True,True,True,True,True,True,True,True,True,True,True,True,True,False,False,False,False,False,False,False,False
718674,STATE_PREFLIGHT,12.4,5.0,10.0,45.0,0.0,0.0,9.81,0.1,0.2,0.3,12.3,45.6,78.9,101.325,25.0,0.0,0.0,98.1,1,46.5,6.6,1200.0,1.5,3.5,12,9.81,98.1,1198.4,0.0,1200.0,True,True,True,True,True,True,True,True,True,True,True,True,True,True,True,True,False,False,False,False,False,False,False,False
719176,STATE_PREFLIGHT,12.4,5.0,10.0,45.0,0.0,0.0,9.81,0.1,0.2,0.3,12.3,45.6,78.9,101.325,25.0,0.0,0.0,98.1,1,46.5,6.6,1200.0,1.5,3.5,12,9.81,98.1,1198.4,0.0,1200.0,True,True,True,True,True,True,True,True,True,True,True,True,True,True,True,True,False,False,False,False,False,False,False,False
719678,STATE_PREFLIGHT,12.4,5.0,10.0,45.0,0.0,0.0,9.81,0.1,0.2,0.3,12.3,45.6,78.9,101.325,25.0,0.0,0.0,98.1,1,46.5,6.6,1200.0,1.5,3.5,12,9.81,98.1,1198.4,0.0,1200.0,True,True,True,True,True,True,True,True,True,True,True,True,True,True,True,True,False,False,False,False,False,False,False,False
720180,STATE_PREFLIGHT,12.4,5.0,10.0,45.0,0.0,0.0,9.81,0.1,0.2,0.3,12.3,45.6,78.9,101.325,25.0,0.0,0.0,98.1,1,46.5,6.6,1200.0,1.5,3.5,12,9.81,98.1,1198.4,0.0,1200.0,True,True,True,True,True,True,True,True,True,True,True,True,True,True,True,True,False,False,False,False,False,False,False,False
720682,STATE_PREFLIGHT,12.4,5.0,10.0,45.0,0.0,0.0,9.81,0.1,0.2,0.3,12.3,45.6,78.9,101.325,25.0,0.0,0.0,98.1,1,46.5,6.6,1200.0,1.5,3.5,12,9.81,98.1,1198.4,0.0,1200.0,True,True,True,True,True,True,True,True,True,True,True,True,True,True,True,True,False,False,False,False,False,False,False,False
721184,STATE_PREFLIGHT,12.4,5.0,10.0,45.0,0.0,0.0,9.81,0.1,0.2,0.3,12.3,45.6,78.9,101.325,25.0,0.0,0.0,98.1,1,46.5,6.6,1200.0,1.5,3.5,12,9.81,98.1,1198.4,0.0,1200.0,True,True,True,True,True,True,True,True,True,True,True,True,True,True,True,True,False,False,False,False,False,False,False,False
721686,STATE_PREFLIGHT,12.4,5.0,10.0,45.0,0.0,0.0,9.81,0.1,0.2,0.3,12.3,45.6,78.9,101.325,25.0,0.0,0.0,98.1,1,46.5,6.6,1200.0,1.5,3.5,12,9.81,98.1,1198.4,0.0,1200.0,True,True,True,True,True,True,True,True,True,True,True,True,True,True,True,True,False,False,False,False,False,False,False,False
722189,STATE_PREFLIGHT,12.4,5.0,10.0,45.0,0.0,0.0,9.81,0.1,0.2,0.3,12.3,45.6,78.9,101.325,25.0,0.0,0.0,98.1,1,46.5,6.6,1200.0,1.5,3.5,12,9.81,98.1,1198.4,0.0,1200.0,True,True,True,True,True,True,True,True,True,True,True,True,True,True,True,True,False,False,False,False,False,False,False,False
722690,STATE_PREFLIGHT,12.4,5.0,10.0,45.0,0.0,0.0,9.81,0.1,0.2,0.3,12.3,45.6,78.9,101.325,25.0,0.0,0.0,98.1,1,46.5,6.6,1200.0,1.5,3.5,12,9.81,98.1,1198.4,0.0,1200.0,True,True,True,True,True,True,True,True,True,True,True,True,True,True,True,True,False,False,False,False,False,False,False,False
723192,STATE_PREFLIGHT,12.4,5.0,10.0,45.0,0.0,0.0,9.81,0.1,0.2,0.3,12.3,45.6,78.9,101.325,25.0,0.0,0.0,98.1,1,46.5,6.6,1200.0,1.5,3.5,12,9.81,98.1,1198.4,0.0,1200.0,True,True,True,True,True,True,True,True,True,True,True,True,True,True,True,True,False,False,False,False,False,False,False,False
723695,STATE_PREFLIGHT,12.4,5.0,10.0,45.0,0.0,0.0,9.81,0.1,0.2,0.3,12.3,45.6,78.9,101.325,25.0,0.0,0.0,98.1,1,46.5,6.6,1200.0,1.5,3.5,12,9.81,98.1,1198.4,0.0,1200.0,True,True,True,True,True,True,True,True,True,True,True,True,True,True,True,True,False,False,False,False,False,False,False,False
724197,STATE_PREFLIGHT,12.4,5.0,10.0,45.0,0.0,0.0,9.81,0.1,0.2,0.3,12.3,45.6,78.9,101.325,25.0,0.0,0.0,98.1,1,46.5,6.6,1200.0,1.5,3.5,12,9.81,98.1,1198.4,0.0,1200.0,True,True,True,True,True,True,True,True,True,True,True,True,True,True,True,True,False,False,False,False,False,False,False,False
724698,STATE_PREFLIGHT,12.4,5.0,10.0,45.0,0.0,0.0,9.81,0.1,0.2,0.3,12.3,45.6,78.9,101.325,25.0,0.0,0.0,98.1,1,46.5,6.6,1200.0,1.5,3.5,12,9.81,98.1,1198.4,0.0,1200.0,True,True,True,True,True,True,True,True,True,True,True,True,True,True,True,True,False,False,False,False,False,False,False,False
725200,STATE_PREFLIGHT,12.4,5.0,10.0,45.0,0.0,0.0,9.81,0.1,0.2,0.3,12.3,45.6,78.9,101.325,25.0,0.0,0.0,98.1,1,46.5,6.6,1200.0,1.5,3.5,12,9.81,98.1,1198.4,0.0,1200.0,True,True,True,True,True,True,True,True,True,True,True,True,True,True,True,True,False,False,False,False,False,False,False,False
725703,STATE_PREFLIGHT,12.4,5.0,10.0,45.0,0.0,0.0,9.81,0.1,0.2,0.3,12.3,45.6,78.9,101.325,25.0,0.0,0.0,98.1,1,46.5,6.6,1200.0,1.5,3.5,12,9.81,98.1,1198.4,0.0,1200.0,True,True,True,True,True,True,True,True,True,True,True,True,True,True,True,True,False,False,False,False,False,False,False,False
726205,STATE_PREFLIGHT,12.4,5.0,10.0,45.0,0.0,0.0,9.81,0.1,0.2,0.3,12.3,45.6,78.9,101.325,25.0,0.0,0.0,98.1,1,46.5,6.6,1200.0,1.5,3.5,12,9.81,98.1,1198.4,0.0,1200.0,True,True,True,True,True,True,True,True,True,True,True,True,True,True,True,True,False,False,False,False,False,False,False,False
726706,STATE_PREFLIGHT,12.4,5.0,10.0,45.0,0.0,0.0,9.81,0.1,0.2,0.3,12.3,45.6,78.9,101.325,25.0,0.0,0.0,98.1,1,46.5,6.6,1200.0,1.5,3.5,12,9.81,98.1,1198.4,0.0,1200.0,True,True,True,True,True,True,True,True,True,True,True,True,True,True,True,True,False,False,False,False,False,False,False,False
727208,STATE_PREFLIGHT,12.4,5.0,10.0,45.0,0.0,0.0,9.81,0.1,0.2,0.3,12.3,45.6,78.9,101.325,25.0,0.0,0.0,98.1,1,46.5,6.6,1200.0,1.5,3.5,12,9.81,98.1,1198.4,0.0,1200.0,True,True,True,True,True,True,True,True,True,True,True,True,True,True,True,True,False,False,False,False,False,False,False,False
727710,STATE_PREFLIGHT,12.4,5.0,10.0,45.0,0.0,0.0,9.81,0.1,0.2,0.3,12.3,45.6,78.9,101.325,25.0,0.0,0.0,98.1,1,46.5,6.6,1200.0,1.5,3.5,12,9.81,98.1,1198.4,0.0,1200.0,True,True,True,True,True,True,True,True,True,True,True,True,True,True,True,True,False,False,False,False,False,False,False,False
728211,STATE_PREFLIGHT,12.4,5.0,10.0,45.0,0.0,0.0,9.81,0.1,0.2,0.3,12.3,45.6,78.9,101.325,25.0,0.0,0.0,98.1,1,46.5,6.6,1200.0,1.5,3.5,12,9.81,98.1,1198.4,0.0,1200.0,True,True,True,True,True,True,True,True,True,True,True,True,True,True,True,True,False,False,False,False,False,False,False,False
728714,STATE_PREFLIGHT,12.4,5.0,10.0,45.0,0.0,0.0,9.81,0.1,0.2,0.3,12.3,45.6,78.9,101.325,25.0,0.0,0.0,98.1,1,46.5,6.6,1200.0,1.5,3.5,12,9.81,98.1,1198.4,0.0,1200.0,True,True,True,True,True,True,True,True,True,True,True,True,True,True,True,True,False,False,False,False,False,False,False,False
729215,STATE_PREFLIGHT,12.4,5.0,10.0,45.0,0.0,0.0,9.81,0.1,0.2,0.3,12.3,45.6,78.9,101.325,25.0,0.0,0.0,98.1,1,46.5,6.6,1200.0,1.5,3.5,12,9.81,98.1,1198.4,0.0,1200.0,True,True,True,True,True,True,True,True,True,True,True,True,True,True,True,True,False,False,False,False,False,False,False,False
729717,STATE_PREFLIGHT,12.4,5.0,10.0,45.0,0.0,0.0,9.81,0.1,0.2,0.3,12.3,45.6,78.9,101.325,25.0,0.0,0.0,98.1,1,46.5,6.6,1200.0,1.5,3.5,12,9.81,98.1,1198.4,0.0,1200.0,True,True,True,True,True,True,True,True,True,True,True,True,True,True,True,True,False,False,False,False,False,False,False,False
730218,STATE_PREFLIGHT,12.4,5.0,10.0,45.0,0.0,0.0,9.81,0.1,0.2,0.3,12.3,45.6,78.9,101.325,25.0,0.0,0.0,98.1,1,46.5,6.6,1200.0,1.5,3.5,12,9.81,98.1,1198.4,0.0,1200.0,True,True,True,True,True,True,True,True,True,True,True,True,True,True,True,True,False,False,False,False,False,False,False,False
730721,STATE_PREFLIGHT,12.4,5.0,10.0,45.0,0.0,0.0,9.81,0.1,0.2,0.3,12.3,45.6,78.9,101.325,25.0,0.0,0.0,98.1,1,46.5,6.6,1200.0,1.5,3.5,12,9.81,98.1,1198.4,0.0,1200.0,True,True,True,True,True,True,True,True,True,True,True,True,True,True,True,True,False,False,False,False,False,False,False,False
731222,STATE_PREFLIGHT,12.4,5.0,10.0,45.0,0.0,0.0,9.81,0.1,0.2,0.3,12.3,45.6,78.9,101.325,25.0,0.0,0.0,98.1,1,46.5,6.6,1200.0,1.5,3.5,12,9.81,98.1,1198.4,0.0,1200.0,True,True,True,True,True,True,True,True,True,True,True,True,True,True,True,True,False,False,False,False,False,False,False,False
731724,STATE_PREFLIGHT,12.4,5.0,10.0,45.0,0.0,0.0,9.81,0.1,0.2,0.3,12.3,45.6,78.9,101.325,25.0,0.0,0.0,98.1,1,46.5,6.6,1200.0,1.5,3.5,12,9.81,98.1,1198.4,0.0,1200.0,True,True,True,True,True,True,True,True,True,True,True,True,True,True,True,True,False,False,False,False,False,False,False,False
732226,STATE_PREFLIGHT,12.4,5.0,10.0,45.0,0.0,0.0,9.81,0.1,0.2,0.3,12.3,45.6,78.9,101.325,25.0,0.0,0.0,98.1,1,46.5,6.6,1200.0,1.5,3.5,12,9.81,98.1,1198.4,0.0,1200.0,True,True,True,True,True,True,True,True,True,True,True,True,True,True,True,True,False,False,False,False,False,False,False,False
732727,STATE_PREFLIGHT,12.4,5.0,10.0,45.0,0.0,0.0,9.81,0.1,0.2,0.3,12.3,45.6,78.9,101.325,25.0,0.0,0.0,98.1,1,46.5,6.6,1200.0,1.5,3.5,12,9.81,98.1,1198.4,0.0,1200.0,True,True,True,True,True,True,True,True,True,True,True,True,True,True,True,True,False,False,False,False,False,False,False,False
733229,STATE_PREFLIGHT,12.4,5.0,10.0,45.0,0.0,0.0,9.81,0.1,0.2,0.3,12.3,45.6,78.9,101.325,25.0,0.0,0.0,98.1,1,46.5,6.6,1200.0,1.5,3.5,12,9.81,98.1,1198.4,0.0,1200.0,True,True,True,True,True,True,True,True,True,True,True,True,True,True,True,True,False,False,False,False,False,False,False,False
733731,STATE_PREFLIGHT,12.4,5.0,10.0,45.0,0.0,0.0,9.81,0.1,0.2,0.3,12.3,45.6,78.9,101.325,25.0,0.0,0.0,98.1,1,46.5,6.6,1200.0,1.5,3.5,12,9.81,98.1,1198.4,0.0,1200.0,True,True,True,True,True,True,True,True,True,True,True,True,True,True,True,True,False,False,False,False,False,False,False,False
734232,STATE_PREFLIGHT,12.4,5.0,10.0,45.0,0.0,0.0,9.81,0.1,0.2,0.3,12.3,45.6,78.9,101.325,25.0,0.0,0.0,98.1,1,46.5,6.6,1200.0,1.5,3.5,12,9.81,98.1,1198.4,0.0,1200.0,True,True,True,True,True,True,True,True,True,True,True,True,True,True,True,True,False,False,False,False,False,False,False,False
734735,STATE_PREFLIGHT,12.4,5.0,10.0,45.0,0.0,0.0,9.81,0.1,0.2,0.3,12.3,45.6,78.9,101.325,25.0,0.0,0.0,98.1,1,46.5,6.6,1200.0,1.5,3.5,12,9.81,98.1,1198.4,0.0,1200.0,True,True,True,True,True,True,True,True,True,True,True,True,True,True,True,True,False,False,False,False,False,False,False,False
735236,STATE_PREFLIGHT,12.4,5.0,10.0,45.0,0.0,0.0,9.81,0.1,0.2,0.3,12.3,45.6,78.9,101.325,25.0,0.0,0.0,98.1,1,46.5,6.6,1200.0,1.5,3.5,12,9.81,98.1,1198.4,0.0,1200.0,True,True,True,True,True,True,True,True,True,True,True,True,True,True,True,True,False,False,False,False,False,False,False,False
735738,STATE_PREFLIGHT,12.4,5.0,10.0,45.0,0.0,0.0,9.81,0.1,0.2,0.3,12.3,45.6,78.9,101.325,25.0,0.0,0.0,98.1,1,46.5,6.6,1200.0,1.5,3.5,12,9.81,98.1,1198.4,0.0,1200.0,True,True,True,True,True,True,True,True,True,True,True,True,True,True,True,True,False,False,False,False,False,False,False,False
736240,STATE_PREFLIGHT,12.4,5.0,10.0,45.0,0.0,0.0,9.81,0.1,0.2,0.3,12.3,45.6,78.9,101.325,25.0,0.0,0.0,98.1,1,46.5,6.6,1200.0,1.5,3.5,12,9.81,98.1,1198.4,0.0,1200.0,True,True,True,True,True,True,True,True,True,True,True,True,True,True,True,True,False,False,False,False,False,False,False,False
736741,STATE_PREFLIGHT,12.4,5.0,10.0,45.0,0.0,0.0,9.81,0.1,0.2,0.3,12.3,45.6,78.9,101.325,25.0,0.0,0.0,98.1,1,46.5,6.6,1200.0,1.5,3.5,12,9.81,98.1,1198.4,0.0,1200.0,True,True,True,True,True,True,True,True,True,True,True,True,True,True,True,True,False,False,False,False,False,False,False,False
737243,STATE_PREFLIGHT,12.4,5.0,10.0,45.0,0.0,0.0,9.81,0.1,0.2,0.3,12.3,45.6,78.9,101.325,25.0,0.0,0.0,98.1,1,46.5,6.6,1200.0,1.5,3.5,12,9.81,98.1,1198.4,0.0,1200.0,True,True,True,True,True,True,True,True,True,True,True,True,True,True,True,True,False,False,False,False,False,False,False,False
737745,STATE_PREFLIGHT,12.4,5.0,10.0,45.0,0.0,0.0,9.81,0.1,0.2,0.3,12.3,45.6,78.9,101.325,25.0,0.0,0.0,98.1,1,46.5,6.6,1200.0,1.5,3.5,12,9.81,98.1,1198.4,0.0,1200.0,True,True,True,True,True,True,True,True,True,True,True,True,True,True,True,True,False,False,False,False,False,False,False,False
738246,STATE_PREFLIGHT,12.4,5.0,10.0,45.0,0.0,0.0,9.81,0.1,0.2,0.3,12.3,45.6,78.9,101.325,25.0,0.0,0.0,98.1,1,46.5,6.6,1200.0,1.5,3.5,12,9.81,98.1,1198.4,0.0,1200.0,True,True,True,True,True,True,True,True,True,True,True,True,True,True,True,True,False,False,False,False,False,False,False,False
738749,STATE_PREFLIGHT,12.4,5.0,10.0,45.0,0.0,0.0,9.81,0.1,0.2,0.3,12.3,45.6,78.9,101.325,25.0,0.0,0.0,98.1,1,46.5,6.6,1200.0,1.5,3.5,12,9.81,98.1,1198.4,0.0,1200.0,True,True,True,True,True,True,True,True,True,True,True,True,True,True,True,True,False,False,False,False,False,False,False,False
739250,STATE_PREFLIGHT,12.4,5.0,10.0,45.0,0.0,0.0,9.81,0.1,0.2,0.3,12.3,45.6,78.9,101.325,25.0,0.0,0.0,98.1,1,46.5,6.6,1200.0,1.5,3.5,12,9.81,98.1,1198.4,0.0,1200.0,True,True,True,True,True,True,True,True,True,True,True,True,True,True,True,True,False,False,False,False,False,False,False,False
739752,STATE_PREFLIGHT,12.4,5.0,10.0,45.0,0.0,0.0,9.81,0.1,0.2,0.3,12.3,45.6,78.9,101.325,25.0,0.0,0.0,98.1,1,46.5,6.6,1200.0,1.5,3.5,12,9.81,98.1,1198.4,0.0,1200.0,True,True,True,True,True,True,True,True,True,True,True,True,True,True,True,True,False,False,False,False,False,False,False,False
740253,STATE_PREFLIGHT,12.4,5.0,10.0,45.0,0.0,0.0,9.81,0.1,0.2,0.3,12.3,45.6,78.9,101.325,25.0,0.0,0.0,98.1,1,46.5,6.6,1200.0,1.5,3.5,12,9.81,98.1,1198.4,0.0,1200.0,True,True,True,True,True,True,True,True,True,True,True,True,True,True,True,True,False,False,False,False,False,False,False,False
740755,STATE_PREFLIGHT,12.4,5.0,10.0,45.0,0.0,0.0,9.81,0.1,0.2,0.3,12.3,45.6,78.9,101.325,25.0,0.0,0.0,98.1,1,46.5,6.6,1200.0,1.5,3.5,12,9.81,98.1,1198.4,0.0,1200.0,True,True,True,True,True,True,True,True,True,True,True,True,True,True,True,True,False,False,False,False,False,False,False,False
741257,STATE_PREFLIGHT,12.4,5.0,10.0,45.0,0.0,0.0,9.81,0.1,0.2,0.3,12.3,45.6,78.9,101.325,25.0,0.0,0.0,98.1,1,46.5,6.6,1200.0,1.5,3.5,12,9.81,98.1,1198.4,0.0,1200.0,True,True,True,True,True,True,True,True,True,True,True,True,True,True,True,True,False,False,False,False,False,False,False,False
741759,STATE_PREFLIGHT,12.4,5.0,10.0,45.0,0.0,0.0,9.81,0.1,0.2,0.3,12.3,45.6,78.9,101.325,25.0,0.0,0.0,98.1,1,46.5,6.6,1200.0,1.5,3.5,12,9.81,98.1,1198.4,0.0,1200.0,True,True,True,True,True,True,True,True,True,True,True,True,True,True,True,True,False,False,False,False,False,False,False,False
742260,STATE_PREFLIGHT,12.4,5.0,10.0,45.0,0.0,0.0,9.81,0.1,0.2,0.3,12.3,45.6,78.9,101.325,25.0,0.0,0.0,98.1,1,46.5,6.6,1200.0,1.5,3.5,12,9.81,98.1,1198.4,0.0,1200.0,True,True,True,True,True,True,True,True,True,True,True,True,True,True,True,True,False,False,False,False,False,False,False,False
742762,STATE_PREFLIGHT,12.4,5.0,10.0,45.0,0.0,0.0,9.81,0.1,0.2,0.3,12.3,45.6,78.9,101.325,25.0,0.0,0.0,98.1,1,46.5,6.6,1200.0,1.5,3.5,12,9.81,98.1,1198.4,0.0,1200.0,True,True,True,True,True,True,True,True,True,True,True,True,True,True,True,True,False,False,False,False,False,False,False,False
743264,STATE_PREFLIGHT,12.4,5.0,10.0,45.0,0.0,0.0,9.81,0.1,0.2,0.3,12.3,45.6,78.9,101.325,25.0,0.0,0.0,98.1,1,46.5,6.6,1200.0,1.5,3.5,12,9.81,98.1,1198.4,0.0,1200.0,True,True,True,True,True,True,True,True,True,True,True,True,True,True,True,True,False,False,False,False,False,False,False,False
743765,STATE_PREFLIGHT,12.4,5.0,10.0,45.0,0.0,0.0,9.81,0.1,0.2,0.3,12.3,45.6,78.9,101.325,25.0,0.0,0.0,98.1,1,46.5,6.6,1200.0,1.5,3.5,12,9.81,98.1,1198.4,0.0,1200.0,True,True,True,True,True,True,True,True,True,True,True,True,True,True,True,True,False,False,False,False,False,False,False,False
744267,STATE_PREFLIGHT,12.4,5.0,10.0,45.0,0.0,0.0,9.81,0.1,0.2,0.3,12.3,45.6,78.9,101.325,25.0,0.0,0.0,98.1,1,46.5,6.6,1200.0,1.5,3.5,12,9.81,98.1,1198.4,0.0,1200.0,True,True,True,True,True,True,True,True,True,True,True,True,True,True,True,True,False,False,False,False,False,False,False,False
744769,STATE_PREFLIGHT,12.4,5.0,10.0,45.0,0.0,0.0,9.81,0.1,0.2,0.3,12.3,45.6,78.9,101.325,25.0,0.0,0.0,98.1,1,46.5,6.6,1200.0,1.5,3.5,12,9.81,98.1,1198.4,0.0,1200.0,True,True,True,True,True,True,True,True,True,True,True,True,True,True,True,True,False,False,False,False,False,False,False,False
745271,STATE_PREFLIGHT,12.4,5.0,10.0,45.0,0.0,0.0,9.81,0.1,0.2,0.3,12.3,45.6,78.9,101.325,25.0,0.0,0.0,98.1,1,46.5,6.6,1200.0,1.5,3.5,12,9.81,98.1,1198.4,0.0,1200.0,True,True,True,True,True,True,True,True,True,True,True,True,True,True,True,True,False,False,False,False,False,False,False,False
745772,STATE_PREFLIGHT,12.4,5.0,10.0,45.0,0.0,0.0,9.81,0.1,0.2,0.3,12.3,45.6,78.9,101.325,25.0,0.0,0.0,98.1,1,46.5,6.6,1200.0,1.5,3.5,12,9.81,98.1,1198.4,0.0,1200.0,True,True,True,True,True,True,True,True,True,True,True,True,True,True,True,True,False,False,False,False,False,False,False,False
746274,STATE_PREFLIGHT,12.4,5.0,10.0,45.0,0.0,0.0,9.81,0.1,0.2,0.3,12.3,45.6,78.9,101.325,25.0,0.0,0.0,98.1,1,46.5,6.6,1200.0,1.5,3.5,12,9.81,98.1,1198.4,0.0,1200.0,True,True,True,True,True,True,True,True,True,True,True,True,True,True,True,True,False,False,False,False,False,False,False,False
746776,STATE_PREFLIGHT,12.4,5.0,10.0,45.0,0.0,0.0,9.81,0.1,0.2,0.3,12.3,45.6,78.9,101.325,25.0,0.0,0.0,98.1,1,46.5,6.6,1200.0,1.5,3.5,12,9.81,98.1,1198.4,0.0,1200.0,True,True,True,True,True,True,True,True,True,True,True,True,True,True,True,True,False,False,False,False,False,False,False,False
747277,STATE_PREFLIGHT,12.4,5.0,10.0,45.0,0.0,0.0,9.81,0.1,0.2,0.3,12.3,45.6,78.9,101.325,25.0,0.0,0.0,98.1,1,46.5,6.6,1200.0,1.5,3.5,12,9.81,98.1,1198.4,0.0,1200.0,True,True,True,True,True,True,True,True,True,True,True,True,True,True,True,True,False,False,False,False,False,False,False,False
747779,STATE_PREFLIGHT,12.4,5.0,10.0,45.0,0.0,0.0,9.81,0.1,0.2,0.3,12.3,45.6,78.9,101.325,25.0,0.0,0.0,98.1,1,46.5,6.6,1200.0,1.5,3.5,12,9.81,98.1,1198.4,0.0,1200.0,True,True,True,True,True,True,True,True,True,True,True,True,True,True,True,True,False,False,False,False,False,False,False,False
748281,STATE_PREFLIGHT,12.4,5.0,10.0,45.0,0.0,0.0,9.81,0.1,0.2,0.3,12.3,45.6,78.9,101.325,25.0,0.0,0.0,98.1,1,46.5,6.6,1200.0,1.5,3.5,12,9.81,98.1,1198.4,0.0,1200.0,True,True,True,True,True,True,True,True,True,True,True,True,True,True,True,True,False,False,False,False,False,False,False,False
748782,STATE_PREFLIGHT,12.4,5.0,10.0,45.0,0.0,0.0,9.81,0.1,0.2,0.3,12.3,45.6,78.9,101.325,25.0,0.0,0.0,98.1,1,46.5,6.6,1200.0,1.5,3.5,12,9.81,98.1,1198.4,0.0,1200.0,True,True,True,True,True,True,True,True,True,True,True,True,True,True,True,True,False,False,False,False,False,False,False,False
749284,STATE_PREFLIGHT,12.4,5.0,10.0,45.0,0.0,0.0,9.81,0.1,0.2,0.3,12.3,45.6,78.9,101.325,25.0,0.0,0.0,98.1,1,46.5,6.6,1200.0,1.5,3.5,12,9.81,98.1,1198.4,0.0,1200.0,True,True,True,True,True,True,True,True,True,True,True,True,True,True,True,True,False,False,False,False,False,False,False,False
749785,STATE_PREFLIGHT,12.4,5.0,10.0,45.0,0.0,0.0,9.81,0.1,0.2,0.3,12.3,45.6,78.9,101.325,25.0,0.0,0.0,98.1,1,46.5,6.6,1200.0,1.5,3.5,12,9.81,98.1,1198.4,0.0,1200.0,True,True,True,True,True,True,True,True,True,True,True,True,True,True,True,True,False,False,False,False,False,False,False,False
750287,STATE_PREFLIGHT,12.4,5.0,10.0,45.0,0.0,0.0,9.81,0.1,0.2,0.3,12.3,45.6,78.9,101.325,25.0,0.0,0.0,98.1,1,46.5,6.6,1200.0,1.5,3.5,12,9.81,98.1,1198.4,0.0,1200.0,True,True,True,True,True,True,True,True,True,True,True,True,True,True,True,True,False,False,False,False,False,False,False,False
750788,STATE_PREFLIGHT,12.4,5.0,10.0,45.0,0.0,0.0,9.81,0.1,0.2,0.3,12.3,45.6,78.9,101.325,25.0,0.0,0.0,98.1,1,46.5,6.6,1200.0,1.5,3.5,12,9.81,98.1,1198.4,0.0,1200.0,True,True,True,True,True,True,True,True,True,True,True,True,True,True,True,True,False,False,False,False,False,False,False,False
751290,STATE_PREFLIGHT,12.4,5.0,10.0,45.0,0.0,0.0,9.81,0.1,0.2,0.3,12.3,45.6,78.9,101.325,25.0,0.0,0.0,98.1,1,46.5,6.6,1200.0,1.5,3.5,12,9.81,98.1,1198.4,0.0,1200.0,True,True,True,True,True,True,True,True,True,True,True,True,True,True,True,True,False,False,False,False,False,False,False,False
751792,STATE_PREFLIGHT,12.4,5.0,10.0,45.0,0.0,0.0,9.81,0.1,0.2,0.3,12.3,45.6,78.9,101.325,25.0,0.0,0.0,98.1,1,46.5,6.6,1200.0,1.5,3.5,12,9.81,98.1,1198.4,0.0,1200.0,True,True,True,True,True,True,True,True,True,True,True,True,True,True,True,True,False,False,False,False,False,False,False,False
752294,STATE_PREFLIGHT,12.4,5.0,10.0,45.0,0.0,0.0,9.81,0.1,0.2,0.3,12.3,45.6,78.9,101.325,25.0,0.0,0.0,98.1,1,46.5,6.6,1200.0,1.5,3.5,12,9.81,98.1,1198.4,0.0,1200.0,True,True,True,True,True,True,True,True,True,True,True,True,True,True,True,True,False,False,False,False,False,False,False,False
752795,STATE_PREFLIGHT,12.4,5.0,10.0,45.0,0.0,0.0,9.81,0.1,0.2,0.3,12.3,45.6,78.9,101.325,25.0,0.0,0.0,98.1,1,46.5,6.6,1200.0,1.5,3.5,12,9.81,98.1,1198.4,0.0,1200.0,True,True,True,True,True,True,True,True,True,True,True,True,True,True,True,True,False,False,False,False,False,False,False,False
753297,STATE_PREFLIGHT,12.4,5.0,10.0,45.0,0.0,0.0,9.81,0.1,0.2,0.3,12.3,45.6,78.9,101.325,25.0,0.0,0.0,98.1,1,46.5,6.6,1200.0,1.5,3.5,12,9.81,98.1,1198.4,0.0,1200.0,True,True,True,True,True,True,True,True,True,True,True,True,True,True,True,True,False,False,False,False,False,False,False,False
753799,STATE_PREFLIGHT,12.4,5.0,10.0,45.0,0.0,0.0,9.81,0.1,0.2,0.3,12.3,45.6,78.9,101.325,25.0,0.0,0.0,98.1,1,46.5,6.6,1200.0,1.5,3.5,12,9.81,98.1,1198.4,0.0,1200.0,True,True,True,True,True,True,True,True,True,True,True,True,True,True,True,True,False,False,False,False,False,False,False,False
754301,STATE_PREFLIGHT,12.4,5.0,10.0,45.0,0.0,0.0,9.81,0.1,0.2,0.3,12.3,45.6,78.9,101.325,25.0,0.0,0.0,98.1,1,46.5,6.6,1200.0,1.5,3.5,12,9.81,98.1,1198.4,0.0,1200.0,True,True,True,True,True,True,True,True,True,True,True,True,True,True,True,True,False,False,False,False,False,False,False,False
754803,STATE_PREFLIGHT,12.4,5.0,10.0,45.0,0.0,0.0,9.81,0.1,0.2,0.3,12.3,45.6,78.9,101.325,25.0,0.0,0.0,98.1,1,46.5,6.6,1200.0,1.5,3.5,12,9.81,98.1,1198.4,0.0,1200.0,True,True,True,True,True,True,True,True,True,True,True,True,True,True,True,True,False,False,False,False,False,False,False,False
755305,STATE_PREFLIGHT,12.4,5.0,10.0,45.0,0.0,0.0,9.81,0.1,0.2,0.3,12.3,45.6,78.9,101.325,25.0,0.0,0.0,98.1,1,46.5,6.6,1200.0,1.5,3.5,12,9.81,98.1,1198.4,0.0,1200.0,True,True,True,True,True,True,True,True,True,True,True,True,True,True,True,True,False,False,False,False,False,False,False,False
755806,STATE_PREFLIGHT,12.4,5.0,10.0,45.0,0.0,0.0,9.81,0.1,0.2,0.3,12.3,45.6,78.9,101.325,25.0,0.0,0.0,98.1,1,46.5,6.6,1200.0,1.5,3.5,12,9.81,98.1,1198.4,0.0,1200.0,True,True,True,True,True,True,True,True,True,True,True,True,True,True,True,True,False,False,False,False,False,False,False,False
756308,STATE_PREFLIGHT,12.4,5.0,10.0,45.0,0.0,0.0,9.81,0.1,0.2,0.3,12.3,45.6,78.9,101.325,25.0,0.0,0.0,98.1,1,46.5,6.6,1200.0,1.5,3.5,12,9.81,98.1,1198.4,0.0,1200.0,True,True,True,True,True,True,True,True,True,True,True,True,True,True,True,True,False,False,False,False,False,False,False,False
756810,STATE_PREFLIGHT,12.4,5.0,10.0,45.0,0.0,0.0,9.81,0.1,0.2,0.3,12.3,45.6,78.9,101.325,25.0,0.0,0.0,98.1,1,46.5,6.6,1200.0,1.5,3.5,12,9.81,98.1,1198.4,0.0,1200.0,True,True,True,True,True,True,True,True,True,True,True,True,True,True,True,True,False,False,False,False,False,False,False,False
757312,STATE_PREFLIGHT,12.4,5.0,10.0,45.0,0.0,0.0,9.81,0.1,0.2,0.3,12.3,45.6,78.9,101.325,25.0,0.0,0.0,98.1,1,46.5,6.6,1200.0,1.5,3.5,12,9.81,98.1,1198.4,0.0,1200.0,True,True,True,True,True,True,True,True,True,True,True,True,True,True,True,True,False,False,False,False,False,False,False,False
757813,STATE_PREFLIGHT,12.4,5.0,10.0,45.0,0.0,0.0,9.81,0.1,0.2,0.3,12.3,45.6,78.9,101.325,25.0,0.0,0.0,98.1,1,46.5,6.6,1200.0,1.5,3.5,12,9.81,98.1,1198.4,0.0,1200.0,True,True,True,True,True,True,True,True,True,True,True,True,True,True,True,True,False,False,False,False,False,False,False,False
758316,STATE_PREFLIGHT,12.4,5.0,10.0,45.0,0.0,0.0,9.81,0.1,0.2,0.3,12.3,45.6,78.9,101.325,25.0,0.0,0.0,98.1,1,46.5,6.6,1200.0,1.5,3.5,12,9.81,98.1,1198.4,0.0,1200.0,True,True,True,True,True,True,True,True,True,True,True,True,True,True,True,True,False,False,False,False,False,False,False,False
758817,STATE_PREFLIGHT,12.4,5.0,10.0,45.0,0.0,0.0,9.81,0.1,0.2,0.3,12.3,45.6,78.9,101.325,25.0,0.0,0.0,98.1,1,46.5,6.6,1200.0,1.5,3.5,12,9.81,98.1,1198.4,0.0,1200.0,True,True,True,True,True,True,True,True,True,True,True,True,True,True,True,True,False,False,False,False,False,False,False,False
759320,STATE_PREFLIGHT,12.4,5.0,10.0,45.0,0.0,0.0,9.81,0.1,0.2,0.3,12.3,45.6,78.9,101.325,25.0,0.0,0.0,98.1,1,46.5,6.6,1200.0,1.5,3.5,12,9.81,98.1,1198.4,0.0,1200.0,True,True,True,True,True,True,True,True,True,True,True,True,True,True,True,True,False,False,False,False,False,False,False,False
759821,STATE_PREFLIGHT,12.4,5.0,10.0,45.0,0.0,0.0,9.81,0.1,0.2,0.3,12.3,45.6,78.9,101.325,25.0,0.0,0.0,98.1,1,46.5,6.6,1200.0,1.5,3.5,12,9.81,98.1,1198.4,0.0,1200.0,True,True,True,True,True,True,True,True,True,True,True,True,True,True,True,True,False,False,False,False,False,False,False,False
760324,STATE_PREFLIGHT,12.4,5.0,10.0,45.0,0.0,0.0,9.81,0.1,0.2,0.3,12.3,45.6,78.9,101.325,25.0,0.0,0.0,98.1,1,46.5,6.6,1200.0,1.5,3.5,12,9.81,98.1,1198.4,0.0,1200.0,True,True,True,True,True,True,True,True,True,True,True,True,True,True,True,True,False,False,False,False,False,False,False,False
760825,STATE_PREFLIGHT,12.4,5.0,10.0,45.0,0.0,0.0,9.81,0.1,0.2,0.3,12.3,45.6,78.9,101.325,25.0,0.0,0.0,98.1,1,46.5,6.6,1200.0,1.5,3.5,12,9.81,98.1,1198.4,0.0,1200.0,True,True,True,True,True,True,True,True,True,True,True,True,True,True,True,True,False,False,False,False,False,False,False,False
761327,STATE_PREFLIGHT,12.4,5.0,10.0,45.0,0.0,0.0,9.81,0.1,0.2,0.3,12.3,45.6,78.9,101.325,25.0,0.0,0.0,98.1,1,46.5,6.6,1200.0,1.5,3.5,12,9.81,98.1,1198.4,0.0,1200.0,True,True,True,True,True,True,True,True,True,True,True,True,True,True,True,True,False,False,False,False,False,False,False,False
761829,STATE_PREFLIGHT,12.4,5.0,10.0,45.0,0.0,0.0,9.81,0.1,0.2,0.3,12.3,45.6,78.9,101.325,25.0,0.0,0.0,98.1,1,46.5,6.6,1200.0,1.5,3.5,12,9.81,98.1,1198.4,0.0,1200.0,True,True,True,True,True,True,True,True,True,True,True,True,True,True,True,True,False,False,False,False,False,False,False,False
762331,STATE_PREFLIGHT,12.4,5.0,10.0,45.0,0.0,0.0,9.81,0.1,0.2,0.3,12.3,45.6,78.9,101.325,25.0,0.0,0.0,98.1,1,46.5,6.6,1200.0,1.5,3.5,12,9.81,98.1,1198.4,0.0,1200.0,True,True,True,True,True,True,True,True,True,True,True,True,True,True,True,True,False,False,False,False,False,False,False,False
762832,STATE_PREFLIGHT,12.4,5.0,10.0,45.0,0.0,0.0,9.81,0.1,0.2,0.3,12.3,45.6,78.9,101.325,25.0,0.0,0.0,98.1,1,46.5,6.6,1200.0,1.5,3.5,12,9.81,98.1,1198.4,0.0,1200.0,True,True,True,True,True,True,True,True,True,True,True,True,True,True,True,True,False,False,False,False,False,False,False,False
763335,STATE_PREFLIGHT,12.4,5.0,10.0,45.0,0.0,0.0,9.81,0.1,0.2,0.3,12.3,45.6,78.9,101.325,25.0,0.0,0.0,98.1,1,46.5,6.6,1200.0,1.5,3.5,12,9.81,98.1,1198.4,0.0,1200.0,True,True,True,True,True,True,True,True,True,True,True,True,True,True,True,True,False,False,False,False,False,False,False,False
763836,STATE_PREFLIGHT,12.4,5.0,10.0,45.0,0.0,0.0,9.81,0.1,0.2,0.3,12.3,45.6,78.9,101.325,25.0,0.0,0.0,98.1,1,46.5,6.6,1200.0,1.5,3.5,12,9.81,98.1,1198.4,0.0,1200.0,True,True,True,True,True,True,True,True,True,True,True,True,True,True,True,True,False,False,False,False,False,False,False,False
764339,STATE_PREFLIGHT,12.4,5.0,10.0,45.0,0.0,0.0,9.81,0.1,0.2,0.3,12.3,45.6,78.9,101.325,25.0,0.0,0.0,98.1,1,46.5,6.6,1200.0,1.5,3.5,12,9.81,98.1,1198.4,0.0,1200.0,True,True,True,True,True,True,True,True,True,True,True,True,True,True,True,True,False,False,False,False,False,False,False,False
764840,STATE_PREFLIGHT,12.4,5.0,10.0,45.0,0.0,0.0,9.81,0.1,0.2,0.3,12.3,45.6,78.9,101.325,25.0,0.0,0.0,98.1,1,46.5,6.6,1200.0,1.5,3.5,12,9.81,98.1,1198.4,0.0,1200.0,True,True,True,True,True,True,True,True,True,True,True,True,True,True,True,True,False,False,False,False,False,False,False,False
765343,STATE_PREFLIGHT,12.4,5.0,10.0,45.0,0.0,0.0,9.81,0.1,0.2,0.3,12.3,45.6,78.9,101.325,25.0,0.0,0.0,98.1,1,46.5,6.6,1200.0,1.5,3.5,12,9.81,98.1,1198.4,0.0,1200.0,True,True,True,True,True,True,True,True,True,True,True,True,True,True,True,True,False,False,False,False,False,False,False,False
765844,STATE_PREFLIGHT,12.4,5.0,10.0,45.0,0.0,0.0,9.81,0.1,0.2,0.3,12.3,45.6,78.9,101.325,25.0,0.0,0.0,98.1,1,46.5,6.6,1200.0,1.5,3.5,12,9.81,98.1,1198.4,0.0,1200.0,True,True,True,True,True,True,True,True,True,True,True,True,True,True,True,True,False,False,False,False,False,False,False,False
766346,STATE_PREFLIGHT,12.4,5.0,10.0,45.0,0.0,0.0,9.81,0.1,0.2,0.3,12.3,45.6,78.9,101.325,25.0,0.0,0.0,98.1,1,46.5,6.6,1200.0,1.5,3.5,12,9.81,98.1,1198.4,0.0,1200.0,True,True,True,True,True,True,True,True,True,True,True,True,True,True,True,True,False,False,False,False,False,False,False,False
766848,STATE_PREFLIGHT,12.4,5.0,10.0,45.0,0.0,0.0,9.81,0.1,0.2,0.3,12.3,45.6,78.9,101.325,25.0,0.0,0.0,98.1,1,46.5,6.6,1200.0,1.5,3.5,12,9.81,98.1,1198.4,0.0,1200.0,True,True,True,True,True,True,True,True,True,True,True,True,True,True,True,True,False,False,False,False,False,False,False,False
767350,STATE_PREFLIGHT,12.4,5.0,10.0,45.0,0.0,0.0,9.81,0.1,0.2,0.3,12.3,45.6,78.9,101.325,25.0,0.0,0.0,98.1,1,46.5,6.6,1200.0,1.5,3.5,12,9.81,98.1,1198.4,0.0,1200.0,True,True,True,True,True,True,True,True,True,True,True,True,True,True,True,True,False,False,False,False,False,False,False,False
767852,STATE_PREFLIGHT,12.4,5.0,10.0,45.0,0.0,0.0,9.81,0.1,0.2,0.3,12.3,45.6,78.9,101.325,25.0,0.0,0.0,98.1,1,46.5,6.6,1200.0,1.5,3.5,12,9.81,98.1,1198.4,0.0,1200.0,True,True,True,True,True,True,True,True,True,True,True,True,True,True,True,True,False,False,False,False,False,False,False,False
768354,STATE_PREFLIGHT,12.4,5.0,10.0,45.0,0.0,0.0,9.81,0.1,0.2,0.3,12.3,45.6,78.9,101.325,25.0,0.0,0.0,98.1,1,46.5,6.6,1200.0,1.5,3.5,12,9.81,98.1,1198.4,0.0,1200.0,True,True,True,True,True,True,True,True,True,True,True,True,True,True,True,True,False,False,False,False,False,False,False,False
768856,STATE_PREFLIGHT,12.4,5.0,10.0,45.0,0.0,0.0,9.81,0.1,0.2,0.3,12.3,45.6,78.9,101.325,25.0,0.0,0.0,98.1,1,46.5,6.6,1200.0,1.5,3.5,12,9.81,98.1,1198.4,0.0,1200.0,True,True,True,True,True,True,True,True,True,True,True,True,True,True,True,True,False,False,False,False,False,False,False,False
769358,STATE_PREFLIGHT,12.4,5.0,10.0,45.0,0.0,0.0,9.81,0.1,0.2,0.3,12.3,45.6,78.9,101.325,25.0,0.0,0.0,98.1,1,46.5,6.6,1200.0,1.5,3.5,12,9.81,98.1,1198.4,0.0,1200.0,True,True,True,True,True,True,True,True,True,True,True,True,True,True,True,True,False,False,False,False,False,False,False,False
769859,STATE_PREFLIGHT,12.4,5.0,10.0,45.0,0.0,0.0,9.81,0.1,0.2,0.3,12.3,45.6,78.9,101.325,25.0,0.0,0.0,98.1,1,46.5,6.6,1200.0,1.5,3.5,12,9.81,98.1,1198.4,0.0,1200.0,True,True,True,True,True,True,True,True,True,True,True,True,True,True,True,True,False,False,False,False,False,False,False,False
770361,STATE_PREFLIGHT,12.4,5.0,10.0,45.0,0.0,0.0,9.81,0.1,0.2,0.3,12.3,45.6,78.9,101.325,25.0,0.0,0.0,98.1,1,46.5,6.6,1200.0,1.5,3.5,12,9.81,98.1,1198.4,0.0,1200.0,True,True,True,True,True,True,True,True,True,True,True,True,True,True,True,True,False,False,False,False,False,False,False,False
770863,STATE_PREFLIGHT,12.4,5.0,10.0,45.0,0.0,0.0,9.81,0.1,0.2,0.3,12.3,45.6,78.9,101.325,25.0,0.0,0.0,98.1,1,46.5,6.6,1200.0,1.5,3.5,12,9.81,98.1,1198.4,0.0,1200.0,True,True,True,True,True,True,True,True,True,True,True,True,True,True,True,True,False,False,False,False,False,False,False,False
771364,STATE_PREFLIGHT,12.4,5.0,10.0,45.0,0.0,0.0,9.81,0.1,0.2,0.3,12.3,45.6,78.9,101.325,25.0,0.0,0.0,98.1,1,46.5,6.6,1200.0,1.5,3.5,12,9.81,98.1,1198.4,0.0,1200.0,True,True,True,True,True,True,True,True,True,True,True,True,True,True,True,True,False,False,False,False,False,False,False,False
771866,STATE_PREFLIGHT,12.4,5.0,10.0,45.0,0.0,0.0,9.81,0.1,0.2,0.3,12.3,45.6,78.9,101.325,25.0,0.0,0.0,98.1,1,46.5,6.6,1200.0,1.5,3.5,12,9.81,98.1,1198.4,0.0,1200.0,True,True,True,True,True,True,True,True,True,True,True,True,True,True,True,True,False,False,False,False,False,False,False,False
772368,STATE_PREFLIGHT,12.4,5.0,10.0,45.0,0.0,0.0,9.81,0.1,0.2,0.3,12.3,45.6,78.9,101.325,25.0,0.0,0.0,98.1,1,46.5,6.6,1200.0,1.5,3.5,12,9.81,98.1,1198.4,0.0,1200.0,True,True,True,True,True,True,True,True,True,True,True,True,True,True,True,True,False,False,False,False,False,False,False,False
772871,STATE_PREFLIGHT,12.4,5.0,10.0,45.0,0.0,0.0,9.81,0.1,0.2,0.3,12.3,45.6,78.9,101.325,25.0,0.0,0.0,98.1,1,46.5,6.6,1200.0,1.5,3.5,12,9.81,98.1,1198.4,0.0,1200.0,True,True,True,True,True,True,True,True,True,True,True,True,True,True,True,True,False,False,False,False,False,False,False,False
773373,STATE_PREFLIGHT,12.4,5.0,10.0,45.0,0.0,0.0,9.81,0.1,0.2,0.3,12.3,45.6,78.9,101.325,25.0,0.0,0.0,98.1,1,46.5,6.6,1200.0,1.5,3.5,12,9.81,98.1,1198.4,0.0,1200.0,True,True,True,True,True,True,True,True,True,True,True,True,True,True,True,True,False,False,False,False,False,False,False,False
773876,STATE_PREFLIGHT,12.4,5.0,10.0,45.0,0.0,0.0,9.81,0.1,0.2,0.3,12.3,45.6,78.9,101.325,25.0,0.0,0.0,98.1,1,46.5,6.6,1200.0,1.5,3.5,12,9.81,98.1,1198.4,0.0,1200.0,True,True,True,True,True,True,True,True,True,True,True,True,True,True,True,True,False,False,False,False,False,False,False,False
774378,STATE_PREFLIGHT,12.4,5.0,10.0,45.0,0.0,0.0,9.81,0.1,0.2,0.3,12.3,45.6,78.9,101.325,25.0,0.0,0.0,98.1,1,46.5,6.6,1200.0,1.5,3.5,12,9.81,98.1,1198.4,0.0,1200.0,True,True,True,True,True,True,True,True,True,True,True,True,True,True,True,True,False,False,False,False,False,False,False,False
774885,STATE_PREFLIGHT,12.4,5.0,10.0,45.0,0.0,0.0,9.81,0.1,0.2,0.3,12.3,45.6,78.9,101.325,25.0,0.0,0.0,98.1,1,46.5,6.6,1200.0,1.5,3.5,12,9.81,98.1,1198.4,0.0,1200.0,True,True,True,True,True,True,True,True,True,True,True,True,True,True,True,True,False,False,False,False,False,False,False,False
775387,STATE_PREFLIGHT,12.4,5.0,10.0,45.0,0.0,0.0,9.81,0.1,0.2,0.3,12.3,45.6,78.9,101.325,25.0,0.0,0.0,98.1,1,46.5,6.6,1200.0,1.5,3.5,12,9.81,98.1,1198.4,0.0,1200.0,True,True,True,True,True,True,True,True,True,True,True,True,True,True,True,True,False,False,False,False,False,False,False,False
775891,STATE_PREFLIGHT,12.4,5.0,10.0,45.0,0.0,0.0,9.81,0.1,0.2,0.3,12.3,45.6,78.9,101.325,25.0,0.0,0.0,98.1,1,46.5,6.6,1200.0,1.5,3.5,12,9.81,98.1,1198.4,0.0,1200.0,True,True,True,True,True,True,True,True,True,True,True,True,True,True,True,True,False,False,False,False,False,False,False,False
776394,STATE_PREFLIGHT,12.4,5.0,10.0,45.0,0.0,0.0,9.81,0.1,0.2,0.3,12.3,45.6,78.9,101.325,25.0,0.0,0.0,98.1,1,46.5,6.6,1200.0,1.5,3.5,12,9.81,98.1,1198.4,0.0,1200.0,True,True,True,True,True,True,True,True,True,True,True,True,True,True,True,True,False,False,False,False,False,False,False,False
776897,STATE_PREFLIGHT,12.4,5.0,10.0,45.0,0.0,0.0,9.81,0.1,0.2,0.3,12.3,45.6,78.9,101.325,25.0,0.0,0.0,98.1,1,46.5,6.6,1200.0,1.5,3.5,12,9.81,98.1,1198.4,0.0,1200.0,True,True,True,True,True,True,True,True,True,True,True,True,True,True,True,True,False,False,False,False,False,False,False,False
777399,STATE_PREFLIGHT,12.4,5.0,10.0,45.0,0.0,0.0,9.81,0.1,0.2,0.3,12.3,45.6,78.9,101.325,25.0,0.0,0.0,98.1,1,46.5,6.6,1200.0,1.5,3.5,12,9.81,98.1,1198.4,0.0,1200.0,True,True,True,True,True,True,True,True,True,True,True,True,True,True,True,True,False,False,False,False,False,False,False,False
777903,STATE_PREFLIGHT,12.4,5.0,10.0,45.0,0.0,0.0,9.81,0.1,0.2,0.3,12.3,45.6,78.9,101.325,25.0,0.0,0.0,98.1,1,46.5,6.6,1200.0,1.5,3.5,12,9.81,98.1,1198.4,0.0,1200.0,True,True,True,True,True,True,True,True,True,True,True,True,True,True,True,True,False,False,False,False,False,False,False,False
778405,STATE_PREFLIGHT,12.4,5.0,10.0,45.0,0.0,0.0,9.81,0.1,0.2,0.3,12.3,45.6,78.9,101.325,25.0,0.0,0.0,98.1,1,46.5,6.6,1200.0,1.5,3.5,12,9.81,98.1,1198.4,0.0,1200.0,True,True,True,True,True,True,True,True,True,True,True,True,True,True,True,True,False,False,False,False,False,False,False,False
778907,STATE_PREFLIGHT,12.4,5.0,10.0,45.0,0.0,0.0,9.81,0.1,0.2,0.3,12.3,45.6,78.9,101.325,25.0,0.0,0.0,98.1,1,46.5,6.6,1200.0,1.5,3.5,12,9.81,98.1,1198.4,0.0,1200.0,True,True,True,True,True,True,True,True,True,True,True,True,True,True,True,True,False,False,False,False,False,False,False,False
779408,STATE_PREFLIGHT,12.4,5.0,10.0,45.0,0.0,0.0,9.81,0.1,0.2,0.3,12.3,45.6,78.9,101.325,25.0,0.0,0.0,98.1,1,46.5,6.6,1200.0,1.5,3.5,12,9.81,98.1,1198.4,0.0,1200.0,True,True,True,True,True,True,True,True,True,True,True,True,True,True,True,True,False,False,False,False,False,False,False,False
779910,STATE_PREFLIGHT,12.4,5.0,10.0,45.0,0.0,0.0,9.81,0.1,0.2,0.3,12.3,45.6,78.9,101.325,25.0,0.0,0.0,98.1,1,46.5,6.6,1200.0,1.5,3.5,12,9.81,98.1,1198.4,0.0,1200.0,True,True,True,True,True,True,True,True,True,True,True,True,True,True,True,True,False,False,False,False,False,False,False,False
780411,STATE_PREFLIGHT,12.4,5.0,10.0,45.0,0.0,0.0,9.81,0.1,0.2,0.3,12.3,45.6,78.9,101.325,25.0,0.0,0.0,98.1,1,46.5,6.6,1200.0,1.5,3.5,12,9.81,98.1,1198.4,0.0,1200.0,True,True,True,True,True,True,True,True,True,True,True,True,True,True,True,True,False,False,False,False,False,False,False,False
780913,STATE_PREFLIGHT,12.4,5.0,10.0,45.0,0.0,0.0,9.81,0.1,0.2,0.3,12.3,45.6,78.9,101.325,25.0,0.0,0.0,98.1,1,46.5,6.6,1200.0,1.5,3.5,12,9.81,98.1,1198.4,0.0,1200.0,True,True,True,True,True,True,True,True,True,True,True,True,True,True,True,True,False,False,False,False,False,False,False,False
781415,STATE_PREFLIGHT,12.4,5.0,10.0,45.0,0.0,0.0,9.81,0.1,0.2,0.3,12.3,45.6,78.9,101.325,25.0,0.0,0.0,98.1,1,46.5,6.6,1200.0,1.5,3.5,12,9.81,98.1,1198.4,0.0,1200.0,True,True,True,True,True,True,True,True,True,True,True,True,True,True,True,True,False,False,False,False,False,False,False,False
781917,STATE_PREFLIGHT,12.4,5.0,10.0,45.0,0.0,0.0,9.81,0.1,0.2,0.3,12.3,45.6,78.9,101.325,25.0,0.0,0.0,98.1,1,46.5,6.6,1200.0,1.5,3.5,12,9.81,98.1,1198.4,0.0,1200.0,True,True,True,True,True,True,True,True,True,True,True,True,True,True,True,True,False,False,False,False,False,False,False,False
782419,STATE_PREFLIGHT,12.4,5.0,10.0,45.0,0.0,0.0,9.81,0.1,0.2,0.3,12.3,45.6,78.9,101.325,25.0,0.0,0.0,98.1,1,46.5,6.6,1200.0,1.5,3.5,12,9.81,98.1,1198.4,0.0,1200.0,True,True,True,True,True,True,True,True,True,True,True,True,True,True,True,True,False,False,False,False,False,False,False,False
782921,STATE_PREFLIGHT,12.4,5.0,10.0,45.0,0.0,0.0,9.81,0.1,0.2,0.3,12.3,45.6,78.9,101.325,25.0,0.0,0.0,98.1,1,46.5,6.6,1200.0,1.5,3.5,12,9.81,98.1,1198.4,0.0,1200.0,True,True,True,True,True,True,True,True,True,True,True,True,True,True,True,True,False,False,False,False,False,False,False,False
783424,STATE_PREFLIGHT,12.4,5.0,10.0,45.0,0.0,0.0,9.81,0.1,0.2,0.3,12.3,45.6,78.9,101.325,25.0,0.0,0.0,98.1,1,46.5,6.6,1200.0,1.5,3.5,12,9.81,98.1,1198.4,0.0,1200.0,True,True,True,True,True,True,True,True,True,True,True,True,True,True,True,True,False,False,False,False,False,False,False,False
783926,STATE_PREFLIGHT,12.4,5.0,10.0,45.0,0.0,0.0,9.81,0.1,0.2,0.3,12.3,45.6,78.9,101.325,25.0,0.0,0.0,98.1,1,46.5,6.6,1200.0,1.5,3.5,12,9.81,98.1,1198.4,0.0,1200.0,True,True,True,True,True,True,True,True,True,True,True,True,True,True,True,True,False,False,False,False,False,False,False,False
784428,STATE_PREFLIGHT,12.4,5.0,10.0,45.0,0.0,0.0,9.81,0.1,0.2,0.3,12.3,45.6,78.9,101.325,25.0,0.0,0.0,98.1,1,46.5,6.6,1200.0,1.5,3.5,12,9.81,98.1,1198.4,0.0,1200.0,True,True,True,True,True,True,True,True,True,True,True,True,True,True,True,True,False,False,False,False,False,False,False,False
784931,STATE_PREFLIGHT,12.4,5.0,10.0,45.0,0.0,0.0,9.81,0.1,0.2,0.3,12.3,45.6,78.9,101.325,25.0,0.0,0.0,98.1,1,46.5,6.6,1200.0,1.5,3.5,12,9.81,98.1,1198.4,0.0,1200.0,True,True,True,True,True,True,True,True,True,True,True,True,True,True,True,True,False,False,False,False,False,False,False,False
785433,STATE_PREFLIGHT,12.4,5.0,10.0,45.0,0.0,0.0,9.81,0.1,0.2,0.3,12.3,45.6,78.9,101.325,25.0,0.0,0.0,98.1,1,46.5,6.6,1200.0,1.5,3.5,12,9.81,98.1,1198.4,0.0,1200.0,True,True,True,True,True,True,True,True,True,True,True,True,True,True,True,True,False,False,False,False,False,False,False,False
785934,STATE_PREFLIGHT,12.4,5.0,10.0,45.0,0.0,0.0,9.81,0.1,0.2,0.3,12.3,45.6,78.9,101.325,25.0,0.0,0.0,98.1,1,46.5,6.6,1200.0,1.5,3.5,12,9.81,98.1,1198.4,0.0,1200.0,True,True,True,True,True,True,True,True,True,True,True,True,True,True,True,True,False,False,False,False,False,False,False,False
786436,STATE_PREFLIGHT,12.4,5.0,10.0,45.0,0.0,0.0,9.81,0.1,0.2,0.3,12.3,45.6,78.9,101.325,25.0,0.0,0.0,98.1,1,46.5,6.6,1200.0,1.5,3.5,12,9.81,98.1,1198.4,0.0,1200.0,True,True,True,True,True,True,True,True,True,True,True,True,True,True,True,True,False,False,False,False,False,False,False,False
786939,STATE_PREFLIGHT,12.4,5.0,10.0,45.0,0.0,0.0,9.81,0.1,0.2,0.3,12.3,45.6,78.9,101.325,25.0,0.0,0.0,98.1,1,46.5,6.6,1200.0,1.5,3.5,12,9.81,98.1,1198.4,0.0,1200.0,True,True,True,True,True,True,True,True,True,True,True,True,True,True,True,True,False,False,False,False,False,False,False,False
787440,STATE_PREFLIGHT,12.4,5.0,10.0,45.0,0.0,0.0,9.81,0.1,0.2,0.3,12.3,45.6,78.9,101.325,25.0,0.0,0.0,98.1,1,46.5,6.6,1200.0,1.5,3.5,12,9.81,98.1,1198.4,0.0,1200.0,True,True,True,True,True,True,True,True,True,True,True,True,True,True,True,True,False,False,False,False,False,False,False,False
787942,STATE_PREFLIGHT,12.4,5.0,10.0,45.0,0.0,0.0,9.81,0.1,0.2,0.3,12.3,45.6,78.9,101.325,25.0,0.0,0.0,98.1,1,46.5,6.6,1200.0,1.5,3.5,12,9.81,98.1,1198.4,0.0,1200.0,True,True,True,True,True,True,True,True,True,True,True,True,True,True,True,True,False,False,False,False,False,False,False,False
788443,STATE_PREFLIGHT,12.4,5.0,10.0,45.0,0.0,0.0,9.81,0.1,0.2,0.3,12.3,45.6,78.9,101.325,25.0,0.0,0.0,98.1,1,46.5,6.6,1200.0,1.5,3.5,12,9.81,98.1,1198.4,0.0,1200.0,True,True,True,True,True,True,True,True,True,True,True,True,True,True,True,True,False,False,False,False,False,False,False,False
788946,STATE_PREFLIGHT,12.4,5.0,10.0,45.0,0.0,0.0,9.81,0.1,0.2,0.3,12.3,45.6,78.9,101.325,25.0,0.0,0.0,98.1,1,46.5,6.6,1200.0,1.5,3.5,12,9.81,98.1,1198.4,0.0,1200.0,True,True,True,True,True,True,True,True,True,True,True,True,True,True,True,True,False,False,False,False,False,False,False,False
789447,STATE_PREFLIGHT,12.4,5.0,10.0,45.0,0.0,0.0,9.81,0.1,0.2,0.3,12.3,45.6,78.9,101.325,25.0,0.0,0.0,98.1,1,46.5,6.6,1200.0,1.5,3.5,12,9.81,98.1,1198.4,0.0,1200.0,True,True,True,True,True,True,True,True,True,True,True,True,True,True,True,True,False,False,False,False,False,False,False,False
789949,STATE_PREFLIGHT,12.4,5.0,10.0,45.0,0.0,0.0,9.81,0.1,0.2,0.3,12.3,45.6,78.9,101.325,25.0,0.0,0.0,98.1,1,46.5,6.6,1200.0,1.5,3.5,12,9.81,98.1,1198.4,0.0,1200.0,True,True,True,True,True,True,True,True,True,True,True,True,True,True,True,True,False,False,False,False,False,False,False,False
790450,STATE_PREFLIGHT,12.4,5.0,10.0,45.0,0.0,0.0,9.81,0.1,0.2,0.3,12.3,45.6,78.9,101.325,25.0,0.0,0.0,98.1,1,46.5,6.6,1200.0,1.5,3.5,12,9.81,98.1,1198.4,0.0,1200.0,True,True,True,True,True,True,True,True,True,True,True,True,True,True,True,True,False,False,False,False,False,False,False,False
790952,STATE_PREFLIGHT,12.4,5.0,10.0,45.0,0.0,0.0,9.81,0.1,0.2,0.3,12.3,45.6,78.9,101.325,25.0,0.0,0.0,98.1,1,46.5,6.6,1200.0,1.5,3.5,12,9.81,98.1,1198.4,0.0,1200.0,True,True,True,True,True,True,True,True,True,True,True,True,True,True,True,True,False,False,False,False,False,False,False,False
791454,STATE_PREFLIGHT,12.4,5.0,10.0,45.0,0.0,0.0,9.81,0.1,0.2,0.3,12.3,45.6,78.9,101.325,25.0,0.0,0.0,98.1,1,46.5,6.6,1200.0,1.5,3.5,12,9.81,98.1,1198.4,0.0,1200.0,True,True,True,True,True,True,True,True,True,True,True,True,True,True,True,True,False,False,False,False,False,False,False,False
791956,STATE_PREFLIGHT,12.4,5.0,10.0,45.0,0.0,0.0,9.81,0.1,0.2,0.3,12.3,45.6,78.9,101.325,25.0,0.0,0.0,98.1,1,46.5,6.6,1200.0,1.5,3.5,12,9.81,98.1,1198.4,0.0,1200.0,True,True,True,True,True,True,True,True,True,True,True,True,True,True,True,True,False,False,False,False,False,False,False,False
792457,STATE_PREFLIGHT,12.4,5.0,10.0,45.0,0.0,0.0,9.81,0.1,0.2,0.3,12.3,45.6,78.9,101.325,25.0,0.0,0.0,98.1,1,46.5,6.6,1200.0,1.5,3.5,12,9.81,98.1,1198.4,0.0,1200.0,True,True,True,True,True,True,True,True,True,True,True,True,True,True,True,True,False,False,False,False,False,False,False,False
792959,STATE_PREFLIGHT,12.4,5.0,10.0,45.0,0.0,0.0,9.81,0.1,0.2,0.3,12.3,45.6,78.9,101.325,25.0,0.0,0.0,98.1,1,46.5,6.6,1200.0,1.5,3.5,12,9.81,98.1,1198.4,0.0,1200.0,True,True,True,True,True,True,True,True,True,True,True,True,True,True,True,True,False,False,False,False,False,False,False,False
793461,STATE_PREFLIGHT,12.4,5.0,10.0,45.0,0.0,0.0,9.81,0.1,0.2,0.3,12.3,45.6,78.9,101.325,25.0,0.0,0.0,98.1,1,46.5,6.6,1200.0,1.5,3.5,12,9.81,98.1,1198.4,0.0,1200.0,True,True,True,True,True,True,True,True,True,True,True,True,True,True,True,True,False,False,False,False,False,False,False,False
793962,STATE_PREFLIGHT,12.4,5.0,10.0,45.0,0.0,0.0,9.81,0.1,0.2,0.3,12.3,45.6,78.9,101.325,25.0,0.0,0.0,98.1,1,46.5,6.6,1200.0,1.5,3.5,12,9.81,98.1,1198.4,0.0,1200.0,True,True,True,True,True,True,True,True,True,True,True,True,True,True,True,True,False,False,False,False,False,False,False,False
794464,STATE_PREFLIGHT,12.4,5.0,10.0,45.0,0.0,0.0,9.81,0.1,0.2,0.3,12.3,45.6,78.9,101.325,25.0,0.0,0.0,98.1,1,46.5,6.6,1200.0,1.5,3.5,12,9.81,98.1,1198.4,0.0,1200.0,True,True,True,True,True,True,True,True,True,True,True,True,True,True,True,True,False,False,False,False,False,False,False,False
794966,STATE_PREFLIGHT,12.4,5.0,10.0,45.0,0.0,0.0,9.81,0.1,0.2,0.3,12.3,45.6,78.9,101.325,25.0,0.0,0.0,98.1,1,46.5,6.6,1200.0,1.5,3.5,12,9.81,98.1,1198.4,0.0,1200.0,True,True,True,True,True,True,True,True,True,True,True,True,True,True,True,True,False,False,False,False,False,False,False,False
795468,STATE_PREFLIGHT,12.4,5.0,10.0,45.0,0.0,0.0,9.81,0.1,0.2,0.3,12.3,45.6,78.9,101.325,25.0,0.0,0.0,98.1,1,46.5,6.6,1200.0,1.5,3.5,12,9.81,98.1,1198.4,0.0,1200.0,True,True,True,True,True,True,True,True,True,True,True,True,True,True,True,True,False,False,False,False,False,False,False,False
795970,STATE_PREFLIGHT,12.4,5.0,10.0,45.0,0.0,0.0,9.81,0.1,0.2,0.3,12.3,45.6,78.9,101.325,25.0,0.0,0.0,98.1,1,46.5,6.6,1200.0,1.5,3.5,12,9.81,98.1,1198.4,0.0,1200.0,True,True,True,True,True,True,True,True,True,True,True,True,True,True,True,True,False,False,False,False,False,False,False,False
796474,STATE_PREFLIGHT,12.4,5.0,10.0,45.0,0.0,0.0,9.81,0.1,0.2,0.3,12.3,45.6,78.9,101.325,25.0,0.0,0.0,98.1,1,46.5,6.6,1200.0,1.5,3.5,12,9.81,98.1,1198.4,0.0,1200.0,True,True,True,True,True,True,True,True,True,True,True,True,True,True,True,True,False,False,False,False,False,False,False,False
796976,STATE_PREFLIGHT,12.4,5.0,10.0,45.0,0.0,0.0,9.81,0.1,0.2,0.3,12.3,45.6,78.9,101.325,25.0,0.0,0.0,98.1,1,46.5,6.6,1200.0,1.5,3.5,12,9.81,98.1,1198.4,0.0,1200.0,True,True,True,True,True,True,True,True,True,True,True,True,True,True,True,True,False,False,False,False,False,False,False,False
797480,STATE_PREFLIGHT,12.4,5.0,10.0,45.0,0.0,0.0,9.81,0.1,0.2,0.3,12.3,45.6,78.9,101.325,25.0,0.0,0.0,98.1,1,46.5,6.6,1200.0,1.5,3.5,12,9.81,98.1,1198.4,0.0,1200.0,True,True,True,True,True,True,True,True,True,True,True,True,True,True,True,True,False,False,False,False,False,False,False,False
797982,STATE_PREFLIGHT,12.4,5.0,10.0,45.0,0.0,0.0,9.81,0.1,0.2,0.3,12.3,45.6,78.9,101.325,25.0,0.0,0.0,98.1,1,46.5,6.6,1200.0,1.5,3.5,12,9.81,98.1,1198.4,0.0,1200.0,True,True,True,True,True,True,True,True,True,True,True,True,True,True,True,True,False,False,False,False,False,False,False,False
798485,STATE_PREFLIGHT,12.4,5.0,10.0,45.0,0.0,0.0,9.81,0.1,0.2,0.3,12.3,45.6,78.9,101.325,25.0,0.0,0.0,98.1,1,46.5,6.6,1200.0,1.5,3.5,12,9.81,98.1,1198.4,0.0,1200.0,True,True,True,True,True,True,True,True,True,True,True,True,True,True,True,True,False,False,False,False,False,False,False,False
798987,STATE_PREFLIGHT,12.4,5.0,10.0,45.0,0.0,0.0,9.81,0.1,0.2,0.3,12.3,45.6,78.9,101.325,25.0,0.0,0.0,98.1,1,46.5,6.6,1200.0,1.5,3.5,12,9.81,98.1,1198.4,0.0,1200.0,True,True,True,True,True,True,True,True,True,True,True,True,True,True,True,True,False,False,False,False,False,False,False,False
799488,STATE_PREFLIGHT,12.4,5.0,10.0,45.0,0.0,0.0,9.81,0.1,0.2,0.3,12.3,45.6,78.9,101.325,25.0,0.0,0.0,98.1,1,46.5,6.6,1200.0,1.5,3.5,12,9.81,98.1,1198.4,0.0,1200.0,True,True,True,True,True,True,True,True,True,True,True,True,True,True,True,True,False,False,False,False,False,False,False,False
799990,STATE_PREFLIGHT,12.4,5.0,10.0,45.0,0.0,0.0,9.81,0.1,0.2,0.3,12.3,45.6,78.9,101.325,25.0,0.0,0.0,98.1,1,46.5,6.6,1200.0,1.5,3.5,12,9.81,98.1,1198.4,0.0,1200.0,True,True,True,True,True,True,True,True,True,True,True,True,True,True,True,True,False,False,False,False,False,False,False,False
800492,STATE_PREFLIGHT,12.4,5.0,10.0,45.0,0.0,0.0,9.81,0.1,0.2,0.3,12.3,45.6,78.9,101.325,25.0,0.0,0.0,98.1,1,46.5,6.6,1200.0,1.5,3.5,12,9.81,98.1,1198.4,0.0,1200.0,True,True,True,True,True,True,True,True,True,True,True,True,True,True,True,True,False,False,False,False,False,False,False,False
800993,STATE_PREFLIGHT,12.4,5.0,10.0,45.0,0.0,0.0,9.81,0.1,0.2,0.3,12.3,45.6,78.9,101.325,25.0,0.0,0.0,98.1,1,46.5,6.6,1200.0,1.5,3.5,12,9.81,98.1,1198.4,0.0,1200.0,True,True,True,True,True,True,True,True,True,True,True,True,True,True,True,True,False,False,False,False,False,False,False,False
801495,STATE_PREFLIGHT,12.4,5.0,10.0,45.0,0.0,0.0,9.81,0.1,0.2,0.3,12.3,45.6,78.9,101.325,25.0,0.0,0.0,98.1,1,46.5,6.6,1200.0,1.5,3.5,12,9.81,98.1,1198.4,0.0,1200.0,True,True,True,True,True,True,True,True,True,True,True,True,True,True,True,True,False,False,False,False,False,False,False,False
801996,STATE_PREFLIGHT,12.4,5.0,10.0,45.0,0.0,0.0,9.81,0.1,0.2,0.3,12.3,45.6,78.9,101.325,25.0,0.0,0.0,98.1,1,46.5,6.6,1200.0,1.5,3.5,12,9.81,98.1,1198.4,0.0,1200.0,True,True,True,True,True,True,True,True,True,True,True,True,True,True,True,True,False,False,False,False,False,False,False,False
802498,STATE_PREFLIGHT,12.4,5.0,10.0,45.0,0.0,0.0,9.81,0.1,0.2,0.3,12.3,45.6,78.9,101.325,25.0,0.0,0.0,98.1,1,46.5,6.6,1200.0,1.5,3.5,12,9.81,98.1,1198.4,0.0,1200.0,True,True,True,True,True,True,True,True,True,True,True,True,True,True,True,True,False,False,False,False,False,False,False,False
803000,STATE_PREFLIGHT,12.4,5.0,10.0,45.0,0.0,0.0,9.81,0.1,0.2,0.3,12.3,45.6,78.9,101.325,25.0,0.0,0.0,98.1,1,46.5,6.6,1200.0,1.5,3.5,12,9.81,98.1,1198.4,0.0,1200.0,True,True,True,True,True,True,True,True,True,True,True,True,True,True,True,True,False,False,False,False,False,False,False,False
803503,STATE_PREFLIGHT,12.4,5.0,10.0,45.0,0.0,0.0,9.81,0.1,0.2,0.3,12.3,45.6,78.9,101.325,25.0,0.0,0.0,98.1,1,46.5,6.6,1200.0,1.5,3.5,12,9.81,98.1,1198.4,0.0,1200.0,True,True,True,True,True,True,True,True,True,True,True,True,True,True,True,True,False,False,False,False,False,False,False,False
804004,STATE_PREFLIGHT,12.4,5.0,10.0,45.0,0.0,0.0,9.81,0.1,0.2,0.3,12.3,45.6,78.9,101.325,25.0,0.0,0.0,98.1,1,46.5,6.6,1200.0,1.5,3.5,12,9.81,98.1,1198.4,0.0,1200.0,True,True,True,True,True,True,True,True,True,True,True,True,True,True,True,True,False,False,False,False,False,False,False,False
804507,STATE_PREFLIGHT,12.4,5.0,10.0,45.0,0.0,0.0,9.81,0.1,0.2,0.3,12.3,45.6,78.9,101.325,25.0,0.0,0.0,98.1,1,46.5,6.6,1200.0,1.5,3.5,12,9.81,98.1,1198.4,0.0,1200.0,True,True,True,True,True,True,True,True,True,True,True,True,True,True,True,True,False,False,False,False,False,False,False,False
805008,STATE_PREFLIGHT,12.4,5.0,10.0,45.0,0.0,0.0,9.81,0.1,0.2,0.3,12.3,45.6,78.9,101.325,25.0,0.0,0.0,98.1,1,46.5,6.6,1200.0,1.5,3.5,12,9.81,98.1,1198.4,0.0,1200.0,True,True,True,True,True,True,True,True,True,True,True,True,True,True,True,True,False,False,False,False,False,False,False,False
805511,STATE_PREFLIGHT,12.4,5.0,10.0,45.0,0.0,0.0,9.81,0.1,0.2,0.3,12.3,45.6,78.9,101.325,25.0,0.0,0.0,98.1,1,46.5,6.6,1200.0,1.5,3.5,12,9.81,98.1,1198.4,0.0,1200.0,True,True,True,True,True,True,True,True,True,True,True,True,True,True,True,True,False,False,False,False,False,False,False,False
806014,STATE_PREFLIGHT,12.4,5.0,10.0,45.0,0.0,0.0,9.81,0.1,0.2,0.3,12.3,45.6,78.9,101.325,25.0,0.0,0.0,98.1,1,46.5,6.6,1200.0,1.5,3.5,12,9.81,98.1,1198.4,0.0,1200.0,True,True,True,True,True,True,True,True,True,True,True,True,True,True,True,True,False,False,False,False,False,False,False,False
806517,STATE_PREFLIGHT,12.4,5.0,10.0,45.0,0.0,0.0,9.81,0.1,0.2,0.3,12.3,45.6,78.9,101.325,25.0,0.0,0.0,98.1,1,46.5,6.6,1200.0,1.5,3.5,12,9.81,98.1,1198.4,0.0,1200.0,True,True,True,True,True,True,True,True,True,True,True,True,True,True,True,True,False,False,False,False,False,False,False,False
807020,STATE_PREFLIGHT,12.4,5.0,10.0,45.0,0.0,0.0,9.81,0.1,0.2,0.3,12.3,45.6,78.9,101.325,25.0,0.0,0.0,98.1,1,46.5,6.6,1200.0,1.5,3.5,12,9.81,98.1,1198.4,0.0,1200.0,True,True,True,True,True,True,True,True,True,True,True,True,True,True,True,True,False,False,False,False,False,False,False,False
807523,STATE_PREFLIGHT,12.4,5.0,10.0,45.0,0.0,0.0,9.81,0.1,0.2,0.3,12.3,45.6,78.9,101.325,25.0,0.0,0.0,98.1,1,46.5,6.6,1200.0,1.5,3.5,12,9.81,98.1,1198.4,0.0,1200.0,True,True,True,True,True,True,True,True,True,True,True,True,True,True,True,True,False,False,False,False,False,False,False,False
808025,STATE_PREFLIGHT,12.4,5.0,10.0,45.0,0.0,0.0,9.81,0.1,0.2,0.3,12.3,45.6,78.9,101.325,25.0,0.0,0.0,98.1,1,46.5,6.6,1200.0,1.5,3.5,12,9.81,98.1,1198.4,0.0,1200.0,True,True,True,True,True,True,True,True,True,True,True,True,True,True,True,True,False,False,False,False,False,False,False,False
808528,STATE_PREFLIGHT,12.4,5.0,10.0,45.0,0.0,0.0,9.81,0.1,0.2,0.3,12.3,45.6,78.9,101.325,25.0,0.0,0.0,98.1,1,46.5,6.6,1200.0,1.5,3.5,12,9.81,98.1,1198.4,0.0,1200.0,True,True,True,True,True,True,True,True,True,True,True,True,True,True,True,True,False,False,False,False,False,False,False,False
809030,STATE_PREFLIGHT,12.4,5.0,10.0,45.0,0.0,0.0,9.81,0.1,0.2,0.3,12.3,45.6,78.9,101.325,25.0,0.0,0.0,98.1,1,46.5,6.6,1200.0,1.5,3.5,12,9.81,98.1,1198.4,0.0,1200.0,True,True,True,True,True,True,True,True,True,True,True,True,True,True,True,True,False,False,False,False,False,False,False,False
809533,STATE_PREFLIGHT,12.4,5.0,10.0,45.0,0.0,0.0,9.81,0.1,0.2,0.3,12.3,45.6,78.9,101.325,25.0,0.0,0.0,98.1,1,46.5,6.6,1200.0,1.5,3.5,12,9.81,98.1,1198.4,0.0,1200.0,True,True,True,True,True,True,True,True,True,True,True,True,True,True,True,True,False,False,False,False,False,False,False,False
810037,STATE_PREFLIGHT,12.4,5.0,10.0,45.0,0.0,0.0,9.81,0.1,0.2,0.3,12.3,45.6,78.9,101.325,25.0,0.0,0.0,98.1,1,46.5,6.6,1200.0,1.5,3.5,12,9.81,98.1,1198.4,0.0,1200.0,True,True,True,True,True,True,True,True,True,True,True,True,True,True,True,True,False,False,False,False,False,False,False,False
810541,STATE_PREFLIGHT,12.4,5.0,10.0,45.0,0.0,0.0,9.81,0.1,0.2,0.3,12.3,45.6,78.9,101.325,25.0,0.0,0.0,98.1,1,46.5,6.6,1200.0,1.5,3.5,12,9.81,98.1,1198.4,0.0,1200.0,True,True,True,True,True,True,True,True,True,True,True,True,True,True,True,True,False,False,False,False,False,False,False,False
811044,STATE_PREFLIGHT,12.4,5.0,10.0,45.0,0.0,0.0,9.81,0.1,0.2,0.3,12.3,45.6,78.9,101.325,25.0,0.0,0.0,98.1,1,46.5,6.6,1200.0,1.5,3.5,12,9.81,98.1,1198.4,0.0,1200.0,True,True,True,True,True,True,True,True,True,True,True,True,True,True,True,True,False,False,False,False,False,False,False,False
811549,STATE_PREFLIGHT,12.4,5.0,10.0,45.0,0.0,0.0,9.81,0.1,0.2,0.3,12.3,45.6,78.9,101.325,25.0,0.0,0.0,98.1,1,46.5,6.6,1200.0,1.5,3.5,12,9.81,98.1,1198.4,0.0,1200.0,True,True,True,True,True,True,True,True,True,True,True,True,True,True,True,True,False,False,False,False,False,False,False,False
812050,STATE_PREFLIGHT,12.4,5.0,10.0,45.0,0.0,0.0,9.81,0.1,0.2,0.3,12.3,45.6,78.9,101.325,25.0,0.0,0.0,98.1,1,46.5,6.6,1200.0,1.5,3.5,12,9.81,98.1,1198.4,0.0,1200.0,True,True,True,True,True,True,True,True,True,True,True,True,True,True,True,True,False,False,False,False,False,False,False,False
812554,STATE_PREFLIGHT,12.4,5.0,10.0,45.0,0.0,0.0,9.81,0.1,0.2,0.3,12.3,45.6,78.9,101.325,25.0,0.0,0.0,98.1,1,46.5,6.6,1200.0,1.5,3.5,12,9.81,98.1,1198.4,0.0,1200.0,True,True,True,True,True,True,True,True,True,True,True,True,True,True,True,True,False,False,False,False,False,False,False,False
813056,STATE_PREFLIGHT,12.4,5.0,10.0,45.0,0.0,0.0,9.81,0.1,0.2,0.3,12.3,45.6,78.9,101.325,25.0,0.0,0.0,98.1,1,46.5,6.6,1200.0,1.5,3.5,12,9.81,98.1,1198.4,0.0,1200.0,True,True,True,True,True,True,True,True,True,True,True,True,True,True,True,True,False,False,False,False,False,False,False,False
813559,STATE_PREFLIGHT,12.4,5.0,10.0,45.0,0.0,0.0,9.81,0.1,0.2,0.3,12.3,45.6,78.9,101.325,25.0,0.0,0.0,98.1,1,46.5,6.6,1200.0,1.5,3.5,12,9.81,98.1,1198.4,0.0,1200.0,True,True,True,True,True,True,True,True,True,True,True,True,True,True,True,True,False,False,False,False,False,False,False,False
814062,STATE_PREFLIGHT,12.4,5.0,10.0,45.0,0.0,0.0,9.81,0.1,0.2,0.3,12.3,45.6,78.9,101.325,25.0,0.0,0.0,98.1,1,46.5,6.6,1200.0,1.5,3.5,12,9.81,98.1,1198.4,0.0,1200.0,True,True,True,True,True,True,True,True,True,True,True,True,True,True,True,True,False,False,False,False,False,False,False,False
814564,STATE_PREFLIGHT,12.4,5.0,10.0,45.0,0.0,0.0,9.81,0.1,0.2,0.3,12.3,45.6,78.9,101.325,25.0,0.0,0.0,98.1,1,46.5,6.6,1200.0,1.5,3.5,12,9.81,98.1,1198.4,0.0,1200.0,True,True,True,True,True,True,True,True,True,True,True,True,True,True,True,True,False,False,False,False,False,False,False,False
815067,STATE_PREFLIGHT,12.4,5.0,10.0,45.0,0.0,0.0,9.81,0.1,0.2,0.3,12.3,45.6,78.9,101.325,25.0,0.0,0.0,98.1,1,46.5,6.6,1200.0,1.5,3.5,12,9.81,98.1,1198.4,0.0,1200.0,True,True,True,True,True,True,True,True,True,True,True,True,True,True,True,True,False,False,False,False,False,False,False,False
815570,STATE_PREFLIGHT,12.4,5.0,10.0,45.0,0.0,0.0,9.81,0.1,0.2,0.3,12.3,45.6,78.9,101.325,25.0,0.0,0.0,98.1,1,46.5,6.6,1200.0,1.5,3.5,12,9.81,98.1,1198.4,0.0,1200.0,True,True,True,True,True,True,True,True,True,True,True,True,True,True,True,True,False,False,False,False,False,False,False,False
816074,STATE_PREFLIGHT,12.4,5.0,10.0,45.0,0.0,0.0,9.81,0.1,0.2,0.3,12.3,45.6,78.9,101.325,25.0,0.0,0.0,98.1,1,46.5,6.6,1200.0,1.5,3.5,12,9.81,98.1,1198.4,0.0,1200.0,True,True,True,True,True,True,True,True,True,True,True,True,True,True,True,True,False,False,False,False,False,False,False,False
816577,STATE_PREFLIGHT,12.4,5.0,10.0,45.0,0.0,0.0,9.81,0.1,0.2,0.3,12.3,45.6,78.9,101.325,25.0,0.0,0.0,98.1,1,46.5,6.6,1200.0,1.5,3.5,12,9.81,98.1,1198.4,0.0,1200.0,True,True,True,True,True,True,True,True,True,True,True,True,True,True,True,True,False,False,False,False,False,False,False,False
817080,STATE_PREFLIGHT,12.4,5.0,10.0,45.0,0.0,0.0,9.81,0.1,0.2,0.3,12.3,45.6,78.9,101.325,25.0,0.0,0.0,98.1,1,46.5,6.6,1200.0,1.5,3.5,12,9.81,98.1,1198.4,0.0,1200.0,True,True,True,True,True,True,True,True,True,True,True,True,True,True,True,True,False,False,False,False,False,False,False,False
817582,STATE_PREFLIGHT,12.4,5.0,10.0,45.0,0.0,0.0,9.81,0.1,0.2,0.3,12.3,45.6,78.9,101.325,25.0,0.0,0.0,98.1,1,46.5,6.6,1200.0,1.5,3.5,12,9.81,98.1,1198.4,0.0,1200.0,True,True,True,True,True,True,True,True,True,True,True,True,True,True,True,True,False,False,False,False,False,False,False,False
818086,STATE_PREFLIGHT,12.4,5.0,10.0,45.0,0.0,0.0,9.81,0.1,0.2,0.3,12.3,45.6,78.9,101.325,25.0,0.0,0.0,98.1,1,46.5,6.6,1200.0,1.5,3.5,12,9.81,98.1,1198.4,0.0,1200.0,True,True,True,True,True,True,True,True,True,True,True,True,True,True,True,True,False,False,False,False,False,False,False,False
818589,STATE_PREFLIGHT,12.4,5.0,10.0,45.0,0.0,0.0,9.81,0.1,0.2,0.3,12.3,45.6,78.9,101.325,25.0,0.0,0.0,98.1,1,46.5,6.6,1200.0,1.5,3.5,12,9.81,98.1,1198.4,0.0,1200.0,True,True,True,True,True,True,True,True,True,True,True,True,True,True,True,True,False,False,False,False,False,False,False,False
819093,STATE_PREFLIGHT,12.4,5.0,10.0,45.0,0.0,0.0,9.81,0.1,0.2,0.3,12.3,45.6,78.9,101.325,25.0,0.0,0.0,98.1,1,46.5,6.6,1200.0,1.5,3.5,12,9.81,98.1,1198.4,0.0,1200.0,True,True,True,True,True,True,True,True,True,True,True,True,True,True,True,True,False,False,False,False,False,False,False,False
819595,STATE_PREFLIGHT,12.4,5.0,10.0,45.0,0.0,0.0,9.81,0.1,0.2,0.3,12.3,45.6,78.9,101.325,25.0,0.0,0.0,98.1,1,46.5,6.6,1200.0,1.5,3.5,12,9.81,98.1,1198.4,0.0,1200.0,True,True,True,True,True,True,True,True,True,True,True,True,True,True,True,True,False,False,False,False,False,False,False,False
820099,STATE_PREFLIGHT,12.4,5.0,10.0,45.0,0.0,0.0,9.81,0.1,0.2,0.3,12.3,45.6,78.9,101.325,25.0,0.0,0.0,98.1,1,46.5,6.6,1200.0,1.5,3.5,12,9.81,98.1,1198.4,0.0,1200.0,True,True,True,True,True,True,True,True,True,True,True,True,True,True,True,True,False,False,False,False,False,False,False,False
820603,STATE_PREFLIGHT,12.4,5.0,10.0,45.0,0.0,0.0,9.81,0.1,0.2,0.3,12.3,45.6,78.9,101.325,25.0,0.0,0.0,98.1,1,46.5,6.6,1200.0,1.5,3.5,12,9.81,98.1,1198.4,0.0,1200.0,True,True,True,True,True,True,True,True,True,True,True,True,True,True,True,True,False,False,False,False,False,False,False,False
821105,STATE_PREFLIGHT,12.4,5.0,10.0,45.0,0.0,0.0,9.81,0.1,0.2,0.3,12.3,45.6,78.9,101.325,25.0,0.0,0.0,98.1,1,46.5,6.6,1200.0,1.5,3.5,12,9.81,98.1,1198.4,0.0,1200.0,True,True,True,True,True,True,True,True,True,True,True,True,True,True,True,True,False,False,False,False,False,False,False,False
821607,STATE_PREFLIGHT,12.4,5.0,10.0,45.0,0.0,0.0,9.81,0.1,0.2,0.3,12.3,45.6,78.9,101.325,25.0,0.0,0.0,98.1,1,46.5,6.6,1200.0,1.5,3.5,12,9.81,98.1,1198.4,0.0,1200.0,True,True,True,True,True,True,True,True,True,True,True,True,True,True,True,True,False,False,False,False,False,False,False,False
822109,STATE_PREFLIGHT,12.4,5.0,10.0,45.0,0.0,0.0,9.81,0.1,0.2,0.3,12.3,45.6,78.9,101.325,25.0,0.0,0.0,98.1,1,46.5,6.6,1200.0,1.5,3.5,12,9.81,98.1,1198.4,0.0,1200.0,True,True,True,True,True,True,True,True,True,True,True,True,True,True,True,True,False,False,False,False,False,False,False,False
822610,STATE_PREFLIGHT,12.4,5.0,10.0,45.0,0.0,0.0,9.81,0.1,0.2,0.3,12.3,45.6,78.9,101.325,25.0,0.0,0.0,98.1,1,46.5,6.6,1200.0,1.5,3.5,12,9.81,98.1,1198.4,0.0,1200.0,True,True,True,True,True,True,True,True,True,True,True,True,True,True,True,True,False,False,False,False,False,False,False,False
823112,STATE_PREFLIGHT,12.4,5.0,10.0,45.0,0.0,0.0,9.81,0.1,0.2,0.3,12.3,45.6,78.9,101.325,25.0,0.0,0.0,98.1,1,46.5,6.6,1200.0,1.5,3.5,12,9.81,98.1,1198.4,0.0,1200.0,True,True,True,True,True,True,True,True,True,True,True,True,True,True,True,True,False,False,False,False,False,False,False,False
823614,STATE_PREFLIGHT,12.4,5.0,10.0,45.0,0.0,0.0,9.81,0.1,0.2,0.3,12.3,45.6,78.9,101.325,25.0,0.0,0.0,98.1,1,46.5,6.6,1200.0,1.5,3.5,12,9.81,98.1,1198.4,0.0,1200.0,True,True,True,True,True,True,True,True,True,True,True,True,True,True,True,True,False,False,False,False,False,False,False,False
824116,STATE_PREFLIGHT,12.4,5.0,10.0,45.0,0.0,0.0,9.81,0.1,0.2,0.3,12.3,45.6,78.9,101.325,25.0,0.0,0.0,98.1,1,46.5,6.6,1200.0,1.5,3.5,12,9.81,98.1,1198.4,0.0,1200.0,True,True,True,True,True,True,True,True,True,True,True,True,True,True,True,True,False,False,False,False,False,False,False,False
824617,STATE_PREFLIGHT,12.4,5.0,10.0,45.0,0.0,0.0,9.81,0.1,0.2,0.3,12.3,45.6,78.9,101.325,25.0,0.0,0.0,98.1,1,46.5,6.6,1200.0,1.5,3.5,12,9.81,98.1,1198.4,0.0,1200.0,True,True,True,True,True,True,True,True,True,True,True,True,True,True,True,True,False,False,False,False,False,False,False,False
825120,STATE_PREFLIGHT,12.4,5.0,10.0,45.0,0.0,0.0,9.81,0.1,0.2,0.3,12.3,45.6,78.9,101.325,25.0,0.0,0.0,98.1,1,46.5,6.6,1200.0,1.5,3.5,12,9.81,98.1,1198.4,0.0,1200.0,True,True,True,True,True,True,True,True,True,True,True,True,True,True,True,True,False,False,False,False,False,False,False,False
825621,STATE_PREFLIGHT,12.4,5.0,10.0,45.0,0.0,0.0,9.81,0.1,0.2,0.3,12.3,45.6,78.9,101.325,25.0,0.0,0.0,98.1,1,46.5,6.6,1200.0,1.5,3.5,12,9.81,98.1,1198.4,0.0,1200.0,True,True,True,True,True,True,True,True,True,True,True,True,True,True,True,True,False,False,False,False,False,False,False,False
826123,STATE_PREFLIGHT,12.4,5.0,10.0,45.0,0.0,0.0,9.81,0.1,0.2,0.3,12.3,45.6,78.9,101.325,25.0,0.0,0.0,98.1,1,46.5,6.6,1200.0,1.5,3.5,12,9.81,98.1,1198.4,0.0,1200.0,True,True,True,True,True,True,True,True,True,True,True,True,True,True,True,True,False,False,False,False,False,False,False,False
826624,STATE_PREFLIGHT,12.4,5.0,10.0,45.0,0.0,0.0,9.81,0.1,0.2,0.3,12.3,45.6,78.9,101.325,25.0,0.0,0.0,98.1,1,46.5,6.6,1200.0,1.5,3.5,12,9.81,98.1,1198.4,0.0,1200.0,True,True,True,True,True,True,True,True,True,True,True,True,True,True,True,True,False,False,False,False,False,False,False,False
827126,STATE_PREFLIGHT,12.4,5.0,10.0,45.0,0.0,0.0,9.81,0.1,0.2,0.3,12.3,45.6,78.9,101.325,25.0,0.0,0.0,98.1,1,46.5,6.6,1200.0,1.5,3.5,12,9.81,98.1,1198.4,0.0,1200.0,True,True,True,True,True,True,True,True,True,True,True,True,True,True,True,True,False,False,False,False,False,False,False,False
827628,STATE_PREFLIGHT,12.4,5.0,10.0,45.0,0.0,0.0,9.81,0.1,0.2,0.3,12.3,45.6,78.9,101.325,25.0,0.0,0.0,98.1,1,46.5,6.6,1200.0,1.5,3.5,12,9.81,98.1,1198.4,0.0,1200.0,True,True,True,True,True,True,True,True,True,True,True,True,True,True,True,True,False,False,False,False,False,False,False,False
828130,STATE_PREFLIGHT,12.4,5.0,10.0,45.0,0.0,0.0,9.81,0.1,0.2,0.3,12.3,45.6,78.9,101.325,25.0,0.0,0.0,98.1,1,46.5,6.6,1200.0,1.5,3.5,12,9.81,98.1,1198.4,0.0,1200.0,True,True,True,True,True,True,True,True,True,True,True,True,True,True,True,True,False,False,False,False,False,False,False,False
828631,STATE_PREFLIGHT,12.4,5.0,10.0,45.0,0.0,0.0,9.81,0.1,0.2,0.3,12.3,45.6,78.9,101.325,25.0,0.0,0.0,98.1,1,46.5,6.6,1200.0,1.5,3.5,12,9.81,98.1,1198.4,0.0,1200.0,True,True,True,True,True,True,True,True,True,True,True,True,True,True,True,True,False,False,False,False,False,False,False,False
829133,STATE_PREFLIGHT,12.4,5.0,10.0,45.0,0.0,0.0,9.81,0.1,0.2,0.3,12.3,45.6,78.9,101.325,25.0,0.0,0.0,98.1,1,46.5,6.6,1200.0,1.5,3.5,12,9.81,98.1,1198.4,0.0,1200.0,True,True,True,True,True,True,True,True,True,True,True,True,True,True,True,True,False,False,False,False,False,False,False,False
829635,STATE_PREFLIGHT,12.4,5.0,10.0,45.0,0.0,0.0,9.81,0.1,0.2,0.3,12.3,45.6,78.9,101.325,25.0,0.0,0.0,98.1,1,46.5,6.6,1200.0,1.5,3.5,12,9.81,98.1,1198.4,0.0,1200.0,True,True,True,True,True,True,True,True,True,True,True,True,True,True,True,True,False,False,False,False,False,False,False,False
830136,STATE_PREFLIGHT,12.4,5.0,10.0,45.0,0.0,0.0,9.81,0.1,0.2,0.3,12.3,45.6,78.9,101.325,25.0,0.0,0.0,98.1,1,46.5,6.6,1200.0,1.5,3.5,12,9.81,98.1,1198.4,0.0,1200.0,True,True,True,True,True,True,True,True,True,True,True,True,True,True,True,True,False,False,False,False,False,False,False,False
830638,STATE_PREFLIGHT,12.4,5.0,10.0,45.0,0.0,0.0,9.81,0.1,0.2,0.3,12.3,45.6,78.9,101.325,25.0,0.0,0.0,98.1,1,46.5,6.6,1200.0,1.5,3.5,12,9.81,98.1,1198.4,0.0,1200.0,True,True,True,True,True,True,True,True,True,True,True,True,True,True,True,True,False,False,False,False,False,False,False,False
831140,STATE_PREFLIGHT,12.4,5.0,10.0,45.0,0.0,0.0,9.81,0.1,0.2,0.3,12.3,45.6,78.9,101.325,25.0,0.0,0.0,98.1,1,46.5,6.6,1200.0,1.5,3.5,12,9.81,98.1,1198.4,0.0,1200.0,True,True,True,True,True,True,True,True,True,True,True,True,True,True,True,True,False,False,False,False,False,False,False,False
831642,STATE_PREFLIGHT,12.4,5.0,10.0,45.0,0.0,0.0,9.81,0.1,0.2,0.3,12.3,45.6,78.9,101.325,25.0,0.0,0.0,98.1,1,46.5,6.6,1200.0,1.5,3.5,12,9.81,98.1,1198.4,0.0,1200.0,True,True,True,True,True,True,True,True,True,True,True,True,True,True,True,True,False,False,False,False,False,False,False,False
832143,STATE_PREFLIGHT,12.4,5.0,10.0,45.0,0.0,0.0,9.81,0.1,0.2,0.3,12.3,45.6,78.9,101.325,25.0,0.0,0.0,98.1,1,46.5,6.6,1200.0,1.5,3.5,12,9.81,98.1,1198.4,0.0,1200.0,True,True,True,True,True,True,True,True,True,True,True,True,True,True,True,True,False,False,False,False,False,False,False,False
832645,STATE_PREFLIGHT,12.4,5.0,10.0,45.0,0.0,0.0,9.81,0.1,0.2,0.3,12.3,45.6,78.9,101.325,25.0,0.0,0.0,98.1,1,46.5,6.6,1200.0,1.5,3.5,12,9.81,98.1,1198.4,0.0,1200.0,True,True,True,True,True,True,True,True,True,True,True,True,True,True,True,True,False,False,False,False,False,False,False,False
833147,STATE_PREFLIGHT,12.4,5.0,10.0,45.0,0.0,0.0,9.81,0.1,0.2,0.3,12.3,45.6,78.9,101.325,25.0,0.0,0.0,98.1,1,46.5,6.6,1200.0,1.5,3.5,12,9.81,98.1,1198.4,0.0,1200.0,True,True,True,True,True,True,True,True,True,True,True,True,True,True,True,True,False,False,False,False,False,False,False,False
833649,STATE_PREFLIGHT,12.4,5.0,10.0,45.0,0.0,0.0,9.81,0.1,0.2,0.3,12.3,45.6,78.9,101.325,25.0,0.0,0.0,98.1,1,46.5,6.6,1200.0,1.5,3.5,12,9.81,98.1,1198.4,0.0,1200.0,True,True,True,True,True,True,True,True,True,True,True,True,True,True,True,True,False,False,False,False,False,False,False,False
834150,STATE_PREFLIGHT,12.4,5.0,10.0,45.0,0.0,0.0,9.81,0.1,0.2,0.3,12.3,45.6,78.9,101.325,25.0,0.0,0.0,98.1,1,46.5,6.6,1200.0,1.5,3.5,12,9.81,98.1,1198.4,0.0,1200.0,True,True,True,True,True,True,True,True,True,True,True,True,True,True,True,True,False,False,False,False,False,False,False,False
834652,STATE_PREFLIGHT,12.4,5.0,10.0,45.0,0.0,0.0,9.81,0.1,0.2,0.3,12.3,45.6,78.9,101.325,25.0,0.0,0.0,98.1,1,46.5,6.6,1200.0,1.5,3.5,12,9.81,98.1,1198.4,0.0,1200.0,True,True,True,True,True,True,True,True,True,True,True,True,True,True,True,True,False,False,False,False,False,False,False,False
835154,STATE_PREFLIGHT,12.4,5.0,10.0,45.0,0.0,0.0,9.81,0.1,0.2,0.3,12.3,45.6,78.9,101.325,25.0,0.0,0.0,98.1,1,46.5,6.6,1200.0,1.5,3.5,12,9.81,98.1,1198.4,0.0,1200.0,True,True,True,True,True,True,True,True,True,True,True,True,True,True,True,True,False,False,False,False,False,False,False,False
835656,STATE_PREFLIGHT,12.4,5.0,10.0,45.0,0.0,0.0,9.81,0.1,0.2,0.3,12.3,45.6,78.9,101.325,25.0,0.0,0.0,98.1,1,46.5,6.6,1200.0,1.5,3.5,12,9.81,98.1,1198.4,0.0,1200.0,True,True,True,True,True,True,True,True,True,True,True,True,True,True,True,True,False,False,False,False,False,False,False,False
836158,STATE_PREFLIGHT,12.4,5.0,10.0,45.0,0.0,0.0,9.81,0.1,0.2,0.3,12.3,45.6,78.9,101.325,25.0,0.0,0.0,98.1,1,46.5,6.6,1200.0,1.5,3.5,12,9.81,98.1,1198.4,0.0,1200.0,True,True,True,True,True,True,True,True,True,True,True,True,True,True,True,True,False,False,False,False,False,False,False,False
836660,STATE_PREFLIGHT,12.4,5.0,10.0,45.0,0.0,0.0,9.81,0.1,0.2,0.3,12.3,45.6,78.9,101.325,25.0,0.0,0.0,98.1,1,46.5,6.6,1200.0,1.5,3.5,12,9.81,98.1,1198.4,0.0,1200.0,True,True,True,True,True,True,True,True,True,True,True,True,True,True,True,True,False,False,False,False,False,False,False,False
837161,STATE_PREFLIGHT,12.4,5.0,10.0,45.0,0.0,0.0,9.81,0.1,0.2,0.3,12.3,45.6,78.9,101.325,25.0,0.0,0.0,98.1,1,46.5,6.6,1200.0,1.5,3.5,12,9.81,98.1,1198.4,0.0,1200.0,True,True,True,True,True,True,True,True,True,True,True,True,True,True,True,True,False,False,False,False,False,False,False,False
837663,STATE_PREFLIGHT,12.4,5.0,10.0,45.0,0.0,0.0,9.81,0.1,0.2,0.3,12.3,45.6,78.9,101.325,25.0,0.0,0.0,98.1,1,46.5,6.6,1200.0,1.5,3.5,12,9.81,98.1,1198.4,0.0,1200.0,True,True,True,True,True,True,True,True,True,True,True,True,True,True,True,True,False,False,False,False,False,False,False,False
838165,STATE_PREFLIGHT,12.4,5.0,10.0,45.0,0.0,0.0,9.81,0.1,0.2,0.3,12.3,45.6,78.9,101.325,25.0,0.0,0.0,98.1,1,46.5,6.6,1200.0,1.5,3.5,12,9.81,98.1,1198.4,0.0,1200.0,True,True,True,True,True,True,True,True,True,True,True,True,True,True,True,True,False,False,False,False,False,False,False,False
838667,STATE_PREFLIGHT,12.4,5.0,10.0,45.0,0.0,0.0,9.81,0.1,0.2,0.3,12.3,45.6,78.9,101.325,25.0,0.0,0.0,98.1,1,46.5,6.6,1200.0,1.5,3.5,12,9.81,98.1,1198.4,0.0,1200.0,True,True,True,True,True,True,True,True,True,True,True,True,True,True,True,True,False,False,False,False,False,False,False,False
839168,STATE_PREFLIGHT,12.4,5.0,10.0,45.0,0.0,0.0,9.81,0.1,0.2,0.3,12.3,45.6,78.9,101.325,25.0,0.0,0.0,98.1,1,46.5,6.6,1200.0,1.5,3.5,12,9.81,98.1,1198.4,0.0,1200.0,True,True,True,True,True,True,True,True,True,True,True,True,True,True,True,True,False,False,False,False,False,False,False,False
839670,STATE_PREFLIGHT,12.4,5.0,10.0,45.0,0.0,0.0,9.81,0.1,0.2,0.3,12.3,45.6,78.9,101.325,25.0,0.0,0.0,98.1,1,46.5,6.6,1200.0,1.5,3.5,12,9.81,98.1,1198.4,0.0,1200.0,True,True,True,True,True,True,True,True,True,True,True,True,True,True,True,True,False,False,False,False,False,False,False,False
840171,STATE_PREFLIGHT,12.4,5.0,10.0,45.0,0.0,0.0,9.81,0.1,0.2,0.3,12.3,45.6,78.9,101.325,25.0,0.0,0.0,98.1,1,46.5,6.6,1200.0,1.5,3.5,12,9.81,98.1,1198.4,0.0,1200.0,True,True,True,True,True,True,True,True,True,True,True,True,True,True,True,True,False,False,False,False,False,False,False,False
840674,STATE_PREFLIGHT,12.4,5.0,10.0,45.0,0.0,0.0,9.81,0.1,0.2,0.3,12.3,45.6,78.9,101.325,25.0,0.0,0.0,98.1,1,46.5,6.6,1200.0,1.5,3.5,12,9.81,98.1,1198.4,0.0,1200.0,True,True,True,True,True,True,True,True,True,True,True,True,True,True,True,True,False,False,False,False,False,False,False,False
841175,STATE_PREFLIGHT,12.4,5.0,10.0,45.0,0.0,0.0,9.81,0.1,0.2,0.3,12.3,45.6,78.9,101.325,25.0,0.0,0.0,98.1,1,46.5,6.6,1200.0,1.5,3.5,12,9.81,98.1,1198.4,0.0,1200.0,True,True,True,True,True,True,True,True,True,True,True,True,True,True,True,True,False,False,False,False,False,False,False,False
841677,STATE_PREFLIGHT,12.4,5.0,10.0,45.0,0.0,0.0,9.81,0.1,0.2,0.3,12.3,45.6,78.9,101.325,25.0,0.0,0.0,98.1,1,46.5,6.6,1200.0,1.5,3.5,12,9.81,98.1,1198.4,0.0,1200.0,True,True,True,True,True,True,True,True,True,True,True,True,True,True,True,True,False,False,False,False,False,False,False,False
842179,STATE_PREFLIGHT,12.4,5.0,10.0,45.0,0.0,0.0,9.81,0.1,0.2,0.3,12.3,45.6,78.9,101.325,25.0,0.0,0.0,98.1,1,46.5,6.6,1200.0,1.5,3.5,12,9.81,98.1,1198.4,0.0,1200.0,True,True,True,True,True,True,True,True,True,True,True,True,True,True,True,True,False,False,False,False,False,False,False,False
842680,STATE_PREFLIGHT,12.4,5.0,10.0,45.0,0.0,0.0,9.81,0.1,0.2,0.3,12.3,45.6,78.9,101.325,25.0,0.0,0.0,98.1,1,46.5,6.6,1200.0,1.5,3.5,12,9.81,98.1,1198.4,0.0,1200.0,True,True,True,True,True,True,True,True,True,True,True,True,True,True,True,True,False,False,False,False,False,False,False,False
843182,STATE_PREFLIGHT,12.4,5.0,10.0,45.0,0.0,0.0,9.81,0.1,0.2,0.3,12.3,45.6,78.9,101.325,25.0,0.0,0.0,98.1,1,46.5,6.6,1200.0,1.5,3.5,12,9.81,98.1,1198.4,0.0,1200.0,True,True,True,True,True,True,True,True,True,True,True,True,True,True,True,True,False,False,False,False,False,False,False,False
843683,STATE_PREFLIGHT,12.4,5.0,10.0,45.0,0.0,0.0,9.81,0.1,0.2,0.3,12.3,45.6,78.9,101.325,25.0,0.0,0.0,98.1,1,46.5,6.6,1200.0,1.5,3.5,12,9.81,98.1,1198.4,0.0,1200.0,True,True,True,True,True,True,True,True,True,True,True,True,True,True,True,True,False,False,False,False,False,False,False,False
844185,STATE_PREFLIGHT,12.4,5.0,10.0,45.0,0.0,0.0,9.81,0.1,0.2,0.3,12.3,45.6,78.9,101.325,25.0,0.0,0.0,98.1,1,46.5,6.6,1200.0,1.5,3.5,12,9.81,98.1,1198.4,0.0,1200.0,True,True,True,True,True,True,True,True,True,True,True,True,True,True,True,True,False,False,False,False,False,False,False,False
844686,STATE_PREFLIGHT,12.4,5.0,10.0,45.0,0.0,0.0,9.81,0.1,0.2,0.3,12.3,45.6,78.9,101.325,25.0,0.0,0.0,98.1,1,46.5,6.6,1200.0,1.5,3.5,12,9.81,98.1,1198.4,0.0,1200.0,True,True,True,True,True,True,True,True,True,True,True,True,True,True,True,True,False,False,False,False,False,False,False,False
845188,STATE_PREFLIGHT,12.4,5.0,10.0,45.0,0.0,0.0,9.81,0.1,0.2,0.3,12.3,45.6,78.9,101.325,25.0,0.0,0.0,98.1,1,46.5,6.6,1200.0,1.5,3.5,12,9.81,98.1,1198.4,0.0,1200.0,True,True,True,True,True,True,True,True,True,True,True,True,True,True,True,True,False,False,False,False,False,False,False,False
845690,STATE_PREFLIGHT,12.4,5.0,10.0,45.0,0.0,0.0,9.81,0.1,0.2,0.3,12.3,45.6,78.9,101.325,25.0,0.0,0.0,98.1,1,46.5,6.6,1200.0,1.5,3.5,12,9.81,98.1,1198.4,0.0,1200.0,True,True,True,True,True,True,True,True,True,True,True,True,True,True,True,True,False,False,False,False,False,False,False,False
846193,STATE_PREFLIGHT,12.4,5.0,10.0,45.0,0.0,0.0,9.81,0.1,0.2,0.3,12.3,45.6,78.9,101.325,25.0,0.0,0.0,98.1,1,46.5,6.6,1200.0,1.5,3.5,12,9.81,98.1,1198.4,0.0,1200.0,True,True,True,True,True,True,True,True,True,True,True,True,True,True,True,True,False,False,False,False,False,False,False,False
846695,STATE_PREFLIGHT,12.4,5.0,10.0,45.0,0.0,0.0,9.81,0.1,0.2,0.3,12.3,45.6,78.9,101.325,25.0,0.0,0.0,98.1,1,46.5,6.6,1200.0,1.5,3.5,12,9.81,98.1,1198.4,0.0,1200.0,True,True,True,True,True,True,True,True,True,True,True,True,True,True,True,True,False,False,False,False,False,False,False,False
847197,STATE_PREFLIGHT,12.4,5.0,10.0,45.0,0.0,0.0,9.81,0.1,0.2,0.3,12.3,45.6,78.9,101.325,25.0,0.0,0.0,98.1,1,46.5,6.6,1200.0,1.5,3.5,12,9.81,98.1,1198.4,0.0,1200.0,True,True,True,True,True,True,True,True,True,True,True,True,True,True,True,True,False,False,False,False,False,False,False,False
847699,STATE_PREFLIGHT,12.4,5.0,10.0,45.0,0.0,0.0,9.81,0.1,0.2,0.3,12.3,45.6,78.9,101.325,25.0,0.0,0.0,98.1,1,46.5,6.6,1200.0,1.5,3.5,12,9.81,98.1,1198.4,0.0,1200.0,True,True,True,True,True,True,True,True,True,True,True,True,True,True,True,True,False,False,False,False,False,False,False,False
848201,STATE_PREFLIGHT,12.4,5.0,10.0,45.0,0.0,0.0,9.81,0.1,0.2,0.3,12.3,45.6,78.9,101.325,25.0,0.0,0.0,98.1,1,46.5,6.6,1200.0,1.5,3.5,12,9.81,98.1,1198.4,0.0,1200.0,True,True,True,True,True,True,True,True,True,True,True,True,True,True,True,True,False,False,False,False,False,False,False,False
848703,STATE_PREFLIGHT,12.4,5.0,10.0,45.0,0.0,0.0,9.81,0.1,0.2,0.3,12.3,45.6,78.9,101.325,25.0,0.0,0.0,98.1,1,46.5,6.6,1200.0,1.5,3.5,12,9.81,98.1,1198.4,0.0,1200.0,True,True,True,True,True,True,True,True,True,True,True,True,True,True,True,True,False,False,False,False,False,False,False,False
849205,STATE_PREFLIGHT,12.4,5.0,10.0,45.0,0.0,0.0,9.81,0.1,0.2,0.3,12.3,45.6,78.9,101.325,25.0,0.0,0.0,98.1,1,46.5,6.6,1200.0,1.5,3.5,12,9.81,98.1,1198.4,0.0,1200.0,True,True,True,True,True,True,True,True,True,True,True,True,True,True,True,True,False,False,False,False,False,False,False,False
849707,STATE_PREFLIGHT,12.4,5.0,10.0,45.0,0.0,0.0,9.81,0.1,0.2,0.3,12.3,45.6,78.9,101.325,25.0,0.0,0.0,98.1,1,46.5,6.6,1200.0,1.5,3.5,12,9.81,98.1,1198.4,0.0,1200.0,True,True,True,True,True,True,True,True,True,True,True,True,True,True,True,True,False,False,False,False,False,False,False,False
850210,STATE_PREFLIGHT,12.4,5.0,10.0,45.0,0.0,0.0,9.81,0.1,0.2,0.3,12.3,45.6,78.9,101.325,25.0,0.0,0.0,98.1,1,46.5,6.6,1200.0,1.5,3.5,12,9.81,98.1,1198.4,0.0,1200.0,True,True,True,True,True,True,True,True,True,True,True,True,True,True,True,True,False,False,False,False,False,False,False,False
850712,STATE_PREFLIGHT,12.4,5.0,10.0,45.0,0.0,0.0,9.81,0.1,0.2,0.3,12.3,45.6,78.9,101.325,25.0,0.0,0.0,98.1,1,46.5,6.6,1200.0,1.5,3.5,12,9.81,98.1,1198.4,0.0,1200.0,True,True,True,True,True,True,True,True,True,True,True,True,True,True,True,True,False,False,False,False,False,False,False,False
851214,STATE_PREFLIGHT,12.4,5.0,10.0,45.0,0.0,0.0,9.81,0.1,0.2,0.3,12.3,45.6,78.9,101.325,25.0,0.0,0.0,98.1,1,46.5,6.6,1200.0,1.5,3.5,12,9.81,98.1,1198.4,0.0,1200.0,True,True,True,True,True,True,True,True,True,True,True,True,True,True,True,True,False,False,False,False,False,False,False,False
851718,STATE_PREFLIGHT,12.4,5.0,10.0,45.0,0.0,0.0,9.81,0.1,0.2,0.3,12.3,45.6,78.9,101.325,25.0,0.0,0.0,98.1,1,46.5,6.6,1200.0,1.5,3.5,12,9.81,98.1,1198.4,0.0,1200.0,True,True,True,True,True,True,True,True,True,True,True,True,True,True,True,True,False,False,False,False,False,False,False,False
852220,STATE_PREFLIGHT,12.4,5.0,10.0,45.0,0.0,0.0,9.81,0.1,0.2,0.3,12.3,45.6,78.9,101.325,25.0,0.0,0.0,98.1,1,46.5,6.6,1200.0,1.5,3.5,12,9.81,98.1,1198.4,0.0,1200.0,True,True,True,True,True,True,True,True,True,True,True,True,True,True,True,True,False,False,False,False,False,False,False,False
852723,STATE_PREFLIGHT,12.4,5.0,10.0,45.0,0.0,0.0,9.81,0.1,0.2,0.3,12.3,45.6,78.9,101.325,25.0,0.0,0.0,98.1,1,46.5,6.6,1200.0,1.5,3.5,12,9.81,98.1,1198.4,0.0,1200.0,True,True,True,True,True,True,True,True,True,True,True,True,True,True,True,True,False,False,False,False,False,False,False,False
853225,STATE_PREFLIGHT,12.4,5.0,10.0,45.0,0.0,0.0,9.81,0.1,0.2,0.3,12.3,45.6,78.9,101.325,25.0,0.0,0.0,98.1,1,46.5,6.6,1200.0,1.5,3.5,12,9.81,98.1,1198.4,0.0,1200.0,True,True,True,True,True,True,True,True,True,True,True,True,True,True,True,True,False,False,False,False,False,False,False,False
853728,STATE_PREFLIGHT,12.4,5.0,10.0,45.0,0.0,0.0,9.81,0.1,0.2,0.3,12.3,45.6,78.9,101.325,25.0,0.0,0.0,98.1,1,46.5,6.6,1200.0,1.5,3.5,12,9.81,98.1,1198.4,0.0,1200.0,True,True,True,True,True,True,True,True,True,True,True,True,True,True,True,True,False,False,False,False,False,False,False,False
854230,STATE_PREFLIGHT,12.4,5.0,10.0,45.0,0.0,0.0,9.81,0.1,0.2,0.3,12.3,45.6,78.9,101.325,25.0,0.0,0.0,98.1,1,46.5,6.6,1200.0,1.5,3.5,12,9.81,98.1,1198.4,0.0,1200.0,True,True,True,True,True,True,True,True,True,True,True,True,True,True,True,True,False,False,False,False,False,False,False,False
854733,STATE_PREFLIGHT,12.4,5.0,10.0,45.0,0.0,0.0,9.81,0.1,0.2,0.3,12.3,45.6,78.9,101.325,25.0,0.0,0.0,98.1,1,46.5,6.6,1200.0,1.5,3.5,12,9.81,98.1,1198.4,0.0,1200.0,True,True,True,True,True,True,True,True,True,True,True,True,True,True,True,True,False,False,False,False,False,False,False,False
855235,STATE_PREFLIGHT,12.4,5.0,10.0,45.0,0.0,0.0,9.81,0.1,0.2,0.3,12.3,45.6,78.9,101.325,25.0,0.0,0.0,98.1,1,46.5,6.6,1200.0,1.5,3.5,12,9.81,98.1,1198.4,0.0,1200.0,True,True,True,True,True,True,True,True,True,True,True,True,True,True,True,True,False,False,False,False,False,False,False,False
855738,STATE_PREFLIGHT,12.4,5.0,10.0,45.0,0.0,0.0,9.81,0.1,0.2,0.3,12.3,45.6,78.9,101.325,25.0,0.0,0.0,98.1,1,46.5,6.6,1200.0,1.5,3.5,12,9.81,98.1,1198.4,0.0,1200.0,True,True,True,True,True,True,True,True,True,True,True,True,True,True,True,True,False,False,False,False,False,False,False,False
856240,STATE_PREFLIGHT,12.4,5.0,10.0,45.0,0.0,0.0,9.81,0.1,0.2,0.3,12.3,45.6,78.9,101.325,25.0,0.0,0.0,98.1,1,46.5,6.6,1200.0,1.5,3.5,12,9.81,98.1,1198.4,0.0,1200.0,True,True,True,True,True,True,True,True,True,True,True,True,True,True,True,True,False,False,False,False,False,False,False,False
856743,STATE_PREFLIGHT,12.4,5.0,10.0,45.0,0.0,0.0,9.81,0.1,0.2,0.3,12.3,45.6,78.9,101.325,25.0,0.0,0.0,98.1,1,46.5,6.6,1200.0,1.5,3.5,12,9.81,98.1,1198.4,0.0,1200.0,True,True,True,True,True,True,True,True,True,True,True,True,True,True,True,True,False,False,False,False,False,False,False,False
857245,STATE_PREFLIGHT,12.4,5.0,10.0,45.0,0.0,0.0,9.81,0.1,0.2,0.3,12.3,45.6,78.9,101.325,25.0,0.0,0.0,98.1,1,46.5,6.6,1200.0,1.5,3.5,12,9.81,98.1,1198.4,0.0,1200.0,True,True,True,True,True,True,True,True,True,True,True,True,True,True,True,True,False,False,False,False,False,False,False,False
857747,STATE_PREFLIGHT,12.4,5.0,10.0,45.0,0.0,0.0,9.81,0.1,0.2,0.3,12.3,45.6,78.9,101.325,25.0,0.0,0.0,98.1,1,46.5,6.6,1200.0,1.5,3.5,12,9.81,98.1,1198.4,0.0,1200.0,True,True,True,True,True,True,True,True,True,True,True,True,True,True,True,True,False,False,False,False,False,False,False,False
858250,STATE_PREFLIGHT,12.4,5.0,10.0,45.0,0.0,0.0,9.81,0.1,0.2,0.3,12.3,45.6,78.9,101.325,25.0,0.0,0.0,98.1,1,46.5,6.6,1200.0,1.5,3.5,12,9.81,98.1,1198.4,0.0,1200.0,True,True,True,True,True,True,True,True,True,True,True,True,True,True,True,True,False,False,False,False,False,False,False,False
858753,STATE_PREFLIGHT,12.4,5.0,10.0,45.0,0.0,0.0,9.81,0.1,0.2,0.3,12.3,45.6,78.9,101.325,25.0,0.0,0.0,98.1,1,46.5,6.6,1200.0,1.5,3.5,12,9.81,98.1,1198.4,0.0,1200.0,True,True,True,True,True,True,True,True,True,True,True,True,True,True,True,True,False,False,False,False,False,False,False,False
859255,STATE_PREFLIGHT,12.4,5.0,10.0,45.0,0.0,0.0,9.81,0.1,0.2,0.3,12.3,45.6,78.9,101.325,25.0,0.0,0.0,98.1,1,46.5,6.6,1200.0,1.5,3.5,12,9.81,98.1,1198.4,0.0,1200.0,True,True,True,True,True,True,True,True,True,True,True,True,True,True,True,True,False,False,False,False,False,False,False,False
859757,STATE_PREFLIGHT,12.4,5.0,10.0,45.0,0.0,0.0,9.81,0.1,0.2,0.3,12.3,45.6,78.9,101.325,25.0,0.0,0.0,98.1,1,46.5,6.6,1200.0,1.5,3.5,12,9.81,98.1,1198.4,0.0,1200.0,True,True,True,True,True,True,True,True,True,True,True,True,True,True,True,True,False,False,False,False,False,False,False,False
860260,STATE_PREFLIGHT,12.4,5.0,10.0,45.0,0.0,0.0,9.81,0.1,0.2,0.3,12.3,45.6,78.9,101.325,25.0,0.0,0.0,98.1,1,46.5,6.6,1200.0,1.5,3.5,12,9.81,98.1,1198.4,0.0,1200.0,True,True,True,True,True,True,True,True,True,True,True,True,True,True,True,True,False,False,False,False,False,False,False,False
860762,STATE_PREFLIGHT,12.4,5.0,10.0,45.0,0.0,0.0,9.81,0.1,0.2,0.3,12.3,45.6,78.9,101.325,25.0,0.0,0.0,98.1,1,46.5,6.6,1200.0,1.5,3.5,12,9.81,98.1,1198.4,0.0,1200.0,True,True,True,True,True,True,True,True,True,True,True,True,True,True,True,True,False,False,False,False,False,False,False,False
861265,STATE_PREFLIGHT,12.4,5.0,10.0,45.0,0.0,0.0,9.81,0.1,0.2,0.3,12.3,45.6,78.9,101.325,25.0,0.0,0.0,98.1,1,46.5,6.6,1200.0,1.5,3.5,12,9.81,98.1,1198.4,0.0,1200.0,True,True,True,True,True,True,True,True,True,True,True,True,True,True,True,True,False,False,False,False,False,False,False,False
861767,STATE_PREFLIGHT,12.4,5.0,10.0,45.0,0.0,0.0,9.81,0.1,0.2,0.3,12.3,45.6,78.9,101.325,25.0,0.0,0.0,98.1,1,46.5,6.6,1200.0,1.5,3.5,12,9.81,98.1,1198.4,0.0,1200.0,True,True,True,True,True,True,True,True,True,True,True,True,True,True,True,True,False,False,False,False,False,False,False,False
862270,STATE_PREFLIGHT,12.4,5.0,10.0,45.0,0.0,0.0,9.81,0.1,0.2,0.3,12.3,45.6,78.9,101.325,25.0,0.0,0.0,98.1,1,46.5,6.6,1200.0,1.5,3.5,12,9.81,98.1,1198.4,0.0,1200.0,True,True,True,True,True,True,True,True,True,True,True,True,True,True,True,True,False,False,False,False,False,False,False,False
862772,STATE_PREFLIGHT,12.4,5.0,10.0,45.0,0.0,0.0,9.81,0.1,0.2,0.3,12.3,45.6,78.9,101.325,25.0,0.0,0.0,98.1,1,46.5,6.6,1200.0,1.5,3.5,12,9.81,98.1,1198.4,0.0,1200.0,True,True,True,True,True,True,True,True,True,True,True,True,True,True,True,True,False,False,False,False,False,False,False,False
863274,STATE_PREFLIGHT,12.4,5.0,10.0,45.0,0.0,0.0,9.81,0.1,0.2,0.3,12.3,45.6,78.9,101.325,25.0,0.0,0.0,98.1,1,46.5,6.6,1200.0,1.5,3.5,12,9.81,98.1,1198.4,0.0,1200.0,True,True,True,True,True,True,True,True,True,True,True,True,True,True,True,True,False,False,False,False,False,False,False,False
863777,STATE_PREFLIGHT,12.4,5.0,10.0,45.0,0.0,0.0,9.81,0.1,0.2,0.3,12.3,45.6,78.9,101.325,25.0,0.0,0.0,98.1,1,46.5,6.6,1200.0,1.5,3.5,12,9.81,98.1,1198.4,0.0,1200.0,True,True,True,True,True,True,True,True,True,True,True,True,True,True,True,True,False,False,False,False,False,False,False,False
864280,STATE_PREFLIGHT,12.4,5.0,10.0,45.0,0.0,0.0,9.81,0.1,0.2,0.3,12.3,45.6,78.9,101.325,25.0,0.0,0.0,98.1,1,46.5,6.6,1200.0,1.5,3.5,12,9.81,98.1,1198.4,0.0,1200.0,True,True,True,True,True,True,True,True,True,True,True,True,True,True,True,True,False,False,False,False,False,False,False,False
864783,STATE_PREFLIGHT,12.4,5.0,10.0,45.0,0.0,0.0,9.81,0.1,0.2,0.3,12.3,45.6,78.9,101.325,25.0,0.0,0.0,98.1,1,46.5,6.6,1200.0,1.5,3.5,12,9.81,98.1,1198.4,0.0,1200.0,True,True,True,True,True,True,True,True,True,True,True,True,True,True,True,True,False,False,False,False,False,False,False,False
865285,STATE_PREFLIGHT,12.4,5.0,10.0,45.0,0.0,0.0,9.81,0.1,0.2,0.3,12.3,45.6,78.9,101.325,25.0,0.0,0.0,98.1,1,46.5,6.6,1200.0,1.5,3.5,12,9.81,98.1,1198.4,0.0,1200.0,True,True,True,True,True,True,True,True,True,True,True,True,True,True,True,True,False,False,False,False,False,False,False,False
865787,STATE_PREFLIGHT,12.4,5.0,10.0,45.0,0.0,0.0,9.81,0.1,0.2,0.3,12.3,45.6,78.9,101.325,25.0,0.0,0.0,98.1,1,46.5,6.6,1200.0,1.5,3.5,12,9.81,98.1,1198.4,0.0,1200.0,True,True,True,True,True,True,True,True,True,True,True,True,True,True,True,True,False,False,False,False,False,False,False,False
866289,STATE_PREFLIGHT,12.4,5.0,10.0,45.0,0.0,0.0,9.81,0.1,0.2,0.3,12.3,45.6,78.9,101.325,25.0,0.0,0.0,98.1,1,46.5,6.6,1200.0,1.5,3.5,12,9.81,98.1,1198.4,0.0,1200.0,True,True,True,True,True,True,True,True,True,True,True,True,True,True,True,True,False,False,False,False,False,False,False,False
866792,STATE_PREFLIGHT,12.4,5.0,10.0,45.0,0.0,0.0,9.81,0.1,0.2,0.3,12.3,45.6,78.9,101.325,25.0,0.0,0.0,98.1,1,46.5,6.6,1200.0,1.5,3.5,12,9.81,98.1,1198.4,0.0,1200.0,True,True,True,True,True,True,True,True,True,True,True,True,True,True,True,True,False,False,False,False,False,False,False,False
867294,STATE_PREFLIGHT,12.4,5.0,10.0,45.0,0.0,0.0,9.81,0.1,0.2,0.3,12.3,45.6,78.9,101.325,25.0,0.0,0.0,98.1,1,46.5,6.6,1200.0,1.5,3.5,12,9.81,98.1,1198.4,0.0,1200.0,True,True,True,True,True,True,True,True,True,True,True,True,True,True,True,True,False,False,False,False,False,False,False,False
867796,STATE_PREFLIGHT,12.4,5.0,10.0,45.0,0.0,0.0,9.81,0.1,0.2,0.3,12.3,45.6,78.9,101.325,25.0,0.0,0.0,98.1,1,46.5,6.6,1200.0,1.5,3.5,12,9.81,98.1,1198.4,0.0,1200.0,True,True,True,True,True,True,True,True,True,True,True,True,True,True,True,True,False,False,False,False,False,False,False,False
868298,STATE_PREFLIGHT,12.4,5.0,10.0,45.0,0.0,0.0,9.81,0.1,0.2,0.3,12.3,45.6,78.9,101.325,25.0,0.0,0.0,98.1,1,46.5,6.6,1200.0,1.5,3.5,12,9.81,98.1,1198.4,0.0,1200.0,True,True,True,True,True,True,True,True,True,True,True,True,True,True,True,True,False,False,False,False,False,False,False,False
868800,STATE_PREFLIGHT,12.4,5.0,10.0,45.0,0.0,0.0,9.81,0.1,0.2,0.3,12.3,45.6,78.9,101.325,25.0,0.0,0.0,98.1,1,46.5,6.6,1200.0,1.5,3.5,12,9.81,98.1,1198.4,0.0,1200.0,True,True,True,True,True,True,True,True,True,True,True,True,True,True,True,True,False,False,False,False,False,False,False,False
869303,STATE_PREFLIGHT,12.4,5.0,10.0,45.0,0.0,0.0,9.81,0.1,0.2,0.3,12.3,45.6,78.9,101.325,25.0,0.0,0.0,98.1,1,46.5,6.6,1200.0,1.5,3.5,12,9.81,98.1,1198.4,0.0,1200.0,True,True,True,True,True,True,True,True,True,True,True,True,True,True,True,True,False,False,False,False,False,False,False,False
869805,STATE_PREFLIGHT,12.4,5.0,10.0,45.0,0.0,0.0,9.81,0.1,0.2,0.3,12.3,45.6,78.9,101.325,25.0,0.0,0.0,98.1,1,46.5,6.6,1200.0,1.5,3.5,12,9.81,98.1,1198.4,0.0,1200.0,True,True,True,True,True,True,True,True,True,True,True,True,True,True,True,True,False,False,False,False,False,False,False,False
870308,STATE_PREFLIGHT,12.4,5.0,10.0,45.0,0.0,0.0,9.81,0.1,0.2,0.3,12.3,45.6,78.9,101.325,25.0,0.0,0.0,98.1,1,46.5,6.6,1200.0,1.5,3.5,12,9.81,98.1,1198.4,0.0,1200.0,True,True,True,True,True,True,True,True,True,True,True,True,True,True,True,True,False,False,False,False,False,False,False,False
870811,STATE_PREFLIGHT,12.4,5.0,10.0,45.0,0.0,0.0,9.81,0.1,0.2,0.3,12.3,45.6,78.9,101.325,25.0,0.0,0.0,98.1,1,46.5,6.6,1200.0,1.5,3.5,12,9.81,98.1,1198.4,0.0,1200.0,True,True,True,True,True,True,True,True,True,True,True,True,True,True,True,True,False,False,False,False,False,False,False,False
871314,STATE_PREFLIGHT,12.4,5.0,10.0,45.0,0.0,0.0,9.81,0.1,0.2,0.3,12.3,45.6,78.9,101.325,25.0,0.0,0.0,98.1,1,46.5,6.6,1200.0,1.5,3.5,12,9.81,98.1,1198.4,0.0,1200.0,True,True,True,True,True,True,True,True,True,True,True,True,True,True,True,True,False,False,False,False,False,False,False,False
871815,STATE_PREFLIGHT,12.4,5.0,10.0,45.0,0.0,0.0,9.81,0.1,0.2,0.3,12.3,45.6,78.9,101.325,25.0,0.0,0.0,98.1,1,46.5,6.6,1200.0,1.5,3.5,12,9.81,98.1,1198.4,0.0,1200.0,True,True,True,True,True,True,True,True,True,True,True,True,True,True,True,True,False,False,False,False,False,False,False,False
872318,STATE_PREFLIGHT,12.4,5.0,10.0,45.0,0.0,0.0,9.81,0.1,0.2,0.3,12.3,45.6,78.9,101.325,25.0,0.0,0.0,98.1,1,46.5,6.6,1200.0,1.5,3.5,12,9.81,98.1,1198.4,0.0,1200.0,True,True,True,True,True,True,True,True,True,True,True,True,True,True,True,True,False,False,False,False,False,False,False,False
872820,STATE_PREFLIGHT,12.4,5.0,10.0,45.0,0.0,0.0,9.81,0.1,0.2,0.3,12.3,45.6,78.9,101.325,25.0,0.0,0.0,98.1,1,46.5,6.6,1200.0,1.5,3.5,12,9.81,98.1,1198.4,0.0,1200.0,True,True,True,True,True,True,True,True,True,True,True,True,True,True,True,True,False,False,False,False,False,False,False,False
873322,STATE_PREFLIGHT,12.4,5.0,10.0,45.0,0.0,0.0,9.81,0.1,0.2,0.3,12.3,45.6,78.9,101.325,25.0,0.0,0.0,98.1,1,46.5,6.6,1200.0,1.5,3.5,12,9.81,98.1,1198.4,0.0,1200.0,True,True,True,True,True,True,True,True,True,True,True,True,True,True,True,True,False,False,False,False,False,False,False,False
873825,STATE_PREFLIGHT,12.4,5.0,10.0,45.0,0.0,0.0,9.81,0.1,0.2,0.3,12.3,45.6,78.9,101.325,25.0,0.0,0.0,98.1,1,46.5,6.6,1200.0,1.5,3.5,12,9.81,98.1,1198.4,0.0,1200.0,True,True,True,True,True,True,True,True,True,True,True,True,True,True,True,True,False,False,False,False,False,False,False,False
874328,STATE_PREFLIGHT,12.4,5.0,10.0,45.0,0.0,0.0,9.81,0.1,0.2,0.3,12.3,45.6,78.9,101.325,25.0,0.0,0.0,98.1,1,46.5,6.6,1200.0,1.5,3.5,12,9.81,98.1,1198.4,0.0,1200.0,True,True,True,True,True,True,True,True,True,True,True,True,True,True,True,True,False,False,False,False,False,False,False,False
874830,STATE_PREFLIGHT,12.4,5.0,10.0,45.0,0.0,0.0,9.81,0.1,0.2,0.3,12.3,45.6,78.9,101.325,25.0,0.0,0.0,98.1,1,46.5,6.6,1200.0,1.5,3.5,12,9.81,98.1,1198.4,0.0,1200.0,True,True,True,True,True,True,True,True,True,True,True,True,True,True,True,True,False,False,False,False,False,False,False,False
875333,STATE_PREFLIGHT,12.4,5.0,10.0,45.0,0.0,0.0,9.81,0.1,0.2,0.3,12.3,45.6,78.9,101.325,25.0,0.0,0.0,98.1,1,46.5,6.6,1200.0,1.5,3.5,12,9.81,98.1,1198.4,0.0,1200.0,True,True,True,True,True,True,True,True,True,True,True,True,True,True,True,True,False,False,False,False,False,False,False,False
875834,STATE_PREFLIGHT,12.4,5.0,10.0,45.0,0.0,0.0,9.81,0.1,0.2,0.3,12.3,45.6,78.9,101.325,25.0,0.0,0.0,98.1,1,46.5,6.6,1200.0,1.5,3.5,12,9.81,98.1,1198.4,0.0,1200.0,True,True,True,True,True,True,True,True,True,True,True,True,True,True,True,True,False,False,False,False,False,False,False,False
876337,STATE_PREFLIGHT,12.4,5.0,10.0,45.0,0.0,0.0,9.81,0.1,0.2,0.3,12.3,45.6,78.9,101.325,25.0,0.0,0.0,98.1,1,46.5,6.6,1200.0,1.5,3.5,12,9.81,98.1,1198.4,0.0,1200.0,True,True,True,True,True,True,True,True,True,True,True,True,True,True,True,True,False,False,False,False,False,False,False,False
876839,STATE_PREFLIGHT,12.4,5.0,10.0,45.0,0.0,0.0,9.81,0.1,0.2,0.3,12.3,45.6,78.9,101.325,25.0,0.0,0.0,98.1,1,46.5,6.6,1200.0,1.5,3.5,12,9.81,98.1,1198.4,0.0,1200.0,True,True,True,True,True,True,True,True,True,True,True,True,True,True,True,True,False,False,False,False,False,False,False,False
877342,STATE_PREFLIGHT,12.4,5.0,10.0,45.0,0.0,0.0,9.81,0.1,0.2,0.3,12.3,45.6,78.9,101.325,25.0,0.0,0.0,98.1,1,46.5,6.6,1200.0,1.5,3.5,12,9.81,98.1,1198.4,0.0,1200.0,True,True,True,True,True,True,True,True,True,True,True,True,True,True,True,True,False,False,False,False,False,False,False,False
877844,STATE_PREFLIGHT,12.4,5.0,10.0,45.0,0.0,0.0,9.81,0.1,0.2,0.3,12.3,45.6,78.9,101.325,25.0,0.0,0.0,98.1,1,46.5,6.6,1200.0,1.5,3.5,12,9.81,98.1,1198.4,0.0,1200.0,True,True,True,True,True,True,True,True,True,True,True,True,True,True,True,True,False,False,False,False,False,False,False,False
878348,STATE_PREFLIGHT,12.4,5.0,10.0,45.0,0.0,0.0,9.81,0.1,0.2,0.3,12.3,45.6,78.9,101.325,25.0,0.0,0.0,98.1,1,46.5,6.6,1200.0,1.5,3.5,12,9.81,98.1,1198.4,0.0,1200.0,True,True,True,True,True,True,True,True,True,True,True,True,True,True,True,True,False,False,False,False,False,False,False,False
878850,STATE_PREFLIGHT,12.4,5.0,10.0,45.0,0.0,0.0,9.81,0.1,0.2,0.3,12.3,45.6,78.9,101.325,25.0,0.0,0.0,98.1,1,46.5,6.6,1200.0,1.5,3.5,12,9.81,98.1,1198.4,0.0,1200.0,True,True,True,True,True,True,True,True,True,True,True,True,True,True,True,True,False,False,False,False,False,False,False,False
879352,STATE_PREFLIGHT,12.4,5.0,10.0,45.0,0.0,0.0,9.81,0.1,0.2,0.3,12.3,45.6,78.9,101.325,25.0,0.0,0.0,98.1,1,46.5,6.6,1200.0,1.5,3.5,12,9.81,98.1,1198.4,0.0,1200.0,True,True,True,True,True,True,True,True,True,True,True,True,True,True,True,True,False,False,False,False,False,False,False,False
879854,STATE_PREFLIGHT,12.4,5.0,10.0,45.0,0.0,0.0,9.81,0.1,0.2,0.3,12.3,45.6,78.9,101.325,25.0,0.0,0.0,98.1,1,46.5,6.6,1200.0,1.5,3.5,12,9.81,98.1,1198.4,0.0,1200.0,True,True,True,True,True,True,True,True,True,True,True,True,True,True,True,True,False,False,False,False,False,False,False,False
880356,STATE_PREFLIGHT,12.4,5.0,10.0,45.0,0.0,0.0,9.81,0.1,0.2,0.3,12.3,45.6,78.9,101.325,25.0,0.0,0.0,98.1,1,46.5,6.6,1200.0,1.5,3.5,12,9.81,98.1,1198.4,0.0,1200.0,True,True,True,True,True,True,True,True,True,True,True,True,True,True,True,True,False,False,False,False,False,False,False,False
880858,STATE_PREFLIGHT,12.4,5.0,10.0,45.0,0.0,0.0,9.81,0.1,0.2,0.3,12.3,45.6,78.9,101.325,25.0,0.0,0.0,98.1,1,46.5,6.6,1200.0,1.5,3.5,12,9.81,98.1,1198.4,0.0,1200.0,True,True,True,True,True,True,True,True,True,True,True,True,True,True,True,True,False,False,False,False,False,False,False,False
881360,STATE_PREFLIGHT,12.4,5.0,10.0,45.0,0.0,0.0,9.81,0.1,0.2,0.3,12.3,45.6,78.9,101.325,25.0,0.0,0.0,98.1,1,46.5,6.6,1200.0,1.5,3.5,12,9.81,98.1,1198.4,0.0,1200.0,True,True,True,True,True,True,True,True,True,True,True,True,True,True,True,True,False,False,False,False,False,False,False,False
881862,STATE_PREFLIGHT,12.4,5.0,10.0,45.0,0.0,0.0,9.81,0.1,0.2,0.3,12.3,45.6,78.9,101.325,25.0,0.0,0.0,98.1,1,46.5,6.6,1200.0,1.5,3.5,12,9.81,98.1,1198.4,0.0,1200.0,True,True,True,True,True,True,True,True,True,True,True,True,True,True,True,True,False,False,False,False,False,False,False,False
882364,STATE_PREFLIGHT,12.4,5.0,10.0,45.0,0.0,0.0,9.81,0.1,0.2,0.3,12.3,45.6,78.9,101.325,25.0,0.0,0.0,98.1,1,46.5,6.6,1200.0,1.5,3.5,12,9.81,98.1,1198.4,0.0,1200.0,True,True,True,True,True,True,True,True,True,True,True,True,True,True,True,True,False,False,False,False,False,False,False,False
882865,STATE_PREFLIGHT,12.4,5.0,10.0,45.0,0.0,0.0,9.81,0.1,0.2,0.3,12.3,45.6,78.9,101.325,25.0,0.0,0.0,98.1,1,46.5,6.6,1200.0,1.5,3.5,12,9.81,98.1,1198.4,0.0,1200.0,True,True,True,True,True,True,True,True,True,True,True,True,True,True,True,True,False,False,False,False,False,False,False,False
883367,STATE_PREFLIGHT,12.4,5.0,10.0,45.0,0.0,0.0,9.81,0.1,0.2,0.3,12.3,45.6,78.9,101.325,25.0,0.0,0.0,98.1,1,46.5,6.6,1200.0,1.5,3.5,12,9.81,98.1,1198.4,0.0,1200.0,True,True,True,True,True,True,True,True,True,True,True,True,True,True,True,True,False,False,False,False,False,False,False,False
883869,STATE_PREFLIGHT,12.4,5.0,10.0,45.0,0.0,0.0,9.81,0.1,0.2,0.3,12.3,45.6,78.9,101.325,25.0,0.0,0.0,98.1,1,46.5,6.6,1200.0,1.5,3.5,12,9.81,98.1,1198.4,0.0,1200.0,True,True,True,True,True,True,True,True,True,True,True,True,True,True,True,True,False,False,False,False,False,False,False,False
884371,STATE_PREFLIGHT,12.4,5.0,10.0,45.0,0.0,0.0,9.81,0.1,0.2,0.3,12.3,45.6,78.9,101.325,25.0,0.0,0.0,98.1,1,46.5,6.6,1200.0,1.5,3.5,12,9.81,98.1,1198.4,0.0,1200.0,True,True,True,True,True,True,True,True,True,True,True,True,True,True,True,True,False,False,False,False,False,False,False,False
884872,STATE_PREFLIGHT,12.4,5.0,10.0,45.0,0.0,0.0,9.81,0.1,0.2,0.3,12.3,45.6,78.9,101.325,25.0,0.0,0.0,98.1,1,46.5,6.6,1200.0,1.5,3.5,12,9.81,98.1,1198.4,0.0,1200.0,True,True,True,True,True,True,True,True,True,True,True,True,True,True,True,True,False,False,False,False,False,False,False,False
885374,STATE_PREFLIGHT,12.4,5.0,10.0,45.0,0.0,0.0,9.81,0.1,0.2,0.3,12.3,45.6,78.9,101.325,25.0,0.0,0.0,98.1,1,46.5,6.6,1200.0,1.5,3.5,12,9.81,98.1,1198.4,0.0,1200.0,True,True,True,True,True,True,True,True,True,True,True,True,True,True,True,True,False,False,False,False,False,False,False,False
885876,STATE_PREFLIGHT,12.4,5.0,10.0,45.0,0.0,0.0,9.81,0.1,0.2,0.3,12.3,45.6,78.9,101.325,25.0,0.0,0.0,98.1,1,46.5,6.6,1200.0,1.5,3.5,12,9.81,98.1,1198.4,0.0,1200.0,True,True,True,True,True,True,True,True,True,True,True,True,True,True,True,True,False,False,False,False,False,False,False,False
886377,STATE_PREFLIGHT,12.4,5.0,10.0,45.0,0.0,0.0,9.81,0.1,0.2,0.3,12.3,45.6,78.9,101.325,25.0,0.0,0.0,98.1,1,46.5,6.6,1200.0,1.5,3.5,12,9.81,98.1,1198.4,0.0,1200.0,True,True,True,True,True,True,True,True,True,True,True,True,True,True,True,True,False,False,False,False,False,False,False,False
886879,STATE_PREFLIGHT,12.4,5.0,10.0,45.0,0.0,0.0,9.81,0.1,0.2,0.3,12.3,45.6,78.9,101.325,25.0,0.0,0.0,98.1,1,46.5,6.6,1200.0,1.5,3.5,12,9.81,98.1,1198.4,0.0,1200.0,True,True,True,True,True,True,True,True,True,True,True,True,True,True,True,True,False,False,False,False,False,False,False,False
887381,STATE_PREFLIGHT,12.4,5.0,10.0,45.0,0.0,0.0,9.81,0.1,0.2,0.3,12.3,45.6,78.9,101.325,25.0,0.0,0.0,98.1,1,46.5,6.6,1200.0,1.5,3.5,12,9.81,98.1,1198.4,0.0,1200.0,True,True,True,True,True,True,True,True,True,True,True,True,True,True,True,True,False,False,False,False,False,False,False,False
887883,STATE_PREFLIGHT,12.4,5.0,10.0,45.0,0.0,0.0,9.81,0.1,0.2,0.3,12.3,45.6,78.9,101.325,25.0,0.0,0.0,98.1,1,46.5,6.6,1200.0,1.5,3.5,12,9.81,98.1,1198.4,0.0,1200.0,True,True,True,True,True,True,True,True,True,True,True,True,True,True,True,True,False,False,False,False,False,False,False,False
888388,STATE_PREFLIGHT,12.4,5.0,10.0,45.0,0.0,0.0,9.81,0.1,0.2,0.3,12.3,45.6,78.9,101.325,25.0,0.0,0.0,98.1,1,46.5,6.6,1200.0,1.5,3.5,12,9.81,98.1,1198.4,0.0,1200.0,True,True,True,True,True,True,True,True,True,True,True,True,True,True,True,True,False,False,False,False,False,False,False,False
888891,STATE_PREFLIGHT,12.4,5.0,10.0,45.0,0.0,0.0,9.81,0.1,0.2,0.3,12.3,45.6,78.9,101.325,25.0,0.0,0.0,98.1,1,46.5,6.6,1200.0,1.5,3.5,12,9.81,98.1,1198.4,0.0,1200.0,True,True,True,True,True,True,True,True,True,True,True,True,True,True,True,True,False,False,False,False,False,False,False,False
889397,STATE_PREFLIGHT,12.4,5.0,10.0,45.0,0.0,0.0,9.81,0.1,0.2,0.3,12.3,45.6,78.9,101.325,25.0,0.0,0.0,98.1,1,46.5,6.6,1200.0,1.5,3.5,12,9.81,98.1,1198.4,0.0,1200.0,True,True,True,True,True,True,True,True,True,True,True,True,True,True,True,True,False,False,False,False,False,False,False,False
889898,STATE_PREFLIGHT,12.4,5.0,10.0,45.0,0.0,0.0,9.81,0.1,0.2,0.3,12.3,45.6,78.9,101.325,25.0,0.0,0.0,98.1,1,46.5,6.6,1200.0,1.5,3.5,12,9.81,98.1,1198.4,0.0,1200.0,True,True,True,True,True,True,True,True,True,True,True,True,True,True,True,True,False,False,False,False,False,False,False,False
890400,STATE_PREFLIGHT,12.4,5.0,10.0,45.0,0.0,0.0,9.81,0.1,0.2,0.3,12.3,45.6,78.9,101.325,25.0,0.0,0.0,98.1,1,46.5,6.6,1200.0,1.5,3.5,12,9.81,98.1,1198.4,0.0,1200.0,True,True,True,True,True,True,True,True,True,True,True,True,True,True,True,True,False,False,False,False,False,False,False,False
890902,STATE_PREFLIGHT,12.4,5.0,10.0,45.0,0.0,0.0,9.81,0.1,0.2,0.3,12.3,45.6,78.9,101.325,25.0,0.0,0.0,98.1,1,46.5,6.6,1200.0,1.5,3.5,12,9.81,98.1,1198.4,0.0,1200.0,True,True,True,True,True,True,True,True,True,True,True,True,True,True,True,True,False,False,False,False,False,False,False,False
891403,STATE_PREFLIGHT,12.4,5.0,10.0,45.0,0.0,0.0,9.81,0.1,0.2,0.3,12.3,45.6,78.9,101.325,25.0,0.0,0.0,98.1,1,46.5,6.6,1200.0,1.5,3.5,12,9.81,98.1,1198.4,0.0,1200.0,True,True,True,True,True,True,True,True,True,True,True,True,True,True,True,True,False,False,False,False,False,False,False,False
891905,STATE_PREFLIGHT,12.4,5.0,10.0,45.0,0.0,0.0,9.81,0.1,0.2,0.3,12.3,45.6,78.9,101.325,25.0,0.0,0.0,98.1,1,46.5,6.6,1200.0,1.5,3.5,12,9.81,98.1,1198.4,0.0,1200.0,True,True,True,True,True,True,True,True,True,True,True,True,True,True,True,True,False,False,False,False,False,False,False,False
892407,STATE_PREFLIGHT,12.4,5.0,10.0,45.0,0.0,0.0,9.81,0.1,0.2,0.3,12.3,45.6,78.9,101.325,25.0,0.0,0.0,98.1,1,46.5,6.6,1200.0,1.5,3.5,12,9.81,98.1,1198.4,0.0,1200.0,True,True,True,True,True,True,True,True,True,True,True,True,True,True,True,True,False,False,False,False,False,False,False,False
892909,STATE_PREFLIGHT,12.4,5.0,10.0,45.0,0.0,0.0,9.81,0.1,0.2,0.3,12.3,45.6,78.9,101.325,25.0,0.0,0.0,98.1,1,46.5,6.6,1200.0,1.5,3.5,12,9.81,98.1,1198.4,0.0,1200.0,True,True,True,True,True,True,True,True,True,True,True,True,True,True,True,True,False,False,False,False,False,False,False,False
893411,STATE_PREFLIGHT,12.4,5.0,10.0,45.0,0.0,0.0,9.81,0.1,0.2,0.3,12.3,45.6,78.9,101.325,25.0,0.0,0.0,98.1,1,46.5,6.6,1200.0,1.5,3.5,12,9.81,98.1,1198.4,0.0,1200.0,True,True,True,True,True,True,True,True,True,True,True,True,True,True,True,True,False,False,False,False,False,False,False,False
893913,STATE_PREFLIGHT,12.4,5.0,10.0,45.0,0.0,0.0,9.81,0.1,0.2,0.3,12.3,45.6,78.9,101.325,25.0,0.0,0.0,98.1,1,46.5,6.6,1200.0,1.5,3.5,12,9.81,98.1,1198.4,0.0,1200.0,True,True,True,True,True,True,True,True,True,True,True,True,True,True,True,True,False,False,False,False,False,False,False,False
894415,STATE_PREFLIGHT,12.4,5.0,10.0,45.0,0.0,0.0,9.81,0.1,0.2,0.3,12.3,45.6,78.9,101.325,25.0,0.0,0.0,98.1,1,46.5,6.6,1200.0,1.5,3.5,12,9.81,98.1,1198.4,0.0,1200.0,True,True,True,True,True,True,True,True,True,True,True,True,True,True,True,True,False,False,False,False,False,False,False,False
894917,STATE_PREFLIGHT,12.4,5.0,10.0,45.0,0.0,0.0,9.81,0.1,0.2,0.3,12.3,45.6,78.9,101.325,25.0,0.0,0.0,98.1,1,46.5,6.6,1200.0,1.5,3.5,12,9.81,98.1,1198.4,0.0,1200.0,True,True,True,True,True,True,True,True,True,True,True,True,True,True,True,True,False,False,False,False,False,False,False,False
895419,STATE_PREFLIGHT,12.4,5.0,10.0,45.0,0.0,0.0,9.81,0.1,0.2,0.3,12.3,45.6,78.9,101.325,25.0,0.0,0.0,98.1,1,46.5,6.6,1200.0,1.5,3.5,12,9.81,98.1,1198.4,0.0,1200.0,True,True,True,True,True,True,True,True,True,True,True,True,True,True,True,True,False,False,False,False,False,False,False,False
895922,STATE_PREFLIGHT,12.4,5.0,10.0,45.0,0.0,0.0,9.81,0.1,0.2,0.3,12.3,45.6,78.9,101.325,25.0,0.0,0.0,98.1,1,46.5,6.6,1200.0,1.5,3.5,12,9.81,98.1,1198.4,0.0,1200.0,True,True,True,True,True,True,True,True,True,True,True,True,True,True,True,True,False,False,False,False,False,False,False,False
896425,STATE_PREFLIGHT,12.4,5.0,10.0,45.0,0.0,0.0,9.81,0.1,0.2,0.3,12.3,45.6,78.9,101.325,25.0,0.0,0.0,98.1,1,46.5,6.6,1200.0,1.5,3.5,12,9.81,98.1,1198.4,0.0,1200.0,True,True,True,True,True,True,True,True,True,True,True,True,True,True,True,True,False,False,False,False,False,False,False,False
896928,STATE_PREFLIGHT,12.4,5.0,10.0,45.0,0.0,0.0,9.81,0.1,0.2,0.3,12.3,45.6,78.9,101.325,25.0,0.0,0.0,98.1,1,46.5,6.6,1200.0,1.5,3.5,12,9.81,98.1,1198.4,0.0,1200.0,True,True,True,True,True,True,True,True,True,True,True,True,True,True,True,True,False,False,False,False,False,False,False,False
897430,STATE_PREFLIGHT,12.4,5.0,10.0,45.0,0.0,0.0,9.81,0.1,0.2,0.3,12.3,45.6,78.9,101.325,25.0,0.0,0.0,98.1,1,46.5,6.6,1200.0,1.5,3.5,12,9.81,98.1,1198.4,0.0,1200.0,True,True,True,True,True,True,True,True,True,True,True,True,True,True,True,True,False,False,False,False,False,False,False,False
897933,STATE_PREFLIGHT,12.4,5.0,10.0,45.0,0.0,0.0,9.81,0.1,0.2,0.3,12.3,45.6,78.9,101.325,25.0,0.0,0.0,98.1,1,46.5,6.6,1200.0,1.5,3.5,12,9.81,98.1,1198.4,0.0,1200.0,True,True,True,True,True,True,True,True,True,True,True,True,True,True,True,True,False,False,False,False,False,False,False,False
898435,STATE_PREFLIGHT,12.4,5.0,10.0,45.0,0.0,0.0,9.81,0.1,0.2,0.3,12.3,45.6,78.9,101.325,25.0,0.0,0.0,98.1,1,46.5,6.6,1200.0,1.5,3.5,12,9.81,98.1,1198.4,0.0,1200.0,True,True,True,True,True,True,True,True,True,True,True,True,True,True,True,True,False,False,False,False,False,False,False,False
898937,STATE_PREFLIGHT,12.4,5.0,10.0,45.0,0.0,0.0,9.81,0.1,0.2,0.3,12.3,45.6,78.9,101.325,25.0,0.0,0.0,98.1,1,46.5,6.6,1200.0,1.5,3.5,12,9.81,98.1,1198.4,0.0,1200.0,True,True,True,True,True,True,True,True,True,True,True,True,True,True,True,True,False,False,False,False,False,False,False,False
899439,STATE_PREFLIGHT,12.4,5.0,10.0,45.0,0.0,0.0,9.81,0.1,0.2,0.3,12.3,45.6,78.9,101.325,25.0,0.0,0.0,98.1,1,46.5,6.6,1200.0,1.5,3.5,12,9.81,98.1,1198.4,0.0,1200.0,True,True,True,True,True,True,True,True,True,True,True,True,True,True,True,True,False,False,False,False,False,False,False,False
899941,STATE_PREFLIGHT,12.4,5.0,10.0,45.0,0.0,0.0,9.81,0.1,0.2,0.3,12.3,45.6,78.9,101.325,25.0,0.0,0.0,98.1,1,46.5,6.6,1200.0,1.5,3.5,12,9.81,98.1,1198.4,0.0,1200.0,True,True,True,True,True,True,True,True,True,True,True,True,True,True,True,True,False,False,False,False,False,False,False,False
900444,STATE_PREFLIGHT,12.4,5.0,10.0,45.0,0.0,0.0,9.81,0.1,0.2,0.3,12.3,45.6,78.9,101.325,25.0,0.0,0.0,98.1,1,46.5,6.6,1200.0,1.5,3.5,12,9.81,98.1,1198.4,0.0,1200.0,True,True,True,True,True,True,True,True,True,True,True,True,True,True,True,True,False,False,False,False,False,False,False,False
900945,STATE_PREFLIGHT,12.4,5.0,10.0,45.0,0.0,0.0,9.81,0.1,0.2,0.3,12.3,45.6,78.9,101.325,25.0,0.0,0.0,98.1,1,46.5,6.6,1200.0,1.5,3.5,12,9.81,98.1,1198.4,0.0,1200.0,True,True,True,True,True,True,True,True,True,True,True,True,True,True,True,True,False,False,False,False,False,False,False,False
901447,STATE_PREFLIGHT,12.4,5.0,10.0,45.0,0.0,0.0,9.81,0.1,0.2,0.3,12.3,45.6,78.9,101.325,25.0,0.0,0.0,98.1,1,46.5,6.6,1200.0,1.5,3.5,12,9.81,98.1,1198.4,0.0,1200.0,True,True,True,True,True,True,True,True,True,True,True,True,True,True,True,True,False,False,False,False,False,False,False,False
901949,STATE_PREFLIGHT,12.4,5.0,10.0,45.0,0.0,0.0,9.81,0.1,0.2,0.3,12.3,45.6,78.9,101.325,25.0,0.0,0.0,98.1,1,46.5,6.6,1200.0,1.5,3.5,12,9.81,98.1,1198.4,0.0,1200.0,True,True,True,True,True,True,True,True,True,True,True,True,True,True,True,True,False,False,False,False,False,False,False,False
902451,STATE_PREFLIGHT,12.4,5.0,10.0,45.0,0.0,0.0,9.81,0.1,0.2,0.3,12.3,45.6,78.9,101.325,25.0,0.0,0.0,98.1,1,46.5,6.6,1200.0,1.5,3.5,12,9.81,98.1,1198.4,0.0,1200.0,True,True,True,True,True,True,True,True,True,True,True,True,True,True,True,True,False,False,False,False,False,False,False,False
902952,STATE_PREFLIGHT,12.4,5.0,10.0,45.0,0.0,0.0,9.81,0.1,0.2,0.3,12.3,45.6,78.9,101.325,25.0,0.0,0.0,98.1,1,46.5,6.6,1200.0,1.5,3.5,12,9.81,98.1,1198.4,0.0,1200.0,True,True,True,True,True,True,True,True,True,True,True,True,True,True,True,True,False,False,False,False,False,False,False,False
903454,STATE_PREFLIGHT,12.4,5.0,10.0,45.0,0.0,0.0,9.81,0.1,0.2,0.3,12.3,45.6,78.9,101.325,25.0,0.0,0.0,98.1,1,46.5,6.6,1200.0,1.5,3.5,12,9.81,98.1,1198.4,0.0,1200.0,True,True,True,True,True,True,True,True,True,True,True,True,True,True,True,True,False,False,False,False,False,False,False,False
903955,STATE_PREFLIGHT,12.4,5.0,10.0,45.0,0.0,0.0,9.81,0.1,0.2,0.3,12.3,45.6,78.9,101.325,25.0,0.0,0.0,98.1,1,46.5,6.6,1200.0,1.5,3.5,12,9.81,98.1,1198.4,0.0,1200.0,True,True,True,True,True,True,True,True,True,True,True,True,True,True,True,True,False,False,False,False,False,False,False,False
904457,STATE_PREFLIGHT,12.4,5.0,10.0,45.0,0.0,0.0,9.81,0.1,0.2,0.3,12.3,45.6,78.9,101.325,25.0,0.0,0.0,98.1,1,46.5,6.6,1200.0,1.5,3.5,12,9.81,98.1,1198.4,0.0,1200.0,True,True,True,True,True,True,True,True,True,True,True,True,True,True,True,True,False,False,False,False,False,False,False,False
904958,STATE_PREFLIGHT,12.4,5.0,10.0,45.0,0.0,0.0,9.81,0.1,0.2,0.3,12.3,45.6,78.9,101.325,25.0,0.0,0.0,98.1,1,46.5,6.6,1200.0,1.5,3.5,12,9.81,98.1,1198.4,0.0,1200.0,True,True,True,True,True,True,True,True,True,True,True,True,True,True,True,True,False,False,False,False,False,False,False,False
905460,STATE_PREFLIGHT,12.4,5.0,10.0,45.0,0.0,0.0,9.81,0.1,0.2,0.3,12.3,45.6,78.9,101.325,25.0,0.0,0.0,98.1,1,46.5,6.6,1200.0,1.5,3.5,12,9.81,98.1,1198.4,0.0,1200.0,True,True,True,True,True,True,True,True,True,True,True,True,True,True,True,True,False,False,False,False,False,False,False,False
905961,STATE_PREFLIGHT,12.4,5.0,10.0,45.0,0.0,0.0,9.81,0.1,0.2,0.3,12.3,45.6,78.9,101.325,25.0,0.0,0.0,98.1,1,46.5,6.6,1200.0,1.5,3.5,12,9.81,98.1,1198.4,0.0,1200.0,True,True,True,True,True,True,True,True,True,True,True,True,True,True,True,True,False,False,False,False,False,False,False,False
906463,STATE_PREFLIGHT,12.4,5.0,10.0,45.0,0.0,0.0,9.81,0.1,0.2,0.3,12.3,45.6,78.9,101.325,25.0,0.0,0.0,98.1,1,46.5,6.6,1200.0,1.5,3.5,12,9.81,98.1,1198.4,0.0,1200.0,True,True,True,True,True,True,True,True,True,True,True,True,True,True,True,True,False,False,False,False,False,False,False,False
906965,STATE_PREFLIGHT,12.4,5.0,10.0,45.0,0.0,0.0,9.81,0.1,0.2,0.3,12.3,45.6,78.9,101.325,25.0,0.0,0.0,98.1,1,46.5,6.6,1200.0,1.5,3.5,12,9.81,98.1,1198.4,0.0,1200.0,True,True,True,True,True,True,True,True,True,True,True,True,True,True,True,True,False,False,False,False,False,False,False,False
907466,STATE_PREFLIGHT,12.4,5.0,10.0,45.0,0.0,0.0,9.81,0.1,0.2,0.3,12.3,45.6,78.9,101.325,25.0,0.0,0.0,98.1,1,46.5,6.6,1200.0,1.5,3.5,12,9.81,98.1,1198.4,0.0,1200.0,True,True,True,True,True,True,True,True,True,True,True,True,True,True,True,True,False,False,False,False,False,False,False,False
907968,STATE_PREFLIGHT,12.4,5.0,10.0,45.0,0.0,0.0,9.81,0.1,0.2,0.3,12.3,45.6,78.9,101.325,25.0,0.0,0.0,98.1,1,46.5,6.6,1200.0,1.5,3.5,12,9.81,98.1,1198.4,0.0,1200.0,True,True,True,True,True,True,True,True,True,True,True,True,True,True,True,True,False,False,False,False,False,False,False,False
908470,STATE_PREFLIGHT,12.4,5.0,10.0,45.0,0.0,0.0,9.81,0.1,0.2,0.3,12.3,45.6,78.9,101.325,25.0,0.0,0.0,98.1,1,46.5,6.6,1200.0,1.5,3.5,12,9.81,98.1,1198.4,0.0,1200.0,True,True,True,True,True,True,True,True,True,True,True,True,True,True,True,True,False,False,False,False,False,False,False,False
908972,STATE_PREFLIGHT,12.4,5.0,10.0,45.0,0.0,0.0,9.81,0.1,0.2,0.3,12.3,45.6,78.9,101.325,25.0,0.0,0.0,98.1,1,46.5,6.6,1200.0,1.5,3.5,12,9.81,98.1,1198.4,0.0,1200.0,True,True,True,True,True,True,True,True,True,True,True,True,True,True,True,True,False,False,False,False,False,False,False,False
909474,STATE_PREFLIGHT,12.4,5.0,10.0,45.0,0.0,0.0,9.81,0.1,0.2,0.3,12.3,45.6,78.9,101.325,25.0,0.0,0.0,98.1,1,46.5,6.6,1200.0,1.5,3.5,12,9.81,98.1,1198.4,0.0,1200.0,True,True,True,True,True,True,True,True,True,True,True,True,True,True,True,True,False,False,False,False,False,False,False,False
909975,STATE_PREFLIGHT,12.4,5.0,10.0,45.0,0.0,0.0,9.81,0.1,0.2,0.3,12.3,45.6,78.9,101.325,25.0,0.0,0.0,98.1,1,46.5,6.6,1200.0,1.5,3.5,12,9.81,98.1,1198.4,0.0,1200.0,True,True,True,True,True,True,True,True,True,True,True,True,True,True,True,True,False,False,False,False,False,False,False,False
910477,STATE_PREFLIGHT,12.4,5.0,10.0,45.0,0.0,0.0,9.81,0.1,0.2,0.3,12.3,45.6,78.9,101.325,25.0,0.0,0.0,98.1,1,46.5,6.6,1200.0,1.5,3.5,12,9.81,98.1,1198.4,0.0,1200.0,True,True,True,True,True,True,True,True,True,True,True,True,True,True,True,True,False,False,False,False,False,False,False,False
910980,STATE_PREFLIGHT,12.4,5.0,10.0,45.0,0.0,0.0,9.81,0.1,0.2,0.3,12.3,45.6,78.9,101.325,25.0,0.0,0.0,98.1,1,46.5,6.6,1200.0,1.5,3.5,12,9.81,98.1,1198.4,0.0,1200.0,True,True,True,True,True,True,True,True,True,True,True,True,True,True,True,True,False,False,False,False,False,False,False,False
911482,STATE_PREFLIGHT,12.4,5.0,10.0,45.0,0.0,0.0,9.81,0.1,0.2,0.3,12.3,45.6,78.9,101.325,25.0,0.0,0.0,98.1,1,46.5,6.6,1200.0,1.5,3.5,12,9.81,98.1,1198.4,0.0,1200.0,True,True,True,True,True,True,True,True,True,True,True,True,True,True,True,True,False,False,False,False,False,False,False,False
911983,STATE_PREFLIGHT,12.4,5.0,10.0,45.0,0.0,0.0,9.81,0.1,0.2,0.3,12.3,45.6,78.9,101.325,25.0,0.0,0.0,98.1,1,46.5,6.6,1200.0,1.5,3.5,12,9.81,98.1,1198.4,0.0,1200.0,True,True,True,True,True,True,True,True,True,True,True,True,True,True,True,True,False,False,False,False,False,False,False,False
912485,STATE_PREFLIGHT,12.4,5.0,10.0,45.0,0.0,0.0,9.81,0.1,0.2,0.3,12.3,45.6,78.9,101.325,25.0,0.0,0.0,98.1,1,46.5,6.6,1200.0,1.5,3.5,12,9.81,98.1,1198.4,0.0,1200.0,True,True,True,True,True,True,True,True,True,True,True,True,True,True,True,True,False,False,False,False,False,False,False,False
912986,STATE_PREFLIGHT,12.4,5.0,10.0,45.0,0.0,0.0,9.81,0.1,0.2,0.3,12.3,45.6,78.9,101.325,25.0,0.0,0.0,98.1,1,46.5,6.6,1200.0,1.5,3.5,12,9.81,98.1,1198.4,0.0,1200.0,True,True,True,True,True,True,True,True,True,True,True,True,True,True,True,True,False,False,False,False,False,False,False,False
913488,STATE_PREFLIGHT,12.4,5.0,10.0,45.0,0.0,0.0,9.81,0.1,0.2,0.3,12.3,45.6,78.9,101.325,25.0,0.0,0.0,98.1,1,46.5,6.6,1200.0,1.5,3.5,12,9.81,98.1,1198.4,0.0,1200.0,True,True,True,True,True,True,True,True,True,True,True,True,True,True,True,True,False,False,False,False,False,False,False,False
913989,STATE_PREFLIGHT,12.4,5.0,10.0,45.0,0.0,0.0,9.81,0.1,0.2,0.3,12.3,45.6,78.9,101.325,25.0,0.0,0.0,98.1,1,46.5,6.6,1200.0,1.5,3.5,12,9.81,98.1,1198.4,0.0,1200.0,True,True,True,True,True,True,True,True,True,True,True,True,True,True,True,True,False,False,False,False,False,False,False,False
914491,STATE_PREFLIGHT,12.4,5.0,10.0,45.0,0.0,0.0,9.81,0.1,0.2,0.3,12.3,45.6,78.9,101.325,25.0,0.0,0.0,98.1,1,46.5,6.6,1200.0,1.5,3.5,12,9.81,98.1,1198.4,0.0,1200.0,True,True,True,True,True,True,True,True,True,True,True,True,True,True,True,True,False,False,False,False,False,False,False,False
914992,STATE_PREFLIGHT,12.4,5.0,10.0,45.0,0.0,0.0,9.81,0.1,0.2,0.3,12.3,45.6,78.9,101.325,25.0,0.0,0.0,98.1,1,46.5,6.6,1200.0,1.5,3.5,12,9.81,98.1,1198.4,0.0,1200.0,True,True,True,True,True,True,True,True,True,True,True,True,True,True,True,True,False,False,False,False,False,False,False,False
915494,STATE_PREFLIGHT,12.4,5.0,10.0,45.0,0.0,0.0,9.81,0.1,0.2,0.3,12.3,45.6,78.9,101.325,25.0,0.0,0.0,98.1,1,46.5,6.6,1200.0,1.5,3.5,12,9.81,98.1,1198.4,0.0,1200.0,True,True,True,True,True,True,True,True,True,True,True,True,True,True,True,True,False,False,False,False,False,False,False,False
915995,STATE_PREFLIGHT,12.4,5.0,10.0,45.0,0.0,0.0,9.81,0.1,0.2,0.3,12.3,45.6,78.9,101.325,25.0,0.0,0.0,98.1,1,46.5,6.6,1200.0,1.5,3.5,12,9.81,98.1,1198.4,0.0,1200.0,True,True,True,True,True,True,True,True,True,True,True,True,True,True,True,True,False,False,False,False,False,False,False,False
916497,STATE_PREFLIGHT,12.4,5.0,10.0,45.0,0.0,0.0,9.81,0.1,0.2,0.3,12.3,45.6,78.9,101.325,25.0,0.0,0.0,98.1,1,46.5,6.6,1200.0,1.5,3.5,12,9.81,98.1,1198.4,0.0,1200.0,True,True,True,True,True,True,True,True,True,True,True,True,True,True,True,True,False,False,False,False,False,False,False,False
916999,STATE_PREFLIGHT,12.4,5.0,10.0,45.0,0.0,0.0,9.81,0.1,0.2,0.3,12.3,45.6,78.9,101.325,25.0,0.0,0.0,98.1,1,46.5,6.6,1200.0,1.5,3.5,12,9.81,98.1,1198.4,0.0,1200.0,True,True,True,True,True,True,True,True,True,True,True,True,True,True,True,True,False,False,False,False,False,False,False,False
917500,STATE_PREFLIGHT,12.4,5.0,10.0,45.0,0.0,0.0,9.81,0.1,0.2,0.3,12.3,45.6,78.9,101.325,25.0,0.0,0.0,98.1,1,46.5,6.6,1200.0,1.5,3.5,12,9.81,98.1,1198.4,0.0,1200.0,True,True,True,True,True,True,True,True,True,True,True,True,True,True,True,True,False,False,False,False,False,False,False,False
918002,STATE_PREFLIGHT,12.4,5.0,10.0,45.0,0.0,0.0,9.81,0.1,0.2,0.3,12.3,45.6,78.9,101.325,25.0,0.0,0.0,98.1,1,46.5,6.6,1200.0,1.5,3.5,12,9.81,98.1,1198.4,0.0,1200.0,True,True,True,True,True,True,True,True,True,True,True,True,True,True,True,True,False,False,False,False,False,False,False,False
918512,STATE_PREFLIGHT,12.4,5.0,10.0,45.0,0.0,0.0,9.81,0.1,0.2,0.3,12.3,45.6,78.9,101.325,25.0,0.0,0.0,98.1,1,46.5,6.6,1200.0,1.5,3.5,12,9.81,98.1,1198.4,0.0,1200.0,True,True,True,True,True,True,True,True,True,True,True,True,True,True,True,True,False,False,False,False,False,False,False,False
919014,STATE_PREFLIGHT,12.4,5.0,10.0,45.0,0.0,0.0,9.81,0.1,0.2,0.3,12.3,45.6,78.9,101.325,25.0,0.0,0.0,98.1,1,46.5,6.6,1200.0,1.5,3.5,12,9.81,98.1,1198.4,0.0,1200.0,True,True,True,True,True,True,True,True,True,True,True,True,True,True,True,True,False,False,False,False,False,False,False,False
919516,STATE_PREFLIGHT,12.4,5.0,10.0,45.0,0.0,0.0,9.81,0.1,0.2,0.3,12.3,45.6,78.9,101.325,25.0,0.0,0.0,98.1,1,46.5,6.6,1200.0,1.5,3.5,12,9.81,98.1,1198.4,0.0,1200.0,True,True,True,True,True,True,True,True,True,True,True,True,True,True,True,True,False,False,False,False,False,False,False,False
920020,STATE_PREFLIGHT,12.4,5.0,10.0,45.0,0.0,0.0,9.81,0.1,0.2,0.3,12.3,45.6,78.9,101.325,25.0,0.0,0.0,98.1,1,46.5,6.6,1200.0,1.5,3.5,12,9.81,98.1,1198.4,0.0,1200.0,True,True,True,True,True,True,True,True,True,True,True,True,True,True,True,True,False,False,False,False,False,False,False,False
920523,STATE_PREFLIGHT,12.4,5.0,10.0,45.0,0.0,0.0,9.81,0.1,0.2,0.3,12.3,45.6,78.9,101.325,25.0,0.0,0.0,98.1,1,46.5,6.6,1200.0,1.5,3.5,12,9.81,98.1,1198.4,0.0,1200.0,True,True,True,True,True,True,True,True,True,True,True,True,True,True,True,True,False,False,False,False,False,False,False,False
921025,STATE_PREFLIGHT,12.4,5.0,10.0,45.0,0.0,0.0,9.81,0.1,0.2,0.3,12.3,45.6,78.9,101.325,25.0,0.0,0.0,98.1,1,46.5,6.6,1200.0,1.5,3.5,12,9.81,98.1,1198.4,0.0,1200.0,True,True,True,True,True,True,True,True,True,True,True,True,True,True,True,True,False,False,False,False,False,False,False,False
921527,STATE_PREFLIGHT,12.4,5.0,10.0,45.0,0.0,0.0,9.81,0.1,0.2,0.3,12.3,45.6,78.9,101.325,25.0,0.0,0.0,98.1,1,46.5,6.6,1200.0,1.5,3.5,12,9.81,98.1,1198.4,0.0,1200.0,True,True,True,True,True,True,True,True,True,True,True,True,True,True,True,True,False,False,False,False,False,False,False,False
922030,STATE_PREFLIGHT,12.4,5.0,10.0,45.0,0.0,0.0,9.81,0.1,0.2,0.3,12.3,45.6,78.9,101.325,25.0,0.0,0.0,98.1,1,46.5,6.6,1200.0,1.5,3.5,12,9.81,98.1,1198.4,0.0,1200.0,True,True,True,True,True,True,True,True,True,True,True,True,True,True,True,True,False,False,False,False,False,False,False,False
922532,STATE_PREFLIGHT,12.4,5.0,10.0,45.0,0.0,0.0,9.81,0.1,0.2,0.3,12.3,45.6,78.9,101.325,25.0,0.0,0.0,98.1,1,46.5,6.6,1200.0,1.5,3.5,12,9.81,98.1,1198.4,0.0,1200.0,True,True,True,True,True,True,True,True,True,True,True,True,True,True,True,True,False,False,False,False,False,False,False,False
923034,STATE_PREFLIGHT,12.4,5.0,10.0,45.0,0.0,0.0,9.81,0.1,0.2,0.3,12.3,45.6,78.9,101.325,25.0,0.0,0.0,98.1,1,46.5,6.6,1200.0,1.5,3.5,12,9.81,98.1,1198.4,0.0,1200.0,True,True,True,True,True,True,True,True,True,True,True,True,True,True,True,True,False,False,False,False,False,False,False,False
923536,STATE_PREFLIGHT,12.4,5.0,10.0,45.0,0.0,0.0,9.81,0.1,0.2,0.3,12.3,45.6,78.9,101.325,25.0,0.0,0.0,98.1,1,46.5,6.6,1200.0,1.5,3.5,12,9.81,98.1,1198.4,0.0,1200.0,True,True,True,True,True,True,True,True,True,True,True,True,True,True,True,True,False,False,False,False,False,False,False,False
924037,STATE_PREFLIGHT,12.4,5.0,10.0,45.0,0.0,0.0,9.81,0.1,0.2,0.3,12.3,45.6,78.9,101.325,25.0,0.0,0.0,98.1,1,46.5,6.6,1200.0,1.5,3.5,12,9.81,98.1,1198.4,0.0,1200.0,True,True,True,True,True,True,True,True,True,True,True,True,True,True,True,True,False,False,False,False,False,False,False,False
924539,STATE_PREFLIGHT,12.4,5.0,10.0,45.0,0.0,0.0,9.81,0.1,0.2,0.3,12.3,45.6,78.9,101.325,25.0,0.0,0.0,98.1,1,46.5,6.6,1200.0,1.5,3.5,12,9.81,98.1,1198.4,0.0,1200.0,True,True,True,True,True,True,True,True,True,True,True,True,True,True,True,True,False,False,False,False,False,False,False,False
