time_boot_ms,mission_state,battery_mv,roll,pitch,yaw,imu_acc_x,imu_acc_y,imu_acc_z,imu_gyro_x,imu_gyro_y,imu_gyro_z,imu_mag_x,imu_mag_y,imu_mag_z,pressure_hpa,temp_celsius,highg_acc_x,highg_acc_y,highg_acc_z,gps_fix,lat,lon,gps_alt,vel,cog,satellites_nb,imu_acc_vertical,highg_acc_vertical,kalman_z,kalman_v,altitude_msl_m,FLAG_IDEFIX_OK,FLAG_BT_OK,FLAG_FLASH_OK,FLAG_SD_OK,FLAG_TEMP_OK,FLAG_HIGHG_OK,FLAG_GPS_OK,FLAG_BARO_OK,FLAG_IMU_OK,FLAG_RADIO_OK,FLAG_PYROS_ARMED_OK,FLAG_PYRO1_CONN,FLAG_PYRO2_CONN,FLAG_PYRO3_CONN,FLAG_PYRO4_CONN,FLAG_PYRO1_FIRED,FLAG_PYRO2_FIRED,FLAG_PYRO3_FIRED,FLAG_PYRO4_FIRED,FLAG_APOGEE_DETECTED,FLAG_MAIN_DEPLOYED,FLAG_DROGUE_DEPLOYED,FLAG_MACH_LOCK_ENABLED
601691670,STATE_PREFLIGHT,12.4,0.05,0.1,0.45,0.0,0.0,0.09810000419616699,0.0010000000149011613,0.0020000000298023225,0.0030000001192092896,0.12300000190734864,0.45599998474121095,0.789000015258789,980.5,25.0,0.0,0.0,0.980999984741211,1,46.5,6.6,1200.0,1.5,3.5,12,9.8100004196167,98.0999984741211,11.984000244140624,0.0,1200.0,True,True,True,True,True,True,True,True,True,True,True,True,True,True,True,True,False,False,False,False,False,False,False
601692180,STATE_PREFLIGHT,12.4,0.05,0.1,0.45,0.0,0.0,0.09810000419616699,0.0010000000149011613,0.0020000000298023225,0.0030000001192092896,0.12300000190734864,0.45599998474121095,0.789000015258789,980.5,25.0,0.0,0.0,0.980999984741211,1,46.5,6.6,1200.0,1.5,3.5,12,9.8100004196167,98.0999984741211,11.984000244140624,0.0,1200.0,True,True,True,True,True,True,True,True,True,True,True,True,True,True,True,True,False,False,False,False,False,False,False
601692687,STATE_PREFLIGHT,12.4,0.05,0.1,0.45,0.0,0.0,0.09810000419616699,0.0010000000149011613,0.0020000000298023225,0.0030000001192092896,0.12300000190734864,0.45599998474121095,0.789000015258789,980.5,25.0,0.0,0.0,0.980999984741211,1,46.5,6.6,1200.0,1.5,3.5,12,9.8100004196167,98.0999984741211,11.984000244140624,0.0,1200.0,True,True,True,True,True,True,True,True,True,True,True,True,True,True,True,True,False,False,False,False,False,False,False
601693197,STATE_PREFLIGHT,12.4,0.05,0.1,0.45,0.0,0.0,0.09810000419616699,0.0010000000149011613,0.0020000000298023225,0.0030000001192092896,0.12300000190734864,0.45599998474121095,0.789000015258789,980.5,25.0,0.0,0.0,0.980999984741211,1,46.5,6.6,1200.0,1.5,3.5,12,9.8100004196167,98.0999984741211,11.984000244140624,0.0,1200.0,True,True,True,True,True,True,True,True,True,True,True,True,True,True,True,True,False,False,False,False,False,False,False
601693707,STATE_PREFLIGHT,12.4,0.05,0.1,0.45,0.0,0.0,0.09810000419616699,0.0010000000149011613,0.0020000000298023225,0.0030000001192092896,0.12300000190734864,0.45599998474121095,0.789000015258789,980.5,25.0,0.0,0.0,0.980999984741211,1,46.5,6.6,1200.0,1.5,3.5,12,9.8100004196167,98.0999984741211,11.984000244140624,0.0,1200.0,True,True,True,True,True,True,True,True,True,True,True,True,True,True,True,True,False,False,False,False,False,False,False
601694211,STATE_PREFLIGHT,12.4,0.05,0.1,0.45,0.0,0.0,0.09810000419616699,0.0010000000149011613,0.0020000000298023225,0.0030000001192092896,0.12300000190734864,0.45599998474121095,0.789000015258789,980.5,25.0,0.0,0.0,0.980999984741211,1,46.5,6.6,1200.0,1.5,3.5,12,9.8100004196167,98.0999984741211,11.984000244140624,0.0,1200.0,True,True,True,True,True,True,True,True,True,True,True,True,True,True,True,True,False,False,False,False,False,False,False
601694714,STATE_PREFLIGHT,12.4,0.05,0.1,0.45,0.0,0.0,0.09810000419616699,0.0010000000149011613,0.0020000000298023225,0.0030000001192092896,0.12300000190734864,0.45599998474121095,0.789000015258789,980.5,25.0,0.0,0.0,0.980999984741211,1,46.5,6.6,1200.0,1.5,3.5,12,9.8100004196167,98.0999984741211,11.984000244140624,0.0,1200.0,True,True,True,True,True,True,True,True,True,True,True,True,True,True,True,True,False,False,False,False,False,False,False
601695225,STATE_PREFLIGHT,12.4,0.05,0.1,0.45,0.0,0.0,0.09810000419616699,0.0010000000149011613,0.0020000000298023225,0.0030000001192092896,0.12300000190734864,0.45599998474121095,0.789000015258789,980.5,25.0,0.0,0.0,0.980999984741211,1,46.5,6.6,1200.0,1.5,3.5,12,9.8100004196167,98.0999984741211,11.984000244140624,0.0,1200.0,True,True,True,True,True,True,True,True,True,True,True,True,True,True,True,True,False,False,False,False,False,False,False
601695733,STATE_PREFLIGHT,12.4,0.05,0.1,0.45,0.0,0.0,0.09810000419616699,0.0010000000149011613,0.0020000000298023225,0.0030000001192092896,0.12300000190734864,0.45599998474121095,0.789000015258789,980.5,25.0,0.0,0.0,0.980999984741211,1,46.5,6.6,1200.0,1.5,3.5,12,9.8100004196167,98.0999984741211,11.984000244140624,0.0,1200.0,True,True,True,True,True,True,True,True,True,True,True,True,True,True,True,True,False,False,False,False,False,False,False
601696243,STATE_PREFLIGHT,12.4,0.05,0.1,0.45,0.0,0.0,0.09810000419616699,0.0010000000149011613,0.0020000000298023225,0.0030000001192092896,0.12300000190734864,0.45599998474121095,0.789000015258789,980.5,25.0,0.0,0.0,0.980999984741211,1,46.5,6.6,1200.0,1.5,3.5,12,9.8100004196167,98.0999984741211,11.984000244140624,0.0,1200.0,True,True,True,True,True,True,True,True,True,True,True,True,True,True,True,True,False,False,False,False,False,False,False
601696752,STATE_PREFLIGHT,12.4,0.05,0.1,0.45,0.0,0.0,0.09810000419616699,0.0010000000149011613,0.0020000000298023225,0.0030000001192092896,0.12300000190734864,0.45599998474121095,0.789000015258789,980.5,25.0,0.0,0.0,0.980999984741211,1,46.5,6.6,1200.0,1.5,3.5,12,9.8100004196167,98.0999984741211,11.984000244140624,0.0,1200.0,True,True,True,True,True,True,True,True,True,True,True,True,True,True,True,True,False,False,False,False,False,False,False
601697259,STATE_PREFLIGHT,12.4,0.05,0.1,0.45,0.0,0.0,0.09810000419616699,0.0010000000149011613,0.0020000000298023225,0.0030000001192092896,0.12300000190734864,0.45599998474121095,0.789000015258789,980.5,25.0,0.0,0.0,0.980999984741211,1,46.5,6.6,1200.0,1.5,3.5,12,9.8100004196167,98.0999984741211,11.984000244140624,0.0,1200.0,True,True,True,True,True,True,True,True,True,True,True,True,True,True,True,True,False,False,False,False,False,False,False
601697770,STATE_PREFLIGHT,12.4,0.05,0.1,0.45,0.0,0.0,0.09810000419616699,0.0010000000149011613,0.0020000000298023225,0.0030000001192092896,0.12300000190734864,0.45599998474121095,0.789000015258789,980.5,25.0,0.0,0.0,0.980999984741211,1,46.5,6.6,1200.0,1.5,3.5,12,9.8100004196167,98.0999984741211,11.984000244140624,0.0,1200.0,True,True,True,True,True,True,True,True,True,True,True,True,True,True,True,True,False,False,False,False,False,False,False
601698311,STATE_PREFLIGHT,12.4,0.05,0.1,0.45,0.0,0.0,0.09810000419616699,0.0010000000149011613,0.0020000000298023225,0.0030000001192092896,0.12300000190734864,0.45599998474121095,0.789000015258789,980.5,25.0,0.0,0.0,0.980999984741211,1,46.5,6.6,1200.0,1.5,3.5,12,9.8100004196167,98.0999984741211,11.984000244140624,0.0,1200.0,True,True,True,True,True,True,True,True,True,True,True,True,True,True,True,True,False,False,False,False,False,False,False
601698820,STATE_PREFLIGHT,12.4,0.05,0.1,0.45,0.0,0.0,0.09810000419616699,0.0010000000149011613,0.0020000000298023225,0.0030000001192092896,0.12300000190734864,0.45599998474121095,0.789000015258789,980.5,25.0,0.0,0.0,0.980999984741211,1,46.5,6.6,1200.0,1.5,3.5,12,9.8100004196167,98.0999984741211,11.984000244140624,0.0,1200.0,True,True,True,True,True,True,True,True,True,True,True,True,True,True,True,True,False,False,False,False,False,False,False
601699331,STATE_PREFLIGHT,12.4,0.05,0.1,0.45,0.0,0.0,0.09810000419616699,0.0010000000149011613,0.0020000000298023225,0.0030000001192092896,0.12300000190734864,0.45599998474121095,0.789000015258789,980.5,25.0,0.0,0.0,0.980999984741211,1,46.5,6.6,1200.0,1.5,3.5,12,9.8100004196167,98.0999984741211,11.984000244140624,0.0,1200.0,True,True,True,True,True,True,True,True,True,True,True,True,True,True,True,True,False,False,False,False,False,False,False
601699836,STATE_PREFLIGHT,12.4,0.05,0.1,0.45,0.0,0.0,0.09810000419616699,0.0010000000149011613,0.0020000000298023225,0.0030000001192092896,0.12300000190734864,0.45599998474121095,0.789000015258789,980.5,25.0,0.0,0.0,0.980999984741211,1,46.5,6.6,1200.0,1.5,3.5,12,9.8100004196167,98.0999984741211,11.984000244140624,0.0,1200.0,True,True,True,True,True,True,True,True,True,True,True,True,True,True,True,True,False,False,False,False,False,False,False
601700344,STATE_PREFLIGHT,12.4,0.05,0.1,0.45,0.0,0.0,0.09810000419616699,0.0010000000149011613,0.0020000000298023225,0.0030000001192092896,0.12300000190734864,0.45599998474121095,0.789000015258789,980.5,25.0,0.0,0.0,0.980999984741211,1,46.5,6.6,1200.0,1.5,3.5,12,9.8100004196167,98.0999984741211,11.984000244140624,0.0,1200.0,True,True,True,True,True,True,True,True,True,True,True,True,True,True,True,True,False,False,False,False,False,False,False
601700855,STATE_PREFLIGHT,12.4,0.05,0.1,0.45,0.0,0.0,0.09810000419616699,0.0010000000149011613,0.0020000000298023225,0.0030000001192092896,0.12300000190734864,0.45599998474121095,0.789000015258789,980.5,25.0,0.0,0.0,0.980999984741211,1,46.5,6.6,1200.0,1.5,3.5,12,9.8100004196167,98.0999984741211,11.984000244140624,0.0,1200.0,True,True,True,True,True,True,True,True,True,True,True,True,True,True,True,True,False,False,False,False,False,False,False
601701364,STATE_PREFLIGHT,12.4,0.05,0.1,0.45,0.0,0.0,0.09810000419616699,0.0010000000149011613,0.0020000000298023225,0.0030000001192092896,0.12300000190734864,0.45599998474121095,0.789000015258789,980.5,25.0,0.0,0.0,0.980999984741211,1,46.5,6.6,1200.0,1.5,3.5,12,9.8100004196167,98.0999984741211,11.984000244140624,0.0,1200.0,True,True,True,True,True,True,True,True,True,True,True,True,True,True,True,True,False,False,False,False,False,False,False
601701874,STATE_PREFLIGHT,12.4,0.05,0.1,0.45,0.0,0.0,0.09810000419616699,0.0010000000149011613,0.0020000000298023225,0.0030000001192092896,0.12300000190734864,0.45599998474121095,0.789000015258789,980.5,25.0,0.0,0.0,0.980999984741211,1,46.5,6.6,1200.0,1.5,3.5,12,9.8100004196167,98.0999984741211,11.984000244140624,0.0,1200.0,True,True,True,True,True,True,True,True,True,True,True,True,True,True,True,True,False,False,False,False,False,False,False
601702380,STATE_PREFLIGHT,12.4,0.05,0.1,0.45,0.0,0.0,0.09810000419616699,0.0010000000149011613,0.0020000000298023225,0.0030000001192092896,0.12300000190734864,0.45599998474121095,0.789000015258789,980.5,25.0,0.0,0.0,0.980999984741211,1,46.5,6.6,1200.0,1.5,3.5,12,9.8100004196167,98.0999984741211,11.984000244140624,0.0,1200.0,True,True,True,True,True,True,True,True,True,True,True,True,True,True,True,True,False,False,False,False,False,False,False
601702891,STATE_PREFLIGHT,12.4,0.05,0.1,0.45,0.0,0.0,0.09810000419616699,0.0010000000149011613,0.0020000000298023225,0.0030000001192092896,0.12300000190734864,0.45599998474121095,0.789000015258789,980.5,25.0,0.0,0.0,0.980999984741211,1,46.5,6.6,1200.0,1.5,3.5,12,9.8100004196167,98.0999984741211,11.984000244140624,0.0,1200.0,True,True,True,True,True,True,True,True,True,True,True,True,True,True,True,True,False,False,False,False,False,False,False
601703399,STATE_PREFLIGHT,12.4,0.05,0.1,0.45,0.0,0.0,0.09810000419616699,0.0010000000149011613,0.0020000000298023225,0.0030000001192092896,0.12300000190734864,0.45599998474121095,0.789000015258789,980.5,25.0,0.0,0.0,0.980999984741211,1,46.5,6.6,1200.0,1.5,3.5,12,9.8100004196167,98.0999984741211,11.984000244140624,0.0,1200.0,True,True,True,True,True,True,True,True,True,True,True,True,True,True,True,True,False,False,False,False,False,False,False
601703910,STATE_PREFLIGHT,12.4,0.05,0.1,0.45,0.0,0.0,0.09810000419616699,0.0010000000149011613,0.0020000000298023225,0.0030000001192092896,0.12300000190734864,0.45599998474121095,0.789000015258789,980.5,25.0,0.0,0.0,0.980999984741211,1,46.5,6.6,1200.0,1.5,3.5,12,9.8100004196167,98.0999984741211,11.984000244140624,0.0,1200.0,True,True,True,True,True,True,True,True,True,True,True,True,True,True,True,True,False,False,False,False,False,False,False
601704420,STATE_PREFLIGHT,12.4,0.05,0.1,0.45,0.0,0.0,0.09810000419616699,0.0010000000149011613,0.0020000000298023225,0.0030000001192092896,0.12300000190734864,0.45599998474121095,0.789000015258789,980.5,25.0,0.0,0.0,0.980999984741211,1,46.5,6.6,1200.0,1.5,3.5,12,9.8100004196167,98.0999984741211,11.984000244140624,0.0,1200.0,True,True,True,True,True,True,True,True,True,True,True,True,True,True,True,True,False,False,False,False,False,False,False
601704927,STATE_PREFLIGHT,12.4,0.05,0.1,0.45,0.0,0.0,0.09810000419616699,0.0010000000149011613,0.0020000000298023225,0.0030000001192092896,0.12300000190734864,0.45599998474121095,0.789000015258789,980.5,25.0,0.0,0.0,0.980999984741211,1,46.5,6.6,1200.0,1.5,3.5,12,9.8100004196167,98.0999984741211,11.984000244140624,0.0,1200.0,True,True,True,True,True,True,True,True,True,True,True,True,True,True,True,True,False,False,False,False,False,False,False
601705435,STATE_PREFLIGHT,12.4,0.05,0.1,0.45,0.0,0.0,0.09810000419616699,0.0010000000149011613,0.0020000000298023225,0.0030000001192092896,0.12300000190734864,0.45599998474121095,0.789000015258789,980.5,25.0,0.0,0.0,0.980999984741211,1,46.5,6.6,1200.0,1.5,3.5,12,9.8100004196167,98.0999984741211,11.984000244140624,0.0,1200.0,True,True,True,True,True,True,True,True,True,True,True,True,True,True,True,True,False,False,False,False,False,False,False
601705944,STATE_PREFLIGHT,12.4,0.05,0.1,0.45,0.0,0.0,0.09810000419616699,0.0010000000149011613,0.0020000000298023225,0.0030000001192092896,0.12300000190734864,0.45599998474121095,0.789000015258789,980.5,25.0,0.0,0.0,0.980999984741211,1,46.5,6.6,1200.0,1.5,3.5,12,9.8100004196167,98.0999984741211,11.984000244140624,0.0,1200.0,True,True,True,True,True,True,True,True,True,True,True,True,True,True,True,True,False,False,False,False,False,False,False
601706455,STATE_PREFLIGHT,12.4,0.05,0.1,0.45,0.0,0.0,0.09810000419616699,0.0010000000149011613,0.0020000000298023225,0.0030000001192092896,0.12300000190734864,0.45599998474121095,0.789000015258789,980.5,25.0,0.0,0.0,0.980999984741211,1,46.5,6.6,1200.0,1.5,3.5,12,9.8100004196167,98.0999984741211,11.984000244140624,0.0,1200.0,True,True,True,True,True,True,True,True,True,True,True,True,True,True,True,True,False,False,False,False,False,False,False
601706964,STATE_PREFLIGHT,12.4,0.05,0.1,0.45,0.0,0.0,0.09810000419616699,0.0010000000149011613,0.0020000000298023225,0.0030000001192092896,0.12300000190734864,0.45599998474121095,0.789000015258789,980.5,25.0,0.0,0.0,0.980999984741211,1,46.5,6.6,1200.0,1.5,3.5,12,9.8100004196167,98.0999984741211,11.984000244140624,0.0,1200.0,True,True,True,True,True,True,True,True,True,True,True,True,True,True,True,True,False,False,False,False,False,False,False
601707470,STATE_PREFLIGHT,12.4,0.05,0.1,0.45,0.0,0.0,0.09810000419616699,0.0010000000149011613,0.0020000000298023225,0.0030000001192092896,0.12300000190734864,0.45599998474121095,0.789000015258789,980.5,25.0,0.0,0.0,0.980999984741211,1,46.5,6.6,1200.0,1.5,3.5,12,9.8100004196167,98.0999984741211,11.984000244140624,0.0,1200.0,True,True,True,True,True,True,True,True,True,True,True,True,True,True,True,True,False,False,False,False,False,False,False
601707981,STATE_PREFLIGHT,12.4,0.05,0.1,0.45,0.0,0.0,0.09810000419616699,0.0010000000149011613,0.0020000000298023225,0.0030000001192092896,0.12300000190734864,0.45599998474121095,0.789000015258789,980.5,25.0,0.0,0.0,0.980999984741211,1,46.5,6.6,1200.0,1.5,3.5,12,9.8100004196167,98.0999984741211,11.984000244140624,0.0,1200.0,True,True,True,True,True,True,True,True,True,True,True,True,True,True,True,True,False,False,False,False,False,False,False
601708489,STATE_PREFLIGHT,12.4,0.05,0.1,0.45,0.0,0.0,0.09810000419616699,0.0010000000149011613,0.0020000000298023225,0.0030000001192092896,0.12300000190734864,0.45599998474121095,0.789000015258789,980.5,25.0,0.0,0.0,0.980999984741211,1,46.5,6.6,1200.0,1.5,3.5,12,9.8100004196167,98.0999984741211,11.984000244140624,0.0,1200.0,True,True,True,True,True,True,True,True,True,True,True,True,True,True,True,True,False,False,False,False,False,False,False
601708995,STATE_PREFLIGHT,12.4,0.05,0.1,0.45,0.0,0.0,0.09810000419616699,0.0010000000149011613,0.0020000000298023225,0.0030000001192092896,0.12300000190734864,0.45599998474121095,0.789000015258789,980.5,25.0,0.0,0.0,0.980999984741211,1,46.5,6.6,1200.0,1.5,3.5,12,9.8100004196167,98.0999984741211,11.984000244140624,0.0,1200.0,True,True,True,True,True,True,True,True,True,True,True,True,True,True,True,True,False,False,False,False,False,False,False
601709506,STATE_PREFLIGHT,12.4,0.05,0.1,0.45,0.0,0.0,0.09810000419616699,0.0010000000149011613,0.0020000000298023225,0.0030000001192092896,0.12300000190734864,0.45599998474121095,0.789000015258789,980.5,25.0,0.0,0.0,0.980999984741211,1,46.5,6.6,1200.0,1.5,3.5,12,9.8100004196167,98.0999984741211,11.984000244140624,0.0,1200.0,True,True,True,True,True,True,True,True,True,True,True,True,True,True,True,True,False,False,False,False,False,False,False
601710013,STATE_PREFLIGHT,12.4,0.05,0.1,0.45,0.0,0.0,0.09810000419616699,0.0010000000149011613,0.0020000000298023225,0.0030000001192092896,0.12300000190734864,0.45599998474121095,0.789000015258789,980.5,25.0,0.0,0.0,0.980999984741211,1,46.5,6.6,1200.0,1.5,3.5,12,9.8100004196167,98.0999984741211,11.984000244140624,0.0,1200.0,True,True,True,True,True,True,True,True,True,True,True,True,True,True,True,True,False,False,False,False,False,False,False
601710520,STATE_PREFLIGHT,12.4,0.05,0.1,0.45,0.0,0.0,0.09810000419616699,0.0010000000149011613,0.0020000000298023225,0.0030000001192092896,0.12300000190734864,0.45599998474121095,0.789000015258789,980.5,25.0,0.0,0.0,0.980999984741211,1,46.5,6.6,1200.0,1.5,3.5,12,9.8100004196167,98.0999984741211,11.984000244140624,0.0,1200.0,True,True,True,True,True,True,True,True,True,True,True,True,True,True,True,True,False,False,False,False,False,False,False
601711025,STATE_PREFLIGHT,12.4,0.05,0.1,0.45,0.0,0.0,0.09810000419616699,0.0010000000149011613,0.0020000000298023225,0.0030000001192092896,0.12300000190734864,0.45599998474121095,0.789000015258789,980.5,25.0,0.0,0.0,0.980999984741211,1,46.5,6.6,1200.0,1.5,3.5,12,9.8100004196167,98.0999984741211,11.984000244140624,0.0,1200.0,True,True,True,True,True,True,True,True,True,True,True,True,True,True,True,True,False,False,False,False,False,False,False
601711533,STATE_PREFLIGHT,12.4,0.05,0.1,0.45,0.0,0.0,0.09810000419616699,0.0010000000149011613,0.0020000000298023225,0.0030000001192092896,0.12300000190734864,0.45599998474121095,0.789000015258789,980.5,25.0,0.0,0.0,0.980999984741211,1,46.5,6.6,1200.0,1.5,3.5,12,9.8100004196167,98.0999984741211,11.984000244140624,0.0,1200.0,True,True,True,True,True,True,True,True,True,True,True,True,True,True,True,True,False,False,False,False,False,False,False
601712044,STATE_PREFLIGHT,12.4,0.05,0.1,0.45,0.0,0.0,0.09810000419616699,0.0010000000149011613,0.0020000000298023225,0.0030000001192092896,0.12300000190734864,0.45599998474121095,0.789000015258789,980.5,25.0,0.0,0.0,0.980999984741211,1,46.5,6.6,1200.0,1.5,3.5,12,9.8100004196167,98.0999984741211,11.984000244140624,0.0,1200.0,True,True,True,True,True,True,True,True,True,True,True,True,True,True,True,True,False,False,False,False,False,False,False
601712554,STATE_PREFLIGHT,12.4,0.05,0.1,0.45,0.0,0.0,0.09810000419616699,0.0010000000149011613,0.0020000000298023225,0.0030000001192092896,0.12300000190734864,0.45599998474121095,0.789000015258789,980.5,25.0,0.0,0.0,0.980999984741211,1,46.5,6.6,1200.0,1.5,3.5,12,9.8100004196167,98.0999984741211,11.984000244140624,0.0,1200.0,True,True,True,True,True,True,True,True,True,True,True,True,True,True,True,True,False,False,False,False,False,False,False
601713059,STATE_PREFLIGHT,12.4,0.05,0.1,0.45,0.0,0.0,0.09810000419616699,0.0010000000149011613,0.0020000000298023225,0.0030000001192092896,0.12300000190734864,0.45599998474121095,0.789000015258789,980.5,25.0,0.0,0.0,0.980999984741211,1,46.5,6.6,1200.0,1.5,3.5,12,9.8100004196167,98.0999984741211,11.984000244140624,0.0,1200.0,True,True,True,True,True,True,True,True,True,True,True,True,True,True,True,True,False,False,False,False,False,False,False
601713565,STATE_PREFLIGHT,12.4,0.05,0.1,0.45,0.0,0.0,0.09810000419616699,0.0010000000149011613,0.0020000000298023225,0.0030000001192092896,0.12300000190734864,0.45599998474121095,0.789000015258789,980.5,25.0,0.0,0.0,0.980999984741211,1,46.5,6.6,1200.0,1.5,3.5,12,9.8100004196167,98.0999984741211,11.984000244140624,0.0,1200.0,True,True,True,True,True,True,True,True,True,True,True,True,True,True,True,True,False,False,False,False,False,False,False
0,STATE_PREFLIGHT,12.4,0.05,0.1,0.45,0.0,0.0,0.09810000419616699,0.0010000000149011613,0.0020000000298023225,0.0030000001192092896,0.12300000190734864,0.45599998474121095,0.789000015258789,980.5,25.0,0.0,0.0,0.980999984741211,1,46.5,6.6,1200.0,1.5,3.5,12,9.8100004196167,98.0999984741211,11.984000244140624,0.0,1200.0,True,True,True,True,True,True,True,True,True,True,True,True,True,True,True,True,False,False,False,False,False,False,False
514,STATE_PREFLIGHT,12.4,0.05,0.1,0.45,0.0,0.0,0.09810000419616699,0.0010000000149011613,0.0020000000298023225,0.0030000001192092896,0.12300000190734864,0.45599998474121095,0.789000015258789,980.5,25.0,0.0,0.0,0.980999984741211,1,46.5,6.6,1200.0,1.5,3.5,12,9.8100004196167,98.0999984741211,11.984000244140624,0.0,1200.0,True,True,True,True,True,True,True,True,True,True,True,True,True,True,True,True,False,False,False,False,False,False,False
1021,STATE_PREFLIGHT,12.4,0.05,0.1,0.45,0.0,0.0,0.09810000419616699,0.0010000000149011613,0.0020000000298023225,0.0030000001192092896,0.12300000190734864,0.45599998474121095,0.789000015258789,980.5,25.0,0.0,0.0,0.980999984741211,1,46.5,6.6,1200.0,1.5,3.5,12,9.8100004196167,98.0999984741211,11.984000244140624,0.0,1200.0,True,True,True,True,True,True,True,True,True,True,True,True,True,True,True,True,False,False,False,False,False,False,False
1527,STATE_PREFLIGHT,12.4,0.05,0.1,0.45,0.0,0.0,0.09810000419616699,0.0010000000149011613,0.0020000000298023225,0.0030000001192092896,0.12300000190734864,0.45599998474121095,0.789000015258789,980.5,25.0,0.0,0.0,0.980999984741211,1,46.5,6.6,1200.0,1.5,3.5,12,9.8100004196167,98.0999984741211,11.984000244140624,0.0,1200.0,True,True,True,True,True,True,True,True,True,True,True,True,True,True,True,True,False,False,False,False,False,False,False
2035,STATE_PREFLIGHT,12.4,0.05,0.1,0.45,0.0,0.0,0.09810000419616699,0.0010000000149011613,0.0020000000298023225,0.0030000001192092896,0.12300000190734864,0.45599998474121095,0.789000015258789,980.5,25.0,0.0,0.0,0.980999984741211,1,46.5,6.6,1200.0,1.5,3.5,12,9.8100004196167,98.0999984741211,11.984000244140624,0.0,1200.0,True,True,True,True,True,True,True,True,True,True,True,True,True,True,True,True,False,False,False,False,False,False,False
2545,STATE_PREFLIGHT,12.4,0.05,0.1,0.45,0.0,0.0,0.09810000419616699,0.0010000000149011613,0.0020000000298023225,0.0030000001192092896,0.12300000190734864,0.45599998474121095,0.789000015258789,980.5,25.0,0.0,0.0,0.980999984741211,1,46.5,6.6,1200.0,1.5,3.5,12,9.8100004196167,98.0999984741211,11.984000244140624,0.0,1200.0,True,True,True,True,True,True,True,True,True,True,True,True,True,True,True,True,False,False,False,False,False,False,False
3053,STATE_PREFLIGHT,12.4,0.05,0.1,0.45,0.0,0.0,0.09810000419616699,0.0010000000149011613,0.0020000000298023225,0.0030000001192092896,0.12300000190734864,0.45599998474121095,0.789000015258789,980.5,25.0,0.0,0.0,0.980999984741211,1,46.5,6.6,1200.0,1.5,3.5,12,9.8100004196167,98.0999984741211,11.984000244140624,0.0,1200.0,True,True,True,True,True,True,True,True,True,True,True,True,True,True,True,True,False,False,False,False,False,False,False
3564,STATE_PREFLIGHT,12.4,0.05,0.1,0.45,0.0,0.0,0.09810000419616699,0.0010000000149011613,0.0020000000298023225,0.0030000001192092896,0.12300000190734864,0.45599998474121095,0.789000015258789,980.5,25.0,0.0,0.0,0.980999984741211,1,46.5,6.6,1200.0,1.5,3.5,12,9.8100004196167,98.0999984741211,11.984000244140624,0.0,1200.0,True,True,True,True,True,True,True,True,True,True,True,True,True,True,True,True,False,False,False,False,False,False,False
4072,STATE_PREFLIGHT,12.4,0.05,0.1,0.45,0.0,0.0,0.09810000419616699,0.0010000000149011613,0.0020000000298023225,0.0030000001192092896,0.12300000190734864,0.45599998474121095,0.789000015258789,980.5,25.0,0.0,0.0,0.980999984741211,1,46.5,6.6,1200.0,1.5,3.5,12,9.8100004196167,98.0999984741211,11.984000244140624,0.0,1200.0,True,True,True,True,True,True,True,True,True,True,True,True,True,True,True,True,False,False,False,False,False,False,False
4578,STATE_PREFLIGHT,12.4,0.05,0.1,0.45,0.0,0.0,0.09810000419616699,0.0010000000149011613,0.0020000000298023225,0.0030000001192092896,0.12300000190734864,0.45599998474121095,0.789000015258789,980.5,25.0,0.0,0.0,0.980999984741211,1,46.5,6.6,1200.0,1.5,3.5,12,9.8100004196167,98.0999984741211,11.984000244140624,0.0,1200.0,True,True,True,True,True,True,True,True,True,True,True,True,True,True,True,True,False,False,False,False,False,False,False
5089,STATE_PREFLIGHT,12.4,0.05,0.1,0.45,0.0,0.0,0.09810000419616699,0.0010000000149011613,0.0020000000298023225,0.0030000001192092896,0.12300000190734864,0.45599998474121095,0.789000015258789,980.5,25.0,0.0,0.0,0.980999984741211,1,46.5,6.6,1200.0,1.5,3.5,12,9.8100004196167,98.0999984741211,11.984000244140624,0.0,1200.0,True,True,True,True,True,True,True,True,True,True,True,True,True,True,True,True,False,False,False,False,False,False,False
5599,STATE_PREFLIGHT,12.4,0.05,0.1,0.45,0.0,0.0,0.09810000419616699,0.0010000000149011613,0.0020000000298023225,0.0030000001192092896,0.12300000190734864,0.45599998474121095,0.789000015258789,980.5,25.0,0.0,0.0,0.980999984741211,1,46.5,6.6,1200.0,1.5,3.5,12,9.8100004196167,98.0999984741211,11.984000244140624,0.0,1200.0,True,True,True,True,True,True,True,True,True,True,True,True,True,True,True,True,False,False,False,False,False,False,False
6109,STATE_PREFLIGHT,12.4,0.05,0.1,0.45,0.0,0.0,0.09810000419616699,0.0010000000149011613,0.0020000000298023225,0.0030000001192092896,0.12300000190734864,0.45599998474121095,0.789000015258789,980.5,25.0,0.0,0.0,0.980999984741211,1,46.5,6.6,1200.0,1.5,3.5,12,9.8100004196167,98.0999984741211,11.984000244140624,0.0,1200.0,True,True,True,True,True,True,True,True,True,True,True,True,True,True,True,True,False,False,False,False,False,False,False
6619,STATE_PREFLIGHT,12.4,0.05,0.1,0.45,0.0,0.0,0.09810000419616699,0.0010000000149011613,0.0020000000298023225,0.0030000001192092896,0.12300000190734864,0.45599998474121095,0.789000015258789,980.5,25.0,0.0,0.0,0.980999984741211,1,46.5,6.6,1200.0,1.5,3.5,12,9.8100004196167,98.0999984741211,11.984000244140624,0.0,1200.0,True,True,True,True,True,True,True,True,True,True,True,True,True,True,True,True,False,False,False,False,False,False,False
7128,STATE_PREFLIGHT,12.4,0.05,0.1,0.45,0.0,0.0,0.09810000419616699,0.0010000000149011613,0.0020000000298023225,0.0030000001192092896,0.12300000190734864,0.45599998474121095,0.789000015258789,980.5,25.0,0.0,0.0,0.980999984741211,1,46.5,6.6,1200.0,1.5,3.5,12,9.8100004196167,98.0999984741211,11.984000244140624,0.0,1200.0,True,True,True,True,True,True,True,True,True,True,True,True,True,True,True,True,False,False,False,False,False,False,False
7637,STATE_PREFLIGHT,12.4,0.05,0.1,0.45,0.0,0.0,0.09810000419616699,0.0010000000149011613,0.0020000000298023225,0.0030000001192092896,0.12300000190734864,0.45599998474121095,0.789000015258789,980.5,25.0,0.0,0.0,0.980999984741211,1,46.5,6.6,1200.0,1.5,3.5,12,9.8100004196167,98.0999984741211,11.984000244140624,0.0,1200.0,True,True,True,True,True,True,True,True,True,True,True,True,True,True,True,True,False,False,False,False,False,False,False
8144,STATE_PREFLIGHT,12.4,0.05,0.1,0.45,0.0,0.0,0.09810000419616699,0.0010000000149011613,0.0020000000298023225,0.0030000001192092896,0.12300000190734864,0.45599998474121095,0.789000015258789,980.5,25.0,0.0,0.0,0.980999984741211,1,46.5,6.6,1200.0,1.5,3.5,12,9.8100004196167,98.0999984741211,11.984000244140624,0.0,1200.0,True,True,True,True,True,True,True,True,True,True,True,True,True,True,True,True,False,False,False,False,False,False,False
8655,STATE_PREFLIGHT,12.4,0.05,0.1,0.45,0.0,0.0,0.09810000419616699,0.0010000000149011613,0.0020000000298023225,0.0030000001192092896,0.12300000190734864,0.45599998474121095,0.789000015258789,980.5,25.0,0.0,0.0,0.980999984741211,1,46.5,6.6,1200.0,1.5,3.5,12,9.8100004196167,98.0999984741211,11.984000244140624,0.0,1200.0,True,True,True,True,True,True,True,True,True,True,True,True,True,True,True,True,False,False,False,False,False,False,False
9166,STATE_PREFLIGHT,12.4,0.05,0.1,0.45,0.0,0.0,0.09810000419616699,0.0010000000149011613,0.0020000000298023225,0.0030000001192092896,0.12300000190734864,0.45599998474121095,0.789000015258789,980.5,25.0,0.0,0.0,0.980999984741211,1,46.5,6.6,1200.0,1.5,3.5,12,9.8100004196167,98.0999984741211,11.984000244140624,0.0,1200.0,True,True,True,True,True,True,True,True,True,True,True,True,True,True,True,True,False,False,False,False,False,False,False
9674,STATE_PREFLIGHT,12.4,0.05,0.1,0.45,0.0,0.0,0.09810000419616699,0.0010000000149011613,0.0020000000298023225,0.0030000001192092896,0.12300000190734864,0.45599998474121095,0.789000015258789,980.5,25.0,0.0,0.0,0.980999984741211,1,46.5,6.6,1200.0,1.5,3.5,12,9.8100004196167,98.0999984741211,11.984000244140624,0.0,1200.0,True,True,True,True,True,True,True,True,True,True,True,True,True,True,True,True,False,False,False,False,False,False,False
10184,STATE_PREFLIGHT,12.4,0.05,0.1,0.45,0.0,0.0,0.09810000419616699,0.0010000000149011613,0.0020000000298023225,0.0030000001192092896,0.12300000190734864,0.45599998474121095,0.789000015258789,980.5,25.0,0.0,0.0,0.980999984741211,1,46.5,6.6,1200.0,1.5,3.5,12,9.8100004196167,98.0999984741211,11.984000244140624,0.0,1200.0,True,True,True,True,True,True,True,True,True,True,True,True,True,True,True,True,False,False,False,False,False,False,False
10693,STATE_PREFLIGHT,12.4,0.05,0.1,0.45,0.0,0.0,0.09810000419616699,0.0010000000149011613,0.0020000000298023225,0.0030000001192092896,0.12300000190734864,0.45599998474121095,0.789000015258789,980.5,25.0,0.0,0.0,0.980999984741211,1,46.5,6.6,1200.0,1.5,3.5,12,9.8100004196167,98.0999984741211,11.984000244140624,0.0,1200.0,True,True,True,True,True,True,True,True,True,True,True,True,True,True,True,True,False,False,False,False,False,False,False
11202,STATE_PREFLIGHT,12.4,0.05,0.1,0.45,0.0,0.0,0.09810000419616699,0.0010000000149011613,0.0020000000298023225,0.0030000001192092896,0.12300000190734864,0.45599998474121095,0.789000015258789,980.5,25.0,0.0,0.0,0.980999984741211,1,46.5,6.6,1200.0,1.5,3.5,12,9.8100004196167,98.0999984741211,11.984000244140624,0.0,1200.0,True,True,True,True,True,True,True,True,True,True,True,True,True,True,True,True,False,False,False,False,False,False,False
11713,STATE_PREFLIGHT,12.4,0.05,0.1,0.45,0.0,0.0,0.09810000419616699,0.0010000000149011613,0.0020000000298023225,0.0030000001192092896,0.12300000190734864,0.45599998474121095,0.789000015258789,980.5,25.0,0.0,0.0,0.980999984741211,1,46.5,6.6,1200.0,1.5,3.5,12,9.8100004196167,98.0999984741211,11.984000244140624,0.0,1200.0,True,True,True,True,True,True,True,True,True,True,True,True,True,True,True,True,False,False,False,False,False,False,False
12219,STATE_PREFLIGHT,12.4,0.05,0.1,0.45,0.0,0.0,0.09810000419616699,0.0010000000149011613,0.0020000000298023225,0.0030000001192092896,0.12300000190734864,0.45599998474121095,0.789000015258789,980.5,25.0,0.0,0.0,0.980999984741211,1,46.5,6.6,1200.0,1.5,3.5,12,9.8100004196167,98.0999984741211,11.984000244140624,0.0,1200.0,True,True,True,True,True,True,True,True,True,True,True,True,True,True,True,True,False,False,False,False,False,False,False
12727,STATE_PREFLIGHT,12.4,0.05,0.1,0.45,0.0,0.0,0.09810000419616699,0.0010000000149011613,0.0020000000298023225,0.0030000001192092896,0.12300000190734864,0.45599998474121095,0.789000015258789,980.5,25.0,0.0,0.0,0.980999984741211,1,46.5,6.6,1200.0,1.5,3.5,12,9.8100004196167,98.0999984741211,11.984000244140624,0.0,1200.0,True,True,True,True,True,True,True,True,True,True,True,True,True,True,True,True,False,False,False,False,False,False,False
13236,STATE_PREFLIGHT,12.4,0.05,0.1,0.45,0.0,0.0,0.09810000419616699,0.0010000000149011613,0.0020000000298023225,0.0030000001192092896,0.12300000190734864,0.45599998474121095,0.789000015258789,980.5,25.0,0.0,0.0,0.980999984741211,1,46.5,6.6,1200.0,1.5,3.5,12,9.8100004196167,98.0999984741211,11.984000244140624,0.0,1200.0,True,True,True,True,True,True,True,True,True,True,True,True,True,True,True,True,False,False,False,False,False,False,False
13746,STATE_PREFLIGHT,12.4,0.05,0.1,0.45,0.0,0.0,0.09810000419616699,0.0010000000149011613,0.0020000000298023225,0.0030000001192092896,0.12300000190734864,0.45599998474121095,0.789000015258789,980.5,25.0,0.0,0.0,0.980999984741211,1,46.5,6.6,1200.0,1.5,3.5,12,9.8100004196167,98.0999984741211,11.984000244140624,0.0,1200.0,True,True,True,True,True,True,True,True,True,True,True,True,True,True,True,True,False,False,False,False,False,False,False
14252,STATE_PREFLIGHT,12.4,0.05,0.1,0.45,0.0,0.0,0.09810000419616699,0.0010000000149011613,0.0020000000298023225,0.0030000001192092896,0.12300000190734864,0.45599998474121095,0.789000015258789,980.5,25.0,0.0,0.0,0.980999984741211,1,46.5,6.6,1200.0,1.5,3.5,12,9.8100004196167,98.0999984741211,11.984000244140624,0.0,1200.0,True,True,True,True,True,True,True,True,True,True,True,True,True,True,True,True,False,False,False,False,False,False,False
14763,STATE_PREFLIGHT,12.4,0.05,0.1,0.45,0.0,0.0,0.09810000419616699,0.0010000000149011613,0.0020000000298023225,0.0030000001192092896,0.12300000190734864,0.45599998474121095,0.789000015258789,980.5,25.0,0.0,0.0,0.980999984741211,1,46.5,6.6,1200.0,1.5,3.5,12,9.8100004196167,98.0999984741211,11.984000244140624,0.0,1200.0,True,True,True,True,True,True,True,True,True,True,True,True,True,True,True,True,False,False,False,False,False,False,False
15273,STATE_PREFLIGHT,12.4,0.05,0.1,0.45,0.0,0.0,0.09810000419616699,0.0010000000149011613,0.0020000000298023225,0.0030000001192092896,0.12300000190734864,0.45599998474121095,0.789000015258789,980.5,25.0,0.0,0.0,0.980999984741211,1,46.5,6.6,1200.0,1.5,3.5,12,9.8100004196167,98.0999984741211,11.984000244140624,0.0,1200.0,True,True,True,True,True,True,True,True,True,True,True,True,True,True,True,True,False,False,False,False,False,False,False
15784,STATE_PREFLIGHT,12.4,0.05,0.1,0.45,0.0,0.0,0.09810000419616699,0.0010000000149011613,0.0020000000298023225,0.0030000001192092896,0.12300000190734864,0.45599998474121095,0.789000015258789,980.5,25.0,0.0,0.0,0.980999984741211,1,46.5,6.6,1200.0,1.5,3.5,12,9.8100004196167,98.0999984741211,11.984000244140624,0.0,1200.0,True,True,True,True,True,True,True,True,True,True,True,True,True,True,True,True,False,False,False,False,False,False,False
16294,STATE_PREFLIGHT,12.4,0.05,0.1,0.45,0.0,0.0,0.09810000419616699,0.0010000000149011613,0.0020000000298023225,0.0030000001192092896,0.12300000190734864,0.45599998474121095,0.789000015258789,980.5,25.0,0.0,0.0,0.980999984741211,1,46.5,6.6,1200.0,1.5,3.5,12,9.8100004196167,98.0999984741211,11.984000244140624,0.0,1200.0,True,True,True,True,True,True,True,True,True,True,True,True,True,True,True,True,False,False,False,False,False,False,False
16802,STATE_PREFLIGHT,12.4,0.05,0.1,0.45,0.0,0.0,0.09810000419616699,0.0010000000149011613,0.0020000000298023225,0.0030000001192092896,0.12300000190734864,0.45599998474121095,0.789000015258789,980.5,25.0,0.0,0.0,0.980999984741211,1,46.5,6.6,1200.0,1.5,3.5,12,9.8100004196167,98.0999984741211,11.984000244140624,0.0,1200.0,True,True,True,True,True,True,True,True,True,True,True,True,True,True,True,True,False,False,False,False,False,False,False
17311,STATE_PREFLIGHT,12.4,0.05,0.1,0.45,0.0,0.0,0.09810000419616699,0.0010000000149011613,0.0020000000298023225,0.0030000001192092896,0.12300000190734864,0.45599998474121095,0.789000015258789,980.5,25.0,0.0,0.0,0.980999984741211,1,46.5,6.6,1200.0,1.5,3.5,12,9.8100004196167,98.0999984741211,11.984000244140624,0.0,1200.0,True,True,True,True,True,True,True,True,True,True,True,True,True,True,True,True,False,False,False,False,False,False,False
17822,STATE_PREFLIGHT,12.4,0.05,0.1,0.45,0.0,0.0,0.09810000419616699,0.0010000000149011613,0.0020000000298023225,0.0030000001192092896,0.12300000190734864,0.45599998474121095,0.789000015258789,980.5,25.0,0.0,0.0,0.980999984741211,1,46.5,6.6,1200.0,1.5,3.5,12,9.8100004196167,98.0999984741211,11.984000244140624,0.0,1200.0,True,True,True,True,True,True,True,True,True,True,True,True,True,True,True,True,False,False,False,False,False,False,False
18334,STATE_PREFLIGHT,12.4,0.05,0.1,0.45,0.0,0.0,0.09810000419616699,0.0010000000149011613,0.0020000000298023225,0.0030000001192092896,0.12300000190734864,0.45599998474121095,0.789000015258789,980.5,25.0,0.0,0.0,0.980999984741211,1,46.5,6.6,1200.0,1.5,3.5,12,9.8100004196167,98.0999984741211,11.984000244140624,0.0,1200.0,True,True,True,True,True,True,True,True,True,True,True,True,True,True,True,True,False,False,False,False,False,False,False
18843,STATE_PREFLIGHT,12.4,0.05,0.1,0.45,0.0,0.0,0.09810000419616699,0.0010000000149011613,0.0020000000298023225,0.0030000001192092896,0.12300000190734864,0.45599998474121095,0.789000015258789,980.5,25.0,0.0,0.0,0.980999984741211,1,46.5,6.6,1200.0,1.5,3.5,12,9.8100004196167,98.0999984741211,11.984000244140624,0.0,1200.0,True,True,True,True,True,True,True,True,True,True,True,True,True,True,True,True,False,False,False,False,False,False,False
19354,STATE_PREFLIGHT,12.4,0.05,0.1,0.45,0.0,0.0,0.09810000419616699,0.0010000000149011613,0.0020000000298023225,0.0030000001192092896,0.12300000190734864,0.45599998474121095,0.789000015258789,980.5,25.0,0.0,0.0,0.980999984741211,1,46.5,6.6,1200.0,1.5,3.5,12,9.8100004196167,98.0999984741211,11.984000244140624,0.0,1200.0,True,True,True,True,True,True,True,True,True,True,True,True,True,True,True,True,False,False,False,False,False,False,False
19864,STATE_PREFLIGHT,12.4,0.05,0.1,0.45,0.0,0.0,0.09810000419616699,0.0010000000149011613,0.0020000000298023225,0.0030000001192092896,0.12300000190734864,0.45599998474121095,0.789000015258789,980.5,25.0,0.0,0.0,0.980999984741211,1,46.5,6.6,1200.0,1.5,3.5,12,9.8100004196167,98.0999984741211,11.984000244140624,0.0,1200.0,True,True,True,True,True,True,True,True,True,True,True,True,True,True,True,True,False,False,False,False,False,False,False
20372,STATE_PREFLIGHT,12.4,0.05,0.1,0.45,0.0,0.0,0.09810000419616699,0.0010000000149011613,0.0020000000298023225,0.0030000001192092896,0.12300000190734864,0.45599998474121095,0.789000015258789,980.5,25.0,0.0,0.0,0.980999984741211,1,46.5,6.6,1200.0,1.5,3.5,12,9.8100004196167,98.0999984741211,11.984000244140624,0.0,1200.0,True,True,True,True,True,True,True,True,True,True,True,True,True,True,True,True,False,False,False,False,False,False,False
20882,STATE_PREFLIGHT,12.4,0.05,0.1,0.45,0.0,0.0,0.09810000419616699,0.0010000000149011613,0.0020000000298023225,0.0030000001192092896,0.12300000190734864,0.45599998474121095,0.789000015258789,980.5,25.0,0.0,0.0,0.980999984741211,1,46.5,6.6,1200.0,1.5,3.5,12,9.8100004196167,98.0999984741211,11.984000244140624,0.0,1200.0,True,True,True,True,True,True,True,True,True,True,True,True,True,True,True,True,False,False,False,False,False,False,False
21389,STATE_PREFLIGHT,12.4,0.05,0.1,0.45,0.0,0.0,0.09810000419616699,0.0010000000149011613,0.0020000000298023225,0.0030000001192092896,0.12300000190734864,0.45599998474121095,0.789000015258789,980.5,25.0,0.0,0.0,0.980999984741211,1,46.5,6.6,1200.0,1.5,3.5,12,9.8100004196167,98.0999984741211,11.984000244140624,0.0,1200.0,True,True,True,True,True,True,True,True,True,True,True,True,True,True,True,True,False,False,False,False,False,False,False
21899,STATE_PREFLIGHT,12.4,0.05,0.1,0.45,0.0,0.0,0.09810000419616699,0.0010000000149011613,0.0020000000298023225,0.0030000001192092896,0.12300000190734864,0.45599998474121095,0.789000015258789,980.5,25.0,0.0,0.0,0.980999984741211,1,46.5,6.6,1200.0,1.5,3.5,12,9.8100004196167,98.0999984741211,11.984000244140624,0.0,1200.0,True,True,True,True,True,True,True,True,True,True,True,True,True,True,True,True,False,False,False,False,False,False,False
22408,STATE_PREFLIGHT,12.4,0.05,0.1,0.45,0.0,0.0,0.09810000419616699,0.0010000000149011613,0.0020000000298023225,0.0030000001192092896,0.12300000190734864,0.45599998474121095,0.789000015258789,980.5,25.0,0.0,0.0,0.980999984741211,1,46.5,6.6,1200.0,1.5,3.5,12,9.8100004196167,98.0999984741211,11.984000244140624,0.0,1200.0,True,True,True,True,True,True,True,True,True,True,True,True,True,True,True,True,False,False,False,False,False,False,False
22919,STATE_PREFLIGHT,12.4,0.05,0.1,0.45,0.0,0.0,0.09810000419616699,0.0010000000149011613,0.0020000000298023225,0.0030000001192092896,0.12300000190734864,0.45599998474121095,0.789000015258789,980.5,25.0,0.0,0.0,0.980999984741211,1,46.5,6.6,1200.0,1.5,3.5,12,9.8100004196167,98.0999984741211,11.984000244140624,0.0,1200.0,True,True,True,True,True,True,True,True,True,True,True,True,True,True,True,True,False,False,False,False,False,False,False
23427,STATE_PREFLIGHT,12.4,0.05,0.1,0.45,0.0,0.0,0.09810000419616699,0.0010000000149011613,0.0020000000298023225,0.0030000001192092896,0.12300000190734864,0.45599998474121095,0.789000015258789,980.5,25.0,0.0,0.0,0.980999984741211,1,46.5,6.6,1200.0,1.5,3.5,12,9.8100004196167,98.0999984741211,11.984000244140624,0.0,1200.0,True,True,True,True,True,True,True,True,True,True,True,True,True,True,True,True,False,False,False,False,False,False,False
23933,STATE_PREFLIGHT,12.4,0.05,0.1,0.45,0.0,0.0,0.09810000419616699,0.0010000000149011613,0.0020000000298023225,0.0030000001192092896,0.12300000190734864,0.45599998474121095,0.789000015258789,980.5,25.0,0.0,0.0,0.980999984741211,1,46.5,6.6,1200.0,1.5,3.5,12,9.8100004196167,98.0999984741211,11.984000244140624,0.0,1200.0,True,True,True,True,True,True,True,True,True,True,True,True,True,True,True,True,False,False,False,False,False,False,False
24440,STATE_PREFLIGHT,12.4,0.05,0.1,0.45,0.0,0.0,0.09810000419616699,0.0010000000149011613,0.0020000000298023225,0.0030000001192092896,0.12300000190734864,0.45599998474121095,0.789000015258789,980.5,25.0,0.0,0.0,0.980999984741211,1,46.5,6.6,1200.0,1.5,3.5,12,9.8100004196167,98.0999984741211,11.984000244140624,0.0,1200.0,True,True,True,True,True,True,True,True,True,True,True,True,True,True,True,True,False,False,False,False,False,False,False
24951,STATE_PREFLIGHT,12.4,0.05,0.1,0.45,0.0,0.0,0.09810000419616699,0.0010000000149011613,0.0020000000298023225,0.0030000001192092896,0.12300000190734864,0.45599998474121095,0.789000015258789,980.5,25.0,0.0,0.0,0.980999984741211,1,46.5,6.6,1200.0,1.5,3.5,12,9.8100004196167,98.0999984741211,11.984000244140624,0.0,1200.0,True,True,True,True,True,True,True,True,True,True,True,True,True,True,True,True,False,False,False,False,False,False,False
25463,STATE_PREFLIGHT,12.4,0.05,0.1,0.45,0.0,0.0,0.09810000419616699,0.0010000000149011613,0.0020000000298023225,0.0030000001192092896,0.12300000190734864,0.45599998474121095,0.789000015258789,980.5,25.0,0.0,0.0,0.980999984741211,1,46.5,6.6,1200.0,1.5,3.5,12,9.8100004196167,98.0999984741211,11.984000244140624,0.0,1200.0,True,True,True,True,True,True,True,True,True,True,True,True,True,True,True,True,False,False,False,False,False,False,False
25971,STATE_PREFLIGHT,12.4,0.05,0.1,0.45,0.0,0.0,0.09810000419616699,0.0010000000149011613,0.0020000000298023225,0.0030000001192092896,0.12300000190734864,0.45599998474121095,0.789000015258789,980.5,25.0,0.0,0.0,0.980999984741211,1,46.5,6.6,1200.0,1.5,3.5,12,9.8100004196167,98.0999984741211,11.984000244140624,0.0,1200.0,True,True,True,True,True,True,True,True,True,True,True,True,True,True,True,True,False,False,False,False,False,False,False
26477,STATE_PREFLIGHT,12.4,0.05,0.1,0.45,0.0,0.0,0.09810000419616699,0.0010000000149011613,0.0020000000298023225,0.0030000001192092896,0.12300000190734864,0.45599998474121095,0.789000015258789,980.5,25.0,0.0,0.0,0.980999984741211,1,46.5,6.6,1200.0,1.5,3.5,12,9.8100004196167,98.0999984741211,11.984000244140624,0.0,1200.0,True,True,True,True,True,True,True,True,True,True,True,True,True,True,True,True,False,False,False,False,False,False,False
26988,STATE_PREFLIGHT,12.4,0.05,0.1,0.45,0.0,0.0,0.09810000419616699,0.0010000000149011613,0.0020000000298023225,0.0030000001192092896,0.12300000190734864,0.45599998474121095,0.789000015258789,980.5,25.0,0.0,0.0,0.980999984741211,1,46.5,6.6,1200.0,1.5,3.5,12,9.8100004196167,98.0999984741211,11.984000244140624,0.0,1200.0,True,True,True,True,True,True,True,True,True,True,True,True,True,True,True,True,False,False,False,False,False,False,False
27499,STATE_PREFLIGHT,12.4,0.05,0.1,0.45,0.0,0.0,0.09810000419616699,0.0010000000149011613,0.0020000000298023225,0.0030000001192092896,0.12300000190734864,0.45599998474121095,0.789000015258789,980.5,25.0,0.0,0.0,0.980999984741211,1,46.5,6.6,1200.0,1.5,3.5,12,9.8100004196167,98.0999984741211,11.984000244140624,0.0,1200.0,True,True,True,True,True,True,True,True,True,True,True,True,True,True,True,True,False,False,False,False,False,False,False
28010,STATE_PREFLIGHT,12.4,0.05,0.1,0.45,0.0,0.0,0.09810000419616699,0.0010000000149011613,0.0020000000298023225,0.0030000001192092896,0.12300000190734864,0.45599998474121095,0.789000015258789,980.5,25.0,0.0,0.0,0.980999984741211,1,46.5,6.6,1200.0,1.5,3.5,12,9.8100004196167,98.0999984741211,11.984000244140624,0.0,1200.0,True,True,True,True,True,True,True,True,True,True,True,True,True,True,True,True,False,False,False,False,False,False,False
28520,STATE_PREFLIGHT,12.4,0.05,0.1,0.45,0.0,0.0,0.09810000419616699,0.0010000000149011613,0.0020000000298023225,0.0030000001192092896,0.12300000190734864,0.45599998474121095,0.789000015258789,980.5,25.0,0.0,0.0,0.980999984741211,1,46.5,6.6,1200.0,1.5,3.5,12,9.8100004196167,98.0999984741211,11.984000244140624,0.0,1200.0,True,True,True,True,True,True,True,True,True,True,True,True,True,True,True,True,False,False,False,False,False,False,False
29029,STATE_PREFLIGHT,12.4,0.05,0.1,0.45,0.0,0.0,0.09810000419616699,0.0010000000149011613,0.0020000000298023225,0.0030000001192092896,0.12300000190734864,0.45599998474121095,0.789000015258789,980.5,25.0,0.0,0.0,0.980999984741211,1,46.5,6.6,1200.0,1.5,3.5,12,9.8100004196167,98.0999984741211,11.984000244140624,0.0,1200.0,True,True,True,True,True,True,True,True,True,True,True,True,True,True,True,True,False,False,False,False,False,False,False
29539,STATE_PREFLIGHT,12.4,0.05,0.1,0.45,0.0,0.0,0.09810000419616699,0.0010000000149011613,0.0020000000298023225,0.0030000001192092896,0.12300000190734864,0.45599998474121095,0.789000015258789,980.5,25.0,0.0,0.0,0.980999984741211,1,46.5,6.6,1200.0,1.5,3.5,12,9.8100004196167,98.0999984741211,11.984000244140624,0.0,1200.0,True,True,True,True,True,True,True,True,True,True,True,True,True,True,True,True,False,False,False,False,False,False,False
30042,STATE_PREFLIGHT,12.4,0.05,0.1,0.45,0.0,0.0,0.09810000419616699,0.0010000000149011613,0.0020000000298023225,0.0030000001192092896,0.12300000190734864,0.45599998474121095,0.789000015258789,980.5,25.0,0.0,0.0,0.980999984741211,1,46.5,6.6,1200.0,1.5,3.5,12,9.8100004196167,98.0999984741211,11.984000244140624,0.0,1200.0,True,True,True,True,True,True,True,True,True,True,True,True,True,True,True,True,False,False,False,False,False,False,False
30553,STATE_PREFLIGHT,12.4,0.05,0.1,0.45,0.0,0.0,0.09810000419616699,0.0010000000149011613,0.0020000000298023225,0.0030000001192092896,0.12300000190734864,0.45599998474121095,0.789000015258789,980.5,25.0,0.0,0.0,0.980999984741211,1,46.5,6.6,1200.0,1.5,3.5,12,9.8100004196167,98.0999984741211,11.984000244140624,0.0,1200.0,True,True,True,True,True,True,True,True,True,True,True,True,True,True,True,True,False,False,False,False,False,False,False
31064,STATE_PREFLIGHT,12.4,0.05,0.1,0.45,0.0,0.0,0.09810000419616699,0.0010000000149011613,0.0020000000298023225,0.0030000001192092896,0.12300000190734864,0.45599998474121095,0.789000015258789,980.5,25.0,0.0,0.0,0.980999984741211,1,46.5,6.6,1200.0,1.5,3.5,12,9.8100004196167,98.0999984741211,11.984000244140624,0.0,1200.0,True,True,True,True,True,True,True,True,True,True,True,True,True,True,True,True,False,False,False,False,False,False,False
31570,STATE_PREFLIGHT,12.4,0.05,0.1,0.45,0.0,0.0,0.09810000419616699,0.0010000000149011613,0.0020000000298023225,0.0030000001192092896,0.12300000190734864,0.45599998474121095,0.789000015258789,980.5,25.0,0.0,0.0,0.980999984741211,1,46.5,6.6,1200.0,1.5,3.5,12,9.8100004196167,98.0999984741211,11.984000244140624,0.0,1200.0,True,True,True,True,True,True,True,True,True,True,True,True,True,True,True,True,False,False,False,False,False,False,False
32081,STATE_PREFLIGHT,12.4,0.05,0.1,0.45,0.0,0.0,0.09810000419616699,0.0010000000149011613,0.0020000000298023225,0.0030000001192092896,0.12300000190734864,0.45599998474121095,0.789000015258789,980.5,25.0,0.0,0.0,0.980999984741211,1,46.5,6.6,1200.0,1.5,3.5,12,9.8100004196167,98.0999984741211,11.984000244140624,0.0,1200.0,True,True,True,True,True,True,True,True,True,True,True,True,True,True,True,True,False,False,False,False,False,False,False
32589,STATE_PREFLIGHT,12.4,0.05,0.1,0.45,0.0,0.0,0.09810000419616699,0.0010000000149011613,0.0020000000298023225,0.0030000001192092896,0.12300000190734864,0.45599998474121095,0.789000015258789,980.5,25.0,0.0,0.0,0.980999984741211,1,46.5,6.6,1200.0,1.5,3.5,12,9.8100004196167,98.0999984741211,11.984000244140624,0.0,1200.0,True,True,True,True,True,True,True,True,True,True,True,True,True,True,True,True,False,False,False,False,False,False,False
33096,STATE_PREFLIGHT,12.4,0.05,0.1,0.45,0.0,0.0,0.09810000419616699,0.0010000000149011613,0.0020000000298023225,0.0030000001192092896,0.12300000190734864,0.45599998474121095,0.789000015258789,980.5,25.0,0.0,0.0,0.980999984741211,1,46.5,6.6,1200.0,1.5,3.5,12,9.8100004196167,98.0999984741211,11.984000244140624,0.0,1200.0,True,True,True,True,True,True,True,True,True,True,True,True,True,True,True,True,False,False,False,False,False,False,False
33604,STATE_PREFLIGHT,12.4,0.05,0.1,0.45,0.0,0.0,0.09810000419616699,0.0010000000149011613,0.0020000000298023225,0.0030000001192092896,0.12300000190734864,0.45599998474121095,0.789000015258789,980.5,25.0,0.0,0.0,0.980999984741211,1,46.5,6.6,1200.0,1.5,3.5,12,9.8100004196167,98.0999984741211,11.984000244140624,0.0,1200.0,True,True,True,True,True,True,True,True,True,True,True,True,True,True,True,True,False,False,False,False,False,False,False
34115,STATE_PREFLIGHT,12.4,0.05,0.1,0.45,0.0,0.0,0.09810000419616699,0.0010000000149011613,0.0020000000298023225,0.0030000001192092896,0.12300000190734864,0.45599998474121095,0.789000015258789,980.5,25.0,0.0,0.0,0.980999984741211,1,46.5,6.6,1200.0,1.5,3.5,12,9.8100004196167,98.0999984741211,11.984000244140624,0.0,1200.0,True,True,True,True,True,True,True,True,True,True,True,True,True,True,True,True,False,False,False,False,False,False,False
34621,STATE_PREFLIGHT,12.4,0.05,0.1,0.45,0.0,0.0,0.09810000419616699,0.0010000000149011613,0.0020000000298023225,0.0030000001192092896,0.12300000190734864,0.45599998474121095,0.789000015258789,980.5,25.0,0.0,0.0,0.980999984741211,1,46.5,6.6,1200.0,1.5,3.5,12,9.8100004196167,98.0999984741211,11.984000244140624,0.0,1200.0,True,True,True,True,True,True,True,True,True,True,True,True,True,True,True,True,False,False,False,False,False,False,False
35128,STATE_PREFLIGHT,12.4,0.05,0.1,0.45,0.0,0.0,0.09810000419616699,0.0010000000149011613,0.0020000000298023225,0.0030000001192092896,0.12300000190734864,0.45599998474121095,0.789000015258789,980.5,25.0,0.0,0.0,0.980999984741211,1,46.5,6.6,1200.0,1.5,3.5,12,9.8100004196167,98.0999984741211,11.984000244140624,0.0,1200.0,True,True,True,True,True,True,True,True,True,True,True,True,True,True,True,True,False,False,False,False,False,False,False
35637,STATE_PREFLIGHT,12.4,0.05,0.1,0.45,0.0,0.0,0.09810000419616699,0.0010000000149011613,0.0020000000298023225,0.0030000001192092896,0.12300000190734864,0.45599998474121095,0.789000015258789,980.5,25.0,0.0,0.0,0.980999984741211,1,46.5,6.6,1200.0,1.5,3.5,12,9.8100004196167,98.0999984741211,11.984000244140624,0.0,1200.0,True,True,True,True,True,True,True,True,True,True,True,True,True,True,True,True,False,False,False,False,False,False,False
36149,STATE_PREFLIGHT,12.4,0.05,0.1,0.45,0.0,0.0,0.09810000419616699,0.0010000000149011613,0.0020000000298023225,0.0030000001192092896,0.12300000190734864,0.45599998474121095,0.789000015258789,980.5,25.0,0.0,0.0,0.980999984741211,1,46.5,6.6,1200.0,1.5,3.5,12,9.8100004196167,98.0999984741211,11.984000244140624,0.0,1200.0,True,True,True,True,True,True,True,True,True,True,True,True,True,True,True,True,False,False,False,False,False,False,False
36657,STATE_PREFLIGHT,12.4,0.05,0.1,0.45,0.0,0.0,0.09810000419616699,0.0010000000149011613,0.0020000000298023225,0.0030000001192092896,0.12300000190734864,0.45599998474121095,0.789000015258789,980.5,25.0,0.0,0.0,0.980999984741211,1,46.5,6.6,1200.0,1.5,3.5,12,9.8100004196167,98.0999984741211,11.984000244140624,0.0,1200.0,True,True,True,True,True,True,True,True,True,True,True,True,True,True,True,True,False,False,False,False,False,False,False
37164,STATE_PREFLIGHT,12.4,0.05,0.1,0.45,0.0,0.0,0.09810000419616699,0.0010000000149011613,0.0020000000298023225,0.0030000001192092896,0.12300000190734864,0.45599998474121095,0.789000015258789,980.5,25.0,0.0,0.0,0.980999984741211,1,46.5,6.6,1200.0,1.5,3.5,12,9.8100004196167,98.0999984741211,11.984000244140624,0.0,1200.0,True,True,True,True,True,True,True,True,True,True,True,True,True,True,True,True,False,False,False,False,False,False,False
37676,STATE_PREFLIGHT,12.4,0.05,0.1,0.45,0.0,0.0,0.09810000419616699,0.0010000000149011613,0.0020000000298023225,0.0030000001192092896,0.12300000190734864,0.45599998474121095,0.789000015258789,980.5,25.0,0.0,0.0,0.980999984741211,1,46.5,6.6,1200.0,1.5,3.5,12,9.8100004196167,98.0999984741211,11.984000244140624,0.0,1200.0,True,True,True,True,True,True,True,True,True,True,True,True,True,True,True,True,False,False,False,False,False,False,False
38184,STATE_PREFLIGHT,12.4,0.05,0.1,0.45,0.0,0.0,0.09810000419616699,0.0010000000149011613,0.0020000000298023225,0.0030000001192092896,0.12300000190734864,0.45599998474121095,0.789000015258789,980.5,25.0,0.0,0.0,0.980999984741211,1,46.5,6.6,1200.0,1.5,3.5,12,9.8100004196167,98.0999984741211,11.984000244140624,0.0,1200.0,True,True,True,True,True,True,True,True,True,True,True,True,True,True,True,True,False,False,False,False,False,False,False
38691,STATE_PREFLIGHT,12.4,0.05,0.1,0.45,0.0,0.0,0.09810000419616699,0.0010000000149011613,0.0020000000298023225,0.0030000001192092896,0.12300000190734864,0.45599998474121095,0.789000015258789,980.5,25.0,0.0,0.0,0.980999984741211,1,46.5,6.6,1200.0,1.5,3.5,12,9.8100004196167,98.0999984741211,11.984000244140624,0.0,1200.0,True,True,True,True,True,True,True,True,True,True,True,True,True,True,True,True,False,False,False,False,False,False,False
39195,STATE_PREFLIGHT,12.4,0.05,0.1,0.45,0.0,0.0,0.09810000419616699,0.0010000000149011613,0.0020000000298023225,0.0030000001192092896,0.12300000190734864,0.45599998474121095,0.789000015258789,980.5,25.0,0.0,0.0,0.980999984741211,1,46.5,6.6,1200.0,1.5,3.5,12,9.8100004196167,98.0999984741211,11.984000244140624,0.0,1200.0,True,True,True,True,True,True,True,True,True,True,True,True,True,True,True,True,False,False,False,False,False,False,False
39705,STATE_PREFLIGHT,12.4,0.05,0.1,0.45,0.0,0.0,0.09810000419616699,0.0010000000149011613,0.0020000000298023225,0.0030000001192092896,0.12300000190734864,0.45599998474121095,0.789000015258789,980.5,25.0,0.0,0.0,0.980999984741211,1,46.5,6.6,1200.0,1.5,3.5,12,9.8100004196167,98.0999984741211,11.984000244140624,0.0,1200.0,True,True,True,True,True,True,True,True,True,True,True,True,True,True,True,True,False,False,False,False,False,False,False
40211,STATE_PREFLIGHT,12.4,0.05,0.1,0.45,0.0,0.0,0.09810000419616699,0.0010000000149011613,0.0020000000298023225,0.0030000001192092896,0.12300000190734864,0.45599998474121095,0.789000015258789,980.5,25.0,0.0,0.0,0.980999984741211,1,46.5,6.6,1200.0,1.5,3.5,12,9.8100004196167,98.0999984741211,11.984000244140624,0.0,1200.0,True,True,True,True,True,True,True,True,True,True,True,True,True,True,True,True,False,False,False,False,False,False,False
40721,STATE_PREFLIGHT,12.4,0.05,0.1,0.45,0.0,0.0,0.09810000419616699,0.0010000000149011613,0.0020000000298023225,0.0030000001192092896,0.12300000190734864,0.45599998474121095,0.789000015258789,980.5,25.0,0.0,0.0,0.980999984741211,1,46.5,6.6,1200.0,1.5,3.5,12,9.8100004196167,98.0999984741211,11.984000244140624,0.0,1200.0,True,True,True,True,True,True,True,True,True,True,True,True,True,True,True,True,False,False,False,False,False,False,False
41226,STATE_PREFLIGHT,12.4,0.05,0.1,0.45,0.0,0.0,0.09810000419616699,0.0010000000149011613,0.0020000000298023225,0.0030000001192092896,0.12300000190734864,0.45599998474121095,0.789000015258789,980.5,25.0,0.0,0.0,0.980999984741211,1,46.5,6.6,1200.0,1.5,3.5,12,9.8100004196167,98.0999984741211,11.984000244140624,0.0,1200.0,True,True,True,True,True,True,True,True,True,True,True,True,True,True,True,True,False,False,False,False,False,False,False
41738,STATE_PREFLIGHT,12.4,0.05,0.1,0.45,0.0,0.0,0.09810000419616699,0.0010000000149011613,0.0020000000298023225,0.0030000001192092896,0.12300000190734864,0.45599998474121095,0.789000015258789,980.5,25.0,0.0,0.0,0.980999984741211,1,46.5,6.6,1200.0,1.5,3.5,12,9.8100004196167,98.0999984741211,11.984000244140624,0.0,1200.0,True,True,True,True,True,True,True,True,True,True,True,True,True,True,True,True,False,False,False,False,False,False,False
0,STATE_PREFLIGHT,12.4,0.05,0.1,0.45,0.0,0.0,0.09810000419616699,0.0010000000149011613,0.0020000000298023225,0.0030000001192092896,0.12300000190734864,0.45599998474121095,0.789000015258789,980.5,25.0,0.0,0.0,0.980999984741211,1,46.5,6.6,1200.0,1.5,3.5,12,9.8100004196167,98.0999984741211,11.984000244140624,0.0,1200.0,True,True,True,True,True,True,True,True,True,True,True,True,True,True,True,True,False,False,False,False,False,False,False
507,STATE_PREFLIGHT,12.4,0.05,0.1,0.45,0.0,0.0,0.09810000419616699,0.0010000000149011613,0.0020000000298023225,0.0030000001192092896,0.12300000190734864,0.45599998474121095,0.789000015258789,980.5,25.0,0.0,0.0,0.980999984741211,1,46.5,6.6,1200.0,1.5,3.5,12,9.8100004196167,98.0999984741211,11.984000244140624,0.0,1200.0,True,True,True,True,True,True,True,True,True,True,True,True,True,True,True,True,False,False,False,False,False,False,False
1013,STATE_PREFLIGHT,12.4,0.05,0.1,0.45,0.0,0.0,0.09810000419616699,0.0010000000149011613,0.0020000000298023225,0.0030000001192092896,0.12300000190734864,0.45599998474121095,0.789000015258789,980.5,25.0,0.0,0.0,0.980999984741211,1,46.5,6.6,1200.0,1.5,3.5,12,9.8100004196167,98.0999984741211,11.984000244140624,0.0,1200.0,True,True,True,True,True,True,True,True,True,True,True,True,True,True,True,True,False,False,False,False,False,False,False
1524,STATE_PREFLIGHT,12.4,0.05,0.1,0.45,0.0,0.0,0.09810000419616699,0.0010000000149011613,0.0020000000298023225,0.0030000001192092896,0.12300000190734864,0.45599998474121095,0.789000015258789,980.5,25.0,0.0,0.0,0.980999984741211,1,46.5,6.6,1200.0,1.5,3.5,12,9.8100004196167,98.0999984741211,11.984000244140624,0.0,1200.0,True,True,True,True,True,True,True,True,True,True,True,True,True,True,True,True,False,False,False,False,False,False,False
2035,STATE_PREFLIGHT,12.4,0.05,0.1,0.45,0.0,0.0,0.09810000419616699,0.0010000000149011613,0.0020000000298023225,0.0030000001192092896,0.12300000190734864,0.45599998474121095,0.789000015258789,980.5,25.0,0.0,0.0,0.980999984741211,1,46.5,6.6,1200.0,1.5,3.5,12,9.8100004196167,98.0999984741211,11.984000244140624,0.0,1200.0,True,True,True,True,True,True,True,True,True,True,True,True,True,True,True,True,False,False,False,False,False,False,False
2542,STATE_PREFLIGHT,12.4,0.05,0.1,0.45,0.0,0.0,0.09810000419616699,0.0010000000149011613,0.0020000000298023225,0.0030000001192092896,0.12300000190734864,0.45599998474121095,0.789000015258789,980.5,25.0,0.0,0.0,0.980999984741211,1,46.5,6.6,1200.0,1.5,3.5,12,9.8100004196167,98.0999984741211,11.984000244140624,0.0,1200.0,True,True,True,True,True,True,True,True,True,True,True,True,True,True,True,True,False,False,False,False,False,False,False
3053,STATE_PREFLIGHT,12.4,0.05,0.1,0.45,0.0,0.0,0.09810000419616699,0.0010000000149011613,0.0020000000298023225,0.0030000001192092896,0.12300000190734864,0.45599998474121095,0.789000015258789,980.5,25.0,0.0,0.0,0.980999984741211,1,46.5,6.6,1200.0,1.5,3.5,12,9.8100004196167,98.0999984741211,11.984000244140624,0.0,1200.0,True,True,True,True,True,True,True,True,True,True,True,True,True,True,True,True,False,False,False,False,False,False,False
3561,STATE_PREFLIGHT,12.4,0.05,0.1,0.45,0.0,0.0,0.09810000419616699,0.0010000000149011613,0.0020000000298023225,0.0030000001192092896,0.12300000190734864,0.45599998474121095,0.789000015258789,980.5,25.0,0.0,0.0,0.980999984741211,1,46.5,6.6,1200.0,1.5,3.5,12,9.8100004196167,98.0999984741211,11.984000244140624,0.0,1200.0,True,True,True,True,True,True,True,True,True,True,True,True,True,True,True,True,False,False,False,False,False,False,False
4072,STATE_PREFLIGHT,12.4,0.05,0.1,0.45,0.0,0.0,0.09810000419616699,0.0010000000149011613,0.0020000000298023225,0.0030000001192092896,0.12300000190734864,0.45599998474121095,0.789000015258789,980.5,25.0,0.0,0.0,0.980999984741211,1,46.5,6.6,1200.0,1.5,3.5,12,9.8100004196167,98.0999984741211,11.984000244140624,0.0,1200.0,True,True,True,True,True,True,True,True,True,True,True,True,True,True,True,True,False,False,False,False,False,False,False
4578,STATE_PREFLIGHT,12.4,0.05,0.1,0.45,0.0,0.0,0.09810000419616699,0.0010000000149011613,0.0020000000298023225,0.0030000001192092896,0.12300000190734864,0.45599998474121095,0.789000015258789,980.5,25.0,0.0,0.0,0.980999984741211,1,46.5,6.6,1200.0,1.5,3.5,12,9.8100004196167,98.0999984741211,11.984000244140624,0.0,1200.0,True,True,True,True,True,True,True,True,True,True,True,True,True,True,True,True,False,False,False,False,False,False,False
5086,STATE_PREFLIGHT,12.4,0.05,0.1,0.45,0.0,0.0,0.09810000419616699,0.0010000000149011613,0.0020000000298023225,0.0030000001192092896,0.12300000190734864,0.45599998474121095,0.789000015258789,980.5,25.0,0.0,0.0,0.980999984741211,1,46.5,6.6,1200.0,1.5,3.5,12,9.8100004196167,98.0999984741211,11.984000244140624,0.0,1200.0,True,True,True,True,True,True,True,True,True,True,True,True,True,True,True,True,False,False,False,False,False,False,False
5595,STATE_PREFLIGHT,12.4,0.05,0.1,0.45,0.0,0.0,0.09810000419616699,0.0010000000149011613,0.0020000000298023225,0.0030000001192092896,0.12300000190734864,0.45599998474121095,0.789000015258789,980.5,25.0,0.0,0.0,0.980999984741211,1,46.5,6.6,1200.0,1.5,3.5,12,9.8100004196167,98.0999984741211,11.984000244140624,0.0,1200.0,True,True,True,True,True,True,True,True,True,True,True,True,True,True,True,True,False,False,False,False,False,False,False
6105,STATE_PREFLIGHT,12.4,0.05,0.1,0.45,0.0,0.0,0.09810000419616699,0.0010000000149011613,0.0020000000298023225,0.0030000001192092896,0.12300000190734864,0.45599998474121095,0.789000015258789,980.5,25.0,0.0,0.0,0.980999984741211,1,46.5,6.6,1200.0,1.5,3.5,12,9.8100004196167,98.0999984741211,11.984000244140624,0.0,1200.0,True,True,True,True,True,True,True,True,True,True,True,True,True,True,True,True,False,False,False,False,False,False,False
6611,STATE_PREFLIGHT,12.4,0.05,0.1,0.45,0.0,0.0,0.09810000419616699,0.0010000000149011613,0.0020000000298023225,0.0030000001192092896,0.12300000190734864,0.45599998474121095,0.789000015258789,980.5,25.0,0.0,0.0,0.980999984741211,1,46.5,6.6,1200.0,1.5,3.5,12,9.8100004196167,98.0999984741211,11.984000244140624,0.0,1200.0,True,True,True,True,True,True,True,True,True,True,True,True,True,True,True,True,False,False,False,False,False,False,False
7120,STATE_PREFLIGHT,12.4,0.05,0.1,0.45,0.0,0.0,0.09810000419616699,0.0010000000149011613,0.0020000000298023225,0.0030000001192092896,0.12300000190734864,0.45599998474121095,0.789000015258789,980.5,25.0,0.0,0.0,0.980999984741211,1,46.5,6.6,1200.0,1.5,3.5,12,9.8100004196167,98.0999984741211,11.984000244140624,0.0,1200.0,True,True,True,True,True,True,True,True,True,True,True,True,True,True,True,True,False,False,False,False,False,False,False
7630,STATE_PREFLIGHT,12.4,0.05,0.1,0.45,0.0,0.0,0.09810000419616699,0.0010000000149011613,0.0020000000298023225,0.0030000001192092896,0.12300000190734864,0.45599998474121095,0.789000015258789,980.5,25.0,0.0,0.0,0.980999984741211,1,46.5,6.6,1200.0,1.5,3.5,12,9.8100004196167,98.0999984741211,11.984000244140624,0.0,1200.0,True,True,True,True,True,True,True,True,True,True,True,True,True,True,True,True,False,False,False,False,False,False,False
8136,STATE_PREFLIGHT,12.4,0.05,0.1,0.45,0.0,0.0,0.09810000419616699,0.0010000000149011613,0.0020000000298023225,0.0030000001192092896,0.12300000190734864,0.45599998474121095,0.789000015258789,980.5,25.0,0.0,0.0,0.980999984741211,1,46.5,6.6,1200.0,1.5,3.5,12,9.8100004196167,98.0999984741211,11.984000244140624,0.0,1200.0,True,True,True,True,True,True,True,True,True,True,True,True,True,True,True,True,False,False,False,False,False,False,False
8647,STATE_PREFLIGHT,12.4,0.05,0.1,0.45,0.0,0.0,0.09810000419616699,0.0010000000149011613,0.0020000000298023225,0.0030000001192092896,0.12300000190734864,0.45599998474121095,0.789000015258789,980.5,25.0,0.0,0.0,0.980999984741211,1,46.5,6.6,1200.0,1.5,3.5,12,9.8100004196167,98.0999984741211,11.984000244140624,0.0,1200.0,True,True,True,True,True,True,True,True,True,True,True,True,True,True,True,True,False,False,False,False,False,False,False
9158,STATE_PREFLIGHT,12.4,0.05,0.1,0.45,0.0,0.0,0.09810000419616699,0.0010000000149011613,0.0020000000298023225,0.0030000001192092896,0.12300000190734864,0.45599998474121095,0.789000015258789,980.5,25.0,0.0,0.0,0.980999984741211,1,46.5,6.6,1200.0,1.5,3.5,12,9.8100004196167,98.0999984741211,11.984000244140624,0.0,1200.0,True,True,True,True,True,True,True,True,True,True,True,True,True,True,True,True,False,False,False,False,False,False,False
9667,STATE_PREFLIGHT,12.4,0.05,0.1,0.45,0.0,0.0,0.09810000419616699,0.0010000000149011613,0.0020000000298023225,0.0030000001192092896,0.12300000190734864,0.45599998474121095,0.789000015258789,980.5,25.0,0.0,0.0,0.980999984741211,1,46.5,6.6,1200.0,1.5,3.5,12,9.8100004196167,98.0999984741211,11.984000244140624,0.0,1200.0,True,True,True,True,True,True,True,True,True,True,True,True,True,True,True,True,False,False,False,False,False,False,False
10178,STATE_PREFLIGHT,12.4,0.05,0.1,0.45,0.0,0.0,0.09810000419616699,0.0010000000149011613,0.0020000000298023225,0.0030000001192092896,0.12300000190734864,0.45599998474121095,0.789000015258789,980.5,25.0,0.0,0.0,0.980999984741211,1,46.5,6.6,1200.0,1.5,3.5,12,9.8100004196167,98.0999984741211,11.984000244140624,0.0,1200.0,True,True,True,True,True,True,True,True,True,True,True,True,True,True,True,True,False,False,False,False,False,False,False
10686,STATE_PREFLIGHT,12.4,0.05,0.1,0.45,0.0,0.0,0.09810000419616699,0.0010000000149011613,0.0020000000298023225,0.0030000001192092896,0.12300000190734864,0.45599998474121095,0.789000015258789,980.5,25.0,0.0,0.0,0.980999984741211,1,46.5,6.6,1200.0,1.5,3.5,12,9.8100004196167,98.0999984741211,11.984000244140624,0.0,1200.0,True,True,True,True,True,True,True,True,True,True,True,True,True,True,True,True,False,False,False,False,False,False,False
11196,STATE_PREFLIGHT,12.4,0.05,0.1,0.45,0.0,0.0,0.09810000419616699,0.0010000000149011613,0.0020000000298023225,0.0030000001192092896,0.12300000190734864,0.45599998474121095,0.789000015258789,980.5,25.0,0.0,0.0,0.980999984741211,1,46.5,6.6,1200.0,1.5,3.5,12,9.8100004196167,98.0999984741211,11.984000244140624,0.0,1200.0,True,True,True,True,True,True,True,True,True,True,True,True,True,True,True,True,False,False,False,False,False,False,False
11707,STATE_PREFLIGHT,12.4,0.05,0.1,0.45,0.0,0.0,0.09810000419616699,0.0010000000149011613,0.0020000000298023225,0.0030000001192092896,0.12300000190734864,0.45599998474121095,0.789000015258789,980.5,25.0,0.0,0.0,0.980999984741211,1,46.5,6.6,1200.0,1.5,3.5,12,9.8100004196167,98.0999984741211,11.984000244140624,0.0,1200.0,True,True,True,True,True,True,True,True,True,True,True,True,True,True,True,True,False,False,False,False,False,False,False
12216,STATE_PREFLIGHT,12.4,0.05,0.1,0.45,0.0,0.0,0.09810000419616699,0.0010000000149011613,0.0020000000298023225,0.0030000001192092896,0.12300000190734864,0.45599998474121095,0.789000015258789,980.5,25.0,0.0,0.0,0.980999984741211,1,46.5,6.6,1200.0,1.5,3.5,12,9.8100004196167,98.0999984741211,11.984000244140624,0.0,1200.0,True,True,True,True,True,True,True,True,True,True,True,True,True,True,True,True,False,False,False,False,False,False,False
12727,STATE_PREFLIGHT,12.4,0.05,0.1,0.45,0.0,0.0,0.09810000419616699,0.0010000000149011613,0.0020000000298023225,0.0030000001192092896,0.12300000190734864,0.45599998474121095,0.789000015258789,980.5,25.0,0.0,0.0,0.980999984741211,1,46.5,6.6,1200.0,1.5,3.5,12,9.8100004196167,98.0999984741211,11.984000244140624,0.0,1200.0,True,True,True,True,True,True,True,True,True,True,True,True,True,True,True,True,False,False,False,False,False,False,False
13238,STATE_PREFLIGHT,12.4,0.05,0.1,0.45,0.0,0.0,0.09810000419616699,0.0010000000149011613,0.0020000000298023225,0.0030000001192092896,0.12300000190734864,0.45599998474121095,0.789000015258789,980.5,25.0,0.0,0.0,0.980999984741211,1,46.5,6.6,1200.0,1.5,3.5,12,9.8100004196167,98.0999984741211,11.984000244140624,0.0,1200.0,True,True,True,True,True,True,True,True,True,True,True,True,True,True,True,True,False,False,False,False,False,False,False
13748,STATE_PREFLIGHT,12.4,0.05,0.1,0.45,0.0,0.0,0.09810000419616699,0.0010000000149011613,0.0020000000298023225,0.0030000001192092896,0.12300000190734864,0.45599998474121095,0.789000015258789,980.5,25.0,0.0,0.0,0.980999984741211,1,46.5,6.6,1200.0,1.5,3.5,12,9.8100004196167,98.0999984741211,11.984000244140624,0.0,1200.0,True,True,True,True,True,True,True,True,True,True,True,True,True,True,True,True,False,False,False,False,False,False,False
14259,STATE_PREFLIGHT,12.4,0.05,0.1,0.45,0.0,0.0,0.09810000419616699,0.0010000000149011613,0.0020000000298023225,0.0030000001192092896,0.12300000190734864,0.45599998474121095,0.789000015258789,980.5,25.0,0.0,0.0,0.980999984741211,1,46.5,6.6,1200.0,1.5,3.5,12,9.8100004196167,98.0999984741211,11.984000244140624,0.0,1200.0,True,True,True,True,True,True,True,True,True,True,True,True,True,True,True,True,False,False,False,False,False,False,False
14770,STATE_PREFLIGHT,12.4,0.05,0.1,0.45,0.0,0.0,0.09810000419616699,0.0010000000149011613,0.0020000000298023225,0.0030000001192092896,0.12300000190734864,0.45599998474121095,0.789000015258789,980.5,25.0,0.0,0.0,0.980999984741211,1,46.5,6.6,1200.0,1.5,3.5,12,9.8100004196167,98.0999984741211,11.984000244140624,0.0,1200.0,True,True,True,True,True,True,True,True,True,True,True,True,True,True,True,True,False,False,False,False,False,False,False
15280,STATE_PREFLIGHT,12.4,0.05,0.1,0.45,0.0,0.0,0.09810000419616699,0.0010000000149011613,0.0020000000298023225,0.0030000001192092896,0.12300000190734864,0.45599998474121095,0.789000015258789,980.5,25.0,0.0,0.0,0.980999984741211,1,46.5,6.6,1200.0,1.5,3.5,12,9.8100004196167,98.0999984741211,11.984000244140624,0.0,1200.0,True,True,True,True,True,True,True,True,True,True,True,True,True,True,True,True,False,False,False,False,False,False,False
15790,STATE_PREFLIGHT,12.4,0.05,0.1,0.45,0.0,0.0,0.09810000419616699,0.0010000000149011613,0.0020000000298023225,0.0030000001192092896,0.12300000190734864,0.45599998474121095,0.789000015258789,980.5,25.0,0.0,0.0,0.980999984741211,1,46.5,6.6,1200.0,1.5,3.5,12,9.8100004196167,98.0999984741211,11.984000244140624,0.0,1200.0,True,True,True,True,True,True,True,True,True,True,True,True,True,True,True,True,False,False,False,False,False,False,False
16300,STATE_PREFLIGHT,12.4,0.05,0.1,0.45,0.0,0.0,0.09810000419616699,0.0010000000149011613,0.0020000000298023225,0.0030000001192092896,0.12300000190734864,0.45599998474121095,0.789000015258789,980.5,25.0,0.0,0.0,0.980999984741211,1,46.5,6.6,1200.0,1.5,3.5,12,9.8100004196167,98.0999984741211,11.984000244140624,0.0,1200.0,True,True,True,True,True,True,True,True,True,True,True,True,True,True,True,True,False,False,False,False,False,False,False
16811,STATE_PREFLIGHT,12.4,0.05,0.1,0.45,0.0,0.0,0.09810000419616699,0.0010000000149011613,0.0020000000298023225,0.0030000001192092896,0.12300000190734864,0.45599998474121095,0.789000015258789,980.5,25.0,0.0,0.0,0.980999984741211,1,46.5,6.6,1200.0,1.5,3.5,12,9.8100004196167,98.0999984741211,11.984000244140624,0.0,1200.0,True,True,True,True,True,True,True,True,True,True,True,True,True,True,True,True,False,False,False,False,False,False,False
17320,STATE_PREFLIGHT,12.4,0.05,0.1,0.45,0.0,0.0,0.09810000419616699,0.0010000000149011613,0.0020000000298023225,0.0030000001192092896,0.12300000190734864,0.45599998474121095,0.789000015258789,980.5,25.0,0.0,0.0,0.980999984741211,1,46.5,6.6,1200.0,1.5,3.5,12,9.8100004196167,98.0999984741211,11.984000244140624,0.0,1200.0,True,True,True,True,True,True,True,True,True,True,True,True,True,True,True,True,False,False,False,False,False,False,False
17828,STATE_PREFLIGHT,12.4,0.05,0.1,0.45,0.0,0.0,0.09810000419616699,0.0010000000149011613,0.0020000000298023225,0.0030000001192092896,0.12300000190734864,0.45599998474121095,0.789000015258789,980.5,25.0,0.0,0.0,0.980999984741211,1,46.5,6.6,1200.0,1.5,3.5,12,9.8100004196167,98.0999984741211,11.984000244140624,0.0,1200.0,True,True,True,True,True,True,True,True,True,True,True,True,True,True,True,True,False,False,False,False,False,False,False
18335,STATE_PREFLIGHT,12.4,0.05,0.1,0.45,0.0,0.0,0.09810000419616699,0.0010000000149011613,0.0020000000298023225,0.0030000001192092896,0.12300000190734864,0.45599998474121095,0.789000015258789,980.5,25.0,0.0,0.0,0.980999984741211,1,46.5,6.6,1200.0,1.5,3.5,12,9.8100004196167,98.0999984741211,11.984000244140624,0.0,1200.0,True,True,True,True,True,True,True,True,True,True,True,True,True,True,True,True,False,False,False,False,False,False,False
18845,STATE_PREFLIGHT,12.4,0.05,0.1,0.45,0.0,0.0,0.09810000419616699,0.0010000000149011613,0.0020000000298023225,0.0030000001192092896,0.12300000190734864,0.45599998474121095,0.789000015258789,980.5,25.0,0.0,0.0,0.980999984741211,1,46.5,6.6,1200.0,1.5,3.5,12,9.8100004196167,98.0999984741211,11.984000244140624,0.0,1200.0,True,True,True,True,True,True,True,True,True,True,True,True,True,True,True,True,False,False,False,False,False,False,False
19354,STATE_PREFLIGHT,12.4,0.05,0.1,0.45,0.0,0.0,0.09810000419616699,0.0010000000149011613,0.0020000000298023225,0.0030000001192092896,0.12300000190734864,0.45599998474121095,0.789000015258789,980.5,25.0,0.0,0.0,0.980999984741211,1,46.5,6.6,1200.0,1.5,3.5,12,9.8100004196167,98.0999984741211,11.984000244140624,0.0,1200.0,True,True,True,True,True,True,True,True,True,True,True,True,True,True,True,True,False,False,False,False,False,False,False
19864,STATE_PREFLIGHT,12.4,0.05,0.1,0.45,0.0,0.0,0.09810000419616699,0.0010000000149011613,0.0020000000298023225,0.0030000001192092896,0.12300000190734864,0.45599998474121095,0.789000015258789,980.5,25.0,0.0,0.0,0.980999984741211,1,46.5,6.6,1200.0,1.5,3.5,12,9.8100004196167,98.0999984741211,11.984000244140624,0.0,1200.0,True,True,True,True,True,True,True,True,True,True,True,True,True,True,True,True,False,False,False,False,False,False,False
20375,STATE_PREFLIGHT,12.4,0.05,0.1,0.45,0.0,0.0,0.09810000419616699,0.0010000000149011613,0.0020000000298023225,0.0030000001192092896,0.12300000190734864,0.45599998474121095,0.789000015258789,980.5,25.0,0.0,0.0,0.980999984741211,1,46.5,6.6,1200.0,1.5,3.5,12,9.8100004196167,98.0999984741211,11.984000244140624,0.0,1200.0,True,True,True,True,True,True,True,True,True,True,True,True,True,True,True,True,False,False,False,False,False,False,False
20883,STATE_PREFLIGHT,12.4,0.05,0.1,0.45,0.0,0.0,0.09810000419616699,0.0010000000149011613,0.0020000000298023225,0.0030000001192092896,0.12300000190734864,0.45599998474121095,0.789000015258789,980.5,25.0,0.0,0.0,0.980999984741211,1,46.5,6.6,1200.0,1.5,3.5,12,9.8100004196167,98.0999984741211,11.984000244140624,0.0,1200.0,True,True,True,True,True,True,True,True,True,True,True,True,True,True,True,True,False,False,False,False,False,False,False
21394,STATE_PREFLIGHT,12.4,0.05,0.1,0.45,0.0,0.0,0.09810000419616699,0.0010000000149011613,0.0020000000298023225,0.0030000001192092896,0.12300000190734864,0.45599998474121095,0.789000015258789,980.5,25.0,0.0,0.0,0.980999984741211,1,46.5,6.6,1200.0,1.5,3.5,12,9.8100004196167,98.0999984741211,11.984000244140624,0.0,1200.0,True,True,True,True,True,True,True,True,True,True,True,True,True,True,True,True,False,False,False,False,False,False,False
21903,STATE_PREFLIGHT,12.4,0.05,0.1,0.45,0.0,0.0,0.09810000419616699,0.0010000000149011613,0.0020000000298023225,0.0030000001192092896,0.12300000190734864,0.45599998474121095,0.789000015258789,980.5,25.0,0.0,0.0,0.980999984741211,1,46.5,6.6,1200.0,1.5,3.5,12,9.8100004196167,98.0999984741211,11.984000244140624,0.0,1200.0,True,True,True,True,True,True,True,True,True,True,True,True,True,True,True,True,False,False,False,False,False,False,False
22414,STATE_PREFLIGHT,12.4,0.05,0.1,0.45,0.0,0.0,0.09810000419616699,0.0010000000149011613,0.0020000000298023225,0.0030000001192092896,0.12300000190734864,0.45599998474121095,0.789000015258789,980.5,25.0,0.0,0.0,0.980999984741211,1,46.5,6.6,1200.0,1.5,3.5,12,9.8100004196167,98.0999984741211,11.984000244140624,0.0,1200.0,True,True,True,True,True,True,True,True,True,True,True,True,True,True,True,True,False,False,False,False,False,False,False
22920,STATE_PREFLIGHT,12.4,0.05,0.1,0.45,0.0,0.0,0.09810000419616699,0.0010000000149011613,0.0020000000298023225,0.0030000001192092896,0.12300000190734864,0.45599998474121095,0.789000015258789,980.5,25.0,0.0,0.0,0.980999984741211,1,46.5,6.6,1200.0,1.5,3.5,12,9.8100004196167,98.0999984741211,11.984000244140624,0.0,1200.0,True,True,True,True,True,True,True,True,True,True,True,True,True,True,True,True,False,False,False,False,False,False,False
23428,STATE_PREFLIGHT,12.4,0.05,0.1,0.45,0.0,0.0,0.09810000419616699,0.0010000000149011613,0.0020000000298023225,0.0030000001192092896,0.12300000190734864,0.45599998474121095,0.789000015258789,980.5,25.0,0.0,0.0,0.980999984741211,1,46.5,6.6,1200.0,1.5,3.5,12,9.8100004196167,98.0999984741211,11.984000244140624,0.0,1200.0,True,True,True,True,True,True,True,True,True,True,True,True,True,True,True,True,False,False,False,False,False,False,False
23939,STATE_PREFLIGHT,12.4,0.05,0.1,0.45,0.0,0.0,0.09810000419616699,0.0010000000149011613,0.0020000000298023225,0.0030000001192092896,0.12300000190734864,0.45599998474121095,0.789000015258789,980.5,25.0,0.0,0.0,0.980999984741211,1,46.5,6.6,1200.0,1.5,3.5,12,9.8100004196167,98.0999984741211,11.984000244140624,0.0,1200.0,True,True,True,True,True,True,True,True,True,True,True,True,True,True,True,True,False,False,False,False,False,False,False
24450,STATE_PREFLIGHT,12.4,0.05,0.1,0.45,0.0,0.0,0.09810000419616699,0.0010000000149011613,0.0020000000298023225,0.0030000001192092896,0.12300000190734864,0.45599998474121095,0.789000015258789,980.5,25.0,0.0,0.0,0.980999984741211,1,46.5,6.6,1200.0,1.5,3.5,12,9.8100004196167,98.0999984741211,11.984000244140624,0.0,1200.0,True,True,True,True,True,True,True,True,True,True,True,True,True,True,True,True,False,False,False,False,False,False,False
24960,STATE_PREFLIGHT,12.4,0.05,0.1,0.45,0.0,0.0,0.09810000419616699,0.0010000000149011613,0.0020000000298023225,0.0030000001192092896,0.12300000190734864,0.45599998474121095,0.789000015258789,980.5,25.0,0.0,0.0,0.980999984741211,1,46.5,6.6,1200.0,1.5,3.5,12,9.8100004196167,98.0999984741211,11.984000244140624,0.0,1200.0,True,True,True,True,True,True,True,True,True,True,True,True,True,True,True,True,False,False,False,False,False,False,False
25471,STATE_PREFLIGHT,12.4,0.05,0.1,0.45,0.0,0.0,0.09810000419616699,0.0010000000149011613,0.0020000000298023225,0.0030000001192092896,0.12300000190734864,0.45599998474121095,0.789000015258789,980.5,25.0,0.0,0.0,0.980999984741211,1,46.5,6.6,1200.0,1.5,3.5,12,9.8100004196167,98.0999984741211,11.984000244140624,0.0,1200.0,True,True,True,True,True,True,True,True,True,True,True,True,True,True,True,True,False,False,False,False,False,False,False
25981,STATE_PREFLIGHT,12.4,0.05,0.1,0.45,0.0,0.0,0.09810000419616699,0.0010000000149011613,0.0020000000298023225,0.0030000001192092896,0.12300000190734864,0.45599998474121095,0.789000015258789,980.5,25.0,0.0,0.0,0.980999984741211,1,46.5,6.6,1200.0,1.5,3.5,12,9.8100004196167,98.0999984741211,11.984000244140624,0.0,1200.0,True,True,True,True,True,True,True,True,True,True,True,True,True,True,True,True,False,False,False,False,False,False,False
26491,STATE_PREFLIGHT,12.4,0.05,0.1,0.45,0.0,0.0,0.09810000419616699,0.0010000000149011613,0.0020000000298023225,0.0030000001192092896,0.12300000190734864,0.45599998474121095,0.789000015258789,980.5,25.0,0.0,0.0,0.980999984741211,1,46.5,6.6,1200.0,1.5,3.5,12,9.8100004196167,98.0999984741211,11.984000244140624,0.0,1200.0,True,True,True,True,True,True,True,True,True,True,True,True,True,True,True,True,False,False,False,False,False,False,False
27002,STATE_PREFLIGHT,12.4,0.05,0.1,0.45,0.0,0.0,0.09810000419616699,0.0010000000149011613,0.0020000000298023225,0.0030000001192092896,0.12300000190734864,0.45599998474121095,0.789000015258789,980.5,25.0,0.0,0.0,0.980999984741211,1,46.5,6.6,1200.0,1.5,3.5,12,9.8100004196167,98.0999984741211,11.984000244140624,0.0,1200.0,True,True,True,True,True,True,True,True,True,True,True,True,True,True,True,True,False,False,False,False,False,False,False
27513,STATE_PREFLIGHT,12.4,0.05,0.1,0.45,0.0,0.0,0.09810000419616699,0.0010000000149011613,0.0020000000298023225,0.0030000001192092896,0.12300000190734864,0.45599998474121095,0.789000015258789,980.5,25.0,0.0,0.0,0.980999984741211,1,46.5,6.6,1200.0,1.5,3.5,12,9.8100004196167,98.0999984741211,11.984000244140624,0.0,1200.0,True,True,True,True,True,True,True,True,True,True,True,True,True,True,True,True,False,False,False,False,False,False,False
28023,STATE_PREFLIGHT,12.4,0.05,0.1,0.45,0.0,0.0,0.09810000419616699,0.0010000000149011613,0.0020000000298023225,0.0030000001192092896,0.12300000190734864,0.45599998474121095,0.789000015258789,980.5,25.0,0.0,0.0,0.980999984741211,1,46.5,6.6,1200.0,1.5,3.5,12,9.8100004196167,98.0999984741211,11.984000244140624,0.0,1200.0,True,True,True,True,True,True,True,True,True,True,True,True,True,True,True,True,False,False,False,False,False,False,False
28534,STATE_PREFLIGHT,12.4,0.05,0.1,0.45,0.0,0.0,0.09810000419616699,0.0010000000149011613,0.0020000000298023225,0.0030000001192092896,0.12300000190734864,0.45599998474121095,0.789000015258789,980.5,25.0,0.0,0.0,0.980999984741211,1,46.5,6.6,1200.0,1.5,3.5,12,9.8100004196167,98.0999984741211,11.984000244140624,0.0,1200.0,True,True,True,True,True,True,True,True,True,True,True,True,True,True,True,True,False,False,False,False,False,False,False
29043,STATE_PREFLIGHT,12.4,0.05,0.1,0.45,0.0,0.0,0.09810000419616699,0.0010000000149011613,0.0020000000298023225,0.0030000001192092896,0.12300000190734864,0.45599998474121095,0.789000015258789,980.5,25.0,0.0,0.0,0.980999984741211,1,46.5,6.6,1200.0,1.5,3.5,12,9.8100004196167,98.0999984741211,11.984000244140624,0.0,1200.0,True,True,True,True,True,True,True,True,True,True,True,True,True,True,True,True,False,False,False,False,False,False,False
29554,STATE_PREFLIGHT,12.4,0.05,0.1,0.45,0.0,0.0,0.09810000419616699,0.0010000000149011613,0.0020000000298023225,0.0030000001192092896,0.12300000190734864,0.45599998474121095,0.789000015258789,980.5,25.0,0.0,0.0,0.980999984741211,1,46.5,6.6,1200.0,1.5,3.5,12,9.8100004196167,98.0999984741211,11.984000244140624,0.0,1200.0,True,True,True,True,True,True,True,True,True,True,True,True,True,True,True,True,False,False,False,False,False,False,False
30062,STATE_PREFLIGHT,12.4,0.05,0.1,0.45,0.0,0.0,0.09810000419616699,0.0010000000149011613,0.0020000000298023225,0.0030000001192092896,0.12300000190734864,0.45599998474121095,0.789000015258789,980.5,25.0,0.0,0.0,0.980999984741211,1,46.5,6.6,1200.0,1.5,3.5,12,9.8100004196167,98.0999984741211,11.984000244140624,0.0,1200.0,True,True,True,True,True,True,True,True,True,True,True,True,True,True,True,True,False,False,False,False,False,False,False
30570,STATE_PREFLIGHT,12.4,0.05,0.1,0.45,0.0,0.0,0.09810000419616699,0.0010000000149011613,0.0020000000298023225,0.0030000001192092896,0.12300000190734864,0.45599998474121095,0.789000015258789,980.5,25.0,0.0,0.0,0.980999984741211,1,46.5,6.6,1200.0,1.5,3.5,12,9.8100004196167,98.0999984741211,11.984000244140624,0.0,1200.0,True,True,True,True,True,True,True,True,True,True,True,True,True,True,True,True,False,False,False,False,False,False,False
31081,STATE_PREFLIGHT,12.4,0.05,0.1,0.45,0.0,0.0,0.09810000419616699,0.0010000000149011613,0.0020000000298023225,0.0030000001192092896,0.12300000190734864,0.45599998474121095,0.789000015258789,980.5,25.0,0.0,0.0,0.980999984741211,1,46.5,6.6,1200.0,1.5,3.5,12,9.8100004196167,98.0999984741211,11.984000244140624,0.0,1200.0,True,True,True,True,True,True,True,True,True,True,True,True,True,True,True,True,False,False,False,False,False,False,False
31591,STATE_PREFLIGHT,12.4,0.05,0.1,0.45,0.0,0.0,0.09810000419616699,0.0010000000149011613,0.0020000000298023225,0.0030000001192092896,0.12300000190734864,0.45599998474121095,0.789000015258789,980.5,25.0,0.0,0.0,0.980999984741211,1,46.5,6.6,1200.0,1.5,3.5,12,9.8100004196167,98.0999984741211,11.984000244140624,0.0,1200.0,True,True,True,True,True,True,True,True,True,True,True,True,True,True,True,True,False,False,False,False,False,False,False
32099,STATE_PREFLIGHT,12.4,0.05,0.1,0.45,0.0,0.0,0.09810000419616699,0.0010000000149011613,0.0020000000298023225,0.0030000001192092896,0.12300000190734864,0.45599998474121095,0.789000015258789,980.5,25.0,0.0,0.0,0.980999984741211,1,46.5,6.6,1200.0,1.5,3.5,12,9.8100004196167,98.0999984741211,11.984000244140624,0.0,1200.0,True,True,True,True,True,True,True,True,True,True,True,True,True,True,True,True,False,False,False,False,False,False,False
32606,STATE_PREFLIGHT,12.4,0.05,0.1,0.45,0.0,0.0,0.09810000419616699,0.0010000000149011613,0.0020000000298023225,0.0030000001192092896,0.12300000190734864,0.45599998474121095,0.789000015258789,980.5,25.0,0.0,0.0,0.980999984741211,1,46.5,6.6,1200.0,1.5,3.5,12,9.8100004196167,98.0999984741211,11.984000244140624,0.0,1200.0,True,True,True,True,True,True,True,True,True,True,True,True,True,True,True,True,False,False,False,False,False,False,False
33112,STATE_PREFLIGHT,12.4,0.05,0.1,0.45,0.0,0.0,0.09810000419616699,0.0010000000149011613,0.0020000000298023225,0.0030000001192092896,0.12300000190734864,0.45599998474121095,0.789000015258789,980.5,25.0,0.0,0.0,0.980999984741211,1,46.5,6.6,1200.0,1.5,3.5,12,9.8100004196167,98.0999984741211,11.984000244140624,0.0,1200.0,True,True,True,True,True,True,True,True,True,True,True,True,True,True,True,True,False,False,False,False,False,False,False
33620,STATE_PREFLIGHT,12.4,0.05,0.1,0.45,0.0,0.0,0.09810000419616699,0.0010000000149011613,0.0020000000298023225,0.0030000001192092896,0.12300000190734864,0.45599998474121095,0.789000015258789,980.5,25.0,0.0,0.0,0.980999984741211,1,46.5,6.6,1200.0,1.5,3.5,12,9.8100004196167,98.0999984741211,11.984000244140624,0.0,1200.0,True,True,True,True,True,True,True,True,True,True,True,True,True,True,True,True,False,False,False,False,False,False,False
34129,STATE_PREFLIGHT,12.4,0.05,0.1,0.45,0.0,0.0,0.09810000419616699,0.0010000000149011613,0.0020000000298023225,0.0030000001192092896,0.12300000190734864,0.45599998474121095,0.789000015258789,980.5,25.0,0.0,0.0,0.980999984741211,1,46.5,6.6,1200.0,1.5,3.5,12,9.8100004196167,98.0999984741211,11.984000244140624,0.0,1200.0,True,True,True,True,True,True,True,True,True,True,True,True,True,True,True,True,False,False,False,False,False,False,False
34637,STATE_PREFLIGHT,12.4,0.05,0.1,0.45,0.0,0.0,0.09810000419616699,0.0010000000149011613,0.0020000000298023225,0.0030000001192092896,0.12300000190734864,0.45599998474121095,0.789000015258789,980.5,25.0,0.0,0.0,0.980999984741211,1,46.5,6.6,1200.0,1.5,3.5,12,9.8100004196167,98.0999984741211,11.984000244140624,0.0,1200.0,True,True,True,True,True,True,True,True,True,True,True,True,True,True,True,True,False,False,False,False,False,False,False
35148,STATE_PREFLIGHT,12.4,0.05,0.1,0.45,0.0,0.0,0.09810000419616699,0.0010000000149011613,0.0020000000298023225,0.0030000001192092896,0.12300000190734864,0.45599998474121095,0.789000015258789,980.5,25.0,0.0,0.0,0.980999984741211,1,46.5,6.6,1200.0,1.5,3.5,12,9.8100004196167,98.0999984741211,11.984000244140624,0.0,1200.0,True,True,True,True,True,True,True,True,True,True,True,True,True,True,True,True,False,False,False,False,False,False,False
35656,STATE_PREFLIGHT,12.4,0.05,0.1,0.45,0.0,0.0,0.09810000419616699,0.0010000000149011613,0.0020000000298023225,0.0030000001192092896,0.12300000190734864,0.45599998474121095,0.789000015258789,980.5,25.0,0.0,0.0,0.980999984741211,1,46.5,6.6,1200.0,1.5,3.5,12,9.8100004196167,98.0999984741211,11.984000244140624,0.0,1200.0,True,True,True,True,True,True,True,True,True,True,True,True,True,True,True,True,False,False,False,False,False,False,False
36164,STATE_PREFLIGHT,12.4,0.05,0.1,0.45,0.0,0.0,0.09810000419616699,0.0010000000149011613,0.0020000000298023225,0.0030000001192092896,0.12300000190734864,0.45599998474121095,0.789000015258789,980.5,25.0,0.0,0.0,0.980999984741211,1,46.5,6.6,1200.0,1.5,3.5,12,9.8100004196167,98.0999984741211,11.984000244140624,0.0,1200.0,True,True,True,True,True,True,True,True,True,True,True,True,True,True,True,True,False,False,False,False,False,False,False
36670,STATE_PREFLIGHT,12.4,0.05,0.1,0.45,0.0,0.0,0.09810000419616699,0.0010000000149011613,0.0020000000298023225,0.0030000001192092896,0.12300000190734864,0.45599998474121095,0.789000015258789,980.5,25.0,0.0,0.0,0.980999984741211,1,46.5,6.6,1200.0,1.5,3.5,12,9.8100004196167,98.0999984741211,11.984000244140624,0.0,1200.0,True,True,True,True,True,True,True,True,True,True,True,True,True,True,True,True,False,False,False,False,False,False,False
37181,STATE_PREFLIGHT,12.4,0.05,0.1,0.45,0.0,0.0,0.09810000419616699,0.0010000000149011613,0.0020000000298023225,0.0030000001192092896,0.12300000190734864,0.45599998474121095,0.789000015258789,980.5,25.0,0.0,0.0,0.980999984741211,1,46.5,6.6,1200.0,1.5,3.5,12,9.8100004196167,98.0999984741211,11.984000244140624,0.0,1200.0,True,True,True,True,True,True,True,True,True,True,True,True,True,True,True,True,False,False,False,False,False,False,False
37692,STATE_PREFLIGHT,12.4,0.05,0.1,0.45,0.0,0.0,0.09810000419616699,0.0010000000149011613,0.0020000000298023225,0.0030000001192092896,0.12300000190734864,0.45599998474121095,0.789000015258789,980.5,25.0,0.0,0.0,0.980999984741211,1,46.5,6.6,1200.0,1.5,3.5,12,9.8100004196167,98.0999984741211,11.984000244140624,0.0,1200.0,True,True,True,True,True,True,True,True,True,True,True,True,True,True,True,True,False,False,False,False,False,False,False
38201,STATE_PREFLIGHT,12.4,0.05,0.1,0.45,0.0,0.0,0.09810000419616699,0.0010000000149011613,0.0020000000298023225,0.0030000001192092896,0.12300000190734864,0.45599998474121095,0.789000015258789,980.5,25.0,0.0,0.0,0.980999984741211,1,46.5,6.6,1200.0,1.5,3.5,12,9.8100004196167,98.0999984741211,11.984000244140624,0.0,1200.0,True,True,True,True,True,True,True,True,True,True,True,True,True,True,True,True,False,False,False,False,False,False,False
38711,STATE_PREFLIGHT,12.4,0.05,0.1,0.45,0.0,0.0,0.09810000419616699,0.0010000000149011613,0.0020000000298023225,0.0030000001192092896,0.12300000190734864,0.45599998474121095,0.789000015258789,980.5,25.0,0.0,0.0,0.980999984741211,1,46.5,6.6,1200.0,1.5,3.5,12,9.8100004196167,98.0999984741211,11.984000244140624,0.0,1200.0,True,True,True,True,True,True,True,True,True,True,True,True,True,True,True,True,False,False,False,False,False,False,False
39220,STATE_PREFLIGHT,12.4,0.05,0.1,0.45,0.0,0.0,0.09810000419616699,0.0010000000149011613,0.0020000000298023225,0.0030000001192092896,0.12300000190734864,0.45599998474121095,0.789000015258789,980.5,25.0,0.0,0.0,0.980999984741211,1,46.5,6.6,1200.0,1.5,3.5,12,9.8100004196167,98.0999984741211,11.984000244140624,0.0,1200.0,True,True,True,True,True,True,True,True,True,True,True,True,True,True,True,True,False,False,False,False,False,False,False
39731,STATE_PREFLIGHT,12.4,0.05,0.1,0.45,0.0,0.0,0.09810000419616699,0.0010000000149011613,0.0020000000298023225,0.0030000001192092896,0.12300000190734864,0.45599998474121095,0.789000015258789,980.5,25.0,0.0,0.0,0.980999984741211,1,46.5,6.6,1200.0,1.5,3.5,12,9.8100004196167,98.0999984741211,11.984000244140624,0.0,1200.0,True,True,True,True,True,True,True,True,True,True,True,True,True,True,True,True,False,False,False,False,False,False,False
40237,STATE_PREFLIGHT,12.4,0.05,0.1,0.45,0.0,0.0,0.09810000419616699,0.0010000000149011613,0.0020000000298023225,0.0030000001192092896,0.12300000190734864,0.45599998474121095,0.789000015258789,980.5,25.0,0.0,0.0,0.980999984741211,1,46.5,6.6,1200.0,1.5,3.5,12,9.8100004196167,98.0999984741211,11.984000244140624,0.0,1200.0,True,True,True,True,True,True,True,True,True,True,True,True,True,True,True,True,False,False,False,False,False,False,False
40745,STATE_PREFLIGHT,12.4,0.05,0.1,0.45,0.0,0.0,0.09810000419616699,0.0010000000149011613,0.0020000000298023225,0.0030000001192092896,0.12300000190734864,0.45599998474121095,0.789000015258789,980.5,25.0,0.0,0.0,0.980999984741211,1,46.5,6.6,1200.0,1.5,3.5,12,9.8100004196167,98.0999984741211,11.984000244140624,0.0,1200.0,True,True,True,True,True,True,True,True,True,True,True,True,True,True,True,True,False,False,False,False,False,False,False
41256,STATE_PREFLIGHT,12.4,0.05,0.1,0.45,0.0,0.0,0.09810000419616699,0.0010000000149011613,0.0020000000298023225,0.0030000001192092896,0.12300000190734864,0.45599998474121095,0.789000015258789,980.5,25.0,0.0,0.0,0.980999984741211,1,46.5,6.6,1200.0,1.5,3.5,12,9.8100004196167,98.0999984741211,11.984000244140624,0.0,1200.0,True,True,True,True,True,True,True,True,True,True,True,True,True,True,True,True,False,False,False,False,False,False,False
41766,STATE_PREFLIGHT,12.4,0.05,0.1,0.45,0.0,0.0,0.09810000419616699,0.0010000000149011613,0.0020000000298023225,0.0030000001192092896,0.12300000190734864,0.45599998474121095,0.789000015258789,980.5,25.0,0.0,0.0,0.980999984741211,1,46.5,6.6,1200.0,1.5,3.5,12,9.8100004196167,98.0999984741211,11.984000244140624,0.0,1200.0,True,True,True,True,True,True,True,True,True,True,True,True,True,True,True,True,False,False,False,False,False,False,False
42275,STATE_PREFLIGHT,12.4,0.05,0.1,0.45,0.0,0.0,0.09810000419616699,0.0010000000149011613,0.0020000000298023225,0.0030000001192092896,0.12300000190734864,0.45599998474121095,0.789000015258789,980.5,25.0,0.0,0.0,0.980999984741211,1,46.5,6.6,1200.0,1.5,3.5,12,9.8100004196167,98.0999984741211,11.984000244140624,0.0,1200.0,True,True,True,True,True,True,True,True,True,True,True,True,True,True,True,True,False,False,False,False,False,False,False
42786,STATE_PREFLIGHT,12.4,0.05,0.1,0.45,0.0,0.0,0.09810000419616699,0.0010000000149011613,0.0020000000298023225,0.0030000001192092896,0.12300000190734864,0.45599998474121095,0.789000015258789,980.5,25.0,0.0,0.0,0.980999984741211,1,46.5,6.6,1200.0,1.5,3.5,12,9.8100004196167,98.0999984741211,11.984000244140624,0.0,1200.0,True,True,True,True,True,True,True,True,True,True,True,True,True,True,True,True,False,False,False,False,False,False,False
43297,STATE_PREFLIGHT,12.4,0.05,0.1,0.45,0.0,0.0,0.09810000419616699,0.0010000000149011613,0.0020000000298023225,0.0030000001192092896,0.12300000190734864,0.45599998474121095,0.789000015258789,980.5,25.0,0.0,0.0,0.980999984741211,1,46.5,6.6,1200.0,1.5,3.5,12,9.8100004196167,98.0999984741211,11.984000244140624,0.0,1200.0,True,True,True,True,True,True,True,True,True,True,True,True,True,True,True,True,False,False,False,False,False,False,False
43806,STATE_PREFLIGHT,12.4,0.05,0.1,0.45,0.0,0.0,0.09810000419616699,0.0010000000149011613,0.0020000000298023225,0.0030000001192092896,0.12300000190734864,0.45599998474121095,0.789000015258789,980.5,25.0,0.0,0.0,0.980999984741211,1,46.5,6.6,1200.0,1.5,3.5,12,9.8100004196167,98.0999984741211,11.984000244140624,0.0,1200.0,True,True,True,True,True,True,True,True,True,True,True,True,True,True,True,True,False,False,False,False,False,False,False
44312,STATE_PREFLIGHT,12.4,0.05,0.1,0.45,0.0,0.0,0.09810000419616699,0.0010000000149011613,0.0020000000298023225,0.0030000001192092896,0.12300000190734864,0.45599998474121095,0.789000015258789,980.5,25.0,0.0,0.0,0.980999984741211,1,46.5,6.6,1200.0,1.5,3.5,12,9.8100004196167,98.0999984741211,11.984000244140624,0.0,1200.0,True,True,True,True,True,True,True,True,True,True,True,True,True,True,True,True,False,False,False,False,False,False,False
44820,STATE_PREFLIGHT,12.4,0.05,0.1,0.45,0.0,0.0,0.09810000419616699,0.0010000000149011613,0.0020000000298023225,0.0030000001192092896,0.12300000190734864,0.45599998474121095,0.789000015258789,980.5,25.0,0.0,0.0,0.980999984741211,1,46.5,6.6,1200.0,1.5,3.5,12,9.8100004196167,98.0999984741211,11.984000244140624,0.0,1200.0,True,True,True,True,True,True,True,True,True,True,True,True,True,True,True,True,False,False,False,False,False,False,False
45329,STATE_PREFLIGHT,12.4,0.05,0.1,0.45,0.0,0.0,0.09810000419616699,0.0010000000149011613,0.0020000000298023225,0.0030000001192092896,0.12300000190734864,0.45599998474121095,0.789000015258789,980.5,25.0,0.0,0.0,0.980999984741211,1,46.5,6.6,1200.0,1.5,3.5,12,9.8100004196167,98.0999984741211,11.984000244140624,0.0,1200.0,True,True,True,True,True,True,True,True,True,True,True,True,True,True,True,True,False,False,False,False,False,False,False
45837,STATE_PREFLIGHT,12.4,0.05,0.1,0.45,0.0,0.0,0.09810000419616699,0.0010000000149011613,0.0020000000298023225,0.0030000001192092896,0.12300000190734864,0.45599998474121095,0.789000015258789,980.5,25.0,0.0,0.0,0.980999984741211,1,46.5,6.6,1200.0,1.5,3.5,12,9.8100004196167,98.0999984741211,11.984000244140624,0.0,1200.0,True,True,True,True,True,True,True,True,True,True,True,True,True,True,True,True,False,False,False,False,False,False,False
46348,STATE_PREFLIGHT,12.4,0.05,0.1,0.45,0.0,0.0,0.09810000419616699,0.0010000000149011613,0.0020000000298023225,0.0030000001192092896,0.12300000190734864,0.45599998474121095,0.789000015258789,980.5,25.0,0.0,0.0,0.980999984741211,1,46.5,6.6,1200.0,1.5,3.5,12,9.8100004196167,98.0999984741211,11.984000244140624,0.0,1200.0,True,True,True,True,True,True,True,True,True,True,True,True,True,True,True,True,False,False,False,False,False,False,False
46857,STATE_PREFLIGHT,12.4,0.05,0.1,0.45,0.0,0.0,0.09810000419616699,0.0010000000149011613,0.0020000000298023225,0.0030000001192092896,0.12300000190734864,0.45599998474121095,0.789000015258789,980.5,25.0,0.0,0.0,0.980999984741211,1,46.5,6.6,1200.0,1.5,3.5,12,9.8100004196167,98.0999984741211,11.984000244140624,0.0,1200.0,True,True,True,True,True,True,True,True,True,True,True,True,True,True,True,True,False,False,False,False,False,False,False
47363,STATE_PREFLIGHT,12.4,0.05,0.1,0.45,0.0,0.0,0.09810000419616699,0.0010000000149011613,0.0020000000298023225,0.0030000001192092896,0.12300000190734864,0.45599998474121095,0.789000015258789,980.5,25.0,0.0,0.0,0.980999984741211,1,46.5,6.6,1200.0,1.5,3.5,12,9.8100004196167,98.0999984741211,11.984000244140624,0.0,1200.0,True,True,True,True,True,True,True,True,True,True,True,True,True,True,True,True,False,False,False,False,False,False,False
47871,STATE_PREFLIGHT,12.4,0.05,0.1,0.45,0.0,0.0,0.09810000419616699,0.0010000000149011613,0.0020000000298023225,0.0030000001192092896,0.12300000190734864,0.45599998474121095,0.789000015258789,980.5,25.0,0.0,0.0,0.980999984741211,1,46.5,6.6,1200.0,1.5,3.5,12,9.8100004196167,98.0999984741211,11.984000244140624,0.0,1200.0,True,True,True,True,True,True,True,True,True,True,True,True,True,True,True,True,False,False,False,False,False,False,False
48379,STATE_PREFLIGHT,12.4,0.05,0.1,0.45,0.0,0.0,0.09810000419616699,0.0010000000149011613,0.0020000000298023225,0.0030000001192092896,0.12300000190734864,0.45599998474121095,0.789000015258789,980.5,25.0,0.0,0.0,0.980999984741211,1,46.5,6.6,1200.0,1.5,3.5,12,9.8100004196167,98.0999984741211,11.984000244140624,0.0,1200.0,True,True,True,True,True,True,True,True,True,True,True,True,True,True,True,True,False,False,False,False,False,False,False
48890,STATE_PREFLIGHT,12.4,0.05,0.1,0.45,0.0,0.0,0.09810000419616699,0.0010000000149011613,0.0020000000298023225,0.0030000001192092896,0.12300000190734864,0.45599998474121095,0.789000015258789,980.5,25.0,0.0,0.0,0.980999984741211,1,46.5,6.6,1200.0,1.5,3.5,12,9.8100004196167,98.0999984741211,11.984000244140624,0.0,1200.0,True,True,True,True,True,True,True,True,True,True,True,True,True,True,True,True,False,False,False,False,False,False,False
49400,STATE_PREFLIGHT,12.4,0.05,0.1,0.45,0.0,0.0,0.09810000419616699,0.0010000000149011613,0.0020000000298023225,0.0030000001192092896,0.12300000190734864,0.45599998474121095,0.789000015258789,980.5,25.0,0.0,0.0,0.980999984741211,1,46.5,6.6,1200.0,1.5,3.5,12,9.8100004196167,98.0999984741211,11.984000244140624,0.0,1200.0,True,True,True,True,True,True,True,True,True,True,True,True,True,True,True,True,False,False,False,False,False,False,False
49907,STATE_PREFLIGHT,12.4,0.05,0.1,0.45,0.0,0.0,0.09810000419616699,0.0010000000149011613,0.0020000000298023225,0.0030000001192092896,0.12300000190734864,0.45599998474121095,0.789000015258789,980.5,25.0,0.0,0.0,0.980999984741211,1,46.5,6.6,1200.0,1.5,3.5,12,9.8100004196167,98.0999984741211,11.984000244140624,0.0,1200.0,True,True,True,True,True,True,True,True,True,True,True,True,True,True,True,True,False,False,False,False,False,False,False
50418,STATE_PREFLIGHT,12.4,0.05,0.1,0.45,0.0,0.0,0.09810000419616699,0.0010000000149011613,0.0020000000298023225,0.0030000001192092896,0.12300000190734864,0.45599998474121095,0.789000015258789,980.5,25.0,0.0,0.0,0.980999984741211,1,46.5,6.6,1200.0,1.5,3.5,12,9.8100004196167,98.0999984741211,11.984000244140624,0.0,1200.0,True,True,True,True,True,True,True,True,True,True,True,True,True,True,True,True,False,False,False,False,False,False,False
50929,STATE_PREFLIGHT,12.4,0.05,0.1,0.45,0.0,0.0,0.09810000419616699,0.0010000000149011613,0.0020000000298023225,0.0030000001192092896,0.12300000190734864,0.45599998474121095,0.789000015258789,980.5,25.0,0.0,0.0,0.980999984741211,1,46.5,6.6,1200.0,1.5,3.5,12,9.8100004196167,98.0999984741211,11.984000244140624,0.0,1200.0,True,True,True,True,True,True,True,True,True,True,True,True,True,True,True,True,False,False,False,False,False,False,False
51440,STATE_PREFLIGHT,12.4,0.05,0.1,0.45,0.0,0.0,0.09810000419616699,0.0010000000149011613,0.0020000000298023225,0.0030000001192092896,0.12300000190734864,0.45599998474121095,0.789000015258789,980.5,25.0,0.0,0.0,0.980999984741211,1,46.5,6.6,1200.0,1.5,3.5,12,9.8100004196167,98.0999984741211,11.984000244140624,0.0,1200.0,True,True,True,True,True,True,True,True,True,True,True,True,True,True,True,True,False,False,False,False,False,False,False
51946,STATE_PREFLIGHT,12.4,0.05,0.1,0.45,0.0,0.0,0.09810000419616699,0.0010000000149011613,0.0020000000298023225,0.0030000001192092896,0.12300000190734864,0.45599998474121095,0.789000015258789,980.5,25.0,0.0,0.0,0.980999984741211,1,46.5,6.6,1200.0,1.5,3.5,12,9.8100004196167,98.0999984741211,11.984000244140624,0.0,1200.0,True,True,True,True,True,True,True,True,True,True,True,True,True,True,True,True,False,False,False,False,False,False,False
52452,STATE_PREFLIGHT,12.4,0.05,0.1,0.45,0.0,0.0,0.09810000419616699,0.0010000000149011613,0.0020000000298023225,0.0030000001192092896,0.12300000190734864,0.45599998474121095,0.789000015258789,980.5,25.0,0.0,0.0,0.980999984741211,1,46.5,6.6,1200.0,1.5,3.5,12,9.8100004196167,98.0999984741211,11.984000244140624,0.0,1200.0,True,True,True,True,True,True,True,True,True,True,True,True,True,True,True,True,False,False,False,False,False,False,False
52963,STATE_PREFLIGHT,12.4,0.05,0.1,0.45,0.0,0.0,0.09810000419616699,0.0010000000149011613,0.0020000000298023225,0.0030000001192092896,0.12300000190734864,0.45599998474121095,0.789000015258789,980.5,25.0,0.0,0.0,0.980999984741211,1,46.5,6.6,1200.0,1.5,3.5,12,9.8100004196167,98.0999984741211,11.984000244140624,0.0,1200.0,True,True,True,True,True,True,True,True,True,True,True,True,True,True,True,True,False,False,False,False,False,False,False
53471,STATE_PREFLIGHT,12.4,0.05,0.1,0.45,0.0,0.0,0.09810000419616699,0.0010000000149011613,0.0020000000298023225,0.0030000001192092896,0.12300000190734864,0.45599998474121095,0.789000015258789,980.5,25.0,0.0,0.0,0.980999984741211,1,46.5,6.6,1200.0,1.5,3.5,12,9.8100004196167,98.0999984741211,11.984000244140624,0.0,1200.0,True,True,True,True,True,True,True,True,True,True,True,True,True,True,True,True,False,False,False,False,False,False,False
53979,STATE_PREFLIGHT,12.4,0.05,0.1,0.45,0.0,0.0,0.09810000419616699,0.0010000000149011613,0.0020000000298023225,0.0030000001192092896,0.12300000190734864,0.45599998474121095,0.789000015258789,980.5,25.0,0.0,0.0,0.980999984741211,1,46.5,6.6,1200.0,1.5,3.5,12,9.8100004196167,98.0999984741211,11.984000244140624,0.0,1200.0,True,True,True,True,True,True,True,True,True,True,True,True,True,True,True,True,False,False,False,False,False,False,False
54489,STATE_PREFLIGHT,12.4,0.05,0.1,0.45,0.0,0.0,0.09810000419616699,0.0010000000149011613,0.0020000000298023225,0.0030000001192092896,0.12300000190734864,0.45599998474121095,0.789000015258789,980.5,25.0,0.0,0.0,0.980999984741211,1,46.5,6.6,1200.0,1.5,3.5,12,9.8100004196167,98.0999984741211,11.984000244140624,0.0,1200.0,True,True,True,True,True,True,True,True,True,True,True,True,True,True,True,True,False,False,False,False,False,False,False
54999,STATE_PREFLIGHT,12.4,0.05,0.1,0.45,0.0,0.0,0.09810000419616699,0.0010000000149011613,0.0020000000298023225,0.0030000001192092896,0.12300000190734864,0.45599998474121095,0.789000015258789,980.5,25.0,0.0,0.0,0.980999984741211,1,46.5,6.6,1200.0,1.5,3.5,12,9.8100004196167,98.0999984741211,11.984000244140624,0.0,1200.0,True,True,True,True,True,True,True,True,True,True,True,True,True,True,True,True,False,False,False,False,False,False,False
55510,STATE_PREFLIGHT,12.4,0.05,0.1,0.45,0.0,0.0,0.09810000419616699,0.0010000000149011613,0.0020000000298023225,0.0030000001192092896,0.12300000190734864,0.45599998474121095,0.789000015258789,980.5,25.0,0.0,0.0,0.980999984741211,1,46.5,6.6,1200.0,1.5,3.5,12,9.8100004196167,98.0999984741211,11.984000244140624,0.0,1200.0,True,True,True,True,True,True,True,True,True,True,True,True,True,True,True,True,False,False,False,False,False,False,False
56021,STATE_PREFLIGHT,12.4,0.05,0.1,0.45,0.0,0.0,0.09810000419616699,0.0010000000149011613,0.0020000000298023225,0.0030000001192092896,0.12300000190734864,0.45599998474121095,0.789000015258789,980.5,25.0,0.0,0.0,0.980999984741211,1,46.5,6.6,1200.0,1.5,3.5,12,9.8100004196167,98.0999984741211,11.984000244140624,0.0,1200.0,True,True,True,True,True,True,True,True,True,True,True,True,True,True,True,True,False,False,False,False,False,False,False
56528,STATE_PREFLIGHT,12.4,0.05,0.1,0.45,0.0,0.0,0.09810000419616699,0.0010000000149011613,0.0020000000298023225,0.0030000001192092896,0.12300000190734864,0.45599998474121095,0.789000015258789,980.5,25.0,0.0,0.0,0.980999984741211,1,46.5,6.6,1200.0,1.5,3.5,12,9.8100004196167,98.0999984741211,11.984000244140624,0.0,1200.0,True,True,True,True,True,True,True,True,True,True,True,True,True,True,True,True,False,False,False,False,False,False,False
57037,STATE_PREFLIGHT,12.4,0.05,0.1,0.45,0.0,0.0,0.09810000419616699,0.0010000000149011613,0.0020000000298023225,0.0030000001192092896,0.12300000190734864,0.45599998474121095,0.789000015258789,980.5,25.0,0.0,0.0,0.980999984741211,1,46.5,6.6,1200.0,1.5,3.5,12,9.8100004196167,98.0999984741211,11.984000244140624,0.0,1200.0,True,True,True,True,True,True,True,True,True,True,True,True,True,True,True,True,False,False,False,False,False,False,False
57548,STATE_PREFLIGHT,12.4,0.05,0.1,0.45,0.0,0.0,0.09810000419616699,0.0010000000149011613,0.0020000000298023225,0.0030000001192092896,0.12300000190734864,0.45599998474121095,0.789000015258789,980.5,25.0,0.0,0.0,0.980999984741211,1,46.5,6.6,1200.0,1.5,3.5,12,9.8100004196167,98.0999984741211,11.984000244140624,0.0,1200.0,True,True,True,True,True,True,True,True,True,True,True,True,True,True,True,True,False,False,False,False,False,False,False
58054,STATE_PREFLIGHT,12.4,0.05,0.1,0.45,0.0,0.0,0.09810000419616699,0.0010000000149011613,0.0020000000298023225,0.0030000001192092896,0.12300000190734864,0.45599998474121095,0.789000015258789,980.5,25.0,0.0,0.0,0.980999984741211,1,46.5,6.6,1200.0,1.5,3.5,12,9.8100004196167,98.0999984741211,11.984000244140624,0.0,1200.0,True,True,True,True,True,True,True,True,True,True,True,True,True,True,True,True,False,False,False,False,False,False,False
58565,STATE_PREFLIGHT,12.4,0.05,0.1,0.45,0.0,0.0,0.09810000419616699,0.0010000000149011613,0.0020000000298023225,0.0030000001192092896,0.12300000190734864,0.45599998474121095,0.789000015258789,980.5,25.0,0.0,0.0,0.980999984741211,1,46.5,6.6,1200.0,1.5,3.5,12,9.8100004196167,98.0999984741211,11.984000244140624,0.0,1200.0,True,True,True,True,True,True,True,True,True,True,True,True,True,True,True,True,False,False,False,False,False,False,False
59071,STATE_PREFLIGHT,12.4,0.05,0.1,0.45,0.0,0.0,0.09810000419616699,0.0010000000149011613,0.0020000000298023225,0.0030000001192092896,0.12300000190734864,0.45599998474121095,0.789000015258789,980.5,25.0,0.0,0.0,0.980999984741211,1,46.5,6.6,1200.0,1.5,3.5,12,9.8100004196167,98.0999984741211,11.984000244140624,0.0,1200.0,True,True,True,True,True,True,True,True,True,True,True,True,True,True,True,True,False,False,False,False,False,False,False
59579,STATE_PREFLIGHT,12.4,0.05,0.1,0.45,0.0,0.0,0.09810000419616699,0.0010000000149011613,0.0020000000298023225,0.0030000001192092896,0.12300000190734864,0.45599998474121095,0.789000015258789,980.5,25.0,0.0,0.0,0.980999984741211,1,46.5,6.6,1200.0,1.5,3.5,12,9.8100004196167,98.0999984741211,11.984000244140624,0.0,1200.0,True,True,True,True,True,True,True,True,True,True,True,True,True,True,True,True,False,False,False,False,False,False,False
60089,STATE_PREFLIGHT,12.4,0.05,0.1,0.45,0.0,0.0,0.09810000419616699,0.0010000000149011613,0.0020000000298023225,0.0030000001192092896,0.12300000190734864,0.45599998474121095,0.789000015258789,980.5,25.0,0.0,0.0,0.980999984741211,1,46.5,6.6,1200.0,1.5,3.5,12,9.8100004196167,98.0999984741211,11.984000244140624,0.0,1200.0,True,True,True,True,True,True,True,True,True,True,True,True,True,True,True,True,False,False,False,False,False,False,False
60596,STATE_PREFLIGHT,12.4,0.05,0.1,0.45,0.0,0.0,0.09810000419616699,0.0010000000149011613,0.0020000000298023225,0.0030000001192092896,0.12300000190734864,0.45599998474121095,0.789000015258789,980.5,25.0,0.0,0.0,0.980999984741211,1,46.5,6.6,1200.0,1.5,3.5,12,9.8100004196167,98.0999984741211,11.984000244140624,0.0,1200.0,True,True,True,True,True,True,True,True,True,True,True,True,True,True,True,True,False,False,False,False,False,False,False
61104,STATE_PREFLIGHT,12.4,0.05,0.1,0.45,0.0,0.0,0.09810000419616699,0.0010000000149011613,0.0020000000298023225,0.0030000001192092896,0.12300000190734864,0.45599998474121095,0.789000015258789,980.5,25.0,0.0,0.0,0.980999984741211,1,46.5,6.6,1200.0,1.5,3.5,12,9.8100004196167,98.0999984741211,11.984000244140624,0.0,1200.0,True,True,True,True,True,True,True,True,True,True,True,True,True,True,True,True,False,False,False,False,False,False,False
61610,STATE_PREFLIGHT,12.4,0.05,0.1,0.45,0.0,0.0,0.09810000419616699,0.0010000000149011613,0.0020000000298023225,0.0030000001192092896,0.12300000190734864,0.45599998474121095,0.789000015258789,980.5,25.0,0.0,0.0,0.980999984741211,1,46.5,6.6,1200.0,1.5,3.5,12,9.8100004196167,98.0999984741211,11.984000244140624,0.0,1200.0,True,True,True,True,True,True,True,True,True,True,True,True,True,True,True,True,False,False,False,False,False,False,False
62110,STATE_PREFLIGHT,12.4,0.05,0.1,0.45,0.0,0.0,0.09810000419616699,0.0010000000149011613,0.0020000000298023225,0.0030000001192092896,0.12300000190734864,0.45599998474121095,0.789000015258789,980.5,25.0,0.0,0.0,0.980999984741211,1,46.5,6.6,1200.0,1.5,3.5,12,9.8100004196167,98.0999984741211,11.984000244140624,0.0,1200.0,True,True,True,True,True,True,True,True,True,True,True,True,True,True,True,True,False,False,False,False,False,False,False
62619,STATE_PREFLIGHT,12.4,0.05,0.1,0.45,0.0,0.0,0.09810000419616699,0.0010000000149011613,0.0020000000298023225,0.0030000001192092896,0.12300000190734864,0.45599998474121095,0.789000015258789,980.5,25.0,0.0,0.0,0.980999984741211,1,46.5,6.6,1200.0,1.5,3.5,12,9.8100004196167,98.0999984741211,11.984000244140624,0.0,1200.0,True,True,True,True,True,True,True,True,True,True,True,True,True,True,True,True,False,False,False,False,False,False,False
63127,STATE_PREFLIGHT,12.4,0.05,0.1,0.45,0.0,0.0,0.09810000419616699,0.0010000000149011613,0.0020000000298023225,0.0030000001192092896,0.12300000190734864,0.45599998474121095,0.789000015258789,980.5,25.0,0.0,0.0,0.980999984741211,1,46.5,6.6,1200.0,1.5,3.5,12,9.8100004196167,98.0999984741211,11.984000244140624,0.0,1200.0,True,True,True,True,True,True,True,True,True,True,True,True,True,True,True,True,False,False,False,False,False,False,False
63631,STATE_PREFLIGHT,12.4,0.05,0.1,0.45,0.0,0.0,0.09810000419616699,0.0010000000149011613,0.0020000000298023225,0.0030000001192092896,0.12300000190734864,0.45599998474121095,0.789000015258789,980.5,25.0,0.0,0.0,0.980999984741211,1,46.5,6.6,1200.0,1.5,3.5,12,9.8100004196167,98.0999984741211,11.984000244140624,0.0,1200.0,True,True,True,True,True,True,True,True,True,True,True,True,True,True,True,True,False,False,False,False,False,False,False
64142,STATE_PREFLIGHT,12.4,0.05,0.1,0.45,0.0,0.0,0.09810000419616699,0.0010000000149011613,0.0020000000298023225,0.0030000001192092896,0.12300000190734864,0.45599998474121095,0.789000015258789,980.5,25.0,0.0,0.0,0.980999984741211,1,46.5,6.6,1200.0,1.5,3.5,12,9.8100004196167,98.0999984741211,11.984000244140624,0.0,1200.0,True,True,True,True,True,True,True,True,True,True,True,True,True,True,True,True,False,False,False,False,False,False,False
64653,STATE_PREFLIGHT,12.4,0.05,0.1,0.45,0.0,0.0,0.09810000419616699,0.0010000000149011613,0.0020000000298023225,0.0030000001192092896,0.12300000190734864,0.45599998474121095,0.789000015258789,980.5,25.0,0.0,0.0,0.980999984741211,1,46.5,6.6,1200.0,1.5,3.5,12,9.8100004196167,98.0999984741211,11.984000244140624,0.0,1200.0,True,True,True,True,True,True,True,True,True,True,True,True,True,True,True,True,False,False,False,False,False,False,False
65163,STATE_PREFLIGHT,12.4,0.05,0.1,0.45,0.0,0.0,0.09810000419616699,0.0010000000149011613,0.0020000000298023225,0.0030000001192092896,0.12300000190734864,0.45599998474121095,0.789000015258789,980.5,25.0,0.0,0.0,0.980999984741211,1,46.5,6.6,1200.0,1.5,3.5,12,9.8100004196167,98.0999984741211,11.984000244140624,0.0,1200.0,True,True,True,True,True,True,True,True,True,True,True,True,True,True,True,True,False,False,False,False,False,False,False
65671,STATE_PREFLIGHT,12.4,0.05,0.1,0.45,0.0,0.0,0.09810000419616699,0.0010000000149011613,0.0020000000298023225,0.0030000001192092896,0.12300000190734864,0.45599998474121095,0.789000015258789,980.5,25.0,0.0,0.0,0.980999984741211,1,46.5,6.6,1200.0,1.5,3.5,12,9.8100004196167,98.0999984741211,11.984000244140624,0.0,1200.0,True,True,True,True,True,True,True,True,True,True,True,True,True,True,True,True,False,False,False,False,False,False,False
66181,STATE_PREFLIGHT,12.4,0.05,0.1,0.45,0.0,0.0,0.09810000419616699,0.0010000000149011613,0.0020000000298023225,0.0030000001192092896,0.12300000190734864,0.45599998474121095,0.789000015258789,980.5,25.0,0.0,0.0,0.980999984741211,1,46.5,6.6,1200.0,1.5,3.5,12,9.8100004196167,98.0999984741211,11.984000244140624,0.0,1200.0,True,True,True,True,True,True,True,True,True,True,True,True,True,True,True,True,False,False,False,False,False,False,False
66692,STATE_PREFLIGHT,12.4,0.05,0.1,0.45,0.0,0.0,0.09810000419616699,0.0010000000149011613,0.0020000000298023225,0.0030000001192092896,0.12300000190734864,0.45599998474121095,0.789000015258789,980.5,25.0,0.0,0.0,0.980999984741211,1,46.5,6.6,1200.0,1.5,3.5,12,9.8100004196167,98.0999984741211,11.984000244140624,0.0,1200.0,True,True,True,True,True,True,True,True,True,True,True,True,True,True,True,True,False,False,False,False,False,False,False
67203,STATE_PREFLIGHT,12.4,0.05,0.1,0.45,0.0,0.0,0.09810000419616699,0.0010000000149011613,0.0020000000298023225,0.0030000001192092896,0.12300000190734864,0.45599998474121095,0.789000015258789,980.5,25.0,0.0,0.0,0.980999984741211,1,46.5,6.6,1200.0,1.5,3.5,12,9.8100004196167,98.0999984741211,11.984000244140624,0.0,1200.0,True,True,True,True,True,True,True,True,True,True,True,True,True,True,True,True,False,False,False,False,False,False,False
67711,STATE_PREFLIGHT,12.4,0.05,0.1,0.45,0.0,0.0,0.09810000419616699,0.0010000000149011613,0.0020000000298023225,0.0030000001192092896,0.12300000190734864,0.45599998474121095,0.789000015258789,980.5,25.0,0.0,0.0,0.980999984741211,1,46.5,6.6,1200.0,1.5,3.5,12,9.8100004196167,98.0999984741211,11.984000244140624,0.0,1200.0,True,True,True,True,True,True,True,True,True,True,True,True,True,True,True,True,False,False,False,False,False,False,False
68218,STATE_PREFLIGHT,12.4,0.05,0.1,0.45,0.0,0.0,0.09810000419616699,0.0010000000149011613,0.0020000000298023225,0.0030000001192092896,0.12300000190734864,0.45599998474121095,0.789000015258789,980.5,25.0,0.0,0.0,0.980999984741211,1,46.5,6.6,1200.0,1.5,3.5,12,9.8100004196167,98.0999984741211,11.984000244140624,0.0,1200.0,True,True,True,True,True,True,True,True,True,True,True,True,True,True,True,True,False,False,False,False,False,False,False
68724,STATE_PREFLIGHT,12.4,0.05,0.1,0.45,0.0,0.0,0.09810000419616699,0.0010000000149011613,0.0020000000298023225,0.0030000001192092896,0.12300000190734864,0.45599998474121095,0.789000015258789,980.5,25.0,0.0,0.0,0.980999984741211,1,46.5,6.6,1200.0,1.5,3.5,12,9.8100004196167,98.0999984741211,11.984000244140624,0.0,1200.0,True,True,True,True,True,True,True,True,True,True,True,True,True,True,True,True,False,False,False,False,False,False,False
69230,STATE_PREFLIGHT,12.4,0.05,0.1,0.45,0.0,0.0,0.09810000419616699,0.0010000000149011613,0.0020000000298023225,0.0030000001192092896,0.12300000190734864,0.45599998474121095,0.789000015258789,980.5,25.0,0.0,0.0,0.980999984741211,1,46.5,6.6,1200.0,1.5,3.5,12,9.8100004196167,98.0999984741211,11.984000244140624,0.0,1200.0,True,True,True,True,True,True,True,True,True,True,True,True,True,True,True,True,False,False,False,False,False,False,False
69737,STATE_PREFLIGHT,12.4,0.05,0.1,0.45,0.0,0.0,0.09810000419616699,0.0010000000149011613,0.0020000000298023225,0.0030000001192092896,0.12300000190734864,0.45599998474121095,0.789000015258789,980.5,25.0,0.0,0.0,0.980999984741211,1,46.5,6.6,1200.0,1.5,3.5,12,9.8100004196167,98.0999984741211,11.984000244140624,0.0,1200.0,True,True,True,True,True,True,True,True,True,True,True,True,True,True,True,True,False,False,False,False,False,False,False
70249,STATE_PREFLIGHT,12.4,0.05,0.1,0.45,0.0,0.0,0.09810000419616699,0.0010000000149011613,0.0020000000298023225,0.0030000001192092896,0.12300000190734864,0.45599998474121095,0.789000015258789,980.5,25.0,0.0,0.0,0.980999984741211,1,46.5,6.6,1200.0,1.5,3.5,12,9.8100004196167,98.0999984741211,11.984000244140624,0.0,1200.0,True,True,True,True,True,True,True,True,True,True,True,True,True,True,True,True,False,False,False,False,False,False,False
70756,STATE_PREFLIGHT,12.4,0.05,0.1,0.45,0.0,0.0,0.09810000419616699,0.0010000000149011613,0.0020000000298023225,0.0030000001192092896,0.12300000190734864,0.45599998474121095,0.789000015258789,980.5,25.0,0.0,0.0,0.980999984741211,1,46.5,6.6,1200.0,1.5,3.5,12,9.8100004196167,98.0999984741211,11.984000244140624,0.0,1200.0,True,True,True,True,True,True,True,True,True,True,True,True,True,True,True,True,False,False,False,False,False,False,False
71264,STATE_PREFLIGHT,12.4,0.05,0.1,0.45,0.0,0.0,0.09810000419616699,0.0010000000149011613,0.0020000000298023225,0.0030000001192092896,0.12300000190734864,0.45599998474121095,0.789000015258789,980.5,25.0,0.0,0.0,0.980999984741211,1,46.5,6.6,1200.0,1.5,3.5,12,9.8100004196167,98.0999984741211,11.984000244140624,0.0,1200.0,True,True,True,True,True,True,True,True,True,True,True,True,True,True,True,True,False,False,False,False,False,False,False
71775,STATE_PREFLIGHT,12.4,0.05,0.1,0.45,0.0,0.0,0.09810000419616699,0.0010000000149011613,0.0020000000298023225,0.0030000001192092896,0.12300000190734864,0.45599998474121095,0.789000015258789,980.5,25.0,0.0,0.0,0.980999984741211,1,46.5,6.6,1200.0,1.5,3.5,12,9.8100004196167,98.0999984741211,11.984000244140624,0.0,1200.0,True,True,True,True,True,True,True,True,True,True,True,True,True,True,True,True,False,False,False,False,False,False,False
72286,STATE_PREFLIGHT,12.4,0.05,0.1,0.45,0.0,0.0,0.09810000419616699,0.0010000000149011613,0.0020000000298023225,0.0030000001192092896,0.12300000190734864,0.45599998474121095,0.789000015258789,980.5,25.0,0.0,0.0,0.980999984741211,1,46.5,6.6,1200.0,1.5,3.5,12,9.8100004196167,98.0999984741211,11.984000244140624,0.0,1200.0,True,True,True,True,True,True,True,True,True,True,True,True,True,True,True,True,False,False,False,False,False,False,False
72792,STATE_PREFLIGHT,12.4,0.05,0.1,0.45,0.0,0.0,0.09810000419616699,0.0010000000149011613,0.0020000000298023225,0.0030000001192092896,0.12300000190734864,0.45599998474121095,0.789000015258789,980.5,25.0,0.0,0.0,0.980999984741211,1,46.5,6.6,1200.0,1.5,3.5,12,9.8100004196167,98.0999984741211,11.984000244140624,0.0,1200.0,True,True,True,True,True,True,True,True,True,True,True,True,True,True,True,True,False,False,False,False,False,False,False
73303,STATE_PREFLIGHT,12.4,0.05,0.1,0.45,0.0,0.0,0.09810000419616699,0.0010000000149011613,0.0020000000298023225,0.0030000001192092896,0.12300000190734864,0.45599998474121095,0.789000015258789,980.5,25.0,0.0,0.0,0.980999984741211,1,46.5,6.6,1200.0,1.5,3.5,12,9.8100004196167,98.0999984741211,11.984000244140624,0.0,1200.0,True,True,True,True,True,True,True,True,True,True,True,True,True,True,True,True,False,False,False,False,False,False,False
73814,STATE_PREFLIGHT,12.4,0.05,0.1,0.45,0.0,0.0,0.09810000419616699,0.0010000000149011613,0.0020000000298023225,0.0030000001192092896,0.12300000190734864,0.45599998474121095,0.789000015258789,980.5,25.0,0.0,0.0,0.980999984741211,1,46.5,6.6,1200.0,1.5,3.5,12,9.8100004196167,98.0999984741211,11.984000244140624,0.0,1200.0,True,True,True,True,True,True,True,True,True,True,True,True,True,True,True,True,False,False,False,False,False,False,False
74324,STATE_PREFLIGHT,12.4,0.05,0.1,0.45,0.0,0.0,0.09810000419616699,0.0010000000149011613,0.0020000000298023225,0.0030000001192092896,0.12300000190734864,0.45599998474121095,0.789000015258789,980.5,25.0,0.0,0.0,0.980999984741211,1,46.5,6.6,1200.0,1.5,3.5,12,9.8100004196167,98.0999984741211,11.984000244140624,0.0,1200.0,True,True,True,True,True,True,True,True,True,True,True,True,True,True,True,True,False,False,False,False,False,False,False
74835,STATE_PREFLIGHT,12.4,0.05,0.1,0.45,0.0,0.0,0.09810000419616699,0.0010000000149011613,0.0020000000298023225,0.0030000001192092896,0.12300000190734864,0.45599998474121095,0.789000015258789,980.5,25.0,0.0,0.0,0.980999984741211,1,46.5,6.6,1200.0,1.5,3.5,12,9.8100004196167,98.0999984741211,11.984000244140624,0.0,1200.0,True,True,True,True,True,True,True,True,True,True,True,True,True,True,True,True,False,False,False,False,False,False,False
75346,STATE_PREFLIGHT,12.4,0.05,0.1,0.45,0.0,0.0,0.09810000419616699,0.0010000000149011613,0.0020000000298023225,0.0030000001192092896,0.12300000190734864,0.45599998474121095,0.789000015258789,980.5,25.0,0.0,0.0,0.980999984741211,1,46.5,6.6,1200.0,1.5,3.5,12,9.8100004196167,98.0999984741211,11.984000244140624,0.0,1200.0,True,True,True,True,True,True,True,True,True,True,True,True,True,True,True,True,False,False,False,False,False,False,False
75855,STATE_PREFLIGHT,12.4,0.05,0.1,0.45,0.0,0.0,0.09810000419616699,0.0010000000149011613,0.0020000000298023225,0.0030000001192092896,0.12300000190734864,0.45599998474121095,0.789000015258789,980.5,25.0,0.0,0.0,0.980999984741211,1,46.5,6.6,1200.0,1.5,3.5,12,9.8100004196167,98.0999984741211,11.984000244140624,0.0,1200.0,True,True,True,True,True,True,True,True,True,True,True,True,True,True,True,True,False,False,False,False,False,False,False
76361,STATE_PREFLIGHT,12.4,0.05,0.1,0.45,0.0,0.0,0.09810000419616699,0.0010000000149011613,0.0020000000298023225,0.0030000001192092896,0.12300000190734864,0.45599998474121095,0.789000015258789,980.5,25.0,0.0,0.0,0.980999984741211,1,46.5,6.6,1200.0,1.5,3.5,12,9.8100004196167,98.0999984741211,11.984000244140624,0.0,1200.0,True,True,True,True,True,True,True,True,True,True,True,True,True,True,True,True,False,False,False,False,False,False,False
76868,STATE_PREFLIGHT,12.4,0.05,0.1,0.45,0.0,0.0,0.09810000419616699,0.0010000000149011613,0.0020000000298023225,0.0030000001192092896,0.12300000190734864,0.45599998474121095,0.789000015258789,980.5,25.0,0.0,0.0,0.980999984741211,1,46.5,6.6,1200.0,1.5,3.5,12,9.8100004196167,98.0999984741211,11.984000244140624,0.0,1200.0,True,True,True,True,True,True,True,True,True,True,True,True,True,True,True,True,False,False,False,False,False,False,False
77380,STATE_PREFLIGHT,12.4,0.05,0.1,0.45,0.0,0.0,0.09810000419616699,0.0010000000149011613,0.0020000000298023225,0.0030000001192092896,0.12300000190734864,0.45599998474121095,0.789000015258789,980.5,25.0,0.0,0.0,0.980999984741211,1,46.5,6.6,1200.0,1.5,3.5,12,9.8100004196167,98.0999984741211,11.984000244140624,0.0,1200.0,True,True,True,True,True,True,True,True,True,True,True,True,True,True,True,True,False,False,False,False,False,False,False
77891,STATE_PREFLIGHT,12.4,0.05,0.1,0.45,0.0,0.0,0.09810000419616699,0.0010000000149011613,0.0020000000298023225,0.0030000001192092896,0.12300000190734864,0.45599998474121095,0.789000015258789,980.5,25.0,0.0,0.0,0.980999984741211,1,46.5,6.6,1200.0,1.5,3.5,12,9.8100004196167,98.0999984741211,11.984000244140624,0.0,1200.0,True,True,True,True,True,True,True,True,True,True,True,True,True,True,True,True,False,False,False,False,False,False,False
78402,STATE_PREFLIGHT,12.4,0.05,0.1,0.45,0.0,0.0,0.09810000419616699,0.0010000000149011613,0.0020000000298023225,0.0030000001192092896,0.12300000190734864,0.45599998474121095,0.789000015258789,980.5,25.0,0.0,0.0,0.980999984741211,1,46.5,6.6,1200.0,1.5,3.5,12,9.8100004196167,98.0999984741211,11.984000244140624,0.0,1200.0,True,True,True,True,True,True,True,True,True,True,True,True,True,True,True,True,False,False,False,False,False,False,False
78914,STATE_PREFLIGHT,12.4,0.05,0.1,0.45,0.0,0.0,0.09810000419616699,0.0010000000149011613,0.0020000000298023225,0.0030000001192092896,0.12300000190734864,0.45599998474121095,0.789000015258789,980.5,25.0,0.0,0.0,0.980999984741211,1,46.5,6.6,1200.0,1.5,3.5,12,9.8100004196167,98.0999984741211,11.984000244140624,0.0,1200.0,True,True,True,True,True,True,True,True,True,True,True,True,True,True,True,True,False,False,False,False,False,False,False
79423,STATE_PREFLIGHT,12.4,0.05,0.1,0.45,0.0,0.0,0.09810000419616699,0.0010000000149011613,0.0020000000298023225,0.0030000001192092896,0.12300000190734864,0.45599998474121095,0.789000015258789,980.5,25.0,0.0,0.0,0.980999984741211,1,46.5,6.6,1200.0,1.5,3.5,12,9.8100004196167,98.0999984741211,11.984000244140624,0.0,1200.0,True,True,True,True,True,True,True,True,True,True,True,True,True,True,True,True,False,False,False,False,False,False,False
79934,STATE_PREFLIGHT,12.4,0.05,0.1,0.45,0.0,0.0,0.09810000419616699,0.0010000000149011613,0.0020000000298023225,0.0030000001192092896,0.12300000190734864,0.45599998474121095,0.789000015258789,980.5,25.0,0.0,0.0,0.980999984741211,1,46.5,6.6,1200.0,1.5,3.5,12,9.8100004196167,98.0999984741211,11.984000244140624,0.0,1200.0,True,True,True,True,True,True,True,True,True,True,True,True,True,True,True,True,False,False,False,False,False,False,False
80441,STATE_PREFLIGHT,12.4,0.05,0.1,0.45,0.0,0.0,0.09810000419616699,0.0010000000149011613,0.0020000000298023225,0.0030000001192092896,0.12300000190734864,0.45599998474121095,0.789000015258789,980.5,25.0,0.0,0.0,0.980999984741211,1,46.5,6.6,1200.0,1.5,3.5,12,9.8100004196167,98.0999984741211,11.984000244140624,0.0,1200.0,True,True,True,True,True,True,True,True,True,True,True,True,True,True,True,True,False,False,False,False,False,False,False
80948,STATE_PREFLIGHT,12.4,0.05,0.1,0.45,0.0,0.0,0.09810000419616699,0.0010000000149011613,0.0020000000298023225,0.0030000001192092896,0.12300000190734864,0.45599998474121095,0.789000015258789,980.5,25.0,0.0,0.0,0.980999984741211,1,46.5,6.6,1200.0,1.5,3.5,12,9.8100004196167,98.0999984741211,11.984000244140624,0.0,1200.0,True,True,True,True,True,True,True,True,True,True,True,True,True,True,True,True,False,False,False,False,False,False,False
81459,STATE_PREFLIGHT,12.4,0.05,0.1,0.45,0.0,0.0,0.09810000419616699,0.0010000000149011613,0.0020000000298023225,0.0030000001192092896,0.12300000190734864,0.45599998474121095,0.789000015258789,980.5,25.0,0.0,0.0,0.980999984741211,1,46.5,6.6,1200.0,1.5,3.5,12,9.8100004196167,98.0999984741211,11.984000244140624,0.0,1200.0,True,True,True,True,True,True,True,True,True,True,True,True,True,True,True,True,False,False,False,False,False,False,False
81961,STATE_PREFLIGHT,12.4,0.05,0.1,0.45,0.0,0.0,0.09810000419616699,0.0010000000149011613,0.0020000000298023225,0.0030000001192092896,0.12300000190734864,0.45599998474121095,0.789000015258789,980.5,25.0,0.0,0.0,0.980999984741211,1,46.5,6.6,1200.0,1.5,3.5,12,9.8100004196167,98.0999984741211,11.984000244140624,0.0,1200.0,True,True,True,True,True,True,True,True,True,True,True,True,True,True,True,True,False,False,False,False,False,False,False
82468,STATE_PREFLIGHT,12.4,0.05,0.1,0.45,0.0,0.0,0.09810000419616699,0.0010000000149011613,0.0020000000298023225,0.0030000001192092896,0.12300000190734864,0.45599998474121095,0.789000015258789,980.5,25.0,0.0,0.0,0.980999984741211,1,46.5,6.6,1200.0,1.5,3.5,12,9.8100004196167,98.0999984741211,11.984000244140624,0.0,1200.0,True,True,True,True,True,True,True,True,True,True,True,True,True,True,True,True,False,False,False,False,False,False,False
82977,STATE_PREFLIGHT,12.4,0.05,0.1,0.45,0.0,0.0,0.09810000419616699,0.0010000000149011613,0.0020000000298023225,0.0030000001192092896,0.12300000190734864,0.45599998474121095,0.789000015258789,980.5,25.0,0.0,0.0,0.980999984741211,1,46.5,6.6,1200.0,1.5,3.5,12,9.8100004196167,98.0999984741211,11.984000244140624,0.0,1200.0,True,True,True,True,True,True,True,True,True,True,True,True,True,True,True,True,False,False,False,False,False,False,False
83487,STATE_PREFLIGHT,12.4,0.05,0.1,0.45,0.0,0.0,0.09810000419616699,0.0010000000149011613,0.0020000000298023225,0.0030000001192092896,0.12300000190734864,0.45599998474121095,0.789000015258789,980.5,25.0,0.0,0.0,0.980999984741211,1,46.5,6.6,1200.0,1.5,3.5,12,9.8100004196167,98.0999984741211,11.984000244140624,0.0,1200.0,True,True,True,True,True,True,True,True,True,True,True,True,True,True,True,True,False,False,False,False,False,False,False
83995,STATE_PREFLIGHT,12.4,0.05,0.1,0.45,0.0,0.0,0.09810000419616699,0.0010000000149011613,0.0020000000298023225,0.0030000001192092896,0.12300000190734864,0.45599998474121095,0.789000015258789,980.5,25.0,0.0,0.0,0.980999984741211,1,46.5,6.6,1200.0,1.5,3.5,12,9.8100004196167,98.0999984741211,11.984000244140624,0.0,1200.0,True,True,True,True,True,True,True,True,True,True,True,True,True,True,True,True,False,False,False,False,False,False,False
84506,STATE_PREFLIGHT,12.4,0.05,0.1,0.45,0.0,0.0,0.09810000419616699,0.0010000000149011613,0.0020000000298023225,0.0030000001192092896,0.12300000190734864,0.45599998474121095,0.789000015258789,980.5,25.0,0.0,0.0,0.980999984741211,1,46.5,6.6,1200.0,1.5,3.5,12,9.8100004196167,98.0999984741211,11.984000244140624,0.0,1200.0,True,True,True,True,True,True,True,True,True,True,True,True,True,True,True,True,False,False,False,False,False,False,False
85017,STATE_PREFLIGHT,12.4,0.05,0.1,0.45,0.0,0.0,0.09810000419616699,0.0010000000149011613,0.0020000000298023225,0.0030000001192092896,0.12300000190734864,0.45599998474121095,0.789000015258789,980.5,25.0,0.0,0.0,0.980999984741211,1,46.5,6.6,1200.0,1.5,3.5,12,9.8100004196167,98.0999984741211,11.984000244140624,0.0,1200.0,True,True,True,True,True,True,True,True,True,True,True,True,True,True,True,True,False,False,False,False,False,False,False
85528,STATE_PREFLIGHT,12.4,0.05,0.1,0.45,0.0,0.0,0.09810000419616699,0.0010000000149011613,0.0020000000298023225,0.0030000001192092896,0.12300000190734864,0.45599998474121095,0.789000015258789,980.5,25.0,0.0,0.0,0.980999984741211,1,46.5,6.6,1200.0,1.5,3.5,12,9.8100004196167,98.0999984741211,11.984000244140624,0.0,1200.0,True,True,True,True,True,True,True,True,True,True,True,True,True,True,True,True,False,False,False,False,False,False,False
86039,STATE_PREFLIGHT,12.4,0.05,0.1,0.45,0.0,0.0,0.09810000419616699,0.0010000000149011613,0.0020000000298023225,0.0030000001192092896,0.12300000190734864,0.45599998474121095,0.789000015258789,980.5,25.0,0.0,0.0,0.980999984741211,1,46.5,6.6,1200.0,1.5,3.5,12,9.8100004196167,98.0999984741211,11.984000244140624,0.0,1200.0,True,True,True,True,True,True,True,True,True,True,True,True,True,True,True,True,False,False,False,False,False,False,False
86548,STATE_PREFLIGHT,12.4,0.05,0.1,0.45,0.0,0.0,0.09810000419616699,0.0010000000149011613,0.0020000000298023225,0.0030000001192092896,0.12300000190734864,0.45599998474121095,0.789000015258789,980.5,25.0,0.0,0.0,0.980999984741211,1,46.5,6.6,1200.0,1.5,3.5,12,9.8100004196167,98.0999984741211,11.984000244140624,0.0,1200.0,True,True,True,True,True,True,True,True,True,True,True,True,True,True,True,True,False,False,False,False,False,False,False
87055,STATE_PREFLIGHT,12.4,0.05,0.1,0.45,0.0,0.0,0.09810000419616699,0.0010000000149011613,0.0020000000298023225,0.0030000001192092896,0.12300000190734864,0.45599998474121095,0.789000015258789,980.5,25.0,0.0,0.0,0.980999984741211,1,46.5,6.6,1200.0,1.5,3.5,12,9.8100004196167,98.0999984741211,11.984000244140624,0.0,1200.0,True,True,True,True,True,True,True,True,True,True,True,True,True,True,True,True,False,False,False,False,False,False,False
87562,STATE_PREFLIGHT,12.4,0.05,0.1,0.45,0.0,0.0,0.09810000419616699,0.0010000000149011613,0.0020000000298023225,0.0030000001192092896,0.12300000190734864,0.45599998474121095,0.789000015258789,980.5,25.0,0.0,0.0,0.980999984741211,1,46.5,6.6,1200.0,1.5,3.5,12,9.8100004196167,98.0999984741211,11.984000244140624,0.0,1200.0,True,True,True,True,True,True,True,True,True,True,True,True,True,True,True,True,False,False,False,False,False,False,False
88073,STATE_PREFLIGHT,12.4,0.05,0.1,0.45,0.0,0.0,0.09810000419616699,0.0010000000149011613,0.0020000000298023225,0.0030000001192092896,0.12300000190734864,0.45599998474121095,0.789000015258789,980.5,25.0,0.0,0.0,0.980999984741211,1,46.5,6.6,1200.0,1.5,3.5,12,9.8100004196167,98.0999984741211,11.984000244140624,0.0,1200.0,True,True,True,True,True,True,True,True,True,True,True,True,True,True,True,True,False,False,False,False,False,False,False
88580,STATE_PREFLIGHT,12.4,0.05,0.1,0.45,0.0,0.0,0.09810000419616699,0.0010000000149011613,0.0020000000298023225,0.0030000001192092896,0.12300000190734864,0.45599998474121095,0.789000015258789,980.5,25.0,0.0,0.0,0.980999984741211,1,46.5,6.6,1200.0,1.5,3.5,12,9.8100004196167,98.0999984741211,11.984000244140624,0.0,1200.0,True,True,True,True,True,True,True,True,True,True,True,True,True,True,True,True,False,False,False,False,False,False,False
89091,STATE_PREFLIGHT,12.4,0.05,0.1,0.45,0.0,0.0,0.09810000419616699,0.0010000000149011613,0.0020000000298023225,0.0030000001192092896,0.12300000190734864,0.45599998474121095,0.789000015258789,980.5,25.0,0.0,0.0,0.980999984741211,1,46.5,6.6,1200.0,1.5,3.5,12,9.8100004196167,98.0999984741211,11.984000244140624,0.0,1200.0,True,True,True,True,True,True,True,True,True,True,True,True,True,True,True,True,False,False,False,False,False,False,False
89594,STATE_PREFLIGHT,12.4,0.05,0.1,0.45,0.0,0.0,0.09810000419616699,0.0010000000149011613,0.0020000000298023225,0.0030000001192092896,0.12300000190734864,0.45599998474121095,0.789000015258789,980.5,25.0,0.0,0.0,0.980999984741211,1,46.5,6.6,1200.0,1.5,3.5,12,9.8100004196167,98.0999984741211,11.984000244140624,0.0,1200.0,True,True,True,True,True,True,True,True,True,True,True,True,True,True,True,True,False,False,False,False,False,False,False
90099,STATE_PREFLIGHT,12.4,0.05,0.1,0.45,0.0,0.0,0.09810000419616699,0.0010000000149011613,0.0020000000298023225,0.0030000001192092896,0.12300000190734864,0.45599998474121095,0.789000015258789,980.5,25.0,0.0,0.0,0.980999984741211,1,46.5,6.6,1200.0,1.5,3.5,12,9.8100004196167,98.0999984741211,11.984000244140624,0.0,1200.0,True,True,True,True,True,True,True,True,True,True,True,True,True,True,True,True,False,False,False,False,False,False,False
90607,STATE_PREFLIGHT,12.4,0.05,0.1,0.45,0.0,0.0,0.09810000419616699,0.0010000000149011613,0.0020000000298023225,0.0030000001192092896,0.12300000190734864,0.45599998474121095,0.789000015258789,980.5,25.0,0.0,0.0,0.980999984741211,1,46.5,6.6,1200.0,1.5,3.5,12,9.8100004196167,98.0999984741211,11.984000244140624,0.0,1200.0,True,True,True,True,True,True,True,True,True,True,True,True,True,True,True,True,False,False,False,False,False,False,False
91117,STATE_PREFLIGHT,12.4,0.05,0.1,0.45,0.0,0.0,0.09810000419616699,0.0010000000149011613,0.0020000000298023225,0.0030000001192092896,0.12300000190734864,0.45599998474121095,0.789000015258789,980.5,25.0,0.0,0.0,0.980999984741211,1,46.5,6.6,1200.0,1.5,3.5,12,9.8100004196167,98.0999984741211,11.984000244140624,0.0,1200.0,True,True,True,True,True,True,True,True,True,True,True,True,True,True,True,True,False,False,False,False,False,False,False
91628,STATE_PREFLIGHT,12.4,0.05,0.1,0.45,0.0,0.0,0.09810000419616699,0.0010000000149011613,0.0020000000298023225,0.0030000001192092896,0.12300000190734864,0.45599998474121095,0.789000015258789,980.5,25.0,0.0,0.0,0.980999984741211,1,46.5,6.6,1200.0,1.5,3.5,12,9.8100004196167,98.0999984741211,11.984000244140624,0.0,1200.0,True,True,True,True,True,True,True,True,True,True,True,True,True,True,True,True,False,False,False,False,False,False,False
92134,STATE_PREFLIGHT,12.4,0.05,0.1,0.45,0.0,0.0,0.09810000419616699,0.0010000000149011613,0.0020000000298023225,0.0030000001192092896,0.12300000190734864,0.45599998474121095,0.789000015258789,980.5,25.0,0.0,0.0,0.980999984741211,1,46.5,6.6,1200.0,1.5,3.5,12,9.8100004196167,98.0999984741211,11.984000244140624,0.0,1200.0,True,True,True,True,True,True,True,True,True,True,True,True,True,True,True,True,False,False,False,False,False,False,False
92641,STATE_PREFLIGHT,12.4,0.05,0.1,0.45,0.0,0.0,0.09810000419616699,0.0010000000149011613,0.0020000000298023225,0.0030000001192092896,0.12300000190734864,0.45599998474121095,0.789000015258789,980.5,25.0,0.0,0.0,0.980999984741211,1,46.5,6.6,1200.0,1.5,3.5,12,9.8100004196167,98.0999984741211,11.984000244140624,0.0,1200.0,True,True,True,True,True,True,True,True,True,True,True,True,True,True,True,True,False,False,False,False,False,False,False
93146,STATE_PREFLIGHT,12.4,0.05,0.1,0.45,0.0,0.0,0.09810000419616699,0.0010000000149011613,0.0020000000298023225,0.0030000001192092896,0.12300000190734864,0.45599998474121095,0.789000015258789,980.5,25.0,0.0,0.0,0.980999984741211,1,46.5,6.6,1200.0,1.5,3.5,12,9.8100004196167,98.0999984741211,11.984000244140624,0.0,1200.0,True,True,True,True,True,True,True,True,True,True,True,True,True,True,True,True,False,False,False,False,False,False,False
93655,STATE_PREFLIGHT,12.4,0.05,0.1,0.45,0.0,0.0,0.09810000419616699,0.0010000000149011613,0.0020000000298023225,0.0030000001192092896,0.12300000190734864,0.45599998474121095,0.789000015258789,980.5,25.0,0.0,0.0,0.980999984741211,1,46.5,6.6,1200.0,1.5,3.5,12,9.8100004196167,98.0999984741211,11.984000244140624,0.0,1200.0,True,True,True,True,True,True,True,True,True,True,True,True,True,True,True,True,False,False,False,False,False,False,False
94166,STATE_PREFLIGHT,12.4,0.05,0.1,0.45,0.0,0.0,0.09810000419616699,0.0010000000149011613,0.0020000000298023225,0.0030000001192092896,0.12300000190734864,0.45599998474121095,0.789000015258789,980.5,25.0,0.0,0.0,0.980999984741211,1,46.5,6.6,1200.0,1.5,3.5,12,9.8100004196167,98.0999984741211,11.984000244140624,0.0,1200.0,True,True,True,True,True,True,True,True,True,True,True,True,True,True,True,True,False,False,False,False,False,False,False
94677,STATE_PREFLIGHT,12.4,0.05,0.1,0.45,0.0,0.0,0.09810000419616699,0.0010000000149011613,0.0020000000298023225,0.0030000001192092896,0.12300000190734864,0.45599998474121095,0.789000015258789,980.5,25.0,0.0,0.0,0.980999984741211,1,46.5,6.6,1200.0,1.5,3.5,12,9.8100004196167,98.0999984741211,11.984000244140624,0.0,1200.0,True,True,True,True,True,True,True,True,True,True,True,True,True,True,True,True,False,False,False,False,False,False,False
95188,STATE_PREFLIGHT,12.4,0.05,0.1,0.45,0.0,0.0,0.09810000419616699,0.0010000000149011613,0.0020000000298023225,0.0030000001192092896,0.12300000190734864,0.45599998474121095,0.789000015258789,980.5,25.0,0.0,0.0,0.980999984741211,1,46.5,6.6,1200.0,1.5,3.5,12,9.8100004196167,98.0999984741211,11.984000244140624,0.0,1200.0,True,True,True,True,True,True,True,True,True,True,True,True,True,True,True,True,False,False,False,False,False,False,False
95700,STATE_PREFLIGHT,12.4,0.05,0.1,0.45,0.0,0.0,0.09810000419616699,0.0010000000149011613,0.0020000000298023225,0.0030000001192092896,0.12300000190734864,0.45599998474121095,0.789000015258789,980.5,25.0,0.0,0.0,0.980999984741211,1,46.5,6.6,1200.0,1.5,3.5,12,9.8100004196167,98.0999984741211,11.984000244140624,0.0,1200.0,True,True,True,True,True,True,True,True,True,True,True,True,True,True,True,True,False,False,False,False,False,False,False
96208,STATE_PREFLIGHT,12.4,0.05,0.1,0.45,0.0,0.0,0.09810000419616699,0.0010000000149011613,0.0020000000298023225,0.0030000001192092896,0.12300000190734864,0.45599998474121095,0.789000015258789,980.5,25.0,0.0,0.0,0.980999984741211,1,46.5,6.6,1200.0,1.5,3.5,12,9.8100004196167,98.0999984741211,11.984000244140624,0.0,1200.0,True,True,True,True,True,True,True,True,True,True,True,True,True,True,True,True,False,False,False,False,False,False,False
96714,STATE_PREFLIGHT,12.4,0.05,0.1,0.45,0.0,0.0,0.09810000419616699,0.0010000000149011613,0.0020000000298023225,0.0030000001192092896,0.12300000190734864,0.45599998474121095,0.789000015258789,980.5,25.0,0.0,0.0,0.980999984741211,1,46.5,6.6,1200.0,1.5,3.5,12,9.8100004196167,98.0999984741211,11.984000244140624,0.0,1200.0,True,True,True,True,True,True,True,True,True,True,True,True,True,True,True,True,False,False,False,False,False,False,False
97224,STATE_PREFLIGHT,12.4,0.05,0.1,0.45,0.0,0.0,0.09810000419616699,0.0010000000149011613,0.0020000000298023225,0.0030000001192092896,0.12300000190734864,0.45599998474121095,0.789000015258789,980.5,25.0,0.0,0.0,0.980999984741211,1,46.5,6.6,1200.0,1.5,3.5,12,9.8100004196167,98.0999984741211,11.984000244140624,0.0,1200.0,True,True,True,True,True,True,True,True,True,True,True,True,True,True,True,True,False,False,False,False,False,False,False
97735,STATE_PREFLIGHT,12.4,0.05,0.1,0.45,0.0,0.0,0.09810000419616699,0.0010000000149011613,0.0020000000298023225,0.0030000001192092896,0.12300000190734864,0.45599998474121095,0.789000015258789,980.5,25.0,0.0,0.0,0.980999984741211,1,46.5,6.6,1200.0,1.5,3.5,12,9.8100004196167,98.0999984741211,11.984000244140624,0.0,1200.0,True,True,True,True,True,True,True,True,True,True,True,True,True,True,True,True,False,False,False,False,False,False,False
98243,STATE_PREFLIGHT,12.4,0.05,0.1,0.45,0.0,0.0,0.09810000419616699,0.0010000000149011613,0.0020000000298023225,0.0030000001192092896,0.12300000190734864,0.45599998474121095,0.789000015258789,980.5,25.0,0.0,0.0,0.980999984741211,1,46.5,6.6,1200.0,1.5,3.5,12,9.8100004196167,98.0999984741211,11.984000244140624,0.0,1200.0,True,True,True,True,True,True,True,True,True,True,True,True,True,True,True,True,False,False,False,False,False,False,False
98754,STATE_PREFLIGHT,12.4,0.05,0.1,0.45,0.0,0.0,0.09810000419616699,0.0010000000149011613,0.0020000000298023225,0.0030000001192092896,0.12300000190734864,0.45599998474121095,0.789000015258789,980.5,25.0,0.0,0.0,0.980999984741211,1,46.5,6.6,1200.0,1.5,3.5,12,9.8100004196167,98.0999984741211,11.984000244140624,0.0,1200.0,True,True,True,True,True,True,True,True,True,True,True,True,True,True,True,True,False,False,False,False,False,False,False
99262,STATE_PREFLIGHT,12.4,0.05,0.1,0.45,0.0,0.0,0.09810000419616699,0.0010000000149011613,0.0020000000298023225,0.0030000001192092896,0.12300000190734864,0.45599998474121095,0.789000015258789,980.5,25.0,0.0,0.0,0.980999984741211,1,46.5,6.6,1200.0,1.5,3.5,12,9.8100004196167,98.0999984741211,11.984000244140624,0.0,1200.0,True,True,True,True,True,True,True,True,True,True,True,True,True,True,True,True,False,False,False,False,False,False,False
99770,STATE_PREFLIGHT,12.4,0.05,0.1,0.45,0.0,0.0,0.09810000419616699,0.0010000000149011613,0.0020000000298023225,0.0030000001192092896,0.12300000190734864,0.45599998474121095,0.789000015258789,980.5,25.0,0.0,0.0,0.980999984741211,1,46.5,6.6,1200.0,1.5,3.5,12,9.8100004196167,98.0999984741211,11.984000244140624,0.0,1200.0,True,True,True,True,True,True,True,True,True,True,True,True,True,True,True,True,False,False,False,False,False,False,False
100276,STATE_PREFLIGHT,12.4,0.05,0.1,0.45,0.0,0.0,0.09810000419616699,0.0010000000149011613,0.0020000000298023225,0.0030000001192092896,0.12300000190734864,0.45599998474121095,0.789000015258789,980.5,25.0,0.0,0.0,0.980999984741211,1,46.5,6.6,1200.0,1.5,3.5,12,9.8100004196167,98.0999984741211,11.984000244140624,0.0,1200.0,True,True,True,True,True,True,True,True,True,True,True,True,True,True,True,True,False,False,False,False,False,False,False
100787,STATE_PREFLIGHT,12.4,0.05,0.1,0.45,0.0,0.0,0.09810000419616699,0.0010000000149011613,0.0020000000298023225,0.0030000001192092896,0.12300000190734864,0.45599998474121095,0.789000015258789,980.5,25.0,0.0,0.0,0.980999984741211,1,46.5,6.6,1200.0,1.5,3.5,12,9.8100004196167,98.0999984741211,11.984000244140624,0.0,1200.0,True,True,True,True,True,True,True,True,True,True,True,True,True,True,True,True,False,False,False,False,False,False,False
101298,STATE_PREFLIGHT,12.4,0.05,0.1,0.45,0.0,0.0,0.09810000419616699,0.0010000000149011613,0.0020000000298023225,0.0030000001192092896,0.12300000190734864,0.45599998474121095,0.789000015258789,980.5,25.0,0.0,0.0,0.980999984741211,1,46.5,6.6,1200.0,1.5,3.5,12,9.8100004196167,98.0999984741211,11.984000244140624,0.0,1200.0,True,True,True,True,True,True,True,True,True,True,True,True,True,True,True,True,False,False,False,False,False,False,False
101809,STATE_PREFLIGHT,12.4,0.05,0.1,0.45,0.0,0.0,0.09810000419616699,0.0010000000149011613,0.0020000000298023225,0.0030000001192092896,0.12300000190734864,0.45599998474121095,0.789000015258789,980.5,25.0,0.0,0.0,0.980999984741211,1,46.5,6.6,1200.0,1.5,3.5,12,9.8100004196167,98.0999984741211,11.984000244140624,0.0,1200.0,True,True,True,True,True,True,True,True,True,True,True,True,True,True,True,True,False,False,False,False,False,False,False
102321,STATE_PREFLIGHT,12.4,0.05,0.1,0.45,0.0,0.0,0.09810000419616699,0.0010000000149011613,0.0020000000298023225,0.0030000001192092896,0.12300000190734864,0.45599998474121095,0.789000015258789,980.5,25.0,0.0,0.0,0.980999984741211,1,46.5,6.6,1200.0,1.5,3.5,12,9.8100004196167,98.0999984741211,11.984000244140624,0.0,1200.0,True,True,True,True,True,True,True,True,True,True,True,True,True,True,True,True,False,False,False,False,False,False,False
102832,STATE_PREFLIGHT,12.4,0.05,0.1,0.45,0.0,0.0,0.09810000419616699,0.0010000000149011613,0.0020000000298023225,0.0030000001192092896,0.12300000190734864,0.45599998474121095,0.789000015258789,980.5,25.0,0.0,0.0,0.980999984741211,1,46.5,6.6,1200.0,1.5,3.5,12,9.8100004196167,98.0999984741211,11.984000244140624,0.0,1200.0,True,True,True,True,True,True,True,True,True,True,True,True,True,True,True,True,False,False,False,False,False,False,False
103342,STATE_PREFLIGHT,12.4,0.05,0.1,0.45,0.0,0.0,0.09810000419616699,0.0010000000149011613,0.0020000000298023225,0.0030000001192092896,0.12300000190734864,0.45599998474121095,0.789000015258789,980.5,25.0,0.0,0.0,0.980999984741211,1,46.5,6.6,1200.0,1.5,3.5,12,9.8100004196167,98.0999984741211,11.984000244140624,0.0,1200.0,True,True,True,True,True,True,True,True,True,True,True,True,True,True,True,True,False,False,False,False,False,False,False
103854,STATE_PREFLIGHT,12.4,0.05,0.1,0.45,0.0,0.0,0.09810000419616699,0.0010000000149011613,0.0020000000298023225,0.0030000001192092896,0.12300000190734864,0.45599998474121095,0.789000015258789,980.5,25.0,0.0,0.0,0.980999984741211,1,46.5,6.6,1200.0,1.5,3.5,12,9.8100004196167,98.0999984741211,11.984000244140624,0.0,1200.0,True,True,True,True,True,True,True,True,True,True,True,True,True,True,True,True,False,False,False,False,False,False,False
104362,STATE_PREFLIGHT,12.4,0.05,0.1,0.45,0.0,0.0,0.09810000419616699,0.0010000000149011613,0.0020000000298023225,0.0030000001192092896,0.12300000190734864,0.45599998474121095,0.789000015258789,980.5,25.0,0.0,0.0,0.980999984741211,1,46.5,6.6,1200.0,1.5,3.5,12,9.8100004196167,98.0999984741211,11.984000244140624,0.0,1200.0,True,True,True,True,True,True,True,True,True,True,True,True,True,True,True,True,False,False,False,False,False,False,False
104868,STATE_PREFLIGHT,12.4,0.05,0.1,0.45,0.0,0.0,0.09810000419616699,0.0010000000149011613,0.0020000000298023225,0.0030000001192092896,0.12300000190734864,0.45599998474121095,0.789000015258789,980.5,25.0,0.0,0.0,0.980999984741211,1,46.5,6.6,1200.0,1.5,3.5,12,9.8100004196167,98.0999984741211,11.984000244140624,0.0,1200.0,True,True,True,True,True,True,True,True,True,True,True,True,True,True,True,True,False,False,False,False,False,False,False
105376,STATE_PREFLIGHT,12.4,0.05,0.1,0.45,0.0,0.0,0.09810000419616699,0.0010000000149011613,0.0020000000298023225,0.0030000001192092896,0.12300000190734864,0.45599998474121095,0.789000015258789,980.5,25.0,0.0,0.0,0.980999984741211,1,46.5,6.6,1200.0,1.5,3.5,12,9.8100004196167,98.0999984741211,11.984000244140624,0.0,1200.0,True,True,True,True,True,True,True,True,True,True,True,True,True,True,True,True,False,False,False,False,False,False,False
105881,STATE_PREFLIGHT,12.4,0.05,0.1,0.45,0.0,0.0,0.09810000419616699,0.0010000000149011613,0.0020000000298023225,0.0030000001192092896,0.12300000190734864,0.45599998474121095,0.789000015258789,980.5,25.0,0.0,0.0,0.980999984741211,1,46.5,6.6,1200.0,1.5,3.5,12,9.8100004196167,98.0999984741211,11.984000244140624,0.0,1200.0,True,True,True,True,True,True,True,True,True,True,True,True,True,True,True,True,False,False,False,False,False,False,False
106388,STATE_PREFLIGHT,12.4,0.05,0.1,0.45,0.0,0.0,0.09810000419616699,0.0010000000149011613,0.0020000000298023225,0.0030000001192092896,0.12300000190734864,0.45599998474121095,0.789000015258789,980.5,25.0,0.0,0.0,0.980999984741211,1,46.5,6.6,1200.0,1.5,3.5,12,9.8100004196167,98.0999984741211,11.984000244140624,0.0,1200.0,True,True,True,True,True,True,True,True,True,True,True,True,True,True,True,True,False,False,False,False,False,False,False
106895,STATE_PREFLIGHT,12.4,0.05,0.1,0.45,0.0,0.0,0.09810000419616699,0.0010000000149011613,0.0020000000298023225,0.0030000001192092896,0.12300000190734864,0.45599998474121095,0.789000015258789,980.5,25.0,0.0,0.0,0.980999984741211,1,46.5,6.6,1200.0,1.5,3.5,12,9.8100004196167,98.0999984741211,11.984000244140624,0.0,1200.0,True,True,True,True,True,True,True,True,True,True,True,True,True,True,True,True,False,False,False,False,False,False,False
107407,STATE_PREFLIGHT,12.4,0.05,0.1,0.45,0.0,0.0,0.09810000419616699,0.0010000000149011613,0.0020000000298023225,0.0030000001192092896,0.12300000190734864,0.45599998474121095,0.789000015258789,980.5,25.0,0.0,0.0,0.980999984741211,1,46.5,6.6,1200.0,1.5,3.5,12,9.8100004196167,98.0999984741211,11.984000244140624,0.0,1200.0,True,True,True,True,True,True,True,True,True,True,True,True,True,True,True,True,False,False,False,False,False,False,False
107914,STATE_PREFLIGHT,12.4,0.05,0.1,0.45,0.0,0.0,0.09810000419616699,0.0010000000149011613,0.0020000000298023225,0.0030000001192092896,0.12300000190734864,0.45599998474121095,0.789000015258789,980.5,25.0,0.0,0.0,0.980999984741211,1,46.5,6.6,1200.0,1.5,3.5,12,9.8100004196167,98.0999984741211,11.984000244140624,0.0,1200.0,True,True,True,True,True,True,True,True,True,True,True,True,True,True,True,True,False,False,False,False,False,False,False
108422,STATE_PREFLIGHT,12.4,0.05,0.1,0.45,0.0,0.0,0.09810000419616699,0.0010000000149011613,0.0020000000298023225,0.0030000001192092896,0.12300000190734864,0.45599998474121095,0.789000015258789,980.5,25.0,0.0,0.0,0.980999984741211,1,46.5,6.6,1200.0,1.5,3.5,12,9.8100004196167,98.0999984741211,11.984000244140624,0.0,1200.0,True,True,True,True,True,True,True,True,True,True,True,True,True,True,True,True,False,False,False,False,False,False,False
108932,STATE_PREFLIGHT,12.4,0.05,0.1,0.45,0.0,0.0,0.09810000419616699,0.0010000000149011613,0.0020000000298023225,0.0030000001192092896,0.12300000190734864,0.45599998474121095,0.789000015258789,980.5,25.0,0.0,0.0,0.980999984741211,1,46.5,6.6,1200.0,1.5,3.5,12,9.8100004196167,98.0999984741211,11.984000244140624,0.0,1200.0,True,True,True,True,True,True,True,True,True,True,True,True,True,True,True,True,False,False,False,False,False,False,False
109442,STATE_PREFLIGHT,12.4,0.05,0.1,0.45,0.0,0.0,0.09810000419616699,0.0010000000149011613,0.0020000000298023225,0.0030000001192092896,0.12300000190734864,0.45599998474121095,0.789000015258789,980.5,25.0,0.0,0.0,0.980999984741211,1,46.5,6.6,1200.0,1.5,3.5,12,9.8100004196167,98.0999984741211,11.984000244140624,0.0,1200.0,True,True,True,True,True,True,True,True,True,True,True,True,True,True,True,True,False,False,False,False,False,False,False
109952,STATE_PREFLIGHT,12.4,0.05,0.1,0.45,0.0,0.0,0.09810000419616699,0.0010000000149011613,0.0020000000298023225,0.0030000001192092896,0.12300000190734864,0.45599998474121095,0.789000015258789,980.5,25.0,0.0,0.0,0.980999984741211,1,46.5,6.6,1200.0,1.5,3.5,12,9.8100004196167,98.0999984741211,11.984000244140624,0.0,1200.0,True,True,True,True,True,True,True,True,True,True,True,True,True,True,True,True,False,False,False,False,False,False,False
110459,STATE_PREFLIGHT,12.4,0.05,0.1,0.45,0.0,0.0,0.09810000419616699,0.0010000000149011613,0.0020000000298023225,0.0030000001192092896,0.12300000190734864,0.45599998474121095,0.789000015258789,980.5,25.0,0.0,0.0,0.980999984741211,1,46.5,6.6,1200.0,1.5,3.5,12,9.8100004196167,98.0999984741211,11.984000244140624,0.0,1200.0,True,True,True,True,True,True,True,True,True,True,True,True,True,True,True,True,False,False,False,False,False,False,False
110970,STATE_PREFLIGHT,12.4,0.05,0.1,0.45,0.0,0.0,0.09810000419616699,0.0010000000149011613,0.0020000000298023225,0.0030000001192092896,0.12300000190734864,0.45599998474121095,0.789000015258789,980.5,25.0,0.0,0.0,0.980999984741211,1,46.5,6.6,1200.0,1.5,3.5,12,9.8100004196167,98.0999984741211,11.984000244140624,0.0,1200.0,True,True,True,True,True,True,True,True,True,True,True,True,True,True,True,True,False,False,False,False,False,False,False
111481,STATE_PREFLIGHT,12.4,0.05,0.1,0.45,0.0,0.0,0.09810000419616699,0.0010000000149011613,0.0020000000298023225,0.0030000001192092896,0.12300000190734864,0.45599998474121095,0.789000015258789,980.5,25.0,0.0,0.0,0.980999984741211,1,46.5,6.6,1200.0,1.5,3.5,12,9.8100004196167,98.0999984741211,11.984000244140624,0.0,1200.0,True,True,True,True,True,True,True,True,True,True,True,True,True,True,True,True,False,False,False,False,False,False,False
111989,STATE_PREFLIGHT,12.4,0.05,0.1,0.45,0.0,0.0,0.09810000419616699,0.0010000000149011613,0.0020000000298023225,0.0030000001192092896,0.12300000190734864,0.45599998474121095,0.789000015258789,980.5,25.0,0.0,0.0,0.980999984741211,1,46.5,6.6,1200.0,1.5,3.5,12,9.8100004196167,98.0999984741211,11.984000244140624,0.0,1200.0,True,True,True,True,True,True,True,True,True,True,True,True,True,True,True,True,False,False,False,False,False,False,False
112495,STATE_PREFLIGHT,12.4,0.05,0.1,0.45,0.0,0.0,0.09810000419616699,0.0010000000149011613,0.0020000000298023225,0.0030000001192092896,0.12300000190734864,0.45599998474121095,0.789000015258789,980.5,25.0,0.0,0.0,0.980999984741211,1,46.5,6.6,1200.0,1.5,3.5,12,9.8100004196167,98.0999984741211,11.984000244140624,0.0,1200.0,True,True,True,True,True,True,True,True,True,True,True,True,True,True,True,True,False,False,False,False,False,False,False
113001,STATE_PREFLIGHT,12.4,0.05,0.1,0.45,0.0,0.0,0.09810000419616699,0.0010000000149011613,0.0020000000298023225,0.0030000001192092896,0.12300000190734864,0.45599998474121095,0.789000015258789,980.5,25.0,0.0,0.0,0.980999984741211,1,46.5,6.6,1200.0,1.5,3.5,12,9.8100004196167,98.0999984741211,11.984000244140624,0.0,1200.0,True,True,True,True,True,True,True,True,True,True,True,True,True,True,True,True,False,False,False,False,False,False,False
113509,STATE_PREFLIGHT,12.4,0.05,0.1,0.45,0.0,0.0,0.09810000419616699,0.0010000000149011613,0.0020000000298023225,0.0030000001192092896,0.12300000190734864,0.45599998474121095,0.789000015258789,980.5,25.0,0.0,0.0,0.980999984741211,1,46.5,6.6,1200.0,1.5,3.5,12,9.8100004196167,98.0999984741211,11.984000244140624,0.0,1200.0,True,True,True,True,True,True,True,True,True,True,True,True,True,True,True,True,False,False,False,False,False,False,False
114017,STATE_PREFLIGHT,12.4,0.05,0.1,0.45,0.0,0.0,0.09810000419616699,0.0010000000149011613,0.0020000000298023225,0.0030000001192092896,0.12300000190734864,0.45599998474121095,0.789000015258789,980.5,25.0,0.0,0.0,0.980999984741211,1,46.5,6.6,1200.0,1.5,3.5,12,9.8100004196167,98.0999984741211,11.984000244140624,0.0,1200.0,True,True,True,True,True,True,True,True,True,True,True,True,True,True,True,True,False,False,False,False,False,False,False
114524,STATE_PREFLIGHT,12.4,0.05,0.1,0.45,0.0,0.0,0.09810000419616699,0.0010000000149011613,0.0020000000298023225,0.0030000001192092896,0.12300000190734864,0.45599998474121095,0.789000015258789,980.5,25.0,0.0,0.0,0.980999984741211,1,46.5,6.6,1200.0,1.5,3.5,12,9.8100004196167,98.0999984741211,11.984000244140624,0.0,1200.0,True,True,True,True,True,True,True,True,True,True,True,True,True,True,True,True,False,False,False,False,False,False,False
115032,STATE_PREFLIGHT,12.4,0.05,0.1,0.45,0.0,0.0,0.09810000419616699,0.0010000000149011613,0.0020000000298023225,0.0030000001192092896,0.12300000190734864,0.45599998474121095,0.789000015258789,980.5,25.0,0.0,0.0,0.980999984741211,1,46.5,6.6,1200.0,1.5,3.5,12,9.8100004196167,98.0999984741211,11.984000244140624,0.0,1200.0,True,True,True,True,True,True,True,True,True,True,True,True,True,True,True,True,False,False,False,False,False,False,False
115545,STATE_PREFLIGHT,12.4,0.05,0.1,0.45,0.0,0.0,0.09810000419616699,0.0010000000149011613,0.0020000000298023225,0.0030000001192092896,0.12300000190734864,0.45599998474121095,0.789000015258789,980.5,25.0,0.0,0.0,0.980999984741211,1,46.5,6.6,1200.0,1.5,3.5,12,9.8100004196167,98.0999984741211,11.984000244140624,0.0,1200.0,True,True,True,True,True,True,True,True,True,True,True,True,True,True,True,True,False,False,False,False,False,False,False
116072,STATE_PREFLIGHT,12.4,0.05,0.1,0.45,0.0,0.0,0.09810000419616699,0.0010000000149011613,0.0020000000298023225,0.0030000001192092896,0.12300000190734864,0.45599998474121095,0.789000015258789,980.5,25.0,0.0,0.0,0.980999984741211,1,46.5,6.6,1200.0,1.5,3.5,12,9.8100004196167,98.0999984741211,11.984000244140624,0.0,1200.0,True,True,True,True,True,True,True,True,True,True,True,True,True,True,True,True,False,False,False,False,False,False,False
116580,STATE_PREFLIGHT,12.4,0.05,0.1,0.45,0.0,0.0,0.09810000419616699,0.0010000000149011613,0.0020000000298023225,0.0030000001192092896,0.12300000190734864,0.45599998474121095,0.789000015258789,980.5,25.0,0.0,0.0,0.980999984741211,1,46.5,6.6,1200.0,1.5,3.5,12,9.8100004196167,98.0999984741211,11.984000244140624,0.0,1200.0,True,True,True,True,True,True,True,True,True,True,True,True,True,True,True,True,False,False,False,False,False,False,False
117091,STATE_PREFLIGHT,12.4,0.05,0.1,0.45,0.0,0.0,0.09810000419616699,0.0010000000149011613,0.0020000000298023225,0.0030000001192092896,0.12300000190734864,0.45599998474121095,0.789000015258789,980.5,25.0,0.0,0.0,0.980999984741211,1,46.5,6.6,1200.0,1.5,3.5,12,9.8100004196167,98.0999984741211,11.984000244140624,0.0,1200.0,True,True,True,True,True,True,True,True,True,True,True,True,True,True,True,True,False,False,False,False,False,False,False
117599,STATE_PREFLIGHT,12.4,0.05,0.1,0.45,0.0,0.0,0.09810000419616699,0.0010000000149011613,0.0020000000298023225,0.0030000001192092896,0.12300000190734864,0.45599998474121095,0.789000015258789,980.5,25.0,0.0,0.0,0.980999984741211,1,46.5,6.6,1200.0,1.5,3.5,12,9.8100004196167,98.0999984741211,11.984000244140624,0.0,1200.0,True,True,True,True,True,True,True,True,True,True,True,True,True,True,True,True,False,False,False,False,False,False,False
118110,STATE_PREFLIGHT,12.4,0.05,0.1,0.45,0.0,0.0,0.09810000419616699,0.0010000000149011613,0.0020000000298023225,0.0030000001192092896,0.12300000190734864,0.45599998474121095,0.789000015258789,980.5,25.0,0.0,0.0,0.980999984741211,1,46.5,6.6,1200.0,1.5,3.5,12,9.8100004196167,98.0999984741211,11.984000244140624,0.0,1200.0,True,True,True,True,True,True,True,True,True,True,True,True,True,True,True,True,False,False,False,False,False,False,False
118618,STATE_PREFLIGHT,12.4,0.05,0.1,0.45,0.0,0.0,0.09810000419616699,0.0010000000149011613,0.0020000000298023225,0.0030000001192092896,0.12300000190734864,0.45599998474121095,0.789000015258789,980.5,25.0,0.0,0.0,0.980999984741211,1,46.5,6.6,1200.0,1.5,3.5,12,9.8100004196167,98.0999984741211,11.984000244140624,0.0,1200.0,True,True,True,True,True,True,True,True,True,True,True,True,True,True,True,True,False,False,False,False,False,False,False
119129,STATE_PREFLIGHT,12.4,0.05,0.1,0.45,0.0,0.0,0.09810000419616699,0.0010000000149011613,0.0020000000298023225,0.0030000001192092896,0.12300000190734864,0.45599998474121095,0.789000015258789,980.5,25.0,0.0,0.0,0.980999984741211,1,46.5,6.6,1200.0,1.5,3.5,12,9.8100004196167,98.0999984741211,11.984000244140624,0.0,1200.0,True,True,True,True,True,True,True,True,True,True,True,True,True,True,True,True,False,False,False,False,False,False,False
119639,STATE_PREFLIGHT,12.4,0.05,0.1,0.45,0.0,0.0,0.09810000419616699,0.0010000000149011613,0.0020000000298023225,0.0030000001192092896,0.12300000190734864,0.45599998474121095,0.789000015258789,980.5,25.0,0.0,0.0,0.980999984741211,1,46.5,6.6,1200.0,1.5,3.5,12,9.8100004196167,98.0999984741211,11.984000244140624,0.0,1200.0,True,True,True,True,True,True,True,True,True,True,True,True,True,True,True,True,False,False,False,False,False,False,False
120149,STATE_PREFLIGHT,12.4,0.05,0.1,0.45,0.0,0.0,0.09810000419616699,0.0010000000149011613,0.0020000000298023225,0.0030000001192092896,0.12300000190734864,0.45599998474121095,0.789000015258789,980.5,25.0,0.0,0.0,0.980999984741211,1,46.5,6.6,1200.0,1.5,3.5,12,9.8100004196167,98.0999984741211,11.984000244140624,0.0,1200.0,True,True,True,True,True,True,True,True,True,True,True,True,True,True,True,True,False,False,False,False,False,False,False
120655,STATE_PREFLIGHT,12.4,0.05,0.1,0.45,0.0,0.0,0.09810000419616699,0.0010000000149011613,0.0020000000298023225,0.0030000001192092896,0.12300000190734864,0.45599998474121095,0.789000015258789,980.5,25.0,0.0,0.0,0.980999984741211,1,46.5,6.6,1200.0,1.5,3.5,12,9.8100004196167,98.0999984741211,11.984000244140624,0.0,1200.0,True,True,True,True,True,True,True,True,True,True,True,True,True,True,True,True,False,False,False,False,False,False,False
121166,STATE_PREFLIGHT,12.4,0.05,0.1,0.45,0.0,0.0,0.09810000419616699,0.0010000000149011613,0.0020000000298023225,0.0030000001192092896,0.12300000190734864,0.45599998474121095,0.789000015258789,980.5,25.0,0.0,0.0,0.980999984741211,1,46.5,6.6,1200.0,1.5,3.5,12,9.8100004196167,98.0999984741211,11.984000244140624,0.0,1200.0,True,True,True,True,True,True,True,True,True,True,True,True,True,True,True,True,False,False,False,False,False,False,False
121672,STATE_PREFLIGHT,12.4,0.05,0.1,0.45,0.0,0.0,0.09810000419616699,0.0010000000149011613,0.0020000000298023225,0.0030000001192092896,0.12300000190734864,0.45599998474121095,0.789000015258789,980.5,25.0,0.0,0.0,0.980999984741211,1,46.5,6.6,1200.0,1.5,3.5,12,9.8100004196167,98.0999984741211,11.984000244140624,0.0,1200.0,True,True,True,True,True,True,True,True,True,True,True,True,True,True,True,True,False,False,False,False,False,False,False
122183,STATE_PREFLIGHT,12.4,0.05,0.1,0.45,0.0,0.0,0.09810000419616699,0.0010000000149011613,0.0020000000298023225,0.0030000001192092896,0.12300000190734864,0.45599998474121095,0.789000015258789,980.5,25.0,0.0,0.0,0.980999984741211,1,46.5,6.6,1200.0,1.5,3.5,12,9.8100004196167,98.0999984741211,11.984000244140624,0.0,1200.0,True,True,True,True,True,True,True,True,True,True,True,True,True,True,True,True,False,False,False,False,False,False,False
122693,STATE_PREFLIGHT,12.4,0.05,0.1,0.45,0.0,0.0,0.09810000419616699,0.0010000000149011613,0.0020000000298023225,0.0030000001192092896,0.12300000190734864,0.45599998474121095,0.789000015258789,980.5,25.0,0.0,0.0,0.980999984741211,1,46.5,6.6,1200.0,1.5,3.5,12,9.8100004196167,98.0999984741211,11.984000244140624,0.0,1200.0,True,True,True,True,True,True,True,True,True,True,True,True,True,True,True,True,False,False,False,False,False,False,False
123203,STATE_PREFLIGHT,12.4,0.05,0.1,0.45,0.0,0.0,0.09810000419616699,0.0010000000149011613,0.0020000000298023225,0.0030000001192092896,0.12300000190734864,0.45599998474121095,0.789000015258789,980.5,25.0,0.0,0.0,0.980999984741211,1,46.5,6.6,1200.0,1.5,3.5,12,9.8100004196167,98.0999984741211,11.984000244140624,0.0,1200.0,True,True,True,True,True,True,True,True,True,True,True,True,True,True,True,True,False,False,False,False,False,False,False
123714,STATE_PREFLIGHT,12.4,0.05,0.1,0.45,0.0,0.0,0.09810000419616699,0.0010000000149011613,0.0020000000298023225,0.0030000001192092896,0.12300000190734864,0.45599998474121095,0.789000015258789,980.5,25.0,0.0,0.0,0.980999984741211,1,46.5,6.6,1200.0,1.5,3.5,12,9.8100004196167,98.0999984741211,11.984000244140624,0.0,1200.0,True,True,True,True,True,True,True,True,True,True,True,True,True,True,True,True,False,False,False,False,False,False,False
124224,STATE_PREFLIGHT,12.4,0.05,0.1,0.45,0.0,0.0,0.09810000419616699,0.0010000000149011613,0.0020000000298023225,0.0030000001192092896,0.12300000190734864,0.45599998474121095,0.789000015258789,980.5,25.0,0.0,0.0,0.980999984741211,1,46.5,6.6,1200.0,1.5,3.5,12,9.8100004196167,98.0999984741211,11.984000244140624,0.0,1200.0,True,True,True,True,True,True,True,True,True,True,True,True,True,True,True,True,False,False,False,False,False,False,False
124730,STATE_PREFLIGHT,12.4,0.05,0.1,0.45,0.0,0.0,0.09810000419616699,0.0010000000149011613,0.0020000000298023225,0.0030000001192092896,0.12300000190734864,0.45599998474121095,0.789000015258789,980.5,25.0,0.0,0.0,0.980999984741211,1,46.5,6.6,1200.0,1.5,3.5,12,9.8100004196167,98.0999984741211,11.984000244140624,0.0,1200.0,True,True,True,True,True,True,True,True,True,True,True,True,True,True,True,True,False,False,False,False,False,False,False
125239,STATE_PREFLIGHT,12.4,0.05,0.1,0.45,0.0,0.0,0.09810000419616699,0.0010000000149011613,0.0020000000298023225,0.0030000001192092896,0.12300000190734864,0.45599998474121095,0.789000015258789,980.5,25.0,0.0,0.0,0.980999984741211,1,46.5,6.6,1200.0,1.5,3.5,12,9.8100004196167,98.0999984741211,11.984000244140624,0.0,1200.0,True,True,True,True,True,True,True,True,True,True,True,True,True,True,True,True,False,False,False,False,False,False,False
125749,STATE_PREFLIGHT,12.4,0.05,0.1,0.45,0.0,0.0,0.09810000419616699,0.0010000000149011613,0.0020000000298023225,0.0030000001192092896,0.12300000190734864,0.45599998474121095,0.789000015258789,980.5,25.0,0.0,0.0,0.980999984741211,1,46.5,6.6,1200.0,1.5,3.5,12,9.8100004196167,98.0999984741211,11.984000244140624,0.0,1200.0,True,True,True,True,True,True,True,True,True,True,True,True,True,True,True,True,False,False,False,False,False,False,False
126260,STATE_PREFLIGHT,12.4,0.05,0.1,0.45,0.0,0.0,0.09810000419616699,0.0010000000149011613,0.0020000000298023225,0.0030000001192092896,0.12300000190734864,0.45599998474121095,0.789000015258789,980.5,25.0,0.0,0.0,0.980999984741211,1,46.5,6.6,1200.0,1.5,3.5,12,9.8100004196167,98.0999984741211,11.984000244140624,0.0,1200.0,True,True,True,True,True,True,True,True,True,True,True,True,True,True,True,True,False,False,False,False,False,False,False
126770,STATE_PREFLIGHT,12.4,0.05,0.1,0.45,0.0,0.0,0.09810000419616699,0.0010000000149011613,0.0020000000298023225,0.0030000001192092896,0.12300000190734864,0.45599998474121095,0.789000015258789,980.5,25.0,0.0,0.0,0.980999984741211,1,46.5,6.6,1200.0,1.5,3.5,12,9.8100004196167,98.0999984741211,11.984000244140624,0.0,1200.0,True,True,True,True,True,True,True,True,True,True,True,True,True,True,True,True,False,False,False,False,False,False,False
127280,STATE_PREFLIGHT,12.4,0.05,0.1,0.45,0.0,0.0,0.09810000419616699,0.0010000000149011613,0.0020000000298023225,0.0030000001192092896,0.12300000190734864,0.45599998474121095,0.789000015258789,980.5,25.0,0.0,0.0,0.980999984741211,1,46.5,6.6,1200.0,1.5,3.5,12,9.8100004196167,98.0999984741211,11.984000244140624,0.0,1200.0,True,True,True,True,True,True,True,True,True,True,True,True,True,True,True,True,False,False,False,False,False,False,False
127789,STATE_PREFLIGHT,12.4,0.05,0.1,0.45,0.0,0.0,0.09810000419616699,0.0010000000149011613,0.0020000000298023225,0.0030000001192092896,0.12300000190734864,0.45599998474121095,0.789000015258789,980.5,25.0,0.0,0.0,0.980999984741211,1,46.5,6.6,1200.0,1.5,3.5,12,9.8100004196167,98.0999984741211,11.984000244140624,0.0,1200.0,True,True,True,True,True,True,True,True,True,True,True,True,True,True,True,True,False,False,False,False,False,False,False
128298,STATE_PREFLIGHT,12.4,0.05,0.1,0.45,0.0,0.0,0.09810000419616699,0.0010000000149011613,0.0020000000298023225,0.0030000001192092896,0.12300000190734864,0.45599998474121095,0.789000015258789,980.5,25.0,0.0,0.0,0.980999984741211,1,46.5,6.6,1200.0,1.5,3.5,12,9.8100004196167,98.0999984741211,11.984000244140624,0.0,1200.0,True,True,True,True,True,True,True,True,True,True,True,True,True,True,True,True,False,False,False,False,False,False,False
128805,STATE_PREFLIGHT,12.4,0.05,0.1,0.45,0.0,0.0,0.09810000419616699,0.0010000000149011613,0.0020000000298023225,0.0030000001192092896,0.12300000190734864,0.45599998474121095,0.789000015258789,980.5,25.0,0.0,0.0,0.980999984741211,1,46.5,6.6,1200.0,1.5,3.5,12,9.8100004196167,98.0999984741211,11.984000244140624,0.0,1200.0,True,True,True,True,True,True,True,True,True,True,True,True,True,True,True,True,False,False,False,False,False,False,False
129314,STATE_PREFLIGHT,12.4,0.05,0.1,0.45,0.0,0.0,0.09810000419616699,0.0010000000149011613,0.0020000000298023225,0.0030000001192092896,0.12300000190734864,0.45599998474121095,0.789000015258789,980.5,25.0,0.0,0.0,0.980999984741211,1,46.5,6.6,1200.0,1.5,3.5,12,9.8100004196167,98.0999984741211,11.984000244140624,0.0,1200.0,True,True,True,True,True,True,True,True,True,True,True,True,True,True,True,True,False,False,False,False,False,False,False
129824,STATE_PREFLIGHT,12.4,0.05,0.1,0.45,0.0,0.0,0.09810000419616699,0.0010000000149011613,0.0020000000298023225,0.0030000001192092896,0.12300000190734864,0.45599998474121095,0.789000015258789,980.5,25.0,0.0,0.0,0.980999984741211,1,46.5,6.6,1200.0,1.5,3.5,12,9.8100004196167,98.0999984741211,11.984000244140624,0.0,1200.0,True,True,True,True,True,True,True,True,True,True,True,True,True,True,True,True,False,False,False,False,False,False,False
130332,STATE_PREFLIGHT,12.4,0.05,0.1,0.45,0.0,0.0,0.09810000419616699,0.0010000000149011613,0.0020000000298023225,0.0030000001192092896,0.12300000190734864,0.45599998474121095,0.789000015258789,980.5,25.0,0.0,0.0,0.980999984741211,1,46.5,6.6,1200.0,1.5,3.5,12,9.8100004196167,98.0999984741211,11.984000244140624,0.0,1200.0,True,True,True,True,True,True,True,True,True,True,True,True,True,True,True,True,False,False,False,False,False,False,False
130842,STATE_PREFLIGHT,12.4,0.05,0.1,0.45,0.0,0.0,0.09810000419616699,0.0010000000149011613,0.0020000000298023225,0.0030000001192092896,0.12300000190734864,0.45599998474121095,0.789000015258789,980.5,25.0,0.0,0.0,0.980999984741211,1,46.5,6.6,1200.0,1.5,3.5,12,9.8100004196167,98.0999984741211,11.984000244140624,0.0,1200.0,True,True,True,True,True,True,True,True,True,True,True,True,True,True,True,True,False,False,False,False,False,False,False
131344,STATE_PREFLIGHT,12.4,0.05,0.1,0.45,0.0,0.0,0.09810000419616699,0.0010000000149011613,0.0020000000298023225,0.0030000001192092896,0.12300000190734864,0.45599998474121095,0.789000015258789,980.5,25.0,0.0,0.0,0.980999984741211,1,46.5,6.6,1200.0,1.5,3.5,12,9.8100004196167,98.0999984741211,11.984000244140624,0.0,1200.0,True,True,True,True,True,True,True,True,True,True,True,True,True,True,True,True,False,False,False,False,False,False,False
131855,STATE_PREFLIGHT,12.4,0.05,0.1,0.45,0.0,0.0,0.09810000419616699,0.0010000000149011613,0.0020000000298023225,0.0030000001192092896,0.12300000190734864,0.45599998474121095,0.789000015258789,980.5,25.0,0.0,0.0,0.980999984741211,1,46.5,6.6,1200.0,1.5,3.5,12,9.8100004196167,98.0999984741211,11.984000244140624,0.0,1200.0,True,True,True,True,True,True,True,True,True,True,True,True,True,True,True,True,False,False,False,False,False,False,False
132361,STATE_PREFLIGHT,12.4,0.05,0.1,0.45,0.0,0.0,0.09810000419616699,0.0010000000149011613,0.0020000000298023225,0.0030000001192092896,0.12300000190734864,0.45599998474121095,0.789000015258789,980.5,25.0,0.0,0.0,0.980999984741211,1,46.5,6.6,1200.0,1.5,3.5,12,9.8100004196167,98.0999984741211,11.984000244140624,0.0,1200.0,True,True,True,True,True,True,True,True,True,True,True,True,True,True,True,True,False,False,False,False,False,False,False
132869,STATE_PREFLIGHT,12.4,0.05,0.1,0.45,0.0,0.0,0.09810000419616699,0.0010000000149011613,0.0020000000298023225,0.0030000001192092896,0.12300000190734864,0.45599998474121095,0.789000015258789,980.5,25.0,0.0,0.0,0.980999984741211,1,46.5,6.6,1200.0,1.5,3.5,12,9.8100004196167,98.0999984741211,11.984000244140624,0.0,1200.0,True,True,True,True,True,True,True,True,True,True,True,True,True,True,True,True,False,False,False,False,False,False,False
