time_boot_ms,mission_state,battery_mv,roll,pitch,yaw,imu_acc_x,imu_acc_y,imu_acc_z,imu_gyro_x,imu_gyro_y,imu_gyro_z,imu_mag_x,imu_mag_y,imu_mag_z,pressure_hpa,temp_celsius,highg_acc_x,highg_acc_y,highg_acc_z,gps_fix,lat,lon,gps_alt,vel,cog,satellites_nb,imu_acc_vertical,highg_acc_vertical,kalman_z,kalman_v,altitude_msl_m,FLAG_IDEFIX_OK,FLAG_BT_OK,FLAG_FLASH_OK,FLAG_SD_OK,FLAG_TEMP_OK,FLAG_HIGHG_OK,FLAG_GPS_OK,FLAG_BARO_OK,FLAG_IMU_OK,FLAG_RADIO_OK,FLAG_PYROS_ARMED_OK,FLAG_PYRO1_CONN,FLAG_PYRO2_CONN,FLAG_PYRO3_CONN,FLAG_PYRO4_CONN,FLAG_PYRO1_FIRED,FLAG_PYRO2_FIRED,FLAG_PYRO3_FIRED,FLAG_PYRO4_FIRED,FLAG_APOGEE_DETECTED,FLAG_MAIN_DEPLOYED,FLAG_DROGUE_DEPLOYED,FLAG_MACH_LOCK_ENABLED
4579,STATE_PREFLIGHT,12.4,0.05,0.1,0.45,0.0,0.0,0.09810000419616699,0.0010000000149011613,0.0020000000298023225,0.0030000001192092896,0.12300000190734864,0.45599998474121095,0.789000015258789,980.5,25.0,0.0,0.0,0.980999984741211,1,46.5,6.6,1200.0,1.5,3.5,12,9.8100004196167,98.0999984741211,11.984000244140624,0.0,1200.0,True,True,True,True,True,True,True,True,True,True,True,True,True,True,True,True,False,False,False,False,False,False,False
5084,STATE_PREFLIGHT,12.4,0.05,0.1,0.45,0.0,0.0,0.09810000419616699,0.0010000000149011613,0.0020000000298023225,0.0030000001192092896,0.12300000190734864,0.45599998474121095,0.789000015258789,980.5,25.0,0.0,0.0,0.980999984741211,1,46.5,6.6,1200.0,1.5,3.5,12,9.8100004196167,98.0999984741211,11.984000244140624,0.0,1200.0,True,True,True,True,True,True,True,True,True,True,True,True,True,True,True,True,False,False,False,False,False,False,False
5594,STATE_PREFLIGHT,12.4,0.05,0.1,0.45,0.0,0.0,0.09810000419616699,0.0010000000149011613,0.0020000000298023225,0.0030000001192092896,0.12300000190734864,0.45599998474121095,0.789000015258789,980.5,25.0,0.0,0.0,0.980999984741211,1,46.5,6.6,1200.0,1.5,3.5,12,9.8100004196167,98.0999984741211,11.984000244140624,0.0,1200.0,True,True,True,True,True,True,True,True,True,True,True,True,True,True,True,True,False,False,False,False,False,False,False
6105,STATE_PREFLIGHT,12.4,0.05,0.1,0.45,0.0,0.0,0.09810000419616699,0.0010000000149011613,0.0020000000298023225,0.0030000001192092896,0.12300000190734864,0.45599998474121095,0.789000015258789,980.5,25.0,0.0,0.0,0.980999984741211,1,46.5,6.6,1200.0,1.5,3.5,12,9.8100004196167,98.0999984741211,11.984000244140624,0.0,1200.0,True,True,True,True,True,True,True,True,True,True,True,True,True,True,True,True,False,False,False,False,False,False,False
6614,STATE_PREFLIGHT,12.4,0.05,0.1,0.45,0.0,0.0,0.09810000419616699,0.0010000000149011613,0.0020000000298023225,0.0030000001192092896,0.12300000190734864,0.45599998474121095,0.789000015258789,980.5,25.0,0.0,0.0,0.980999984741211,1,46.5,6.6,1200.0,1.5,3.5,12,9.8100004196167,98.0999984741211,11.984000244140624,0.0,1200.0,True,True,True,True,True,True,True,True,True,True,True,True,True,True,True,True,False,False,False,False,False,False,False
7117,STATE_PREFLIGHT,12.4,0.05,0.1,0.45,0.0,0.0,0.09810000419616699,0.0010000000149011613,0.0020000000298023225,0.0030000001192092896,0.12300000190734864,0.45599998474121095,0.789000015258789,980.5,25.0,0.0,0.0,0.980999984741211,1,46.5,6.6,1200.0,1.5,3.5,12,9.8100004196167,98.0999984741211,11.984000244140624,0.0,1200.0,True,True,True,True,True,True,True,True,True,True,True,True,True,True,True,True,False,False,False,False,False,False,False
7628,STATE_PREFLIGHT,12.4,0.05,0.1,0.45,0.0,0.0,0.09810000419616699,0.0010000000149011613,0.0020000000298023225,0.0030000001192092896,0.12300000190734864,0.45599998474121095,0.789000015258789,980.5,25.0,0.0,0.0,0.980999984741211,1,46.5,6.6,1200.0,1.5,3.5,12,9.8100004196167,98.0999984741211,11.984000244140624,0.0,1200.0,True,True,True,True,True,True,True,True,True,True,True,True,True,True,True,True,False,False,False,False,False,False,False
8138,STATE_PREFLIGHT,12.4,0.05,0.1,0.45,0.0,0.0,0.09810000419616699,0.0010000000149011613,0.0020000000298023225,0.0030000001192092896,0.12300000190734864,0.45599998474121095,0.789000015258789,980.5,25.0,0.0,0.0,0.980999984741211,1,46.5,6.6,1200.0,1.5,3.5,12,9.8100004196167,98.0999984741211,11.984000244140624,0.0,1200.0,True,True,True,True,True,True,True,True,True,True,True,True,True,True,True,True,False,False,False,False,False,False,False
8648,STATE_PREFLIGHT,12.4,0.05,0.1,0.45,0.0,0.0,0.09810000419616699,0.0010000000149011613,0.0020000000298023225,0.0030000001192092896,0.12300000190734864,0.45599998474121095,0.789000015258789,980.5,25.0,0.0,0.0,0.980999984741211,1,46.5,6.6,1200.0,1.5,3.5,12,9.8100004196167,98.0999984741211,11.984000244140624,0.0,1200.0,True,True,True,True,True,True,True,True,True,True,True,True,True,True,True,True,False,False,False,False,False,False,False
9159,STATE_PREFLIGHT,12.4,0.05,0.1,0.45,0.0,0.0,0.09810000419616699,0.0010000000149011613,0.0020000000298023225,0.0030000001192092896,0.12300000190734864,0.45599998474121095,0.789000015258789,980.5,25.0,0.0,0.0,0.980999984741211,1,46.5,6.6,1200.0,1.5,3.5,12,9.8100004196167,98.0999984741211,11.984000244140624,0.0,1200.0,True,True,True,True,True,True,True,True,True,True,True,True,True,True,True,True,False,False,False,False,False,False,False
9669,STATE_PREFLIGHT,12.4,0.05,0.1,0.45,0.0,0.0,0.09810000419616699,0.0010000000149011613,0.0020000000298023225,0.0030000001192092896,0.12300000190734864,0.45599998474121095,0.789000015258789,980.5,25.0,0.0,0.0,0.980999984741211,1,46.5,6.6,1200.0,1.5,3.5,12,9.8100004196167,98.0999984741211,11.984000244140624,0.0,1200.0,True,True,True,True,True,True,True,True,True,True,True,True,True,True,True,True,False,False,False,False,False,False,False
10180,STATE_PREFLIGHT,12.4,0.05,0.1,0.45,0.0,0.0,0.09810000419616699,0.0010000000149011613,0.0020000000298023225,0.0030000001192092896,0.12300000190734864,0.45599998474121095,0.789000015258789,980.5,25.0,0.0,0.0,0.980999984741211,1,46.5,6.6,1200.0,1.5,3.5,12,9.8100004196167,98.0999984741211,11.984000244140624,0.0,1200.0,True,True,True,True,True,True,True,True,True,True,True,True,True,True,True,True,False,False,False,False,False,False,False
10691,STATE_PREFLIGHT,12.4,0.05,0.1,0.45,0.0,0.0,0.09810000419616699,0.0010000000149011613,0.0020000000298023225,0.0030000001192092896,0.12300000190734864,0.45599998474121095,0.789000015258789,980.5,25.0,0.0,0.0,0.980999984741211,1,46.5,6.6,1200.0,1.5,3.5,12,9.8100004196167,98.0999984741211,11.984000244140624,0.0,1200.0,True,True,True,True,True,True,True,True,True,True,True,True,True,True,True,True,False,False,False,False,False,False,False
11201,STATE_PREFLIGHT,12.4,0.05,0.1,0.45,0.0,0.0,0.09810000419616699,0.0010000000149011613,0.0020000000298023225,0.0030000001192092896,0.12300000190734864,0.45599998474121095,0.789000015258789,980.5,25.0,0.0,0.0,0.980999984741211,1,46.5,6.6,1200.0,1.5,3.5,12,9.8100004196167,98.0999984741211,11.984000244140624,0.0,1200.0,True,True,True,True,True,True,True,True,True,True,True,True,True,True,True,True,False,False,False,False,False,False,False
11711,STATE_PREFLIGHT,12.4,0.05,0.1,0.45,0.0,0.0,0.09810000419616699,0.0010000000149011613,0.0020000000298023225,0.0030000001192092896,0.12300000190734864,0.45599998474121095,0.789000015258789,980.5,25.0,0.0,0.0,0.980999984741211,1,46.5,6.6,1200.0,1.5,3.5,12,9.8100004196167,98.0999984741211,11.984000244140624,0.0,1200.0,True,True,True,True,True,True,True,True,True,True,True,True,True,True,True,True,False,False,False,False,False,False,False
12221,STATE_PREFLIGHT,12.4,0.05,0.1,0.45,0.0,0.0,0.09810000419616699,0.0010000000149011613,0.0020000000298023225,0.0030000001192092896,0.12300000190734864,0.45599998474121095,0.789000015258789,980.5,25.0,0.0,0.0,0.980999984741211,1,46.5,6.6,1200.0,1.5,3.5,12,9.8100004196167,98.0999984741211,11.984000244140624,0.0,1200.0,True,True,True,True,True,True,True,True,True,True,True,True,True,True,True,True,False,False,False,False,False,False,False
12730,STATE_PREFLIGHT,12.4,0.05,0.1,0.45,0.0,0.0,0.09810000419616699,0.0010000000149011613,0.0020000000298023225,0.0030000001192092896,0.12300000190734864,0.45599998474121095,0.789000015258789,980.5,25.0,0.0,0.0,0.980999984741211,1,46.5,6.6,1200.0,1.5,3.5,12,9.8100004196167,98.0999984741211,11.984000244140624,0.0,1200.0,True,True,True,True,True,True,True,True,True,True,True,True,True,True,True,True,False,False,False,False,False,False,False
13240,STATE_PREFLIGHT,12.4,0.05,0.1,0.45,0.0,0.0,0.09810000419616699,0.0010000000149011613,0.0020000000298023225,0.0030000001192092896,0.12300000190734864,0.45599998474121095,0.789000015258789,980.5,25.0,0.0,0.0,0.980999984741211,1,46.5,6.6,1200.0,1.5,3.5,12,9.8100004196167,98.0999984741211,11.984000244140624,0.0,1200.0,True,True,True,True,True,True,True,True,True,True,True,True,True,True,True,True,False,False,False,False,False,False,False
13750,STATE_PREFLIGHT,12.4,0.05,0.1,0.45,0.0,0.0,0.09810000419616699,0.0010000000149011613,0.0020000000298023225,0.0030000001192092896,0.12300000190734864,0.45599998474121095,0.789000015258789,980.5,25.0,0.0,0.0,0.980999984741211,1,46.5,6.6,1200.0,1.5,3.5,12,9.8100004196167,98.0999984741211,11.984000244140624,0.0,1200.0,True,True,True,True,True,True,True,True,True,True,True,True,True,True,True,True,False,False,False,False,False,False,False
14260,STATE_PREFLIGHT,12.4,0.05,0.1,0.45,0.0,0.0,0.09810000419616699,0.0010000000149011613,0.0020000000298023225,0.0030000001192092896,0.12300000190734864,0.45599998474121095,0.789000015258789,980.5,25.0,0.0,0.0,0.980999984741211,1,46.5,6.6,1200.0,1.5,3.5,12,9.8100004196167,98.0999984741211,11.984000244140624,0.0,1200.0,True,True,True,True,True,True,True,True,True,True,True,True,True,True,True,True,False,False,False,False,False,False,False
14771,STATE_PREFLIGHT,12.4,0.05,0.1,0.45,0.0,0.0,0.09810000419616699,0.0010000000149011613,0.0020000000298023225,0.0030000001192092896,0.12300000190734864,0.45599998474121095,0.789000015258789,980.5,25.0,0.0,0.0,0.980999984741211,1,46.5,6.6,1200.0,1.5,3.5,12,9.8100004196167,98.0999984741211,11.984000244140624,0.0,1200.0,True,True,True,True,True,True,True,True,True,True,True,True,True,True,True,True,False,False,False,False,False,False,False
15282,STATE_PREFLIGHT,12.4,0.05,0.1,0.45,0.0,0.0,0.09810000419616699,0.0010000000149011613,0.0020000000298023225,0.0030000001192092896,0.12300000190734864,0.45599998474121095,0.789000015258789,980.5,25.0,0.0,0.0,0.980999984741211,1,46.5,6.6,1200.0,1.5,3.5,12,9.8100004196167,98.0999984741211,11.984000244140624,0.0,1200.0,True,True,True,True,True,True,True,True,True,True,True,True,True,True,True,True,False,False,False,False,False,False,False
15793,STATE_PREFLIGHT,12.4,0.05,0.1,0.45,0.0,0.0,0.09810000419616699,0.0010000000149011613,0.0020000000298023225,0.0030000001192092896,0.12300000190734864,0.45599998474121095,0.789000015258789,980.5,25.0,0.0,0.0,0.980999984741211,1,46.5,6.6,1200.0,1.5,3.5,12,9.8100004196167,98.0999984741211,11.984000244140624,0.0,1200.0,True,True,True,True,True,True,True,True,True,True,True,True,True,True,True,True,False,False,False,False,False,False,False
16301,STATE_PREFLIGHT,12.4,0.05,0.1,0.45,0.0,0.0,0.09810000419616699,0.0010000000149011613,0.0020000000298023225,0.0030000001192092896,0.12300000190734864,0.45599998474121095,0.789000015258789,980.5,25.0,0.0,0.0,0.980999984741211,1,46.5,6.6,1200.0,1.5,3.5,12,9.8100004196167,98.0999984741211,11.984000244140624,0.0,1200.0,True,True,True,True,True,True,True,True,True,True,True,True,True,True,True,True,False,False,False,False,False,False,False
16809,STATE_PREFLIGHT,12.4,0.05,0.1,0.45,0.0,0.0,0.09810000419616699,0.0010000000149011613,0.0020000000298023225,0.0030000001192092896,0.12300000190734864,0.45599998474121095,0.789000015258789,980.5,25.0,0.0,0.0,0.980999984741211,1,46.5,6.6,1200.0,1.5,3.5,12,9.8100004196167,98.0999984741211,11.984000244140624,0.0,1200.0,True,True,True,True,True,True,True,True,True,True,True,True,True,True,True,True,False,False,False,False,False,False,False
17317,STATE_PREFLIGHT,12.4,0.05,0.1,0.45,0.0,0.0,0.09810000419616699,0.0010000000149011613,0.0020000000298023225,0.0030000001192092896,0.12300000190734864,0.45599998474121095,0.789000015258789,980.5,25.0,0.0,0.0,0.980999984741211,1,46.5,6.6,1200.0,1.5,3.5,12,9.8100004196167,98.0999984741211,11.984000244140624,0.0,1200.0,True,True,True,True,True,True,True,True,True,True,True,True,True,True,True,True,False,False,False,False,False,False,False
17828,STATE_PREFLIGHT,12.4,0.05,0.1,0.45,0.0,0.0,0.09810000419616699,0.0010000000149011613,0.0020000000298023225,0.0030000001192092896,0.12300000190734864,0.45599998474121095,0.789000015258789,980.5,25.0,0.0,0.0,0.980999984741211,1,46.5,6.6,1200.0,1.5,3.5,12,9.8100004196167,98.0999984741211,11.984000244140624,0.0,1200.0,True,True,True,True,True,True,True,True,True,True,True,True,True,True,True,True,False,False,False,False,False,False,False
18334,STATE_PREFLIGHT,12.4,0.05,0.1,0.45,0.0,0.0,0.09810000419616699,0.0010000000149011613,0.0020000000298023225,0.0030000001192092896,0.12300000190734864,0.45599998474121095,0.789000015258789,980.5,25.0,0.0,0.0,0.980999984741211,1,46.5,6.6,1200.0,1.5,3.5,12,9.8100004196167,98.0999984741211,11.984000244140624,0.0,1200.0,True,True,True,True,True,True,True,True,True,True,True,True,True,True,True,True,False,False,False,False,False,False,False
18845,STATE_PREFLIGHT,12.4,0.05,0.1,0.45,0.0,0.0,0.09810000419616699,0.0010000000149011613,0.0020000000298023225,0.0030000001192092896,0.12300000190734864,0.45599998474121095,0.789000015258789,980.5,25.0,0.0,0.0,0.980999984741211,1,46.5,6.6,1200.0,1.5,3.5,12,9.8100004196167,98.0999984741211,11.984000244140624,0.0,1200.0,True,True,True,True,True,True,True,True,True,True,True,True,True,True,True,True,False,False,False,False,False,False,False
19354,STATE_PREFLIGHT,12.4,0.05,0.1,0.45,0.0,0.0,0.09810000419616699,0.0010000000149011613,0.0020000000298023225,0.0030000001192092896,0.12300000190734864,0.45599998474121095,0.789000015258789,980.5,25.0,0.0,0.0,0.980999984741211,1,46.5,6.6,1200.0,1.5,3.5,12,9.8100004196167,98.0999984741211,11.984000244140624,0.0,1200.0,True,True,True,True,True,True,True,True,True,True,True,True,True,True,True,True,False,False,False,False,False,False,False
19864,STATE_PREFLIGHT,12.4,0.05,0.1,0.45,0.0,0.0,0.09810000419616699,0.0010000000149011613,0.0020000000298023225,0.0030000001192092896,0.12300000190734864,0.45599998474121095,0.789000015258789,980.5,25.0,0.0,0.0,0.980999984741211,1,46.5,6.6,1200.0,1.5,3.5,12,9.8100004196167,98.0999984741211,11.984000244140624,0.0,1200.0,True,True,True,True,True,True,True,True,True,True,True,True,True,True,True,True,False,False,False,False,False,False,False
20371,STATE_PREFLIGHT,12.4,0.05,0.1,0.45,0.0,0.0,0.09810000419616699,0.0010000000149011613,0.0020000000298023225,0.0030000001192092896,0.12300000190734864,0.45599998474121095,0.789000015258789,980.5,25.0,0.0,0.0,0.980999984741211,1,46.5,6.6,1200.0,1.5,3.5,12,9.8100004196167,98.0999984741211,11.984000244140624,0.0,1200.0,True,True,True,True,True,True,True,True,True,True,True,True,True,True,True,True,False,False,False,False,False,False,False
20881,STATE_PREFLIGHT,12.4,0.05,0.1,0.45,0.0,0.0,0.09810000419616699,0.0010000000149011613,0.0020000000298023225,0.0030000001192092896,0.12300000190734864,0.45599998474121095,0.789000015258789,980.5,25.0,0.0,0.0,0.980999984741211,1,46.5,6.6,1200.0,1.5,3.5,12,9.8100004196167,98.0999984741211,11.984000244140624,0.0,1200.0,True,True,True,True,True,True,True,True,True,True,True,True,True,True,True,True,False,False,False,False,False,False,False
21390,STATE_PREFLIGHT,12.4,0.05,0.1,0.45,0.0,0.0,0.09810000419616699,0.0010000000149011613,0.0020000000298023225,0.0030000001192092896,0.12300000190734864,0.45599998474121095,0.789000015258789,980.5,25.0,0.0,0.0,0.980999984741211,1,46.5,6.6,1200.0,1.5,3.5,12,9.8100004196167,98.0999984741211,11.984000244140624,0.0,1200.0,True,True,True,True,True,True,True,True,True,True,True,True,True,True,True,True,False,False,False,False,False,False,False
21897,STATE_PREFLIGHT,12.4,0.05,0.1,0.45,0.0,0.0,0.09810000419616699,0.0010000000149011613,0.0020000000298023225,0.0030000001192092896,0.12300000190734864,0.45599998474121095,0.789000015258789,980.5,25.0,0.0,0.0,0.980999984741211,1,46.5,6.6,1200.0,1.5,3.5,12,9.8100004196167,98.0999984741211,11.984000244140624,0.0,1200.0,True,True,True,True,True,True,True,True,True,True,True,True,True,True,True,True,False,False,False,False,False,False,False
22405,STATE_PREFLIGHT,12.4,0.05,0.1,0.45,0.0,0.0,0.09810000419616699,0.0010000000149011613,0.0020000000298023225,0.0030000001192092896,0.12300000190734864,0.45599998474121095,0.789000015258789,980.5,25.0,0.0,0.0,0.980999984741211,1,46.5,6.6,1200.0,1.5,3.5,12,9.8100004196167,98.0999984741211,11.984000244140624,0.0,1200.0,True,True,True,True,True,True,True,True,True,True,True,True,True,True,True,True,False,False,False,False,False,False,False
22916,STATE_PREFLIGHT,12.4,0.05,0.1,0.45,0.0,0.0,0.09810000419616699,0.0010000000149011613,0.0020000000298023225,0.0030000001192092896,0.12300000190734864,0.45599998474121095,0.789000015258789,980.5,25.0,0.0,0.0,0.980999984741211,1,46.5,6.6,1200.0,1.5,3.5,12,9.8100004196167,98.0999984741211,11.984000244140624,0.0,1200.0,True,True,True,True,True,True,True,True,True,True,True,True,True,True,True,True,False,False,False,False,False,False,False
23422,STATE_PREFLIGHT,12.4,0.05,0.1,0.45,0.0,0.0,0.09810000419616699,0.0010000000149011613,0.0020000000298023225,0.0030000001192092896,0.12300000190734864,0.45599998474121095,0.789000015258789,980.5,25.0,0.0,0.0,0.980999984741211,1,46.5,6.6,1200.0,1.5,3.5,12,9.8100004196167,98.0999984741211,11.984000244140624,0.0,1200.0,True,True,True,True,True,True,True,True,True,True,True,True,True,True,True,True,False,False,False,False,False,False,False
23933,STATE_PREFLIGHT,12.4,0.05,0.1,0.45,0.0,0.0,0.09810000419616699,0.0010000000149011613,0.0020000000298023225,0.0030000001192092896,0.12300000190734864,0.45599998474121095,0.789000015258789,980.5,25.0,0.0,0.0,0.980999984741211,1,46.5,6.6,1200.0,1.5,3.5,12,9.8100004196167,98.0999984741211,11.984000244140624,0.0,1200.0,True,True,True,True,True,True,True,True,True,True,True,True,True,True,True,True,False,False,False,False,False,False,False
24440,STATE_PREFLIGHT,12.4,0.05,0.1,0.45,0.0,0.0,0.09810000419616699,0.0010000000149011613,0.0020000000298023225,0.0030000001192092896,0.12300000190734864,0.45599998474121095,0.789000015258789,980.5,25.0,0.0,0.0,0.980999984741211,1,46.5,6.6,1200.0,1.5,3.5,12,9.8100004196167,98.0999984741211,11.984000244140624,0.0,1200.0,True,True,True,True,True,True,True,True,True,True,True,True,True,True,True,True,False,False,False,False,False,False,False
24951,STATE_PREFLIGHT,12.4,0.05,0.1,0.45,0.0,0.0,0.09810000419616699,0.0010000000149011613,0.0020000000298023225,0.0030000001192092896,0.12300000190734864,0.45599998474121095,0.789000015258789,980.5,25.0,0.0,0.0,0.980999984741211,1,46.5,6.6,1200.0,1.5,3.5,12,9.8100004196167,98.0999984741211,11.984000244140624,0.0,1200.0,True,True,True,True,True,True,True,True,True,True,True,True,True,True,True,True,False,False,False,False,False,False,False
25459,STATE_PREFLIGHT,12.4,0.05,0.1,0.45,0.0,0.0,0.09810000419616699,0.0010000000149011613,0.0020000000298023225,0.0030000001192092896,0.12300000190734864,0.45599998474121095,0.789000015258789,980.5,25.0,0.0,0.0,0.980999984741211,1,46.5,6.6,1200.0,1.5,3.5,12,9.8100004196167,98.0999984741211,11.984000244140624,0.0,1200.0,True,True,True,True,True,True,True,True,True,True,True,True,True,True,True,True,False,False,False,False,False,False,False
25967,STATE_PREFLIGHT,12.4,0.05,0.1,0.45,0.0,0.0,0.09810000419616699,0.0010000000149011613,0.0020000000298023225,0.0030000001192092896,0.12300000190734864,0.45599998474121095,0.789000015258789,980.5,25.0,0.0,0.0,0.980999984741211,1,46.5,6.6,1200.0,1.5,3.5,12,9.8100004196167,98.0999984741211,11.984000244140624,0.0,1200.0,True,True,True,True,True,True,True,True,True,True,True,True,True,True,True,True,False,False,False,False,False,False,False
26478,STATE_PREFLIGHT,12.4,0.05,0.1,0.45,0.0,0.0,0.09810000419616699,0.0010000000149011613,0.0020000000298023225,0.0030000001192092896,0.12300000190734864,0.45599998474121095,0.789000015258789,980.5,25.0,0.0,0.0,0.980999984741211,1,46.5,6.6,1200.0,1.5,3.5,12,9.8100004196167,98.0999984741211,11.984000244140624,0.0,1200.0,True,True,True,True,True,True,True,True,True,True,True,True,True,True,True,True,False,False,False,False,False,False,False
26986,STATE_PREFLIGHT,12.4,0.05,0.1,0.45,0.0,0.0,0.09810000419616699,0.0010000000149011613,0.0020000000298023225,0.0030000001192092896,0.12300000190734864,0.45599998474121095,0.789000015258789,980.5,25.0,0.0,0.0,0.980999984741211,1,46.5,6.6,1200.0,1.5,3.5,12,9.8100004196167,98.0999984741211,11.984000244140624,0.0,1200.0,True,True,True,True,True,True,True,True,True,True,True,True,True,True,True,True,False,False,False,False,False,False,False
27496,STATE_PREFLIGHT,12.4,0.05,0.1,0.45,0.0,0.0,0.09810000419616699,0.0010000000149011613,0.0020000000298023225,0.0030000001192092896,0.12300000190734864,0.45599998474121095,0.789000015258789,980.5,25.0,0.0,0.0,0.980999984741211,1,46.5,6.6,1200.0,1.5,3.5,12,9.8100004196167,98.0999984741211,11.984000244140624,0.0,1200.0,True,True,True,True,True,True,True,True,True,True,True,True,True,True,True,True,False,False,False,False,False,False,False
28005,STATE_PREFLIGHT,12.4,0.05,0.1,0.45,0.0,0.0,0.09810000419616699,0.0010000000149011613,0.0020000000298023225,0.0030000001192092896,0.12300000190734864,0.45599998474121095,0.789000015258789,980.5,25.0,0.0,0.0,0.980999984741211,1,46.5,6.6,1200.0,1.5,3.5,12,9.8100004196167,98.0999984741211,11.984000244140624,0.0,1200.0,True,True,True,True,True,True,True,True,True,True,True,True,True,True,True,True,False,False,False,False,False,False,False
28515,STATE_PREFLIGHT,12.4,0.05,0.1,0.45,0.0,0.0,0.09810000419616699,0.0010000000149011613,0.0020000000298023225,0.0030000001192092896,0.12300000190734864,0.45599998474121095,0.789000015258789,980.5,25.0,0.0,0.0,0.980999984741211,1,46.5,6.6,1200.0,1.5,3.5,12,9.8100004196167,98.0999984741211,11.984000244140624,0.0,1200.0,True,True,True,True,True,True,True,True,True,True,True,True,True,True,True,True,False,False,False,False,False,False,False
29022,STATE_PREFLIGHT,12.4,0.05,0.1,0.45,0.0,0.0,0.09810000419616699,0.0010000000149011613,0.0020000000298023225,0.0030000001192092896,0.12300000190734864,0.45599998474121095,0.789000015258789,980.5,25.0,0.0,0.0,0.980999984741211,1,46.5,6.6,1200.0,1.5,3.5,12,9.8100004196167,98.0999984741211,11.984000244140624,0.0,1200.0,True,True,True,True,True,True,True,True,True,True,True,True,True,True,True,True,False,False,False,False,False,False,False
29530,STATE_PREFLIGHT,12.4,0.05,0.1,0.45,0.0,0.0,0.09810000419616699,0.0010000000149011613,0.0020000000298023225,0.0030000001192092896,0.12300000190734864,0.45599998474121095,0.789000015258789,980.5,25.0,0.0,0.0,0.980999984741211,1,46.5,6.6,1200.0,1.5,3.5,12,9.8100004196167,98.0999984741211,11.984000244140624,0.0,1200.0,True,True,True,True,True,True,True,True,True,True,True,True,True,True,True,True,False,False,False,False,False,False,False
30040,STATE_PREFLIGHT,12.4,0.05,0.1,0.45,0.0,0.0,0.09810000419616699,0.0010000000149011613,0.0020000000298023225,0.0030000001192092896,0.12300000190734864,0.45599998474121095,0.789000015258789,980.5,25.0,0.0,0.0,0.980999984741211,1,46.5,6.6,1200.0,1.5,3.5,12,9.8100004196167,98.0999984741211,11.984000244140624,0.0,1200.0,True,True,True,True,True,True,True,True,True,True,True,True,True,True,True,True,False,False,False,False,False,False,False
30550,STATE_PREFLIGHT,12.4,0.05,0.1,0.45,0.0,0.0,0.09810000419616699,0.0010000000149011613,0.0020000000298023225,0.0030000001192092896,0.12300000190734864,0.45599998474121095,0.789000015258789,980.5,25.0,0.0,0.0,0.980999984741211,1,46.5,6.6,1200.0,1.5,3.5,12,9.8100004196167,98.0999984741211,11.984000244140624,0.0,1200.0,True,True,True,True,True,True,True,True,True,True,True,True,True,True,True,True,False,False,False,False,False,False,False
31059,STATE_PREFLIGHT,12.4,0.05,0.1,0.45,0.0,0.0,0.09810000419616699,0.0010000000149011613,0.0020000000298023225,0.0030000001192092896,0.12300000190734864,0.45599998474121095,0.789000015258789,980.5,25.0,0.0,0.0,0.980999984741211,1,46.5,6.6,1200.0,1.5,3.5,12,9.8100004196167,98.0999984741211,11.984000244140624,0.0,1200.0,True,True,True,True,True,True,True,True,True,True,True,True,True,True,True,True,False,False,False,False,False,False,False
31569,STATE_PREFLIGHT,12.4,0.05,0.1,0.45,0.0,0.0,0.09810000419616699,0.0010000000149011613,0.0020000000298023225,0.0030000001192092896,0.12300000190734864,0.45599998474121095,0.789000015258789,980.5,25.0,0.0,0.0,0.980999984741211,1,46.5,6.6,1200.0,1.5,3.5,12,9.8100004196167,98.0999984741211,11.984000244140624,0.0,1200.0,True,True,True,True,True,True,True,True,True,True,True,True,True,True,True,True,False,False,False,False,False,False,False
32078,STATE_PREFLIGHT,12.4,0.05,0.1,0.45,0.0,0.0,0.09810000419616699,0.0010000000149011613,0.0020000000298023225,0.0030000001192092896,0.12300000190734864,0.45599998474121095,0.789000015258789,980.5,25.0,0.0,0.0,0.980999984741211,1,46.5,6.6,1200.0,1.5,3.5,12,9.8100004196167,98.0999984741211,11.984000244140624,0.0,1200.0,True,True,True,True,True,True,True,True,True,True,True,True,True,True,True,True,False,False,False,False,False,False,False
32586,STATE_PREFLIGHT,12.4,0.05,0.1,0.45,0.0,0.0,0.09810000419616699,0.0010000000149011613,0.0020000000298023225,0.0030000001192092896,0.12300000190734864,0.45599998474121095,0.789000015258789,980.5,25.0,0.0,0.0,0.980999984741211,1,46.5,6.6,1200.0,1.5,3.5,12,9.8100004196167,98.0999984741211,11.984000244140624,0.0,1200.0,True,True,True,True,True,True,True,True,True,True,True,True,True,True,True,True,False,False,False,False,False,False,False
33097,STATE_PREFLIGHT,12.4,0.05,0.1,0.45,0.0,0.0,0.09810000419616699,0.0010000000149011613,0.0020000000298023225,0.0030000001192092896,0.12300000190734864,0.45599998474121095,0.789000015258789,980.5,25.0,0.0,0.0,0.980999984741211,1,46.5,6.6,1200.0,1.5,3.5,12,9.8100004196167,98.0999984741211,11.984000244140624,0.0,1200.0,True,True,True,True,True,True,True,True,True,True,True,True,True,True,True,True,False,False,False,False,False,False,False
33605,STATE_PREFLIGHT,12.4,0.05,0.1,0.45,0.0,0.0,0.09810000419616699,0.0010000000149011613,0.0020000000298023225,0.0030000001192092896,0.12300000190734864,0.45599998474121095,0.789000015258789,980.5,25.0,0.0,0.0,0.980999984741211,1,46.5,6.6,1200.0,1.5,3.5,12,9.8100004196167,98.0999984741211,11.984000244140624,0.0,1200.0,True,True,True,True,True,True,True,True,True,True,True,True,True,True,True,True,False,False,False,False,False,False,False
34116,STATE_PREFLIGHT,12.4,0.05,0.1,0.45,0.0,0.0,0.09810000419616699,0.0010000000149011613,0.0020000000298023225,0.0030000001192092896,0.12300000190734864,0.45599998474121095,0.789000015258789,980.5,25.0,0.0,0.0,0.980999984741211,1,46.5,6.6,1200.0,1.5,3.5,12,9.8100004196167,98.0999984741211,11.984000244140624,0.0,1200.0,True,True,True,True,True,True,True,True,True,True,True,True,True,True,True,True,False,False,False,False,False,False,False
34627,STATE_PREFLIGHT,12.4,0.05,0.1,0.45,0.0,0.0,0.09810000419616699,0.0010000000149011613,0.0020000000298023225,0.0030000001192092896,0.12300000190734864,0.45599998474121095,0.789000015258789,980.5,25.0,0.0,0.0,0.980999984741211,1,46.5,6.6,1200.0,1.5,3.5,12,9.8100004196167,98.0999984741211,11.984000244140624,0.0,1200.0,True,True,True,True,True,True,True,True,True,True,True,True,True,True,True,True,False,False,False,False,False,False,False
35137,STATE_PREFLIGHT,12.4,0.05,0.1,0.45,0.0,0.0,0.09810000419616699,0.0010000000149011613,0.0020000000298023225,0.0030000001192092896,0.12300000190734864,0.45599998474121095,0.789000015258789,980.5,25.0,0.0,0.0,0.980999984741211,1,46.5,6.6,1200.0,1.5,3.5,12,9.8100004196167,98.0999984741211,11.984000244140624,0.0,1200.0,True,True,True,True,True,True,True,True,True,True,True,True,True,True,True,True,False,False,False,False,False,False,False
35643,STATE_PREFLIGHT,12.4,0.05,0.1,0.45,0.0,0.0,0.09810000419616699,0.0010000000149011613,0.0020000000298023225,0.0030000001192092896,0.12300000190734864,0.45599998474121095,0.789000015258789,980.5,25.0,0.0,0.0,0.980999984741211,1,46.5,6.6,1200.0,1.5,3.5,12,9.8100004196167,98.0999984741211,11.984000244140624,0.0,1200.0,True,True,True,True,True,True,True,True,True,True,True,True,True,True,True,True,False,False,False,False,False,False,False
36153,STATE_PREFLIGHT,12.4,0.05,0.1,0.45,0.0,0.0,0.09810000419616699,0.0010000000149011613,0.0020000000298023225,0.0030000001192092896,0.12300000190734864,0.45599998474121095,0.789000015258789,980.5,25.0,0.0,0.0,0.980999984741211,1,46.5,6.6,1200.0,1.5,3.5,12,9.8100004196167,98.0999984741211,11.984000244140624,0.0,1200.0,True,True,True,True,True,True,True,True,True,True,True,True,True,True,True,True,False,False,False,False,False,False,False
36664,STATE_PREFLIGHT,12.4,0.05,0.1,0.45,0.0,0.0,0.09810000419616699,0.0010000000149011613,0.0020000000298023225,0.0030000001192092896,0.12300000190734864,0.45599998474121095,0.789000015258789,980.5,25.0,0.0,0.0,0.980999984741211,1,46.5,6.6,1200.0,1.5,3.5,12,9.8100004196167,98.0999984741211,11.984000244140624,0.0,1200.0,True,True,True,True,True,True,True,True,True,True,True,True,True,True,True,True,False,False,False,False,False,False,False
37175,STATE_PREFLIGHT,12.4,0.05,0.1,0.45,0.0,0.0,0.09810000419616699,0.0010000000149011613,0.0020000000298023225,0.0030000001192092896,0.12300000190734864,0.45599998474121095,0.789000015258789,980.5,25.0,0.0,0.0,0.980999984741211,1,46.5,6.6,1200.0,1.5,3.5,12,9.8100004196167,98.0999984741211,11.984000244140624,0.0,1200.0,True,True,True,True,True,True,True,True,True,True,True,True,True,True,True,True,False,False,False,False,False,False,False
37686,STATE_PREFLIGHT,12.4,0.05,0.1,0.45,0.0,0.0,0.09810000419616699,0.0010000000149011613,0.0020000000298023225,0.0030000001192092896,0.12300000190734864,0.45599998474121095,0.789000015258789,980.5,25.0,0.0,0.0,0.980999984741211,1,46.5,6.6,1200.0,1.5,3.5,12,9.8100004196167,98.0999984741211,11.984000244140624,0.0,1200.0,True,True,True,True,True,True,True,True,True,True,True,True,True,True,True,True,False,False,False,False,False,False,False
38195,STATE_PREFLIGHT,12.4,0.05,0.1,0.45,0.0,0.0,0.09810000419616699,0.0010000000149011613,0.0020000000298023225,0.0030000001192092896,0.12300000190734864,0.45599998474121095,0.789000015258789,980.5,25.0,0.0,0.0,0.980999984741211,1,46.5,6.6,1200.0,1.5,3.5,12,9.8100004196167,98.0999984741211,11.984000244140624,0.0,1200.0,True,True,True,True,True,True,True,True,True,True,True,True,True,True,True,True,False,False,False,False,False,False,False
38706,STATE_PREFLIGHT,12.4,0.05,0.1,0.45,0.0,0.0,0.09810000419616699,0.0010000000149011613,0.0020000000298023225,0.0030000001192092896,0.12300000190734864,0.45599998474121095,0.789000015258789,980.5,25.0,0.0,0.0,0.980999984741211,1,46.5,6.6,1200.0,1.5,3.5,12,9.8100004196167,98.0999984741211,11.984000244140624,0.0,1200.0,True,True,True,True,True,True,True,True,True,True,True,True,True,True,True,True,False,False,False,False,False,False,False
39213,STATE_PREFLIGHT,12.4,0.05,0.1,0.45,0.0,0.0,0.09810000419616699,0.0010000000149011613,0.0020000000298023225,0.0030000001192092896,0.12300000190734864,0.45599998474121095,0.789000015258789,980.5,25.0,0.0,0.0,0.980999984741211,1,46.5,6.6,1200.0,1.5,3.5,12,9.8100004196167,98.0999984741211,11.984000244140624,0.0,1200.0,True,True,True,True,True,True,True,True,True,True,True,True,True,True,True,True,False,False,False,False,False,False,False
39724,STATE_PREFLIGHT,12.4,0.05,0.1,0.45,0.0,0.0,0.09810000419616699,0.0010000000149011613,0.0020000000298023225,0.0030000001192092896,0.12300000190734864,0.45599998474121095,0.789000015258789,980.5,25.0,0.0,0.0,0.980999984741211,1,46.5,6.6,1200.0,1.5,3.5,12,9.8100004196167,98.0999984741211,11.984000244140624,0.0,1200.0,True,True,True,True,True,True,True,True,True,True,True,True,True,True,True,True,False,False,False,False,False,False,False
40234,STATE_PREFLIGHT,12.4,0.05,0.1,0.45,0.0,0.0,0.09810000419616699,0.0010000000149011613,0.0020000000298023225,0.0030000001192092896,0.12300000190734864,0.45599998474121095,0.789000015258789,980.5,25.0,0.0,0.0,0.980999984741211,1,46.5,6.6,1200.0,1.5,3.5,12,9.8100004196167,98.0999984741211,11.984000244140624,0.0,1200.0,True,True,True,True,True,True,True,True,True,True,True,True,True,True,True,True,False,False,False,False,False,False,False
40745,STATE_PREFLIGHT,12.4,0.05,0.1,0.45,0.0,0.0,0.09810000419616699,0.0010000000149011613,0.0020000000298023225,0.0030000001192092896,0.12300000190734864,0.45599998474121095,0.789000015258789,980.5,25.0,0.0,0.0,0.980999984741211,1,46.5,6.6,1200.0,1.5,3.5,12,9.8100004196167,98.0999984741211,11.984000244140624,0.0,1200.0,True,True,True,True,True,True,True,True,True,True,True,True,True,True,True,True,False,False,False,False,False,False,False
41251,STATE_PREFLIGHT,12.4,0.05,0.1,0.45,0.0,0.0,0.09810000419616699,0.0010000000149011613,0.0020000000298023225,0.0030000001192092896,0.12300000190734864,0.45599998474121095,0.789000015258789,980.5,25.0,0.0,0.0,0.980999984741211,1,46.5,6.6,1200.0,1.5,3.5,12,9.8100004196167,98.0999984741211,11.984000244140624,0.0,1200.0,True,True,True,True,True,True,True,True,True,True,True,True,True,True,True,True,False,False,False,False,False,False,False
41756,STATE_PREFLIGHT,12.4,0.05,0.1,0.45,0.0,0.0,0.09810000419616699,0.0010000000149011613,0.0020000000298023225,0.0030000001192092896,0.12300000190734864,0.45599998474121095,0.789000015258789,980.5,25.0,0.0,0.0,0.980999984741211,1,46.5,6.6,1200.0,1.5,3.5,12,9.8100004196167,98.0999984741211,11.984000244140624,0.0,1200.0,True,True,True,True,True,True,True,True,True,True,True,True,True,True,True,True,False,False,False,False,False,False,False
42264,STATE_PREFLIGHT,12.4,0.05,0.1,0.45,0.0,0.0,0.09810000419616699,0.0010000000149011613,0.0020000000298023225,0.0030000001192092896,0.12300000190734864,0.45599998474121095,0.789000015258789,980.5,25.0,0.0,0.0,0.980999984741211,1,46.5,6.6,1200.0,1.5,3.5,12,9.8100004196167,98.0999984741211,11.984000244140624,0.0,1200.0,True,True,True,True,True,True,True,True,True,True,True,True,True,True,True,True,False,False,False,False,False,False,False
42775,STATE_PREFLIGHT,12.4,0.05,0.1,0.45,0.0,0.0,0.09810000419616699,0.0010000000149011613,0.0020000000298023225,0.0030000001192092896,0.12300000190734864,0.45599998474121095,0.789000015258789,980.5,25.0,0.0,0.0,0.980999984741211,1,46.5,6.6,1200.0,1.5,3.5,12,9.8100004196167,98.0999984741211,11.984000244140624,0.0,1200.0,True,True,True,True,True,True,True,True,True,True,True,True,True,True,True,True,False,False,False,False,False,False,False
43283,STATE_PREFLIGHT,12.4,0.05,0.1,0.45,0.0,0.0,0.09810000419616699,0.0010000000149011613,0.0020000000298023225,0.0030000001192092896,0.12300000190734864,0.45599998474121095,0.789000015258789,980.5,25.0,0.0,0.0,0.980999984741211,1,46.5,6.6,1200.0,1.5,3.5,12,9.8100004196167,98.0999984741211,11.984000244140624,0.0,1200.0,True,True,True,True,True,True,True,True,True,True,True,True,True,True,True,True,False,False,False,False,False,False,False
43790,STATE_PREFLIGHT,12.4,0.05,0.1,0.45,0.0,0.0,0.09810000419616699,0.0010000000149011613,0.0020000000298023225,0.0030000001192092896,0.12300000190734864,0.45599998474121095,0.789000015258789,980.5,25.0,0.0,0.0,0.980999984741211,1,46.5,6.6,1200.0,1.5,3.5,12,9.8100004196167,98.0999984741211,11.984000244140624,0.0,1200.0,True,True,True,True,True,True,True,True,True,True,True,True,True,True,True,True,False,False,False,False,False,False,False
44300,STATE_PREFLIGHT,12.4,0.05,0.1,0.45,0.0,0.0,0.09810000419616699,0.0010000000149011613,0.0020000000298023225,0.0030000001192092896,0.12300000190734864,0.45599998474121095,0.789000015258789,980.5,25.0,0.0,0.0,0.980999984741211,1,46.5,6.6,1200.0,1.5,3.5,12,9.8100004196167,98.0999984741211,11.984000244140624,0.0,1200.0,True,True,True,True,True,True,True,True,True,True,True,True,True,True,True,True,False,False,False,False,False,False,False
44805,STATE_PREFLIGHT,12.4,0.05,0.1,0.45,0.0,0.0,0.09810000419616699,0.0010000000149011613,0.0020000000298023225,0.0030000001192092896,0.12300000190734864,0.45599998474121095,0.789000015258789,980.5,25.0,0.0,0.0,0.980999984741211,1,46.5,6.6,1200.0,1.5,3.5,12,9.8100004196167,98.0999984741211,11.984000244140624,0.0,1200.0,True,True,True,True,True,True,True,True,True,True,True,True,True,True,True,True,False,False,False,False,False,False,False
45311,STATE_PREFLIGHT,12.4,0.05,0.1,0.45,0.0,0.0,0.09810000419616699,0.0010000000149011613,0.0020000000298023225,0.0030000001192092896,0.12300000190734864,0.45599998474121095,0.789000015258789,980.5,25.0,0.0,0.0,0.980999984741211,1,46.5,6.6,1200.0,1.5,3.5,12,9.8100004196167,98.0999984741211,11.984000244140624,0.0,1200.0,True,True,True,True,True,True,True,True,True,True,True,True,True,True,True,True,False,False,False,False,False,False,False
45818,STATE_PREFLIGHT,12.4,0.05,0.1,0.45,0.0,0.0,0.09810000419616699,0.0010000000149011613,0.0020000000298023225,0.0030000001192092896,0.12300000190734864,0.45599998474121095,0.789000015258789,980.5,25.0,0.0,0.0,0.980999984741211,1,46.5,6.6,1200.0,1.5,3.5,12,9.8100004196167,98.0999984741211,11.984000244140624,0.0,1200.0,True,True,True,True,True,True,True,True,True,True,True,True,True,True,True,True,False,False,False,False,False,False,False
46328,STATE_PREFLIGHT,12.4,0.05,0.1,0.45,0.0,0.0,0.09810000419616699,0.0010000000149011613,0.0020000000298023225,0.0030000001192092896,0.12300000190734864,0.45599998474121095,0.789000015258789,980.5,25.0,0.0,0.0,0.980999984741211,1,46.5,6.6,1200.0,1.5,3.5,12,9.8100004196167,98.0999984741211,11.984000244140624,0.0,1200.0,True,True,True,True,True,True,True,True,True,True,True,True,True,True,True,True,False,False,False,False,False,False,False
46839,STATE_PREFLIGHT,12.4,0.05,0.1,0.45,0.0,0.0,0.09810000419616699,0.0010000000149011613,0.0020000000298023225,0.0030000001192092896,0.12300000190734864,0.45599998474121095,0.789000015258789,980.5,25.0,0.0,0.0,0.980999984741211,1,46.5,6.6,1200.0,1.5,3.5,12,9.8100004196167,98.0999984741211,11.984000244140624,0.0,1200.0,True,True,True,True,True,True,True,True,True,True,True,True,True,True,True,True,False,False,False,False,False,False,False
47349,STATE_PREFLIGHT,12.4,0.05,0.1,0.45,0.0,0.0,0.09810000419616699,0.0010000000149011613,0.0020000000298023225,0.0030000001192092896,0.12300000190734864,0.45599998474121095,0.789000015258789,980.5,25.0,0.0,0.0,0.980999984741211,1,46.5,6.6,1200.0,1.5,3.5,12,9.8100004196167,98.0999984741211,11.984000244140624,0.0,1200.0,True,True,True,True,True,True,True,True,True,True,True,True,True,True,True,True,False,False,False,False,False,False,False
47854,STATE_PREFLIGHT,12.4,0.05,0.1,0.45,0.0,0.0,0.09810000419616699,0.0010000000149011613,0.0020000000298023225,0.0030000001192092896,0.12300000190734864,0.45599998474121095,0.789000015258789,980.5,25.0,0.0,0.0,0.980999984741211,1,46.5,6.6,1200.0,1.5,3.5,12,9.8100004196167,98.0999984741211,11.984000244140624,0.0,1200.0,True,True,True,True,True,True,True,True,True,True,True,True,True,True,True,True,False,False,False,False,False,False,False
48363,STATE_PREFLIGHT,12.4,0.05,0.1,0.45,0.0,0.0,0.09810000419616699,0.0010000000149011613,0.0020000000298023225,0.0030000001192092896,0.12300000190734864,0.45599998474121095,0.789000015258789,980.5,25.0,0.0,0.0,0.980999984741211,1,46.5,6.6,1200.0,1.5,3.5,12,9.8100004196167,98.0999984741211,11.984000244140624,0.0,1200.0,True,True,True,True,True,True,True,True,True,True,True,True,True,True,True,True,False,False,False,False,False,False,False
48875,STATE_PREFLIGHT,12.4,0.05,0.1,0.45,0.0,0.0,0.09810000419616699,0.0010000000149011613,0.0020000000298023225,0.0030000001192092896,0.12300000190734864,0.45599998474121095,0.789000015258789,980.5,25.0,0.0,0.0,0.980999984741211,1,46.5,6.6,1200.0,1.5,3.5,12,9.8100004196167,98.0999984741211,11.984000244140624,0.0,1200.0,True,True,True,True,True,True,True,True,True,True,True,True,True,True,True,True,False,False,False,False,False,False,False
49385,STATE_PREFLIGHT,12.4,0.05,0.1,0.45,0.0,0.0,0.09810000419616699,0.0010000000149011613,0.0020000000298023225,0.0030000001192092896,0.12300000190734864,0.45599998474121095,0.789000015258789,980.5,25.0,0.0,0.0,0.980999984741211,1,46.5,6.6,1200.0,1.5,3.5,12,9.8100004196167,98.0999984741211,11.984000244140624,0.0,1200.0,True,True,True,True,True,True,True,True,True,True,True,True,True,True,True,True,False,False,False,False,False,False,False
49893,STATE_PREFLIGHT,12.4,0.05,0.1,0.45,0.0,0.0,0.09810000419616699,0.0010000000149011613,0.0020000000298023225,0.0030000001192092896,0.12300000190734864,0.45599998474121095,0.789000015258789,980.5,25.0,0.0,0.0,0.980999984741211,1,46.5,6.6,1200.0,1.5,3.5,12,9.8100004196167,98.0999984741211,11.984000244140624,0.0,1200.0,True,True,True,True,True,True,True,True,True,True,True,True,True,True,True,True,False,False,False,False,False,False,False
50401,STATE_PREFLIGHT,12.4,0.05,0.1,0.45,0.0,0.0,0.09810000419616699,0.0010000000149011613,0.0020000000298023225,0.0030000001192092896,0.12300000190734864,0.45599998474121095,0.789000015258789,980.5,25.0,0.0,0.0,0.980999984741211,1,46.5,6.6,1200.0,1.5,3.5,12,9.8100004196167,98.0999984741211,11.984000244140624,0.0,1200.0,True,True,True,True,True,True,True,True,True,True,True,True,True,True,True,True,False,False,False,False,False,False,False
50909,STATE_PREFLIGHT,12.4,0.05,0.1,0.45,0.0,0.0,0.09810000419616699,0.0010000000149011613,0.0020000000298023225,0.0030000001192092896,0.12300000190734864,0.45599998474121095,0.789000015258789,980.5,25.0,0.0,0.0,0.980999984741211,1,46.5,6.6,1200.0,1.5,3.5,12,9.8100004196167,98.0999984741211,11.984000244140624,0.0,1200.0,True,True,True,True,True,True,True,True,True,True,True,True,True,True,True,True,False,False,False,False,False,False,False
51413,STATE_PREFLIGHT,12.4,0.05,0.1,0.45,0.0,0.0,0.09810000419616699,0.0010000000149011613,0.0020000000298023225,0.0030000001192092896,0.12300000190734864,0.45599998474121095,0.789000015258789,980.5,25.0,0.0,0.0,0.980999984741211,1,46.5,6.6,1200.0,1.5,3.5,12,9.8100004196167,98.0999984741211,11.984000244140624,0.0,1200.0,True,True,True,True,True,True,True,True,True,True,True,True,True,True,True,True,False,False,False,False,False,False,False
51923,STATE_PREFLIGHT,12.4,0.05,0.1,0.45,0.0,0.0,0.09810000419616699,0.0010000000149011613,0.0020000000298023225,0.0030000001192092896,0.12300000190734864,0.45599998474121095,0.789000015258789,980.5,25.0,0.0,0.0,0.980999984741211,1,46.5,6.6,1200.0,1.5,3.5,12,9.8100004196167,98.0999984741211,11.984000244140624,0.0,1200.0,True,True,True,True,True,True,True,True,True,True,True,True,True,True,True,True,False,False,False,False,False,False,False
52434,STATE_PREFLIGHT,12.4,0.05,0.1,0.45,0.0,0.0,0.09810000419616699,0.0010000000149011613,0.0020000000298023225,0.0030000001192092896,0.12300000190734864,0.45599998474121095,0.789000015258789,980.5,25.0,0.0,0.0,0.980999984741211,1,46.5,6.6,1200.0,1.5,3.5,12,9.8100004196167,98.0999984741211,11.984000244140624,0.0,1200.0,True,True,True,True,True,True,True,True,True,True,True,True,True,True,True,True,False,False,False,False,False,False,False
52940,STATE_PREFLIGHT,12.4,0.05,0.1,0.45,0.0,0.0,0.09810000419616699,0.0010000000149011613,0.0020000000298023225,0.0030000001192092896,0.12300000190734864,0.45599998474121095,0.789000015258789,980.5,25.0,0.0,0.0,0.980999984741211,1,46.5,6.6,1200.0,1.5,3.5,12,9.8100004196167,98.0999984741211,11.984000244140624,0.0,1200.0,True,True,True,True,True,True,True,True,True,True,True,True,True,True,True,True,False,False,False,False,False,False,False
53451,STATE_PREFLIGHT,12.4,0.05,0.1,0.45,0.0,0.0,0.09810000419616699,0.0010000000149011613,0.0020000000298023225,0.0030000001192092896,0.12300000190734864,0.45599998474121095,0.789000015258789,980.5,25.0,0.0,0.0,0.980999984741211,1,46.5,6.6,1200.0,1.5,3.5,12,9.8100004196167,98.0999984741211,11.984000244140624,0.0,1200.0,True,True,True,True,True,True,True,True,True,True,True,True,True,True,True,True,False,False,False,False,False,False,False
53962,STATE_PREFLIGHT,12.4,0.05,0.1,0.45,0.0,0.0,0.09810000419616699,0.0010000000149011613,0.0020000000298023225,0.0030000001192092896,0.12300000190734864,0.45599998474121095,0.789000015258789,980.5,25.0,0.0,0.0,0.980999984741211,1,46.5,6.6,1200.0,1.5,3.5,12,9.8100004196167,98.0999984741211,11.984000244140624,0.0,1200.0,True,True,True,True,True,True,True,True,True,True,True,True,True,True,True,True,False,False,False,False,False,False,False
54472,STATE_PREFLIGHT,12.4,0.05,0.1,0.45,0.0,0.0,0.09810000419616699,0.0010000000149011613,0.0020000000298023225,0.0030000001192092896,0.12300000190734864,0.45599998474121095,0.789000015258789,980.5,25.0,0.0,0.0,0.980999984741211,1,46.5,6.6,1200.0,1.5,3.5,12,9.8100004196167,98.0999984741211,11.984000244140624,0.0,1200.0,True,True,True,True,True,True,True,True,True,True,True,True,True,True,True,True,False,False,False,False,False,False,False
54975,STATE_PREFLIGHT,12.4,0.05,0.1,0.45,0.0,0.0,0.09810000419616699,0.0010000000149011613,0.0020000000298023225,0.0030000001192092896,0.12300000190734864,0.45599998474121095,0.789000015258789,980.5,25.0,0.0,0.0,0.980999984741211,1,46.5,6.6,1200.0,1.5,3.5,12,9.8100004196167,98.0999984741211,11.984000244140624,0.0,1200.0,True,True,True,True,True,True,True,True,True,True,True,True,True,True,True,True,False,False,False,False,False,False,False
55478,STATE_PREFLIGHT,12.4,0.05,0.1,0.45,0.0,0.0,0.09810000419616699,0.0010000000149011613,0.0020000000298023225,0.0030000001192092896,0.12300000190734864,0.45599998474121095,0.789000015258789,980.5,25.0,0.0,0.0,0.980999984741211,1,46.5,6.6,1200.0,1.5,3.5,12,9.8100004196167,98.0999984741211,11.984000244140624,0.0,1200.0,True,True,True,True,True,True,True,True,True,True,True,True,True,True,True,True,False,False,False,False,False,False,False
55985,STATE_PREFLIGHT,12.4,0.05,0.1,0.45,0.0,0.0,0.09810000419616699,0.0010000000149011613,0.0020000000298023225,0.0030000001192092896,0.12300000190734864,0.45599998474121095,0.789000015258789,980.5,25.0,0.0,0.0,0.980999984741211,1,46.5,6.6,1200.0,1.5,3.5,12,9.8100004196167,98.0999984741211,11.984000244140624,0.0,1200.0,True,True,True,True,True,True,True,True,True,True,True,True,True,True,True,True,False,False,False,False,False,False,False
56494,STATE_PREFLIGHT,12.4,0.05,0.1,0.45,0.0,0.0,0.09810000419616699,0.0010000000149011613,0.0020000000298023225,0.0030000001192092896,0.12300000190734864,0.45599998474121095,0.789000015258789,980.5,25.0,0.0,0.0,0.980999984741211,1,46.5,6.6,1200.0,1.5,3.5,12,9.8100004196167,98.0999984741211,11.984000244140624,0.0,1200.0,True,True,True,True,True,True,True,True,True,True,True,True,True,True,True,True,False,False,False,False,False,False,False
57006,STATE_PREFLIGHT,12.4,0.05,0.1,0.45,0.0,0.0,0.09810000419616699,0.0010000000149011613,0.0020000000298023225,0.0030000001192092896,0.12300000190734864,0.45599998474121095,0.789000015258789,980.5,25.0,0.0,0.0,0.980999984741211,1,46.5,6.6,1200.0,1.5,3.5,12,9.8100004196167,98.0999984741211,11.984000244140624,0.0,1200.0,True,True,True,True,True,True,True,True,True,True,True,True,True,True,True,True,False,False,False,False,False,False,False
57512,STATE_PREFLIGHT,12.4,0.05,0.1,0.45,0.0,0.0,0.09810000419616699,0.0010000000149011613,0.0020000000298023225,0.0030000001192092896,0.12300000190734864,0.45599998474121095,0.789000015258789,980.5,25.0,0.0,0.0,0.980999984741211,1,46.5,6.6,1200.0,1.5,3.5,12,9.8100004196167,98.0999984741211,11.984000244140624,0.0,1200.0,True,True,True,True,True,True,True,True,True,True,True,True,True,True,True,True,False,False,False,False,False,False,False
58024,STATE_PREFLIGHT,12.4,0.05,0.1,0.45,0.0,0.0,0.09810000419616699,0.0010000000149011613,0.0020000000298023225,0.0030000001192092896,0.12300000190734864,0.45599998474121095,0.789000015258789,980.5,25.0,0.0,0.0,0.980999984741211,1,46.5,6.6,1200.0,1.5,3.5,12,9.8100004196167,98.0999984741211,11.984000244140624,0.0,1200.0,True,True,True,True,True,True,True,True,True,True,True,True,True,True,True,True,False,False,False,False,False,False,False
58531,STATE_PREFLIGHT,12.4,0.05,0.1,0.45,0.0,0.0,0.09810000419616699,0.0010000000149011613,0.0020000000298023225,0.0030000001192092896,0.12300000190734864,0.45599998474121095,0.789000015258789,980.5,25.0,0.0,0.0,0.980999984741211,1,46.5,6.6,1200.0,1.5,3.5,12,9.8100004196167,98.0999984741211,11.984000244140624,0.0,1200.0,True,True,True,True,True,True,True,True,True,True,True,True,True,True,True,True,False,False,False,False,False,False,False
59038,STATE_PREFLIGHT,12.4,0.05,0.1,0.45,0.0,0.0,0.09810000419616699,0.0010000000149011613,0.0020000000298023225,0.0030000001192092896,0.12300000190734864,0.45599998474121095,0.789000015258789,980.5,25.0,0.0,0.0,0.980999984741211,1,46.5,6.6,1200.0,1.5,3.5,12,9.8100004196167,98.0999984741211,11.984000244140624,0.0,1200.0,True,True,True,True,True,True,True,True,True,True,True,True,True,True,True,True,False,False,False,False,False,False,False
59548,STATE_PREFLIGHT,12.4,0.05,0.1,0.45,0.0,0.0,0.09810000419616699,0.0010000000149011613,0.0020000000298023225,0.0030000001192092896,0.12300000190734864,0.45599998474121095,0.789000015258789,980.5,25.0,0.0,0.0,0.980999984741211,1,46.5,6.6,1200.0,1.5,3.5,12,9.8100004196167,98.0999984741211,11.984000244140624,0.0,1200.0,True,True,True,True,True,True,True,True,True,True,True,True,True,True,True,True,False,False,False,False,False,False,False
60057,STATE_PREFLIGHT,12.4,0.05,0.1,0.45,0.0,0.0,0.09810000419616699,0.0010000000149011613,0.0020000000298023225,0.0030000001192092896,0.12300000190734864,0.45599998474121095,0.789000015258789,980.5,25.0,0.0,0.0,0.980999984741211,1,46.5,6.6,1200.0,1.5,3.5,12,9.8100004196167,98.0999984741211,11.984000244140624,0.0,1200.0,True,True,True,True,True,True,True,True,True,True,True,True,True,True,True,True,False,False,False,False,False,False,False
60568,STATE_PREFLIGHT,12.4,0.05,0.1,0.45,0.0,0.0,0.09810000419616699,0.0010000000149011613,0.0020000000298023225,0.0030000001192092896,0.12300000190734864,0.45599998474121095,0.789000015258789,980.5,25.0,0.0,0.0,0.980999984741211,1,46.5,6.6,1200.0,1.5,3.5,12,9.8100004196167,98.0999984741211,11.984000244140624,0.0,1200.0,True,True,True,True,True,True,True,True,True,True,True,True,True,True,True,True,False,False,False,False,False,False,False
61079,STATE_PREFLIGHT,12.4,0.05,0.1,0.45,0.0,0.0,0.09810000419616699,0.0010000000149011613,0.0020000000298023225,0.0030000001192092896,0.12300000190734864,0.45599998474121095,0.789000015258789,980.5,25.0,0.0,0.0,0.980999984741211,1,46.5,6.6,1200.0,1.5,3.5,12,9.8100004196167,98.0999984741211,11.984000244140624,0.0,1200.0,True,True,True,True,True,True,True,True,True,True,True,True,True,True,True,True,False,False,False,False,False,False,False
61588,STATE_PREFLIGHT,12.4,0.05,0.1,0.45,0.0,0.0,0.09810000419616699,0.0010000000149011613,0.0020000000298023225,0.0030000001192092896,0.12300000190734864,0.45599998474121095,0.789000015258789,980.5,25.0,0.0,0.0,0.980999984741211,1,46.5,6.6,1200.0,1.5,3.5,12,9.8100004196167,98.0999984741211,11.984000244140624,0.0,1200.0,True,True,True,True,True,True,True,True,True,True,True,True,True,True,True,True,False,False,False,False,False,False,False
62098,STATE_PREFLIGHT,12.4,0.05,0.1,0.45,0.0,0.0,0.09810000419616699,0.0010000000149011613,0.0020000000298023225,0.0030000001192092896,0.12300000190734864,0.45599998474121095,0.789000015258789,980.5,25.0,0.0,0.0,0.980999984741211,1,46.5,6.6,1200.0,1.5,3.5,12,9.8100004196167,98.0999984741211,11.984000244140624,0.0,1200.0,True,True,True,True,True,True,True,True,True,True,True,True,True,True,True,True,False,False,False,False,False,False,False
62609,STATE_PREFLIGHT,12.4,0.05,0.1,0.45,0.0,0.0,0.09810000419616699,0.0010000000149011613,0.0020000000298023225,0.0030000001192092896,0.12300000190734864,0.45599998474121095,0.789000015258789,980.5,25.0,0.0,0.0,0.980999984741211,1,46.5,6.6,1200.0,1.5,3.5,12,9.8100004196167,98.0999984741211,11.984000244140624,0.0,1200.0,True,True,True,True,True,True,True,True,True,True,True,True,True,True,True,True,False,False,False,False,False,False,False
63118,STATE_PREFLIGHT,12.4,0.05,0.1,0.45,0.0,0.0,0.09810000419616699,0.0010000000149011613,0.0020000000298023225,0.0030000001192092896,0.12300000190734864,0.45599998474121095,0.789000015258789,980.5,25.0,0.0,0.0,0.980999984741211,1,46.5,6.6,1200.0,1.5,3.5,12,9.8100004196167,98.0999984741211,11.984000244140624,0.0,1200.0,True,True,True,True,True,True,True,True,True,True,True,True,True,True,True,True,False,False,False,False,False,False,False
63629,STATE_PREFLIGHT,12.4,0.05,0.1,0.45,0.0,0.0,0.09810000419616699,0.0010000000149011613,0.0020000000298023225,0.0030000001192092896,0.12300000190734864,0.45599998474121095,0.789000015258789,980.5,25.0,0.0,0.0,0.980999984741211,1,46.5,6.6,1200.0,1.5,3.5,12,9.8100004196167,98.0999984741211,11.984000244140624,0.0,1200.0,True,True,True,True,True,True,True,True,True,True,True,True,True,True,True,True,False,False,False,False,False,False,False
64140,STATE_PREFLIGHT,12.4,0.05,0.1,0.45,0.0,0.0,0.09810000419616699,0.0010000000149011613,0.0020000000298023225,0.0030000001192092896,0.12300000190734864,0.45599998474121095,0.789000015258789,980.5,25.0,0.0,0.0,0.980999984741211,1,46.5,6.6,1200.0,1.5,3.5,12,9.8100004196167,98.0999984741211,11.984000244140624,0.0,1200.0,True,True,True,True,True,True,True,True,True,True,True,True,True,True,True,True,False,False,False,False,False,False,False
64646,STATE_PREFLIGHT,12.4,0.05,0.1,0.45,0.0,0.0,0.09810000419616699,0.0010000000149011613,0.0020000000298023225,0.0030000001192092896,0.12300000190734864,0.45599998474121095,0.789000015258789,980.5,25.0,0.0,0.0,0.980999984741211,1,46.5,6.6,1200.0,1.5,3.5,12,9.8100004196167,98.0999984741211,11.984000244140624,0.0,1200.0,True,True,True,True,True,True,True,True,True,True,True,True,True,True,True,True,False,False,False,False,False,False,False
65156,STATE_PREFLIGHT,12.4,0.05,0.1,0.45,0.0,0.0,0.09810000419616699,0.0010000000149011613,0.0020000000298023225,0.0030000001192092896,0.12300000190734864,0.45599998474121095,0.789000015258789,980.5,25.0,0.0,0.0,0.980999984741211,1,46.5,6.6,1200.0,1.5,3.5,12,9.8100004196167,98.0999984741211,11.984000244140624,0.0,1200.0,True,True,True,True,True,True,True,True,True,True,True,True,True,True,True,True,False,False,False,False,False,False,False
65663,STATE_PREFLIGHT,12.4,0.05,0.1,0.45,0.0,0.0,0.09810000419616699,0.0010000000149011613,0.0020000000298023225,0.0030000001192092896,0.12300000190734864,0.45599998474121095,0.789000015258789,980.5,25.0,0.0,0.0,0.980999984741211,1,46.5,6.6,1200.0,1.5,3.5,12,9.8100004196167,98.0999984741211,11.984000244140624,0.0,1200.0,True,True,True,True,True,True,True,True,True,True,True,True,True,True,True,True,False,False,False,False,False,False,False
66173,STATE_PREFLIGHT,12.4,0.05,0.1,0.45,0.0,0.0,0.09810000419616699,0.0010000000149011613,0.0020000000298023225,0.0030000001192092896,0.12300000190734864,0.45599998474121095,0.789000015258789,980.5,25.0,0.0,0.0,0.980999984741211,1,46.5,6.6,1200.0,1.5,3.5,12,9.8100004196167,98.0999984741211,11.984000244140624,0.0,1200.0,True,True,True,True,True,True,True,True,True,True,True,True,True,True,True,True,False,False,False,False,False,False,False
66684,STATE_PREFLIGHT,12.4,0.05,0.1,0.45,0.0,0.0,0.09810000419616699,0.0010000000149011613,0.0020000000298023225,0.0030000001192092896,0.12300000190734864,0.45599998474121095,0.789000015258789,980.5,25.0,0.0,0.0,0.980999984741211,1,46.5,6.6,1200.0,1.5,3.5,12,9.8100004196167,98.0999984741211,11.984000244140624,0.0,1200.0,True,True,True,True,True,True,True,True,True,True,True,True,True,True,True,True,False,False,False,False,False,False,False
67195,STATE_PREFLIGHT,12.4,0.05,0.1,0.45,0.0,0.0,0.09810000419616699,0.0010000000149011613,0.0020000000298023225,0.0030000001192092896,0.12300000190734864,0.45599998474121095,0.789000015258789,980.5,25.0,0.0,0.0,0.980999984741211,1,46.5,6.6,1200.0,1.5,3.5,12,9.8100004196167,98.0999984741211,11.984000244140624,0.0,1200.0,True,True,True,True,True,True,True,True,True,True,True,True,True,True,True,True,False,False,False,False,False,False,False
67702,STATE_PREFLIGHT,12.4,0.05,0.1,0.45,0.0,0.0,0.09810000419616699,0.0010000000149011613,0.0020000000298023225,0.0030000001192092896,0.12300000190734864,0.45599998474121095,0.789000015258789,980.5,25.0,0.0,0.0,0.980999984741211,1,46.5,6.6,1200.0,1.5,3.5,12,9.8100004196167,98.0999984741211,11.984000244140624,0.0,1200.0,True,True,True,True,True,True,True,True,True,True,True,True,True,True,True,True,False,False,False,False,False,False,False
68208,STATE_PREFLIGHT,12.4,0.05,0.1,0.45,0.0,0.0,0.09810000419616699,0.0010000000149011613,0.0020000000298023225,0.0030000001192092896,0.12300000190734864,0.45599998474121095,0.789000015258789,980.5,25.0,0.0,0.0,0.980999984741211,1,46.5,6.6,1200.0,1.5,3.5,12,9.8100004196167,98.0999984741211,11.984000244140624,0.0,1200.0,True,True,True,True,True,True,True,True,True,True,True,True,True,True,True,True,False,False,False,False,False,False,False
68717,STATE_PREFLIGHT,12.4,0.05,0.1,0.45,0.0,0.0,0.09810000419616699,0.0010000000149011613,0.0020000000298023225,0.0030000001192092896,0.12300000190734864,0.45599998474121095,0.789000015258789,980.5,25.0,0.0,0.0,0.980999984741211,1,46.5,6.6,1200.0,1.5,3.5,12,9.8100004196167,98.0999984741211,11.984000244140624,0.0,1200.0,True,True,True,True,True,True,True,True,True,True,True,True,True,True,True,True,False,False,False,False,False,False,False
69228,STATE_PREFLIGHT,12.4,0.05,0.1,0.45,0.0,0.0,0.09810000419616699,0.0010000000149011613,0.0020000000298023225,0.0030000001192092896,0.12300000190734864,0.45599998474121095,0.789000015258789,980.5,25.0,0.0,0.0,0.980999984741211,1,46.5,6.6,1200.0,1.5,3.5,12,9.8100004196167,98.0999984741211,11.984000244140624,0.0,1200.0,True,True,True,True,True,True,True,True,True,True,True,True,True,True,True,True,False,False,False,False,False,False,False
69739,STATE_PREFLIGHT,12.4,0.05,0.1,0.45,0.0,0.0,0.09810000419616699,0.0010000000149011613,0.0020000000298023225,0.0030000001192092896,0.12300000190734864,0.45599998474121095,0.789000015258789,980.5,25.0,0.0,0.0,0.980999984741211,1,46.5,6.6,1200.0,1.5,3.5,12,9.8100004196167,98.0999984741211,11.984000244140624,0.0,1200.0,True,True,True,True,True,True,True,True,True,True,True,True,True,True,True,True,False,False,False,False,False,False,False
70249,STATE_PREFLIGHT,12.4,0.05,0.1,0.45,0.0,0.0,0.09810000419616699,0.0010000000149011613,0.0020000000298023225,0.0030000001192092896,0.12300000190734864,0.45599998474121095,0.789000015258789,980.5,25.0,0.0,0.0,0.980999984741211,1,46.5,6.6,1200.0,1.5,3.5,12,9.8100004196167,98.0999984741211,11.984000244140624,0.0,1200.0,True,True,True,True,True,True,True,True,True,True,True,True,True,True,True,True,False,False,False,False,False,False,False
70758,STATE_PREFLIGHT,12.4,0.05,0.1,0.45,0.0,0.0,0.09810000419616699,0.0010000000149011613,0.0020000000298023225,0.0030000001192092896,0.12300000190734864,0.45599998474121095,0.789000015258789,980.5,25.0,0.0,0.0,0.980999984741211,1,46.5,6.6,1200.0,1.5,3.5,12,9.8100004196167,98.0999984741211,11.984000244140624,0.0,1200.0,True,True,True,True,True,True,True,True,True,True,True,True,True,True,True,True,False,False,False,False,False,False,False
71268,STATE_PREFLIGHT,12.4,0.05,0.1,0.45,0.0,0.0,0.09810000419616699,0.0010000000149011613,0.0020000000298023225,0.0030000001192092896,0.12300000190734864,0.45599998474121095,0.789000015258789,980.5,25.0,0.0,0.0,0.980999984741211,1,46.5,6.6,1200.0,1.5,3.5,12,9.8100004196167,98.0999984741211,11.984000244140624,0.0,1200.0,True,True,True,True,True,True,True,True,True,True,True,True,True,True,True,True,False,False,False,False,False,False,False
71775,STATE_PREFLIGHT,12.4,0.05,0.1,0.45,0.0,0.0,0.09810000419616699,0.0010000000149011613,0.0020000000298023225,0.0030000001192092896,0.12300000190734864,0.45599998474121095,0.789000015258789,980.5,25.0,0.0,0.0,0.980999984741211,1,46.5,6.6,1200.0,1.5,3.5,12,9.8100004196167,98.0999984741211,11.984000244140624,0.0,1200.0,True,True,True,True,True,True,True,True,True,True,True,True,True,True,True,True,False,False,False,False,False,False,False
72285,STATE_PREFLIGHT,12.4,0.05,0.1,0.45,0.0,0.0,0.09810000419616699,0.0010000000149011613,0.0020000000298023225,0.0030000001192092896,0.12300000190734864,0.45599998474121095,0.789000015258789,980.5,25.0,0.0,0.0,0.980999984741211,1,46.5,6.6,1200.0,1.5,3.5,12,9.8100004196167,98.0999984741211,11.984000244140624,0.0,1200.0,True,True,True,True,True,True,True,True,True,True,True,True,True,True,True,True,False,False,False,False,False,False,False
72796,STATE_PREFLIGHT,12.4,0.05,0.1,0.45,0.0,0.0,0.09810000419616699,0.0010000000149011613,0.0020000000298023225,0.0030000001192092896,0.12300000190734864,0.45599998474121095,0.789000015258789,980.5,25.0,0.0,0.0,0.980999984741211,1,46.5,6.6,1200.0,1.5,3.5,12,9.8100004196167,98.0999984741211,11.984000244140624,0.0,1200.0,True,True,True,True,True,True,True,True,True,True,True,True,True,True,True,True,False,False,False,False,False,False,False
73306,STATE_PREFLIGHT,12.4,0.05,0.1,0.45,0.0,0.0,0.09810000419616699,0.0010000000149011613,0.0020000000298023225,0.0030000001192092896,0.12300000190734864,0.45599998474121095,0.789000015258789,980.5,25.0,0.0,0.0,0.980999984741211,1,46.5,6.6,1200.0,1.5,3.5,12,9.8100004196167,98.0999984741211,11.984000244140624,0.0,1200.0,True,True,True,True,True,True,True,True,True,True,True,True,True,True,True,True,False,False,False,False,False,False,False
73817,STATE_PREFLIGHT,12.4,0.05,0.1,0.45,0.0,0.0,0.09810000419616699,0.0010000000149011613,0.0020000000298023225,0.0030000001192092896,0.12300000190734864,0.45599998474121095,0.789000015258789,980.5,25.0,0.0,0.0,0.980999984741211,1,46.5,6.6,1200.0,1.5,3.5,12,9.8100004196167,98.0999984741211,11.984000244140624,0.0,1200.0,True,True,True,True,True,True,True,True,True,True,True,True,True,True,True,True,False,False,False,False,False,False,False
74327,STATE_PREFLIGHT,12.4,0.05,0.1,0.45,0.0,0.0,0.09810000419616699,0.0010000000149011613,0.0020000000298023225,0.0030000001192092896,0.12300000190734864,0.45599998474121095,0.789000015258789,980.5,25.0,0.0,0.0,0.980999984741211,1,46.5,6.6,1200.0,1.5,3.5,12,9.8100004196167,98.0999984741211,11.984000244140624,0.0,1200.0,True,True,True,True,True,True,True,True,True,True,True,True,True,True,True,True,False,False,False,False,False,False,False
74838,STATE_PREFLIGHT,12.4,0.05,0.1,0.45,0.0,0.0,0.09810000419616699,0.0010000000149011613,0.0020000000298023225,0.0030000001192092896,0.12300000190734864,0.45599998474121095,0.789000015258789,980.5,25.0,0.0,0.0,0.980999984741211,1,46.5,6.6,1200.0,1.5,3.5,12,9.8100004196167,98.0999984741211,11.984000244140624,0.0,1200.0,True,True,True,True,True,True,True,True,True,True,True,True,True,True,True,True,False,False,False,False,False,False,False
75347,STATE_PREFLIGHT,12.4,0.05,0.1,0.45,0.0,0.0,0.09810000419616699,0.0010000000149011613,0.0020000000298023225,0.0030000001192092896,0.12300000190734864,0.45599998474121095,0.789000015258789,980.5,25.0,0.0,0.0,0.980999984741211,1,46.5,6.6,1200.0,1.5,3.5,12,9.8100004196167,98.0999984741211,11.984000244140624,0.0,1200.0,True,True,True,True,True,True,True,True,True,True,True,True,True,True,True,True,False,False,False,False,False,False,False
75858,STATE_PREFLIGHT,12.4,0.05,0.1,0.45,0.0,0.0,0.09810000419616699,0.0010000000149011613,0.0020000000298023225,0.0030000001192092896,0.12300000190734864,0.45599998474121095,0.789000015258789,980.5,25.0,0.0,0.0,0.980999984741211,1,46.5,6.6,1200.0,1.5,3.5,12,9.8100004196167,98.0999984741211,11.984000244140624,0.0,1200.0,True,True,True,True,True,True,True,True,True,True,True,True,True,True,True,True,False,False,False,False,False,False,False
76368,STATE_PREFLIGHT,12.4,0.05,0.1,0.45,0.0,0.0,0.09810000419616699,0.0010000000149011613,0.0020000000298023225,0.0030000001192092896,0.12300000190734864,0.45599998474121095,0.789000015258789,980.5,25.0,0.0,0.0,0.980999984741211,1,46.5,6.6,1200.0,1.5,3.5,12,9.8100004196167,98.0999984741211,11.984000244140624,0.0,1200.0,True,True,True,True,True,True,True,True,True,True,True,True,True,True,True,True,False,False,False,False,False,False,False
76878,STATE_PREFLIGHT,12.4,0.05,0.1,0.45,0.0,0.0,0.09810000419616699,0.0010000000149011613,0.0020000000298023225,0.0030000001192092896,0.12300000190734864,0.45599998474121095,0.789000015258789,980.5,25.0,0.0,0.0,0.980999984741211,1,46.5,6.6,1200.0,1.5,3.5,12,9.8100004196167,98.0999984741211,11.984000244140624,0.0,1200.0,True,True,True,True,True,True,True,True,True,True,True,True,True,True,True,True,False,False,False,False,False,False,False
77388,STATE_PREFLIGHT,12.4,0.05,0.1,0.45,0.0,0.0,0.09810000419616699,0.0010000000149011613,0.0020000000298023225,0.0030000001192092896,0.12300000190734864,0.45599998474121095,0.789000015258789,980.5,25.0,0.0,0.0,0.980999984741211,1,46.5,6.6,1200.0,1.5,3.5,12,9.8100004196167,98.0999984741211,11.984000244140624,0.0,1200.0,True,True,True,True,True,True,True,True,True,True,True,True,True,True,True,True,False,False,False,False,False,False,False
77899,STATE_PREFLIGHT,12.4,0.05,0.1,0.45,0.0,0.0,0.09810000419616699,0.0010000000149011613,0.0020000000298023225,0.0030000001192092896,0.12300000190734864,0.45599998474121095,0.789000015258789,980.5,25.0,0.0,0.0,0.980999984741211,1,46.5,6.6,1200.0,1.5,3.5,12,9.8100004196167,98.0999984741211,11.984000244140624,0.0,1200.0,True,True,True,True,True,True,True,True,True,True,True,True,True,True,True,True,False,False,False,False,False,False,False
78409,STATE_PREFLIGHT,12.4,0.05,0.1,0.45,0.0,0.0,0.09810000419616699,0.0010000000149011613,0.0020000000298023225,0.0030000001192092896,0.12300000190734864,0.45599998474121095,0.789000015258789,980.5,25.0,0.0,0.0,0.980999984741211,1,46.5,6.6,1200.0,1.5,3.5,12,9.8100004196167,98.0999984741211,11.984000244140624,0.0,1200.0,True,True,True,True,True,True,True,True,True,True,True,True,True,True,True,True,False,False,False,False,False,False,False
78920,STATE_PREFLIGHT,12.4,0.05,0.1,0.45,0.0,0.0,0.09810000419616699,0.0010000000149011613,0.0020000000298023225,0.0030000001192092896,0.12300000190734864,0.45599998474121095,0.789000015258789,980.5,25.0,0.0,0.0,0.980999984741211,1,46.5,6.6,1200.0,1.5,3.5,12,9.8100004196167,98.0999984741211,11.984000244140624,0.0,1200.0,True,True,True,True,True,True,True,True,True,True,True,True,True,True,True,True,False,False,False,False,False,False,False
79428,STATE_PREFLIGHT,12.4,0.05,0.1,0.45,0.0,0.0,0.09810000419616699,0.0010000000149011613,0.0020000000298023225,0.0030000001192092896,0.12300000190734864,0.45599998474121095,0.789000015258789,980.5,25.0,0.0,0.0,0.980999984741211,1,46.5,6.6,1200.0,1.5,3.5,12,9.8100004196167,98.0999984741211,11.984000244140624,0.0,1200.0,True,True,True,True,True,True,True,True,True,True,True,True,True,True,True,True,False,False,False,False,False,False,False
79935,STATE_PREFLIGHT,12.4,0.05,0.1,0.45,0.0,0.0,0.09810000419616699,0.0010000000149011613,0.0020000000298023225,0.0030000001192092896,0.12300000190734864,0.45599998474121095,0.789000015258789,980.5,25.0,0.0,0.0,0.980999984741211,1,46.5,6.6,1200.0,1.5,3.5,12,9.8100004196167,98.0999984741211,11.984000244140624,0.0,1200.0,True,True,True,True,True,True,True,True,True,True,True,True,True,True,True,True,False,False,False,False,False,False,False
80445,STATE_PREFLIGHT,12.4,0.05,0.1,0.45,0.0,0.0,0.09810000419616699,0.0010000000149011613,0.0020000000298023225,0.0030000001192092896,0.12300000190734864,0.45599998474121095,0.789000015258789,980.5,25.0,0.0,0.0,0.980999984741211,1,46.5,6.6,1200.0,1.5,3.5,12,9.8100004196167,98.0999984741211,11.984000244140624,0.0,1200.0,True,True,True,True,True,True,True,True,True,True,True,True,True,True,True,True,False,False,False,False,False,False,False
80955,STATE_PREFLIGHT,12.4,0.05,0.1,0.45,0.0,0.0,0.09810000419616699,0.0010000000149011613,0.0020000000298023225,0.0030000001192092896,0.12300000190734864,0.45599998474121095,0.789000015258789,980.5,25.0,0.0,0.0,0.980999984741211,1,46.5,6.6,1200.0,1.5,3.5,12,9.8100004196167,98.0999984741211,11.984000244140624,0.0,1200.0,True,True,True,True,True,True,True,True,True,True,True,True,True,True,True,True,False,False,False,False,False,False,False
81465,STATE_PREFLIGHT,12.4,0.05,0.1,0.45,0.0,0.0,0.09810000419616699,0.0010000000149011613,0.0020000000298023225,0.0030000001192092896,0.12300000190734864,0.45599998474121095,0.789000015258789,980.5,25.0,0.0,0.0,0.980999984741211,1,46.5,6.6,1200.0,1.5,3.5,12,9.8100004196167,98.0999984741211,11.984000244140624,0.0,1200.0,True,True,True,True,True,True,True,True,True,True,True,True,True,True,True,True,False,False,False,False,False,False,False
81973,STATE_PREFLIGHT,12.4,0.05,0.1,0.45,0.0,0.0,0.09810000419616699,0.0010000000149011613,0.0020000000298023225,0.0030000001192092896,0.12300000190734864,0.45599998474121095,0.789000015258789,980.5,25.0,0.0,0.0,0.980999984741211,1,46.5,6.6,1200.0,1.5,3.5,12,9.8100004196167,98.0999984741211,11.984000244140624,0.0,1200.0,True,True,True,True,True,True,True,True,True,True,True,True,True,True,True,True,False,False,False,False,False,False,False
82483,STATE_PREFLIGHT,12.4,0.05,0.1,0.45,0.0,0.0,0.09810000419616699,0.0010000000149011613,0.0020000000298023225,0.0030000001192092896,0.12300000190734864,0.45599998474121095,0.789000015258789,980.5,25.0,0.0,0.0,0.980999984741211,1,46.5,6.6,1200.0,1.5,3.5,12,9.8100004196167,98.0999984741211,11.984000244140624,0.0,1200.0,True,True,True,True,True,True,True,True,True,True,True,True,True,True,True,True,False,False,False,False,False,False,False
82990,STATE_PREFLIGHT,12.4,0.05,0.1,0.45,0.0,0.0,0.09810000419616699,0.0010000000149011613,0.0020000000298023225,0.0030000001192092896,0.12300000190734864,0.45599998474121095,0.789000015258789,980.5,25.0,0.0,0.0,0.980999984741211,1,46.5,6.6,1200.0,1.5,3.5,12,9.8100004196167,98.0999984741211,11.984000244140624,0.0,1200.0,True,True,True,True,True,True,True,True,True,True,True,True,True,True,True,True,False,False,False,False,False,False,False
83500,STATE_PREFLIGHT,12.4,0.05,0.1,0.45,0.0,0.0,0.09810000419616699,0.0010000000149011613,0.0020000000298023225,0.0030000001192092896,0.12300000190734864,0.45599998474121095,0.789000015258789,980.5,25.0,0.0,0.0,0.980999984741211,1,46.5,6.6,1200.0,1.5,3.5,12,9.8100004196167,98.0999984741211,11.984000244140624,0.0,1200.0,True,True,True,True,True,True,True,True,True,True,True,True,True,True,True,True,False,False,False,False,False,False,False
84006,STATE_PREFLIGHT,12.4,0.05,0.1,0.45,0.0,0.0,0.09810000419616699,0.0010000000149011613,0.0020000000298023225,0.0030000001192092896,0.12300000190734864,0.45599998474121095,0.789000015258789,980.5,25.0,0.0,0.0,0.980999984741211,1,46.5,6.6,1200.0,1.5,3.5,12,9.8100004196167,98.0999984741211,11.984000244140624,0.0,1200.0,True,True,True,True,True,True,True,True,True,True,True,True,True,True,True,True,False,False,False,False,False,False,False
84516,STATE_PREFLIGHT,12.4,0.05,0.1,0.45,0.0,0.0,0.09810000419616699,0.0010000000149011613,0.0020000000298023225,0.0030000001192092896,0.12300000190734864,0.45599998474121095,0.789000015258789,980.5,25.0,0.0,0.0,0.980999984741211,1,46.5,6.6,1200.0,1.5,3.5,12,9.8100004196167,98.0999984741211,11.984000244140624,0.0,1200.0,True,True,True,True,True,True,True,True,True,True,True,True,True,True,True,True,False,False,False,False,False,False,False
85026,STATE_PREFLIGHT,12.4,0.05,0.1,0.45,0.0,0.0,0.09810000419616699,0.0010000000149011613,0.0020000000298023225,0.0030000001192092896,0.12300000190734864,0.45599998474121095,0.789000015258789,980.5,25.0,0.0,0.0,0.980999984741211,1,46.5,6.6,1200.0,1.5,3.5,12,9.8100004196167,98.0999984741211,11.984000244140624,0.0,1200.0,True,True,True,True,True,True,True,True,True,True,True,True,True,True,True,True,False,False,False,False,False,False,False
85537,STATE_PREFLIGHT,12.4,0.05,0.1,0.45,0.0,0.0,0.09810000419616699,0.0010000000149011613,0.0020000000298023225,0.0030000001192092896,0.12300000190734864,0.45599998474121095,0.789000015258789,980.5,25.0,0.0,0.0,0.980999984741211,1,46.5,6.6,1200.0,1.5,3.5,12,9.8100004196167,98.0999984741211,11.984000244140624,0.0,1200.0,True,True,True,True,True,True,True,True,True,True,True,True,True,True,True,True,False,False,False,False,False,False,False
86048,STATE_PREFLIGHT,12.4,0.05,0.1,0.45,0.0,0.0,0.09810000419616699,0.0010000000149011613,0.0020000000298023225,0.0030000001192092896,0.12300000190734864,0.45599998474121095,0.789000015258789,980.5,25.0,0.0,0.0,0.980999984741211,1,46.5,6.6,1200.0,1.5,3.5,12,9.8100004196167,98.0999984741211,11.984000244140624,0.0,1200.0,True,True,True,True,True,True,True,True,True,True,True,True,True,True,True,True,False,False,False,False,False,False,False
86558,STATE_PREFLIGHT,12.4,0.05,0.1,0.45,0.0,0.0,0.09810000419616699,0.0010000000149011613,0.0020000000298023225,0.0030000001192092896,0.12300000190734864,0.45599998474121095,0.789000015258789,980.5,25.0,0.0,0.0,0.980999984741211,1,46.5,6.6,1200.0,1.5,3.5,12,9.8100004196167,98.0999984741211,11.984000244140624,0.0,1200.0,True,True,True,True,True,True,True,True,True,True,True,True,True,True,True,True,False,False,False,False,False,False,False
87068,STATE_PREFLIGHT,12.4,0.05,0.1,0.45,0.0,0.0,0.09810000419616699,0.0010000000149011613,0.0020000000298023225,0.0030000001192092896,0.12300000190734864,0.45599998474121095,0.789000015258789,980.5,25.0,0.0,0.0,0.980999984741211,1,46.5,6.6,1200.0,1.5,3.5,12,9.8100004196167,98.0999984741211,11.984000244140624,0.0,1200.0,True,True,True,True,True,True,True,True,True,True,True,True,True,True,True,True,False,False,False,False,False,False,False
87579,STATE_PREFLIGHT,12.4,0.05,0.1,0.45,0.0,0.0,0.09810000419616699,0.0010000000149011613,0.0020000000298023225,0.0030000001192092896,0.12300000190734864,0.45599998474121095,0.789000015258789,980.5,25.0,0.0,0.0,0.980999984741211,1,46.5,6.6,1200.0,1.5,3.5,12,9.8100004196167,98.0999984741211,11.984000244140624,0.0,1200.0,True,True,True,True,True,True,True,True,True,True,True,True,True,True,True,True,False,False,False,False,False,False,False
88088,STATE_PREFLIGHT,12.4,0.05,0.1,0.45,0.0,0.0,0.09810000419616699,0.0010000000149011613,0.0020000000298023225,0.0030000001192092896,0.12300000190734864,0.45599998474121095,0.789000015258789,980.5,25.0,0.0,0.0,0.980999984741211,1,46.5,6.6,1200.0,1.5,3.5,12,9.8100004196167,98.0999984741211,11.984000244140624,0.0,1200.0,True,True,True,True,True,True,True,True,True,True,True,True,True,True,True,True,False,False,False,False,False,False,False
88598,STATE_PREFLIGHT,12.4,0.05,0.1,0.45,0.0,0.0,0.09810000419616699,0.0010000000149011613,0.0020000000298023225,0.0030000001192092896,0.12300000190734864,0.45599998474121095,0.789000015258789,980.5,25.0,0.0,0.0,0.980999984741211,1,46.5,6.6,1200.0,1.5,3.5,12,9.8100004196167,98.0999984741211,11.984000244140624,0.0,1200.0,True,True,True,True,True,True,True,True,True,True,True,True,True,True,True,True,False,False,False,False,False,False,False
89108,STATE_PREFLIGHT,12.4,0.05,0.1,0.45,0.0,0.0,0.09810000419616699,0.0010000000149011613,0.0020000000298023225,0.0030000001192092896,0.12300000190734864,0.45599998474121095,0.789000015258789,980.5,25.0,0.0,0.0,0.980999984741211,1,46.5,6.6,1200.0,1.5,3.5,12,9.8100004196167,98.0999984741211,11.984000244140624,0.0,1200.0,True,True,True,True,True,True,True,True,True,True,True,True,True,True,True,True,False,False,False,False,False,False,False
89619,STATE_PREFLIGHT,12.4,0.05,0.1,0.45,0.0,0.0,0.09810000419616699,0.0010000000149011613,0.0020000000298023225,0.0030000001192092896,0.12300000190734864,0.45599998474121095,0.789000015258789,980.5,25.0,0.0,0.0,0.980999984741211,1,46.5,6.6,1200.0,1.5,3.5,12,9.8100004196167,98.0999984741211,11.984000244140624,0.0,1200.0,True,True,True,True,True,True,True,True,True,True,True,True,True,True,True,True,False,False,False,False,False,False,False
90130,STATE_PREFLIGHT,12.4,0.05,0.1,0.45,0.0,0.0,0.09810000419616699,0.0010000000149011613,0.0020000000298023225,0.0030000001192092896,0.12300000190734864,0.45599998474121095,0.789000015258789,980.5,25.0,0.0,0.0,0.980999984741211,1,46.5,6.6,1200.0,1.5,3.5,12,9.8100004196167,98.0999984741211,11.984000244140624,0.0,1200.0,True,True,True,True,True,True,True,True,True,True,True,True,True,True,True,True,False,False,False,False,False,False,False
90640,STATE_PREFLIGHT,12.4,0.05,0.1,0.45,0.0,0.0,0.09810000419616699,0.0010000000149011613,0.0020000000298023225,0.0030000001192092896,0.12300000190734864,0.45599998474121095,0.789000015258789,980.5,25.0,0.0,0.0,0.980999984741211,1,46.5,6.6,1200.0,1.5,3.5,12,9.8100004196167,98.0999984741211,11.984000244140624,0.0,1200.0,True,True,True,True,True,True,True,True,True,True,True,True,True,True,True,True,False,False,False,False,False,False,False
91151,STATE_PREFLIGHT,12.4,0.05,0.1,0.45,0.0,0.0,0.09810000419616699,0.0010000000149011613,0.0020000000298023225,0.0030000001192092896,0.12300000190734864,0.45599998474121095,0.789000015258789,980.5,25.0,0.0,0.0,0.980999984741211,1,46.5,6.6,1200.0,1.5,3.5,12,9.8100004196167,98.0999984741211,11.984000244140624,0.0,1200.0,True,True,True,True,True,True,True,True,True,True,True,True,True,True,True,True,False,False,False,False,False,False,False
91659,STATE_PREFLIGHT,12.4,0.05,0.1,0.45,0.0,0.0,0.09810000419616699,0.0010000000149011613,0.0020000000298023225,0.0030000001192092896,0.12300000190734864,0.45599998474121095,0.789000015258789,980.5,25.0,0.0,0.0,0.980999984741211,1,46.5,6.6,1200.0,1.5,3.5,12,9.8100004196167,98.0999984741211,11.984000244140624,0.0,1200.0,True,True,True,True,True,True,True,True,True,True,True,True,True,True,True,True,False,False,False,False,False,False,False
92168,STATE_PREFLIGHT,12.4,0.05,0.1,0.45,0.0,0.0,0.09810000419616699,0.0010000000149011613,0.0020000000298023225,0.0030000001192092896,0.12300000190734864,0.45599998474121095,0.789000015258789,980.5,25.0,0.0,0.0,0.980999984741211,1,46.5,6.6,1200.0,1.5,3.5,12,9.8100004196167,98.0999984741211,11.984000244140624,0.0,1200.0,True,True,True,True,True,True,True,True,True,True,True,True,True,True,True,True,False,False,False,False,False,False,False
92676,STATE_PREFLIGHT,12.4,0.05,0.1,0.45,0.0,0.0,0.09810000419616699,0.0010000000149011613,0.0020000000298023225,0.0030000001192092896,0.12300000190734864,0.45599998474121095,0.789000015258789,980.5,25.0,0.0,0.0,0.980999984741211,1,46.5,6.6,1200.0,1.5,3.5,12,9.8100004196167,98.0999984741211,11.984000244140624,0.0,1200.0,True,True,True,True,True,True,True,True,True,True,True,True,True,True,True,True,False,False,False,False,False,False,False
93187,STATE_PREFLIGHT,12.4,0.05,0.1,0.45,0.0,0.0,0.09810000419616699,0.0010000000149011613,0.0020000000298023225,0.0030000001192092896,0.12300000190734864,0.45599998474121095,0.789000015258789,980.5,25.0,0.0,0.0,0.980999984741211,1,46.5,6.6,1200.0,1.5,3.5,12,9.8100004196167,98.0999984741211,11.984000244140624,0.0,1200.0,True,True,True,True,True,True,True,True,True,True,True,True,True,True,True,True,False,False,False,False,False,False,False
93697,STATE_PREFLIGHT,12.4,0.05,0.1,0.45,0.0,0.0,0.09810000419616699,0.0010000000149011613,0.0020000000298023225,0.0030000001192092896,0.12300000190734864,0.45599998474121095,0.789000015258789,980.5,25.0,0.0,0.0,0.980999984741211,1,46.5,6.6,1200.0,1.5,3.5,12,9.8100004196167,98.0999984741211,11.984000244140624,0.0,1200.0,True,True,True,True,True,True,True,True,True,True,True,True,True,True,True,True,False,False,False,False,False,False,False
94208,STATE_PREFLIGHT,12.4,0.05,0.1,0.45,0.0,0.0,0.09810000419616699,0.0010000000149011613,0.0020000000298023225,0.0030000001192092896,0.12300000190734864,0.45599998474121095,0.789000015258789,980.5,25.0,0.0,0.0,0.980999984741211,1,46.5,6.6,1200.0,1.5,3.5,12,9.8100004196167,98.0999984741211,11.984000244140624,0.0,1200.0,True,True,True,True,True,True,True,True,True,True,True,True,True,True,True,True,False,False,False,False,False,False,False
94718,STATE_PREFLIGHT,12.4,0.05,0.1,0.45,0.0,0.0,0.09810000419616699,0.0010000000149011613,0.0020000000298023225,0.0030000001192092896,0.12300000190734864,0.45599998474121095,0.789000015258789,980.5,25.0,0.0,0.0,0.980999984741211,1,46.5,6.6,1200.0,1.5,3.5,12,9.8100004196167,98.0999984741211,11.984000244140624,0.0,1200.0,True,True,True,True,True,True,True,True,True,True,True,True,True,True,True,True,False,False,False,False,False,False,False
95225,STATE_PREFLIGHT,12.4,0.05,0.1,0.45,0.0,0.0,0.09810000419616699,0.0010000000149011613,0.0020000000298023225,0.0030000001192092896,0.12300000190734864,0.45599998474121095,0.789000015258789,980.5,25.0,0.0,0.0,0.980999984741211,1,46.5,6.6,1200.0,1.5,3.5,12,9.8100004196167,98.0999984741211,11.984000244140624,0.0,1200.0,True,True,True,True,True,True,True,True,True,True,True,True,True,True,True,True,False,False,False,False,False,False,False
95736,STATE_PREFLIGHT,12.4,0.05,0.1,0.45,0.0,0.0,0.09810000419616699,0.0010000000149011613,0.0020000000298023225,0.0030000001192092896,0.12300000190734864,0.45599998474121095,0.789000015258789,980.5,25.0,0.0,0.0,0.980999984741211,1,46.5,6.6,1200.0,1.5,3.5,12,9.8100004196167,98.0999984741211,11.984000244140624,0.0,1200.0,True,True,True,True,True,True,True,True,True,True,True,True,True,True,True,True,False,False,False,False,False,False,False
96243,STATE_PREFLIGHT,12.4,0.05,0.1,0.45,0.0,0.0,0.09810000419616699,0.0010000000149011613,0.0020000000298023225,0.0030000001192092896,0.12300000190734864,0.45599998474121095,0.789000015258789,980.5,25.0,0.0,0.0,0.980999984741211,1,46.5,6.6,1200.0,1.5,3.5,12,9.8100004196167,98.0999984741211,11.984000244140624,0.0,1200.0,True,True,True,True,True,True,True,True,True,True,True,True,True,True,True,True,False,False,False,False,False,False,False
96754,STATE_PREFLIGHT,12.4,0.05,0.1,0.45,0.0,0.0,0.09810000419616699,0.0010000000149011613,0.0020000000298023225,0.0030000001192092896,0.12300000190734864,0.45599998474121095,0.789000015258789,980.5,25.0,0.0,0.0,0.980999984741211,1,46.5,6.6,1200.0,1.5,3.5,12,9.8100004196167,98.0999984741211,11.984000244140624,0.0,1200.0,True,True,True,True,True,True,True,True,True,True,True,True,True,True,True,True,False,False,False,False,False,False,False
97265,STATE_PREFLIGHT,12.4,0.05,0.1,0.45,0.0,0.0,0.09810000419616699,0.0010000000149011613,0.0020000000298023225,0.0030000001192092896,0.12300000190734864,0.45599998474121095,0.789000015258789,980.5,25.0,0.0,0.0,0.980999984741211,1,46.5,6.6,1200.0,1.5,3.5,12,9.8100004196167,98.0999984741211,11.984000244140624,0.0,1200.0,True,True,True,True,True,True,True,True,True,True,True,True,True,True,True,True,False,False,False,False,False,False,False
97775,STATE_PREFLIGHT,12.4,0.05,0.1,0.45,0.0,0.0,0.09810000419616699,0.0010000000149011613,0.0020000000298023225,0.0030000001192092896,0.12300000190734864,0.45599998474121095,0.789000015258789,980.5,25.0,0.0,0.0,0.980999984741211,1,46.5,6.6,1200.0,1.5,3.5,12,9.8100004196167,98.0999984741211,11.984000244140624,0.0,1200.0,True,True,True,True,True,True,True,True,True,True,True,True,True,True,True,True,False,False,False,False,False,False,False
98281,STATE_PREFLIGHT,12.4,0.05,0.1,0.45,0.0,0.0,0.09810000419616699,0.0010000000149011613,0.0020000000298023225,0.0030000001192092896,0.12300000190734864,0.45599998474121095,0.789000015258789,980.5,25.0,0.0,0.0,0.980999984741211,1,46.5,6.6,1200.0,1.5,3.5,12,9.8100004196167,98.0999984741211,11.984000244140624,0.0,1200.0,True,True,True,True,True,True,True,True,True,True,True,True,True,True,True,True,False,False,False,False,False,False,False
98790,STATE_PREFLIGHT,12.4,0.05,0.1,0.45,0.0,0.0,0.09810000419616699,0.0010000000149011613,0.0020000000298023225,0.0030000001192092896,0.12300000190734864,0.45599998474121095,0.789000015258789,980.5,25.0,0.0,0.0,0.980999984741211,1,46.5,6.6,1200.0,1.5,3.5,12,9.8100004196167,98.0999984741211,11.984000244140624,0.0,1200.0,True,True,True,True,True,True,True,True,True,True,True,True,True,True,True,True,False,False,False,False,False,False,False
99300,STATE_PREFLIGHT,12.4,0.05,0.1,0.45,0.0,0.0,0.09810000419616699,0.0010000000149011613,0.0020000000298023225,0.0030000001192092896,0.12300000190734864,0.45599998474121095,0.789000015258789,980.5,25.0,0.0,0.0,0.980999984741211,1,46.5,6.6,1200.0,1.5,3.5,12,9.8100004196167,98.0999984741211,11.984000244140624,0.0,1200.0,True,True,True,True,True,True,True,True,True,True,True,True,True,True,True,True,False,False,False,False,False,False,False
99811,STATE_PREFLIGHT,12.4,0.05,0.1,0.45,0.0,0.0,0.09810000419616699,0.0010000000149011613,0.0020000000298023225,0.0030000001192092896,0.12300000190734864,0.45599998474121095,0.789000015258789,980.5,25.0,0.0,0.0,0.980999984741211,1,46.5,6.6,1200.0,1.5,3.5,12,9.8100004196167,98.0999984741211,11.984000244140624,0.0,1200.0,True,True,True,True,True,True,True,True,True,True,True,True,True,True,True,True,False,False,False,False,False,False,False
100319,STATE_PREFLIGHT,12.4,0.05,0.1,0.45,0.0,0.0,0.09810000419616699,0.0010000000149011613,0.0020000000298023225,0.0030000001192092896,0.12300000190734864,0.45599998474121095,0.789000015258789,980.5,25.0,0.0,0.0,0.980999984741211,1,46.5,6.6,1200.0,1.5,3.5,12,9.8100004196167,98.0999984741211,11.984000244140624,0.0,1200.0,True,True,True,True,True,True,True,True,True,True,True,True,True,True,True,True,False,False,False,False,False,False,False
100830,STATE_PREFLIGHT,12.4,0.05,0.1,0.45,0.0,0.0,0.09810000419616699,0.0010000000149011613,0.0020000000298023225,0.0030000001192092896,0.12300000190734864,0.45599998474121095,0.789000015258789,980.5,25.0,0.0,0.0,0.980999984741211,1,46.5,6.6,1200.0,1.5,3.5,12,9.8100004196167,98.0999984741211,11.984000244140624,0.0,1200.0,True,True,True,True,True,True,True,True,True,True,True,True,True,True,True,True,False,False,False,False,False,False,False
101340,STATE_PREFLIGHT,12.4,0.05,0.1,0.45,0.0,0.0,0.09810000419616699,0.0010000000149011613,0.0020000000298023225,0.0030000001192092896,0.12300000190734864,0.45599998474121095,0.789000015258789,980.5,25.0,0.0,0.0,0.980999984741211,1,46.5,6.6,1200.0,1.5,3.5,12,9.8100004196167,98.0999984741211,11.984000244140624,0.0,1200.0,True,True,True,True,True,True,True,True,True,True,True,True,True,True,True,True,False,False,False,False,False,False,False
101850,STATE_PREFLIGHT,12.4,0.05,0.1,0.45,0.0,0.0,0.09810000419616699,0.0010000000149011613,0.0020000000298023225,0.0030000001192092896,0.12300000190734864,0.45599998474121095,0.789000015258789,980.5,25.0,0.0,0.0,0.980999984741211,1,46.5,6.6,1200.0,1.5,3.5,12,9.8100004196167,98.0999984741211,11.984000244140624,0.0,1200.0,True,True,True,True,True,True,True,True,True,True,True,True,True,True,True,True,False,False,False,False,False,False,False
102360,STATE_PREFLIGHT,12.4,0.05,0.1,0.45,0.0,0.0,0.09810000419616699,0.0010000000149011613,0.0020000000298023225,0.0030000001192092896,0.12300000190734864,0.45599998474121095,0.789000015258789,980.5,25.0,0.0,0.0,0.980999984741211,1,46.5,6.6,1200.0,1.5,3.5,12,9.8100004196167,98.0999984741211,11.984000244140624,0.0,1200.0,True,True,True,True,True,True,True,True,True,True,True,True,True,True,True,True,False,False,False,False,False,False,False
102871,STATE_PREFLIGHT,12.4,0.05,0.1,0.45,0.0,0.0,0.09810000419616699,0.0010000000149011613,0.0020000000298023225,0.0030000001192092896,0.12300000190734864,0.45599998474121095,0.789000015258789,980.5,25.0,0.0,0.0,0.980999984741211,1,46.5,6.6,1200.0,1.5,3.5,12,9.8100004196167,98.0999984741211,11.984000244140624,0.0,1200.0,True,True,True,True,True,True,True,True,True,True,True,True,True,True,True,True,False,False,False,False,False,False,False
103381,STATE_PREFLIGHT,12.4,0.05,0.1,0.45,0.0,0.0,0.09810000419616699,0.0010000000149011613,0.0020000000298023225,0.0030000001192092896,0.12300000190734864,0.45599998474121095,0.789000015258789,980.5,25.0,0.0,0.0,0.980999984741211,1,46.5,6.6,1200.0,1.5,3.5,12,9.8100004196167,98.0999984741211,11.984000244140624,0.0,1200.0,True,True,True,True,True,True,True,True,True,True,True,True,True,True,True,True,False,False,False,False,False,False,False
103892,STATE_PREFLIGHT,12.4,0.05,0.1,0.45,0.0,0.0,0.09810000419616699,0.0010000000149011613,0.0020000000298023225,0.0030000001192092896,0.12300000190734864,0.45599998474121095,0.789000015258789,980.5,25.0,0.0,0.0,0.980999984741211,1,46.5,6.6,1200.0,1.5,3.5,12,9.8100004196167,98.0999984741211,11.984000244140624,0.0,1200.0,True,True,True,True,True,True,True,True,True,True,True,True,True,True,True,True,False,False,False,False,False,False,False
104399,STATE_PREFLIGHT,12.4,0.05,0.1,0.45,0.0,0.0,0.09810000419616699,0.0010000000149011613,0.0020000000298023225,0.0030000001192092896,0.12300000190734864,0.45599998474121095,0.789000015258789,980.5,25.0,0.0,0.0,0.980999984741211,1,46.5,6.6,1200.0,1.5,3.5,12,9.8100004196167,98.0999984741211,11.984000244140624,0.0,1200.0,True,True,True,True,True,True,True,True,True,True,True,True,True,True,True,True,False,False,False,False,False,False,False
104910,STATE_PREFLIGHT,12.4,0.05,0.1,0.45,0.0,0.0,0.09810000419616699,0.0010000000149011613,0.0020000000298023225,0.0030000001192092896,0.12300000190734864,0.45599998474121095,0.789000015258789,980.5,25.0,0.0,0.0,0.980999984741211,1,46.5,6.6,1200.0,1.5,3.5,12,9.8100004196167,98.0999984741211,11.984000244140624,0.0,1200.0,True,True,True,True,True,True,True,True,True,True,True,True,True,True,True,True,False,False,False,False,False,False,False
105420,STATE_PREFLIGHT,12.4,0.05,0.1,0.45,0.0,0.0,0.09810000419616699,0.0010000000149011613,0.0020000000298023225,0.0030000001192092896,0.12300000190734864,0.45599998474121095,0.789000015258789,980.5,25.0,0.0,0.0,0.980999984741211,1,46.5,6.6,1200.0,1.5,3.5,12,9.8100004196167,98.0999984741211,11.984000244140624,0.0,1200.0,True,True,True,True,True,True,True,True,True,True,True,True,True,True,True,True,False,False,False,False,False,False,False
105930,STATE_PREFLIGHT,12.4,0.05,0.1,0.45,0.0,0.0,0.09810000419616699,0.0010000000149011613,0.0020000000298023225,0.0030000001192092896,0.12300000190734864,0.45599998474121095,0.789000015258789,980.5,25.0,0.0,0.0,0.980999984741211,1,46.5,6.6,1200.0,1.5,3.5,12,9.8100004196167,98.0999984741211,11.984000244140624,0.0,1200.0,True,True,True,True,True,True,True,True,True,True,True,True,True,True,True,True,False,False,False,False,False,False,False
106440,STATE_PREFLIGHT,12.4,0.05,0.1,0.45,0.0,0.0,0.09810000419616699,0.0010000000149011613,0.0020000000298023225,0.0030000001192092896,0.12300000190734864,0.45599998474121095,0.789000015258789,980.5,25.0,0.0,0.0,0.980999984741211,1,46.5,6.6,1200.0,1.5,3.5,12,9.8100004196167,98.0999984741211,11.984000244140624,0.0,1200.0,True,True,True,True,True,True,True,True,True,True,True,True,True,True,True,True,False,False,False,False,False,False,False
106951,STATE_PREFLIGHT,12.4,0.05,0.1,0.45,0.0,0.0,0.09810000419616699,0.0010000000149011613,0.0020000000298023225,0.0030000001192092896,0.12300000190734864,0.45599998474121095,0.789000015258789,980.5,25.0,0.0,0.0,0.980999984741211,1,46.5,6.6,1200.0,1.5,3.5,12,9.8100004196167,98.0999984741211,11.984000244140624,0.0,1200.0,True,True,True,True,True,True,True,True,True,True,True,True,True,True,True,True,False,False,False,False,False,False,False
107462,STATE_PREFLIGHT,12.4,0.05,0.1,0.45,0.0,0.0,0.09810000419616699,0.0010000000149011613,0.0020000000298023225,0.0030000001192092896,0.12300000190734864,0.45599998474121095,0.789000015258789,980.5,25.0,0.0,0.0,0.980999984741211,1,46.5,6.6,1200.0,1.5,3.5,12,9.8100004196167,98.0999984741211,11.984000244140624,0.0,1200.0,True,True,True,True,True,True,True,True,True,True,True,True,True,True,True,True,False,False,False,False,False,False,False
107973,STATE_PREFLIGHT,12.4,0.05,0.1,0.45,0.0,0.0,0.09810000419616699,0.0010000000149011613,0.0020000000298023225,0.0030000001192092896,0.12300000190734864,0.45599998474121095,0.789000015258789,980.5,25.0,0.0,0.0,0.980999984741211,1,46.5,6.6,1200.0,1.5,3.5,12,9.8100004196167,98.0999984741211,11.984000244140624,0.0,1200.0,True,True,True,True,True,True,True,True,True,True,True,True,True,True,True,True,False,False,False,False,False,False,False
108483,STATE_PREFLIGHT,12.4,0.05,0.1,0.45,0.0,0.0,0.09810000419616699,0.0010000000149011613,0.0020000000298023225,0.0030000001192092896,0.12300000190734864,0.45599998474121095,0.789000015258789,980.5,25.0,0.0,0.0,0.980999984741211,1,46.5,6.6,1200.0,1.5,3.5,12,9.8100004196167,98.0999984741211,11.984000244140624,0.0,1200.0,True,True,True,True,True,True,True,True,True,True,True,True,True,True,True,True,False,False,False,False,False,False,False
108991,STATE_PREFLIGHT,12.4,0.05,0.1,0.45,0.0,0.0,0.09810000419616699,0.0010000000149011613,0.0020000000298023225,0.0030000001192092896,0.12300000190734864,0.45599998474121095,0.789000015258789,980.5,25.0,0.0,0.0,0.980999984741211,1,46.5,6.6,1200.0,1.5,3.5,12,9.8100004196167,98.0999984741211,11.984000244140624,0.0,1200.0,True,True,True,True,True,True,True,True,True,True,True,True,True,True,True,True,False,False,False,False,False,False,False
109502,STATE_PREFLIGHT,12.4,0.05,0.1,0.45,0.0,0.0,0.09810000419616699,0.0010000000149011613,0.0020000000298023225,0.0030000001192092896,0.12300000190734864,0.45599998474121095,0.789000015258789,980.5,25.0,0.0,0.0,0.980999984741211,1,46.5,6.6,1200.0,1.5,3.5,12,9.8100004196167,98.0999984741211,11.984000244140624,0.0,1200.0,True,True,True,True,True,True,True,True,True,True,True,True,True,True,True,True,False,False,False,False,False,False,False
110012,STATE_PREFLIGHT,12.4,0.05,0.1,0.45,0.0,0.0,0.09810000419616699,0.0010000000149011613,0.0020000000298023225,0.0030000001192092896,0.12300000190734864,0.45599998474121095,0.789000015258789,980.5,25.0,0.0,0.0,0.980999984741211,1,46.5,6.6,1200.0,1.5,3.5,12,9.8100004196167,98.0999984741211,11.984000244140624,0.0,1200.0,True,True,True,True,True,True,True,True,True,True,True,True,True,True,True,True,False,False,False,False,False,False,False
110523,STATE_PREFLIGHT,12.4,0.05,0.1,0.45,0.0,0.0,0.09810000419616699,0.0010000000149011613,0.0020000000298023225,0.0030000001192092896,0.12300000190734864,0.45599998474121095,0.789000015258789,980.5,25.0,0.0,0.0,0.980999984741211,1,46.5,6.6,1200.0,1.5,3.5,12,9.8100004196167,98.0999984741211,11.984000244140624,0.0,1200.0,True,True,True,True,True,True,True,True,True,True,True,True,True,True,True,True,False,False,False,False,False,False,False
111034,STATE_PREFLIGHT,12.4,0.05,0.1,0.45,0.0,0.0,0.09810000419616699,0.0010000000149011613,0.0020000000298023225,0.0030000001192092896,0.12300000190734864,0.45599998474121095,0.789000015258789,980.5,25.0,0.0,0.0,0.980999984741211,1,46.5,6.6,1200.0,1.5,3.5,12,9.8100004196167,98.0999984741211,11.984000244140624,0.0,1200.0,True,True,True,True,True,True,True,True,True,True,True,True,True,True,True,True,False,False,False,False,False,False,False
111544,STATE_PREFLIGHT,12.4,0.05,0.1,0.45,0.0,0.0,0.09810000419616699,0.0010000000149011613,0.0020000000298023225,0.0030000001192092896,0.12300000190734864,0.45599998474121095,0.789000015258789,980.5,25.0,0.0,0.0,0.980999984741211,1,46.5,6.6,1200.0,1.5,3.5,12,9.8100004196167,98.0999984741211,11.984000244140624,0.0,1200.0,True,True,True,True,True,True,True,True,True,True,True,True,True,True,True,True,False,False,False,False,False,False,False
112052,STATE_PREFLIGHT,12.4,0.05,0.1,0.45,0.0,0.0,0.09810000419616699,0.0010000000149011613,0.0020000000298023225,0.0030000001192092896,0.12300000190734864,0.45599998474121095,0.789000015258789,980.5,25.0,0.0,0.0,0.980999984741211,1,46.5,6.6,1200.0,1.5,3.5,12,9.8100004196167,98.0999984741211,11.984000244140624,0.0,1200.0,True,True,True,True,True,True,True,True,True,True,True,True,True,True,True,True,False,False,False,False,False,False,False
112563,STATE_PREFLIGHT,12.4,0.05,0.1,0.45,0.0,0.0,0.09810000419616699,0.0010000000149011613,0.0020000000298023225,0.0030000001192092896,0.12300000190734864,0.45599998474121095,0.789000015258789,980.5,25.0,0.0,0.0,0.980999984741211,1,46.5,6.6,1200.0,1.5,3.5,12,9.8100004196167,98.0999984741211,11.984000244140624,0.0,1200.0,True,True,True,True,True,True,True,True,True,True,True,True,True,True,True,True,False,False,False,False,False,False,False
113073,STATE_PREFLIGHT,12.4,0.05,0.1,0.45,0.0,0.0,0.09810000419616699,0.0010000000149011613,0.0020000000298023225,0.0030000001192092896,0.12300000190734864,0.45599998474121095,0.789000015258789,980.5,25.0,0.0,0.0,0.980999984741211,1,46.5,6.6,1200.0,1.5,3.5,12,9.8100004196167,98.0999984741211,11.984000244140624,0.0,1200.0,True,True,True,True,True,True,True,True,True,True,True,True,True,True,True,True,False,False,False,False,False,False,False
113582,STATE_PREFLIGHT,12.4,0.05,0.1,0.45,0.0,0.0,0.09810000419616699,0.0010000000149011613,0.0020000000298023225,0.0030000001192092896,0.12300000190734864,0.45599998474121095,0.789000015258789,980.5,25.0,0.0,0.0,0.980999984741211,1,46.5,6.6,1200.0,1.5,3.5,12,9.8100004196167,98.0999984741211,11.984000244140624,0.0,1200.0,True,True,True,True,True,True,True,True,True,True,True,True,True,True,True,True,False,False,False,False,False,False,False
114090,STATE_PREFLIGHT,12.4,0.05,0.1,0.45,0.0,0.0,0.09810000419616699,0.0010000000149011613,0.0020000000298023225,0.0030000001192092896,0.12300000190734864,0.45599998474121095,0.789000015258789,980.5,25.0,0.0,0.0,0.980999984741211,1,46.5,6.6,1200.0,1.5,3.5,12,9.8100004196167,98.0999984741211,11.984000244140624,0.0,1200.0,True,True,True,True,True,True,True,True,True,True,True,True,True,True,True,True,False,False,False,False,False,False,False
114598,STATE_PREFLIGHT,12.4,0.05,0.1,0.45,0.0,0.0,0.09810000419616699,0.0010000000149011613,0.0020000000298023225,0.0030000001192092896,0.12300000190734864,0.45599998474121095,0.789000015258789,980.5,25.0,0.0,0.0,0.980999984741211,1,46.5,6.6,1200.0,1.5,3.5,12,9.8100004196167,98.0999984741211,11.984000244140624,0.0,1200.0,True,True,True,True,True,True,True,True,True,True,True,True,True,True,True,True,False,False,False,False,False,False,False
115108,STATE_PREFLIGHT,12.4,0.05,0.1,0.45,0.0,0.0,0.09810000419616699,0.0010000000149011613,0.0020000000298023225,0.0030000001192092896,0.12300000190734864,0.45599998474121095,0.789000015258789,980.5,25.0,0.0,0.0,0.980999984741211,1,46.5,6.6,1200.0,1.5,3.5,12,9.8100004196167,98.0999984741211,11.984000244140624,0.0,1200.0,True,True,True,True,True,True,True,True,True,True,True,True,True,True,True,True,False,False,False,False,False,False,False
115619,STATE_PREFLIGHT,12.4,0.05,0.1,0.45,0.0,0.0,0.09810000419616699,0.0010000000149011613,0.0020000000298023225,0.0030000001192092896,0.12300000190734864,0.45599998474121095,0.789000015258789,980.5,25.0,0.0,0.0,0.980999984741211,1,46.5,6.6,1200.0,1.5,3.5,12,9.8100004196167,98.0999984741211,11.984000244140624,0.0,1200.0,True,True,True,True,True,True,True,True,True,True,True,True,True,True,True,True,False,False,False,False,False,False,False
116130,STATE_PREFLIGHT,12.4,0.05,0.1,0.45,0.0,0.0,0.09810000419616699,0.0010000000149011613,0.0020000000298023225,0.0030000001192092896,0.12300000190734864,0.45599998474121095,0.789000015258789,980.5,25.0,0.0,0.0,0.980999984741211,1,46.5,6.6,1200.0,1.5,3.5,12,9.8100004196167,98.0999984741211,11.984000244140624,0.0,1200.0,True,True,True,True,True,True,True,True,True,True,True,True,True,True,True,True,False,False,False,False,False,False,False
116640,STATE_PREFLIGHT,12.4,0.05,0.1,0.45,0.0,0.0,0.09810000419616699,0.0010000000149011613,0.0020000000298023225,0.0030000001192092896,0.12300000190734864,0.45599998474121095,0.789000015258789,980.5,25.0,0.0,0.0,0.980999984741211,1,46.5,6.6,1200.0,1.5,3.5,12,9.8100004196167,98.0999984741211,11.984000244140624,0.0,1200.0,True,True,True,True,True,True,True,True,True,True,True,True,True,True,True,True,False,False,False,False,False,False,False
117151,STATE_PREFLIGHT,12.4,0.05,0.1,0.45,0.0,0.0,0.09810000419616699,0.0010000000149011613,0.0020000000298023225,0.0030000001192092896,0.12300000190734864,0.45599998474121095,0.789000015258789,980.5,25.0,0.0,0.0,0.980999984741211,1,46.5,6.6,1200.0,1.5,3.5,12,9.8100004196167,98.0999984741211,11.984000244140624,0.0,1200.0,True,True,True,True,True,True,True,True,True,True,True,True,True,True,True,True,False,False,False,False,False,False,False
117662,STATE_PREFLIGHT,12.4,0.05,0.1,0.45,0.0,0.0,0.09810000419616699,0.0010000000149011613,0.0020000000298023225,0.0030000001192092896,0.12300000190734864,0.45599998474121095,0.789000015258789,980.5,25.0,0.0,0.0,0.980999984741211,1,46.5,6.6,1200.0,1.5,3.5,12,9.8100004196167,98.0999984741211,11.984000244140624,0.0,1200.0,True,True,True,True,True,True,True,True,True,True,True,True,True,True,True,True,False,False,False,False,False,False,False
118172,STATE_PREFLIGHT,12.4,0.05,0.1,0.45,0.0,0.0,0.09810000419616699,0.0010000000149011613,0.0020000000298023225,0.0030000001192092896,0.12300000190734864,0.45599998474121095,0.789000015258789,980.5,25.0,0.0,0.0,0.980999984741211,1,46.5,6.6,1200.0,1.5,3.5,12,9.8100004196167,98.0999984741211,11.984000244140624,0.0,1200.0,True,True,True,True,True,True,True,True,True,True,True,True,True,True,True,True,False,False,False,False,False,False,False
118682,STATE_PREFLIGHT,12.4,0.05,0.1,0.45,0.0,0.0,0.09810000419616699,0.0010000000149011613,0.0020000000298023225,0.0030000001192092896,0.12300000190734864,0.45599998474121095,0.789000015258789,980.5,25.0,0.0,0.0,0.980999984741211,1,46.5,6.6,1200.0,1.5,3.5,12,9.8100004196167,98.0999984741211,11.984000244140624,0.0,1200.0,True,True,True,True,True,True,True,True,True,True,True,True,True,True,True,True,False,False,False,False,False,False,False
119188,STATE_PREFLIGHT,12.4,0.05,0.1,0.45,0.0,0.0,0.09810000419616699,0.0010000000149011613,0.0020000000298023225,0.0030000001192092896,0.12300000190734864,0.45599998474121095,0.789000015258789,980.5,25.0,0.0,0.0,0.980999984741211,1,46.5,6.6,1200.0,1.5,3.5,12,9.8100004196167,98.0999984741211,11.984000244140624,0.0,1200.0,True,True,True,True,True,True,True,True,True,True,True,True,True,True,True,True,False,False,False,False,False,False,False
119695,STATE_PREFLIGHT,12.4,0.05,0.1,0.45,0.0,0.0,0.09810000419616699,0.0010000000149011613,0.0020000000298023225,0.0030000001192092896,0.12300000190734864,0.45599998474121095,0.789000015258789,980.5,25.0,0.0,0.0,0.980999984741211,1,46.5,6.6,1200.0,1.5,3.5,12,9.8100004196167,98.0999984741211,11.984000244140624,0.0,1200.0,True,True,True,True,True,True,True,True,True,True,True,True,True,True,True,True,False,False,False,False,False,False,False
120204,STATE_PREFLIGHT,12.4,0.05,0.1,0.45,0.0,0.0,0.09810000419616699,0.0010000000149011613,0.0020000000298023225,0.0030000001192092896,0.12300000190734864,0.45599998474121095,0.789000015258789,980.5,25.0,0.0,0.0,0.980999984741211,1,46.5,6.6,1200.0,1.5,3.5,12,9.8100004196167,98.0999984741211,11.984000244140624,0.0,1200.0,True,True,True,True,True,True,True,True,True,True,True,True,True,True,True,True,False,False,False,False,False,False,False
120712,STATE_PREFLIGHT,12.4,0.05,0.1,0.45,0.0,0.0,0.09810000419616699,0.0010000000149011613,0.0020000000298023225,0.0030000001192092896,0.12300000190734864,0.45599998474121095,0.789000015258789,980.5,25.0,0.0,0.0,0.980999984741211,1,46.5,6.6,1200.0,1.5,3.5,12,9.8100004196167,98.0999984741211,11.984000244140624,0.0,1200.0,True,True,True,True,True,True,True,True,True,True,True,True,True,True,True,True,False,False,False,False,False,False,False
121221,STATE_PREFLIGHT,12.4,0.05,0.1,0.45,0.0,0.0,0.09810000419616699,0.0010000000149011613,0.0020000000298023225,0.0030000001192092896,0.12300000190734864,0.45599998474121095,0.789000015258789,980.5,25.0,0.0,0.0,0.980999984741211,1,46.5,6.6,1200.0,1.5,3.5,12,9.8100004196167,98.0999984741211,11.984000244140624,0.0,1200.0,True,True,True,True,True,True,True,True,True,True,True,True,True,True,True,True,False,False,False,False,False,False,False
121732,STATE_PREFLIGHT,12.4,0.05,0.1,0.45,0.0,0.0,0.09810000419616699,0.0010000000149011613,0.0020000000298023225,0.0030000001192092896,0.12300000190734864,0.45599998474121095,0.789000015258789,980.5,25.0,0.0,0.0,0.980999984741211,1,46.5,6.6,1200.0,1.5,3.5,12,9.8100004196167,98.0999984741211,11.984000244140624,0.0,1200.0,True,True,True,True,True,True,True,True,True,True,True,True,True,True,True,True,False,False,False,False,False,False,False
122243,STATE_PREFLIGHT,12.4,0.05,0.1,0.45,0.0,0.0,0.09810000419616699,0.0010000000149011613,0.0020000000298023225,0.0030000001192092896,0.12300000190734864,0.45599998474121095,0.789000015258789,980.5,25.0,0.0,0.0,0.980999984741211,1,46.5,6.6,1200.0,1.5,3.5,12,9.8100004196167,98.0999984741211,11.984000244140624,0.0,1200.0,True,True,True,True,True,True,True,True,True,True,True,True,True,True,True,True,False,False,False,False,False,False,False
122748,STATE_PREFLIGHT,12.4,0.05,0.1,0.45,0.0,0.0,0.09810000419616699,0.0010000000149011613,0.0020000000298023225,0.0030000001192092896,0.12300000190734864,0.45599998474121095,0.789000015258789,980.5,25.0,0.0,0.0,0.980999984741211,1,46.5,6.6,1200.0,1.5,3.5,12,9.8100004196167,98.0999984741211,11.984000244140624,0.0,1200.0,True,True,True,True,True,True,True,True,True,True,True,True,True,True,True,True,False,False,False,False,False,False,False
123259,STATE_PREFLIGHT,12.4,0.05,0.1,0.45,0.0,0.0,0.09810000419616699,0.0010000000149011613,0.0020000000298023225,0.0030000001192092896,0.12300000190734864,0.45599998474121095,0.789000015258789,980.5,25.0,0.0,0.0,0.980999984741211,1,46.5,6.6,1200.0,1.5,3.5,12,9.8100004196167,98.0999984741211,11.984000244140624,0.0,1200.0,True,True,True,True,True,True,True,True,True,True,True,True,True,True,True,True,False,False,False,False,False,False,False
123763,STATE_PREFLIGHT,12.4,0.05,0.1,0.45,0.0,0.0,0.09810000419616699,0.0010000000149011613,0.0020000000298023225,0.0030000001192092896,0.12300000190734864,0.45599998474121095,0.789000015258789,980.5,25.0,0.0,0.0,0.980999984741211,1,46.5,6.6,1200.0,1.5,3.5,12,9.8100004196167,98.0999984741211,11.984000244140624,0.0,1200.0,True,True,True,True,True,True,True,True,True,True,True,True,True,True,True,True,False,False,False,False,False,False,False
124269,STATE_PREFLIGHT,12.4,0.05,0.1,0.45,0.0,0.0,0.09810000419616699,0.0010000000149011613,0.0020000000298023225,0.0030000001192092896,0.12300000190734864,0.45599998474121095,0.789000015258789,980.5,25.0,0.0,0.0,0.980999984741211,1,46.5,6.6,1200.0,1.5,3.5,12,9.8100004196167,98.0999984741211,11.984000244140624,0.0,1200.0,True,True,True,True,True,True,True,True,True,True,True,True,True,True,True,True,False,False,False,False,False,False,False
124780,STATE_PREFLIGHT,12.4,0.05,0.1,0.45,0.0,0.0,0.09810000419616699,0.0010000000149011613,0.0020000000298023225,0.0030000001192092896,0.12300000190734864,0.45599998474121095,0.789000015258789,980.5,25.0,0.0,0.0,0.980999984741211,1,46.5,6.6,1200.0,1.5,3.5,12,9.8100004196167,98.0999984741211,11.984000244140624,0.0,1200.0,True,True,True,True,True,True,True,True,True,True,True,True,True,True,True,True,False,False,False,False,False,False,False
125292,STATE_PREFLIGHT,12.4,0.05,0.1,0.45,0.0,0.0,0.09810000419616699,0.0010000000149011613,0.0020000000298023225,0.0030000001192092896,0.12300000190734864,0.45599998474121095,0.789000015258789,980.5,25.0,0.0,0.0,0.980999984741211,1,46.5,6.6,1200.0,1.5,3.5,12,9.8100004196167,98.0999984741211,11.984000244140624,0.0,1200.0,True,True,True,True,True,True,True,True,True,True,True,True,True,True,True,True,False,False,False,False,False,False,False
125801,STATE_PREFLIGHT,12.4,0.05,0.1,0.45,0.0,0.0,0.09810000419616699,0.0010000000149011613,0.0020000000298023225,0.0030000001192092896,0.12300000190734864,0.45599998474121095,0.789000015258789,980.5,25.0,0.0,0.0,0.980999984741211,1,46.5,6.6,1200.0,1.5,3.5,12,9.8100004196167,98.0999984741211,11.984000244140624,0.0,1200.0,True,True,True,True,True,True,True,True,True,True,True,True,True,True,True,True,False,False,False,False,False,False,False
126307,STATE_PREFLIGHT,12.4,0.05,0.1,0.45,0.0,0.0,0.09810000419616699,0.0010000000149011613,0.0020000000298023225,0.0030000001192092896,0.12300000190734864,0.45599998474121095,0.789000015258789,980.5,25.0,0.0,0.0,0.980999984741211,1,46.5,6.6,1200.0,1.5,3.5,12,9.8100004196167,98.0999984741211,11.984000244140624,0.0,1200.0,True,True,True,True,True,True,True,True,True,True,True,True,True,True,True,True,False,False,False,False,False,False,False
126818,STATE_PREFLIGHT,12.4,0.05,0.1,0.45,0.0,0.0,0.09810000419616699,0.0010000000149011613,0.0020000000298023225,0.0030000001192092896,0.12300000190734864,0.45599998474121095,0.789000015258789,980.5,25.0,0.0,0.0,0.980999984741211,1,46.5,6.6,1200.0,1.5,3.5,12,9.8100004196167,98.0999984741211,11.984000244140624,0.0,1200.0,True,True,True,True,True,True,True,True,True,True,True,True,True,True,True,True,False,False,False,False,False,False,False
127325,STATE_PREFLIGHT,12.4,0.05,0.1,0.45,0.0,0.0,0.09810000419616699,0.0010000000149011613,0.0020000000298023225,0.0030000001192092896,0.12300000190734864,0.45599998474121095,0.789000015258789,980.5,25.0,0.0,0.0,0.980999984741211,1,46.5,6.6,1200.0,1.5,3.5,12,9.8100004196167,98.0999984741211,11.984000244140624,0.0,1200.0,True,True,True,True,True,True,True,True,True,True,True,True,True,True,True,True,False,False,False,False,False,False,False
127834,STATE_PREFLIGHT,12.4,0.05,0.1,0.45,0.0,0.0,0.09810000419616699,0.0010000000149011613,0.0020000000298023225,0.0030000001192092896,0.12300000190734864,0.45599998474121095,0.789000015258789,980.5,25.0,0.0,0.0,0.980999984741211,1,46.5,6.6,1200.0,1.5,3.5,12,9.8100004196167,98.0999984741211,11.984000244140624,0.0,1200.0,True,True,True,True,True,True,True,True,True,True,True,True,True,True,True,True,False,False,False,False,False,False,False
128341,STATE_PREFLIGHT,12.4,0.05,0.1,0.45,0.0,0.0,0.09810000419616699,0.0010000000149011613,0.0020000000298023225,0.0030000001192092896,0.12300000190734864,0.45599998474121095,0.789000015258789,980.5,25.0,0.0,0.0,0.980999984741211,1,46.5,6.6,1200.0,1.5,3.5,12,9.8100004196167,98.0999984741211,11.984000244140624,0.0,1200.0,True,True,True,True,True,True,True,True,True,True,True,True,True,True,True,True,False,False,False,False,False,False,False
128847,STATE_PREFLIGHT,12.4,0.05,0.1,0.45,0.0,0.0,0.09810000419616699,0.0010000000149011613,0.0020000000298023225,0.0030000001192092896,0.12300000190734864,0.45599998474121095,0.789000015258789,980.5,25.0,0.0,0.0,0.980999984741211,1,46.5,6.6,1200.0,1.5,3.5,12,9.8100004196167,98.0999984741211,11.984000244140624,0.0,1200.0,True,True,True,True,True,True,True,True,True,True,True,True,True,True,True,True,False,False,False,False,False,False,False
129358,STATE_PREFLIGHT,12.4,0.05,0.1,0.45,0.0,0.0,0.09810000419616699,0.0010000000149011613,0.0020000000298023225,0.0030000001192092896,0.12300000190734864,0.45599998474121095,0.789000015258789,980.5,25.0,0.0,0.0,0.980999984741211,1,46.5,6.6,1200.0,1.5,3.5,12,9.8100004196167,98.0999984741211,11.984000244140624,0.0,1200.0,True,True,True,True,True,True,True,True,True,True,True,True,True,True,True,True,False,False,False,False,False,False,False
129869,STATE_PREFLIGHT,12.4,0.05,0.1,0.45,0.0,0.0,0.09810000419616699,0.0010000000149011613,0.0020000000298023225,0.0030000001192092896,0.12300000190734864,0.45599998474121095,0.789000015258789,980.5,25.0,0.0,0.0,0.980999984741211,1,46.5,6.6,1200.0,1.5,3.5,12,9.8100004196167,98.0999984741211,11.984000244140624,0.0,1200.0,True,True,True,True,True,True,True,True,True,True,True,True,True,True,True,True,False,False,False,False,False,False,False
130376,STATE_PREFLIGHT,12.4,0.05,0.1,0.45,0.0,0.0,0.09810000419616699,0.0010000000149011613,0.0020000000298023225,0.0030000001192092896,0.12300000190734864,0.45599998474121095,0.789000015258789,980.5,25.0,0.0,0.0,0.980999984741211,1,46.5,6.6,1200.0,1.5,3.5,12,9.8100004196167,98.0999984741211,11.984000244140624,0.0,1200.0,True,True,True,True,True,True,True,True,True,True,True,True,True,True,True,True,False,False,False,False,False,False,False
130886,STATE_PREFLIGHT,12.4,0.05,0.1,0.45,0.0,0.0,0.09810000419616699,0.0010000000149011613,0.0020000000298023225,0.0030000001192092896,0.12300000190734864,0.45599998474121095,0.789000015258789,980.5,25.0,0.0,0.0,0.980999984741211,1,46.5,6.6,1200.0,1.5,3.5,12,9.8100004196167,98.0999984741211,11.984000244140624,0.0,1200.0,True,True,True,True,True,True,True,True,True,True,True,True,True,True,True,True,False,False,False,False,False,False,False
131397,STATE_PREFLIGHT,12.4,0.05,0.1,0.45,0.0,0.0,0.09810000419616699,0.0010000000149011613,0.0020000000298023225,0.0030000001192092896,0.12300000190734864,0.45599998474121095,0.789000015258789,980.5,25.0,0.0,0.0,0.980999984741211,1,46.5,6.6,1200.0,1.5,3.5,12,9.8100004196167,98.0999984741211,11.984000244140624,0.0,1200.0,True,True,True,True,True,True,True,True,True,True,True,True,True,True,True,True,False,False,False,False,False,False,False
131903,STATE_PREFLIGHT,12.4,0.05,0.1,0.45,0.0,0.0,0.09810000419616699,0.0010000000149011613,0.0020000000298023225,0.0030000001192092896,0.12300000190734864,0.45599998474121095,0.789000015258789,980.5,25.0,0.0,0.0,0.980999984741211,1,46.5,6.6,1200.0,1.5,3.5,12,9.8100004196167,98.0999984741211,11.984000244140624,0.0,1200.0,True,True,True,True,True,True,True,True,True,True,True,True,True,True,True,True,False,False,False,False,False,False,False
132413,STATE_PREFLIGHT,12.4,0.05,0.1,0.45,0.0,0.0,0.09810000419616699,0.0010000000149011613,0.0020000000298023225,0.0030000001192092896,0.12300000190734864,0.45599998474121095,0.789000015258789,980.5,25.0,0.0,0.0,0.980999984741211,1,46.5,6.6,1200.0,1.5,3.5,12,9.8100004196167,98.0999984741211,11.984000244140624,0.0,1200.0,True,True,True,True,True,True,True,True,True,True,True,True,True,True,True,True,False,False,False,False,False,False,False
132920,STATE_PREFLIGHT,12.4,0.05,0.1,0.45,0.0,0.0,0.09810000419616699,0.0010000000149011613,0.0020000000298023225,0.0030000001192092896,0.12300000190734864,0.45599998474121095,0.789000015258789,980.5,25.0,0.0,0.0,0.980999984741211,1,46.5,6.6,1200.0,1.5,3.5,12,9.8100004196167,98.0999984741211,11.984000244140624,0.0,1200.0,True,True,True,True,True,True,True,True,True,True,True,True,True,True,True,True,False,False,False,False,False,False,False
133429,STATE_PREFLIGHT,12.4,0.05,0.1,0.45,0.0,0.0,0.09810000419616699,0.0010000000149011613,0.0020000000298023225,0.0030000001192092896,0.12300000190734864,0.45599998474121095,0.789000015258789,980.5,25.0,0.0,0.0,0.980999984741211,1,46.5,6.6,1200.0,1.5,3.5,12,9.8100004196167,98.0999984741211,11.984000244140624,0.0,1200.0,True,True,True,True,True,True,True,True,True,True,True,True,True,True,True,True,False,False,False,False,False,False,False
133940,STATE_PREFLIGHT,12.4,0.05,0.1,0.45,0.0,0.0,0.09810000419616699,0.0010000000149011613,0.0020000000298023225,0.0030000001192092896,0.12300000190734864,0.45599998474121095,0.789000015258789,980.5,25.0,0.0,0.0,0.980999984741211,1,46.5,6.6,1200.0,1.5,3.5,12,9.8100004196167,98.0999984741211,11.984000244140624,0.0,1200.0,True,True,True,True,True,True,True,True,True,True,True,True,True,True,True,True,False,False,False,False,False,False,False
134448,STATE_PREFLIGHT,12.4,0.05,0.1,0.45,0.0,0.0,0.09810000419616699,0.0010000000149011613,0.0020000000298023225,0.0030000001192092896,0.12300000190734864,0.45599998474121095,0.789000015258789,980.5,25.0,0.0,0.0,0.980999984741211,1,46.5,6.6,1200.0,1.5,3.5,12,9.8100004196167,98.0999984741211,11.984000244140624,0.0,1200.0,True,True,True,True,True,True,True,True,True,True,True,True,True,True,True,True,False,False,False,False,False,False,False
134957,STATE_PREFLIGHT,12.4,0.05,0.1,0.45,0.0,0.0,0.09810000419616699,0.0010000000149011613,0.0020000000298023225,0.0030000001192092896,0.12300000190734864,0.45599998474121095,0.789000015258789,980.5,25.0,0.0,0.0,0.980999984741211,1,46.5,6.6,1200.0,1.5,3.5,12,9.8100004196167,98.0999984741211,11.984000244140624,0.0,1200.0,True,True,True,True,True,True,True,True,True,True,True,True,True,True,True,True,False,False,False,False,False,False,False
135468,STATE_PREFLIGHT,12.4,0.05,0.1,0.45,0.0,0.0,0.09810000419616699,0.0010000000149011613,0.0020000000298023225,0.0030000001192092896,0.12300000190734864,0.45599998474121095,0.789000015258789,980.5,25.0,0.0,0.0,0.980999984741211,1,46.5,6.6,1200.0,1.5,3.5,12,9.8100004196167,98.0999984741211,11.984000244140624,0.0,1200.0,True,True,True,True,True,True,True,True,True,True,True,True,True,True,True,True,False,False,False,False,False,False,False
135975,STATE_PREFLIGHT,12.4,0.05,0.1,0.45,0.0,0.0,0.09810000419616699,0.0010000000149011613,0.0020000000298023225,0.0030000001192092896,0.12300000190734864,0.45599998474121095,0.789000015258789,980.5,25.0,0.0,0.0,0.980999984741211,1,46.5,6.6,1200.0,1.5,3.5,12,9.8100004196167,98.0999984741211,11.984000244140624,0.0,1200.0,True,True,True,True,True,True,True,True,True,True,True,True,True,True,True,True,False,False,False,False,False,False,False
136486,STATE_PREFLIGHT,12.4,0.05,0.1,0.45,0.0,0.0,0.09810000419616699,0.0010000000149011613,0.0020000000298023225,0.0030000001192092896,0.12300000190734864,0.45599998474121095,0.789000015258789,980.5,25.0,0.0,0.0,0.980999984741211,1,46.5,6.6,1200.0,1.5,3.5,12,9.8100004196167,98.0999984741211,11.984000244140624,0.0,1200.0,True,True,True,True,True,True,True,True,True,True,True,True,True,True,True,True,False,False,False,False,False,False,False
136997,STATE_PREFLIGHT,12.4,0.05,0.1,0.45,0.0,0.0,0.09810000419616699,0.0010000000149011613,0.0020000000298023225,0.0030000001192092896,0.12300000190734864,0.45599998474121095,0.789000015258789,980.5,25.0,0.0,0.0,0.980999984741211,1,46.5,6.6,1200.0,1.5,3.5,12,9.8100004196167,98.0999984741211,11.984000244140624,0.0,1200.0,True,True,True,True,True,True,True,True,True,True,True,True,True,True,True,True,False,False,False,False,False,False,False
137509,STATE_PREFLIGHT,12.4,0.05,0.1,0.45,0.0,0.0,0.09810000419616699,0.0010000000149011613,0.0020000000298023225,0.0030000001192092896,0.12300000190734864,0.45599998474121095,0.789000015258789,980.5,25.0,0.0,0.0,0.980999984741211,1,46.5,6.6,1200.0,1.5,3.5,12,9.8100004196167,98.0999984741211,11.984000244140624,0.0,1200.0,True,True,True,True,True,True,True,True,True,True,True,True,True,True,True,True,False,False,False,False,False,False,False
138012,STATE_PREFLIGHT,12.4,0.05,0.1,0.45,0.0,0.0,0.09810000419616699,0.0010000000149011613,0.0020000000298023225,0.0030000001192092896,0.12300000190734864,0.45599998474121095,0.789000015258789,980.5,25.0,0.0,0.0,0.980999984741211,1,46.5,6.6,1200.0,1.5,3.5,12,9.8100004196167,98.0999984741211,11.984000244140624,0.0,1200.0,True,True,True,True,True,True,True,True,True,True,True,True,True,True,True,True,False,False,False,False,False,False,False
138520,STATE_PREFLIGHT,12.4,0.05,0.1,0.45,0.0,0.0,0.09810000419616699,0.0010000000149011613,0.0020000000298023225,0.0030000001192092896,0.12300000190734864,0.45599998474121095,0.789000015258789,980.5,25.0,0.0,0.0,0.980999984741211,1,46.5,6.6,1200.0,1.5,3.5,12,9.8100004196167,98.0999984741211,11.984000244140624,0.0,1200.0,True,True,True,True,True,True,True,True,True,True,True,True,True,True,True,True,False,False,False,False,False,False,False
139024,STATE_PREFLIGHT,12.4,0.05,0.1,0.45,0.0,0.0,0.09810000419616699,0.0010000000149011613,0.0020000000298023225,0.0030000001192092896,0.12300000190734864,0.45599998474121095,0.789000015258789,980.5,25.0,0.0,0.0,0.980999984741211,1,46.5,6.6,1200.0,1.5,3.5,12,9.8100004196167,98.0999984741211,11.984000244140624,0.0,1200.0,True,True,True,True,True,True,True,True,True,True,True,True,True,True,True,True,False,False,False,False,False,False,False
139527,STATE_PREFLIGHT,12.4,0.05,0.1,0.45,0.0,0.0,0.09810000419616699,0.0010000000149011613,0.0020000000298023225,0.0030000001192092896,0.12300000190734864,0.45599998474121095,0.789000015258789,980.5,25.0,0.0,0.0,0.980999984741211,1,46.5,6.6,1200.0,1.5,3.5,12,9.8100004196167,98.0999984741211,11.984000244140624,0.0,1200.0,True,True,True,True,True,True,True,True,True,True,True,True,True,True,True,True,False,False,False,False,False,False,False
140035,STATE_PREFLIGHT,12.4,0.05,0.1,0.45,0.0,0.0,0.09810000419616699,0.0010000000149011613,0.0020000000298023225,0.0030000001192092896,0.12300000190734864,0.45599998474121095,0.789000015258789,980.5,25.0,0.0,0.0,0.980999984741211,1,46.5,6.6,1200.0,1.5,3.5,12,9.8100004196167,98.0999984741211,11.984000244140624,0.0,1200.0,True,True,True,True,True,True,True,True,True,True,True,True,True,True,True,True,False,False,False,False,False,False,False
140544,STATE_PREFLIGHT,12.4,0.05,0.1,0.45,0.0,0.0,0.09810000419616699,0.0010000000149011613,0.0020000000298023225,0.0030000001192092896,0.12300000190734864,0.45599998474121095,0.789000015258789,980.5,25.0,0.0,0.0,0.980999984741211,1,46.5,6.6,1200.0,1.5,3.5,12,9.8100004196167,98.0999984741211,11.984000244140624,0.0,1200.0,True,True,True,True,True,True,True,True,True,True,True,True,True,True,True,True,False,False,False,False,False,False,False
141054,STATE_PREFLIGHT,12.4,0.05,0.1,0.45,0.0,0.0,0.09810000419616699,0.0010000000149011613,0.0020000000298023225,0.0030000001192092896,0.12300000190734864,0.45599998474121095,0.789000015258789,980.5,25.0,0.0,0.0,0.980999984741211,1,46.5,6.6,1200.0,1.5,3.5,12,9.8100004196167,98.0999984741211,11.984000244140624,0.0,1200.0,True,True,True,True,True,True,True,True,True,True,True,True,True,True,True,True,False,False,False,False,False,False,False
141565,STATE_PREFLIGHT,12.4,0.05,0.1,0.45,0.0,0.0,0.09810000419616699,0.0010000000149011613,0.0020000000298023225,0.0030000001192092896,0.12300000190734864,0.45599998474121095,0.789000015258789,980.5,25.0,0.0,0.0,0.980999984741211,1,46.5,6.6,1200.0,1.5,3.5,12,9.8100004196167,98.0999984741211,11.984000244140624,0.0,1200.0,True,True,True,True,True,True,True,True,True,True,True,True,True,True,True,True,False,False,False,False,False,False,False
142071,STATE_PREFLIGHT,12.4,0.05,0.1,0.45,0.0,0.0,0.09810000419616699,0.0010000000149011613,0.0020000000298023225,0.0030000001192092896,0.12300000190734864,0.45599998474121095,0.789000015258789,980.5,25.0,0.0,0.0,0.980999984741211,1,46.5,6.6,1200.0,1.5,3.5,12,9.8100004196167,98.0999984741211,11.984000244140624,0.0,1200.0,True,True,True,True,True,True,True,True,True,True,True,True,True,True,True,True,False,False,False,False,False,False,False
142578,STATE_PREFLIGHT,12.4,0.05,0.1,0.45,0.0,0.0,0.09810000419616699,0.0010000000149011613,0.0020000000298023225,0.0030000001192092896,0.12300000190734864,0.45599998474121095,0.789000015258789,980.5,25.0,0.0,0.0,0.980999984741211,1,46.5,6.6,1200.0,1.5,3.5,12,9.8100004196167,98.0999984741211,11.984000244140624,0.0,1200.0,True,True,True,True,True,True,True,True,True,True,True,True,True,True,True,True,False,False,False,False,False,False,False
143089,STATE_PREFLIGHT,12.4,0.05,0.1,0.45,0.0,0.0,0.09810000419616699,0.0010000000149011613,0.0020000000298023225,0.0030000001192092896,0.12300000190734864,0.45599998474121095,0.789000015258789,980.5,25.0,0.0,0.0,0.980999984741211,1,46.5,6.6,1200.0,1.5,3.5,12,9.8100004196167,98.0999984741211,11.984000244140624,0.0,1200.0,True,True,True,True,True,True,True,True,True,True,True,True,True,True,True,True,False,False,False,False,False,False,False
143600,STATE_PREFLIGHT,12.4,0.05,0.1,0.45,0.0,0.0,0.09810000419616699,0.0010000000149011613,0.0020000000298023225,0.0030000001192092896,0.12300000190734864,0.45599998474121095,0.789000015258789,980.5,25.0,0.0,0.0,0.980999984741211,1,46.5,6.6,1200.0,1.5,3.5,12,9.8100004196167,98.0999984741211,11.984000244140624,0.0,1200.0,True,True,True,True,True,True,True,True,True,True,True,True,True,True,True,True,False,False,False,False,False,False,False
144111,STATE_PREFLIGHT,12.4,0.05,0.1,0.45,0.0,0.0,0.09810000419616699,0.0010000000149011613,0.0020000000298023225,0.0030000001192092896,0.12300000190734864,0.45599998474121095,0.789000015258789,980.5,25.0,0.0,0.0,0.980999984741211,1,46.5,6.6,1200.0,1.5,3.5,12,9.8100004196167,98.0999984741211,11.984000244140624,0.0,1200.0,True,True,True,True,True,True,True,True,True,True,True,True,True,True,True,True,False,False,False,False,False,False,False
144622,STATE_PREFLIGHT,12.4,0.05,0.1,0.45,0.0,0.0,0.09810000419616699,0.0010000000149011613,0.0020000000298023225,0.0030000001192092896,0.12300000190734864,0.45599998474121095,0.789000015258789,980.5,25.0,0.0,0.0,0.980999984741211,1,46.5,6.6,1200.0,1.5,3.5,12,9.8100004196167,98.0999984741211,11.984000244140624,0.0,1200.0,True,True,True,True,True,True,True,True,True,True,True,True,True,True,True,True,False,False,False,False,False,False,False
145131,STATE_PREFLIGHT,12.4,0.05,0.1,0.45,0.0,0.0,0.09810000419616699,0.0010000000149011613,0.0020000000298023225,0.0030000001192092896,0.12300000190734864,0.45599998474121095,0.789000015258789,980.5,25.0,0.0,0.0,0.980999984741211,1,46.5,6.6,1200.0,1.5,3.5,12,9.8100004196167,98.0999984741211,11.984000244140624,0.0,1200.0,True,True,True,True,True,True,True,True,True,True,True,True,True,True,True,True,False,False,False,False,False,False,False
145636,STATE_PREFLIGHT,12.4,0.05,0.1,0.45,0.0,0.0,0.09810000419616699,0.0010000000149011613,0.0020000000298023225,0.0030000001192092896,0.12300000190734864,0.45599998474121095,0.789000015258789,980.5,25.0,0.0,0.0,0.980999984741211,1,46.5,6.6,1200.0,1.5,3.5,12,9.8100004196167,98.0999984741211,11.984000244140624,0.0,1200.0,True,True,True,True,True,True,True,True,True,True,True,True,True,True,True,True,False,False,False,False,False,False,False
146147,STATE_PREFLIGHT,12.4,0.05,0.1,0.45,0.0,0.0,0.09810000419616699,0.0010000000149011613,0.0020000000298023225,0.0030000001192092896,0.12300000190734864,0.45599998474121095,0.789000015258789,980.5,25.0,0.0,0.0,0.980999984741211,1,46.5,6.6,1200.0,1.5,3.5,12,9.8100004196167,98.0999984741211,11.984000244140624,0.0,1200.0,True,True,True,True,True,True,True,True,True,True,True,True,True,True,True,True,False,False,False,False,False,False,False
146656,STATE_PREFLIGHT,12.4,0.05,0.1,0.45,0.0,0.0,0.09810000419616699,0.0010000000149011613,0.0020000000298023225,0.0030000001192092896,0.12300000190734864,0.45599998474121095,0.789000015258789,980.5,25.0,0.0,0.0,0.980999984741211,1,46.5,6.6,1200.0,1.5,3.5,12,9.8100004196167,98.0999984741211,11.984000244140624,0.0,1200.0,True,True,True,True,True,True,True,True,True,True,True,True,True,True,True,True,False,False,False,False,False,False,False
147166,STATE_PREFLIGHT,12.4,0.05,0.1,0.45,0.0,0.0,0.09810000419616699,0.0010000000149011613,0.0020000000298023225,0.0030000001192092896,0.12300000190734864,0.45599998474121095,0.789000015258789,980.5,25.0,0.0,0.0,0.980999984741211,1,46.5,6.6,1200.0,1.5,3.5,12,9.8100004196167,98.0999984741211,11.984000244140624,0.0,1200.0,True,True,True,True,True,True,True,True,True,True,True,True,True,True,True,True,False,False,False,False,False,False,False
147677,STATE_PREFLIGHT,12.4,0.05,0.1,0.45,0.0,0.0,0.09810000419616699,0.0010000000149011613,0.0020000000298023225,0.0030000001192092896,0.12300000190734864,0.45599998474121095,0.789000015258789,980.5,25.0,0.0,0.0,0.980999984741211,1,46.5,6.6,1200.0,1.5,3.5,12,9.8100004196167,98.0999984741211,11.984000244140624,0.0,1200.0,True,True,True,True,True,True,True,True,True,True,True,True,True,True,True,True,False,False,False,False,False,False,False
148184,STATE_PREFLIGHT,12.4,0.05,0.1,0.45,0.0,0.0,0.09810000419616699,0.0010000000149011613,0.0020000000298023225,0.0030000001192092896,0.12300000190734864,0.45599998474121095,0.789000015258789,980.5,25.0,0.0,0.0,0.980999984741211,1,46.5,6.6,1200.0,1.5,3.5,12,9.8100004196167,98.0999984741211,11.984000244140624,0.0,1200.0,True,True,True,True,True,True,True,True,True,True,True,True,True,True,True,True,False,False,False,False,False,False,False
148690,STATE_PREFLIGHT,12.4,0.05,0.1,0.45,0.0,0.0,0.09810000419616699,0.0010000000149011613,0.0020000000298023225,0.0030000001192092896,0.12300000190734864,0.45599998474121095,0.789000015258789,980.5,25.0,0.0,0.0,0.980999984741211,1,46.5,6.6,1200.0,1.5,3.5,12,9.8100004196167,98.0999984741211,11.984000244140624,0.0,1200.0,True,True,True,True,True,True,True,True,True,True,True,True,True,True,True,True,False,False,False,False,False,False,False
149198,STATE_PREFLIGHT,12.4,0.05,0.1,0.45,0.0,0.0,0.09810000419616699,0.0010000000149011613,0.0020000000298023225,0.0030000001192092896,0.12300000190734864,0.45599998474121095,0.789000015258789,980.5,25.0,0.0,0.0,0.980999984741211,1,46.5,6.6,1200.0,1.5,3.5,12,9.8100004196167,98.0999984741211,11.984000244140624,0.0,1200.0,True,True,True,True,True,True,True,True,True,True,True,True,True,True,True,True,False,False,False,False,False,False,False
149705,STATE_PREFLIGHT,12.4,0.05,0.1,0.45,0.0,0.0,0.09810000419616699,0.0010000000149011613,0.0020000000298023225,0.0030000001192092896,0.12300000190734864,0.45599998474121095,0.789000015258789,980.5,25.0,0.0,0.0,0.980999984741211,1,46.5,6.6,1200.0,1.5,3.5,12,9.8100004196167,98.0999984741211,11.984000244140624,0.0,1200.0,True,True,True,True,True,True,True,True,True,True,True,True,True,True,True,True,False,False,False,False,False,False,False
150211,STATE_PREFLIGHT,12.4,0.05,0.1,0.45,0.0,0.0,0.09810000419616699,0.0010000000149011613,0.0020000000298023225,0.0030000001192092896,0.12300000190734864,0.45599998474121095,0.789000015258789,980.5,25.0,0.0,0.0,0.980999984741211,1,46.5,6.6,1200.0,1.5,3.5,12,9.8100004196167,98.0999984741211,11.984000244140624,0.0,1200.0,True,True,True,True,True,True,True,True,True,True,True,True,True,True,True,True,False,False,False,False,False,False,False
150720,STATE_PREFLIGHT,12.4,0.05,0.1,0.45,0.0,0.0,0.09810000419616699,0.0010000000149011613,0.0020000000298023225,0.0030000001192092896,0.12300000190734864,0.45599998474121095,0.789000015258789,980.5,25.0,0.0,0.0,0.980999984741211,1,46.5,6.6,1200.0,1.5,3.5,12,9.8100004196167,98.0999984741211,11.984000244140624,0.0,1200.0,True,True,True,True,True,True,True,True,True,True,True,True,True,True,True,True,False,False,False,False,False,False,False
151230,STATE_PREFLIGHT,12.4,0.05,0.1,0.45,0.0,0.0,0.09810000419616699,0.0010000000149011613,0.0020000000298023225,0.0030000001192092896,0.12300000190734864,0.45599998474121095,0.789000015258789,980.5,25.0,0.0,0.0,0.980999984741211,1,46.5,6.6,1200.0,1.5,3.5,12,9.8100004196167,98.0999984741211,11.984000244140624,0.0,1200.0,True,True,True,True,True,True,True,True,True,True,True,True,True,True,True,True,False,False,False,False,False,False,False
151738,STATE_PREFLIGHT,12.4,0.05,0.1,0.45,0.0,0.0,0.09810000419616699,0.0010000000149011613,0.0020000000298023225,0.0030000001192092896,0.12300000190734864,0.45599998474121095,0.789000015258789,980.5,25.0,0.0,0.0,0.980999984741211,1,46.5,6.6,1200.0,1.5,3.5,12,9.8100004196167,98.0999984741211,11.984000244140624,0.0,1200.0,True,True,True,True,True,True,True,True,True,True,True,True,True,True,True,True,False,False,False,False,False,False,False
152248,STATE_PREFLIGHT,12.4,0.05,0.1,0.45,0.0,0.0,0.09810000419616699,0.0010000000149011613,0.0020000000298023225,0.0030000001192092896,0.12300000190734864,0.45599998474121095,0.789000015258789,980.5,25.0,0.0,0.0,0.980999984741211,1,46.5,6.6,1200.0,1.5,3.5,12,9.8100004196167,98.0999984741211,11.984000244140624,0.0,1200.0,True,True,True,True,True,True,True,True,True,True,True,True,True,True,True,True,False,False,False,False,False,False,False
152758,STATE_PREFLIGHT,12.4,0.05,0.1,0.45,0.0,0.0,0.09810000419616699,0.0010000000149011613,0.0020000000298023225,0.0030000001192092896,0.12300000190734864,0.45599998474121095,0.789000015258789,980.5,25.0,0.0,0.0,0.980999984741211,1,46.5,6.6,1200.0,1.5,3.5,12,9.8100004196167,98.0999984741211,11.984000244140624,0.0,1200.0,True,True,True,True,True,True,True,True,True,True,True,True,True,True,True,True,False,False,False,False,False,False,False
153269,STATE_PREFLIGHT,12.4,0.05,0.1,0.45,0.0,0.0,0.09810000419616699,0.0010000000149011613,0.0020000000298023225,0.0030000001192092896,0.12300000190734864,0.45599998474121095,0.789000015258789,980.5,25.0,0.0,0.0,0.980999984741211,1,46.5,6.6,1200.0,1.5,3.5,12,9.8100004196167,98.0999984741211,11.984000244140624,0.0,1200.0,True,True,True,True,True,True,True,True,True,True,True,True,True,True,True,True,False,False,False,False,False,False,False
153776,STATE_PREFLIGHT,12.4,0.05,0.1,0.45,0.0,0.0,0.09810000419616699,0.0010000000149011613,0.0020000000298023225,0.0030000001192092896,0.12300000190734864,0.45599998474121095,0.789000015258789,980.5,25.0,0.0,0.0,0.980999984741211,1,46.5,6.6,1200.0,1.5,3.5,12,9.8100004196167,98.0999984741211,11.984000244140624,0.0,1200.0,True,True,True,True,True,True,True,True,True,True,True,True,True,True,True,True,False,False,False,False,False,False,False
154282,STATE_PREFLIGHT,12.4,0.05,0.1,0.45,0.0,0.0,0.09810000419616699,0.0010000000149011613,0.0020000000298023225,0.0030000001192092896,0.12300000190734864,0.45599998474121095,0.789000015258789,980.5,25.0,0.0,0.0,0.980999984741211,1,46.5,6.6,1200.0,1.5,3.5,12,9.8100004196167,98.0999984741211,11.984000244140624,0.0,1200.0,True,True,True,True,True,True,True,True,True,True,True,True,True,True,True,True,False,False,False,False,False,False,False
154792,STATE_PREFLIGHT,12.4,0.05,0.1,0.45,0.0,0.0,0.09810000419616699,0.0010000000149011613,0.0020000000298023225,0.0030000001192092896,0.12300000190734864,0.45599998474121095,0.789000015258789,980.5,25.0,0.0,0.0,0.980999984741211,1,46.5,6.6,1200.0,1.5,3.5,12,9.8100004196167,98.0999984741211,11.984000244140624,0.0,1200.0,True,True,True,True,True,True,True,True,True,True,True,True,True,True,True,True,False,False,False,False,False,False,False
155303,STATE_PREFLIGHT,12.4,0.05,0.1,0.45,0.0,0.0,0.09810000419616699,0.0010000000149011613,0.0020000000298023225,0.0030000001192092896,0.12300000190734864,0.45599998474121095,0.789000015258789,980.5,25.0,0.0,0.0,0.980999984741211,1,46.5,6.6,1200.0,1.5,3.5,12,9.8100004196167,98.0999984741211,11.984000244140624,0.0,1200.0,True,True,True,True,True,True,True,True,True,True,True,True,True,True,True,True,False,False,False,False,False,False,False
155809,STATE_PREFLIGHT,12.4,0.05,0.1,0.45,0.0,0.0,0.09810000419616699,0.0010000000149011613,0.0020000000298023225,0.0030000001192092896,0.12300000190734864,0.45599998474121095,0.789000015258789,980.5,25.0,0.0,0.0,0.980999984741211,1,46.5,6.6,1200.0,1.5,3.5,12,9.8100004196167,98.0999984741211,11.984000244140624,0.0,1200.0,True,True,True,True,True,True,True,True,True,True,True,True,True,True,True,True,False,False,False,False,False,False,False
156320,STATE_PREFLIGHT,12.4,0.05,0.1,0.45,0.0,0.0,0.09810000419616699,0.0010000000149011613,0.0020000000298023225,0.0030000001192092896,0.12300000190734864,0.45599998474121095,0.789000015258789,980.5,25.0,0.0,0.0,0.980999984741211,1,46.5,6.6,1200.0,1.5,3.5,12,9.8100004196167,98.0999984741211,11.984000244140624,0.0,1200.0,True,True,True,True,True,True,True,True,True,True,True,True,True,True,True,True,False,False,False,False,False,False,False
156831,STATE_PREFLIGHT,12.4,0.05,0.1,0.45,0.0,0.0,0.09810000419616699,0.0010000000149011613,0.0020000000298023225,0.0030000001192092896,0.12300000190734864,0.45599998474121095,0.789000015258789,980.5,25.0,0.0,0.0,0.980999984741211,1,46.5,6.6,1200.0,1.5,3.5,12,9.8100004196167,98.0999984741211,11.984000244140624,0.0,1200.0,True,True,True,True,True,True,True,True,True,True,True,True,True,True,True,True,False,False,False,False,False,False,False
157336,STATE_PREFLIGHT,12.4,0.05,0.1,0.45,0.0,0.0,0.09810000419616699,0.0010000000149011613,0.0020000000298023225,0.0030000001192092896,0.12300000190734864,0.45599998474121095,0.789000015258789,980.5,25.0,0.0,0.0,0.980999984741211,1,46.5,6.6,1200.0,1.5,3.5,12,9.8100004196167,98.0999984741211,11.984000244140624,0.0,1200.0,True,True,True,True,True,True,True,True,True,True,True,True,True,True,True,True,False,False,False,False,False,False,False
157844,STATE_PREFLIGHT,12.4,0.05,0.1,0.45,0.0,0.0,0.09810000419616699,0.0010000000149011613,0.0020000000298023225,0.0030000001192092896,0.12300000190734864,0.45599998474121095,0.789000015258789,980.5,25.0,0.0,0.0,0.980999984741211,1,46.5,6.6,1200.0,1.5,3.5,12,9.8100004196167,98.0999984741211,11.984000244140624,0.0,1200.0,True,True,True,True,True,True,True,True,True,True,True,True,True,True,True,True,False,False,False,False,False,False,False
158352,STATE_PREFLIGHT,12.4,0.05,0.1,0.45,0.0,0.0,0.09810000419616699,0.0010000000149011613,0.0020000000298023225,0.0030000001192092896,0.12300000190734864,0.45599998474121095,0.789000015258789,980.5,25.0,0.0,0.0,0.980999984741211,1,46.5,6.6,1200.0,1.5,3.5,12,9.8100004196167,98.0999984741211,11.984000244140624,0.0,1200.0,True,True,True,True,True,True,True,True,True,True,True,True,True,True,True,True,False,False,False,False,False,False,False
158859,STATE_PREFLIGHT,12.4,0.05,0.1,0.45,0.0,0.0,0.09810000419616699,0.0010000000149011613,0.0020000000298023225,0.0030000001192092896,0.12300000190734864,0.45599998474121095,0.789000015258789,980.5,25.0,0.0,0.0,0.980999984741211,1,46.5,6.6,1200.0,1.5,3.5,12,9.8100004196167,98.0999984741211,11.984000244140624,0.0,1200.0,True,True,True,True,True,True,True,True,True,True,True,True,True,True,True,True,False,False,False,False,False,False,False
159369,STATE_PREFLIGHT,12.4,0.05,0.1,0.45,0.0,0.0,0.09810000419616699,0.0010000000149011613,0.0020000000298023225,0.0030000001192092896,0.12300000190734864,0.45599998474121095,0.789000015258789,980.5,25.0,0.0,0.0,0.980999984741211,1,46.5,6.6,1200.0,1.5,3.5,12,9.8100004196167,98.0999984741211,11.984000244140624,0.0,1200.0,True,True,True,True,True,True,True,True,True,True,True,True,True,True,True,True,False,False,False,False,False,False,False
159880,STATE_PREFLIGHT,12.4,0.05,0.1,0.45,0.0,0.0,0.09810000419616699,0.0010000000149011613,0.0020000000298023225,0.0030000001192092896,0.12300000190734864,0.45599998474121095,0.789000015258789,980.5,25.0,0.0,0.0,0.980999984741211,1,46.5,6.6,1200.0,1.5,3.5,12,9.8100004196167,98.0999984741211,11.984000244140624,0.0,1200.0,True,True,True,True,True,True,True,True,True,True,True,True,True,True,True,True,False,False,False,False,False,False,False
160388,STATE_PREFLIGHT,12.4,0.05,0.1,0.45,0.0,0.0,0.09810000419616699,0.0010000000149011613,0.0020000000298023225,0.0030000001192092896,0.12300000190734864,0.45599998474121095,0.789000015258789,980.5,25.0,0.0,0.0,0.980999984741211,1,46.5,6.6,1200.0,1.5,3.5,12,9.8100004196167,98.0999984741211,11.984000244140624,0.0,1200.0,True,True,True,True,True,True,True,True,True,True,True,True,True,True,True,True,False,False,False,False,False,False,False
160895,STATE_PREFLIGHT,12.4,0.05,0.1,0.45,0.0,0.0,0.09810000419616699,0.0010000000149011613,0.0020000000298023225,0.0030000001192092896,0.12300000190734864,0.45599998474121095,0.789000015258789,980.5,25.0,0.0,0.0,0.980999984741211,1,46.5,6.6,1200.0,1.5,3.5,12,9.8100004196167,98.0999984741211,11.984000244140624,0.0,1200.0,True,True,True,True,True,True,True,True,True,True,True,True,True,True,True,True,False,False,False,False,False,False,False
161402,STATE_PREFLIGHT,12.4,0.05,0.1,0.45,0.0,0.0,0.09810000419616699,0.0010000000149011613,0.0020000000298023225,0.0030000001192092896,0.12300000190734864,0.45599998474121095,0.789000015258789,980.5,25.0,0.0,0.0,0.980999984741211,1,46.5,6.6,1200.0,1.5,3.5,12,9.8100004196167,98.0999984741211,11.984000244140624,0.0,1200.0,True,True,True,True,True,True,True,True,True,True,True,True,True,True,True,True,False,False,False,False,False,False,False
161913,STATE_PREFLIGHT,12.4,0.05,0.1,0.45,0.0,0.0,0.09810000419616699,0.0010000000149011613,0.0020000000298023225,0.0030000001192092896,0.12300000190734864,0.45599998474121095,0.789000015258789,980.5,25.0,0.0,0.0,0.980999984741211,1,46.5,6.6,1200.0,1.5,3.5,12,9.8100004196167,98.0999984741211,11.984000244140624,0.0,1200.0,True,True,True,True,True,True,True,True,True,True,True,True,True,True,True,True,False,False,False,False,False,False,False
162423,STATE_PREFLIGHT,12.4,0.05,0.1,0.45,0.0,0.0,0.09810000419616699,0.0010000000149011613,0.0020000000298023225,0.0030000001192092896,0.12300000190734864,0.45599998474121095,0.789000015258789,980.5,25.0,0.0,0.0,0.980999984741211,1,46.5,6.6,1200.0,1.5,3.5,12,9.8100004196167,98.0999984741211,11.984000244140624,0.0,1200.0,True,True,True,True,True,True,True,True,True,True,True,True,True,True,True,True,False,False,False,False,False,False,False
162931,STATE_PREFLIGHT,12.4,0.05,0.1,0.45,0.0,0.0,0.09810000419616699,0.0010000000149011613,0.0020000000298023225,0.0030000001192092896,0.12300000190734864,0.45599998474121095,0.789000015258789,980.5,25.0,0.0,0.0,0.980999984741211,1,46.5,6.6,1200.0,1.5,3.5,12,9.8100004196167,98.0999984741211,11.984000244140624,0.0,1200.0,True,True,True,True,True,True,True,True,True,True,True,True,True,True,True,True,False,False,False,False,False,False,False
163442,STATE_PREFLIGHT,12.4,0.05,0.1,0.45,0.0,0.0,0.09810000419616699,0.0010000000149011613,0.0020000000298023225,0.0030000001192092896,0.12300000190734864,0.45599998474121095,0.789000015258789,980.5,25.0,0.0,0.0,0.980999984741211,1,46.5,6.6,1200.0,1.5,3.5,12,9.8100004196167,98.0999984741211,11.984000244140624,0.0,1200.0,True,True,True,True,True,True,True,True,True,True,True,True,True,True,True,True,False,False,False,False,False,False,False
163954,STATE_PREFLIGHT,12.4,0.05,0.1,0.45,0.0,0.0,0.09810000419616699,0.0010000000149011613,0.0020000000298023225,0.0030000001192092896,0.12300000190734864,0.45599998474121095,0.789000015258789,980.5,25.0,0.0,0.0,0.980999984741211,1,46.5,6.6,1200.0,1.5,3.5,12,9.8100004196167,98.0999984741211,11.984000244140624,0.0,1200.0,True,True,True,True,True,True,True,True,True,True,True,True,True,True,True,True,False,False,False,False,False,False,False
164464,STATE_PREFLIGHT,12.4,0.05,0.1,0.45,0.0,0.0,0.09810000419616699,0.0010000000149011613,0.0020000000298023225,0.0030000001192092896,0.12300000190734864,0.45599998474121095,0.789000015258789,980.5,25.0,0.0,0.0,0.980999984741211,1,46.5,6.6,1200.0,1.5,3.5,12,9.8100004196167,98.0999984741211,11.984000244140624,0.0,1200.0,True,True,True,True,True,True,True,True,True,True,True,True,True,True,True,True,False,False,False,False,False,False,False
164975,STATE_PREFLIGHT,12.4,0.05,0.1,0.45,0.0,0.0,0.09810000419616699,0.0010000000149011613,0.0020000000298023225,0.0030000001192092896,0.12300000190734864,0.45599998474121095,0.789000015258789,980.5,25.0,0.0,0.0,0.980999984741211,1,46.5,6.6,1200.0,1.5,3.5,12,9.8100004196167,98.0999984741211,11.984000244140624,0.0,1200.0,True,True,True,True,True,True,True,True,True,True,True,True,True,True,True,True,False,False,False,False,False,False,False
165482,STATE_PREFLIGHT,12.4,0.05,0.1,0.45,0.0,0.0,0.09810000419616699,0.0010000000149011613,0.0020000000298023225,0.0030000001192092896,0.12300000190734864,0.45599998474121095,0.789000015258789,980.5,25.0,0.0,0.0,0.980999984741211,1,46.5,6.6,1200.0,1.5,3.5,12,9.8100004196167,98.0999984741211,11.984000244140624,0.0,1200.0,True,True,True,True,True,True,True,True,True,True,True,True,True,True,True,True,False,False,False,False,False,False,False
165992,STATE_PREFLIGHT,12.4,0.05,0.1,0.45,0.0,0.0,0.09810000419616699,0.0010000000149011613,0.0020000000298023225,0.0030000001192092896,0.12300000190734864,0.45599998474121095,0.789000015258789,980.5,25.0,0.0,0.0,0.980999984741211,1,46.5,6.6,1200.0,1.5,3.5,12,9.8100004196167,98.0999984741211,11.984000244140624,0.0,1200.0,True,True,True,True,True,True,True,True,True,True,True,True,True,True,True,True,False,False,False,False,False,False,False
166503,STATE_PREFLIGHT,12.4,0.05,0.1,0.45,0.0,0.0,0.09810000419616699,0.0010000000149011613,0.0020000000298023225,0.0030000001192092896,0.12300000190734864,0.45599998474121095,0.789000015258789,980.5,25.0,0.0,0.0,0.980999984741211,1,46.5,6.6,1200.0,1.5,3.5,12,9.8100004196167,98.0999984741211,11.984000244140624,0.0,1200.0,True,True,True,True,True,True,True,True,True,True,True,True,True,True,True,True,False,False,False,False,False,False,False
167011,STATE_PREFLIGHT,12.4,0.05,0.1,0.45,0.0,0.0,0.09810000419616699,0.0010000000149011613,0.0020000000298023225,0.0030000001192092896,0.12300000190734864,0.45599998474121095,0.789000015258789,980.5,25.0,0.0,0.0,0.980999984741211,1,46.5,6.6,1200.0,1.5,3.5,12,9.8100004196167,98.0999984741211,11.984000244140624,0.0,1200.0,True,True,True,True,True,True,True,True,True,True,True,True,True,True,True,True,False,False,False,False,False,False,False
167522,STATE_PREFLIGHT,12.4,0.05,0.1,0.45,0.0,0.0,0.09810000419616699,0.0010000000149011613,0.0020000000298023225,0.0030000001192092896,0.12300000190734864,0.45599998474121095,0.789000015258789,980.5,25.0,0.0,0.0,0.980999984741211,1,46.5,6.6,1200.0,1.5,3.5,12,9.8100004196167,98.0999984741211,11.984000244140624,0.0,1200.0,True,True,True,True,True,True,True,True,True,True,True,True,True,True,True,True,False,False,False,False,False,False,False
168026,STATE_PREFLIGHT,12.4,0.05,0.1,0.45,0.0,0.0,0.09810000419616699,0.0010000000149011613,0.0020000000298023225,0.0030000001192092896,0.12300000190734864,0.45599998474121095,0.789000015258789,980.5,25.0,0.0,0.0,0.980999984741211,1,46.5,6.6,1200.0,1.5,3.5,12,9.8100004196167,98.0999984741211,11.984000244140624,0.0,1200.0,True,True,True,True,True,True,True,True,True,True,True,True,True,True,True,True,False,False,False,False,False,False,False
168537,STATE_PREFLIGHT,12.4,0.05,0.1,0.45,0.0,0.0,0.09810000419616699,0.0010000000149011613,0.0020000000298023225,0.0030000001192092896,0.12300000190734864,0.45599998474121095,0.789000015258789,980.5,25.0,0.0,0.0,0.980999984741211,1,46.5,6.6,1200.0,1.5,3.5,12,9.8100004196167,98.0999984741211,11.984000244140624,0.0,1200.0,True,True,True,True,True,True,True,True,True,True,True,True,True,True,True,True,False,False,False,False,False,False,False
169045,STATE_PREFLIGHT,12.4,0.05,0.1,0.45,0.0,0.0,0.09810000419616699,0.0010000000149011613,0.0020000000298023225,0.0030000001192092896,0.12300000190734864,0.45599998474121095,0.789000015258789,980.5,25.0,0.0,0.0,0.980999984741211,1,46.5,6.6,1200.0,1.5,3.5,12,9.8100004196167,98.0999984741211,11.984000244140624,0.0,1200.0,True,True,True,True,True,True,True,True,True,True,True,True,True,True,True,True,False,False,False,False,False,False,False
169556,STATE_PREFLIGHT,12.4,0.05,0.1,0.45,0.0,0.0,0.09810000419616699,0.0010000000149011613,0.0020000000298023225,0.0030000001192092896,0.12300000190734864,0.45599998474121095,0.789000015258789,980.5,25.0,0.0,0.0,0.980999984741211,1,46.5,6.6,1200.0,1.5,3.5,12,9.8100004196167,98.0999984741211,11.984000244140624,0.0,1200.0,True,True,True,True,True,True,True,True,True,True,True,True,True,True,True,True,False,False,False,False,False,False,False
170067,STATE_PREFLIGHT,12.4,0.05,0.1,0.45,0.0,0.0,0.09810000419616699,0.0010000000149011613,0.0020000000298023225,0.0030000001192092896,0.12300000190734864,0.45599998474121095,0.789000015258789,980.5,25.0,0.0,0.0,0.980999984741211,1,46.5,6.6,1200.0,1.5,3.5,12,9.8100004196167,98.0999984741211,11.984000244140624,0.0,1200.0,True,True,True,True,True,True,True,True,True,True,True,True,True,True,True,True,False,False,False,False,False,False,False
170571,STATE_PREFLIGHT,12.4,0.05,0.1,0.45,0.0,0.0,0.09810000419616699,0.0010000000149011613,0.0020000000298023225,0.0030000001192092896,0.12300000190734864,0.45599998474121095,0.789000015258789,980.5,25.0,0.0,0.0,0.980999984741211,1,46.5,6.6,1200.0,1.5,3.5,12,9.8100004196167,98.0999984741211,11.984000244140624,0.0,1200.0,True,True,True,True,True,True,True,True,True,True,True,True,True,True,True,True,False,False,False,False,False,False,False
171080,STATE_PREFLIGHT,12.4,0.05,0.1,0.45,0.0,0.0,0.09810000419616699,0.0010000000149011613,0.0020000000298023225,0.0030000001192092896,0.12300000190734864,0.45599998474121095,0.789000015258789,980.5,25.0,0.0,0.0,0.980999984741211,1,46.5,6.6,1200.0,1.5,3.5,12,9.8100004196167,98.0999984741211,11.984000244140624,0.0,1200.0,True,True,True,True,True,True,True,True,True,True,True,True,True,True,True,True,False,False,False,False,False,False,False
171587,STATE_PREFLIGHT,12.4,0.05,0.1,0.45,0.0,0.0,0.09810000419616699,0.0010000000149011613,0.0020000000298023225,0.0030000001192092896,0.12300000190734864,0.45599998474121095,0.789000015258789,980.5,25.0,0.0,0.0,0.980999984741211,1,46.5,6.6,1200.0,1.5,3.5,12,9.8100004196167,98.0999984741211,11.984000244140624,0.0,1200.0,True,True,True,True,True,True,True,True,True,True,True,True,True,True,True,True,False,False,False,False,False,False,False
172097,STATE_PREFLIGHT,12.4,0.05,0.1,0.45,0.0,0.0,0.09810000419616699,0.0010000000149011613,0.0020000000298023225,0.0030000001192092896,0.12300000190734864,0.45599998474121095,0.789000015258789,980.5,25.0,0.0,0.0,0.980999984741211,1,46.5,6.6,1200.0,1.5,3.5,12,9.8100004196167,98.0999984741211,11.984000244140624,0.0,1200.0,True,True,True,True,True,True,True,True,True,True,True,True,True,True,True,True,False,False,False,False,False,False,False
172607,STATE_PREFLIGHT,12.4,0.05,0.1,0.45,0.0,0.0,0.09810000419616699,0.0010000000149011613,0.0020000000298023225,0.0030000001192092896,0.12300000190734864,0.45599998474121095,0.789000015258789,980.5,25.0,0.0,0.0,0.980999984741211,1,46.5,6.6,1200.0,1.5,3.5,12,9.8100004196167,98.0999984741211,11.984000244140624,0.0,1200.0,True,True,True,True,True,True,True,True,True,True,True,True,True,True,True,True,False,False,False,False,False,False,False
173118,STATE_PREFLIGHT,12.4,0.05,0.1,0.45,0.0,0.0,0.09810000419616699,0.0010000000149011613,0.0020000000298023225,0.0030000001192092896,0.12300000190734864,0.45599998474121095,0.789000015258789,980.5,25.0,0.0,0.0,0.980999984741211,1,46.5,6.6,1200.0,1.5,3.5,12,9.8100004196167,98.0999984741211,11.984000244140624,0.0,1200.0,True,True,True,True,True,True,True,True,True,True,True,True,True,True,True,True,False,False,False,False,False,False,False
173629,STATE_PREFLIGHT,12.4,0.05,0.1,0.45,0.0,0.0,0.09810000419616699,0.0010000000149011613,0.0020000000298023225,0.0030000001192092896,0.12300000190734864,0.45599998474121095,0.789000015258789,980.5,25.0,0.0,0.0,0.980999984741211,1,46.5,6.6,1200.0,1.5,3.5,12,9.8100004196167,98.0999984741211,11.984000244140624,0.0,1200.0,True,True,True,True,True,True,True,True,True,True,True,True,True,True,True,True,False,False,False,False,False,False,False
174137,STATE_PREFLIGHT,12.4,0.05,0.1,0.45,0.0,0.0,0.09810000419616699,0.0010000000149011613,0.0020000000298023225,0.0030000001192092896,0.12300000190734864,0.45599998474121095,0.789000015258789,980.5,25.0,0.0,0.0,0.980999984741211,1,46.5,6.6,1200.0,1.5,3.5,12,9.8100004196167,98.0999984741211,11.984000244140624,0.0,1200.0,True,True,True,True,True,True,True,True,True,True,True,True,True,True,True,True,False,False,False,False,False,False,False
174644,STATE_PREFLIGHT,12.4,0.05,0.1,0.45,0.0,0.0,0.09810000419616699,0.0010000000149011613,0.0020000000298023225,0.0030000001192092896,0.12300000190734864,0.45599998474121095,0.789000015258789,980.5,25.0,0.0,0.0,0.980999984741211,1,46.5,6.6,1200.0,1.5,3.5,12,9.8100004196167,98.0999984741211,11.984000244140624,0.0,1200.0,True,True,True,True,True,True,True,True,True,True,True,True,True,True,True,True,False,False,False,False,False,False,False
175152,STATE_PREFLIGHT,12.4,0.05,0.1,0.45,0.0,0.0,0.09810000419616699,0.0010000000149011613,0.0020000000298023225,0.0030000001192092896,0.12300000190734864,0.45599998474121095,0.789000015258789,980.5,25.0,0.0,0.0,0.980999984741211,1,46.5,6.6,1200.0,1.5,3.5,12,9.8100004196167,98.0999984741211,11.984000244140624,0.0,1200.0,True,True,True,True,True,True,True,True,True,True,True,True,True,True,True,True,False,False,False,False,False,False,False
175659,STATE_PREFLIGHT,12.4,0.05,0.1,0.45,0.0,0.0,0.09810000419616699,0.0010000000149011613,0.0020000000298023225,0.0030000001192092896,0.12300000190734864,0.45599998474121095,0.789000015258789,980.5,25.0,0.0,0.0,0.980999984741211,1,46.5,6.6,1200.0,1.5,3.5,12,9.8100004196167,98.0999984741211,11.984000244140624,0.0,1200.0,True,True,True,True,True,True,True,True,True,True,True,True,True,True,True,True,False,False,False,False,False,False,False
176169,STATE_PREFLIGHT,12.4,0.05,0.1,0.45,0.0,0.0,0.09810000419616699,0.0010000000149011613,0.0020000000298023225,0.0030000001192092896,0.12300000190734864,0.45599998474121095,0.789000015258789,980.5,25.0,0.0,0.0,0.980999984741211,1,46.5,6.6,1200.0,1.5,3.5,12,9.8100004196167,98.0999984741211,11.984000244140624,0.0,1200.0,True,True,True,True,True,True,True,True,True,True,True,True,True,True,True,True,False,False,False,False,False,False,False
176679,STATE_PREFLIGHT,12.4,0.05,0.1,0.45,0.0,0.0,0.09810000419616699,0.0010000000149011613,0.0020000000298023225,0.0030000001192092896,0.12300000190734864,0.45599998474121095,0.789000015258789,980.5,25.0,0.0,0.0,0.980999984741211,1,46.5,6.6,1200.0,1.5,3.5,12,9.8100004196167,98.0999984741211,11.984000244140624,0.0,1200.0,True,True,True,True,True,True,True,True,True,True,True,True,True,True,True,True,False,False,False,False,False,False,False
177186,STATE_PREFLIGHT,12.4,0.05,0.1,0.45,0.0,0.0,0.09810000419616699,0.0010000000149011613,0.0020000000298023225,0.0030000001192092896,0.12300000190734864,0.45599998474121095,0.789000015258789,980.5,25.0,0.0,0.0,0.980999984741211,1,46.5,6.6,1200.0,1.5,3.5,12,9.8100004196167,98.0999984741211,11.984000244140624,0.0,1200.0,True,True,True,True,True,True,True,True,True,True,True,True,True,True,True,True,False,False,False,False,False,False,False
177696,STATE_PREFLIGHT,12.4,0.05,0.1,0.45,0.0,0.0,0.09810000419616699,0.0010000000149011613,0.0020000000298023225,0.0030000001192092896,0.12300000190734864,0.45599998474121095,0.789000015258789,980.5,25.0,0.0,0.0,0.980999984741211,1,46.5,6.6,1200.0,1.5,3.5,12,9.8100004196167,98.0999984741211,11.984000244140624,0.0,1200.0,True,True,True,True,True,True,True,True,True,True,True,True,True,True,True,True,False,False,False,False,False,False,False
178206,STATE_PREFLIGHT,12.4,0.05,0.1,0.45,0.0,0.0,0.09810000419616699,0.0010000000149011613,0.0020000000298023225,0.0030000001192092896,0.12300000190734864,0.45599998474121095,0.789000015258789,980.5,25.0,0.0,0.0,0.980999984741211,1,46.5,6.6,1200.0,1.5,3.5,12,9.8100004196167,98.0999984741211,11.984000244140624,0.0,1200.0,True,True,True,True,True,True,True,True,True,True,True,True,True,True,True,True,False,False,False,False,False,False,False
178714,STATE_PREFLIGHT,12.4,0.05,0.1,0.45,0.0,0.0,0.09810000419616699,0.0010000000149011613,0.0020000000298023225,0.0030000001192092896,0.12300000190734864,0.45599998474121095,0.789000015258789,980.5,25.0,0.0,0.0,0.980999984741211,1,46.5,6.6,1200.0,1.5,3.5,12,9.8100004196167,98.0999984741211,11.984000244140624,0.0,1200.0,True,True,True,True,True,True,True,True,True,True,True,True,True,True,True,True,False,False,False,False,False,False,False
179223,STATE_PREFLIGHT,12.4,0.05,0.1,0.45,0.0,0.0,0.09810000419616699,0.0010000000149011613,0.0020000000298023225,0.0030000001192092896,0.12300000190734864,0.45599998474121095,0.789000015258789,980.5,25.0,0.0,0.0,0.980999984741211,1,46.5,6.6,1200.0,1.5,3.5,12,9.8100004196167,98.0999984741211,11.984000244140624,0.0,1200.0,True,True,True,True,True,True,True,True,True,True,True,True,True,True,True,True,False,False,False,False,False,False,False
179734,STATE_PREFLIGHT,12.4,0.05,0.1,0.45,0.0,0.0,0.09810000419616699,0.0010000000149011613,0.0020000000298023225,0.0030000001192092896,0.12300000190734864,0.45599998474121095,0.789000015258789,980.5,25.0,0.0,0.0,0.980999984741211,1,46.5,6.6,1200.0,1.5,3.5,12,9.8100004196167,98.0999984741211,11.984000244140624,0.0,1200.0,True,True,True,True,True,True,True,True,True,True,True,True,True,True,True,True,False,False,False,False,False,False,False
180241,STATE_PREFLIGHT,12.4,0.05,0.1,0.45,0.0,0.0,0.09810000419616699,0.0010000000149011613,0.0020000000298023225,0.0030000001192092896,0.12300000190734864,0.45599998474121095,0.789000015258789,980.5,25.0,0.0,0.0,0.980999984741211,1,46.5,6.6,1200.0,1.5,3.5,12,9.8100004196167,98.0999984741211,11.984000244140624,0.0,1200.0,True,True,True,True,True,True,True,True,True,True,True,True,True,True,True,True,False,False,False,False,False,False,False
180751,STATE_PREFLIGHT,12.4,0.05,0.1,0.45,0.0,0.0,0.09810000419616699,0.0010000000149011613,0.0020000000298023225,0.0030000001192092896,0.12300000190734864,0.45599998474121095,0.789000015258789,980.5,25.0,0.0,0.0,0.980999984741211,1,46.5,6.6,1200.0,1.5,3.5,12,9.8100004196167,98.0999984741211,11.984000244140624,0.0,1200.0,True,True,True,True,True,True,True,True,True,True,True,True,True,True,True,True,False,False,False,False,False,False,False
181262,STATE_PREFLIGHT,12.4,0.05,0.1,0.45,0.0,0.0,0.09810000419616699,0.0010000000149011613,0.0020000000298023225,0.0030000001192092896,0.12300000190734864,0.45599998474121095,0.789000015258789,980.5,25.0,0.0,0.0,0.980999984741211,1,46.5,6.6,1200.0,1.5,3.5,12,9.8100004196167,98.0999984741211,11.984000244140624,0.0,1200.0,True,True,True,True,True,True,True,True,True,True,True,True,True,True,True,True,False,False,False,False,False,False,False
181772,STATE_PREFLIGHT,12.4,0.05,0.1,0.45,0.0,0.0,0.09810000419616699,0.0010000000149011613,0.0020000000298023225,0.0030000001192092896,0.12300000190734864,0.45599998474121095,0.789000015258789,980.5,25.0,0.0,0.0,0.980999984741211,1,46.5,6.6,1200.0,1.5,3.5,12,9.8100004196167,98.0999984741211,11.984000244140624,0.0,1200.0,True,True,True,True,True,True,True,True,True,True,True,True,True,True,True,True,False,False,False,False,False,False,False
182283,STATE_PREFLIGHT,12.4,0.05,0.1,0.45,0.0,0.0,0.09810000419616699,0.0010000000149011613,0.0020000000298023225,0.0030000001192092896,0.12300000190734864,0.45599998474121095,0.789000015258789,980.5,25.0,0.0,0.0,0.980999984741211,1,46.5,6.6,1200.0,1.5,3.5,12,9.8100004196167,98.0999984741211,11.984000244140624,0.0,1200.0,True,True,True,True,True,True,True,True,True,True,True,True,True,True,True,True,False,False,False,False,False,False,False
182791,STATE_PREFLIGHT,12.4,0.05,0.1,0.45,0.0,0.0,0.09810000419616699,0.0010000000149011613,0.0020000000298023225,0.0030000001192092896,0.12300000190734864,0.45599998474121095,0.789000015258789,980.5,25.0,0.0,0.0,0.980999984741211,1,46.5,6.6,1200.0,1.5,3.5,12,9.8100004196167,98.0999984741211,11.984000244140624,0.0,1200.0,True,True,True,True,True,True,True,True,True,True,True,True,True,True,True,True,False,False,False,False,False,False,False
183302,STATE_PREFLIGHT,12.4,0.05,0.1,0.45,0.0,0.0,0.09810000419616699,0.0010000000149011613,0.0020000000298023225,0.0030000001192092896,0.12300000190734864,0.45599998474121095,0.789000015258789,980.5,25.0,0.0,0.0,0.980999984741211,1,46.5,6.6,1200.0,1.5,3.5,12,9.8100004196167,98.0999984741211,11.984000244140624,0.0,1200.0,True,True,True,True,True,True,True,True,True,True,True,True,True,True,True,True,False,False,False,False,False,False,False
183809,STATE_PREFLIGHT,12.4,0.05,0.1,0.45,0.0,0.0,0.09810000419616699,0.0010000000149011613,0.0020000000298023225,0.0030000001192092896,0.12300000190734864,0.45599998474121095,0.789000015258789,980.5,25.0,0.0,0.0,0.980999984741211,1,46.5,6.6,1200.0,1.5,3.5,12,9.8100004196167,98.0999984741211,11.984000244140624,0.0,1200.0,True,True,True,True,True,True,True,True,True,True,True,True,True,True,True,True,False,False,False,False,False,False,False
184319,STATE_PREFLIGHT,12.4,0.05,0.1,0.45,0.0,0.0,0.09810000419616699,0.0010000000149011613,0.0020000000298023225,0.0030000001192092896,0.12300000190734864,0.45599998474121095,0.789000015258789,980.5,25.0,0.0,0.0,0.980999984741211,1,46.5,6.6,1200.0,1.5,3.5,12,9.8100004196167,98.0999984741211,11.984000244140624,0.0,1200.0,True,True,True,True,True,True,True,True,True,True,True,True,True,True,True,True,False,False,False,False,False,False,False
184827,STATE_PREFLIGHT,12.4,0.05,0.1,0.45,0.0,0.0,0.09810000419616699,0.0010000000149011613,0.0020000000298023225,0.0030000001192092896,0.12300000190734864,0.45599998474121095,0.789000015258789,980.5,25.0,0.0,0.0,0.980999984741211,1,46.5,6.6,1200.0,1.5,3.5,12,9.8100004196167,98.0999984741211,11.984000244140624,0.0,1200.0,True,True,True,True,True,True,True,True,True,True,True,True,True,True,True,True,False,False,False,False,False,False,False
185337,STATE_PREFLIGHT,12.4,0.05,0.1,0.45,0.0,0.0,0.09810000419616699,0.0010000000149011613,0.0020000000298023225,0.0030000001192092896,0.12300000190734864,0.45599998474121095,0.789000015258789,980.5,25.0,0.0,0.0,0.980999984741211,1,46.5,6.6,1200.0,1.5,3.5,12,9.8100004196167,98.0999984741211,11.984000244140624,0.0,1200.0,True,True,True,True,True,True,True,True,True,True,True,True,True,True,True,True,False,False,False,False,False,False,False
185845,STATE_PREFLIGHT,12.4,0.05,0.1,0.45,0.0,0.0,0.09810000419616699,0.0010000000149011613,0.0020000000298023225,0.0030000001192092896,0.12300000190734864,0.45599998474121095,0.789000015258789,980.5,25.0,0.0,0.0,0.980999984741211,1,46.5,6.6,1200.0,1.5,3.5,12,9.8100004196167,98.0999984741211,11.984000244140624,0.0,1200.0,True,True,True,True,True,True,True,True,True,True,True,True,True,True,True,True,False,False,False,False,False,False,False
186355,STATE_PREFLIGHT,12.4,0.05,0.1,0.45,0.0,0.0,0.09810000419616699,0.0010000000149011613,0.0020000000298023225,0.0030000001192092896,0.12300000190734864,0.45599998474121095,0.789000015258789,980.5,25.0,0.0,0.0,0.980999984741211,1,46.5,6.6,1200.0,1.5,3.5,12,9.8100004196167,98.0999984741211,11.984000244140624,0.0,1200.0,True,True,True,True,True,True,True,True,True,True,True,True,True,True,True,True,False,False,False,False,False,False,False
186866,STATE_PREFLIGHT,12.4,0.05,0.1,0.45,0.0,0.0,0.09810000419616699,0.0010000000149011613,0.0020000000298023225,0.0030000001192092896,0.12300000190734864,0.45599998474121095,0.789000015258789,980.5,25.0,0.0,0.0,0.980999984741211,1,46.5,6.6,1200.0,1.5,3.5,12,9.8100004196167,98.0999984741211,11.984000244140624,0.0,1200.0,True,True,True,True,True,True,True,True,True,True,True,True,True,True,True,True,False,False,False,False,False,False,False
187376,STATE_PREFLIGHT,12.4,0.05,0.1,0.45,0.0,0.0,0.09810000419616699,0.0010000000149011613,0.0020000000298023225,0.0030000001192092896,0.12300000190734864,0.45599998474121095,0.789000015258789,980.5,25.0,0.0,0.0,0.980999984741211,1,46.5,6.6,1200.0,1.5,3.5,12,9.8100004196167,98.0999984741211,11.984000244140624,0.0,1200.0,True,True,True,True,True,True,True,True,True,True,True,True,True,True,True,True,False,False,False,False,False,False,False
187887,STATE_PREFLIGHT,12.4,0.05,0.1,0.45,0.0,0.0,0.09810000419616699,0.0010000000149011613,0.0020000000298023225,0.0030000001192092896,0.12300000190734864,0.45599998474121095,0.789000015258789,980.5,25.0,0.0,0.0,0.980999984741211,1,46.5,6.6,1200.0,1.5,3.5,12,9.8100004196167,98.0999984741211,11.984000244140624,0.0,1200.0,True,True,True,True,True,True,True,True,True,True,True,True,True,True,True,True,False,False,False,False,False,False,False
188395,STATE_PREFLIGHT,12.4,0.05,0.1,0.45,0.0,0.0,0.09810000419616699,0.0010000000149011613,0.0020000000298023225,0.0030000001192092896,0.12300000190734864,0.45599998474121095,0.789000015258789,980.5,25.0,0.0,0.0,0.980999984741211,1,46.5,6.6,1200.0,1.5,3.5,12,9.8100004196167,98.0999984741211,11.984000244140624,0.0,1200.0,True,True,True,True,True,True,True,True,True,True,True,True,True,True,True,True,False,False,False,False,False,False,False
188905,STATE_PREFLIGHT,12.4,0.05,0.1,0.45,0.0,0.0,0.09810000419616699,0.0010000000149011613,0.0020000000298023225,0.0030000001192092896,0.12300000190734864,0.45599998474121095,0.789000015258789,980.5,25.0,0.0,0.0,0.980999984741211,1,46.5,6.6,1200.0,1.5,3.5,12,9.8100004196167,98.0999984741211,11.984000244140624,0.0,1200.0,True,True,True,True,True,True,True,True,True,True,True,True,True,True,True,True,False,False,False,False,False,False,False
189414,STATE_PREFLIGHT,12.4,0.05,0.1,0.45,0.0,0.0,0.09810000419616699,0.0010000000149011613,0.0020000000298023225,0.0030000001192092896,0.12300000190734864,0.45599998474121095,0.789000015258789,980.5,25.0,0.0,0.0,0.980999984741211,1,46.5,6.6,1200.0,1.5,3.5,12,9.8100004196167,98.0999984741211,11.984000244140624,0.0,1200.0,True,True,True,True,True,True,True,True,True,True,True,True,True,True,True,True,False,False,False,False,False,False,False
189924,STATE_PREFLIGHT,12.4,0.05,0.1,0.45,0.0,0.0,0.09810000419616699,0.0010000000149011613,0.0020000000298023225,0.0030000001192092896,0.12300000190734864,0.45599998474121095,0.789000015258789,980.5,25.0,0.0,0.0,0.980999984741211,1,46.5,6.6,1200.0,1.5,3.5,12,9.8100004196167,98.0999984741211,11.984000244140624,0.0,1200.0,True,True,True,True,True,True,True,True,True,True,True,True,True,True,True,True,False,False,False,False,False,False,False
190427,STATE_PREFLIGHT,12.4,0.05,0.1,0.45,0.0,0.0,0.09810000419616699,0.0010000000149011613,0.0020000000298023225,0.0030000001192092896,0.12300000190734864,0.45599998474121095,0.789000015258789,980.5,25.0,0.0,0.0,0.980999984741211,1,46.5,6.6,1200.0,1.5,3.5,12,9.8100004196167,98.0999984741211,11.984000244140624,0.0,1200.0,True,True,True,True,True,True,True,True,True,True,True,True,True,True,True,True,False,False,False,False,False,False,False
190937,STATE_PREFLIGHT,12.4,0.05,0.1,0.45,0.0,0.0,0.09810000419616699,0.0010000000149011613,0.0020000000298023225,0.0030000001192092896,0.12300000190734864,0.45599998474121095,0.789000015258789,980.5,25.0,0.0,0.0,0.980999984741211,1,46.5,6.6,1200.0,1.5,3.5,12,9.8100004196167,98.0999984741211,11.984000244140624,0.0,1200.0,True,True,True,True,True,True,True,True,True,True,True,True,True,True,True,True,False,False,False,False,False,False,False
191446,STATE_PREFLIGHT,12.4,0.05,0.1,0.45,0.0,0.0,0.09810000419616699,0.0010000000149011613,0.0020000000298023225,0.0030000001192092896,0.12300000190734864,0.45599998474121095,0.789000015258789,980.5,25.0,0.0,0.0,0.980999984741211,1,46.5,6.6,1200.0,1.5,3.5,12,9.8100004196167,98.0999984741211,11.984000244140624,0.0,1200.0,True,True,True,True,True,True,True,True,True,True,True,True,True,True,True,True,False,False,False,False,False,False,False
191953,STATE_PREFLIGHT,12.4,0.05,0.1,0.45,0.0,0.0,0.09810000419616699,0.0010000000149011613,0.0020000000298023225,0.0030000001192092896,0.12300000190734864,0.45599998474121095,0.789000015258789,980.5,25.0,0.0,0.0,0.980999984741211,1,46.5,6.6,1200.0,1.5,3.5,12,9.8100004196167,98.0999984741211,11.984000244140624,0.0,1200.0,True,True,True,True,True,True,True,True,True,True,True,True,True,True,True,True,False,False,False,False,False,False,False
192459,STATE_PREFLIGHT,12.4,0.05,0.1,0.45,0.0,0.0,0.09810000419616699,0.0010000000149011613,0.0020000000298023225,0.0030000001192092896,0.12300000190734864,0.45599998474121095,0.789000015258789,980.5,25.0,0.0,0.0,0.980999984741211,1,46.5,6.6,1200.0,1.5,3.5,12,9.8100004196167,98.0999984741211,11.984000244140624,0.0,1200.0,True,True,True,True,True,True,True,True,True,True,True,True,True,True,True,True,False,False,False,False,False,False,False
192970,STATE_PREFLIGHT,12.4,0.05,0.1,0.45,0.0,0.0,0.09810000419616699,0.0010000000149011613,0.0020000000298023225,0.0030000001192092896,0.12300000190734864,0.45599998474121095,0.789000015258789,980.5,25.0,0.0,0.0,0.980999984741211,1,46.5,6.6,1200.0,1.5,3.5,12,9.8100004196167,98.0999984741211,11.984000244140624,0.0,1200.0,True,True,True,True,True,True,True,True,True,True,True,True,True,True,True,True,False,False,False,False,False,False,False
193477,STATE_PREFLIGHT,12.4,0.05,0.1,0.45,0.0,0.0,0.09810000419616699,0.0010000000149011613,0.0020000000298023225,0.0030000001192092896,0.12300000190734864,0.45599998474121095,0.789000015258789,980.5,25.0,0.0,0.0,0.980999984741211,1,46.5,6.6,1200.0,1.5,3.5,12,9.8100004196167,98.0999984741211,11.984000244140624,0.0,1200.0,True,True,True,True,True,True,True,True,True,True,True,True,True,True,True,True,False,False,False,False,False,False,False
193985,STATE_PREFLIGHT,12.4,0.05,0.1,0.45,0.0,0.0,0.09810000419616699,0.0010000000149011613,0.0020000000298023225,0.0030000001192092896,0.12300000190734864,0.45599998474121095,0.789000015258789,980.5,25.0,0.0,0.0,0.980999984741211,1,46.5,6.6,1200.0,1.5,3.5,12,9.8100004196167,98.0999984741211,11.984000244140624,0.0,1200.0,True,True,True,True,True,True,True,True,True,True,True,True,True,True,True,True,False,False,False,False,False,False,False
194489,STATE_PREFLIGHT,12.4,0.05,0.1,0.45,0.0,0.0,0.09810000419616699,0.0010000000149011613,0.0020000000298023225,0.0030000001192092896,0.12300000190734864,0.45599998474121095,0.789000015258789,980.5,25.0,0.0,0.0,0.980999984741211,1,46.5,6.6,1200.0,1.5,3.5,12,9.8100004196167,98.0999984741211,11.984000244140624,0.0,1200.0,True,True,True,True,True,True,True,True,True,True,True,True,True,True,True,True,False,False,False,False,False,False,False
195000,STATE_PREFLIGHT,12.4,0.05,0.1,0.45,0.0,0.0,0.09810000419616699,0.0010000000149011613,0.0020000000298023225,0.0030000001192092896,0.12300000190734864,0.45599998474121095,0.789000015258789,980.5,25.0,0.0,0.0,0.980999984741211,1,46.5,6.6,1200.0,1.5,3.5,12,9.8100004196167,98.0999984741211,11.984000244140624,0.0,1200.0,True,True,True,True,True,True,True,True,True,True,True,True,True,True,True,True,False,False,False,False,False,False,False
195510,STATE_PREFLIGHT,12.4,0.05,0.1,0.45,0.0,0.0,0.09810000419616699,0.0010000000149011613,0.0020000000298023225,0.0030000001192092896,0.12300000190734864,0.45599998474121095,0.789000015258789,980.5,25.0,0.0,0.0,0.980999984741211,1,46.5,6.6,1200.0,1.5,3.5,12,9.8100004196167,98.0999984741211,11.984000244140624,0.0,1200.0,True,True,True,True,True,True,True,True,True,True,True,True,True,True,True,True,False,False,False,False,False,False,False
196020,STATE_PREFLIGHT,12.4,0.05,0.1,0.45,0.0,0.0,0.09810000419616699,0.0010000000149011613,0.0020000000298023225,0.0030000001192092896,0.12300000190734864,0.45599998474121095,0.789000015258789,980.5,25.0,0.0,0.0,0.980999984741211,1,46.5,6.6,1200.0,1.5,3.5,12,9.8100004196167,98.0999984741211,11.984000244140624,0.0,1200.0,True,True,True,True,True,True,True,True,True,True,True,True,True,True,True,True,False,False,False,False,False,False,False
196529,STATE_PREFLIGHT,12.4,0.05,0.1,0.45,0.0,0.0,0.09810000419616699,0.0010000000149011613,0.0020000000298023225,0.0030000001192092896,0.12300000190734864,0.45599998474121095,0.789000015258789,980.5,25.0,0.0,0.0,0.980999984741211,1,46.5,6.6,1200.0,1.5,3.5,12,9.8100004196167,98.0999984741211,11.984000244140624,0.0,1200.0,True,True,True,True,True,True,True,True,True,True,True,True,True,True,True,True,False,False,False,False,False,False,False
197034,STATE_PREFLIGHT,12.4,0.05,0.1,0.45,0.0,0.0,0.09810000419616699,0.0010000000149011613,0.0020000000298023225,0.0030000001192092896,0.12300000190734864,0.45599998474121095,0.789000015258789,980.5,25.0,0.0,0.0,0.980999984741211,1,46.5,6.6,1200.0,1.5,3.5,12,9.8100004196167,98.0999984741211,11.984000244140624,0.0,1200.0,True,True,True,True,True,True,True,True,True,True,True,True,True,True,True,True,False,False,False,False,False,False,False
197543,STATE_PREFLIGHT,12.4,0.05,0.1,0.45,0.0,0.0,0.09810000419616699,0.0010000000149011613,0.0020000000298023225,0.0030000001192092896,0.12300000190734864,0.45599998474121095,0.789000015258789,980.5,25.0,0.0,0.0,0.980999984741211,1,46.5,6.6,1200.0,1.5,3.5,12,9.8100004196167,98.0999984741211,11.984000244140624,0.0,1200.0,True,True,True,True,True,True,True,True,True,True,True,True,True,True,True,True,False,False,False,False,False,False,False
198048,STATE_PREFLIGHT,12.4,0.05,0.1,0.45,0.0,0.0,0.09810000419616699,0.0010000000149011613,0.0020000000298023225,0.0030000001192092896,0.12300000190734864,0.45599998474121095,0.789000015258789,980.5,25.0,0.0,0.0,0.980999984741211,1,46.5,6.6,1200.0,1.5,3.5,12,9.8100004196167,98.0999984741211,11.984000244140624,0.0,1200.0,True,True,True,True,True,True,True,True,True,True,True,True,True,True,True,True,False,False,False,False,False,False,False
198556,STATE_PREFLIGHT,12.4,0.05,0.1,0.45,0.0,0.0,0.09810000419616699,0.0010000000149011613,0.0020000000298023225,0.0030000001192092896,0.12300000190734864,0.45599998474121095,0.789000015258789,980.5,25.0,0.0,0.0,0.980999984741211,1,46.5,6.6,1200.0,1.5,3.5,12,9.8100004196167,98.0999984741211,11.984000244140624,0.0,1200.0,True,True,True,True,True,True,True,True,True,True,True,True,True,True,True,True,False,False,False,False,False,False,False
199063,STATE_PREFLIGHT,12.4,0.05,0.1,0.45,0.0,0.0,0.09810000419616699,0.0010000000149011613,0.0020000000298023225,0.0030000001192092896,0.12300000190734864,0.45599998474121095,0.789000015258789,980.5,25.0,0.0,0.0,0.980999984741211,1,46.5,6.6,1200.0,1.5,3.5,12,9.8100004196167,98.0999984741211,11.984000244140624,0.0,1200.0,True,True,True,True,True,True,True,True,True,True,True,True,True,True,True,True,False,False,False,False,False,False,False
199574,STATE_PREFLIGHT,12.4,0.05,0.1,0.45,0.0,0.0,0.09810000419616699,0.0010000000149011613,0.0020000000298023225,0.0030000001192092896,0.12300000190734864,0.45599998474121095,0.789000015258789,980.5,25.0,0.0,0.0,0.980999984741211,1,46.5,6.6,1200.0,1.5,3.5,12,9.8100004196167,98.0999984741211,11.984000244140624,0.0,1200.0,True,True,True,True,True,True,True,True,True,True,True,True,True,True,True,True,False,False,False,False,False,False,False
200084,STATE_PREFLIGHT,12.4,0.05,0.1,0.45,0.0,0.0,0.09810000419616699,0.0010000000149011613,0.0020000000298023225,0.0030000001192092896,0.12300000190734864,0.45599998474121095,0.789000015258789,980.5,25.0,0.0,0.0,0.980999984741211,1,46.5,6.6,1200.0,1.5,3.5,12,9.8100004196167,98.0999984741211,11.984000244140624,0.0,1200.0,True,True,True,True,True,True,True,True,True,True,True,True,True,True,True,True,False,False,False,False,False,False,False
200593,STATE_PREFLIGHT,12.4,0.05,0.1,0.45,0.0,0.0,0.09810000419616699,0.0010000000149011613,0.0020000000298023225,0.0030000001192092896,0.12300000190734864,0.45599998474121095,0.789000015258789,980.5,25.0,0.0,0.0,0.980999984741211,1,46.5,6.6,1200.0,1.5,3.5,12,9.8100004196167,98.0999984741211,11.984000244140624,0.0,1200.0,True,True,True,True,True,True,True,True,True,True,True,True,True,True,True,True,False,False,False,False,False,False,False
201100,STATE_PREFLIGHT,12.4,0.05,0.1,0.45,0.0,0.0,0.09810000419616699,0.0010000000149011613,0.0020000000298023225,0.0030000001192092896,0.12300000190734864,0.45599998474121095,0.789000015258789,980.5,25.0,0.0,0.0,0.980999984741211,1,46.5,6.6,1200.0,1.5,3.5,12,9.8100004196167,98.0999984741211,11.984000244140624,0.0,1200.0,True,True,True,True,True,True,True,True,True,True,True,True,True,True,True,True,False,False,False,False,False,False,False
201611,STATE_PREFLIGHT,12.4,0.05,0.1,0.45,0.0,0.0,0.09810000419616699,0.0010000000149011613,0.0020000000298023225,0.0030000001192092896,0.12300000190734864,0.45599998474121095,0.789000015258789,980.5,25.0,0.0,0.0,0.980999984741211,1,46.5,6.6,1200.0,1.5,3.5,12,9.8100004196167,98.0999984741211,11.984000244140624,0.0,1200.0,True,True,True,True,True,True,True,True,True,True,True,True,True,True,True,True,False,False,False,False,False,False,False
202122,STATE_PREFLIGHT,12.4,0.05,0.1,0.45,0.0,0.0,0.09810000419616699,0.0010000000149011613,0.0020000000298023225,0.0030000001192092896,0.12300000190734864,0.45599998474121095,0.789000015258789,980.5,25.0,0.0,0.0,0.980999984741211,1,46.5,6.6,1200.0,1.5,3.5,12,9.8100004196167,98.0999984741211,11.984000244140624,0.0,1200.0,True,True,True,True,True,True,True,True,True,True,True,True,True,True,True,True,False,False,False,False,False,False,False
202631,STATE_PREFLIGHT,12.4,0.05,0.1,0.45,0.0,0.0,0.09810000419616699,0.0010000000149011613,0.0020000000298023225,0.0030000001192092896,0.12300000190734864,0.45599998474121095,0.789000015258789,980.5,25.0,0.0,0.0,0.980999984741211,1,46.5,6.6,1200.0,1.5,3.5,12,9.8100004196167,98.0999984741211,11.984000244140624,0.0,1200.0,True,True,True,True,True,True,True,True,True,True,True,True,True,True,True,True,False,False,False,False,False,False,False
203141,STATE_PREFLIGHT,12.4,0.05,0.1,0.45,0.0,0.0,0.09810000419616699,0.0010000000149011613,0.0020000000298023225,0.0030000001192092896,0.12300000190734864,0.45599998474121095,0.789000015258789,980.5,25.0,0.0,0.0,0.980999984741211,1,46.5,6.6,1200.0,1.5,3.5,12,9.8100004196167,98.0999984741211,11.984000244140624,0.0,1200.0,True,True,True,True,True,True,True,True,True,True,True,True,True,True,True,True,False,False,False,False,False,False,False
203649,STATE_PREFLIGHT,12.4,0.05,0.1,0.45,0.0,0.0,0.09810000419616699,0.0010000000149011613,0.0020000000298023225,0.0030000001192092896,0.12300000190734864,0.45599998474121095,0.789000015258789,980.5,25.0,0.0,0.0,0.980999984741211,1,46.5,6.6,1200.0,1.5,3.5,12,9.8100004196167,98.0999984741211,11.984000244140624,0.0,1200.0,True,True,True,True,True,True,True,True,True,True,True,True,True,True,True,True,False,False,False,False,False,False,False
204156,STATE_PREFLIGHT,12.4,0.05,0.1,0.45,0.0,0.0,0.09810000419616699,0.0010000000149011613,0.0020000000298023225,0.0030000001192092896,0.12300000190734864,0.45599998474121095,0.789000015258789,980.5,25.0,0.0,0.0,0.980999984741211,1,46.5,6.6,1200.0,1.5,3.5,12,9.8100004196167,98.0999984741211,11.984000244140624,0.0,1200.0,True,True,True,True,True,True,True,True,True,True,True,True,True,True,True,True,False,False,False,False,False,False,False
204665,STATE_PREFLIGHT,12.4,0.05,0.1,0.45,0.0,0.0,0.09810000419616699,0.0010000000149011613,0.0020000000298023225,0.0030000001192092896,0.12300000190734864,0.45599998474121095,0.789000015258789,980.5,25.0,0.0,0.0,0.980999984741211,1,46.5,6.6,1200.0,1.5,3.5,12,9.8100004196167,98.0999984741211,11.984000244140624,0.0,1200.0,True,True,True,True,True,True,True,True,True,True,True,True,True,True,True,True,False,False,False,False,False,False,False
205176,STATE_PREFLIGHT,12.4,0.05,0.1,0.45,0.0,0.0,0.09810000419616699,0.0010000000149011613,0.0020000000298023225,0.0030000001192092896,0.12300000190734864,0.45599998474121095,0.789000015258789,980.5,25.0,0.0,0.0,0.980999984741211,1,46.5,6.6,1200.0,1.5,3.5,12,9.8100004196167,98.0999984741211,11.984000244140624,0.0,1200.0,True,True,True,True,True,True,True,True,True,True,True,True,True,True,True,True,False,False,False,False,False,False,False
205686,STATE_PREFLIGHT,12.4,0.05,0.1,0.45,0.0,0.0,0.09810000419616699,0.0010000000149011613,0.0020000000298023225,0.0030000001192092896,0.12300000190734864,0.45599998474121095,0.789000015258789,980.5,25.0,0.0,0.0,0.980999984741211,1,46.5,6.6,1200.0,1.5,3.5,12,9.8100004196167,98.0999984741211,11.984000244140624,0.0,1200.0,True,True,True,True,True,True,True,True,True,True,True,True,True,True,True,True,False,False,False,False,False,False,False
206197,STATE_PREFLIGHT,12.4,0.05,0.1,0.45,0.0,0.0,0.09810000419616699,0.0010000000149011613,0.0020000000298023225,0.0030000001192092896,0.12300000190734864,0.45599998474121095,0.789000015258789,980.5,25.0,0.0,0.0,0.980999984741211,1,46.5,6.6,1200.0,1.5,3.5,12,9.8100004196167,98.0999984741211,11.984000244140624,0.0,1200.0,True,True,True,True,True,True,True,True,True,True,True,True,True,True,True,True,False,False,False,False,False,False,False
206705,STATE_PREFLIGHT,12.4,0.05,0.1,0.45,0.0,0.0,0.09810000419616699,0.0010000000149011613,0.0020000000298023225,0.0030000001192092896,0.12300000190734864,0.45599998474121095,0.789000015258789,980.5,25.0,0.0,0.0,0.980999984741211,1,46.5,6.6,1200.0,1.5,3.5,12,9.8100004196167,98.0999984741211,11.984000244140624,0.0,1200.0,True,True,True,True,True,True,True,True,True,True,True,True,True,True,True,True,False,False,False,False,False,False,False
207211,STATE_PREFLIGHT,12.4,0.05,0.1,0.45,0.0,0.0,0.09810000419616699,0.0010000000149011613,0.0020000000298023225,0.0030000001192092896,0.12300000190734864,0.45599998474121095,0.789000015258789,980.5,25.0,0.0,0.0,0.980999984741211,1,46.5,6.6,1200.0,1.5,3.5,12,9.8100004196167,98.0999984741211,11.984000244140624,0.0,1200.0,True,True,True,True,True,True,True,True,True,True,True,True,True,True,True,True,False,False,False,False,False,False,False
207721,STATE_PREFLIGHT,12.4,0.05,0.1,0.45,0.0,0.0,0.09810000419616699,0.0010000000149011613,0.0020000000298023225,0.0030000001192092896,0.12300000190734864,0.45599998474121095,0.789000015258789,980.5,25.0,0.0,0.0,0.980999984741211,1,46.5,6.6,1200.0,1.5,3.5,12,9.8100004196167,98.0999984741211,11.984000244140624,0.0,1200.0,True,True,True,True,True,True,True,True,True,True,True,True,True,True,True,True,False,False,False,False,False,False,False
208232,STATE_PREFLIGHT,12.4,0.05,0.1,0.45,0.0,0.0,0.09810000419616699,0.0010000000149011613,0.0020000000298023225,0.0030000001192092896,0.12300000190734864,0.45599998474121095,0.789000015258789,980.5,25.0,0.0,0.0,0.980999984741211,1,46.5,6.6,1200.0,1.5,3.5,12,9.8100004196167,98.0999984741211,11.984000244140624,0.0,1200.0,True,True,True,True,True,True,True,True,True,True,True,True,True,True,True,True,False,False,False,False,False,False,False
208740,STATE_PREFLIGHT,12.4,0.05,0.1,0.45,0.0,0.0,0.09810000419616699,0.0010000000149011613,0.0020000000298023225,0.0030000001192092896,0.12300000190734864,0.45599998474121095,0.789000015258789,980.5,25.0,0.0,0.0,0.980999984741211,1,46.5,6.6,1200.0,1.5,3.5,12,9.8100004196167,98.0999984741211,11.984000244140624,0.0,1200.0,True,True,True,True,True,True,True,True,True,True,True,True,True,True,True,True,False,False,False,False,False,False,False
209250,STATE_PREFLIGHT,12.4,0.05,0.1,0.45,0.0,0.0,0.09810000419616699,0.0010000000149011613,0.0020000000298023225,0.0030000001192092896,0.12300000190734864,0.45599998474121095,0.789000015258789,980.5,25.0,0.0,0.0,0.980999984741211,1,46.5,6.6,1200.0,1.5,3.5,12,9.8100004196167,98.0999984741211,11.984000244140624,0.0,1200.0,True,True,True,True,True,True,True,True,True,True,True,True,True,True,True,True,False,False,False,False,False,False,False
209760,STATE_PREFLIGHT,12.4,0.05,0.1,0.45,0.0,0.0,0.09810000419616699,0.0010000000149011613,0.0020000000298023225,0.0030000001192092896,0.12300000190734864,0.45599998474121095,0.789000015258789,980.5,25.0,0.0,0.0,0.980999984741211,1,46.5,6.6,1200.0,1.5,3.5,12,9.8100004196167,98.0999984741211,11.984000244140624,0.0,1200.0,True,True,True,True,True,True,True,True,True,True,True,True,True,True,True,True,False,False,False,False,False,False,False
210270,STATE_PREFLIGHT,12.4,0.05,0.1,0.45,0.0,0.0,0.09810000419616699,0.0010000000149011613,0.0020000000298023225,0.0030000001192092896,0.12300000190734864,0.45599998474121095,0.789000015258789,980.5,25.0,0.0,0.0,0.980999984741211,1,46.5,6.6,1200.0,1.5,3.5,12,9.8100004196167,98.0999984741211,11.984000244140624,0.0,1200.0,True,True,True,True,True,True,True,True,True,True,True,True,True,True,True,True,False,False,False,False,False,False,False
210779,STATE_PREFLIGHT,12.4,0.05,0.1,0.45,0.0,0.0,0.09810000419616699,0.0010000000149011613,0.0020000000298023225,0.0030000001192092896,0.12300000190734864,0.45599998474121095,0.789000015258789,980.5,25.0,0.0,0.0,0.980999984741211,1,46.5,6.6,1200.0,1.5,3.5,12,9.8100004196167,98.0999984741211,11.984000244140624,0.0,1200.0,True,True,True,True,True,True,True,True,True,True,True,True,True,True,True,True,False,False,False,False,False,False,False
211288,STATE_PREFLIGHT,12.4,0.05,0.1,0.45,0.0,0.0,0.09810000419616699,0.0010000000149011613,0.0020000000298023225,0.0030000001192092896,0.12300000190734864,0.45599998474121095,0.789000015258789,980.5,25.0,0.0,0.0,0.980999984741211,1,46.5,6.6,1200.0,1.5,3.5,12,9.8100004196167,98.0999984741211,11.984000244140624,0.0,1200.0,True,True,True,True,True,True,True,True,True,True,True,True,True,True,True,True,False,False,False,False,False,False,False
211799,STATE_PREFLIGHT,12.4,0.05,0.1,0.45,0.0,0.0,0.09810000419616699,0.0010000000149011613,0.0020000000298023225,0.0030000001192092896,0.12300000190734864,0.45599998474121095,0.789000015258789,980.5,25.0,0.0,0.0,0.980999984741211,1,46.5,6.6,1200.0,1.5,3.5,12,9.8100004196167,98.0999984741211,11.984000244140624,0.0,1200.0,True,True,True,True,True,True,True,True,True,True,True,True,True,True,True,True,False,False,False,False,False,False,False
212308,STATE_PREFLIGHT,12.4,0.05,0.1,0.45,0.0,0.0,0.09810000419616699,0.0010000000149011613,0.0020000000298023225,0.0030000001192092896,0.12300000190734864,0.45599998474121095,0.789000015258789,980.5,25.0,0.0,0.0,0.980999984741211,1,46.5,6.6,1200.0,1.5,3.5,12,9.8100004196167,98.0999984741211,11.984000244140624,0.0,1200.0,True,True,True,True,True,True,True,True,True,True,True,True,True,True,True,True,False,False,False,False,False,False,False
212817,STATE_PREFLIGHT,12.4,0.05,0.1,0.45,0.0,0.0,0.09810000419616699,0.0010000000149011613,0.0020000000298023225,0.0030000001192092896,0.12300000190734864,0.45599998474121095,0.789000015258789,980.5,25.0,0.0,0.0,0.980999984741211,1,46.5,6.6,1200.0,1.5,3.5,12,9.8100004196167,98.0999984741211,11.984000244140624,0.0,1200.0,True,True,True,True,True,True,True,True,True,True,True,True,True,True,True,True,False,False,False,False,False,False,False
213327,STATE_PREFLIGHT,12.4,0.05,0.1,0.45,0.0,0.0,0.09810000419616699,0.0010000000149011613,0.0020000000298023225,0.0030000001192092896,0.12300000190734864,0.45599998474121095,0.789000015258789,980.5,25.0,0.0,0.0,0.980999984741211,1,46.5,6.6,1200.0,1.5,3.5,12,9.8100004196167,98.0999984741211,11.984000244140624,0.0,1200.0,True,True,True,True,True,True,True,True,True,True,True,True,True,True,True,True,False,False,False,False,False,False,False
213838,STATE_PREFLIGHT,12.4,0.05,0.1,0.45,0.0,0.0,0.09810000419616699,0.0010000000149011613,0.0020000000298023225,0.0030000001192092896,0.12300000190734864,0.45599998474121095,0.789000015258789,980.5,25.0,0.0,0.0,0.980999984741211,1,46.5,6.6,1200.0,1.5,3.5,12,9.8100004196167,98.0999984741211,11.984000244140624,0.0,1200.0,True,True,True,True,True,True,True,True,True,True,True,True,True,True,True,True,False,False,False,False,False,False,False
214349,STATE_PREFLIGHT,12.4,0.05,0.1,0.45,0.0,0.0,0.09810000419616699,0.0010000000149011613,0.0020000000298023225,0.0030000001192092896,0.12300000190734864,0.45599998474121095,0.789000015258789,980.5,25.0,0.0,0.0,0.980999984741211,1,46.5,6.6,1200.0,1.5,3.5,12,9.8100004196167,98.0999984741211,11.984000244140624,0.0,1200.0,True,True,True,True,True,True,True,True,True,True,True,True,True,True,True,True,False,False,False,False,False,False,False
214860,STATE_PREFLIGHT,12.4,0.05,0.1,0.45,0.0,0.0,0.09810000419616699,0.0010000000149011613,0.0020000000298023225,0.0030000001192092896,0.12300000190734864,0.45599998474121095,0.789000015258789,980.5,25.0,0.0,0.0,0.980999984741211,1,46.5,6.6,1200.0,1.5,3.5,12,9.8100004196167,98.0999984741211,11.984000244140624,0.0,1200.0,True,True,True,True,True,True,True,True,True,True,True,True,True,True,True,True,False,False,False,False,False,False,False
215370,STATE_PREFLIGHT,12.4,0.05,0.1,0.45,0.0,0.0,0.09810000419616699,0.0010000000149011613,0.0020000000298023225,0.0030000001192092896,0.12300000190734864,0.45599998474121095,0.789000015258789,980.5,25.0,0.0,0.0,0.980999984741211,1,46.5,6.6,1200.0,1.5,3.5,12,9.8100004196167,98.0999984741211,11.984000244140624,0.0,1200.0,True,True,True,True,True,True,True,True,True,True,True,True,True,True,True,True,False,False,False,False,False,False,False
215876,STATE_PREFLIGHT,12.4,0.05,0.1,0.45,0.0,0.0,0.09810000419616699,0.0010000000149011613,0.0020000000298023225,0.0030000001192092896,0.12300000190734864,0.45599998474121095,0.789000015258789,980.5,25.0,0.0,0.0,0.980999984741211,1,46.5,6.6,1200.0,1.5,3.5,12,9.8100004196167,98.0999984741211,11.984000244140624,0.0,1200.0,True,True,True,True,True,True,True,True,True,True,True,True,True,True,True,True,False,False,False,False,False,False,False
216386,STATE_PREFLIGHT,12.4,0.05,0.1,0.45,0.0,0.0,0.09810000419616699,0.0010000000149011613,0.0020000000298023225,0.0030000001192092896,0.12300000190734864,0.45599998474121095,0.789000015258789,980.5,25.0,0.0,0.0,0.980999984741211,1,46.5,6.6,1200.0,1.5,3.5,12,9.8100004196167,98.0999984741211,11.984000244140624,0.0,1200.0,True,True,True,True,True,True,True,True,True,True,True,True,True,True,True,True,False,False,False,False,False,False,False
216897,STATE_PREFLIGHT,12.4,0.05,0.1,0.45,0.0,0.0,0.09810000419616699,0.0010000000149011613,0.0020000000298023225,0.0030000001192092896,0.12300000190734864,0.45599998474121095,0.789000015258789,980.5,25.0,0.0,0.0,0.980999984741211,1,46.5,6.6,1200.0,1.5,3.5,12,9.8100004196167,98.0999984741211,11.984000244140624,0.0,1200.0,True,True,True,True,True,True,True,True,True,True,True,True,True,True,True,True,False,False,False,False,False,False,False
217404,STATE_PREFLIGHT,12.4,0.05,0.1,0.45,0.0,0.0,0.09810000419616699,0.0010000000149011613,0.0020000000298023225,0.0030000001192092896,0.12300000190734864,0.45599998474121095,0.789000015258789,980.5,25.0,0.0,0.0,0.980999984741211,1,46.5,6.6,1200.0,1.5,3.5,12,9.8100004196167,98.0999984741211,11.984000244140624,0.0,1200.0,True,True,True,True,True,True,True,True,True,True,True,True,True,True,True,True,False,False,False,False,False,False,False
217910,STATE_PREFLIGHT,12.4,0.05,0.1,0.45,0.0,0.0,0.09810000419616699,0.0010000000149011613,0.0020000000298023225,0.0030000001192092896,0.12300000190734864,0.45599998474121095,0.789000015258789,980.5,25.0,0.0,0.0,0.980999984741211,1,46.5,6.6,1200.0,1.5,3.5,12,9.8100004196167,98.0999984741211,11.984000244140624,0.0,1200.0,True,True,True,True,True,True,True,True,True,True,True,True,True,True,True,True,False,False,False,False,False,False,False
218412,STATE_PREFLIGHT,12.4,0.05,0.1,0.45,0.0,0.0,0.09810000419616699,0.0010000000149011613,0.0020000000298023225,0.0030000001192092896,0.12300000190734864,0.45599998474121095,0.789000015258789,980.5,25.0,0.0,0.0,0.980999984741211,1,46.5,6.6,1200.0,1.5,3.5,12,9.8100004196167,98.0999984741211,11.984000244140624,0.0,1200.0,True,True,True,True,True,True,True,True,True,True,True,True,True,True,True,True,False,False,False,False,False,False,False
218921,STATE_PREFLIGHT,12.4,0.05,0.1,0.45,0.0,0.0,0.09810000419616699,0.0010000000149011613,0.0020000000298023225,0.0030000001192092896,0.12300000190734864,0.45599998474121095,0.789000015258789,980.5,25.0,0.0,0.0,0.980999984741211,1,46.5,6.6,1200.0,1.5,3.5,12,9.8100004196167,98.0999984741211,11.984000244140624,0.0,1200.0,True,True,True,True,True,True,True,True,True,True,True,True,True,True,True,True,False,False,False,False,False,False,False
219432,STATE_PREFLIGHT,12.4,0.05,0.1,0.45,0.0,0.0,0.09810000419616699,0.0010000000149011613,0.0020000000298023225,0.0030000001192092896,0.12300000190734864,0.45599998474121095,0.789000015258789,980.5,25.0,0.0,0.0,0.980999984741211,1,46.5,6.6,1200.0,1.5,3.5,12,9.8100004196167,98.0999984741211,11.984000244140624,0.0,1200.0,True,True,True,True,True,True,True,True,True,True,True,True,True,True,True,True,False,False,False,False,False,False,False
219939,STATE_PREFLIGHT,12.4,0.05,0.1,0.45,0.0,0.0,0.09810000419616699,0.0010000000149011613,0.0020000000298023225,0.0030000001192092896,0.12300000190734864,0.45599998474121095,0.789000015258789,980.5,25.0,0.0,0.0,0.980999984741211,1,46.5,6.6,1200.0,1.5,3.5,12,9.8100004196167,98.0999984741211,11.984000244140624,0.0,1200.0,True,True,True,True,True,True,True,True,True,True,True,True,True,True,True,True,False,False,False,False,False,False,False
220443,STATE_PREFLIGHT,12.4,0.05,0.1,0.45,0.0,0.0,0.09810000419616699,0.0010000000149011613,0.0020000000298023225,0.0030000001192092896,0.12300000190734864,0.45599998474121095,0.789000015258789,980.5,25.0,0.0,0.0,0.980999984741211,1,46.5,6.6,1200.0,1.5,3.5,12,9.8100004196167,98.0999984741211,11.984000244140624,0.0,1200.0,True,True,True,True,True,True,True,True,True,True,True,True,True,True,True,True,False,False,False,False,False,False,False
220951,STATE_PREFLIGHT,12.4,0.05,0.1,0.45,0.0,0.0,0.09810000419616699,0.0010000000149011613,0.0020000000298023225,0.0030000001192092896,0.12300000190734864,0.45599998474121095,0.789000015258789,980.5,25.0,0.0,0.0,0.980999984741211,1,46.5,6.6,1200.0,1.5,3.5,12,9.8100004196167,98.0999984741211,11.984000244140624,0.0,1200.0,True,True,True,True,True,True,True,True,True,True,True,True,True,True,True,True,False,False,False,False,False,False,False
221460,STATE_PREFLIGHT,12.4,0.05,0.1,0.45,0.0,0.0,0.09810000419616699,0.0010000000149011613,0.0020000000298023225,0.0030000001192092896,0.12300000190734864,0.45599998474121095,0.789000015258789,980.5,25.0,0.0,0.0,0.980999984741211,1,46.5,6.6,1200.0,1.5,3.5,12,9.8100004196167,98.0999984741211,11.984000244140624,0.0,1200.0,True,True,True,True,True,True,True,True,True,True,True,True,True,True,True,True,False,False,False,False,False,False,False
221965,STATE_PREFLIGHT,12.4,0.05,0.1,0.45,0.0,0.0,0.09810000419616699,0.0010000000149011613,0.0020000000298023225,0.0030000001192092896,0.12300000190734864,0.45599998474121095,0.789000015258789,980.5,25.0,0.0,0.0,0.980999984741211,1,46.5,6.6,1200.0,1.5,3.5,12,9.8100004196167,98.0999984741211,11.984000244140624,0.0,1200.0,True,True,True,True,True,True,True,True,True,True,True,True,True,True,True,True,False,False,False,False,False,False,False
222476,STATE_PREFLIGHT,12.4,0.05,0.1,0.45,0.0,0.0,0.09810000419616699,0.0010000000149011613,0.0020000000298023225,0.0030000001192092896,0.12300000190734864,0.45599998474121095,0.789000015258789,980.5,25.0,0.0,0.0,0.980999984741211,1,46.5,6.6,1200.0,1.5,3.5,12,9.8100004196167,98.0999984741211,11.984000244140624,0.0,1200.0,True,True,True,True,True,True,True,True,True,True,True,True,True,True,True,True,False,False,False,False,False,False,False
222982,STATE_PREFLIGHT,12.4,0.05,0.1,0.45,0.0,0.0,0.09810000419616699,0.0010000000149011613,0.0020000000298023225,0.0030000001192092896,0.12300000190734864,0.45599998474121095,0.789000015258789,980.5,25.0,0.0,0.0,0.980999984741211,1,46.5,6.6,1200.0,1.5,3.5,12,9.8100004196167,98.0999984741211,11.984000244140624,0.0,1200.0,True,True,True,True,True,True,True,True,True,True,True,True,True,True,True,True,False,False,False,False,False,False,False
223493,STATE_PREFLIGHT,12.4,0.05,0.1,0.45,0.0,0.0,0.09810000419616699,0.0010000000149011613,0.0020000000298023225,0.0030000001192092896,0.12300000190734864,0.45599998474121095,0.789000015258789,980.5,25.0,0.0,0.0,0.980999984741211,1,46.5,6.6,1200.0,1.5,3.5,12,9.8100004196167,98.0999984741211,11.984000244140624,0.0,1200.0,True,True,True,True,True,True,True,True,True,True,True,True,True,True,True,True,False,False,False,False,False,False,False
224001,STATE_PREFLIGHT,12.4,0.05,0.1,0.45,0.0,0.0,0.09810000419616699,0.0010000000149011613,0.0020000000298023225,0.0030000001192092896,0.12300000190734864,0.45599998474121095,0.789000015258789,980.5,25.0,0.0,0.0,0.980999984741211,1,46.5,6.6,1200.0,1.5,3.5,12,9.8100004196167,98.0999984741211,11.984000244140624,0.0,1200.0,True,True,True,True,True,True,True,True,True,True,True,True,True,True,True,True,False,False,False,False,False,False,False
224507,STATE_PREFLIGHT,12.4,0.05,0.1,0.45,0.0,0.0,0.09810000419616699,0.0010000000149011613,0.0020000000298023225,0.0030000001192092896,0.12300000190734864,0.45599998474121095,0.789000015258789,980.5,25.0,0.0,0.0,0.980999984741211,1,46.5,6.6,1200.0,1.5,3.5,12,9.8100004196167,98.0999984741211,11.984000244140624,0.0,1200.0,True,True,True,True,True,True,True,True,True,True,True,True,True,True,True,True,False,False,False,False,False,False,False
225017,STATE_PREFLIGHT,12.4,0.05,0.1,0.45,0.0,0.0,0.09810000419616699,0.0010000000149011613,0.0020000000298023225,0.0030000001192092896,0.12300000190734864,0.45599998474121095,0.789000015258789,980.5,25.0,0.0,0.0,0.980999984741211,1,46.5,6.6,1200.0,1.5,3.5,12,9.8100004196167,98.0999984741211,11.984000244140624,0.0,1200.0,True,True,True,True,True,True,True,True,True,True,True,True,True,True,True,True,False,False,False,False,False,False,False
225526,STATE_PREFLIGHT,12.4,0.05,0.1,0.45,0.0,0.0,0.09810000419616699,0.0010000000149011613,0.0020000000298023225,0.0030000001192092896,0.12300000190734864,0.45599998474121095,0.789000015258789,980.5,25.0,0.0,0.0,0.980999984741211,1,46.5,6.6,1200.0,1.5,3.5,12,9.8100004196167,98.0999984741211,11.984000244140624,0.0,1200.0,True,True,True,True,True,True,True,True,True,True,True,True,True,True,True,True,False,False,False,False,False,False,False
226030,STATE_PREFLIGHT,12.4,0.05,0.1,0.45,0.0,0.0,0.09810000419616699,0.0010000000149011613,0.0020000000298023225,0.0030000001192092896,0.12300000190734864,0.45599998474121095,0.789000015258789,980.5,25.0,0.0,0.0,0.980999984741211,1,46.5,6.6,1200.0,1.5,3.5,12,9.8100004196167,98.0999984741211,11.984000244140624,0.0,1200.0,True,True,True,True,True,True,True,True,True,True,True,True,True,True,True,True,False,False,False,False,False,False,False
226541,STATE_PREFLIGHT,12.4,0.05,0.1,0.45,0.0,0.0,0.09810000419616699,0.0010000000149011613,0.0020000000298023225,0.0030000001192092896,0.12300000190734864,0.45599998474121095,0.789000015258789,980.5,25.0,0.0,0.0,0.980999984741211,1,46.5,6.6,1200.0,1.5,3.5,12,9.8100004196167,98.0999984741211,11.984000244140624,0.0,1200.0,True,True,True,True,True,True,True,True,True,True,True,True,True,True,True,True,False,False,False,False,False,False,False
227046,STATE_PREFLIGHT,12.4,0.05,0.1,0.45,0.0,0.0,0.09810000419616699,0.0010000000149011613,0.0020000000298023225,0.0030000001192092896,0.12300000190734864,0.45599998474121095,0.789000015258789,980.5,25.0,0.0,0.0,0.980999984741211,1,46.5,6.6,1200.0,1.5,3.5,12,9.8100004196167,98.0999984741211,11.984000244140624,0.0,1200.0,True,True,True,True,True,True,True,True,True,True,True,True,True,True,True,True,False,False,False,False,False,False,False
227553,STATE_PREFLIGHT,12.4,0.05,0.1,0.45,0.0,0.0,0.09810000419616699,0.0010000000149011613,0.0020000000298023225,0.0030000001192092896,0.12300000190734864,0.45599998474121095,0.789000015258789,980.5,25.0,0.0,0.0,0.980999984741211,1,46.5,6.6,1200.0,1.5,3.5,12,9.8100004196167,98.0999984741211,11.984000244140624,0.0,1200.0,True,True,True,True,True,True,True,True,True,True,True,True,True,True,True,True,False,False,False,False,False,False,False
228060,STATE_PREFLIGHT,12.4,0.05,0.1,0.45,0.0,0.0,0.09810000419616699,0.0010000000149011613,0.0020000000298023225,0.0030000001192092896,0.12300000190734864,0.45599998474121095,0.789000015258789,980.5,25.0,0.0,0.0,0.980999984741211,1,46.5,6.6,1200.0,1.5,3.5,12,9.8100004196167,98.0999984741211,11.984000244140624,0.0,1200.0,True,True,True,True,True,True,True,True,True,True,True,True,True,True,True,True,False,False,False,False,False,False,False
228567,STATE_PREFLIGHT,12.4,0.05,0.1,0.45,0.0,0.0,0.09810000419616699,0.0010000000149011613,0.0020000000298023225,0.0030000001192092896,0.12300000190734864,0.45599998474121095,0.789000015258789,980.5,25.0,0.0,0.0,0.980999984741211,1,46.5,6.6,1200.0,1.5,3.5,12,9.8100004196167,98.0999984741211,11.984000244140624,0.0,1200.0,True,True,True,True,True,True,True,True,True,True,True,True,True,True,True,True,False,False,False,False,False,False,False
229075,STATE_PREFLIGHT,12.4,0.05,0.1,0.45,0.0,0.0,0.09810000419616699,0.0010000000149011613,0.0020000000298023225,0.0030000001192092896,0.12300000190734864,0.45599998474121095,0.789000015258789,980.5,25.0,0.0,0.0,0.980999984741211,1,46.5,6.6,1200.0,1.5,3.5,12,9.8100004196167,98.0999984741211,11.984000244140624,0.0,1200.0,True,True,True,True,True,True,True,True,True,True,True,True,True,True,True,True,False,False,False,False,False,False,False
229585,STATE_PREFLIGHT,12.4,0.05,0.1,0.45,0.0,0.0,0.09810000419616699,0.0010000000149011613,0.0020000000298023225,0.0030000001192092896,0.12300000190734864,0.45599998474121095,0.789000015258789,980.5,25.0,0.0,0.0,0.980999984741211,1,46.5,6.6,1200.0,1.5,3.5,12,9.8100004196167,98.0999984741211,11.984000244140624,0.0,1200.0,True,True,True,True,True,True,True,True,True,True,True,True,True,True,True,True,False,False,False,False,False,False,False
230096,STATE_PREFLIGHT,12.4,0.05,0.1,0.45,0.0,0.0,0.09810000419616699,0.0010000000149011613,0.0020000000298023225,0.0030000001192092896,0.12300000190734864,0.45599998474121095,0.789000015258789,980.5,25.0,0.0,0.0,0.980999984741211,1,46.5,6.6,1200.0,1.5,3.5,12,9.8100004196167,98.0999984741211,11.984000244140624,0.0,1200.0,True,True,True,True,True,True,True,True,True,True,True,True,True,True,True,True,False,False,False,False,False,False,False
230607,STATE_PREFLIGHT,12.4,0.05,0.1,0.45,0.0,0.0,0.09810000419616699,0.0010000000149011613,0.0020000000298023225,0.0030000001192092896,0.12300000190734864,0.45599998474121095,0.789000015258789,980.5,25.0,0.0,0.0,0.980999984741211,1,46.5,6.6,1200.0,1.5,3.5,12,9.8100004196167,98.0999984741211,11.984000244140624,0.0,1200.0,True,True,True,True,True,True,True,True,True,True,True,True,True,True,True,True,False,False,False,False,False,False,False
231117,STATE_PREFLIGHT,12.4,0.05,0.1,0.45,0.0,0.0,0.09810000419616699,0.0010000000149011613,0.0020000000298023225,0.0030000001192092896,0.12300000190734864,0.45599998474121095,0.789000015258789,980.5,25.0,0.0,0.0,0.980999984741211,1,46.5,6.6,1200.0,1.5,3.5,12,9.8100004196167,98.0999984741211,11.984000244140624,0.0,1200.0,True,True,True,True,True,True,True,True,True,True,True,True,True,True,True,True,False,False,False,False,False,False,False
231623,STATE_PREFLIGHT,12.4,0.05,0.1,0.45,0.0,0.0,0.09810000419616699,0.0010000000149011613,0.0020000000298023225,0.0030000001192092896,0.12300000190734864,0.45599998474121095,0.789000015258789,980.5,25.0,0.0,0.0,0.980999984741211,1,46.5,6.6,1200.0,1.5,3.5,12,9.8100004196167,98.0999984741211,11.984000244140624,0.0,1200.0,True,True,True,True,True,True,True,True,True,True,True,True,True,True,True,True,False,False,False,False,False,False,False
232132,STATE_PREFLIGHT,12.4,0.05,0.1,0.45,0.0,0.0,0.09810000419616699,0.0010000000149011613,0.0020000000298023225,0.0030000001192092896,0.12300000190734864,0.45599998474121095,0.789000015258789,980.5,25.0,0.0,0.0,0.980999984741211,1,46.5,6.6,1200.0,1.5,3.5,12,9.8100004196167,98.0999984741211,11.984000244140624,0.0,1200.0,True,True,True,True,True,True,True,True,True,True,True,True,True,True,True,True,False,False,False,False,False,False,False
232637,STATE_PREFLIGHT,12.4,0.05,0.1,0.45,0.0,0.0,0.09810000419616699,0.0010000000149011613,0.0020000000298023225,0.0030000001192092896,0.12300000190734864,0.45599998474121095,0.789000015258789,980.5,25.0,0.0,0.0,0.980999984741211,1,46.5,6.6,1200.0,1.5,3.5,12,9.8100004196167,98.0999984741211,11.984000244140624,0.0,1200.0,True,True,True,True,True,True,True,True,True,True,True,True,True,True,True,True,False,False,False,False,False,False,False
233148,STATE_PREFLIGHT,12.4,0.05,0.1,0.45,0.0,0.0,0.09810000419616699,0.0010000000149011613,0.0020000000298023225,0.0030000001192092896,0.12300000190734864,0.45599998474121095,0.789000015258789,980.5,25.0,0.0,0.0,0.980999984741211,1,46.5,6.6,1200.0,1.5,3.5,12,9.8100004196167,98.0999984741211,11.984000244140624,0.0,1200.0,True,True,True,True,True,True,True,True,True,True,True,True,True,True,True,True,False,False,False,False,False,False,False
233655,STATE_PREFLIGHT,12.4,0.05,0.1,0.45,0.0,0.0,0.09810000419616699,0.0010000000149011613,0.0020000000298023225,0.0030000001192092896,0.12300000190734864,0.45599998474121095,0.789000015258789,980.5,25.0,0.0,0.0,0.980999984741211,1,46.5,6.6,1200.0,1.5,3.5,12,9.8100004196167,98.0999984741211,11.984000244140624,0.0,1200.0,True,True,True,True,True,True,True,True,True,True,True,True,True,True,True,True,False,False,False,False,False,False,False
234169,STATE_PREFLIGHT,12.4,0.05,0.1,0.45,0.0,0.0,0.09810000419616699,0.0010000000149011613,0.0020000000298023225,0.0030000001192092896,0.12300000190734864,0.45599998474121095,0.789000015258789,980.5,25.0,0.0,0.0,0.980999984741211,1,46.5,6.6,1200.0,1.5,3.5,12,9.8100004196167,98.0999984741211,11.984000244140624,0.0,1200.0,True,True,True,True,True,True,True,True,True,True,True,True,True,True,True,True,False,False,False,False,False,False,False
234680,STATE_PREFLIGHT,12.4,0.05,0.1,0.45,0.0,0.0,0.09810000419616699,0.0010000000149011613,0.0020000000298023225,0.0030000001192092896,0.12300000190734864,0.45599998474121095,0.789000015258789,980.5,25.0,0.0,0.0,0.980999984741211,1,46.5,6.6,1200.0,1.5,3.5,12,9.8100004196167,98.0999984741211,11.984000244140624,0.0,1200.0,True,True,True,True,True,True,True,True,True,True,True,True,True,True,True,True,False,False,False,False,False,False,False
235188,STATE_PREFLIGHT,12.4,0.05,0.1,0.45,0.0,0.0,0.09810000419616699,0.0010000000149011613,0.0020000000298023225,0.0030000001192092896,0.12300000190734864,0.45599998474121095,0.789000015258789,980.5,25.0,0.0,0.0,0.980999984741211,1,46.5,6.6,1200.0,1.5,3.5,12,9.8100004196167,98.0999984741211,11.984000244140624,0.0,1200.0,True,True,True,True,True,True,True,True,True,True,True,True,True,True,True,True,False,False,False,False,False,False,False
235695,STATE_PREFLIGHT,12.4,0.05,0.1,0.45,0.0,0.0,0.09810000419616699,0.0010000000149011613,0.0020000000298023225,0.0030000001192092896,0.12300000190734864,0.45599998474121095,0.789000015258789,980.5,25.0,0.0,0.0,0.980999984741211,1,46.5,6.6,1200.0,1.5,3.5,12,9.8100004196167,98.0999984741211,11.984000244140624,0.0,1200.0,True,True,True,True,True,True,True,True,True,True,True,True,True,True,True,True,False,False,False,False,False,False,False
236206,STATE_PREFLIGHT,12.4,0.05,0.1,0.45,0.0,0.0,0.09810000419616699,0.0010000000149011613,0.0020000000298023225,0.0030000001192092896,0.12300000190734864,0.45599998474121095,0.789000015258789,980.5,25.0,0.0,0.0,0.980999984741211,1,46.5,6.6,1200.0,1.5,3.5,12,9.8100004196167,98.0999984741211,11.984000244140624,0.0,1200.0,True,True,True,True,True,True,True,True,True,True,True,True,True,True,True,True,False,False,False,False,False,False,False
236716,STATE_PREFLIGHT,12.4,0.05,0.1,0.45,0.0,0.0,0.09810000419616699,0.0010000000149011613,0.0020000000298023225,0.0030000001192092896,0.12300000190734864,0.45599998474121095,0.789000015258789,980.5,25.0,0.0,0.0,0.980999984741211,1,46.5,6.6,1200.0,1.5,3.5,12,9.8100004196167,98.0999984741211,11.984000244140624,0.0,1200.0,True,True,True,True,True,True,True,True,True,True,True,True,True,True,True,True,False,False,False,False,False,False,False
237223,STATE_PREFLIGHT,12.4,0.05,0.1,0.45,0.0,0.0,0.09810000419616699,0.0010000000149011613,0.0020000000298023225,0.0030000001192092896,0.12300000190734864,0.45599998474121095,0.789000015258789,980.5,25.0,0.0,0.0,0.980999984741211,1,46.5,6.6,1200.0,1.5,3.5,12,9.8100004196167,98.0999984741211,11.984000244140624,0.0,1200.0,True,True,True,True,True,True,True,True,True,True,True,True,True,True,True,True,False,False,False,False,False,False,False
237732,STATE_PREFLIGHT,12.4,0.05,0.1,0.45,0.0,0.0,0.09810000419616699,0.0010000000149011613,0.0020000000298023225,0.0030000001192092896,0.12300000190734864,0.45599998474121095,0.789000015258789,980.5,25.0,0.0,0.0,0.980999984741211,1,46.5,6.6,1200.0,1.5,3.5,12,9.8100004196167,98.0999984741211,11.984000244140624,0.0,1200.0,True,True,True,True,True,True,True,True,True,True,True,True,True,True,True,True,False,False,False,False,False,False,False
238242,STATE_PREFLIGHT,12.4,0.05,0.1,0.45,0.0,0.0,0.09810000419616699,0.0010000000149011613,0.0020000000298023225,0.0030000001192092896,0.12300000190734864,0.45599998474121095,0.789000015258789,980.5,25.0,0.0,0.0,0.980999984741211,1,46.5,6.6,1200.0,1.5,3.5,12,9.8100004196167,98.0999984741211,11.984000244140624,0.0,1200.0,True,True,True,True,True,True,True,True,True,True,True,True,True,True,True,True,False,False,False,False,False,False,False
238748,STATE_PREFLIGHT,12.4,0.05,0.1,0.45,0.0,0.0,0.09810000419616699,0.0010000000149011613,0.0020000000298023225,0.0030000001192092896,0.12300000190734864,0.45599998474121095,0.789000015258789,980.5,25.0,0.0,0.0,0.980999984741211,1,46.5,6.6,1200.0,1.5,3.5,12,9.8100004196167,98.0999984741211,11.984000244140624,0.0,1200.0,True,True,True,True,True,True,True,True,True,True,True,True,True,True,True,True,False,False,False,False,False,False,False
239256,STATE_PREFLIGHT,12.4,0.05,0.1,0.45,0.0,0.0,0.09810000419616699,0.0010000000149011613,0.0020000000298023225,0.0030000001192092896,0.12300000190734864,0.45599998474121095,0.789000015258789,980.5,25.0,0.0,0.0,0.980999984741211,1,46.5,6.6,1200.0,1.5,3.5,12,9.8100004196167,98.0999984741211,11.984000244140624,0.0,1200.0,True,True,True,True,True,True,True,True,True,True,True,True,True,True,True,True,False,False,False,False,False,False,False
239767,STATE_PREFLIGHT,12.4,0.05,0.1,0.45,0.0,0.0,0.09810000419616699,0.0010000000149011613,0.0020000000298023225,0.0030000001192092896,0.12300000190734864,0.45599998474121095,0.789000015258789,980.5,25.0,0.0,0.0,0.980999984741211,1,46.5,6.6,1200.0,1.5,3.5,12,9.8100004196167,98.0999984741211,11.984000244140624,0.0,1200.0,True,True,True,True,True,True,True,True,True,True,True,True,True,True,True,True,False,False,False,False,False,False,False
240273,STATE_PREFLIGHT,12.4,0.05,0.1,0.45,0.0,0.0,0.09810000419616699,0.0010000000149011613,0.0020000000298023225,0.0030000001192092896,0.12300000190734864,0.45599998474121095,0.789000015258789,980.5,25.0,0.0,0.0,0.980999984741211,1,46.5,6.6,1200.0,1.5,3.5,12,9.8100004196167,98.0999984741211,11.984000244140624,0.0,1200.0,True,True,True,True,True,True,True,True,True,True,True,True,True,True,True,True,False,False,False,False,False,False,False
240784,STATE_PREFLIGHT,12.4,0.05,0.1,0.45,0.0,0.0,0.09810000419616699,0.0010000000149011613,0.0020000000298023225,0.0030000001192092896,0.12300000190734864,0.45599998474121095,0.789000015258789,980.5,25.0,0.0,0.0,0.980999984741211,1,46.5,6.6,1200.0,1.5,3.5,12,9.8100004196167,98.0999984741211,11.984000244140624,0.0,1200.0,True,True,True,True,True,True,True,True,True,True,True,True,True,True,True,True,False,False,False,False,False,False,False
241295,STATE_PREFLIGHT,12.4,0.05,0.1,0.45,0.0,0.0,0.09810000419616699,0.0010000000149011613,0.0020000000298023225,0.0030000001192092896,0.12300000190734864,0.45599998474121095,0.789000015258789,980.5,25.0,0.0,0.0,0.980999984741211,1,46.5,6.6,1200.0,1.5,3.5,12,9.8100004196167,98.0999984741211,11.984000244140624,0.0,1200.0,True,True,True,True,True,True,True,True,True,True,True,True,True,True,True,True,False,False,False,False,False,False,False
241805,STATE_PREFLIGHT,12.4,0.05,0.1,0.45,0.0,0.0,0.09810000419616699,0.0010000000149011613,0.0020000000298023225,0.0030000001192092896,0.12300000190734864,0.45599998474121095,0.789000015258789,980.5,25.0,0.0,0.0,0.980999984741211,1,46.5,6.6,1200.0,1.5,3.5,12,9.8100004196167,98.0999984741211,11.984000244140624,0.0,1200.0,True,True,True,True,True,True,True,True,True,True,True,True,True,True,True,True,False,False,False,False,False,False,False
242310,STATE_PREFLIGHT,12.4,0.05,0.1,0.45,0.0,0.0,0.09810000419616699,0.0010000000149011613,0.0020000000298023225,0.0030000001192092896,0.12300000190734864,0.45599998474121095,0.789000015258789,980.5,25.0,0.0,0.0,0.980999984741211,1,46.5,6.6,1200.0,1.5,3.5,12,9.8100004196167,98.0999984741211,11.984000244140624,0.0,1200.0,True,True,True,True,True,True,True,True,True,True,True,True,True,True,True,True,False,False,False,False,False,False,False
242818,STATE_PREFLIGHT,12.4,0.05,0.1,0.45,0.0,0.0,0.09810000419616699,0.0010000000149011613,0.0020000000298023225,0.0030000001192092896,0.12300000190734864,0.45599998474121095,0.789000015258789,980.5,25.0,0.0,0.0,0.980999984741211,1,46.5,6.6,1200.0,1.5,3.5,12,9.8100004196167,98.0999984741211,11.984000244140624,0.0,1200.0,True,True,True,True,True,True,True,True,True,True,True,True,True,True,True,True,False,False,False,False,False,False,False
243328,STATE_PREFLIGHT,12.4,0.05,0.1,0.45,0.0,0.0,0.09810000419616699,0.0010000000149011613,0.0020000000298023225,0.0030000001192092896,0.12300000190734864,0.45599998474121095,0.789000015258789,980.5,25.0,0.0,0.0,0.980999984741211,1,46.5,6.6,1200.0,1.5,3.5,12,9.8100004196167,98.0999984741211,11.984000244140624,0.0,1200.0,True,True,True,True,True,True,True,True,True,True,True,True,True,True,True,True,False,False,False,False,False,False,False
243837,STATE_PREFLIGHT,12.4,0.05,0.1,0.45,0.0,0.0,0.09810000419616699,0.0010000000149011613,0.0020000000298023225,0.0030000001192092896,0.12300000190734864,0.45599998474121095,0.789000015258789,980.5,25.0,0.0,0.0,0.980999984741211,1,46.5,6.6,1200.0,1.5,3.5,12,9.8100004196167,98.0999984741211,11.984000244140624,0.0,1200.0,True,True,True,True,True,True,True,True,True,True,True,True,True,True,True,True,False,False,False,False,False,False,False
244345,STATE_PREFLIGHT,12.4,0.05,0.1,0.45,0.0,0.0,0.09810000419616699,0.0010000000149011613,0.0020000000298023225,0.0030000001192092896,0.12300000190734864,0.45599998474121095,0.789000015258789,980.5,25.0,0.0,0.0,0.980999984741211,1,46.5,6.6,1200.0,1.5,3.5,12,9.8100004196167,98.0999984741211,11.984000244140624,0.0,1200.0,True,True,True,True,True,True,True,True,True,True,True,True,True,True,True,True,False,False,False,False,False,False,False
244854,STATE_PREFLIGHT,12.4,0.05,0.1,0.45,0.0,0.0,0.09810000419616699,0.0010000000149011613,0.0020000000298023225,0.0030000001192092896,0.12300000190734864,0.45599998474121095,0.789000015258789,980.5,25.0,0.0,0.0,0.980999984741211,1,46.5,6.6,1200.0,1.5,3.5,12,9.8100004196167,98.0999984741211,11.984000244140624,0.0,1200.0,True,True,True,True,True,True,True,True,True,True,True,True,True,True,True,True,False,False,False,False,False,False,False
245360,STATE_PREFLIGHT,12.4,0.05,0.1,0.45,0.0,0.0,0.09810000419616699,0.0010000000149011613,0.0020000000298023225,0.0030000001192092896,0.12300000190734864,0.45599998474121095,0.789000015258789,980.5,25.0,0.0,0.0,0.980999984741211,1,46.5,6.6,1200.0,1.5,3.5,12,9.8100004196167,98.0999984741211,11.984000244140624,0.0,1200.0,True,True,True,True,True,True,True,True,True,True,True,True,True,True,True,True,False,False,False,False,False,False,False
245869,STATE_PREFLIGHT,12.4,0.05,0.1,0.45,0.0,0.0,0.09810000419616699,0.0010000000149011613,0.0020000000298023225,0.0030000001192092896,0.12300000190734864,0.45599998474121095,0.789000015258789,980.5,25.0,0.0,0.0,0.980999984741211,1,46.5,6.6,1200.0,1.5,3.5,12,9.8100004196167,98.0999984741211,11.984000244140624,0.0,1200.0,True,True,True,True,True,True,True,True,True,True,True,True,True,True,True,True,False,False,False,False,False,False,False
246380,STATE_PREFLIGHT,12.4,0.05,0.1,0.45,0.0,0.0,0.09810000419616699,0.0010000000149011613,0.0020000000298023225,0.0030000001192092896,0.12300000190734864,0.45599998474121095,0.789000015258789,980.5,25.0,0.0,0.0,0.980999984741211,1,46.5,6.6,1200.0,1.5,3.5,12,9.8100004196167,98.0999984741211,11.984000244140624,0.0,1200.0,True,True,True,True,True,True,True,True,True,True,True,True,True,True,True,True,False,False,False,False,False,False,False
246889,STATE_PREFLIGHT,12.4,0.05,0.1,0.45,0.0,0.0,0.09810000419616699,0.0010000000149011613,0.0020000000298023225,0.0030000001192092896,0.12300000190734864,0.45599998474121095,0.789000015258789,980.5,25.0,0.0,0.0,0.980999984741211,1,46.5,6.6,1200.0,1.5,3.5,12,9.8100004196167,98.0999984741211,11.984000244140624,0.0,1200.0,True,True,True,True,True,True,True,True,True,True,True,True,True,True,True,True,False,False,False,False,False,False,False
247399,STATE_PREFLIGHT,12.4,0.05,0.1,0.45,0.0,0.0,0.09810000419616699,0.0010000000149011613,0.0020000000298023225,0.0030000001192092896,0.12300000190734864,0.45599998474121095,0.789000015258789,980.5,25.0,0.0,0.0,0.980999984741211,1,46.5,6.6,1200.0,1.5,3.5,12,9.8100004196167,98.0999984741211,11.984000244140624,0.0,1200.0,True,True,True,True,True,True,True,True,True,True,True,True,True,True,True,True,False,False,False,False,False,False,False
247905,STATE_PREFLIGHT,12.4,0.05,0.1,0.45,0.0,0.0,0.09810000419616699,0.0010000000149011613,0.0020000000298023225,0.0030000001192092896,0.12300000190734864,0.45599998474121095,0.789000015258789,980.5,25.0,0.0,0.0,0.980999984741211,1,46.5,6.6,1200.0,1.5,3.5,12,9.8100004196167,98.0999984741211,11.984000244140624,0.0,1200.0,True,True,True,True,True,True,True,True,True,True,True,True,True,True,True,True,False,False,False,False,False,False,False
248410,STATE_PREFLIGHT,12.4,0.05,0.1,0.45,0.0,0.0,0.09810000419616699,0.0010000000149011613,0.0020000000298023225,0.0030000001192092896,0.12300000190734864,0.45599998474121095,0.789000015258789,980.5,25.0,0.0,0.0,0.980999984741211,1,46.5,6.6,1200.0,1.5,3.5,12,9.8100004196167,98.0999984741211,11.984000244140624,0.0,1200.0,True,True,True,True,True,True,True,True,True,True,True,True,True,True,True,True,False,False,False,False,False,False,False
248917,STATE_PREFLIGHT,12.4,0.05,0.1,0.45,0.0,0.0,0.09810000419616699,0.0010000000149011613,0.0020000000298023225,0.0030000001192092896,0.12300000190734864,0.45599998474121095,0.789000015258789,980.5,25.0,0.0,0.0,0.980999984741211,1,46.5,6.6,1200.0,1.5,3.5,12,9.8100004196167,98.0999984741211,11.984000244140624,0.0,1200.0,True,True,True,True,True,True,True,True,True,True,True,True,True,True,True,True,False,False,False,False,False,False,False
249422,STATE_PREFLIGHT,12.4,0.05,0.1,0.45,0.0,0.0,0.09810000419616699,0.0010000000149011613,0.0020000000298023225,0.0030000001192092896,0.12300000190734864,0.45599998474121095,0.789000015258789,980.5,25.0,0.0,0.0,0.980999984741211,1,46.5,6.6,1200.0,1.5,3.5,12,9.8100004196167,98.0999984741211,11.984000244140624,0.0,1200.0,True,True,True,True,True,True,True,True,True,True,True,True,True,True,True,True,False,False,False,False,False,False,False
249931,STATE_PREFLIGHT,12.4,0.05,0.1,0.45,0.0,0.0,0.09810000419616699,0.0010000000149011613,0.0020000000298023225,0.0030000001192092896,0.12300000190734864,0.45599998474121095,0.789000015258789,980.5,25.0,0.0,0.0,0.980999984741211,1,46.5,6.6,1200.0,1.5,3.5,12,9.8100004196167,98.0999984741211,11.984000244140624,0.0,1200.0,True,True,True,True,True,True,True,True,True,True,True,True,True,True,True,True,False,False,False,False,False,False,False
250438,STATE_PREFLIGHT,12.4,0.05,0.1,0.45,0.0,0.0,0.09810000419616699,0.0010000000149011613,0.0020000000298023225,0.0030000001192092896,0.12300000190734864,0.45599998474121095,0.789000015258789,980.5,25.0,0.0,0.0,0.980999984741211,1,46.5,6.6,1200.0,1.5,3.5,12,9.8100004196167,98.0999984741211,11.984000244140624,0.0,1200.0,True,True,True,True,True,True,True,True,True,True,True,True,True,True,True,True,False,False,False,False,False,False,False
250944,STATE_PREFLIGHT,12.4,0.05,0.1,0.45,0.0,0.0,0.09810000419616699,0.0010000000149011613,0.0020000000298023225,0.0030000001192092896,0.12300000190734864,0.45599998474121095,0.789000015258789,980.5,25.0,0.0,0.0,0.980999984741211,1,46.5,6.6,1200.0,1.5,3.5,12,9.8100004196167,98.0999984741211,11.984000244140624,0.0,1200.0,True,True,True,True,True,True,True,True,True,True,True,True,True,True,True,True,False,False,False,False,False,False,False
251454,STATE_PREFLIGHT,12.4,0.05,0.1,0.45,0.0,0.0,0.09810000419616699,0.0010000000149011613,0.0020000000298023225,0.0030000001192092896,0.12300000190734864,0.45599998474121095,0.789000015258789,980.5,25.0,0.0,0.0,0.980999984741211,1,46.5,6.6,1200.0,1.5,3.5,12,9.8100004196167,98.0999984741211,11.984000244140624,0.0,1200.0,True,True,True,True,True,True,True,True,True,True,True,True,True,True,True,True,False,False,False,False,False,False,False
251964,STATE_PREFLIGHT,12.4,0.05,0.1,0.45,0.0,0.0,0.09810000419616699,0.0010000000149011613,0.0020000000298023225,0.0030000001192092896,0.12300000190734864,0.45599998474121095,0.789000015258789,980.5,25.0,0.0,0.0,0.980999984741211,1,46.5,6.6,1200.0,1.5,3.5,12,9.8100004196167,98.0999984741211,11.984000244140624,0.0,1200.0,True,True,True,True,True,True,True,True,True,True,True,True,True,True,True,True,False,False,False,False,False,False,False
252476,STATE_PREFLIGHT,12.4,0.05,0.1,0.45,0.0,0.0,0.09810000419616699,0.0010000000149011613,0.0020000000298023225,0.0030000001192092896,0.12300000190734864,0.45599998474121095,0.789000015258789,980.5,25.0,0.0,0.0,0.980999984741211,1,46.5,6.6,1200.0,1.5,3.5,12,9.8100004196167,98.0999984741211,11.984000244140624,0.0,1200.0,True,True,True,True,True,True,True,True,True,True,True,True,True,True,True,True,False,False,False,False,False,False,False
252986,STATE_PREFLIGHT,12.4,0.05,0.1,0.45,0.0,0.0,0.09810000419616699,0.0010000000149011613,0.0020000000298023225,0.0030000001192092896,0.12300000190734864,0.45599998474121095,0.789000015258789,980.5,25.0,0.0,0.0,0.980999984741211,1,46.5,6.6,1200.0,1.5,3.5,12,9.8100004196167,98.0999984741211,11.984000244140624,0.0,1200.0,True,True,True,True,True,True,True,True,True,True,True,True,True,True,True,True,False,False,False,False,False,False,False
253493,STATE_PREFLIGHT,12.4,0.05,0.1,0.45,0.0,0.0,0.09810000419616699,0.0010000000149011613,0.0020000000298023225,0.0030000001192092896,0.12300000190734864,0.45599998474121095,0.789000015258789,980.5,25.0,0.0,0.0,0.980999984741211,1,46.5,6.6,1200.0,1.5,3.5,12,9.8100004196167,98.0999984741211,11.984000244140624,0.0,1200.0,True,True,True,True,True,True,True,True,True,True,True,True,True,True,True,True,False,False,False,False,False,False,False
254004,STATE_PREFLIGHT,12.4,0.05,0.1,0.45,0.0,0.0,0.09810000419616699,0.0010000000149011613,0.0020000000298023225,0.0030000001192092896,0.12300000190734864,0.45599998474121095,0.789000015258789,980.5,25.0,0.0,0.0,0.980999984741211,1,46.5,6.6,1200.0,1.5,3.5,12,9.8100004196167,98.0999984741211,11.984000244140624,0.0,1200.0,True,True,True,True,True,True,True,True,True,True,True,True,True,True,True,True,False,False,False,False,False,False,False
254514,STATE_PREFLIGHT,12.4,0.05,0.1,0.45,0.0,0.0,0.09810000419616699,0.0010000000149011613,0.0020000000298023225,0.0030000001192092896,0.12300000190734864,0.45599998474121095,0.789000015258789,980.5,25.0,0.0,0.0,0.980999984741211,1,46.5,6.6,1200.0,1.5,3.5,12,9.8100004196167,98.0999984741211,11.984000244140624,0.0,1200.0,True,True,True,True,True,True,True,True,True,True,True,True,True,True,True,True,False,False,False,False,False,False,False
255022,STATE_PREFLIGHT,12.4,0.05,0.1,0.45,0.0,0.0,0.09810000419616699,0.0010000000149011613,0.0020000000298023225,0.0030000001192092896,0.12300000190734864,0.45599998474121095,0.789000015258789,980.5,25.0,0.0,0.0,0.980999984741211,1,46.5,6.6,1200.0,1.5,3.5,12,9.8100004196167,98.0999984741211,11.984000244140624,0.0,1200.0,True,True,True,True,True,True,True,True,True,True,True,True,True,True,True,True,False,False,False,False,False,False,False
255532,STATE_PREFLIGHT,12.4,0.05,0.1,0.45,0.0,0.0,0.09810000419616699,0.0010000000149011613,0.0020000000298023225,0.0030000001192092896,0.12300000190734864,0.45599998474121095,0.789000015258789,980.5,25.0,0.0,0.0,0.980999984741211,1,46.5,6.6,1200.0,1.5,3.5,12,9.8100004196167,98.0999984741211,11.984000244140624,0.0,1200.0,True,True,True,True,True,True,True,True,True,True,True,True,True,True,True,True,False,False,False,False,False,False,False
256038,STATE_PREFLIGHT,12.4,0.05,0.1,0.45,0.0,0.0,0.09810000419616699,0.0010000000149011613,0.0020000000298023225,0.0030000001192092896,0.12300000190734864,0.45599998474121095,0.789000015258789,980.5,25.0,0.0,0.0,0.980999984741211,1,46.5,6.6,1200.0,1.5,3.5,12,9.8100004196167,98.0999984741211,11.984000244140624,0.0,1200.0,True,True,True,True,True,True,True,True,True,True,True,True,True,True,True,True,False,False,False,False,False,False,False
256545,STATE_PREFLIGHT,12.4,0.05,0.1,0.45,0.0,0.0,0.09810000419616699,0.0010000000149011613,0.0020000000298023225,0.0030000001192092896,0.12300000190734864,0.45599998474121095,0.789000015258789,980.5,25.0,0.0,0.0,0.980999984741211,1,46.5,6.6,1200.0,1.5,3.5,12,9.8100004196167,98.0999984741211,11.984000244140624,0.0,1200.0,True,True,True,True,True,True,True,True,True,True,True,True,True,True,True,True,False,False,False,False,False,False,False
257055,STATE_PREFLIGHT,12.4,0.05,0.1,0.45,0.0,0.0,0.09810000419616699,0.0010000000149011613,0.0020000000298023225,0.0030000001192092896,0.12300000190734864,0.45599998474121095,0.789000015258789,980.5,25.0,0.0,0.0,0.980999984741211,1,46.5,6.6,1200.0,1.5,3.5,12,9.8100004196167,98.0999984741211,11.984000244140624,0.0,1200.0,True,True,True,True,True,True,True,True,True,True,True,True,True,True,True,True,False,False,False,False,False,False,False
257566,STATE_PREFLIGHT,12.4,0.05,0.1,0.45,0.0,0.0,0.09810000419616699,0.0010000000149011613,0.0020000000298023225,0.0030000001192092896,0.12300000190734864,0.45599998474121095,0.789000015258789,980.5,25.0,0.0,0.0,0.980999984741211,1,46.5,6.6,1200.0,1.5,3.5,12,9.8100004196167,98.0999984741211,11.984000244140624,0.0,1200.0,True,True,True,True,True,True,True,True,True,True,True,True,True,True,True,True,False,False,False,False,False,False,False
