time_boot_ms,mission_state,battery_mv,roll,pitch,yaw,imu_acc_x,imu_acc_y,imu_acc_z,imu_gyro_x,imu_gyro_y,imu_gyro_z,imu_mag_x,imu_mag_y,imu_mag_z,pressure_hpa,temp_celsius,highg_acc_x,highg_acc_y,highg_acc_z,gps_fix,lat,lon,gps_alt,vel,cog,satellites_nb,imu_acc_vertical,highg_acc_vertical,kalman_z,kalman_v,altitude_msl_m,FLAG_IDEFIX_OK,FLAG_BT_OK,FLAG_FLASH_OK,FLAG_SD_OK,FLAG_TEMP_OK,FLAG_HIGHG_OK,FLAG_GPS_OK,FLAG_BARO_OK,FLAG_IMU_OK,FLAG_RADIO_OK,FLAG_PYROS_ARMED_OK,FLAG_PYRO1_CONN,FLAG_PYRO2_CONN,FLAG_PYRO3_CONN,FLAG_PYRO4_CONN,FLAG_PYRO1_FIRED,FLAG_PYRO2_FIRED,FLAG_PYRO3_FIRED,FLAG_PYRO4_FIRED,FLAG_APOGEE_DETECTED,FLAG_MAIN_DEPLOYED,FLAG_DROGUE_DEPLOYED,FLAG_MACH_LOCK_ENABLED
7897122,STATE_PREFLIGHT,12.4,0.05,0.1,0.45,0.0,0.0,0.09810000419616699,0.0010000000149011613,0.0020000000298023225,0.0030000001192092896,0.12300000190734864,0.45599998474121095,0.789000015258789,980.5,25.0,0.0,0.0,0.980999984741211,1,46.5,6.6,1200.0,1.5,3.5,12,9.8100004196167,98.0999984741211,11.984000244140624,0.0,1200.0,True,True,True,True,True,True,True,True,True,True,True,True,True,True,True,True,False,False,False,False,False,False,False
7897632,STATE_PREFLIGHT,12.4,0.05,0.1,0.45,0.0,0.0,0.09810000419616699,0.0010000000149011613,0.0020000000298023225,0.0030000001192092896,0.12300000190734864,0.45599998474121095,0.789000015258789,980.5,25.0,0.0,0.0,0.980999984741211,1,46.5,6.6,1200.0,1.5,3.5,12,9.8100004196167,98.0999984741211,11.984000244140624,0.0,1200.0,True,True,True,True,True,True,True,True,True,True,True,True,True,True,True,True,False,False,False,False,False,False,False
7898138,STATE_PREFLIGHT,12.4,0.05,0.1,0.45,0.0,0.0,0.09810000419616699,0.0010000000149011613,0.0020000000298023225,0.0030000001192092896,0.12300000190734864,0.45599998474121095,0.789000015258789,980.5,25.0,0.0,0.0,0.980999984741211,1,46.5,6.6,1200.0,1.5,3.5,12,9.8100004196167,98.0999984741211,11.984000244140624,0.0,1200.0,True,True,True,True,True,True,True,True,True,True,True,True,True,True,True,True,False,False,False,False,False,False,False
7898641,STATE_PREFLIGHT,12.4,0.05,0.1,0.45,0.0,0.0,0.09810000419616699,0.0010000000149011613,0.0020000000298023225,0.0030000001192092896,0.12300000190734864,0.45599998474121095,0.789000015258789,980.5,25.0,0.0,0.0,0.980999984741211,1,46.5,6.6,1200.0,1.5,3.5,12,9.8100004196167,98.0999984741211,11.984000244140624,0.0,1200.0,True,True,True,True,True,True,True,True,True,True,True,True,True,True,True,True,False,False,False,False,False,False,False
7899150,STATE_PREFLIGHT,12.4,0.05,0.1,0.45,0.0,0.0,0.09810000419616699,0.0010000000149011613,0.0020000000298023225,0.0030000001192092896,0.12300000190734864,0.45599998474121095,0.789000015258789,980.5,25.0,0.0,0.0,0.980999984741211,1,46.5,6.6,1200.0,1.5,3.5,12,9.8100004196167,98.0999984741211,11.984000244140624,0.0,1200.0,True,True,True,True,True,True,True,True,True,True,True,True,True,True,True,True,False,False,False,False,False,False,False
7899661,STATE_PREFLIGHT,12.4,0.05,0.1,0.45,0.0,0.0,0.09810000419616699,0.0010000000149011613,0.0020000000298023225,0.0030000001192092896,0.12300000190734864,0.45599998474121095,0.789000015258789,980.5,25.0,0.0,0.0,0.980999984741211,1,46.5,6.6,1200.0,1.5,3.5,12,9.8100004196167,98.0999984741211,11.984000244140624,0.0,1200.0,True,True,True,True,True,True,True,True,True,True,True,True,True,True,True,True,False,False,False,False,False,False,False
7900168,STATE_PREFLIGHT,12.4,0.05,0.1,0.45,0.0,0.0,0.09810000419616699,0.0010000000149011613,0.0020000000298023225,0.0030000001192092896,0.12300000190734864,0.45599998474121095,0.789000015258789,980.5,25.0,0.0,0.0,0.980999984741211,1,46.5,6.6,1200.0,1.5,3.5,12,9.8100004196167,98.0999984741211,11.984000244140624,0.0,1200.0,True,True,True,True,True,True,True,True,True,True,True,True,True,True,True,True,False,False,False,False,False,False,False
7900677,STATE_PREFLIGHT,12.4,0.05,0.1,0.45,0.0,0.0,0.09810000419616699,0.0010000000149011613,0.0020000000298023225,0.0030000001192092896,0.12300000190734864,0.45599998474121095,0.789000015258789,980.5,25.0,0.0,0.0,0.980999984741211,1,46.5,6.6,1200.0,1.5,3.5,12,9.8100004196167,98.0999984741211,11.984000244140624,0.0,1200.0,True,True,True,True,True,True,True,True,True,True,True,True,True,True,True,True,False,False,False,False,False,False,False
7901185,STATE_PREFLIGHT,12.4,0.05,0.1,0.45,0.0,0.0,0.09810000419616699,0.0010000000149011613,0.0020000000298023225,0.0030000001192092896,0.12300000190734864,0.45599998474121095,0.789000015258789,980.5,25.0,0.0,0.0,0.980999984741211,1,46.5,6.6,1200.0,1.5,3.5,12,9.8100004196167,98.0999984741211,11.984000244140624,0.0,1200.0,True,True,True,True,True,True,True,True,True,True,True,True,True,True,True,True,False,False,False,False,False,False,False
7901695,STATE_PREFLIGHT,12.4,0.05,0.1,0.45,0.0,0.0,0.09810000419616699,0.0010000000149011613,0.0020000000298023225,0.0030000001192092896,0.12300000190734864,0.45599998474121095,0.789000015258789,980.5,25.0,0.0,0.0,0.980999984741211,1,46.5,6.6,1200.0,1.5,3.5,12,9.8100004196167,98.0999984741211,11.984000244140624,0.0,1200.0,True,True,True,True,True,True,True,True,True,True,True,True,True,True,True,True,False,False,False,False,False,False,False
7902206,STATE_PREFLIGHT,12.4,0.05,0.1,0.45,0.0,0.0,0.09810000419616699,0.0010000000149011613,0.0020000000298023225,0.0030000001192092896,0.12300000190734864,0.45599998474121095,0.789000015258789,980.5,25.0,0.0,0.0,0.980999984741211,1,46.5,6.6,1200.0,1.5,3.5,12,9.8100004196167,98.0999984741211,11.984000244140624,0.0,1200.0,True,True,True,True,True,True,True,True,True,True,True,True,True,True,True,True,False,False,False,False,False,False,False
7902717,STATE_PREFLIGHT,12.4,0.05,0.1,0.45,0.0,0.0,0.09810000419616699,0.0010000000149011613,0.0020000000298023225,0.0030000001192092896,0.12300000190734864,0.45599998474121095,0.789000015258789,980.5,25.0,0.0,0.0,0.980999984741211,1,46.5,6.6,1200.0,1.5,3.5,12,9.8100004196167,98.0999984741211,11.984000244140624,0.0,1200.0,True,True,True,True,True,True,True,True,True,True,True,True,True,True,True,True,False,False,False,False,False,False,False
7903228,STATE_PREFLIGHT,12.4,0.05,0.1,0.45,0.0,0.0,0.09810000419616699,0.0010000000149011613,0.0020000000298023225,0.0030000001192092896,0.12300000190734864,0.45599998474121095,0.789000015258789,980.5,25.0,0.0,0.0,0.980999984741211,1,46.5,6.6,1200.0,1.5,3.5,12,9.8100004196167,98.0999984741211,11.984000244140624,0.0,1200.0,True,True,True,True,True,True,True,True,True,True,True,True,True,True,True,True,False,False,False,False,False,False,False
7903735,STATE_PREFLIGHT,12.4,0.05,0.1,0.45,0.0,0.0,0.09810000419616699,0.0010000000149011613,0.0020000000298023225,0.0030000001192092896,0.12300000190734864,0.45599998474121095,0.789000015258789,980.5,25.0,0.0,0.0,0.980999984741211,1,46.5,6.6,1200.0,1.5,3.5,12,9.8100004196167,98.0999984741211,11.984000244140624,0.0,1200.0,True,True,True,True,True,True,True,True,True,True,True,True,True,True,True,True,False,False,False,False,False,False,False
7904245,STATE_PREFLIGHT,12.4,0.05,0.1,0.45,0.0,0.0,0.09810000419616699,0.0010000000149011613,0.0020000000298023225,0.0030000001192092896,0.12300000190734864,0.45599998474121095,0.789000015258789,980.5,25.0,0.0,0.0,0.980999984741211,1,46.5,6.6,1200.0,1.5,3.5,12,9.8100004196167,98.0999984741211,11.984000244140624,0.0,1200.0,True,True,True,True,True,True,True,True,True,True,True,True,True,True,True,True,False,False,False,False,False,False,False
7904751,STATE_PREFLIGHT,12.4,0.05,0.1,0.45,0.0,0.0,0.09810000419616699,0.0010000000149011613,0.0020000000298023225,0.0030000001192092896,0.12300000190734864,0.45599998474121095,0.789000015258789,980.5,25.0,0.0,0.0,0.980999984741211,1,46.5,6.6,1200.0,1.5,3.5,12,9.8100004196167,98.0999984741211,11.984000244140624,0.0,1200.0,True,True,True,True,True,True,True,True,True,True,True,True,True,True,True,True,False,False,False,False,False,False,False
7905259,STATE_PREFLIGHT,12.4,0.05,0.1,0.45,0.0,0.0,0.09810000419616699,0.0010000000149011613,0.0020000000298023225,0.0030000001192092896,0.12300000190734864,0.45599998474121095,0.789000015258789,980.5,25.0,0.0,0.0,0.980999984741211,1,46.5,6.6,1200.0,1.5,3.5,12,9.8100004196167,98.0999984741211,11.984000244140624,0.0,1200.0,True,True,True,True,True,True,True,True,True,True,True,True,True,True,True,True,False,False,False,False,False,False,False
7905765,STATE_PREFLIGHT,12.4,0.05,0.1,0.45,0.0,0.0,0.09810000419616699,0.0010000000149011613,0.0020000000298023225,0.0030000001192092896,0.12300000190734864,0.45599998474121095,0.789000015258789,980.5,25.0,0.0,0.0,0.980999984741211,1,46.5,6.6,1200.0,1.5,3.5,12,9.8100004196167,98.0999984741211,11.984000244140624,0.0,1200.0,True,True,True,True,True,True,True,True,True,True,True,True,True,True,True,True,False,False,False,False,False,False,False
7906274,STATE_PREFLIGHT,12.4,0.05,0.1,0.45,0.0,0.0,0.09810000419616699,0.0010000000149011613,0.0020000000298023225,0.0030000001192092896,0.12300000190734864,0.45599998474121095,0.789000015258789,980.5,25.0,0.0,0.0,0.980999984741211,1,46.5,6.6,1200.0,1.5,3.5,12,9.8100004196167,98.0999984741211,11.984000244140624,0.0,1200.0,True,True,True,True,True,True,True,True,True,True,True,True,True,True,True,True,False,False,False,False,False,False,False
7906784,STATE_PREFLIGHT,12.4,0.05,0.1,0.45,0.0,0.0,0.09810000419616699,0.0010000000149011613,0.0020000000298023225,0.0030000001192092896,0.12300000190734864,0.45599998474121095,0.789000015258789,980.5,25.0,0.0,0.0,0.980999984741211,1,46.5,6.6,1200.0,1.5,3.5,12,9.8100004196167,98.0999984741211,11.984000244140624,0.0,1200.0,True,True,True,True,True,True,True,True,True,True,True,True,True,True,True,True,False,False,False,False,False,False,False
7907292,STATE_PREFLIGHT,12.4,0.05,0.1,0.45,0.0,0.0,0.09810000419616699,0.0010000000149011613,0.0020000000298023225,0.0030000001192092896,0.12300000190734864,0.45599998474121095,0.789000015258789,980.5,25.0,0.0,0.0,0.980999984741211,1,46.5,6.6,1200.0,1.5,3.5,12,9.8100004196167,98.0999984741211,11.984000244140624,0.0,1200.0,True,True,True,True,True,True,True,True,True,True,True,True,True,True,True,True,False,False,False,False,False,False,False
7907802,STATE_PREFLIGHT,12.4,0.05,0.1,0.45,0.0,0.0,0.09810000419616699,0.0010000000149011613,0.0020000000298023225,0.0030000001192092896,0.12300000190734864,0.45599998474121095,0.789000015258789,980.5,25.0,0.0,0.0,0.980999984741211,1,46.5,6.6,1200.0,1.5,3.5,12,9.8100004196167,98.0999984741211,11.984000244140624,0.0,1200.0,True,True,True,True,True,True,True,True,True,True,True,True,True,True,True,True,False,False,False,False,False,False,False
7908312,STATE_PREFLIGHT,12.4,0.05,0.1,0.45,0.0,0.0,0.09810000419616699,0.0010000000149011613,0.0020000000298023225,0.0030000001192092896,0.12300000190734864,0.45599998474121095,0.789000015258789,980.5,25.0,0.0,0.0,0.980999984741211,1,46.5,6.6,1200.0,1.5,3.5,12,9.8100004196167,98.0999984741211,11.984000244140624,0.0,1200.0,True,True,True,True,True,True,True,True,True,True,True,True,True,True,True,True,False,False,False,False,False,False,False
7908820,STATE_PREFLIGHT,12.4,0.05,0.1,0.45,0.0,0.0,0.09810000419616699,0.0010000000149011613,0.0020000000298023225,0.0030000001192092896,0.12300000190734864,0.45599998474121095,0.789000015258789,980.5,25.0,0.0,0.0,0.980999984741211,1,46.5,6.6,1200.0,1.5,3.5,12,9.8100004196167,98.0999984741211,11.984000244140624,0.0,1200.0,True,True,True,True,True,True,True,True,True,True,True,True,True,True,True,True,False,False,False,False,False,False,False
7909330,STATE_PREFLIGHT,12.4,0.05,0.1,0.45,0.0,0.0,0.09810000419616699,0.0010000000149011613,0.0020000000298023225,0.0030000001192092896,0.12300000190734864,0.45599998474121095,0.789000015258789,980.5,25.0,0.0,0.0,0.980999984741211,1,46.5,6.6,1200.0,1.5,3.5,12,9.8100004196167,98.0999984741211,11.984000244140624,0.0,1200.0,True,True,True,True,True,True,True,True,True,True,True,True,True,True,True,True,False,False,False,False,False,False,False
7909841,STATE_PREFLIGHT,12.4,0.05,0.1,0.45,0.0,0.0,0.09810000419616699,0.0010000000149011613,0.0020000000298023225,0.0030000001192092896,0.12300000190734864,0.45599998474121095,0.789000015258789,980.5,25.0,0.0,0.0,0.980999984741211,1,46.5,6.6,1200.0,1.5,3.5,12,9.8100004196167,98.0999984741211,11.984000244140624,0.0,1200.0,True,True,True,True,True,True,True,True,True,True,True,True,True,True,True,True,False,False,False,False,False,False,False
7910349,STATE_PREFLIGHT,12.4,0.05,0.1,0.45,0.0,0.0,0.09810000419616699,0.0010000000149011613,0.0020000000298023225,0.0030000001192092896,0.12300000190734864,0.45599998474121095,0.789000015258789,980.5,25.0,0.0,0.0,0.980999984741211,1,46.5,6.6,1200.0,1.5,3.5,12,9.8100004196167,98.0999984741211,11.984000244140624,0.0,1200.0,True,True,True,True,True,True,True,True,True,True,True,True,True,True,True,True,False,False,False,False,False,False,False
7910853,STATE_PREFLIGHT,12.4,0.05,0.1,0.45,0.0,0.0,0.09810000419616699,0.0010000000149011613,0.0020000000298023225,0.0030000001192092896,0.12300000190734864,0.45599998474121095,0.789000015258789,980.5,25.0,0.0,0.0,0.980999984741211,1,46.5,6.6,1200.0,1.5,3.5,12,9.8100004196167,98.0999984741211,11.984000244140624,0.0,1200.0,True,True,True,True,True,True,True,True,True,True,True,True,True,True,True,True,False,False,False,False,False,False,False
7911364,STATE_PREFLIGHT,12.4,0.05,0.1,0.45,0.0,0.0,0.09810000419616699,0.0010000000149011613,0.0020000000298023225,0.0030000001192092896,0.12300000190734864,0.45599998474121095,0.789000015258789,980.5,25.0,0.0,0.0,0.980999984741211,1,46.5,6.6,1200.0,1.5,3.5,12,9.8100004196167,98.0999984741211,11.984000244140624,0.0,1200.0,True,True,True,True,True,True,True,True,True,True,True,True,True,True,True,True,False,False,False,False,False,False,False
7911874,STATE_PREFLIGHT,12.4,0.05,0.1,0.45,0.0,0.0,0.09810000419616699,0.0010000000149011613,0.0020000000298023225,0.0030000001192092896,0.12300000190734864,0.45599998474121095,0.789000015258789,980.5,25.0,0.0,0.0,0.980999984741211,1,46.5,6.6,1200.0,1.5,3.5,12,9.8100004196167,98.0999984741211,11.984000244140624,0.0,1200.0,True,True,True,True,True,True,True,True,True,True,True,True,True,True,True,True,False,False,False,False,False,False,False
7912385,STATE_PREFLIGHT,12.4,0.05,0.1,0.45,0.0,0.0,0.09810000419616699,0.0010000000149011613,0.0020000000298023225,0.0030000001192092896,0.12300000190734864,0.45599998474121095,0.789000015258789,980.5,25.0,0.0,0.0,0.980999984741211,1,46.5,6.6,1200.0,1.5,3.5,12,9.8100004196167,98.0999984741211,11.984000244140624,0.0,1200.0,True,True,True,True,True,True,True,True,True,True,True,True,True,True,True,True,False,False,False,False,False,False,False
7912896,STATE_PREFLIGHT,12.4,0.05,0.1,0.45,0.0,0.0,0.09810000419616699,0.0010000000149011613,0.0020000000298023225,0.0030000001192092896,0.12300000190734864,0.45599998474121095,0.789000015258789,980.5,25.0,0.0,0.0,0.980999984741211,1,46.5,6.6,1200.0,1.5,3.5,12,9.8100004196167,98.0999984741211,11.984000244140624,0.0,1200.0,True,True,True,True,True,True,True,True,True,True,True,True,True,True,True,True,False,False,False,False,False,False,False
7913402,STATE_PREFLIGHT,12.4,0.05,0.1,0.45,0.0,0.0,0.09810000419616699,0.0010000000149011613,0.0020000000298023225,0.0030000001192092896,0.12300000190734864,0.45599998474121095,0.789000015258789,980.5,25.0,0.0,0.0,0.980999984741211,1,46.5,6.6,1200.0,1.5,3.5,12,9.8100004196167,98.0999984741211,11.984000244140624,0.0,1200.0,True,True,True,True,True,True,True,True,True,True,True,True,True,True,True,True,False,False,False,False,False,False,False
7913909,STATE_PREFLIGHT,12.4,0.05,0.1,0.45,0.0,0.0,0.09810000419616699,0.0010000000149011613,0.0020000000298023225,0.0030000001192092896,0.12300000190734864,0.45599998474121095,0.789000015258789,980.5,25.0,0.0,0.0,0.980999984741211,1,46.5,6.6,1200.0,1.5,3.5,12,9.8100004196167,98.0999984741211,11.984000244140624,0.0,1200.0,True,True,True,True,True,True,True,True,True,True,True,True,True,True,True,True,False,False,False,False,False,False,False
7914419,STATE_PREFLIGHT,12.4,0.05,0.1,0.45,0.0,0.0,0.09810000419616699,0.0010000000149011613,0.0020000000298023225,0.0030000001192092896,0.12300000190734864,0.45599998474121095,0.789000015258789,980.5,25.0,0.0,0.0,0.980999984741211,1,46.5,6.6,1200.0,1.5,3.5,12,9.8100004196167,98.0999984741211,11.984000244140624,0.0,1200.0,True,True,True,True,True,True,True,True,True,True,True,True,True,True,True,True,False,False,False,False,False,False,False
7914931,STATE_PREFLIGHT,12.4,0.05,0.1,0.45,0.0,0.0,0.09810000419616699,0.0010000000149011613,0.0020000000298023225,0.0030000001192092896,0.12300000190734864,0.45599998474121095,0.789000015258789,980.5,25.0,0.0,0.0,0.980999984741211,1,46.5,6.6,1200.0,1.5,3.5,12,9.8100004196167,98.0999984741211,11.984000244140624,0.0,1200.0,True,True,True,True,True,True,True,True,True,True,True,True,True,True,True,True,False,False,False,False,False,False,False
7915440,STATE_PREFLIGHT,12.4,0.05,0.1,0.45,0.0,0.0,0.09810000419616699,0.0010000000149011613,0.0020000000298023225,0.0030000001192092896,0.12300000190734864,0.45599998474121095,0.789000015258789,980.5,25.0,0.0,0.0,0.980999984741211,1,46.5,6.6,1200.0,1.5,3.5,12,9.8100004196167,98.0999984741211,11.984000244140624,0.0,1200.0,True,True,True,True,True,True,True,True,True,True,True,True,True,True,True,True,False,False,False,False,False,False,False
7915948,STATE_PREFLIGHT,12.4,0.05,0.1,0.45,0.0,0.0,0.09810000419616699,0.0010000000149011613,0.0020000000298023225,0.0030000001192092896,0.12300000190734864,0.45599998474121095,0.789000015258789,980.5,25.0,0.0,0.0,0.980999984741211,1,46.5,6.6,1200.0,1.5,3.5,12,9.8100004196167,98.0999984741211,11.984000244140624,0.0,1200.0,True,True,True,True,True,True,True,True,True,True,True,True,True,True,True,True,False,False,False,False,False,False,False
7916459,STATE_PREFLIGHT,12.4,0.05,0.1,0.45,0.0,0.0,0.09810000419616699,0.0010000000149011613,0.0020000000298023225,0.0030000001192092896,0.12300000190734864,0.45599998474121095,0.789000015258789,980.5,25.0,0.0,0.0,0.980999984741211,1,46.5,6.6,1200.0,1.5,3.5,12,9.8100004196167,98.0999984741211,11.984000244140624,0.0,1200.0,True,True,True,True,True,True,True,True,True,True,True,True,True,True,True,True,False,False,False,False,False,False,False
7916970,STATE_PREFLIGHT,12.4,0.05,0.1,0.45,0.0,0.0,0.09810000419616699,0.0010000000149011613,0.0020000000298023225,0.0030000001192092896,0.12300000190734864,0.45599998474121095,0.789000015258789,980.5,25.0,0.0,0.0,0.980999984741211,1,46.5,6.6,1200.0,1.5,3.5,12,9.8100004196167,98.0999984741211,11.984000244140624,0.0,1200.0,True,True,True,True,True,True,True,True,True,True,True,True,True,True,True,True,False,False,False,False,False,False,False
7917479,STATE_PREFLIGHT,12.4,0.05,0.1,0.45,0.0,0.0,0.09810000419616699,0.0010000000149011613,0.0020000000298023225,0.0030000001192092896,0.12300000190734864,0.45599998474121095,0.789000015258789,980.5,25.0,0.0,0.0,0.980999984741211,1,46.5,6.6,1200.0,1.5,3.5,12,9.8100004196167,98.0999984741211,11.984000244140624,0.0,1200.0,True,True,True,True,True,True,True,True,True,True,True,True,True,True,True,True,False,False,False,False,False,False,False
7917989,STATE_PREFLIGHT,12.4,0.05,0.1,0.45,0.0,0.0,0.09810000419616699,0.0010000000149011613,0.0020000000298023225,0.0030000001192092896,0.12300000190734864,0.45599998474121095,0.789000015258789,980.5,25.0,0.0,0.0,0.980999984741211,1,46.5,6.6,1200.0,1.5,3.5,12,9.8100004196167,98.0999984741211,11.984000244140624,0.0,1200.0,True,True,True,True,True,True,True,True,True,True,True,True,True,True,True,True,False,False,False,False,False,False,False
7918499,STATE_PREFLIGHT,12.4,0.05,0.1,0.45,0.0,0.0,0.09810000419616699,0.0010000000149011613,0.0020000000298023225,0.0030000001192092896,0.12300000190734864,0.45599998474121095,0.789000015258789,980.5,25.0,0.0,0.0,0.980999984741211,1,46.5,6.6,1200.0,1.5,3.5,12,9.8100004196167,98.0999984741211,11.984000244140624,0.0,1200.0,True,True,True,True,True,True,True,True,True,True,True,True,True,True,True,True,False,False,False,False,False,False,False
7919008,STATE_PREFLIGHT,12.4,0.05,0.1,0.45,0.0,0.0,0.09810000419616699,0.0010000000149011613,0.0020000000298023225,0.0030000001192092896,0.12300000190734864,0.45599998474121095,0.789000015258789,980.5,25.0,0.0,0.0,0.980999984741211,1,46.5,6.6,1200.0,1.5,3.5,12,9.8100004196167,98.0999984741211,11.984000244140624,0.0,1200.0,True,True,True,True,True,True,True,True,True,True,True,True,True,True,True,True,False,False,False,False,False,False,False
7919514,STATE_PREFLIGHT,12.4,0.05,0.1,0.45,0.0,0.0,0.09810000419616699,0.0010000000149011613,0.0020000000298023225,0.0030000001192092896,0.12300000190734864,0.45599998474121095,0.789000015258789,980.5,25.0,0.0,0.0,0.980999984741211,1,46.5,6.6,1200.0,1.5,3.5,12,9.8100004196167,98.0999984741211,11.984000244140624,0.0,1200.0,True,True,True,True,True,True,True,True,True,True,True,True,True,True,True,True,False,False,False,False,False,False,False
7920026,STATE_PREFLIGHT,12.4,0.05,0.1,0.45,0.0,0.0,0.09810000419616699,0.0010000000149011613,0.0020000000298023225,0.0030000001192092896,0.12300000190734864,0.45599998474121095,0.789000015258789,980.5,25.0,0.0,0.0,0.980999984741211,1,46.5,6.6,1200.0,1.5,3.5,12,9.8100004196167,98.0999984741211,11.984000244140624,0.0,1200.0,True,True,True,True,True,True,True,True,True,True,True,True,True,True,True,True,False,False,False,False,False,False,False
7920537,STATE_PREFLIGHT,12.4,0.05,0.1,0.45,0.0,0.0,0.09810000419616699,0.0010000000149011613,0.0020000000298023225,0.0030000001192092896,0.12300000190734864,0.45599998474121095,0.789000015258789,980.5,25.0,0.0,0.0,0.980999984741211,1,46.5,6.6,1200.0,1.5,3.5,12,9.8100004196167,98.0999984741211,11.984000244140624,0.0,1200.0,True,True,True,True,True,True,True,True,True,True,True,True,True,True,True,True,False,False,False,False,False,False,False
7921045,STATE_PREFLIGHT,12.4,0.05,0.1,0.45,0.0,0.0,0.09810000419616699,0.0010000000149011613,0.0020000000298023225,0.0030000001192092896,0.12300000190734864,0.45599998474121095,0.789000015258789,980.5,25.0,0.0,0.0,0.980999984741211,1,46.5,6.6,1200.0,1.5,3.5,12,9.8100004196167,98.0999984741211,11.984000244140624,0.0,1200.0,True,True,True,True,True,True,True,True,True,True,True,True,True,True,True,True,False,False,False,False,False,False,False
7921556,STATE_PREFLIGHT,12.4,0.05,0.1,0.45,0.0,0.0,0.09810000419616699,0.0010000000149011613,0.0020000000298023225,0.0030000001192092896,0.12300000190734864,0.45599998474121095,0.789000015258789,980.5,25.0,0.0,0.0,0.980999984741211,1,46.5,6.6,1200.0,1.5,3.5,12,9.8100004196167,98.0999984741211,11.984000244140624,0.0,1200.0,True,True,True,True,True,True,True,True,True,True,True,True,True,True,True,True,False,False,False,False,False,False,False
7922066,STATE_PREFLIGHT,12.4,0.05,0.1,0.45,0.0,0.0,0.09810000419616699,0.0010000000149011613,0.0020000000298023225,0.0030000001192092896,0.12300000190734864,0.45599998474121095,0.789000015258789,980.5,25.0,0.0,0.0,0.980999984741211,1,46.5,6.6,1200.0,1.5,3.5,12,9.8100004196167,98.0999984741211,11.984000244140624,0.0,1200.0,True,True,True,True,True,True,True,True,True,True,True,True,True,True,True,True,False,False,False,False,False,False,False
7922576,STATE_PREFLIGHT,12.4,0.05,0.1,0.45,0.0,0.0,0.09810000419616699,0.0010000000149011613,0.0020000000298023225,0.0030000001192092896,0.12300000190734864,0.45599998474121095,0.789000015258789,980.5,25.0,0.0,0.0,0.980999984741211,1,46.5,6.6,1200.0,1.5,3.5,12,9.8100004196167,98.0999984741211,11.984000244140624,0.0,1200.0,True,True,True,True,True,True,True,True,True,True,True,True,True,True,True,True,False,False,False,False,False,False,False
7923083,STATE_PREFLIGHT,12.4,0.05,0.1,0.45,0.0,0.0,0.09810000419616699,0.0010000000149011613,0.0020000000298023225,0.0030000001192092896,0.12300000190734864,0.45599998474121095,0.789000015258789,980.5,25.0,0.0,0.0,0.980999984741211,1,46.5,6.6,1200.0,1.5,3.5,12,9.8100004196167,98.0999984741211,11.984000244140624,0.0,1200.0,True,True,True,True,True,True,True,True,True,True,True,True,True,True,True,True,False,False,False,False,False,False,False
7923589,STATE_PREFLIGHT,12.4,0.05,0.1,0.45,0.0,0.0,0.09810000419616699,0.0010000000149011613,0.0020000000298023225,0.0030000001192092896,0.12300000190734864,0.45599998474121095,0.789000015258789,980.5,25.0,0.0,0.0,0.980999984741211,1,46.5,6.6,1200.0,1.5,3.5,12,9.8100004196167,98.0999984741211,11.984000244140624,0.0,1200.0,True,True,True,True,True,True,True,True,True,True,True,True,True,True,True,True,False,False,False,False,False,False,False
7924092,STATE_PREFLIGHT,12.4,0.05,0.1,0.45,0.0,0.0,0.09810000419616699,0.0010000000149011613,0.0020000000298023225,0.0030000001192092896,0.12300000190734864,0.45599998474121095,0.789000015258789,980.5,25.0,0.0,0.0,0.980999984741211,1,46.5,6.6,1200.0,1.5,3.5,12,9.8100004196167,98.0999984741211,11.984000244140624,0.0,1200.0,True,True,True,True,True,True,True,True,True,True,True,True,True,True,True,True,False,False,False,False,False,False,False
7924597,STATE_PREFLIGHT,12.4,0.05,0.1,0.45,0.0,0.0,0.09810000419616699,0.0010000000149011613,0.0020000000298023225,0.0030000001192092896,0.12300000190734864,0.45599998474121095,0.789000015258789,980.5,25.0,0.0,0.0,0.980999984741211,1,46.5,6.6,1200.0,1.5,3.5,12,9.8100004196167,98.0999984741211,11.984000244140624,0.0,1200.0,True,True,True,True,True,True,True,True,True,True,True,True,True,True,True,True,False,False,False,False,False,False,False
7925103,STATE_PREFLIGHT,12.4,0.05,0.1,0.45,0.0,0.0,0.09810000419616699,0.0010000000149011613,0.0020000000298023225,0.0030000001192092896,0.12300000190734864,0.45599998474121095,0.789000015258789,980.5,25.0,0.0,0.0,0.980999984741211,1,46.5,6.6,1200.0,1.5,3.5,12,9.8100004196167,98.0999984741211,11.984000244140624,0.0,1200.0,True,True,True,True,True,True,True,True,True,True,True,True,True,True,True,True,False,False,False,False,False,False,False
7925610,STATE_PREFLIGHT,12.4,0.05,0.1,0.45,0.0,0.0,0.09810000419616699,0.0010000000149011613,0.0020000000298023225,0.0030000001192092896,0.12300000190734864,0.45599998474121095,0.789000015258789,980.5,25.0,0.0,0.0,0.980999984741211,1,46.5,6.6,1200.0,1.5,3.5,12,9.8100004196167,98.0999984741211,11.984000244140624,0.0,1200.0,True,True,True,True,True,True,True,True,True,True,True,True,True,True,True,True,False,False,False,False,False,False,False
7926122,STATE_PREFLIGHT,12.4,0.05,0.1,0.45,0.0,0.0,0.09810000419616699,0.0010000000149011613,0.0020000000298023225,0.0030000001192092896,0.12300000190734864,0.45599998474121095,0.789000015258789,980.5,25.0,0.0,0.0,0.980999984741211,1,46.5,6.6,1200.0,1.5,3.5,12,9.8100004196167,98.0999984741211,11.984000244140624,0.0,1200.0,True,True,True,True,True,True,True,True,True,True,True,True,True,True,True,True,False,False,False,False,False,False,False
7926633,STATE_PREFLIGHT,12.4,0.05,0.1,0.45,0.0,0.0,0.09810000419616699,0.0010000000149011613,0.0020000000298023225,0.0030000001192092896,0.12300000190734864,0.45599998474121095,0.789000015258789,980.5,25.0,0.0,0.0,0.980999984741211,1,46.5,6.6,1200.0,1.5,3.5,12,9.8100004196167,98.0999984741211,11.984000244140624,0.0,1200.0,True,True,True,True,True,True,True,True,True,True,True,True,True,True,True,True,False,False,False,False,False,False,False
7927142,STATE_PREFLIGHT,12.4,0.05,0.1,0.45,0.0,0.0,0.09810000419616699,0.0010000000149011613,0.0020000000298023225,0.0030000001192092896,0.12300000190734864,0.45599998474121095,0.789000015258789,980.5,25.0,0.0,0.0,0.980999984741211,1,46.5,6.6,1200.0,1.5,3.5,12,9.8100004196167,98.0999984741211,11.984000244140624,0.0,1200.0,True,True,True,True,True,True,True,True,True,True,True,True,True,True,True,True,False,False,False,False,False,False,False
7927653,STATE_PREFLIGHT,12.4,0.05,0.1,0.45,0.0,0.0,0.09810000419616699,0.0010000000149011613,0.0020000000298023225,0.0030000001192092896,0.12300000190734864,0.45599998474121095,0.789000015258789,980.5,25.0,0.0,0.0,0.980999984741211,1,46.5,6.6,1200.0,1.5,3.5,12,9.8100004196167,98.0999984741211,11.984000244140624,0.0,1200.0,True,True,True,True,True,True,True,True,True,True,True,True,True,True,True,True,False,False,False,False,False,False,False
7928159,STATE_PREFLIGHT,12.4,0.05,0.1,0.45,0.0,0.0,0.09810000419616699,0.0010000000149011613,0.0020000000298023225,0.0030000001192092896,0.12300000190734864,0.45599998474121095,0.789000015258789,980.5,25.0,0.0,0.0,0.980999984741211,1,46.5,6.6,1200.0,1.5,3.5,12,9.8100004196167,98.0999984741211,11.984000244140624,0.0,1200.0,True,True,True,True,True,True,True,True,True,True,True,True,True,True,True,True,False,False,False,False,False,False,False
7928667,STATE_PREFLIGHT,12.4,0.05,0.1,0.45,0.0,0.0,0.09810000419616699,0.0010000000149011613,0.0020000000298023225,0.0030000001192092896,0.12300000190734864,0.45599998474121095,0.789000015258789,980.5,25.0,0.0,0.0,0.980999984741211,1,46.5,6.6,1200.0,1.5,3.5,12,9.8100004196167,98.0999984741211,11.984000244140624,0.0,1200.0,True,True,True,True,True,True,True,True,True,True,True,True,True,True,True,True,False,False,False,False,False,False,False
7929173,STATE_PREFLIGHT,12.4,0.05,0.1,0.45,0.0,0.0,0.09810000419616699,0.0010000000149011613,0.0020000000298023225,0.0030000001192092896,0.12300000190734864,0.45599998474121095,0.789000015258789,980.5,25.0,0.0,0.0,0.980999984741211,1,46.5,6.6,1200.0,1.5,3.5,12,9.8100004196167,98.0999984741211,11.984000244140624,0.0,1200.0,True,True,True,True,True,True,True,True,True,True,True,True,True,True,True,True,False,False,False,False,False,False,False
7929684,STATE_PREFLIGHT,12.4,0.05,0.1,0.45,0.0,0.0,0.09810000419616699,0.0010000000149011613,0.0020000000298023225,0.0030000001192092896,0.12300000190734864,0.45599998474121095,0.789000015258789,980.5,25.0,0.0,0.0,0.980999984741211,1,46.5,6.6,1200.0,1.5,3.5,12,9.8100004196167,98.0999984741211,11.984000244140624,0.0,1200.0,True,True,True,True,True,True,True,True,True,True,True,True,True,True,True,True,False,False,False,False,False,False,False
7930195,STATE_PREFLIGHT,12.4,0.05,0.1,0.45,0.0,0.0,0.09810000419616699,0.0010000000149011613,0.0020000000298023225,0.0030000001192092896,0.12300000190734864,0.45599998474121095,0.789000015258789,980.5,25.0,0.0,0.0,0.980999984741211,1,46.5,6.6,1200.0,1.5,3.5,12,9.8100004196167,98.0999984741211,11.984000244140624,0.0,1200.0,True,True,True,True,True,True,True,True,True,True,True,True,True,True,True,True,False,False,False,False,False,False,False
7930703,STATE_PREFLIGHT,12.4,0.05,0.1,0.45,0.0,0.0,0.09810000419616699,0.0010000000149011613,0.0020000000298023225,0.0030000001192092896,0.12300000190734864,0.45599998474121095,0.789000015258789,980.5,25.0,0.0,0.0,0.980999984741211,1,46.5,6.6,1200.0,1.5,3.5,12,9.8100004196167,98.0999984741211,11.984000244140624,0.0,1200.0,True,True,True,True,True,True,True,True,True,True,True,True,True,True,True,True,False,False,False,False,False,False,False
7931215,STATE_PREFLIGHT,12.4,0.05,0.1,0.45,0.0,0.0,0.09810000419616699,0.0010000000149011613,0.0020000000298023225,0.0030000001192092896,0.12300000190734864,0.45599998474121095,0.789000015258789,980.5,25.0,0.0,0.0,0.980999984741211,1,46.5,6.6,1200.0,1.5,3.5,12,9.8100004196167,98.0999984741211,11.984000244140624,0.0,1200.0,True,True,True,True,True,True,True,True,True,True,True,True,True,True,True,True,False,False,False,False,False,False,False
7931724,STATE_PREFLIGHT,12.4,0.05,0.1,0.45,0.0,0.0,0.09810000419616699,0.0010000000149011613,0.0020000000298023225,0.0030000001192092896,0.12300000190734864,0.45599998474121095,0.789000015258789,980.5,25.0,0.0,0.0,0.980999984741211,1,46.5,6.6,1200.0,1.5,3.5,12,9.8100004196167,98.0999984741211,11.984000244140624,0.0,1200.0,True,True,True,True,True,True,True,True,True,True,True,True,True,True,True,True,False,False,False,False,False,False,False
7932234,STATE_PREFLIGHT,12.4,0.05,0.1,0.45,0.0,0.0,0.09810000419616699,0.0010000000149011613,0.0020000000298023225,0.0030000001192092896,0.12300000190734864,0.45599998474121095,0.789000015258789,980.5,25.0,0.0,0.0,0.980999984741211,1,46.5,6.6,1200.0,1.5,3.5,12,9.8100004196167,98.0999984741211,11.984000244140624,0.0,1200.0,True,True,True,True,True,True,True,True,True,True,True,True,True,True,True,True,False,False,False,False,False,False,False
7932737,STATE_PREFLIGHT,12.4,0.05,0.1,0.45,0.0,0.0,0.09810000419616699,0.0010000000149011613,0.0020000000298023225,0.0030000001192092896,0.12300000190734864,0.45599998474121095,0.789000015258789,980.5,25.0,0.0,0.0,0.980999984741211,1,46.5,6.6,1200.0,1.5,3.5,12,9.8100004196167,98.0999984741211,11.984000244140624,0.0,1200.0,True,True,True,True,True,True,True,True,True,True,True,True,True,True,True,True,False,False,False,False,False,False,False
7933247,STATE_PREFLIGHT,12.4,0.05,0.1,0.45,0.0,0.0,0.09810000419616699,0.0010000000149011613,0.0020000000298023225,0.0030000001192092896,0.12300000190734864,0.45599998474121095,0.789000015258789,980.5,25.0,0.0,0.0,0.980999984741211,1,46.5,6.6,1200.0,1.5,3.5,12,9.8100004196167,98.0999984741211,11.984000244140624,0.0,1200.0,True,True,True,True,True,True,True,True,True,True,True,True,True,True,True,True,False,False,False,False,False,False,False
7933754,STATE_PREFLIGHT,12.4,0.05,0.1,0.45,0.0,0.0,0.09810000419616699,0.0010000000149011613,0.0020000000298023225,0.0030000001192092896,0.12300000190734864,0.45599998474121095,0.789000015258789,980.5,25.0,0.0,0.0,0.980999984741211,1,46.5,6.6,1200.0,1.5,3.5,12,9.8100004196167,98.0999984741211,11.984000244140624,0.0,1200.0,True,True,True,True,True,True,True,True,True,True,True,True,True,True,True,True,False,False,False,False,False,False,False
7934261,STATE_PREFLIGHT,12.4,0.05,0.1,0.45,0.0,0.0,0.09810000419616699,0.0010000000149011613,0.0020000000298023225,0.0030000001192092896,0.12300000190734864,0.45599998474121095,0.789000015258789,980.5,25.0,0.0,0.0,0.980999984741211,1,46.5,6.6,1200.0,1.5,3.5,12,9.8100004196167,98.0999984741211,11.984000244140624,0.0,1200.0,True,True,True,True,True,True,True,True,True,True,True,True,True,True,True,True,False,False,False,False,False,False,False
7934772,STATE_PREFLIGHT,12.4,0.05,0.1,0.45,0.0,0.0,0.09810000419616699,0.0010000000149011613,0.0020000000298023225,0.0030000001192092896,0.12300000190734864,0.45599998474121095,0.789000015258789,980.5,25.0,0.0,0.0,0.980999984741211,1,46.5,6.6,1200.0,1.5,3.5,12,9.8100004196167,98.0999984741211,11.984000244140624,0.0,1200.0,True,True,True,True,True,True,True,True,True,True,True,True,True,True,True,True,False,False,False,False,False,False,False
7935280,STATE_PREFLIGHT,12.4,0.05,0.1,0.45,0.0,0.0,0.09810000419616699,0.0010000000149011613,0.0020000000298023225,0.0030000001192092896,0.12300000190734864,0.45599998474121095,0.789000015258789,980.5,25.0,0.0,0.0,0.980999984741211,1,46.5,6.6,1200.0,1.5,3.5,12,9.8100004196167,98.0999984741211,11.984000244140624,0.0,1200.0,True,True,True,True,True,True,True,True,True,True,True,True,True,True,True,True,False,False,False,False,False,False,False
7935789,STATE_PREFLIGHT,12.4,0.05,0.1,0.45,0.0,0.0,0.09810000419616699,0.0010000000149011613,0.0020000000298023225,0.0030000001192092896,0.12300000190734864,0.45599998474121095,0.789000015258789,980.5,25.0,0.0,0.0,0.980999984741211,1,46.5,6.6,1200.0,1.5,3.5,12,9.8100004196167,98.0999984741211,11.984000244140624,0.0,1200.0,True,True,True,True,True,True,True,True,True,True,True,True,True,True,True,True,False,False,False,False,False,False,False
7936298,STATE_PREFLIGHT,12.4,0.05,0.1,0.45,0.0,0.0,0.09810000419616699,0.0010000000149011613,0.0020000000298023225,0.0030000001192092896,0.12300000190734864,0.45599998474121095,0.789000015258789,980.5,25.0,0.0,0.0,0.980999984741211,1,46.5,6.6,1200.0,1.5,3.5,12,9.8100004196167,98.0999984741211,11.984000244140624,0.0,1200.0,True,True,True,True,True,True,True,True,True,True,True,True,True,True,True,True,False,False,False,False,False,False,False
7936805,STATE_PREFLIGHT,12.4,0.05,0.1,0.45,0.0,0.0,0.09810000419616699,0.0010000000149011613,0.0020000000298023225,0.0030000001192092896,0.12300000190734864,0.45599998474121095,0.789000015258789,980.5,25.0,0.0,0.0,0.980999984741211,1,46.5,6.6,1200.0,1.5,3.5,12,9.8100004196167,98.0999984741211,11.984000244140624,0.0,1200.0,True,True,True,True,True,True,True,True,True,True,True,True,True,True,True,True,False,False,False,False,False,False,False
7937312,STATE_PREFLIGHT,12.4,0.05,0.1,0.45,0.0,0.0,0.09810000419616699,0.0010000000149011613,0.0020000000298023225,0.0030000001192092896,0.12300000190734864,0.45599998474121095,0.789000015258789,980.5,25.0,0.0,0.0,0.980999984741211,1,46.5,6.6,1200.0,1.5,3.5,12,9.8100004196167,98.0999984741211,11.984000244140624,0.0,1200.0,True,True,True,True,True,True,True,True,True,True,True,True,True,True,True,True,False,False,False,False,False,False,False
7937820,STATE_PREFLIGHT,12.4,0.05,0.1,0.45,0.0,0.0,0.09810000419616699,0.0010000000149011613,0.0020000000298023225,0.0030000001192092896,0.12300000190734864,0.45599998474121095,0.789000015258789,980.5,25.0,0.0,0.0,0.980999984741211,1,46.5,6.6,1200.0,1.5,3.5,12,9.8100004196167,98.0999984741211,11.984000244140624,0.0,1200.0,True,True,True,True,True,True,True,True,True,True,True,True,True,True,True,True,False,False,False,False,False,False,False
7938329,STATE_PREFLIGHT,12.4,0.05,0.1,0.45,0.0,0.0,0.09810000419616699,0.0010000000149011613,0.0020000000298023225,0.0030000001192092896,0.12300000190734864,0.45599998474121095,0.789000015258789,980.5,25.0,0.0,0.0,0.980999984741211,1,46.5,6.6,1200.0,1.5,3.5,12,9.8100004196167,98.0999984741211,11.984000244140624,0.0,1200.0,True,True,True,True,True,True,True,True,True,True,True,True,True,True,True,True,False,False,False,False,False,False,False
7938837,STATE_PREFLIGHT,12.4,0.05,0.1,0.45,0.0,0.0,0.09810000419616699,0.0010000000149011613,0.0020000000298023225,0.0030000001192092896,0.12300000190734864,0.45599998474121095,0.789000015258789,980.5,25.0,0.0,0.0,0.980999984741211,1,46.5,6.6,1200.0,1.5,3.5,12,9.8100004196167,98.0999984741211,11.984000244140624,0.0,1200.0,True,True,True,True,True,True,True,True,True,True,True,True,True,True,True,True,False,False,False,False,False,False,False
7939345,STATE_PREFLIGHT,12.4,0.05,0.1,0.45,0.0,0.0,0.09810000419616699,0.0010000000149011613,0.0020000000298023225,0.0030000001192092896,0.12300000190734864,0.45599998474121095,0.789000015258789,980.5,25.0,0.0,0.0,0.980999984741211,1,46.5,6.6,1200.0,1.5,3.5,12,9.8100004196167,98.0999984741211,11.984000244140624,0.0,1200.0,True,True,True,True,True,True,True,True,True,True,True,True,True,True,True,True,False,False,False,False,False,False,False
7939853,STATE_PREFLIGHT,12.4,0.05,0.1,0.45,0.0,0.0,0.09810000419616699,0.0010000000149011613,0.0020000000298023225,0.0030000001192092896,0.12300000190734864,0.45599998474121095,0.789000015258789,980.5,25.0,0.0,0.0,0.980999984741211,1,46.5,6.6,1200.0,1.5,3.5,12,9.8100004196167,98.0999984741211,11.984000244140624,0.0,1200.0,True,True,True,True,True,True,True,True,True,True,True,True,True,True,True,True,False,False,False,False,False,False,False
7940361,STATE_PREFLIGHT,12.4,0.05,0.1,0.45,0.0,0.0,0.09810000419616699,0.0010000000149011613,0.0020000000298023225,0.0030000001192092896,0.12300000190734864,0.45599998474121095,0.789000015258789,980.5,25.0,0.0,0.0,0.980999984741211,1,46.5,6.6,1200.0,1.5,3.5,12,9.8100004196167,98.0999984741211,11.984000244140624,0.0,1200.0,True,True,True,True,True,True,True,True,True,True,True,True,True,True,True,True,False,False,False,False,False,False,False
7940869,STATE_PREFLIGHT,12.4,0.05,0.1,0.45,0.0,0.0,0.09810000419616699,0.0010000000149011613,0.0020000000298023225,0.0030000001192092896,0.12300000190734864,0.45599998474121095,0.789000015258789,980.5,25.0,0.0,0.0,0.980999984741211,1,46.5,6.6,1200.0,1.5,3.5,12,9.8100004196167,98.0999984741211,11.984000244140624,0.0,1200.0,True,True,True,True,True,True,True,True,True,True,True,True,True,True,True,True,False,False,False,False,False,False,False
7941376,STATE_PREFLIGHT,12.4,0.05,0.1,0.45,0.0,0.0,0.09810000419616699,0.0010000000149011613,0.0020000000298023225,0.0030000001192092896,0.12300000190734864,0.45599998474121095,0.789000015258789,980.5,25.0,0.0,0.0,0.980999984741211,1,46.5,6.6,1200.0,1.5,3.5,12,9.8100004196167,98.0999984741211,11.984000244140624,0.0,1200.0,True,True,True,True,True,True,True,True,True,True,True,True,True,True,True,True,False,False,False,False,False,False,False
7941884,STATE_PREFLIGHT,12.4,0.05,0.1,0.45,0.0,0.0,0.09810000419616699,0.0010000000149011613,0.0020000000298023225,0.0030000001192092896,0.12300000190734864,0.45599998474121095,0.789000015258789,980.5,25.0,0.0,0.0,0.980999984741211,1,46.5,6.6,1200.0,1.5,3.5,12,9.8100004196167,98.0999984741211,11.984000244140624,0.0,1200.0,True,True,True,True,True,True,True,True,True,True,True,True,True,True,True,True,False,False,False,False,False,False,False
7942392,STATE_PREFLIGHT,12.4,0.05,0.1,0.45,0.0,0.0,0.09810000419616699,0.0010000000149011613,0.0020000000298023225,0.0030000001192092896,0.12300000190734864,0.45599998474121095,0.789000015258789,980.5,25.0,0.0,0.0,0.980999984741211,1,46.5,6.6,1200.0,1.5,3.5,12,9.8100004196167,98.0999984741211,11.984000244140624,0.0,1200.0,True,True,True,True,True,True,True,True,True,True,True,True,True,True,True,True,False,False,False,False,False,False,False
7942904,STATE_PREFLIGHT,12.4,0.05,0.1,0.45,0.0,0.0,0.09810000419616699,0.0010000000149011613,0.0020000000298023225,0.0030000001192092896,0.12300000190734864,0.45599998474121095,0.789000015258789,980.5,25.0,0.0,0.0,0.980999984741211,1,46.5,6.6,1200.0,1.5,3.5,12,9.8100004196167,98.0999984741211,11.984000244140624,0.0,1200.0,True,True,True,True,True,True,True,True,True,True,True,True,True,True,True,True,False,False,False,False,False,False,False
7943415,STATE_PREFLIGHT,12.4,0.05,0.1,0.45,0.0,0.0,0.09810000419616699,0.0010000000149011613,0.0020000000298023225,0.0030000001192092896,0.12300000190734864,0.45599998474121095,0.789000015258789,980.5,25.0,0.0,0.0,0.980999984741211,1,46.5,6.6,1200.0,1.5,3.5,12,9.8100004196167,98.0999984741211,11.984000244140624,0.0,1200.0,True,True,True,True,True,True,True,True,True,True,True,True,True,True,True,True,False,False,False,False,False,False,False
7943924,STATE_PREFLIGHT,12.4,0.05,0.1,0.45,0.0,0.0,0.09810000419616699,0.0010000000149011613,0.0020000000298023225,0.0030000001192092896,0.12300000190734864,0.45599998474121095,0.789000015258789,980.5,25.0,0.0,0.0,0.980999984741211,1,46.5,6.6,1200.0,1.5,3.5,12,9.8100004196167,98.0999984741211,11.984000244140624,0.0,1200.0,True,True,True,True,True,True,True,True,True,True,True,True,True,True,True,True,False,False,False,False,False,False,False
7944435,STATE_PREFLIGHT,12.4,0.05,0.1,0.45,0.0,0.0,0.09810000419616699,0.0010000000149011613,0.0020000000298023225,0.0030000001192092896,0.12300000190734864,0.45599998474121095,0.789000015258789,980.5,25.0,0.0,0.0,0.980999984741211,1,46.5,6.6,1200.0,1.5,3.5,12,9.8100004196167,98.0999984741211,11.984000244140624,0.0,1200.0,True,True,True,True,True,True,True,True,True,True,True,True,True,True,True,True,False,False,False,False,False,False,False
7944944,STATE_PREFLIGHT,12.4,0.05,0.1,0.45,0.0,0.0,0.09810000419616699,0.0010000000149011613,0.0020000000298023225,0.0030000001192092896,0.12300000190734864,0.45599998474121095,0.789000015258789,980.5,25.0,0.0,0.0,0.980999984741211,1,46.5,6.6,1200.0,1.5,3.5,12,9.8100004196167,98.0999984741211,11.984000244140624,0.0,1200.0,True,True,True,True,True,True,True,True,True,True,True,True,True,True,True,True,False,False,False,False,False,False,False
7945452,STATE_PREFLIGHT,12.4,0.05,0.1,0.45,0.0,0.0,0.09810000419616699,0.0010000000149011613,0.0020000000298023225,0.0030000001192092896,0.12300000190734864,0.45599998474121095,0.789000015258789,980.5,25.0,0.0,0.0,0.980999984741211,1,46.5,6.6,1200.0,1.5,3.5,12,9.8100004196167,98.0999984741211,11.984000244140624,0.0,1200.0,True,True,True,True,True,True,True,True,True,True,True,True,True,True,True,True,False,False,False,False,False,False,False
7945962,STATE_PREFLIGHT,12.4,0.05,0.1,0.45,0.0,0.0,0.09810000419616699,0.0010000000149011613,0.0020000000298023225,0.0030000001192092896,0.12300000190734864,0.45599998474121095,0.789000015258789,980.5,25.0,0.0,0.0,0.980999984741211,1,46.5,6.6,1200.0,1.5,3.5,12,9.8100004196167,98.0999984741211,11.984000244140624,0.0,1200.0,True,True,True,True,True,True,True,True,True,True,True,True,True,True,True,True,False,False,False,False,False,False,False
7946469,STATE_PREFLIGHT,12.4,0.05,0.1,0.45,0.0,0.0,0.09810000419616699,0.0010000000149011613,0.0020000000298023225,0.0030000001192092896,0.12300000190734864,0.45599998474121095,0.789000015258789,980.5,25.0,0.0,0.0,0.980999984741211,1,46.5,6.6,1200.0,1.5,3.5,12,9.8100004196167,98.0999984741211,11.984000244140624,0.0,1200.0,True,True,True,True,True,True,True,True,True,True,True,True,True,True,True,True,False,False,False,False,False,False,False
7946976,STATE_PREFLIGHT,12.4,0.05,0.1,0.45,0.0,0.0,0.09810000419616699,0.0010000000149011613,0.0020000000298023225,0.0030000001192092896,0.12300000190734864,0.45599998474121095,0.789000015258789,980.5,25.0,0.0,0.0,0.980999984741211,1,46.5,6.6,1200.0,1.5,3.5,12,9.8100004196167,98.0999984741211,11.984000244140624,0.0,1200.0,True,True,True,True,True,True,True,True,True,True,True,True,True,True,True,True,False,False,False,False,False,False,False
7947487,STATE_PREFLIGHT,12.4,0.05,0.1,0.45,0.0,0.0,0.09810000419616699,0.0010000000149011613,0.0020000000298023225,0.0030000001192092896,0.12300000190734864,0.45599998474121095,0.789000015258789,980.5,25.0,0.0,0.0,0.980999984741211,1,46.5,6.6,1200.0,1.5,3.5,12,9.8100004196167,98.0999984741211,11.984000244140624,0.0,1200.0,True,True,True,True,True,True,True,True,True,True,True,True,True,True,True,True,False,False,False,False,False,False,False
7947993,STATE_PREFLIGHT,12.4,0.05,0.1,0.45,0.0,0.0,0.09810000419616699,0.0010000000149011613,0.0020000000298023225,0.0030000001192092896,0.12300000190734864,0.45599998474121095,0.789000015258789,980.5,25.0,0.0,0.0,0.980999984741211,1,46.5,6.6,1200.0,1.5,3.5,12,9.8100004196167,98.0999984741211,11.984000244140624,0.0,1200.0,True,True,True,True,True,True,True,True,True,True,True,True,True,True,True,True,False,False,False,False,False,False,False
7948504,STATE_PREFLIGHT,12.4,0.05,0.1,0.45,0.0,0.0,0.09810000419616699,0.0010000000149011613,0.0020000000298023225,0.0030000001192092896,0.12300000190734864,0.45599998474121095,0.789000015258789,980.5,25.0,0.0,0.0,0.980999984741211,1,46.5,6.6,1200.0,1.5,3.5,12,9.8100004196167,98.0999984741211,11.984000244140624,0.0,1200.0,True,True,True,True,True,True,True,True,True,True,True,True,True,True,True,True,False,False,False,False,False,False,False
7949016,STATE_PREFLIGHT,12.4,0.05,0.1,0.45,0.0,0.0,0.09810000419616699,0.0010000000149011613,0.0020000000298023225,0.0030000001192092896,0.12300000190734864,0.45599998474121095,0.789000015258789,980.5,25.0,0.0,0.0,0.980999984741211,1,46.5,6.6,1200.0,1.5,3.5,12,9.8100004196167,98.0999984741211,11.984000244140624,0.0,1200.0,True,True,True,True,True,True,True,True,True,True,True,True,True,True,True,True,False,False,False,False,False,False,False
7949525,STATE_PREFLIGHT,12.4,0.05,0.1,0.45,0.0,0.0,0.09810000419616699,0.0010000000149011613,0.0020000000298023225,0.0030000001192092896,0.12300000190734864,0.45599998474121095,0.789000015258789,980.5,25.0,0.0,0.0,0.980999984741211,1,46.5,6.6,1200.0,1.5,3.5,12,9.8100004196167,98.0999984741211,11.984000244140624,0.0,1200.0,True,True,True,True,True,True,True,True,True,True,True,True,True,True,True,True,False,False,False,False,False,False,False
7950037,STATE_PREFLIGHT,12.4,0.05,0.1,0.45,0.0,0.0,0.09810000419616699,0.0010000000149011613,0.0020000000298023225,0.0030000001192092896,0.12300000190734864,0.45599998474121095,0.789000015258789,980.5,25.0,0.0,0.0,0.980999984741211,1,46.5,6.6,1200.0,1.5,3.5,12,9.8100004196167,98.0999984741211,11.984000244140624,0.0,1200.0,True,True,True,True,True,True,True,True,True,True,True,True,True,True,True,True,False,False,False,False,False,False,False
7950545,STATE_PREFLIGHT,12.4,0.05,0.1,0.45,0.0,0.0,0.09810000419616699,0.0010000000149011613,0.0020000000298023225,0.0030000001192092896,0.12300000190734864,0.45599998474121095,0.789000015258789,980.5,25.0,0.0,0.0,0.980999984741211,1,46.5,6.6,1200.0,1.5,3.5,12,9.8100004196167,98.0999984741211,11.984000244140624,0.0,1200.0,True,True,True,True,True,True,True,True,True,True,True,True,True,True,True,True,False,False,False,False,False,False,False
7951056,STATE_PREFLIGHT,12.4,0.05,0.1,0.45,0.0,0.0,0.09810000419616699,0.0010000000149011613,0.0020000000298023225,0.0030000001192092896,0.12300000190734864,0.45599998474121095,0.789000015258789,980.5,25.0,0.0,0.0,0.980999984741211,1,46.5,6.6,1200.0,1.5,3.5,12,9.8100004196167,98.0999984741211,11.984000244140624,0.0,1200.0,True,True,True,True,True,True,True,True,True,True,True,True,True,True,True,True,False,False,False,False,False,False,False
7951567,STATE_PREFLIGHT,12.4,0.05,0.1,0.45,0.0,0.0,0.09810000419616699,0.0010000000149011613,0.0020000000298023225,0.0030000001192092896,0.12300000190734864,0.45599998474121095,0.789000015258789,980.5,25.0,0.0,0.0,0.980999984741211,1,46.5,6.6,1200.0,1.5,3.5,12,9.8100004196167,98.0999984741211,11.984000244140624,0.0,1200.0,True,True,True,True,True,True,True,True,True,True,True,True,True,True,True,True,False,False,False,False,False,False,False
7952078,STATE_PREFLIGHT,12.4,0.05,0.1,0.45,0.0,0.0,0.09810000419616699,0.0010000000149011613,0.0020000000298023225,0.0030000001192092896,0.12300000190734864,0.45599998474121095,0.789000015258789,980.5,25.0,0.0,0.0,0.980999984741211,1,46.5,6.6,1200.0,1.5,3.5,12,9.8100004196167,98.0999984741211,11.984000244140624,0.0,1200.0,True,True,True,True,True,True,True,True,True,True,True,True,True,True,True,True,False,False,False,False,False,False,False
7952585,STATE_PREFLIGHT,12.4,0.05,0.1,0.45,0.0,0.0,0.09810000419616699,0.0010000000149011613,0.0020000000298023225,0.0030000001192092896,0.12300000190734864,0.45599998474121095,0.789000015258789,980.5,25.0,0.0,0.0,0.980999984741211,1,46.5,6.6,1200.0,1.5,3.5,12,9.8100004196167,98.0999984741211,11.984000244140624,0.0,1200.0,True,True,True,True,True,True,True,True,True,True,True,True,True,True,True,True,False,False,False,False,False,False,False
7953096,STATE_PREFLIGHT,12.4,0.05,0.1,0.45,0.0,0.0,0.09810000419616699,0.0010000000149011613,0.0020000000298023225,0.0030000001192092896,0.12300000190734864,0.45599998474121095,0.789000015258789,980.5,25.0,0.0,0.0,0.980999984741211,1,46.5,6.6,1200.0,1.5,3.5,12,9.8100004196167,98.0999984741211,11.984000244140624,0.0,1200.0,True,True,True,True,True,True,True,True,True,True,True,True,True,True,True,True,False,False,False,False,False,False,False
7953605,STATE_PREFLIGHT,12.4,0.05,0.1,0.45,0.0,0.0,0.09810000419616699,0.0010000000149011613,0.0020000000298023225,0.0030000001192092896,0.12300000190734864,0.45599998474121095,0.789000015258789,980.5,25.0,0.0,0.0,0.980999984741211,1,46.5,6.6,1200.0,1.5,3.5,12,9.8100004196167,98.0999984741211,11.984000244140624,0.0,1200.0,True,True,True,True,True,True,True,True,True,True,True,True,True,True,True,True,False,False,False,False,False,False,False
7954113,STATE_PREFLIGHT,12.4,0.05,0.1,0.45,0.0,0.0,0.09810000419616699,0.0010000000149011613,0.0020000000298023225,0.0030000001192092896,0.12300000190734864,0.45599998474121095,0.789000015258789,980.5,25.0,0.0,0.0,0.980999984741211,1,46.5,6.6,1200.0,1.5,3.5,12,9.8100004196167,98.0999984741211,11.984000244140624,0.0,1200.0,True,True,True,True,True,True,True,True,True,True,True,True,True,True,True,True,False,False,False,False,False,False,False
7954624,STATE_PREFLIGHT,12.4,0.05,0.1,0.45,0.0,0.0,0.09810000419616699,0.0010000000149011613,0.0020000000298023225,0.0030000001192092896,0.12300000190734864,0.45599998474121095,0.789000015258789,980.5,25.0,0.0,0.0,0.980999984741211,1,46.5,6.6,1200.0,1.5,3.5,12,9.8100004196167,98.0999984741211,11.984000244140624,0.0,1200.0,True,True,True,True,True,True,True,True,True,True,True,True,True,True,True,True,False,False,False,False,False,False,False
7955133,STATE_PREFLIGHT,12.4,0.05,0.1,0.45,0.0,0.0,0.09810000419616699,0.0010000000149011613,0.0020000000298023225,0.0030000001192092896,0.12300000190734864,0.45599998474121095,0.789000015258789,980.5,25.0,0.0,0.0,0.980999984741211,1,46.5,6.6,1200.0,1.5,3.5,12,9.8100004196167,98.0999984741211,11.984000244140624,0.0,1200.0,True,True,True,True,True,True,True,True,True,True,True,True,True,True,True,True,False,False,False,False,False,False,False
7955642,STATE_PREFLIGHT,12.4,0.05,0.1,0.45,0.0,0.0,0.09810000419616699,0.0010000000149011613,0.0020000000298023225,0.0030000001192092896,0.12300000190734864,0.45599998474121095,0.789000015258789,980.5,25.0,0.0,0.0,0.980999984741211,1,46.5,6.6,1200.0,1.5,3.5,12,9.8100004196167,98.0999984741211,11.984000244140624,0.0,1200.0,True,True,True,True,True,True,True,True,True,True,True,True,True,True,True,True,False,False,False,False,False,False,False
7956149,STATE_PREFLIGHT,12.4,0.05,0.1,0.45,0.0,0.0,0.09810000419616699,0.0010000000149011613,0.0020000000298023225,0.0030000001192092896,0.12300000190734864,0.45599998474121095,0.789000015258789,980.5,25.0,0.0,0.0,0.980999984741211,1,46.5,6.6,1200.0,1.5,3.5,12,9.8100004196167,98.0999984741211,11.984000244140624,0.0,1200.0,True,True,True,True,True,True,True,True,True,True,True,True,True,True,True,True,False,False,False,False,False,False,False
7956660,STATE_PREFLIGHT,12.4,0.05,0.1,0.45,0.0,0.0,0.09810000419616699,0.0010000000149011613,0.0020000000298023225,0.0030000001192092896,0.12300000190734864,0.45599998474121095,0.789000015258789,980.5,25.0,0.0,0.0,0.980999984741211,1,46.5,6.6,1200.0,1.5,3.5,12,9.8100004196167,98.0999984741211,11.984000244140624,0.0,1200.0,True,True,True,True,True,True,True,True,True,True,True,True,True,True,True,True,False,False,False,False,False,False,False
7957168,STATE_PREFLIGHT,12.4,0.05,0.1,0.45,0.0,0.0,0.09810000419616699,0.0010000000149011613,0.0020000000298023225,0.0030000001192092896,0.12300000190734864,0.45599998474121095,0.789000015258789,980.5,25.0,0.0,0.0,0.980999984741211,1,46.5,6.6,1200.0,1.5,3.5,12,9.8100004196167,98.0999984741211,11.984000244140624,0.0,1200.0,True,True,True,True,True,True,True,True,True,True,True,True,True,True,True,True,False,False,False,False,False,False,False
7957678,STATE_PREFLIGHT,12.4,0.05,0.1,0.45,0.0,0.0,0.09810000419616699,0.0010000000149011613,0.0020000000298023225,0.0030000001192092896,0.12300000190734864,0.45599998474121095,0.789000015258789,980.5,25.0,0.0,0.0,0.980999984741211,1,46.5,6.6,1200.0,1.5,3.5,12,9.8100004196167,98.0999984741211,11.984000244140624,0.0,1200.0,True,True,True,True,True,True,True,True,True,True,True,True,True,True,True,True,False,False,False,False,False,False,False
7958183,STATE_PREFLIGHT,12.4,0.05,0.1,0.45,0.0,0.0,0.09810000419616699,0.0010000000149011613,0.0020000000298023225,0.0030000001192092896,0.12300000190734864,0.45599998474121095,0.789000015258789,980.5,25.0,0.0,0.0,0.980999984741211,1,46.5,6.6,1200.0,1.5,3.5,12,9.8100004196167,98.0999984741211,11.984000244140624,0.0,1200.0,True,True,True,True,True,True,True,True,True,True,True,True,True,True,True,True,False,False,False,False,False,False,False
7958692,STATE_PREFLIGHT,12.4,0.05,0.1,0.45,0.0,0.0,0.09810000419616699,0.0010000000149011613,0.0020000000298023225,0.0030000001192092896,0.12300000190734864,0.45599998474121095,0.789000015258789,980.5,25.0,0.0,0.0,0.980999984741211,1,46.5,6.6,1200.0,1.5,3.5,12,9.8100004196167,98.0999984741211,11.984000244140624,0.0,1200.0,True,True,True,True,True,True,True,True,True,True,True,True,True,True,True,True,False,False,False,False,False,False,False
7959199,STATE_PREFLIGHT,12.4,0.05,0.1,0.45,0.0,0.0,0.09810000419616699,0.0010000000149011613,0.0020000000298023225,0.0030000001192092896,0.12300000190734864,0.45599998474121095,0.789000015258789,980.5,25.0,0.0,0.0,0.980999984741211,1,46.5,6.6,1200.0,1.5,3.5,12,9.8100004196167,98.0999984741211,11.984000244140624,0.0,1200.0,True,True,True,True,True,True,True,True,True,True,True,True,True,True,True,True,False,False,False,False,False,False,False
7959707,STATE_PREFLIGHT,12.4,0.05,0.1,0.45,0.0,0.0,0.09810000419616699,0.0010000000149011613,0.0020000000298023225,0.0030000001192092896,0.12300000190734864,0.45599998474121095,0.789000015258789,980.5,25.0,0.0,0.0,0.980999984741211,1,46.5,6.6,1200.0,1.5,3.5,12,9.8100004196167,98.0999984741211,11.984000244140624,0.0,1200.0,True,True,True,True,True,True,True,True,True,True,True,True,True,True,True,True,False,False,False,False,False,False,False
7960216,STATE_PREFLIGHT,12.4,0.05,0.1,0.45,0.0,0.0,0.09810000419616699,0.0010000000149011613,0.0020000000298023225,0.0030000001192092896,0.12300000190734864,0.45599998474121095,0.789000015258789,980.5,25.0,0.0,0.0,0.980999984741211,1,46.5,6.6,1200.0,1.5,3.5,12,9.8100004196167,98.0999984741211,11.984000244140624,0.0,1200.0,True,True,True,True,True,True,True,True,True,True,True,True,True,True,True,True,False,False,False,False,False,False,False
7960727,STATE_PREFLIGHT,12.4,0.05,0.1,0.45,0.0,0.0,0.09810000419616699,0.0010000000149011613,0.0020000000298023225,0.0030000001192092896,0.12300000190734864,0.45599998474121095,0.789000015258789,980.5,25.0,0.0,0.0,0.980999984741211,1,46.5,6.6,1200.0,1.5,3.5,12,9.8100004196167,98.0999984741211,11.984000244140624,0.0,1200.0,True,True,True,True,True,True,True,True,True,True,True,True,True,True,True,True,False,False,False,False,False,False,False
7961234,STATE_PREFLIGHT,12.4,0.05,0.1,0.45,0.0,0.0,0.09810000419616699,0.0010000000149011613,0.0020000000298023225,0.0030000001192092896,0.12300000190734864,0.45599998474121095,0.789000015258789,980.5,25.0,0.0,0.0,0.980999984741211,1,46.5,6.6,1200.0,1.5,3.5,12,9.8100004196167,98.0999984741211,11.984000244140624,0.0,1200.0,True,True,True,True,True,True,True,True,True,True,True,True,True,True,True,True,False,False,False,False,False,False,False
7961742,STATE_PREFLIGHT,12.4,0.05,0.1,0.45,0.0,0.0,0.09810000419616699,0.0010000000149011613,0.0020000000298023225,0.0030000001192092896,0.12300000190734864,0.45599998474121095,0.789000015258789,980.5,25.0,0.0,0.0,0.980999984741211,1,46.5,6.6,1200.0,1.5,3.5,12,9.8100004196167,98.0999984741211,11.984000244140624,0.0,1200.0,True,True,True,True,True,True,True,True,True,True,True,True,True,True,True,True,False,False,False,False,False,False,False
7962249,STATE_PREFLIGHT,12.4,0.05,0.1,0.45,0.0,0.0,0.09810000419616699,0.0010000000149011613,0.0020000000298023225,0.0030000001192092896,0.12300000190734864,0.45599998474121095,0.789000015258789,980.5,25.0,0.0,0.0,0.980999984741211,1,46.5,6.6,1200.0,1.5,3.5,12,9.8100004196167,98.0999984741211,11.984000244140624,0.0,1200.0,True,True,True,True,True,True,True,True,True,True,True,True,True,True,True,True,False,False,False,False,False,False,False
7962760,STATE_PREFLIGHT,12.4,0.05,0.1,0.45,0.0,0.0,0.09810000419616699,0.0010000000149011613,0.0020000000298023225,0.0030000001192092896,0.12300000190734864,0.45599998474121095,0.789000015258789,980.5,25.0,0.0,0.0,0.980999984741211,1,46.5,6.6,1200.0,1.5,3.5,12,9.8100004196167,98.0999984741211,11.984000244140624,0.0,1200.0,True,True,True,True,True,True,True,True,True,True,True,True,True,True,True,True,False,False,False,False,False,False,False
7963271,STATE_PREFLIGHT,12.4,0.05,0.1,0.45,0.0,0.0,0.09810000419616699,0.0010000000149011613,0.0020000000298023225,0.0030000001192092896,0.12300000190734864,0.45599998474121095,0.789000015258789,980.5,25.0,0.0,0.0,0.980999984741211,1,46.5,6.6,1200.0,1.5,3.5,12,9.8100004196167,98.0999984741211,11.984000244140624,0.0,1200.0,True,True,True,True,True,True,True,True,True,True,True,True,True,True,True,True,False,False,False,False,False,False,False
7963780,STATE_PREFLIGHT,12.4,0.05,0.1,0.45,0.0,0.0,0.09810000419616699,0.0010000000149011613,0.0020000000298023225,0.0030000001192092896,0.12300000190734864,0.45599998474121095,0.789000015258789,980.5,25.0,0.0,0.0,0.980999984741211,1,46.5,6.6,1200.0,1.5,3.5,12,9.8100004196167,98.0999984741211,11.984000244140624,0.0,1200.0,True,True,True,True,True,True,True,True,True,True,True,True,True,True,True,True,False,False,False,False,False,False,False
7964302,STATE_PREFLIGHT,12.4,0.05,0.1,0.45,0.0,0.0,0.09810000419616699,0.0010000000149011613,0.0020000000298023225,0.0030000001192092896,0.12300000190734864,0.45599998474121095,0.789000015258789,980.5,25.0,0.0,0.0,0.980999984741211,1,46.5,6.6,1200.0,1.5,3.5,12,9.8100004196167,98.0999984741211,11.984000244140624,0.0,1200.0,True,True,True,True,True,True,True,True,True,True,True,True,True,True,True,True,False,False,False,False,False,False,False
7964806,STATE_PREFLIGHT,12.4,0.05,0.1,0.45,0.0,0.0,0.09810000419616699,0.0010000000149011613,0.0020000000298023225,0.0030000001192092896,0.12300000190734864,0.45599998474121095,0.789000015258789,980.5,25.0,0.0,0.0,0.980999984741211,1,46.5,6.6,1200.0,1.5,3.5,12,9.8100004196167,98.0999984741211,11.984000244140624,0.0,1200.0,True,True,True,True,True,True,True,True,True,True,True,True,True,True,True,True,False,False,False,False,False,False,False
7965317,STATE_PREFLIGHT,12.4,0.05,0.1,0.45,0.0,0.0,0.09810000419616699,0.0010000000149011613,0.0020000000298023225,0.0030000001192092896,0.12300000190734864,0.45599998474121095,0.789000015258789,980.5,25.0,0.0,0.0,0.980999984741211,1,46.5,6.6,1200.0,1.5,3.5,12,9.8100004196167,98.0999984741211,11.984000244140624,0.0,1200.0,True,True,True,True,True,True,True,True,True,True,True,True,True,True,True,True,False,False,False,False,False,False,False
7965827,STATE_PREFLIGHT,12.4,0.05,0.1,0.45,0.0,0.0,0.09810000419616699,0.0010000000149011613,0.0020000000298023225,0.0030000001192092896,0.12300000190734864,0.45599998474121095,0.789000015258789,980.5,25.0,0.0,0.0,0.980999984741211,1,46.5,6.6,1200.0,1.5,3.5,12,9.8100004196167,98.0999984741211,11.984000244140624,0.0,1200.0,True,True,True,True,True,True,True,True,True,True,True,True,True,True,True,True,False,False,False,False,False,False,False
7966336,STATE_PREFLIGHT,12.4,0.05,0.1,0.45,0.0,0.0,0.09810000419616699,0.0010000000149011613,0.0020000000298023225,0.0030000001192092896,0.12300000190734864,0.45599998474121095,0.789000015258789,980.5,25.0,0.0,0.0,0.980999984741211,1,46.5,6.6,1200.0,1.5,3.5,12,9.8100004196167,98.0999984741211,11.984000244140624,0.0,1200.0,True,True,True,True,True,True,True,True,True,True,True,True,True,True,True,True,False,False,False,False,False,False,False
7966842,STATE_PREFLIGHT,12.4,0.05,0.1,0.45,0.0,0.0,0.09810000419616699,0.0010000000149011613,0.0020000000298023225,0.0030000001192092896,0.12300000190734864,0.45599998474121095,0.789000015258789,980.5,25.0,0.0,0.0,0.980999984741211,1,46.5,6.6,1200.0,1.5,3.5,12,9.8100004196167,98.0999984741211,11.984000244140624,0.0,1200.0,True,True,True,True,True,True,True,True,True,True,True,True,True,True,True,True,False,False,False,False,False,False,False
7967350,STATE_PREFLIGHT,12.4,0.05,0.1,0.45,0.0,0.0,0.09810000419616699,0.0010000000149011613,0.0020000000298023225,0.0030000001192092896,0.12300000190734864,0.45599998474121095,0.789000015258789,980.5,25.0,0.0,0.0,0.980999984741211,1,46.5,6.6,1200.0,1.5,3.5,12,9.8100004196167,98.0999984741211,11.984000244140624,0.0,1200.0,True,True,True,True,True,True,True,True,True,True,True,True,True,True,True,True,False,False,False,False,False,False,False
7967859,STATE_PREFLIGHT,12.4,0.05,0.1,0.45,0.0,0.0,0.09810000419616699,0.0010000000149011613,0.0020000000298023225,0.0030000001192092896,0.12300000190734864,0.45599998474121095,0.789000015258789,980.5,25.0,0.0,0.0,0.980999984741211,1,46.5,6.6,1200.0,1.5,3.5,12,9.8100004196167,98.0999984741211,11.984000244140624,0.0,1200.0,True,True,True,True,True,True,True,True,True,True,True,True,True,True,True,True,False,False,False,False,False,False,False
7968365,STATE_PREFLIGHT,12.4,0.05,0.1,0.45,0.0,0.0,0.09810000419616699,0.0010000000149011613,0.0020000000298023225,0.0030000001192092896,0.12300000190734864,0.45599998474121095,0.789000015258789,980.5,25.0,0.0,0.0,0.980999984741211,1,46.5,6.6,1200.0,1.5,3.5,12,9.8100004196167,98.0999984741211,11.984000244140624,0.0,1200.0,True,True,True,True,True,True,True,True,True,True,True,True,True,True,True,True,False,False,False,False,False,False,False
7968874,STATE_PREFLIGHT,12.4,0.05,0.1,0.45,0.0,0.0,0.09810000419616699,0.0010000000149011613,0.0020000000298023225,0.0030000001192092896,0.12300000190734864,0.45599998474121095,0.789000015258789,980.5,25.0,0.0,0.0,0.980999984741211,1,46.5,6.6,1200.0,1.5,3.5,12,9.8100004196167,98.0999984741211,11.984000244140624,0.0,1200.0,True,True,True,True,True,True,True,True,True,True,True,True,True,True,True,True,False,False,False,False,False,False,False
7969384,STATE_PREFLIGHT,12.4,0.05,0.1,0.45,0.0,0.0,0.09810000419616699,0.0010000000149011613,0.0020000000298023225,0.0030000001192092896,0.12300000190734864,0.45599998474121095,0.789000015258789,980.5,25.0,0.0,0.0,0.980999984741211,1,46.5,6.6,1200.0,1.5,3.5,12,9.8100004196167,98.0999984741211,11.984000244140624,0.0,1200.0,True,True,True,True,True,True,True,True,True,True,True,True,True,True,True,True,False,False,False,False,False,False,False
7969890,STATE_PREFLIGHT,12.4,0.05,0.1,0.45,0.0,0.0,0.09810000419616699,0.0010000000149011613,0.0020000000298023225,0.0030000001192092896,0.12300000190734864,0.45599998474121095,0.789000015258789,980.5,25.0,0.0,0.0,0.980999984741211,1,46.5,6.6,1200.0,1.5,3.5,12,9.8100004196167,98.0999984741211,11.984000244140624,0.0,1200.0,True,True,True,True,True,True,True,True,True,True,True,True,True,True,True,True,False,False,False,False,False,False,False
7970397,STATE_PREFLIGHT,12.4,0.05,0.1,0.45,0.0,0.0,0.09810000419616699,0.0010000000149011613,0.0020000000298023225,0.0030000001192092896,0.12300000190734864,0.45599998474121095,0.789000015258789,980.5,25.0,0.0,0.0,0.980999984741211,1,46.5,6.6,1200.0,1.5,3.5,12,9.8100004196167,98.0999984741211,11.984000244140624,0.0,1200.0,True,True,True,True,True,True,True,True,True,True,True,True,True,True,True,True,False,False,False,False,False,False,False
7970904,STATE_PREFLIGHT,12.4,0.05,0.1,0.45,0.0,0.0,0.09810000419616699,0.0010000000149011613,0.0020000000298023225,0.0030000001192092896,0.12300000190734864,0.45599998474121095,0.789000015258789,980.5,25.0,0.0,0.0,0.980999984741211,1,46.5,6.6,1200.0,1.5,3.5,12,9.8100004196167,98.0999984741211,11.984000244140624,0.0,1200.0,True,True,True,True,True,True,True,True,True,True,True,True,True,True,True,True,False,False,False,False,False,False,False
7971415,STATE_PREFLIGHT,12.4,0.05,0.1,0.45,0.0,0.0,0.09810000419616699,0.0010000000149011613,0.0020000000298023225,0.0030000001192092896,0.12300000190734864,0.45599998474121095,0.789000015258789,980.5,25.0,0.0,0.0,0.980999984741211,1,46.5,6.6,1200.0,1.5,3.5,12,9.8100004196167,98.0999984741211,11.984000244140624,0.0,1200.0,True,True,True,True,True,True,True,True,True,True,True,True,True,True,True,True,False,False,False,False,False,False,False
7971922,STATE_PREFLIGHT,12.4,0.05,0.1,0.45,0.0,0.0,0.09810000419616699,0.0010000000149011613,0.0020000000298023225,0.0030000001192092896,0.12300000190734864,0.45599998474121095,0.789000015258789,980.5,25.0,0.0,0.0,0.980999984741211,1,46.5,6.6,1200.0,1.5,3.5,12,9.8100004196167,98.0999984741211,11.984000244140624,0.0,1200.0,True,True,True,True,True,True,True,True,True,True,True,True,True,True,True,True,False,False,False,False,False,False,False
7972433,STATE_PREFLIGHT,12.4,0.05,0.1,0.45,0.0,0.0,0.09810000419616699,0.0010000000149011613,0.0020000000298023225,0.0030000001192092896,0.12300000190734864,0.45599998474121095,0.789000015258789,980.5,25.0,0.0,0.0,0.980999984741211,1,46.5,6.6,1200.0,1.5,3.5,12,9.8100004196167,98.0999984741211,11.984000244140624,0.0,1200.0,True,True,True,True,True,True,True,True,True,True,True,True,True,True,True,True,False,False,False,False,False,False,False
7972944,STATE_PREFLIGHT,12.4,0.05,0.1,0.45,0.0,0.0,0.09810000419616699,0.0010000000149011613,0.0020000000298023225,0.0030000001192092896,0.12300000190734864,0.45599998474121095,0.789000015258789,980.5,25.0,0.0,0.0,0.980999984741211,1,46.5,6.6,1200.0,1.5,3.5,12,9.8100004196167,98.0999984741211,11.984000244140624,0.0,1200.0,True,True,True,True,True,True,True,True,True,True,True,True,True,True,True,True,False,False,False,False,False,False,False
7973452,STATE_PREFLIGHT,12.4,0.05,0.1,0.45,0.0,0.0,0.09810000419616699,0.0010000000149011613,0.0020000000298023225,0.0030000001192092896,0.12300000190734864,0.45599998474121095,0.789000015258789,980.5,25.0,0.0,0.0,0.980999984741211,1,46.5,6.6,1200.0,1.5,3.5,12,9.8100004196167,98.0999984741211,11.984000244140624,0.0,1200.0,True,True,True,True,True,True,True,True,True,True,True,True,True,True,True,True,False,False,False,False,False,False,False
7973963,STATE_PREFLIGHT,12.4,0.05,0.1,0.45,0.0,0.0,0.09810000419616699,0.0010000000149011613,0.0020000000298023225,0.0030000001192092896,0.12300000190734864,0.45599998474121095,0.789000015258789,980.5,25.0,0.0,0.0,0.980999984741211,1,46.5,6.6,1200.0,1.5,3.5,12,9.8100004196167,98.0999984741211,11.984000244140624,0.0,1200.0,True,True,True,True,True,True,True,True,True,True,True,True,True,True,True,True,False,False,False,False,False,False,False
7974474,STATE_PREFLIGHT,12.4,0.05,0.1,0.45,0.0,0.0,0.09810000419616699,0.0010000000149011613,0.0020000000298023225,0.0030000001192092896,0.12300000190734864,0.45599998474121095,0.789000015258789,980.5,25.0,0.0,0.0,0.980999984741211,1,46.5,6.6,1200.0,1.5,3.5,12,9.8100004196167,98.0999984741211,11.984000244140624,0.0,1200.0,True,True,True,True,True,True,True,True,True,True,True,True,True,True,True,True,False,False,False,False,False,False,False
7974980,STATE_PREFLIGHT,12.4,0.05,0.1,0.45,0.0,0.0,0.09810000419616699,0.0010000000149011613,0.0020000000298023225,0.0030000001192092896,0.12300000190734864,0.45599998474121095,0.789000015258789,980.5,25.0,0.0,0.0,0.980999984741211,1,46.5,6.6,1200.0,1.5,3.5,12,9.8100004196167,98.0999984741211,11.984000244140624,0.0,1200.0,True,True,True,True,True,True,True,True,True,True,True,True,True,True,True,True,False,False,False,False,False,False,False
7975483,STATE_PREFLIGHT,12.4,0.05,0.1,0.45,0.0,0.0,0.09810000419616699,0.0010000000149011613,0.0020000000298023225,0.0030000001192092896,0.12300000190734864,0.45599998474121095,0.789000015258789,980.5,25.0,0.0,0.0,0.980999984741211,1,46.5,6.6,1200.0,1.5,3.5,12,9.8100004196167,98.0999984741211,11.984000244140624,0.0,1200.0,True,True,True,True,True,True,True,True,True,True,True,True,True,True,True,True,False,False,False,False,False,False,False
7975993,STATE_PREFLIGHT,12.4,0.05,0.1,0.45,0.0,0.0,0.09810000419616699,0.0010000000149011613,0.0020000000298023225,0.0030000001192092896,0.12300000190734864,0.45599998474121095,0.789000015258789,980.5,25.0,0.0,0.0,0.980999984741211,1,46.5,6.6,1200.0,1.5,3.5,12,9.8100004196167,98.0999984741211,11.984000244140624,0.0,1200.0,True,True,True,True,True,True,True,True,True,True,True,True,True,True,True,True,False,False,False,False,False,False,False
7976504,STATE_PREFLIGHT,12.4,0.05,0.1,0.45,0.0,0.0,0.09810000419616699,0.0010000000149011613,0.0020000000298023225,0.0030000001192092896,0.12300000190734864,0.45599998474121095,0.789000015258789,980.5,25.0,0.0,0.0,0.980999984741211,1,46.5,6.6,1200.0,1.5,3.5,12,9.8100004196167,98.0999984741211,11.984000244140624,0.0,1200.0,True,True,True,True,True,True,True,True,True,True,True,True,True,True,True,True,False,False,False,False,False,False,False
7977015,STATE_PREFLIGHT,12.4,0.05,0.1,0.45,0.0,0.0,0.09810000419616699,0.0010000000149011613,0.0020000000298023225,0.0030000001192092896,0.12300000190734864,0.45599998474121095,0.789000015258789,980.5,25.0,0.0,0.0,0.980999984741211,1,46.5,6.6,1200.0,1.5,3.5,12,9.8100004196167,98.0999984741211,11.984000244140624,0.0,1200.0,True,True,True,True,True,True,True,True,True,True,True,True,True,True,True,True,False,False,False,False,False,False,False
7977523,STATE_PREFLIGHT,12.4,0.05,0.1,0.45,0.0,0.0,0.09810000419616699,0.0010000000149011613,0.0020000000298023225,0.0030000001192092896,0.12300000190734864,0.45599998474121095,0.789000015258789,980.5,25.0,0.0,0.0,0.980999984741211,1,46.5,6.6,1200.0,1.5,3.5,12,9.8100004196167,98.0999984741211,11.984000244140624,0.0,1200.0,True,True,True,True,True,True,True,True,True,True,True,True,True,True,True,True,False,False,False,False,False,False,False
7978031,STATE_PREFLIGHT,12.4,0.05,0.1,0.45,0.0,0.0,0.09810000419616699,0.0010000000149011613,0.0020000000298023225,0.0030000001192092896,0.12300000190734864,0.45599998474121095,0.789000015258789,980.5,25.0,0.0,0.0,0.980999984741211,1,46.5,6.6,1200.0,1.5,3.5,12,9.8100004196167,98.0999984741211,11.984000244140624,0.0,1200.0,True,True,True,True,True,True,True,True,True,True,True,True,True,True,True,True,False,False,False,False,False,False,False
7978542,STATE_PREFLIGHT,12.4,0.05,0.1,0.45,0.0,0.0,0.09810000419616699,0.0010000000149011613,0.0020000000298023225,0.0030000001192092896,0.12300000190734864,0.45599998474121095,0.789000015258789,980.5,25.0,0.0,0.0,0.980999984741211,1,46.5,6.6,1200.0,1.5,3.5,12,9.8100004196167,98.0999984741211,11.984000244140624,0.0,1200.0,True,True,True,True,True,True,True,True,True,True,True,True,True,True,True,True,False,False,False,False,False,False,False
7979053,STATE_PREFLIGHT,12.4,0.05,0.1,0.45,0.0,0.0,0.09810000419616699,0.0010000000149011613,0.0020000000298023225,0.0030000001192092896,0.12300000190734864,0.45599998474121095,0.789000015258789,980.5,25.0,0.0,0.0,0.980999984741211,1,46.5,6.6,1200.0,1.5,3.5,12,9.8100004196167,98.0999984741211,11.984000244140624,0.0,1200.0,True,True,True,True,True,True,True,True,True,True,True,True,True,True,True,True,False,False,False,False,False,False,False
7979562,STATE_PREFLIGHT,12.4,0.05,0.1,0.45,0.0,0.0,0.09810000419616699,0.0010000000149011613,0.0020000000298023225,0.0030000001192092896,0.12300000190734864,0.45599998474121095,0.789000015258789,980.5,25.0,0.0,0.0,0.980999984741211,1,46.5,6.6,1200.0,1.5,3.5,12,9.8100004196167,98.0999984741211,11.984000244140624,0.0,1200.0,True,True,True,True,True,True,True,True,True,True,True,True,True,True,True,True,False,False,False,False,False,False,False
7980064,STATE_PREFLIGHT,12.4,0.05,0.1,0.45,0.0,0.0,0.09810000419616699,0.0010000000149011613,0.0020000000298023225,0.0030000001192092896,0.12300000190734864,0.45599998474121095,0.789000015258789,980.5,25.0,0.0,0.0,0.980999984741211,1,46.5,6.6,1200.0,1.5,3.5,12,9.8100004196167,98.0999984741211,11.984000244140624,0.0,1200.0,True,True,True,True,True,True,True,True,True,True,True,True,True,True,True,True,False,False,False,False,False,False,False
7980571,STATE_PREFLIGHT,12.4,0.05,0.1,0.45,0.0,0.0,0.09810000419616699,0.0010000000149011613,0.0020000000298023225,0.0030000001192092896,0.12300000190734864,0.45599998474121095,0.789000015258789,980.5,25.0,0.0,0.0,0.980999984741211,1,46.5,6.6,1200.0,1.5,3.5,12,9.8100004196167,98.0999984741211,11.984000244140624,0.0,1200.0,True,True,True,True,True,True,True,True,True,True,True,True,True,True,True,True,False,False,False,False,False,False,False
7981077,STATE_PREFLIGHT,12.4,0.05,0.1,0.45,0.0,0.0,0.09810000419616699,0.0010000000149011613,0.0020000000298023225,0.0030000001192092896,0.12300000190734864,0.45599998474121095,0.789000015258789,980.5,25.0,0.0,0.0,0.980999984741211,1,46.5,6.6,1200.0,1.5,3.5,12,9.8100004196167,98.0999984741211,11.984000244140624,0.0,1200.0,True,True,True,True,True,True,True,True,True,True,True,True,True,True,True,True,False,False,False,False,False,False,False
7981584,STATE_PREFLIGHT,12.4,0.05,0.1,0.45,0.0,0.0,0.09810000419616699,0.0010000000149011613,0.0020000000298023225,0.0030000001192092896,0.12300000190734864,0.45599998474121095,0.789000015258789,980.5,25.0,0.0,0.0,0.980999984741211,1,46.5,6.6,1200.0,1.5,3.5,12,9.8100004196167,98.0999984741211,11.984000244140624,0.0,1200.0,True,True,True,True,True,True,True,True,True,True,True,True,True,True,True,True,False,False,False,False,False,False,False
7982090,STATE_PREFLIGHT,12.4,0.05,0.1,0.45,0.0,0.0,0.09810000419616699,0.0010000000149011613,0.0020000000298023225,0.0030000001192092896,0.12300000190734864,0.45599998474121095,0.789000015258789,980.5,25.0,0.0,0.0,0.980999984741211,1,46.5,6.6,1200.0,1.5,3.5,12,9.8100004196167,98.0999984741211,11.984000244140624,0.0,1200.0,True,True,True,True,True,True,True,True,True,True,True,True,True,True,True,True,False,False,False,False,False,False,False
7982600,STATE_PREFLIGHT,12.4,0.05,0.1,0.45,0.0,0.0,0.09810000419616699,0.0010000000149011613,0.0020000000298023225,0.0030000001192092896,0.12300000190734864,0.45599998474121095,0.789000015258789,980.5,25.0,0.0,0.0,0.980999984741211,1,46.5,6.6,1200.0,1.5,3.5,12,9.8100004196167,98.0999984741211,11.984000244140624,0.0,1200.0,True,True,True,True,True,True,True,True,True,True,True,True,True,True,True,True,False,False,False,False,False,False,False
7983103,STATE_PREFLIGHT,12.4,0.05,0.1,0.45,0.0,0.0,0.09810000419616699,0.0010000000149011613,0.0020000000298023225,0.0030000001192092896,0.12300000190734864,0.45599998474121095,0.789000015258789,980.5,25.0,0.0,0.0,0.980999984741211,1,46.5,6.6,1200.0,1.5,3.5,12,9.8100004196167,98.0999984741211,11.984000244140624,0.0,1200.0,True,True,True,True,True,True,True,True,True,True,True,True,True,True,True,True,False,False,False,False,False,False,False
7983615,STATE_PREFLIGHT,12.4,0.05,0.1,0.45,0.0,0.0,0.09810000419616699,0.0010000000149011613,0.0020000000298023225,0.0030000001192092896,0.12300000190734864,0.45599998474121095,0.789000015258789,980.5,25.0,0.0,0.0,0.980999984741211,1,46.5,6.6,1200.0,1.5,3.5,12,9.8100004196167,98.0999984741211,11.984000244140624,0.0,1200.0,True,True,True,True,True,True,True,True,True,True,True,True,True,True,True,True,False,False,False,False,False,False,False
7984123,STATE_PREFLIGHT,12.4,0.05,0.1,0.45,0.0,0.0,0.09810000419616699,0.0010000000149011613,0.0020000000298023225,0.0030000001192092896,0.12300000190734864,0.45599998474121095,0.789000015258789,980.5,25.0,0.0,0.0,0.980999984741211,1,46.5,6.6,1200.0,1.5,3.5,12,9.8100004196167,98.0999984741211,11.984000244140624,0.0,1200.0,True,True,True,True,True,True,True,True,True,True,True,True,True,True,True,True,False,False,False,False,False,False,False
7984633,STATE_PREFLIGHT,12.4,0.05,0.1,0.45,0.0,0.0,0.09810000419616699,0.0010000000149011613,0.0020000000298023225,0.0030000001192092896,0.12300000190734864,0.45599998474121095,0.789000015258789,980.5,25.0,0.0,0.0,0.980999984741211,1,46.5,6.6,1200.0,1.5,3.5,12,9.8100004196167,98.0999984741211,11.984000244140624,0.0,1200.0,True,True,True,True,True,True,True,True,True,True,True,True,True,True,True,True,False,False,False,False,False,False,False
7985141,STATE_PREFLIGHT,12.4,0.05,0.1,0.45,0.0,0.0,0.09810000419616699,0.0010000000149011613,0.0020000000298023225,0.0030000001192092896,0.12300000190734864,0.45599998474121095,0.789000015258789,980.5,25.0,0.0,0.0,0.980999984741211,1,46.5,6.6,1200.0,1.5,3.5,12,9.8100004196167,98.0999984741211,11.984000244140624,0.0,1200.0,True,True,True,True,True,True,True,True,True,True,True,True,True,True,True,True,False,False,False,False,False,False,False
7985652,STATE_PREFLIGHT,12.4,0.05,0.1,0.45,0.0,0.0,0.09810000419616699,0.0010000000149011613,0.0020000000298023225,0.0030000001192092896,0.12300000190734864,0.45599998474121095,0.789000015258789,980.5,25.0,0.0,0.0,0.980999984741211,1,46.5,6.6,1200.0,1.5,3.5,12,9.8100004196167,98.0999984741211,11.984000244140624,0.0,1200.0,True,True,True,True,True,True,True,True,True,True,True,True,True,True,True,True,False,False,False,False,False,False,False
7986164,STATE_PREFLIGHT,12.4,0.05,0.1,0.45,0.0,0.0,0.09810000419616699,0.0010000000149011613,0.0020000000298023225,0.0030000001192092896,0.12300000190734864,0.45599998474121095,0.789000015258789,980.5,25.0,0.0,0.0,0.980999984741211,1,46.5,6.6,1200.0,1.5,3.5,12,9.8100004196167,98.0999984741211,11.984000244140624,0.0,1200.0,True,True,True,True,True,True,True,True,True,True,True,True,True,True,True,True,False,False,False,False,False,False,False
7986675,STATE_PREFLIGHT,12.4,0.05,0.1,0.45,0.0,0.0,0.09810000419616699,0.0010000000149011613,0.0020000000298023225,0.0030000001192092896,0.12300000190734864,0.45599998474121095,0.789000015258789,980.5,25.0,0.0,0.0,0.980999984741211,1,46.5,6.6,1200.0,1.5,3.5,12,9.8100004196167,98.0999984741211,11.984000244140624,0.0,1200.0,True,True,True,True,True,True,True,True,True,True,True,True,True,True,True,True,False,False,False,False,False,False,False
7987186,STATE_PREFLIGHT,12.4,0.05,0.1,0.45,0.0,0.0,0.09810000419616699,0.0010000000149011613,0.0020000000298023225,0.0030000001192092896,0.12300000190734864,0.45599998474121095,0.789000015258789,980.5,25.0,0.0,0.0,0.980999984741211,1,46.5,6.6,1200.0,1.5,3.5,12,9.8100004196167,98.0999984741211,11.984000244140624,0.0,1200.0,True,True,True,True,True,True,True,True,True,True,True,True,True,True,True,True,False,False,False,False,False,False,False
7987691,STATE_PREFLIGHT,12.4,0.05,0.1,0.45,0.0,0.0,0.09810000419616699,0.0010000000149011613,0.0020000000298023225,0.0030000001192092896,0.12300000190734864,0.45599998474121095,0.789000015258789,980.5,25.0,0.0,0.0,0.980999984741211,1,46.5,6.6,1200.0,1.5,3.5,12,9.8100004196167,98.0999984741211,11.984000244140624,0.0,1200.0,True,True,True,True,True,True,True,True,True,True,True,True,True,True,True,True,False,False,False,False,False,False,False
7988197,STATE_PREFLIGHT,12.4,0.05,0.1,0.45,0.0,0.0,0.09810000419616699,0.0010000000149011613,0.0020000000298023225,0.0030000001192092896,0.12300000190734864,0.45599998474121095,0.789000015258789,980.5,25.0,0.0,0.0,0.980999984741211,1,46.5,6.6,1200.0,1.5,3.5,12,9.8100004196167,98.0999984741211,11.984000244140624,0.0,1200.0,True,True,True,True,True,True,True,True,True,True,True,True,True,True,True,True,False,False,False,False,False,False,False
7988705,STATE_PREFLIGHT,12.4,0.05,0.1,0.45,0.0,0.0,0.09810000419616699,0.0010000000149011613,0.0020000000298023225,0.0030000001192092896,0.12300000190734864,0.45599998474121095,0.789000015258789,980.5,25.0,0.0,0.0,0.980999984741211,1,46.5,6.6,1200.0,1.5,3.5,12,9.8100004196167,98.0999984741211,11.984000244140624,0.0,1200.0,True,True,True,True,True,True,True,True,True,True,True,True,True,True,True,True,False,False,False,False,False,False,False
7989216,STATE_PREFLIGHT,12.4,0.05,0.1,0.45,0.0,0.0,0.09810000419616699,0.0010000000149011613,0.0020000000298023225,0.0030000001192092896,0.12300000190734864,0.45599998474121095,0.789000015258789,980.5,25.0,0.0,0.0,0.980999984741211,1,46.5,6.6,1200.0,1.5,3.5,12,9.8100004196167,98.0999984741211,11.984000244140624,0.0,1200.0,True,True,True,True,True,True,True,True,True,True,True,True,True,True,True,True,False,False,False,False,False,False,False
7989726,STATE_PREFLIGHT,12.4,0.05,0.1,0.45,0.0,0.0,0.09810000419616699,0.0010000000149011613,0.0020000000298023225,0.0030000001192092896,0.12300000190734864,0.45599998474121095,0.789000015258789,980.5,25.0,0.0,0.0,0.980999984741211,1,46.5,6.6,1200.0,1.5,3.5,12,9.8100004196167,98.0999984741211,11.984000244140624,0.0,1200.0,True,True,True,True,True,True,True,True,True,True,True,True,True,True,True,True,False,False,False,False,False,False,False
7990237,STATE_PREFLIGHT,12.4,0.05,0.1,0.45,0.0,0.0,0.09810000419616699,0.0010000000149011613,0.0020000000298023225,0.0030000001192092896,0.12300000190734864,0.45599998474121095,0.789000015258789,980.5,25.0,0.0,0.0,0.980999984741211,1,46.5,6.6,1200.0,1.5,3.5,12,9.8100004196167,98.0999984741211,11.984000244140624,0.0,1200.0,True,True,True,True,True,True,True,True,True,True,True,True,True,True,True,True,False,False,False,False,False,False,False
7990747,STATE_PREFLIGHT,12.4,0.05,0.1,0.45,0.0,0.0,0.09810000419616699,0.0010000000149011613,0.0020000000298023225,0.0030000001192092896,0.12300000190734864,0.45599998474121095,0.789000015258789,980.5,25.0,0.0,0.0,0.980999984741211,1,46.5,6.6,1200.0,1.5,3.5,12,9.8100004196167,98.0999984741211,11.984000244140624,0.0,1200.0,True,True,True,True,True,True,True,True,True,True,True,True,True,True,True,True,False,False,False,False,False,False,False
7991258,STATE_PREFLIGHT,12.4,0.05,0.1,0.45,0.0,0.0,0.09810000419616699,0.0010000000149011613,0.0020000000298023225,0.0030000001192092896,0.12300000190734864,0.45599998474121095,0.789000015258789,980.5,25.0,0.0,0.0,0.980999984741211,1,46.5,6.6,1200.0,1.5,3.5,12,9.8100004196167,98.0999984741211,11.984000244140624,0.0,1200.0,True,True,True,True,True,True,True,True,True,True,True,True,True,True,True,True,False,False,False,False,False,False,False
7991769,STATE_PREFLIGHT,12.4,0.05,0.1,0.45,0.0,0.0,0.09810000419616699,0.0010000000149011613,0.0020000000298023225,0.0030000001192092896,0.12300000190734864,0.45599998474121095,0.789000015258789,980.5,25.0,0.0,0.0,0.980999984741211,1,46.5,6.6,1200.0,1.5,3.5,12,9.8100004196167,98.0999984741211,11.984000244140624,0.0,1200.0,True,True,True,True,True,True,True,True,True,True,True,True,True,True,True,True,False,False,False,False,False,False,False
7992278,STATE_PREFLIGHT,12.4,0.05,0.1,0.45,0.0,0.0,0.09810000419616699,0.0010000000149011613,0.0020000000298023225,0.0030000001192092896,0.12300000190734864,0.45599998474121095,0.789000015258789,980.5,25.0,0.0,0.0,0.980999984741211,1,46.5,6.6,1200.0,1.5,3.5,12,9.8100004196167,98.0999984741211,11.984000244140624,0.0,1200.0,True,True,True,True,True,True,True,True,True,True,True,True,True,True,True,True,False,False,False,False,False,False,False
7992785,STATE_PREFLIGHT,12.4,0.05,0.1,0.45,0.0,0.0,0.09810000419616699,0.0010000000149011613,0.0020000000298023225,0.0030000001192092896,0.12300000190734864,0.45599998474121095,0.789000015258789,980.5,25.0,0.0,0.0,0.980999984741211,1,46.5,6.6,1200.0,1.5,3.5,12,9.8100004196167,98.0999984741211,11.984000244140624,0.0,1200.0,True,True,True,True,True,True,True,True,True,True,True,True,True,True,True,True,False,False,False,False,False,False,False
7993295,STATE_PREFLIGHT,12.4,0.05,0.1,0.45,0.0,0.0,0.09810000419616699,0.0010000000149011613,0.0020000000298023225,0.0030000001192092896,0.12300000190734864,0.45599998474121095,0.789000015258789,980.5,25.0,0.0,0.0,0.980999984741211,1,46.5,6.6,1200.0,1.5,3.5,12,9.8100004196167,98.0999984741211,11.984000244140624,0.0,1200.0,True,True,True,True,True,True,True,True,True,True,True,True,True,True,True,True,False,False,False,False,False,False,False
7993804,STATE_PREFLIGHT,12.4,0.05,0.1,0.45,0.0,0.0,0.09810000419616699,0.0010000000149011613,0.0020000000298023225,0.0030000001192092896,0.12300000190734864,0.45599998474121095,0.789000015258789,980.5,25.0,0.0,0.0,0.980999984741211,1,46.5,6.6,1200.0,1.5,3.5,12,9.8100004196167,98.0999984741211,11.984000244140624,0.0,1200.0,True,True,True,True,True,True,True,True,True,True,True,True,True,True,True,True,False,False,False,False,False,False,False
7994315,STATE_PREFLIGHT,12.4,0.05,0.1,0.45,0.0,0.0,0.09810000419616699,0.0010000000149011613,0.0020000000298023225,0.0030000001192092896,0.12300000190734864,0.45599998474121095,0.789000015258789,980.5,25.0,0.0,0.0,0.980999984741211,1,46.5,6.6,1200.0,1.5,3.5,12,9.8100004196167,98.0999984741211,11.984000244140624,0.0,1200.0,True,True,True,True,True,True,True,True,True,True,True,True,True,True,True,True,False,False,False,False,False,False,False
7994823,STATE_PREFLIGHT,12.4,0.05,0.1,0.45,0.0,0.0,0.09810000419616699,0.0010000000149011613,0.0020000000298023225,0.0030000001192092896,0.12300000190734864,0.45599998474121095,0.789000015258789,980.5,25.0,0.0,0.0,0.980999984741211,1,46.5,6.6,1200.0,1.5,3.5,12,9.8100004196167,98.0999984741211,11.984000244140624,0.0,1200.0,True,True,True,True,True,True,True,True,True,True,True,True,True,True,True,True,False,False,False,False,False,False,False
7995329,STATE_PREFLIGHT,12.4,0.05,0.1,0.45,0.0,0.0,0.09810000419616699,0.0010000000149011613,0.0020000000298023225,0.0030000001192092896,0.12300000190734864,0.45599998474121095,0.789000015258789,980.5,25.0,0.0,0.0,0.980999984741211,1,46.5,6.6,1200.0,1.5,3.5,12,9.8100004196167,98.0999984741211,11.984000244140624,0.0,1200.0,True,True,True,True,True,True,True,True,True,True,True,True,True,True,True,True,False,False,False,False,False,False,False
7995840,STATE_PREFLIGHT,12.4,0.05,0.1,0.45,0.0,0.0,0.09810000419616699,0.0010000000149011613,0.0020000000298023225,0.0030000001192092896,0.12300000190734864,0.45599998474121095,0.789000015258789,980.5,25.0,0.0,0.0,0.980999984741211,1,46.5,6.6,1200.0,1.5,3.5,12,9.8100004196167,98.0999984741211,11.984000244140624,0.0,1200.0,True,True,True,True,True,True,True,True,True,True,True,True,True,True,True,True,False,False,False,False,False,False,False
7996351,STATE_PREFLIGHT,12.4,0.05,0.1,0.45,0.0,0.0,0.09810000419616699,0.0010000000149011613,0.0020000000298023225,0.0030000001192092896,0.12300000190734864,0.45599998474121095,0.789000015258789,980.5,25.0,0.0,0.0,0.980999984741211,1,46.5,6.6,1200.0,1.5,3.5,12,9.8100004196167,98.0999984741211,11.984000244140624,0.0,1200.0,True,True,True,True,True,True,True,True,True,True,True,True,True,True,True,True,False,False,False,False,False,False,False
7996858,STATE_PREFLIGHT,12.4,0.05,0.1,0.45,0.0,0.0,0.09810000419616699,0.0010000000149011613,0.0020000000298023225,0.0030000001192092896,0.12300000190734864,0.45599998474121095,0.789000015258789,980.5,25.0,0.0,0.0,0.980999984741211,1,46.5,6.6,1200.0,1.5,3.5,12,9.8100004196167,98.0999984741211,11.984000244140624,0.0,1200.0,True,True,True,True,True,True,True,True,True,True,True,True,True,True,True,True,False,False,False,False,False,False,False
7997369,STATE_PREFLIGHT,12.4,0.05,0.1,0.45,0.0,0.0,0.09810000419616699,0.0010000000149011613,0.0020000000298023225,0.0030000001192092896,0.12300000190734864,0.45599998474121095,0.789000015258789,980.5,25.0,0.0,0.0,0.980999984741211,1,46.5,6.6,1200.0,1.5,3.5,12,9.8100004196167,98.0999984741211,11.984000244140624,0.0,1200.0,True,True,True,True,True,True,True,True,True,True,True,True,True,True,True,True,False,False,False,False,False,False,False
7997877,STATE_PREFLIGHT,12.4,0.05,0.1,0.45,0.0,0.0,0.09810000419616699,0.0010000000149011613,0.0020000000298023225,0.0030000001192092896,0.12300000190734864,0.45599998474121095,0.789000015258789,980.5,25.0,0.0,0.0,0.980999984741211,1,46.5,6.6,1200.0,1.5,3.5,12,9.8100004196167,98.0999984741211,11.984000244140624,0.0,1200.0,True,True,True,True,True,True,True,True,True,True,True,True,True,True,True,True,False,False,False,False,False,False,False
7998384,STATE_PREFLIGHT,12.4,0.05,0.1,0.45,0.0,0.0,0.09810000419616699,0.0010000000149011613,0.0020000000298023225,0.0030000001192092896,0.12300000190734864,0.45599998474121095,0.789000015258789,980.5,25.0,0.0,0.0,0.980999984741211,1,46.5,6.6,1200.0,1.5,3.5,12,9.8100004196167,98.0999984741211,11.984000244140624,0.0,1200.0,True,True,True,True,True,True,True,True,True,True,True,True,True,True,True,True,False,False,False,False,False,False,False
7998890,STATE_PREFLIGHT,12.4,0.05,0.1,0.45,0.0,0.0,0.09810000419616699,0.0010000000149011613,0.0020000000298023225,0.0030000001192092896,0.12300000190734864,0.45599998474121095,0.789000015258789,980.5,25.0,0.0,0.0,0.980999984741211,1,46.5,6.6,1200.0,1.5,3.5,12,9.8100004196167,98.0999984741211,11.984000244140624,0.0,1200.0,True,True,True,True,True,True,True,True,True,True,True,True,True,True,True,True,False,False,False,False,False,False,False
7999397,STATE_PREFLIGHT,12.4,0.05,0.1,0.45,0.0,0.0,0.09810000419616699,0.0010000000149011613,0.0020000000298023225,0.0030000001192092896,0.12300000190734864,0.45599998474121095,0.789000015258789,980.5,25.0,0.0,0.0,0.980999984741211,1,46.5,6.6,1200.0,1.5,3.5,12,9.8100004196167,98.0999984741211,11.984000244140624,0.0,1200.0,True,True,True,True,True,True,True,True,True,True,True,True,True,True,True,True,False,False,False,False,False,False,False
7999904,STATE_PREFLIGHT,12.4,0.05,0.1,0.45,0.0,0.0,0.09810000419616699,0.0010000000149011613,0.0020000000298023225,0.0030000001192092896,0.12300000190734864,0.45599998474121095,0.789000015258789,980.5,25.0,0.0,0.0,0.980999984741211,1,46.5,6.6,1200.0,1.5,3.5,12,9.8100004196167,98.0999984741211,11.984000244140624,0.0,1200.0,True,True,True,True,True,True,True,True,True,True,True,True,True,True,True,True,False,False,False,False,False,False,False
8000415,STATE_PREFLIGHT,12.4,0.05,0.1,0.45,0.0,0.0,0.09810000419616699,0.0010000000149011613,0.0020000000298023225,0.0030000001192092896,0.12300000190734864,0.45599998474121095,0.789000015258789,980.5,25.0,0.0,0.0,0.980999984741211,1,46.5,6.6,1200.0,1.5,3.5,12,9.8100004196167,98.0999984741211,11.984000244140624,0.0,1200.0,True,True,True,True,True,True,True,True,True,True,True,True,True,True,True,True,False,False,False,False,False,False,False
8000922,STATE_PREFLIGHT,12.4,0.05,0.1,0.45,0.0,0.0,0.09810000419616699,0.0010000000149011613,0.0020000000298023225,0.0030000001192092896,0.12300000190734864,0.45599998474121095,0.789000015258789,980.5,25.0,0.0,0.0,0.980999984741211,1,46.5,6.6,1200.0,1.5,3.5,12,9.8100004196167,98.0999984741211,11.984000244140624,0.0,1200.0,True,True,True,True,True,True,True,True,True,True,True,True,True,True,True,True,False,False,False,False,False,False,False
8001433,STATE_PREFLIGHT,12.4,0.05,0.1,0.45,0.0,0.0,0.09810000419616699,0.0010000000149011613,0.0020000000298023225,0.0030000001192092896,0.12300000190734864,0.45599998474121095,0.789000015258789,980.5,25.0,0.0,0.0,0.980999984741211,1,46.5,6.6,1200.0,1.5,3.5,12,9.8100004196167,98.0999984741211,11.984000244140624,0.0,1200.0,True,True,True,True,True,True,True,True,True,True,True,True,True,True,True,True,False,False,False,False,False,False,False
8001942,STATE_PREFLIGHT,12.4,0.05,0.1,0.45,0.0,0.0,0.09810000419616699,0.0010000000149011613,0.0020000000298023225,0.0030000001192092896,0.12300000190734864,0.45599998474121095,0.789000015258789,980.5,25.0,0.0,0.0,0.980999984741211,1,46.5,6.6,1200.0,1.5,3.5,12,9.8100004196167,98.0999984741211,11.984000244140624,0.0,1200.0,True,True,True,True,True,True,True,True,True,True,True,True,True,True,True,True,False,False,False,False,False,False,False
8002453,STATE_PREFLIGHT,12.4,0.05,0.1,0.45,0.0,0.0,0.09810000419616699,0.0010000000149011613,0.0020000000298023225,0.0030000001192092896,0.12300000190734864,0.45599998474121095,0.789000015258789,980.5,25.0,0.0,0.0,0.980999984741211,1,46.5,6.6,1200.0,1.5,3.5,12,9.8100004196167,98.0999984741211,11.984000244140624,0.0,1200.0,True,True,True,True,True,True,True,True,True,True,True,True,True,True,True,True,False,False,False,False,False,False,False
8002965,STATE_PREFLIGHT,12.4,0.05,0.1,0.45,0.0,0.0,0.09810000419616699,0.0010000000149011613,0.0020000000298023225,0.0030000001192092896,0.12300000190734864,0.45599998474121095,0.789000015258789,980.5,25.0,0.0,0.0,0.980999984741211,1,46.5,6.6,1200.0,1.5,3.5,12,9.8100004196167,98.0999984741211,11.984000244140624,0.0,1200.0,True,True,True,True,True,True,True,True,True,True,True,True,True,True,True,True,False,False,False,False,False,False,False
8003472,STATE_PREFLIGHT,12.4,0.05,0.1,0.45,0.0,0.0,0.09810000419616699,0.0010000000149011613,0.0020000000298023225,0.0030000001192092896,0.12300000190734864,0.45599998474121095,0.789000015258789,980.5,25.0,0.0,0.0,0.980999984741211,1,46.5,6.6,1200.0,1.5,3.5,12,9.8100004196167,98.0999984741211,11.984000244140624,0.0,1200.0,True,True,True,True,True,True,True,True,True,True,True,True,True,True,True,True,False,False,False,False,False,False,False
8003978,STATE_PREFLIGHT,12.4,0.05,0.1,0.45,0.0,0.0,0.09810000419616699,0.0010000000149011613,0.0020000000298023225,0.0030000001192092896,0.12300000190734864,0.45599998474121095,0.789000015258789,980.5,25.0,0.0,0.0,0.980999984741211,1,46.5,6.6,1200.0,1.5,3.5,12,9.8100004196167,98.0999984741211,11.984000244140624,0.0,1200.0,True,True,True,True,True,True,True,True,True,True,True,True,True,True,True,True,False,False,False,False,False,False,False
8004490,STATE_PREFLIGHT,12.4,0.05,0.1,0.45,0.0,0.0,0.09810000419616699,0.0010000000149011613,0.0020000000298023225,0.0030000001192092896,0.12300000190734864,0.45599998474121095,0.789000015258789,980.5,25.0,0.0,0.0,0.980999984741211,1,46.5,6.6,1200.0,1.5,3.5,12,9.8100004196167,98.0999984741211,11.984000244140624,0.0,1200.0,True,True,True,True,True,True,True,True,True,True,True,True,True,True,True,True,False,False,False,False,False,False,False
8004997,STATE_PREFLIGHT,12.4,0.05,0.1,0.45,0.0,0.0,0.09810000419616699,0.0010000000149011613,0.0020000000298023225,0.0030000001192092896,0.12300000190734864,0.45599998474121095,0.789000015258789,980.5,25.0,0.0,0.0,0.980999984741211,1,46.5,6.6,1200.0,1.5,3.5,12,9.8100004196167,98.0999984741211,11.984000244140624,0.0,1200.0,True,True,True,True,True,True,True,True,True,True,True,True,True,True,True,True,False,False,False,False,False,False,False
8005504,STATE_PREFLIGHT,12.4,0.05,0.1,0.45,0.0,0.0,0.09810000419616699,0.0010000000149011613,0.0020000000298023225,0.0030000001192092896,0.12300000190734864,0.45599998474121095,0.789000015258789,980.5,25.0,0.0,0.0,0.980999984741211,1,46.5,6.6,1200.0,1.5,3.5,12,9.8100004196167,98.0999984741211,11.984000244140624,0.0,1200.0,True,True,True,True,True,True,True,True,True,True,True,True,True,True,True,True,False,False,False,False,False,False,False
8006013,STATE_PREFLIGHT,12.4,0.05,0.1,0.45,0.0,0.0,0.09810000419616699,0.0010000000149011613,0.0020000000298023225,0.0030000001192092896,0.12300000190734864,0.45599998474121095,0.789000015258789,980.5,25.0,0.0,0.0,0.980999984741211,1,46.5,6.6,1200.0,1.5,3.5,12,9.8100004196167,98.0999984741211,11.984000244140624,0.0,1200.0,True,True,True,True,True,True,True,True,True,True,True,True,True,True,True,True,False,False,False,False,False,False,False
8006524,STATE_PREFLIGHT,12.4,0.05,0.1,0.45,0.0,0.0,0.09810000419616699,0.0010000000149011613,0.0020000000298023225,0.0030000001192092896,0.12300000190734864,0.45599998474121095,0.789000015258789,980.5,25.0,0.0,0.0,0.980999984741211,1,46.5,6.6,1200.0,1.5,3.5,12,9.8100004196167,98.0999984741211,11.984000244140624,0.0,1200.0,True,True,True,True,True,True,True,True,True,True,True,True,True,True,True,True,False,False,False,False,False,False,False
8007035,STATE_PREFLIGHT,12.4,0.05,0.1,0.45,0.0,0.0,0.09810000419616699,0.0010000000149011613,0.0020000000298023225,0.0030000001192092896,0.12300000190734864,0.45599998474121095,0.789000015258789,980.5,25.0,0.0,0.0,0.980999984741211,1,46.5,6.6,1200.0,1.5,3.5,12,9.8100004196167,98.0999984741211,11.984000244140624,0.0,1200.0,True,True,True,True,True,True,True,True,True,True,True,True,True,True,True,True,False,False,False,False,False,False,False
8007546,STATE_PREFLIGHT,12.4,0.05,0.1,0.45,0.0,0.0,0.09810000419616699,0.0010000000149011613,0.0020000000298023225,0.0030000001192092896,0.12300000190734864,0.45599998474121095,0.789000015258789,980.5,25.0,0.0,0.0,0.980999984741211,1,46.5,6.6,1200.0,1.5,3.5,12,9.8100004196167,98.0999984741211,11.984000244140624,0.0,1200.0,True,True,True,True,True,True,True,True,True,True,True,True,True,True,True,True,False,False,False,False,False,False,False
8008053,STATE_PREFLIGHT,12.4,0.05,0.1,0.45,0.0,0.0,0.09810000419616699,0.0010000000149011613,0.0020000000298023225,0.0030000001192092896,0.12300000190734864,0.45599998474121095,0.789000015258789,980.5,25.0,0.0,0.0,0.980999984741211,1,46.5,6.6,1200.0,1.5,3.5,12,9.8100004196167,98.0999984741211,11.984000244140624,0.0,1200.0,True,True,True,True,True,True,True,True,True,True,True,True,True,True,True,True,False,False,False,False,False,False,False
8008564,STATE_PREFLIGHT,12.4,0.05,0.1,0.45,0.0,0.0,0.09810000419616699,0.0010000000149011613,0.0020000000298023225,0.0030000001192092896,0.12300000190734864,0.45599998474121095,0.789000015258789,980.5,25.0,0.0,0.0,0.980999984741211,1,46.5,6.6,1200.0,1.5,3.5,12,9.8100004196167,98.0999984741211,11.984000244140624,0.0,1200.0,True,True,True,True,True,True,True,True,True,True,True,True,True,True,True,True,False,False,False,False,False,False,False
8009071,STATE_PREFLIGHT,12.4,0.05,0.1,0.45,0.0,0.0,0.09810000419616699,0.0010000000149011613,0.0020000000298023225,0.0030000001192092896,0.12300000190734864,0.45599998474121095,0.789000015258789,980.5,25.0,0.0,0.0,0.980999984741211,1,46.5,6.6,1200.0,1.5,3.5,12,9.8100004196167,98.0999984741211,11.984000244140624,0.0,1200.0,True,True,True,True,True,True,True,True,True,True,True,True,True,True,True,True,False,False,False,False,False,False,False
8009580,STATE_PREFLIGHT,12.4,0.05,0.1,0.45,0.0,0.0,0.09810000419616699,0.0010000000149011613,0.0020000000298023225,0.0030000001192092896,0.12300000190734864,0.45599998474121095,0.789000015258789,980.5,25.0,0.0,0.0,0.980999984741211,1,46.5,6.6,1200.0,1.5,3.5,12,9.8100004196167,98.0999984741211,11.984000244140624,0.0,1200.0,True,True,True,True,True,True,True,True,True,True,True,True,True,True,True,True,False,False,False,False,False,False,False
8010091,STATE_PREFLIGHT,12.4,0.05,0.1,0.45,0.0,0.0,0.09810000419616699,0.0010000000149011613,0.0020000000298023225,0.0030000001192092896,0.12300000190734864,0.45599998474121095,0.789000015258789,980.5,25.0,0.0,0.0,0.980999984741211,1,46.5,6.6,1200.0,1.5,3.5,12,9.8100004196167,98.0999984741211,11.984000244140624,0.0,1200.0,True,True,True,True,True,True,True,True,True,True,True,True,True,True,True,True,False,False,False,False,False,False,False
8010597,STATE_PREFLIGHT,12.4,0.05,0.1,0.45,0.0,0.0,0.09810000419616699,0.0010000000149011613,0.0020000000298023225,0.0030000001192092896,0.12300000190734864,0.45599998474121095,0.789000015258789,980.5,25.0,0.0,0.0,0.980999984741211,1,46.5,6.6,1200.0,1.5,3.5,12,9.8100004196167,98.0999984741211,11.984000244140624,0.0,1200.0,True,True,True,True,True,True,True,True,True,True,True,True,True,True,True,True,False,False,False,False,False,False,False
8011104,STATE_PREFLIGHT,12.4,0.05,0.1,0.45,0.0,0.0,0.09810000419616699,0.0010000000149011613,0.0020000000298023225,0.0030000001192092896,0.12300000190734864,0.45599998474121095,0.789000015258789,980.5,25.0,0.0,0.0,0.980999984741211,1,46.5,6.6,1200.0,1.5,3.5,12,9.8100004196167,98.0999984741211,11.984000244140624,0.0,1200.0,True,True,True,True,True,True,True,True,True,True,True,True,True,True,True,True,False,False,False,False,False,False,False
8011612,STATE_PREFLIGHT,12.4,0.05,0.1,0.45,0.0,0.0,0.09810000419616699,0.0010000000149011613,0.0020000000298023225,0.0030000001192092896,0.12300000190734864,0.45599998474121095,0.789000015258789,980.5,25.0,0.0,0.0,0.980999984741211,1,46.5,6.6,1200.0,1.5,3.5,12,9.8100004196167,98.0999984741211,11.984000244140624,0.0,1200.0,True,True,True,True,True,True,True,True,True,True,True,True,True,True,True,True,False,False,False,False,False,False,False
8012120,STATE_PREFLIGHT,12.4,0.05,0.1,0.45,0.0,0.0,0.09810000419616699,0.0010000000149011613,0.0020000000298023225,0.0030000001192092896,0.12300000190734864,0.45599998474121095,0.789000015258789,980.5,25.0,0.0,0.0,0.980999984741211,1,46.5,6.6,1200.0,1.5,3.5,12,9.8100004196167,98.0999984741211,11.984000244140624,0.0,1200.0,True,True,True,True,True,True,True,True,True,True,True,True,True,True,True,True,False,False,False,False,False,False,False
8012631,STATE_PREFLIGHT,12.4,0.05,0.1,0.45,0.0,0.0,0.09810000419616699,0.0010000000149011613,0.0020000000298023225,0.0030000001192092896,0.12300000190734864,0.45599998474121095,0.789000015258789,980.5,25.0,0.0,0.0,0.980999984741211,1,46.5,6.6,1200.0,1.5,3.5,12,9.8100004196167,98.0999984741211,11.984000244140624,0.0,1200.0,True,True,True,True,True,True,True,True,True,True,True,True,True,True,True,True,False,False,False,False,False,False,False
8013136,STATE_PREFLIGHT,12.4,0.05,0.1,0.45,0.0,0.0,0.09810000419616699,0.0010000000149011613,0.0020000000298023225,0.0030000001192092896,0.12300000190734864,0.45599998474121095,0.789000015258789,980.5,25.0,0.0,0.0,0.980999984741211,1,46.5,6.6,1200.0,1.5,3.5,12,9.8100004196167,98.0999984741211,11.984000244140624,0.0,1200.0,True,True,True,True,True,True,True,True,True,True,True,True,True,True,True,True,False,False,False,False,False,False,False
8013647,STATE_PREFLIGHT,12.4,0.05,0.1,0.45,0.0,0.0,0.09810000419616699,0.0010000000149011613,0.0020000000298023225,0.0030000001192092896,0.12300000190734864,0.45599998474121095,0.789000015258789,980.5,25.0,0.0,0.0,0.980999984741211,1,46.5,6.6,1200.0,1.5,3.5,12,9.8100004196167,98.0999984741211,11.984000244140624,0.0,1200.0,True,True,True,True,True,True,True,True,True,True,True,True,True,True,True,True,False,False,False,False,False,False,False
8014154,STATE_PREFLIGHT,12.4,0.05,0.1,0.45,0.0,0.0,0.09810000419616699,0.0010000000149011613,0.0020000000298023225,0.0030000001192092896,0.12300000190734864,0.45599998474121095,0.789000015258789,980.5,25.0,0.0,0.0,0.980999984741211,1,46.5,6.6,1200.0,1.5,3.5,12,9.8100004196167,98.0999984741211,11.984000244140624,0.0,1200.0,True,True,True,True,True,True,True,True,True,True,True,True,True,True,True,True,False,False,False,False,False,False,False
8014661,STATE_PREFLIGHT,12.4,0.05,0.1,0.45,0.0,0.0,0.09810000419616699,0.0010000000149011613,0.0020000000298023225,0.0030000001192092896,0.12300000190734864,0.45599998474121095,0.789000015258789,980.5,25.0,0.0,0.0,0.980999984741211,1,46.5,6.6,1200.0,1.5,3.5,12,9.8100004196167,98.0999984741211,11.984000244140624,0.0,1200.0,True,True,True,True,True,True,True,True,True,True,True,True,True,True,True,True,False,False,False,False,False,False,False
8015172,STATE_PREFLIGHT,12.4,0.05,0.1,0.45,0.0,0.0,0.09810000419616699,0.0010000000149011613,0.0020000000298023225,0.0030000001192092896,0.12300000190734864,0.45599998474121095,0.789000015258789,980.5,25.0,0.0,0.0,0.980999984741211,1,46.5,6.6,1200.0,1.5,3.5,12,9.8100004196167,98.0999984741211,11.984000244140624,0.0,1200.0,True,True,True,True,True,True,True,True,True,True,True,True,True,True,True,True,False,False,False,False,False,False,False
8015683,STATE_PREFLIGHT,12.4,0.05,0.1,0.45,0.0,0.0,0.09810000419616699,0.0010000000149011613,0.0020000000298023225,0.0030000001192092896,0.12300000190734864,0.45599998474121095,0.789000015258789,980.5,25.0,0.0,0.0,0.980999984741211,1,46.5,6.6,1200.0,1.5,3.5,12,9.8100004196167,98.0999984741211,11.984000244140624,0.0,1200.0,True,True,True,True,True,True,True,True,True,True,True,True,True,True,True,True,False,False,False,False,False,False,False
8016189,STATE_PREFLIGHT,12.4,0.05,0.1,0.45,0.0,0.0,0.09810000419616699,0.0010000000149011613,0.0020000000298023225,0.0030000001192092896,0.12300000190734864,0.45599998474121095,0.789000015258789,980.5,25.0,0.0,0.0,0.980999984741211,1,46.5,6.6,1200.0,1.5,3.5,12,9.8100004196167,98.0999984741211,11.984000244140624,0.0,1200.0,True,True,True,True,True,True,True,True,True,True,True,True,True,True,True,True,False,False,False,False,False,False,False
8016697,STATE_PREFLIGHT,12.4,0.05,0.1,0.45,0.0,0.0,0.09810000419616699,0.0010000000149011613,0.0020000000298023225,0.0030000001192092896,0.12300000190734864,0.45599998474121095,0.789000015258789,980.5,25.0,0.0,0.0,0.980999984741211,1,46.5,6.6,1200.0,1.5,3.5,12,9.8100004196167,98.0999984741211,11.984000244140624,0.0,1200.0,True,True,True,True,True,True,True,True,True,True,True,True,True,True,True,True,False,False,False,False,False,False,False
8017204,STATE_PREFLIGHT,12.4,0.05,0.1,0.45,0.0,0.0,0.09810000419616699,0.0010000000149011613,0.0020000000298023225,0.0030000001192092896,0.12300000190734864,0.45599998474121095,0.789000015258789,980.5,25.0,0.0,0.0,0.980999984741211,1,46.5,6.6,1200.0,1.5,3.5,12,9.8100004196167,98.0999984741211,11.984000244140624,0.0,1200.0,True,True,True,True,True,True,True,True,True,True,True,True,True,True,True,True,False,False,False,False,False,False,False
8017712,STATE_PREFLIGHT,12.4,0.05,0.1,0.45,0.0,0.0,0.09810000419616699,0.0010000000149011613,0.0020000000298023225,0.0030000001192092896,0.12300000190734864,0.45599998474121095,0.789000015258789,980.5,25.0,0.0,0.0,0.980999984741211,1,46.5,6.6,1200.0,1.5,3.5,12,9.8100004196167,98.0999984741211,11.984000244140624,0.0,1200.0,True,True,True,True,True,True,True,True,True,True,True,True,True,True,True,True,False,False,False,False,False,False,False
8018218,STATE_PREFLIGHT,12.4,0.05,0.1,0.45,0.0,0.0,0.09810000419616699,0.0010000000149011613,0.0020000000298023225,0.0030000001192092896,0.12300000190734864,0.45599998474121095,0.789000015258789,980.5,25.0,0.0,0.0,0.980999984741211,1,46.5,6.6,1200.0,1.5,3.5,12,9.8100004196167,98.0999984741211,11.984000244140624,0.0,1200.0,True,True,True,True,True,True,True,True,True,True,True,True,True,True,True,True,False,False,False,False,False,False,False
8018725,STATE_PREFLIGHT,12.4,0.05,0.1,0.45,0.0,0.0,0.09810000419616699,0.0010000000149011613,0.0020000000298023225,0.0030000001192092896,0.12300000190734864,0.45599998474121095,0.789000015258789,980.5,25.0,0.0,0.0,0.980999984741211,1,46.5,6.6,1200.0,1.5,3.5,12,9.8100004196167,98.0999984741211,11.984000244140624,0.0,1200.0,True,True,True,True,True,True,True,True,True,True,True,True,True,True,True,True,False,False,False,False,False,False,False
8019232,STATE_PREFLIGHT,12.4,0.05,0.1,0.45,0.0,0.0,0.09810000419616699,0.0010000000149011613,0.0020000000298023225,0.0030000001192092896,0.12300000190734864,0.45599998474121095,0.789000015258789,980.5,25.0,0.0,0.0,0.980999984741211,1,46.5,6.6,1200.0,1.5,3.5,12,9.8100004196167,98.0999984741211,11.984000244140624,0.0,1200.0,True,True,True,True,True,True,True,True,True,True,True,True,True,True,True,True,False,False,False,False,False,False,False
8019742,STATE_PREFLIGHT,12.4,0.05,0.1,0.45,0.0,0.0,0.09810000419616699,0.0010000000149011613,0.0020000000298023225,0.0030000001192092896,0.12300000190734864,0.45599998474121095,0.789000015258789,980.5,25.0,0.0,0.0,0.980999984741211,1,46.5,6.6,1200.0,1.5,3.5,12,9.8100004196167,98.0999984741211,11.984000244140624,0.0,1200.0,True,True,True,True,True,True,True,True,True,True,True,True,True,True,True,True,False,False,False,False,False,False,False
8020254,STATE_PREFLIGHT,12.4,0.05,0.1,0.45,0.0,0.0,0.09810000419616699,0.0010000000149011613,0.0020000000298023225,0.0030000001192092896,0.12300000190734864,0.45599998474121095,0.789000015258789,980.5,25.0,0.0,0.0,0.980999984741211,1,46.5,6.6,1200.0,1.5,3.5,12,9.8100004196167,98.0999984741211,11.984000244140624,0.0,1200.0,True,True,True,True,True,True,True,True,True,True,True,True,True,True,True,True,False,False,False,False,False,False,False
8020763,STATE_PREFLIGHT,12.4,0.05,0.1,0.45,0.0,0.0,0.09810000419616699,0.0010000000149011613,0.0020000000298023225,0.0030000001192092896,0.12300000190734864,0.45599998474121095,0.789000015258789,980.5,25.0,0.0,0.0,0.980999984741211,1,46.5,6.6,1200.0,1.5,3.5,12,9.8100004196167,98.0999984741211,11.984000244140624,0.0,1200.0,True,True,True,True,True,True,True,True,True,True,True,True,True,True,True,True,False,False,False,False,False,False,False
8021269,STATE_PREFLIGHT,12.4,0.05,0.1,0.45,0.0,0.0,0.09810000419616699,0.0010000000149011613,0.0020000000298023225,0.0030000001192092896,0.12300000190734864,0.45599998474121095,0.789000015258789,980.5,25.0,0.0,0.0,0.980999984741211,1,46.5,6.6,1200.0,1.5,3.5,12,9.8100004196167,98.0999984741211,11.984000244140624,0.0,1200.0,True,True,True,True,True,True,True,True,True,True,True,True,True,True,True,True,False,False,False,False,False,False,False
8021778,STATE_PREFLIGHT,12.4,0.05,0.1,0.45,0.0,0.0,0.09810000419616699,0.0010000000149011613,0.0020000000298023225,0.0030000001192092896,0.12300000190734864,0.45599998474121095,0.789000015258789,980.5,25.0,0.0,0.0,0.980999984741211,1,46.5,6.6,1200.0,1.5,3.5,12,9.8100004196167,98.0999984741211,11.984000244140624,0.0,1200.0,True,True,True,True,True,True,True,True,True,True,True,True,True,True,True,True,False,False,False,False,False,False,False
8022287,STATE_PREFLIGHT,12.4,0.05,0.1,0.45,0.0,0.0,0.09810000419616699,0.0010000000149011613,0.0020000000298023225,0.0030000001192092896,0.12300000190734864,0.45599998474121095,0.789000015258789,980.5,25.0,0.0,0.0,0.980999984741211,1,46.5,6.6,1200.0,1.5,3.5,12,9.8100004196167,98.0999984741211,11.984000244140624,0.0,1200.0,True,True,True,True,True,True,True,True,True,True,True,True,True,True,True,True,False,False,False,False,False,False,False
8022801,STATE_PREFLIGHT,12.4,0.05,0.1,0.45,0.0,0.0,0.09810000419616699,0.0010000000149011613,0.0020000000298023225,0.0030000001192092896,0.12300000190734864,0.45599998474121095,0.789000015258789,980.5,25.0,0.0,0.0,0.980999984741211,1,46.5,6.6,1200.0,1.5,3.5,12,9.8100004196167,98.0999984741211,11.984000244140624,0.0,1200.0,True,True,True,True,True,True,True,True,True,True,True,True,True,True,True,True,False,False,False,False,False,False,False
8023319,STATE_PREFLIGHT,12.4,0.05,0.1,0.45,0.0,0.0,0.09810000419616699,0.0010000000149011613,0.0020000000298023225,0.0030000001192092896,0.12300000190734864,0.45599998474121095,0.789000015258789,980.5,25.0,0.0,0.0,0.980999984741211,1,46.5,6.6,1200.0,1.5,3.5,12,9.8100004196167,98.0999984741211,11.984000244140624,0.0,1200.0,True,True,True,True,True,True,True,True,True,True,True,True,True,True,True,True,False,False,False,False,False,False,False
8023830,STATE_PREFLIGHT,12.4,0.05,0.1,0.45,0.0,0.0,0.09810000419616699,0.0010000000149011613,0.0020000000298023225,0.0030000001192092896,0.12300000190734864,0.45599998474121095,0.789000015258789,980.5,25.0,0.0,0.0,0.980999984741211,1,46.5,6.6,1200.0,1.5,3.5,12,9.8100004196167,98.0999984741211,11.984000244140624,0.0,1200.0,True,True,True,True,True,True,True,True,True,True,True,True,True,True,True,True,False,False,False,False,False,False,False
