time_boot_ms,mission_state,battery_mv,roll,pitch,yaw,imu_acc_x,imu_acc_y,imu_acc_z,imu_gyro_x,imu_gyro_y,imu_gyro_z,imu_mag_x,imu_mag_y,imu_mag_z,pressure_pa,temp_celsius,highg_acc_x,highg_acc_y,highg_acc_z,gps_fix,lat,lon,gps_alt,vel,cog,satellites_nb,imu_acc_vertical,highg_acc_vertical,kalman_z,kalman_v,altitude_msl_cm,FLAG_IDEFIX_OK,FLAG_BT_OK,FLAG_FLASH_OK,FLAG_SD_OK,FLAG_TEMP_OK,FLAG_HIGHG_OK,FLAG_GPS_OK,FLAG_BARO_OK,FLAG_IMU_OK,FLAG_RADIO_OK,FLAG_PYROS_ARMED_OK,FLAG_PYRO1_CONN,FLAG_PYRO2_CONN,FLAG_PYRO3_CONN,FLAG_PYRO4_CONN,FLAG_PYROS_ARMED,FLAG_PYRO1_FIRED,FLAG_PYRO2_FIRED,FLAG_PYRO3_FIRED,FLAG_PYRO4_FIRED,FLAG_APOGEE_DETECTED,FLAG_MAIN_DEPLOYED,FLAG_DROGUE_DEPLOYED,FLAG_MACH_LOCK_ENABLED
429305,STATE_INIT,9.813,-7.4,0.3,-2.9,-0.13,-1.16,9.21,0.0,-0.06,0.18,18.68,-19.06,-38.87,0.921,25.34,-0.34,0.32,9.63,0,0.0,0.0,0.0,0.0,0.0,0,-0.51,0.97,796.79,0.02,796.64,False,True,True,False,True,True,False,True,True,True,True,False,False,False,False,False,False,False,False,False,False,False,False,False
429305,STATE_INIT,9.813,-7.4,0.3,-2.9,-0.13,-1.16,9.21,0.0,-0.06,0.18,18.68,-19.06,-38.87,0.921,25.34,-0.34,0.32,9.63,0,0.0,0.0,0.0,0.0,0.0,0,-0.51,0.97,796.79,0.02,796.64,False,True,True,False,True,True,False,True,True,True,True,False,False,False,False,False,False,False,False,False,False,False,False,False
429305,STATE_INIT,9.813,-7.4,0.3,-2.9,-0.13,-1.16,9.21,0.0,-0.06,0.18,18.68,-19.06,-38.87,0.921,25.34,-0.34,0.32,9.63,0,0.0,0.0,0.0,0.0,0.0,0,-0.51,0.97,796.79,0.02,796.64,False,True,True,False,True,True,False,True,True,True,True,False,False,False,False,False,False,False,False,False,False,False,False,False
429505,STATE_INIT,9.813,-7.4,0.3,-2.9,-0.21,-1.17,9.2,0.12,0.12,0.06,19.06,-18.68,-40.37,0.921,25.44,-0.38,0.37,9.62,0,0.0,0.0,0.0,0.0,0.0,0,-0.46,0.96,796.8,0.02,796.55,False,True,True,False,True,True,False,True,True,True,True,False,False,False,False,False,False,False,False,False,False,False,False,False
429505,STATE_INIT,9.813,-7.4,0.3,-2.9,-0.21,-1.17,9.2,0.12,0.12,0.06,19.06,-18.68,-40.37,0.921,25.44,-0.38,0.37,9.62,0,0.0,0.0,0.0,0.0,0.0,0,-0.46,0.96,796.8,0.02,796.55,False,True,True,False,True,True,False,True,True,True,True,False,False,False,False,False,False,False,False,False,False,False,False,False
429505,STATE_INIT,9.813,-7.4,0.3,-2.9,-0.21,-1.17,9.2,0.12,0.12,0.06,19.06,-18.68,-40.37,0.921,25.44,-0.38,0.37,9.62,0,0.0,0.0,0.0,0.0,0.0,0,-0.46,0.96,796.8,0.02,796.55,False,True,True,False,True,True,False,True,True,True,True,False,False,False,False,False,False,False,False,False,False,False,False,False
429505,STATE_INIT,9.813,-7.4,0.3,-2.9,-0.21,-1.17,9.2,0.12,0.12,0.06,19.06,-18.68,-40.37,0.921,25.44,-0.38,0.37,9.62,0,0.0,0.0,0.0,0.0,0.0,0,-0.46,0.96,796.8,0.02,796.55,False,True,True,False,True,True,False,True,True,True,True,False,False,False,False,False,False,False,False,False,False,False,False,False
429805,STATE_INIT,9.821,-7.4,0.3,-2.9,-0.14,-1.15,9.22,-0.25,-0.25,-0.12,17.68,-18.37,-39.18,0.921,25.44,-0.4,0.27,9.7,0,0.0,0.0,0.0,0.0,0.0,0,-0.49,0.97,796.8,0.02,797.0,False,True,True,False,True,True,False,True,True,True,True,False,False,False,False,False,False,False,False,False,False,False,False,False
430006,STATE_INIT,9.821,-7.4,0.3,-2.9,-0.19,-1.19,9.26,-0.25,-0.37,-0.12,18.68,-19.06,-40.0,0.921,25.44,-0.42,0.33,9.72,0,0.0,0.0,0.0,0.0,0.0,0,-0.52,0.97,796.8,0.02,796.82,False,True,True,False,True,True,False,True,True,True,True,False,False,False,False,False,False,False,False,False,False,False,False,False
430006,STATE_INIT,9.821,-7.4,0.3,-2.9,-0.19,-1.19,9.26,-0.25,-0.37,-0.12,18.68,-19.06,-40.0,0.921,25.44,-0.42,0.33,9.72,0,0.0,0.0,0.0,0.0,0.0,0,-0.52,0.97,796.8,0.02,796.82,False,True,True,False,True,True,False,True,True,True,True,False,False,False,False,False,False,False,False,False,False,False,False,False
430206,STATE_INIT,9.813,-7.4,0.28,-2.9,-0.2,-1.16,9.24,-0.37,-0.75,-0.06,17.68,-18.68,-39.18,0.921,25.49,-0.38,0.32,9.56,0,0.0,0.0,0.0,0.0,0.0,0,-0.47,0.96,796.78,0.0,796.82,False,True,True,False,True,True,False,True,True,True,True,False,False,False,False,False,False,False,False,False,False,False,False,False
430206,STATE_INIT,9.813,-7.4,0.28,-2.9,-0.2,-1.16,9.24,-0.37,-0.75,-0.06,17.68,-18.68,-39.18,0.921,25.49,-0.38,0.32,9.56,0,0.0,0.0,0.0,0.0,0.0,0,-0.47,0.96,796.78,0.0,796.82,False,True,True,False,True,True,False,True,True,True,True,False,False,False,False,False,False,False,False,False,False,False,False,False
430206,STATE_INIT,9.813,-7.4,0.28,-2.9,-0.2,-1.16,9.24,-0.37,-0.75,-0.06,17.68,-18.68,-39.18,0.921,25.49,-0.38,0.32,9.56,0,0.0,0.0,0.0,0.0,0.0,0,-0.47,0.96,796.78,0.0,796.82,False,True,True,False,True,True,False,True,True,True,True,False,False,False,False,False,False,False,False,False,False,False,False,False
430206,STATE_INIT,9.813,-7.4,0.28,-2.9,-0.2,-1.16,9.24,-0.37,-0.75,-0.06,17.68,-18.68,-39.18,0.921,25.49,-0.38,0.32,9.56,0,0.0,0.0,0.0,0.0,0.0,0,-0.47,0.96,796.78,0.0,796.82,False,True,True,False,True,True,False,True,True,True,True,False,False,False,False,False,False,False,False,False,False,False,False,False
430406,STATE_INIT,9.752,-7.4,0.28,-2.9,-0.18,-1.16,9.24,-0.06,0.12,-0.12,18.37,-19.37,-40.37,0.921,25.44,-0.48,0.3,9.62,0,0.0,0.0,0.0,0.0,0.0,0,-0.48,0.96,796.79,0.01,796.73,False,True,True,False,True,True,False,True,True,True,True,False,False,False,False,False,False,False,False,False,False,False,False,False
430406,STATE_INIT,9.752,-7.4,0.28,-2.9,-0.18,-1.16,9.24,-0.06,0.12,-0.12,18.37,-19.37,-40.37,0.921,25.44,-0.48,0.3,9.62,0,0.0,0.0,0.0,0.0,0.0,0,-0.48,0.96,796.79,0.01,796.73,False,True,True,False,True,True,False,True,True,True,True,False,False,False,False,False,False,False,False,False,False,False,False,False
430506,STATE_INIT,9.821,-7.4,0.28,-2.9,-0.15,-1.16,9.26,0.12,0.06,0.0,18.37,-18.37,-39.18,0.921,25.65,-0.38,0.44,9.65,0,0.0,0.0,0.0,0.0,0.0,0,-0.45,0.97,796.78,0.01,796.82,False,True,True,False,True,True,False,True,True,True,True,False,False,False,False,False,False,False,False,False,False,False,False,False
430706,STATE_INIT,9.813,-7.4,0.28,-2.9,-0.18,-1.17,9.27,0.0,0.06,-0.06,18.37,-19.06,-39.56,0.921,25.44,-0.35,0.32,9.53,0,0.0,0.0,0.0,0.0,0.0,0,-0.48,0.96,796.79,0.01,796.46,False,True,True,False,True,True,False,True,True,True,True,False,False,False,False,False,False,False,False,False,False,False,False,False
430706,STATE_INIT,9.813,-7.4,0.28,-2.9,-0.18,-1.17,9.27,0.0,0.06,-0.06,18.37,-19.06,-39.56,0.921,25.44,-0.35,0.32,9.53,0,0.0,0.0,0.0,0.0,0.0,0,-0.48,0.96,796.79,0.01,796.46,False,True,True,False,True,True,False,True,True,True,True,False,False,False,False,False,False,False,False,False,False,False,False,False
431107,STATE_INIT,9.813,-7.4,0.28,-2.9,-0.15,-1.16,9.24,-0.06,-0.18,-0.06,18.06,-19.06,-38.87,0.921,25.6,-0.38,0.35,9.7,0,0.0,0.0,0.0,0.0,0.0,0,-0.48,0.97,796.79,0.0,796.64,False,True,True,False,True,True,False,True,True,True,True,False,False,False,False,False,False,False,False,False,False,False,False,False
431107,STATE_INIT,9.813,-7.4,0.28,-2.9,-0.15,-1.16,9.24,-0.06,-0.18,-0.06,18.06,-19.06,-38.87,0.921,25.6,-0.38,0.35,9.7,0,0.0,0.0,0.0,0.0,0.0,0,-0.48,0.97,796.79,0.0,796.64,False,True,True,False,True,True,False,True,True,True,True,False,False,False,False,False,False,False,False,False,False,False,False,False
431107,STATE_INIT,9.813,-7.4,0.28,-2.9,-0.15,-1.16,9.24,-0.06,-0.18,-0.06,18.06,-19.06,-38.87,0.921,25.6,-0.38,0.35,9.7,0,0.0,0.0,0.0,0.0,0.0,0,-0.48,0.97,796.79,0.0,796.64,False,True,True,False,True,True,False,True,True,True,True,False,False,False,False,False,False,False,False,False,False,False,False,False
431107,STATE_INIT,9.813,-7.4,0.28,-2.9,-0.15,-1.16,9.24,-0.06,-0.18,-0.06,18.06,-19.06,-38.87,0.921,25.6,-0.38,0.35,9.7,0,0.0,0.0,0.0,0.0,0.0,0,-0.48,0.97,796.79,0.0,796.64,False,True,True,False,True,True,False,True,True,True,True,False,False,False,False,False,False,False,False,False,False,False,False,False
431107,STATE_INIT,9.813,-7.4,0.28,-2.9,-0.15,-1.16,9.24,-0.06,-0.18,-0.06,18.06,-19.06,-38.87,0.921,25.6,-0.38,0.35,9.7,0,0.0,0.0,0.0,0.0,0.0,0,-0.48,0.97,796.79,0.0,796.64,False,True,True,False,True,True,False,True,True,True,True,False,False,False,False,False,False,False,False,False,False,False,False,False
431107,STATE_INIT,9.813,-7.4,0.28,-2.9,-0.15,-1.16,9.24,-0.06,-0.18,-0.06,18.06,-19.06,-38.87,0.921,25.6,-0.38,0.35,9.7,0,0.0,0.0,0.0,0.0,0.0,0,-0.48,0.97,796.79,0.0,796.64,False,True,True,False,True,True,False,True,True,True,True,False,False,False,False,False,False,False,False,False,False,False,False,False
431307,STATE_INIT,9.813,-7.4,0.28,-2.9,-0.13,-1.16,9.24,-0.18,-0.12,-0.06,18.68,-18.68,-39.56,0.921,25.49,-0.34,0.37,9.6,0,0.0,0.0,0.0,0.0,0.0,0,-0.48,0.96,796.78,0.0,797.0,False,True,True,False,True,True,False,True,True,True,True,False,False,False,False,False,False,False,False,False,False,False,False,False
431307,STATE_INIT,9.813,-7.4,0.28,-2.9,-0.13,-1.16,9.24,-0.18,-0.12,-0.06,18.68,-18.68,-39.56,0.921,25.49,-0.34,0.37,9.6,0,0.0,0.0,0.0,0.0,0.0,0,-0.48,0.96,796.78,0.0,797.0,False,True,True,False,True,True,False,True,True,True,True,False,False,False,False,False,False,False,False,False,False,False,False,False
431307,STATE_INIT,9.813,-7.4,0.28,-2.9,-0.13,-1.16,9.24,-0.18,-0.12,-0.06,18.68,-18.68,-39.56,0.921,25.49,-0.34,0.37,9.6,0,0.0,0.0,0.0,0.0,0.0,0,-0.48,0.96,796.78,0.0,797.0,False,True,True,False,True,True,False,True,True,True,True,False,False,False,False,False,False,False,False,False,False,False,False,False
431307,STATE_INIT,9.813,-7.4,0.28,-2.9,-0.13,-1.16,9.24,-0.18,-0.12,-0.06,18.68,-18.68,-39.56,0.921,25.49,-0.34,0.37,9.6,0,0.0,0.0,0.0,0.0,0.0,0,-0.48,0.96,796.78,0.0,797.0,False,True,True,False,True,True,False,True,True,True,True,False,False,False,False,False,False,False,False,False,False,False,False,False
431607,STATE_INIT,9.805,-7.4,0.28,-2.9,-0.15,-1.16,9.24,0.18,0.18,-0.06,19.06,-18.68,-39.56,0.921,25.44,-0.46,0.32,9.65,0,0.0,0.0,0.0,0.0,0.0,0,-0.45,0.97,796.79,0.01,796.64,False,True,True,False,True,True,False,True,True,True,True,False,False,False,False,False,False,False,False,False,False,False,False,False
431607,STATE_INIT,9.805,-7.4,0.28,-2.9,-0.15,-1.16,9.24,0.18,0.18,-0.06,19.06,-18.68,-39.56,0.921,25.44,-0.46,0.32,9.65,0,0.0,0.0,0.0,0.0,0.0,0,-0.45,0.97,796.79,0.01,796.64,False,True,True,False,True,True,False,True,True,True,True,False,False,False,False,False,False,False,False,False,False,False,False,False
431607,STATE_INIT,9.805,-7.4,0.28,-2.9,-0.15,-1.16,9.24,0.18,0.18,-0.06,19.06,-18.68,-39.56,0.921,25.44,-0.46,0.32,9.65,0,0.0,0.0,0.0,0.0,0.0,0,-0.45,0.97,796.79,0.01,796.64,False,True,True,False,True,True,False,True,True,True,True,False,False,False,False,False,False,False,False,False,False,False,False,False
431807,STATE_INIT,9.828,-7.4,0.28,-2.9,-0.15,-1.16,9.24,-0.06,-0.06,-0.06,19.06,-18.37,-38.0,0.921,25.49,-0.42,0.41,9.61,0,0.0,0.0,0.0,0.0,0.0,0,-0.48,0.96,796.81,0.02,796.91,False,True,True,False,True,True,False,True,True,True,True,False,False,False,False,False,False,False,False,False,False,False,False,False
431807,STATE_INIT,9.828,-7.4,0.28,-2.9,-0.15,-1.16,9.24,-0.06,-0.06,-0.06,19.06,-18.37,-38.0,0.921,25.49,-0.42,0.41,9.61,0,0.0,0.0,0.0,0.0,0.0,0,-0.48,0.96,796.81,0.02,796.91,False,True,True,False,True,True,False,True,True,True,True,False,False,False,False,False,False,False,False,False,False,False,False,False
432008,STATE_INIT,9.759,-7.4,0.28,-2.9,-0.15,-1.16,9.22,0.0,0.06,0.0,18.06,-13.87,-39.56,0.921,25.44,-0.37,0.33,9.69,0,0.0,0.0,0.0,0.0,0.0,0,-0.45,0.97,796.83,0.02,796.73,False,True,True,False,True,True,False,True,True,True,True,False,False,False,False,False,False,False,False,False,False,False,False,False
432008,STATE_INIT,9.759,-7.4,0.28,-2.9,-0.15,-1.16,9.22,0.0,0.06,0.0,18.06,-13.87,-39.56,0.921,25.44,-0.37,0.33,9.69,0,0.0,0.0,0.0,0.0,0.0,0,-0.45,0.97,796.83,0.02,796.73,False,True,True,False,True,True,False,True,True,True,True,False,False,False,False,False,False,False,False,False,False,False,False,False
432107,STATE_INIT,9.813,-7.4,0.28,-2.9,-0.16,-1.17,9.22,0.0,0.0,0.06,17.25,-19.06,-38.87,0.921,25.44,-0.45,0.28,9.59,0,0.0,0.0,0.0,0.0,0.0,0,-0.48,0.96,796.83,0.02,796.82,False,True,True,False,True,True,False,True,True,True,True,False,False,False,False,False,False,False,False,False,False,False,False,False
432107,STATE_INIT,9.813,-7.4,0.28,-2.9,-0.16,-1.17,9.22,0.0,0.0,0.06,17.25,-19.06,-38.87,0.921,25.44,-0.45,0.28,9.59,0,0.0,0.0,0.0,0.0,0.0,0,-0.48,0.96,796.83,0.02,796.82,False,True,True,False,True,True,False,True,True,True,True,False,False,False,False,False,False,False,False,False,False,False,False,False
432307,STATE_INIT,9.813,-7.4,0.28,-2.9,-0.12,-1.15,9.22,-0.06,0.12,0.06,18.06,-18.68,-39.56,0.921,25.49,-0.43,0.38,9.62,0,0.0,0.0,0.0,0.0,0.0,0,-0.48,0.96,796.84,0.02,796.73,False,True,True,False,True,True,False,True,True,True,True,False,False,False,False,False,False,False,False,False,False,False,False,False
432508,STATE_INIT,9.805,-7.4,0.28,-2.9,-0.19,-1.17,9.22,-0.12,-0.31,0.12,17.68,-18.37,-39.68,0.921,25.44,-0.42,0.37,9.5,0,0.0,0.0,0.0,0.0,0.0,0,-0.48,0.95,796.85,0.03,797.0,False,True,True,False,True,True,False,True,True,True,True,False,False,False,False,False,False,False,False,False,False,False,False,False
432508,STATE_INIT,9.805,-7.4,0.28,-2.9,-0.19,-1.17,9.22,-0.12,-0.31,0.12,17.68,-18.37,-39.68,0.921,25.44,-0.42,0.37,9.5,0,0.0,0.0,0.0,0.0,0.0,0,-0.48,0.95,796.85,0.03,797.0,False,True,True,False,True,True,False,True,True,True,True,False,False,False,False,False,False,False,False,False,False,False,False,False
432508,STATE_INIT,9.805,-7.4,0.28,-2.9,-0.19,-1.17,9.22,-0.12,-0.31,0.12,17.68,-18.37,-39.68,0.921,25.44,-0.42,0.37,9.5,0,0.0,0.0,0.0,0.0,0.0,0,-0.48,0.95,796.85,0.03,797.0,False,True,True,False,True,True,False,True,True,True,True,False,False,False,False,False,False,False,False,False,False,False,False,False
432508,STATE_INIT,9.805,-7.4,0.28,-2.9,-0.19,-1.17,9.22,-0.12,-0.31,0.12,17.68,-18.37,-39.68,0.921,25.44,-0.42,0.37,9.5,0,0.0,0.0,0.0,0.0,0.0,0,-0.48,0.95,796.85,0.03,797.0,False,True,True,False,True,True,False,True,True,True,True,False,False,False,False,False,False,False,False,False,False,False,False,False
432607,STATE_INIT,9.813,-7.4,0.28,-2.9,-0.19,-1.15,9.27,0.0,-0.31,-0.12,18.06,-19.06,-38.87,0.921,25.55,-0.45,0.3,9.61,0,0.0,0.0,0.0,0.0,0.0,0,-0.44,0.96,796.84,0.02,796.55,False,True,True,False,True,True,False,True,True,True,True,False,False,False,False,False,False,False,False,False,False,False,False,False
432607,STATE_INIT,9.813,-7.4,0.28,-2.9,-0.19,-1.15,9.27,0.0,-0.31,-0.12,18.06,-19.06,-38.87,0.921,25.55,-0.45,0.3,9.61,0,0.0,0.0,0.0,0.0,0.0,0,-0.44,0.96,796.84,0.02,796.55,False,True,True,False,True,True,False,True,True,True,True,False,False,False,False,False,False,False,False,False,False,False,False,False
432607,STATE_INIT,9.813,-7.4,0.28,-2.9,-0.19,-1.15,9.27,0.0,-0.31,-0.12,18.06,-19.06,-38.87,0.921,25.55,-0.45,0.3,9.61,0,0.0,0.0,0.0,0.0,0.0,0,-0.44,0.96,796.84,0.02,796.55,False,True,True,False,True,True,False,True,True,True,True,False,False,False,False,False,False,False,False,False,False,False,False,False
432807,STATE_INIT,9.813,-7.4,0.29,-2.9,-0.23,-1.16,9.28,0.37,0.43,0.06,16.56,-19.06,-38.87,0.921,25.55,-0.45,0.33,9.59,0,0.0,0.0,0.0,0.0,0.0,0,-0.44,0.96,796.83,0.01,796.82,False,True,True,False,True,True,False,True,True,True,True,False,False,False,False,False,False,False,False,False,False,False,False,False
433206,STATE_INIT,9.813,-7.37,0.38,-2.9,-0.16,-1.17,9.21,-0.12,-0.12,-0.06,18.68,-18.68,-39.18,0.921,25.39,-0.38,0.4,9.61,0,0.0,0.0,0.0,0.0,0.0,0,-0.51,0.96,796.81,0.0,797.0,False,True,True,False,True,True,False,True,True,True,True,False,False,False,False,False,False,False,False,False,False,False,False,False
433206,STATE_INIT,9.813,-7.37,0.38,-2.9,-0.16,-1.17,9.21,-0.12,-0.12,-0.06,18.68,-18.68,-39.18,0.921,25.39,-0.38,0.4,9.61,0,0.0,0.0,0.0,0.0,0.0,0,-0.51,0.96,796.81,0.0,797.0,False,True,True,False,True,True,False,True,True,True,True,False,False,False,False,False,False,False,False,False,False,False,False,False
433206,STATE_INIT,9.813,-7.37,0.38,-2.9,-0.16,-1.17,9.21,-0.12,-0.12,-0.06,18.68,-18.68,-39.18,0.921,25.39,-0.38,0.4,9.61,0,0.0,0.0,0.0,0.0,0.0,0,-0.51,0.96,796.81,0.0,797.0,False,True,True,False,True,True,False,True,True,True,True,False,False,False,False,False,False,False,False,False,False,False,False,False
433406,STATE_INIT,9.821,-7.36,0.42,-2.9,-0.1,-1.14,9.22,0.12,0.12,0.0,18.68,-19.37,-39.18,0.921,25.39,-0.38,0.35,9.54,0,0.0,0.0,0.0,0.0,0.0,0,-0.48,0.96,796.81,0.0,797.0,False,True,True,False,True,True,False,True,True,True,True,False,False,False,False,False,False,False,False,False,False,False,False,False
433406,STATE_INIT,9.821,-7.36,0.42,-2.9,-0.1,-1.14,9.22,0.12,0.12,0.0,18.68,-19.37,-39.18,0.921,25.39,-0.38,0.35,9.54,0,0.0,0.0,0.0,0.0,0.0,0,-0.48,0.96,796.81,0.0,797.0,False,True,True,False,True,True,False,True,True,True,True,False,False,False,False,False,False,False,False,False,False,False,False,False
433406,STATE_INIT,9.821,-7.36,0.42,-2.9,-0.1,-1.14,9.22,0.12,0.12,0.0,18.68,-19.37,-39.18,0.921,25.39,-0.38,0.35,9.54,0,0.0,0.0,0.0,0.0,0.0,0,-0.48,0.96,796.81,0.0,797.0,False,True,True,False,True,True,False,True,True,True,True,False,False,False,False,False,False,False,False,False,False,False,False,False
433406,STATE_INIT,9.821,-7.36,0.42,-2.9,-0.1,-1.14,9.22,0.12,0.12,0.0,18.68,-19.37,-39.18,0.921,25.39,-0.38,0.35,9.54,0,0.0,0.0,0.0,0.0,0.0,0,-0.48,0.96,796.81,0.0,797.0,False,True,True,False,True,True,False,True,True,True,True,False,False,False,False,False,False,False,False,False,False,False,False,False
433505,STATE_INIT,9.821,-7.36,0.44,-2.9,-0.2,-1.19,9.25,0.18,0.12,0.0,18.06,-18.37,-39.18,0.921,25.44,-0.4,0.4,9.54,0,0.0,0.0,0.0,0.0,0.0,0,-0.47,0.96,796.81,0.0,796.73,False,True,True,False,True,True,False,True,True,True,True,False,False,False,False,False,False,False,False,False,False,False,False,False
433505,STATE_INIT,9.821,-7.36,0.44,-2.9,-0.2,-1.19,9.25,0.18,0.12,0.0,18.06,-18.37,-39.18,0.921,25.44,-0.4,0.4,9.54,0,0.0,0.0,0.0,0.0,0.0,0,-0.47,0.96,796.81,0.0,796.73,False,True,True,False,True,True,False,True,True,True,True,False,False,False,False,False,False,False,False,False,False,False,False,False
433505,STATE_INIT,9.821,-7.36,0.44,-2.9,-0.2,-1.19,9.25,0.18,0.12,0.0,18.06,-18.37,-39.18,0.921,25.44,-0.4,0.4,9.54,0,0.0,0.0,0.0,0.0,0.0,0,-0.47,0.96,796.81,0.0,796.73,False,True,True,False,True,True,False,True,True,True,True,False,False,False,False,False,False,False,False,False,False,False,False,False
433705,STATE_INIT,9.813,-7.35,0.49,-2.9,-0.14,-1.15,9.24,0.18,0.5,0.06,19.06,-18.68,-38.37,0.921,25.39,-0.35,0.35,9.65,0,0.0,0.0,0.0,0.0,0.0,0,-0.48,0.97,796.82,0.01,796.82,False,True,True,False,True,True,False,True,True,True,True,False,False,False,False,False,False,False,False,False,False,False,False,False
433905,STATE_INIT,9.813,-7.35,0.48,-2.89,-0.14,-1.16,9.2,-0.81,-1.06,-0.06,19.06,-18.68,-39.18,0.921,25.49,-0.43,0.4,9.69,0,0.0,0.0,0.0,0.0,0.0,0,-0.51,0.97,796.81,0.0,796.46,False,True,True,False,True,True,False,True,True,True,True,False,False,False,False,False,False,False,False,False,False,False,False,False
433905,STATE_INIT,9.813,-7.35,0.48,-2.89,-0.14,-1.16,9.2,-0.81,-1.06,-0.06,19.06,-18.68,-39.18,0.921,25.49,-0.43,0.4,9.69,0,0.0,0.0,0.0,0.0,0.0,0,-0.51,0.97,796.81,0.0,796.46,False,True,True,False,True,True,False,True,True,True,True,False,False,False,False,False,False,False,False,False,False,False,False,False
434205,STATE_INIT,9.821,-7.34,0.47,-2.89,-0.16,-1.16,9.21,0.0,0.0,0.0,18.06,-18.37,-38.0,0.921,25.49,-0.43,0.49,9.54,0,0.0,0.0,0.0,0.0,0.0,0,-0.5,0.95,796.79,0.0,797.27,False,True,True,False,True,True,False,True,True,True,True,False,False,False,False,False,False,False,False,False,False,False,False,False
434205,STATE_INIT,9.821,-7.34,0.47,-2.89,-0.16,-1.16,9.21,0.0,0.0,0.0,18.06,-18.37,-38.0,0.921,25.49,-0.43,0.49,9.54,0,0.0,0.0,0.0,0.0,0.0,0,-0.5,0.95,796.79,0.0,797.27,False,True,True,False,True,True,False,True,True,True,True,False,False,False,False,False,False,False,False,False,False,False,False,False
434405,STATE_INIT,9.821,-7.34,0.48,-2.89,-0.16,-1.15,9.22,-0.12,-0.31,-0.06,19.06,-19.06,-38.87,0.921,25.49,-0.4,0.37,9.56,0,0.0,0.0,0.0,0.0,0.0,0,-0.49,0.96,796.78,-0.01,797.0,False,True,True,False,True,True,False,True,True,True,True,False,False,False,False,False,False,False,False,False,False,False,False,False
434405,STATE_INIT,9.821,-7.34,0.48,-2.89,-0.16,-1.15,9.22,-0.12,-0.31,-0.06,19.06,-19.06,-38.87,0.921,25.49,-0.4,0.37,9.56,0,0.0,0.0,0.0,0.0,0.0,0,-0.49,0.96,796.78,-0.01,797.0,False,True,True,False,True,True,False,True,True,True,True,False,False,False,False,False,False,False,False,False,False,False,False,False
434605,STATE_INIT,9.813,-7.34,0.48,-2.89,-0.19,-1.17,9.25,-0.06,-0.18,0.0,18.37,-18.68,-39.68,0.921,25.55,-0.3,0.3,9.67,0,0.0,0.0,0.0,0.0,0.0,0,-0.47,0.97,796.77,-0.01,796.64,False,True,True,False,True,True,False,True,True,True,True,False,False,False,False,False,False,False,False,False,False,False,False,False
434605,STATE_INIT,9.813,-7.34,0.48,-2.89,-0.19,-1.17,9.25,-0.06,-0.18,0.0,18.37,-18.68,-39.68,0.921,25.55,-0.3,0.3,9.67,0,0.0,0.0,0.0,0.0,0.0,0,-0.47,0.97,796.77,-0.01,796.64,False,True,True,False,True,True,False,True,True,True,True,False,False,False,False,False,False,False,False,False,False,False,False,False
434605,STATE_INIT,9.813,-7.34,0.48,-2.89,-0.19,-1.17,9.25,-0.06,-0.18,0.0,18.37,-18.68,-39.68,0.921,25.55,-0.3,0.3,9.67,0,0.0,0.0,0.0,0.0,0.0,0,-0.47,0.97,796.77,-0.01,796.64,False,True,True,False,True,True,False,True,True,True,True,False,False,False,False,False,False,False,False,False,False,False,False,False
434605,STATE_INIT,9.813,-7.34,0.48,-2.89,-0.19,-1.17,9.25,-0.06,-0.18,0.0,18.37,-18.68,-39.68,0.921,25.55,-0.3,0.3,9.67,0,0.0,0.0,0.0,0.0,0.0,0,-0.47,0.97,796.77,-0.01,796.64,False,True,True,False,True,True,False,True,True,True,True,False,False,False,False,False,False,False,False,False,False,False,False,False
434905,STATE_INIT,9.821,-7.34,0.48,-2.89,-0.15,-1.16,9.25,-0.18,-0.18,-0.12,17.68,-19.06,-38.37,0.921,25.24,-0.4,0.37,9.61,0,0.0,0.0,0.0,0.0,0.0,0,-0.47,0.96,796.77,-0.01,796.46,False,True,True,False,True,True,False,True,True,True,True,False,False,False,False,False,False,False,False,False,False,False,False,False
434905,STATE_INIT,9.821,-7.34,0.48,-2.89,-0.15,-1.16,9.25,-0.18,-0.18,-0.12,17.68,-19.06,-38.37,0.921,25.24,-0.4,0.37,9.61,0,0.0,0.0,0.0,0.0,0.0,0,-0.47,0.96,796.77,-0.01,796.46,False,True,True,False,True,True,False,True,True,True,True,False,False,False,False,False,False,False,False,False,False,False,False,False
435005,STATE_INIT,9.775,-7.34,0.48,-2.89,-0.21,-1.16,9.22,-0.12,-0.18,0.0,17.25,-14.68,-41.56,0.921,25.49,-0.4,0.44,9.75,0,0.0,0.0,0.0,0.0,0.0,0,-0.49,0.98,796.77,-0.01,796.64,False,True,True,False,True,True,False,True,True,True,True,False,False,False,False,False,False,False,False,False,False,False,False,False
435005,STATE_INIT,9.775,-7.34,0.48,-2.89,-0.21,-1.16,9.22,-0.12,-0.18,0.0,17.25,-14.68,-41.56,0.921,25.49,-0.4,0.44,9.75,0,0.0,0.0,0.0,0.0,0.0,0,-0.49,0.98,796.77,-0.01,796.64,False,True,True,False,True,True,False,True,True,True,True,False,False,False,False,False,False,False,False,False,False,False,False,False
435305,STATE_INIT,9.821,-7.34,0.48,-2.89,-0.19,-1.17,9.24,0.06,0.12,-0.06,18.06,-19.06,-38.87,0.921,25.6,-0.38,0.37,9.59,0,0.0,0.0,0.0,0.0,0.0,0,-0.46,0.96,796.75,-0.02,796.91,False,True,True,False,True,True,False,True,True,True,True,False,False,False,False,False,False,False,False,False,False,False,False,False
435305,STATE_INIT,9.821,-7.34,0.48,-2.89,-0.19,-1.17,9.24,0.06,0.12,-0.06,18.06,-19.06,-38.87,0.921,25.6,-0.38,0.37,9.59,0,0.0,0.0,0.0,0.0,0.0,0,-0.46,0.96,796.75,-0.02,796.91,False,True,True,False,True,True,False,True,True,True,True,False,False,False,False,False,False,False,False,False,False,False,False,False
435305,STATE_INIT,9.821,-7.34,0.48,-2.89,-0.19,-1.17,9.24,0.06,0.12,-0.06,18.06,-19.06,-38.87,0.921,25.6,-0.38,0.37,9.59,0,0.0,0.0,0.0,0.0,0.0,0,-0.46,0.96,796.75,-0.02,796.91,False,True,True,False,True,True,False,True,True,True,True,False,False,False,False,False,False,False,False,False,False,False,False,False
435305,STATE_INIT,9.821,-7.34,0.48,-2.89,-0.19,-1.17,9.24,0.06,0.12,-0.06,18.06,-19.06,-38.87,0.921,25.6,-0.38,0.37,9.59,0,0.0,0.0,0.0,0.0,0.0,0,-0.46,0.96,796.75,-0.02,796.91,False,True,True,False,True,True,False,True,True,True,True,False,False,False,False,False,False,False,False,False,False,False,False,False
435305,STATE_INIT,9.821,-7.34,0.48,-2.89,-0.19,-1.17,9.24,0.06,0.12,-0.06,18.06,-19.06,-38.87,0.921,25.6,-0.38,0.37,9.59,0,0.0,0.0,0.0,0.0,0.0,0,-0.46,0.96,796.75,-0.02,796.91,False,True,True,False,True,True,False,True,True,True,True,False,False,False,False,False,False,False,False,False,False,False,False,False
435505,STATE_INIT,9.821,-7.34,0.48,-2.89,-0.17,-1.16,9.2,-0.06,-0.25,-0.06,18.37,-19.06,-38.87,0.921,25.49,-0.43,0.28,9.65,0,0.0,0.0,0.0,0.0,0.0,0,-0.49,0.97,796.73,-0.03,796.64,False,True,True,False,True,True,False,True,True,True,True,False,False,False,False,False,False,False,False,False,False,False,False,False
435505,STATE_INIT,9.821,-7.34,0.48,-2.89,-0.17,-1.16,9.2,-0.06,-0.25,-0.06,18.37,-19.06,-38.87,0.921,25.49,-0.43,0.28,9.65,0,0.0,0.0,0.0,0.0,0.0,0,-0.49,0.97,796.73,-0.03,796.64,False,True,True,False,True,True,False,True,True,True,True,False,False,False,False,False,False,False,False,False,False,False,False,False
436707,STATE_INIT,9.813,-7.34,0.48,-2.89,-0.17,-1.17,9.22,-0.18,-0.12,-0.12,18.68,-18.37,-40.37,0.921,25.49,-0.37,0.38,9.71,0,0.0,0.0,0.0,0.0,0.0,0,-0.48,0.97,796.73,-0.02,796.82,False,True,True,False,True,True,False,True,True,True,True,False,False,False,False,False,False,False,False,False,False,False,False,False
436707,STATE_INIT,9.813,-7.34,0.48,-2.89,-0.17,-1.17,9.22,-0.18,-0.12,-0.12,18.68,-18.37,-40.37,0.921,25.49,-0.37,0.38,9.71,0,0.0,0.0,0.0,0.0,0.0,0,-0.48,0.97,796.73,-0.02,796.82,False,True,True,False,True,True,False,True,True,True,True,False,False,False,False,False,False,False,False,False,False,False,False,False
436707,STATE_INIT,9.813,-7.34,0.48,-2.89,-0.17,-1.17,9.22,-0.18,-0.12,-0.12,18.68,-18.37,-40.37,0.921,25.49,-0.37,0.38,9.71,0,0.0,0.0,0.0,0.0,0.0,0,-0.48,0.97,796.73,-0.02,796.82,False,True,True,False,True,True,False,True,True,True,True,False,False,False,False,False,False,False,False,False,False,False,False,False
437107,STATE_INIT,9.821,-7.34,0.48,-2.89,-0.19,-1.16,9.25,0.25,0.31,0.0,19.06,-18.37,-40.0,0.921,25.49,-0.42,0.22,9.62,0,0.0,0.0,0.0,0.0,0.0,0,-0.53,0.97,796.74,-0.02,796.55,False,True,True,False,True,True,False,True,True,True,True,False,False,False,False,False,False,False,False,False,False,False,False,False
437107,STATE_INIT,9.821,-7.34,0.48,-2.89,-0.19,-1.16,9.25,0.25,0.31,0.0,19.06,-18.37,-40.0,0.921,25.49,-0.42,0.22,9.62,0,0.0,0.0,0.0,0.0,0.0,0,-0.53,0.97,796.74,-0.02,796.55,False,True,True,False,True,True,False,True,True,True,True,False,False,False,False,False,False,False,False,False,False,False,False,False
437107,STATE_INIT,9.821,-7.34,0.48,-2.89,-0.19,-1.16,9.25,0.25,0.31,0.0,19.06,-18.37,-40.0,0.921,25.49,-0.42,0.22,9.62,0,0.0,0.0,0.0,0.0,0.0,0,-0.53,0.97,796.74,-0.02,796.55,False,True,True,False,True,True,False,True,True,True,True,False,False,False,False,False,False,False,False,False,False,False,False,False
437407,STATE_INIT,9.805,-7.34,0.47,-2.89,-0.14,-1.16,9.24,-0.12,-0.62,0.06,18.06,-17.56,-39.18,0.921,25.49,-0.42,0.27,9.69,0,0.0,0.0,0.0,0.0,0.0,0,-0.5,0.97,796.76,0.0,796.46,False,True,True,False,True,True,False,True,True,True,True,False,False,False,False,False,False,False,False,False,False,False,False,False
437407,STATE_INIT,9.805,-7.34,0.47,-2.89,-0.14,-1.16,9.24,-0.12,-0.62,0.06,18.06,-17.56,-39.18,0.921,25.49,-0.42,0.27,9.69,0,0.0,0.0,0.0,0.0,0.0,0,-0.5,0.97,796.76,0.0,796.46,False,True,True,False,True,True,False,True,True,True,True,False,False,False,False,False,False,False,False,False,False,False,False,False
437607,STATE_INIT,9.813,-7.34,0.47,-2.89,-0.15,-1.16,9.22,0.06,0.0,0.0,18.06,-19.06,-38.87,0.921,25.49,-0.37,0.33,9.62,0,0.0,0.0,0.0,0.0,0.0,0,-0.48,0.96,796.77,0.0,796.82,False,True,True,False,True,True,False,True,True,True,True,False,False,False,False,False,False,False,False,False,False,False,False,False
437607,STATE_INIT,9.813,-7.34,0.47,-2.89,-0.15,-1.16,9.22,0.06,0.0,0.0,18.06,-19.06,-38.87,0.921,25.49,-0.37,0.33,9.62,0,0.0,0.0,0.0,0.0,0.0,0,-0.48,0.96,796.77,0.0,796.82,False,True,True,False,True,True,False,True,True,True,True,False,False,False,False,False,False,False,False,False,False,False,False,False
437607,STATE_INIT,9.813,-7.34,0.47,-2.89,-0.15,-1.16,9.22,0.06,0.0,0.0,18.06,-19.06,-38.87,0.921,25.49,-0.37,0.33,9.62,0,0.0,0.0,0.0,0.0,0.0,0,-0.48,0.96,796.77,0.0,796.82,False,True,True,False,True,True,False,True,True,True,True,False,False,False,False,False,False,False,False,False,False,False,False,False
437607,STATE_INIT,9.813,-7.34,0.47,-2.89,-0.15,-1.16,9.22,0.06,0.0,0.0,18.06,-19.06,-38.87,0.921,25.49,-0.37,0.33,9.62,0,0.0,0.0,0.0,0.0,0.0,0,-0.48,0.96,796.77,0.0,796.82,False,True,True,False,True,True,False,True,True,True,True,False,False,False,False,False,False,False,False,False,False,False,False,False
437607,STATE_INIT,9.813,-7.34,0.47,-2.89,-0.15,-1.16,9.22,0.06,0.0,0.0,18.06,-19.06,-38.87,0.921,25.49,-0.37,0.33,9.62,0,0.0,0.0,0.0,0.0,0.0,0,-0.48,0.96,796.77,0.0,796.82,False,True,True,False,True,True,False,True,True,True,True,False,False,False,False,False,False,False,False,False,False,False,False,False
437807,STATE_INIT,9.782,-7.34,0.47,-2.89,-0.2,-1.16,9.22,0.0,0.06,-0.06,17.68,-18.37,-38.87,0.921,25.39,-0.45,0.38,9.59,0,0.0,0.0,0.0,0.0,0.0,0,-0.47,0.96,796.78,0.0,796.46,False,True,True,False,True,True,False,True,True,True,True,False,False,False,False,False,False,False,False,False,False,False,False,False
437908,STATE_INIT,9.813,-7.34,0.47,-2.89,-0.15,-1.16,9.25,-0.12,-0.12,0.0,17.25,-18.68,-38.87,0.921,25.39,-0.37,0.35,9.63,0,0.0,0.0,0.0,0.0,0.0,0,-0.5,0.97,796.78,0.0,797.09,False,True,True,False,True,True,False,True,True,True,True,False,False,False,False,False,False,False,False,False,False,False,False,False
438108,STATE_INIT,9.828,-7.34,0.47,-2.89,-0.17,-1.15,9.26,0.0,0.0,0.0,17.68,-18.68,-38.5,0.921,25.49,-0.45,0.35,9.61,0,0.0,0.0,0.0,0.0,0.0,0,-0.47,0.96,796.79,0.0,797.0,False,True,True,False,True,True,False,True,True,True,True,False,False,False,False,False,False,False,False,False,False,False,False,False
438108,STATE_INIT,9.828,-7.34,0.47,-2.89,-0.17,-1.15,9.26,0.0,0.0,0.0,17.68,-18.68,-38.5,0.921,25.49,-0.45,0.35,9.61,0,0.0,0.0,0.0,0.0,0.0,0,-0.47,0.96,796.79,0.0,797.0,False,True,True,False,True,True,False,True,True,True,True,False,False,False,False,False,False,False,False,False,False,False,False,False
438307,STATE_INIT,9.805,-7.34,0.47,-2.89,-0.18,-1.16,9.22,-0.06,-0.18,0.06,18.68,-18.0,-39.68,0.921,25.34,-0.42,0.38,9.59,0,0.0,0.0,0.0,0.0,0.0,0,-0.49,0.96,796.78,0.0,797.0,False,True,True,False,True,True,False,True,True,True,True,False,False,False,False,False,False,False,False,False,False,False,False,False
438608,STATE_INIT,9.813,-7.34,0.47,-2.89,-0.17,-1.16,9.24,0.0,0.0,0.06,18.06,-18.37,-39.18,0.921,25.49,-0.4,0.32,9.61,0,0.0,0.0,0.0,0.0,0.0,0,-0.47,0.96,796.81,0.01,796.55,False,True,True,False,True,True,False,True,True,True,True,False,False,False,False,False,False,False,False,False,False,False,False,False
438808,STATE_INIT,9.813,-7.34,0.47,-2.89,-0.16,-1.16,9.25,0.0,0.06,-0.12,18.06,-19.06,-39.18,0.921,25.65,-0.3,0.35,9.63,0,0.0,0.0,0.0,0.0,0.0,0,-0.47,0.96,796.81,0.01,796.64,False,True,True,False,True,True,False,True,True,True,True,False,False,False,False,False,False,False,False,False,False,False,False,False
438808,STATE_INIT,9.813,-7.34,0.47,-2.89,-0.16,-1.16,9.25,0.0,0.06,-0.12,18.06,-19.06,-39.18,0.921,25.65,-0.3,0.35,9.63,0,0.0,0.0,0.0,0.0,0.0,0,-0.47,0.96,796.81,0.01,796.64,False,True,True,False,True,True,False,True,True,True,True,False,False,False,False,False,False,False,False,False,False,False,False,False
438808,STATE_INIT,9.813,-7.34,0.47,-2.89,-0.16,-1.16,9.25,0.0,0.06,-0.12,18.06,-19.06,-39.18,0.921,25.65,-0.3,0.35,9.63,0,0.0,0.0,0.0,0.0,0.0,0,-0.47,0.96,796.81,0.01,796.64,False,True,True,False,True,True,False,True,True,True,True,False,False,False,False,False,False,False,False,False,False,False,False,False
438808,STATE_INIT,9.813,-7.34,0.47,-2.89,-0.16,-1.16,9.25,0.0,0.06,-0.12,18.06,-19.06,-39.18,0.921,25.65,-0.3,0.35,9.63,0,0.0,0.0,0.0,0.0,0.0,0,-0.47,0.96,796.81,0.01,796.64,False,True,True,False,True,True,False,True,True,True,True,False,False,False,False,False,False,False,False,False,False,False,False,False
438808,STATE_INIT,9.813,-7.34,0.47,-2.89,-0.16,-1.16,9.25,0.0,0.06,-0.12,18.06,-19.06,-39.18,0.921,25.65,-0.3,0.35,9.63,0,0.0,0.0,0.0,0.0,0.0,0,-0.47,0.96,796.81,0.01,796.64,False,True,True,False,True,True,False,True,True,True,True,False,False,False,False,False,False,False,False,False,False,False,False,False
439207,STATE_INIT,9.821,-7.34,0.47,-2.89,-0.18,-1.16,9.26,0.0,0.0,-0.06,18.68,-18.37,-38.87,0.921,25.44,-0.45,0.37,9.56,0,0.0,0.0,0.0,0.0,0.0,0,-0.46,0.96,796.8,0.01,797.0,False,True,True,False,True,True,False,True,True,True,True,False,False,False,False,False,False,False,False,False,False,False,False,False
439207,STATE_INIT,9.821,-7.34,0.47,-2.89,-0.18,-1.16,9.26,0.0,0.0,-0.06,18.68,-18.37,-38.87,0.921,25.44,-0.45,0.37,9.56,0,0.0,0.0,0.0,0.0,0.0,0,-0.46,0.96,796.8,0.01,797.0,False,True,True,False,True,True,False,True,True,True,True,False,False,False,False,False,False,False,False,False,False,False,False,False
439207,STATE_INIT,9.821,-7.34,0.47,-2.89,-0.18,-1.16,9.26,0.0,0.0,-0.06,18.68,-18.37,-38.87,0.921,25.44,-0.45,0.37,9.56,0,0.0,0.0,0.0,0.0,0.0,0,-0.46,0.96,796.8,0.01,797.0,False,True,True,False,True,True,False,True,True,True,True,False,False,False,False,False,False,False,False,False,False,False,False,False
439506,STATE_INIT,9.813,-7.34,0.47,-2.89,-0.19,-1.16,9.24,0.06,0.0,0.12,18.06,-19.06,-39.56,0.921,25.44,-0.37,0.41,9.63,0,0.0,0.0,0.0,0.0,0.0,0,-0.47,0.96,796.8,0.0,796.46,False,True,True,False,True,True,False,True,True,True,True,False,False,False,False,False,False,False,False,False,False,False,False,False
439706,STATE_INIT,9.821,-7.34,0.47,-2.89,-0.16,-1.15,9.22,0.06,-0.06,0.0,18.37,-19.06,-40.75,0.921,25.39,-0.46,0.4,9.56,0,0.0,0.0,0.0,0.0,0.0,0,-0.48,0.96,796.79,0.0,796.73,False,True,True,False,True,True,False,True,True,True,True,False,False,False,False,False,False,False,False,False,False,False,False,False
439706,STATE_INIT,9.821,-7.34,0.47,-2.89,-0.16,-1.15,9.22,0.06,-0.06,0.0,18.37,-19.06,-40.75,0.921,25.39,-0.46,0.4,9.56,0,0.0,0.0,0.0,0.0,0.0,0,-0.48,0.96,796.79,0.0,796.73,False,True,True,False,True,True,False,True,True,True,True,False,False,False,False,False,False,False,False,False,False,False,False,False
439706,STATE_INIT,9.821,-7.34,0.47,-2.89,-0.16,-1.15,9.22,0.06,-0.06,0.0,18.37,-19.06,-40.75,0.921,25.39,-0.46,0.4,9.56,0,0.0,0.0,0.0,0.0,0.0,0,-0.48,0.96,796.79,0.0,796.73,False,True,True,False,True,True,False,True,True,True,True,False,False,False,False,False,False,False,False,False,False,False,False,False
439706,STATE_INIT,9.821,-7.34,0.47,-2.89,-0.16,-1.15,9.22,0.06,-0.06,0.0,18.37,-19.06,-40.75,0.921,25.39,-0.46,0.4,9.56,0,0.0,0.0,0.0,0.0,0.0,0,-0.48,0.96,796.79,0.0,796.73,False,True,True,False,True,True,False,True,True,True,True,False,False,False,False,False,False,False,False,False,False,False,False,False
439706,STATE_INIT,9.821,-7.34,0.47,-2.89,-0.16,-1.15,9.22,0.06,-0.06,0.0,18.37,-19.06,-40.75,0.921,25.39,-0.46,0.4,9.56,0,0.0,0.0,0.0,0.0,0.0,0,-0.48,0.96,796.79,0.0,796.73,False,True,True,False,True,True,False,True,True,True,True,False,False,False,False,False,False,False,False,False,False,False,False,False
440005,STATE_INIT,9.813,-7.34,0.47,-2.89,-0.17,-1.16,9.26,0.0,-0.06,-0.06,18.37,-18.68,-38.87,0.921,25.39,-0.35,0.4,9.54,0,0.0,0.0,0.0,0.0,0.0,0,-0.46,0.96,796.78,0.0,797.18,False,True,True,False,True,True,False,True,True,True,True,False,False,False,False,False,False,False,False,False,False,False,False,False
440005,STATE_INIT,9.813,-7.34,0.47,-2.89,-0.17,-1.16,9.26,0.0,-0.06,-0.06,18.37,-18.68,-38.87,0.921,25.39,-0.35,0.4,9.54,0,0.0,0.0,0.0,0.0,0.0,0,-0.46,0.96,796.78,0.0,797.18,False,True,True,False,True,True,False,True,True,True,True,False,False,False,False,False,False,False,False,False,False,False,False,False
440205,STATE_INIT,9.813,-7.34,0.47,-2.89,-0.18,-1.16,9.22,0.0,0.12,-0.12,16.37,-12.06,-69.75,0.921,25.44,-0.38,0.33,9.57,0,0.0,0.0,0.0,0.0,0.0,0,-0.5,0.96,796.78,0.0,796.82,False,True,True,False,True,True,False,True,True,True,True,False,False,False,False,False,False,False,False,False,False,False,False,False
440205,STATE_INIT,9.813,-7.34,0.47,-2.89,-0.18,-1.16,9.22,0.0,0.12,-0.12,16.37,-12.06,-69.75,0.921,25.44,-0.38,0.33,9.57,0,0.0,0.0,0.0,0.0,0.0,0,-0.5,0.96,796.78,0.0,796.82,False,True,True,False,True,True,False,True,True,True,True,False,False,False,False,False,False,False,False,False,False,False,False,False
440205,STATE_INIT,9.813,-7.34,0.47,-2.89,-0.18,-1.16,9.22,0.0,0.12,-0.12,16.37,-12.06,-69.75,0.921,25.44,-0.38,0.33,9.57,0,0.0,0.0,0.0,0.0,0.0,0,-0.5,0.96,796.78,0.0,796.82,False,True,True,False,True,True,False,True,True,True,True,False,False,False,False,False,False,False,False,False,False,False,False,False
440405,STATE_INIT,9.821,-7.34,0.47,-2.89,-0.17,-1.16,9.24,-0.06,-0.06,0.0,17.18,-11.68,-67.75,0.921,25.39,-0.43,0.38,9.59,0,0.0,0.0,0.0,0.0,0.0,0,-0.48,0.96,796.77,0.0,796.55,False,True,True,False,True,True,False,True,True,True,True,False,False,False,False,False,False,False,False,False,False,False,False,False
440705,STATE_INIT,9.813,-7.34,0.47,-2.89,-0.17,-1.15,9.26,0.12,0.12,-0.12,15.37,-12.06,-69.0,0.921,25.49,-0.37,0.35,9.61,0,0.0,0.0,0.0,0.0,0.0,0,-0.46,0.96,796.77,0.0,796.73,False,True,True,False,True,True,False,True,True,True,True,False,False,False,False,False,False,False,False,False,False,False,False,False
440705,STATE_INIT,9.813,-7.34,0.47,-2.89,-0.17,-1.15,9.26,0.12,0.12,-0.12,15.37,-12.06,-69.0,0.921,25.49,-0.37,0.35,9.61,0,0.0,0.0,0.0,0.0,0.0,0,-0.46,0.96,796.77,0.0,796.73,False,True,True,False,True,True,False,True,True,True,True,False,False,False,False,False,False,False,False,False,False,False,False,False
440905,STATE_INIT,9.813,-7.34,0.47,-2.89,-0.13,-1.17,9.26,0.12,-0.06,-0.06,16.75,-12.06,-69.37,0.921,25.44,-0.34,0.33,9.69,0,0.0,0.0,0.0,0.0,0.0,0,-0.46,0.97,796.78,0.0,797.18,False,True,True,False,True,True,False,True,True,True,True,False,False,False,False,False,False,False,False,False,False,False,False,False
441005,STATE_INIT,9.821,-7.34,0.47,-2.89,-0.19,-1.16,9.24,0.0,0.0,0.0,16.75,-11.37,-70.25,0.921,25.34,-0.45,0.28,9.67,0,0.0,0.0,0.0,0.0,0.0,0,-0.47,0.97,796.78,0.0,796.55,False,True,True,False,True,True,False,True,True,True,True,False,False,False,False,False,False,False,False,False,False,False,False,False
441105,STATE_INIT,9.752,-7.34,0.47,-2.89,-0.15,-1.16,9.25,0.0,-0.06,0.06,16.06,-12.06,-68.56,0.921,25.44,-0.32,0.44,9.71,0,0.0,0.0,0.0,0.0,0.0,0,-0.46,0.97,796.79,0.0,797.09,False,True,True,False,True,True,False,True,True,True,True,False,False,False,False,False,False,False,False,False,False,False,False,False
441105,STATE_INIT,9.752,-7.34,0.47,-2.89,-0.15,-1.16,9.25,0.0,-0.06,0.06,16.06,-12.06,-68.56,0.921,25.44,-0.32,0.44,9.71,0,0.0,0.0,0.0,0.0,0.0,0,-0.46,0.97,796.79,0.0,797.09,False,True,True,False,True,True,False,True,True,True,True,False,False,False,False,False,False,False,False,False,False,False,False,False
441105,STATE_INIT,9.752,-7.34,0.47,-2.89,-0.15,-1.16,9.25,0.0,-0.06,0.06,16.06,-12.06,-68.56,0.921,25.44,-0.32,0.44,9.71,0,0.0,0.0,0.0,0.0,0.0,0,-0.46,0.97,796.79,0.0,797.09,False,True,True,False,True,True,False,True,True,True,True,False,False,False,False,False,False,False,False,False,False,False,False,False
441105,STATE_INIT,9.752,-7.34,0.47,-2.89,-0.15,-1.16,9.25,0.0,-0.06,0.06,16.06,-12.06,-68.56,0.921,25.44,-0.32,0.44,9.71,0,0.0,0.0,0.0,0.0,0.0,0,-0.46,0.97,796.79,0.0,797.09,False,True,True,False,True,True,False,True,True,True,True,False,False,False,False,False,False,False,False,False,False,False,False,False
441305,STATE_INIT,9.813,-7.34,0.47,-2.89,-0.18,-1.16,9.27,0.0,-0.06,0.06,15.37,-11.37,-68.25,0.921,25.55,-0.46,0.41,9.6,0,0.0,0.0,0.0,0.0,0.0,0,-0.48,0.96,796.78,0.0,796.91,False,True,True,False,True,True,False,True,True,True,True,False,False,False,False,False,False,False,False,False,False,False,False,False
441305,STATE_INIT,9.813,-7.34,0.47,-2.89,-0.18,-1.16,9.27,0.0,-0.06,0.06,15.37,-11.37,-68.25,0.921,25.55,-0.46,0.41,9.6,0,0.0,0.0,0.0,0.0,0.0,0,-0.48,0.96,796.78,0.0,796.91,False,True,True,False,True,True,False,True,True,True,True,False,False,False,False,False,False,False,False,False,False,False,False,False
441305,STATE_INIT,9.813,-7.34,0.47,-2.89,-0.18,-1.16,9.27,0.0,-0.06,0.06,15.37,-11.37,-68.25,0.921,25.55,-0.46,0.41,9.6,0,0.0,0.0,0.0,0.0,0.0,0,-0.48,0.96,796.78,0.0,796.91,False,True,True,False,True,True,False,True,True,True,True,False,False,False,False,False,False,False,False,False,False,False,False,False
441305,STATE_INIT,9.813,-7.34,0.47,-2.89,-0.18,-1.16,9.27,0.0,-0.06,0.06,15.37,-11.37,-68.25,0.921,25.55,-0.46,0.41,9.6,0,0.0,0.0,0.0,0.0,0.0,0,-0.48,0.96,796.78,0.0,796.91,False,True,True,False,True,True,False,True,True,True,True,False,False,False,False,False,False,False,False,False,False,False,False,False
441305,STATE_INIT,9.813,-7.34,0.47,-2.89,-0.18,-1.16,9.27,0.0,-0.06,0.06,15.37,-11.37,-68.25,0.921,25.55,-0.46,0.41,9.6,0,0.0,0.0,0.0,0.0,0.0,0,-0.48,0.96,796.78,0.0,796.91,False,True,True,False,True,True,False,True,True,True,True,False,False,False,False,False,False,False,False,False,False,False,False,False
441605,STATE_INIT,9.813,-7.34,0.47,-2.89,-0.17,-1.16,9.27,0.12,0.06,-0.12,16.75,-11.68,-69.0,0.921,25.44,-0.37,0.32,9.65,0,0.0,0.0,0.0,0.0,0.0,0,-0.46,0.97,796.8,0.01,796.91,False,True,True,False,True,True,False,True,True,True,True,False,False,False,False,False,False,False,False,False,False,False,False,False
441605,STATE_INIT,9.813,-7.34,0.47,-2.89,-0.17,-1.16,9.27,0.12,0.06,-0.12,16.75,-11.68,-69.0,0.921,25.44,-0.37,0.32,9.65,0,0.0,0.0,0.0,0.0,0.0,0,-0.46,0.97,796.8,0.01,796.91,False,True,True,False,True,True,False,True,True,True,True,False,False,False,False,False,False,False,False,False,False,False,False,False
441805,STATE_INIT,9.821,-7.34,0.47,-2.89,-0.16,-1.16,9.24,0.06,-0.12,-0.12,16.37,-11.68,-69.0,0.921,25.44,-0.38,0.35,9.59,0,0.0,0.0,0.0,0.0,0.0,0,-0.46,0.96,796.8,0.01,796.46,False,True,True,False,True,True,False,True,True,True,True,False,False,False,False,False,False,False,False,False,False,False,False,False
441805,STATE_INIT,9.821,-7.34,0.47,-2.89,-0.16,-1.16,9.24,0.06,-0.12,-0.12,16.37,-11.68,-69.0,0.921,25.44,-0.38,0.35,9.59,0,0.0,0.0,0.0,0.0,0.0,0,-0.46,0.96,796.8,0.01,796.46,False,True,True,False,True,True,False,True,True,True,True,False,False,False,False,False,False,False,False,False,False,False,False,False
442006,STATE_INIT,9.805,-7.36,0.46,-2.89,-0.18,-1.16,9.24,-0.25,-0.31,0.06,16.75,-11.68,-69.06,0.921,25.44,-0.37,0.38,9.63,0,0.0,0.0,0.0,0.0,0.0,0,-0.45,0.96,796.83,0.02,796.82,False,True,True,False,True,True,False,True,True,True,True,False,False,False,False,False,False,False,False,False,False,False,False,False
442006,STATE_INIT,9.805,-7.36,0.46,-2.89,-0.18,-1.16,9.24,-0.25,-0.31,0.06,16.75,-11.68,-69.06,0.921,25.44,-0.37,0.38,9.63,0,0.0,0.0,0.0,0.0,0.0,0,-0.45,0.96,796.83,0.02,796.82,False,True,True,False,True,True,False,True,True,True,True,False,False,False,False,False,False,False,False,False,False,False,False,False
442106,STATE_INIT,9.821,-7.36,0.45,-2.89,-0.17,-1.15,9.25,0.5,0.5,0.0,14.56,-12.37,-67.75,0.921,25.49,-0.42,0.33,9.68,0,0.0,0.0,0.0,0.0,0.0,0,-0.48,0.97,796.84,0.02,796.91,False,True,True,False,True,True,False,True,True,True,True,False,False,False,False,False,False,False,False,False,False,False,False,False
442306,STATE_INIT,9.813,-7.36,0.45,-2.89,-0.18,-1.16,9.24,-0.18,0.0,-0.25,15.0,-12.06,-69.0,0.921,25.55,-0.35,0.35,9.61,0,0.0,0.0,0.0,0.0,0.0,0,-0.47,0.96,796.84,0.02,796.55,False,True,True,False,True,True,False,True,True,True,True,False,False,False,False,False,False,False,False,False,False,False,False,False
442306,STATE_INIT,9.813,-7.36,0.45,-2.89,-0.18,-1.16,9.24,-0.18,0.0,-0.25,15.0,-12.06,-69.0,0.921,25.55,-0.35,0.35,9.61,0,0.0,0.0,0.0,0.0,0.0,0,-0.47,0.96,796.84,0.02,796.55,False,True,True,False,True,True,False,True,True,True,True,False,False,False,False,False,False,False,False,False,False,False,False,False
442306,STATE_INIT,9.813,-7.36,0.45,-2.89,-0.18,-1.16,9.24,-0.18,0.0,-0.25,15.0,-12.06,-69.0,0.921,25.55,-0.35,0.35,9.61,0,0.0,0.0,0.0,0.0,0.0,0,-0.47,0.96,796.84,0.02,796.55,False,True,True,False,True,True,False,True,True,True,True,False,False,False,False,False,False,False,False,False,False,False,False,False
442506,STATE_INIT,9.805,-7.36,0.45,-2.89,-0.17,-1.16,9.22,-0.12,-0.12,0.06,15.37,-11.37,-69.0,0.921,25.39,-0.48,0.38,9.61,0,0.0,0.0,0.0,0.0,0.0,0,-0.46,0.96,796.83,0.02,797.09,False,True,True,False,True,True,False,True,True,True,True,False,False,False,False,False,False,False,False,False,False,False,False,False
442506,STATE_INIT,9.805,-7.36,0.45,-2.89,-0.17,-1.16,9.22,-0.12,-0.12,0.06,15.37,-11.37,-69.0,0.921,25.39,-0.48,0.38,9.61,0,0.0,0.0,0.0,0.0,0.0,0,-0.46,0.96,796.83,0.02,797.09,False,True,True,False,True,True,False,True,True,True,True,False,False,False,False,False,False,False,False,False,False,False,False,False
442506,STATE_INIT,9.805,-7.36,0.45,-2.89,-0.17,-1.16,9.22,-0.12,-0.12,0.06,15.37,-11.37,-69.0,0.921,25.39,-0.48,0.38,9.61,0,0.0,0.0,0.0,0.0,0.0,0,-0.46,0.96,796.83,0.02,797.09,False,True,True,False,True,True,False,True,True,True,True,False,False,False,False,False,False,False,False,False,False,False,False,False
442807,STATE_INIT,9.821,-7.36,0.45,-2.89,-0.19,-1.16,9.25,0.0,-0.25,0.0,16.37,-11.68,-67.87,0.921,25.39,-0.29,0.3,9.65,0,0.0,0.0,0.0,0.0,0.0,0,-0.49,0.97,796.85,0.02,797.09,False,True,True,False,True,True,False,True,True,True,True,False,False,False,False,False,False,False,False,False,False,False,False,False
442807,STATE_INIT,9.821,-7.36,0.45,-2.89,-0.19,-1.16,9.25,0.0,-0.25,0.0,16.37,-11.68,-67.87,0.921,25.39,-0.29,0.3,9.65,0,0.0,0.0,0.0,0.0,0.0,0,-0.49,0.97,796.85,0.02,797.09,False,True,True,False,True,True,False,True,True,True,True,False,False,False,False,False,False,False,False,False,False,False,False,False
442807,STATE_INIT,9.821,-7.36,0.45,-2.89,-0.19,-1.16,9.25,0.0,-0.25,0.0,16.37,-11.68,-67.87,0.921,25.39,-0.29,0.3,9.65,0,0.0,0.0,0.0,0.0,0.0,0,-0.49,0.97,796.85,0.02,797.09,False,True,True,False,True,True,False,True,True,True,True,False,False,False,False,False,False,False,False,False,False,False,False,False
443207,STATE_INIT,9.813,-7.36,0.45,-2.89,-0.14,-1.15,9.24,-0.18,0.0,0.12,15.75,-11.68,-69.0,0.921,25.44,-0.42,0.32,9.68,0,0.0,0.0,0.0,0.0,0.0,0,-0.45,0.97,796.94,0.06,797.18,False,True,True,False,True,True,False,True,True,True,True,False,False,False,False,False,False,False,False,False,False,False,False,False
443207,STATE_INIT,9.813,-7.36,0.45,-2.89,-0.14,-1.15,9.24,-0.18,0.0,0.12,15.75,-11.68,-69.0,0.921,25.44,-0.42,0.32,9.68,0,0.0,0.0,0.0,0.0,0.0,0,-0.45,0.97,796.94,0.06,797.18,False,True,True,False,True,True,False,True,True,True,True,False,False,False,False,False,False,False,False,False,False,False,False,False
443407,STATE_INIT,9.813,-7.36,0.45,-2.89,-0.17,-1.16,9.25,-0.06,0.0,-0.12,16.37,-11.37,-68.56,0.921,25.55,-0.35,0.28,9.61,0,0.0,0.0,0.0,0.0,0.0,0,-0.5,0.96,796.94,0.06,796.82,False,True,True,False,True,True,False,True,True,True,True,False,False,False,False,False,False,False,False,False,False,False,False,False
443407,STATE_INIT,9.813,-7.36,0.45,-2.89,-0.17,-1.16,9.25,-0.06,0.0,-0.12,16.37,-11.37,-68.56,0.921,25.55,-0.35,0.28,9.61,0,0.0,0.0,0.0,0.0,0.0,0,-0.5,0.96,796.94,0.06,796.82,False,True,True,False,True,True,False,True,True,True,True,False,False,False,False,False,False,False,False,False,False,False,False,False
443407,STATE_INIT,9.813,-7.36,0.45,-2.89,-0.17,-1.16,9.25,-0.06,0.0,-0.12,16.37,-11.37,-68.56,0.921,25.55,-0.35,0.28,9.61,0,0.0,0.0,0.0,0.0,0.0,0,-0.5,0.96,796.94,0.06,796.82,False,True,True,False,True,True,False,True,True,True,True,False,False,False,False,False,False,False,False,False,False,False,False,False
443407,STATE_INIT,9.813,-7.36,0.45,-2.89,-0.17,-1.16,9.25,-0.06,0.0,-0.12,16.37,-11.37,-68.56,0.921,25.55,-0.35,0.28,9.61,0,0.0,0.0,0.0,0.0,0.0,0,-0.5,0.96,796.94,0.06,796.82,False,True,True,False,True,True,False,True,True,True,True,False,False,False,False,False,False,False,False,False,False,False,False,False
443407,STATE_INIT,9.813,-7.36,0.45,-2.89,-0.17,-1.16,9.25,-0.06,0.0,-0.12,16.37,-11.37,-68.56,0.921,25.55,-0.35,0.28,9.61,0,0.0,0.0,0.0,0.0,0.0,0,-0.5,0.96,796.94,0.06,796.82,False,True,True,False,True,True,False,True,True,True,True,False,False,False,False,False,False,False,False,False,False,False,False,False
443407,STATE_INIT,9.813,-7.36,0.45,-2.89,-0.17,-1.16,9.25,-0.06,0.0,-0.12,16.37,-11.37,-68.56,0.921,25.55,-0.35,0.28,9.61,0,0.0,0.0,0.0,0.0,0.0,0,-0.5,0.96,796.94,0.06,796.82,False,True,True,False,True,True,False,True,True,True,True,False,False,False,False,False,False,False,False,False,False,False,False,False
443407,STATE_INIT,9.813,-7.36,0.45,-2.89,-0.17,-1.16,9.25,-0.06,0.0,-0.12,16.37,-11.37,-68.56,0.921,25.55,-0.35,0.28,9.61,0,0.0,0.0,0.0,0.0,0.0,0,-0.5,0.96,796.94,0.06,796.82,False,True,True,False,True,True,False,True,True,True,True,False,False,False,False,False,False,False,False,False,False,False,False,False
443707,STATE_INIT,9.836,-7.36,0.45,-2.89,-0.2,-1.16,9.26,0.12,0.18,0.0,16.06,-11.68,-69.37,0.921,25.55,-0.4,0.4,9.59,0,0.0,0.0,0.0,0.0,0.0,0,-0.48,0.96,796.9,0.04,796.37,False,True,True,False,True,True,False,True,True,True,True,False,False,False,False,False,False,False,False,False,False,False,False,False
443907,STATE_INIT,9.805,-7.36,0.45,-2.89,-0.17,-1.16,9.25,0.06,0.0,0.0,16.37,-11.68,-69.0,0.921,25.39,-0.43,0.41,9.61,0,0.0,0.0,0.0,0.0,0.0,0,-0.47,0.96,796.87,0.02,796.64,False,True,True,False,True,True,False,True,True,True,True,False,False,False,False,False,False,False,False,False,False,False,False,False
443907,STATE_INIT,9.805,-7.36,0.45,-2.89,-0.17,-1.16,9.25,0.06,0.0,0.0,16.37,-11.68,-69.0,0.921,25.39,-0.43,0.41,9.61,0,0.0,0.0,0.0,0.0,0.0,0,-0.47,0.96,796.87,0.02,796.64,False,True,True,False,True,True,False,True,True,True,True,False,False,False,False,False,False,False,False,False,False,False,False,False
444107,STATE_INIT,9.813,-7.36,0.45,-2.89,-0.11,-1.17,9.21,0.06,0.06,0.0,16.06,-11.37,-67.75,0.921,25.39,-0.37,0.32,9.69,0,0.0,0.0,0.0,0.0,0.0,0,-0.5,0.97,796.84,0.0,796.82,False,True,True,False,True,True,False,True,True,True,True,False,False,False,False,False,False,False,False,False,False,False,False,False
444107,STATE_INIT,9.813,-7.36,0.45,-2.89,-0.11,-1.17,9.21,0.06,0.06,0.0,16.06,-11.37,-67.75,0.921,25.39,-0.37,0.32,9.69,0,0.0,0.0,0.0,0.0,0.0,0,-0.5,0.97,796.84,0.0,796.82,False,True,True,False,True,True,False,True,True,True,True,False,False,False,False,False,False,False,False,False,False,False,False,False
444107,STATE_INIT,9.813,-7.36,0.45,-2.89,-0.11,-1.17,9.21,0.06,0.06,0.0,16.06,-11.37,-67.75,0.921,25.39,-0.37,0.32,9.69,0,0.0,0.0,0.0,0.0,0.0,0,-0.5,0.97,796.84,0.0,796.82,False,True,True,False,True,True,False,True,True,True,True,False,False,False,False,False,False,False,False,False,False,False,False,False
444107,STATE_INIT,9.813,-7.36,0.45,-2.89,-0.11,-1.17,9.21,0.06,0.06,0.0,16.06,-11.37,-67.75,0.921,25.39,-0.37,0.32,9.69,0,0.0,0.0,0.0,0.0,0.0,0,-0.5,0.97,796.84,0.0,796.82,False,True,True,False,True,True,False,True,True,True,True,False,False,False,False,False,False,False,False,False,False,False,False,False
444107,STATE_INIT,9.813,-7.36,0.45,-2.89,-0.11,-1.17,9.21,0.06,0.06,0.0,16.06,-11.37,-67.75,0.921,25.39,-0.37,0.32,9.69,0,0.0,0.0,0.0,0.0,0.0,0,-0.5,0.97,796.84,0.0,796.82,False,True,True,False,True,True,False,True,True,True,True,False,False,False,False,False,False,False,False,False,False,False,False,False
444208,STATE_INIT,9.813,-7.36,0.44,-2.89,-0.21,-1.16,9.27,0.81,0.93,-0.06,16.06,-11.68,-68.56,0.921,25.49,-0.42,0.35,9.63,0,0.0,0.0,0.0,0.0,0.0,0,-0.42,0.96,796.82,0.0,796.55,False,True,True,False,True,True,False,True,True,True,True,False,False,False,False,False,False,False,False,False,False,False,False,False
444208,STATE_INIT,9.813,-7.36,0.44,-2.89,-0.21,-1.16,9.27,0.81,0.93,-0.06,16.06,-11.68,-68.56,0.921,25.49,-0.42,0.35,9.63,0,0.0,0.0,0.0,0.0,0.0,0,-0.42,0.96,796.82,0.0,796.55,False,True,True,False,True,True,False,True,True,True,True,False,False,False,False,False,False,False,False,False,False,False,False,False
444208,STATE_INIT,9.813,-7.36,0.44,-2.89,-0.21,-1.16,9.27,0.81,0.93,-0.06,16.06,-11.68,-68.56,0.921,25.49,-0.42,0.35,9.63,0,0.0,0.0,0.0,0.0,0.0,0,-0.42,0.96,796.82,0.0,796.55,False,True,True,False,True,True,False,True,True,True,True,False,False,False,False,False,False,False,False,False,False,False,False,False
444208,STATE_INIT,9.813,-7.36,0.44,-2.89,-0.21,-1.16,9.27,0.81,0.93,-0.06,16.06,-11.68,-68.56,0.921,25.49,-0.42,0.35,9.63,0,0.0,0.0,0.0,0.0,0.0,0,-0.42,0.96,796.82,0.0,796.55,False,True,True,False,True,True,False,True,True,True,True,False,False,False,False,False,False,False,False,False,False,False,False,False
444407,STATE_INIT,9.813,-7.37,0.43,-2.89,-0.16,-1.16,9.22,-0.12,-0.25,0.06,15.37,-12.37,-69.37,0.921,25.39,-0.34,0.4,9.75,0,0.0,0.0,0.0,0.0,0.0,0,-0.49,0.98,796.78,-0.02,796.46,False,True,True,False,True,True,False,True,True,True,True,False,False,False,False,False,False,False,False,False,False,False,False,False
444407,STATE_INIT,9.813,-7.37,0.43,-2.89,-0.16,-1.16,9.22,-0.12,-0.25,0.06,15.37,-12.37,-69.37,0.921,25.39,-0.34,0.4,9.75,0,0.0,0.0,0.0,0.0,0.0,0,-0.49,0.98,796.78,-0.02,796.46,False,True,True,False,True,True,False,True,True,True,True,False,False,False,False,False,False,False,False,False,False,False,False,False
444607,STATE_INIT,9.805,-7.37,0.43,-2.89,-0.16,-1.16,9.26,0.18,0.0,-0.12,17.56,-11.68,-68.56,0.921,25.44,-0.37,0.33,9.61,0,0.0,0.0,0.0,0.0,0.0,0,-0.46,0.96,796.76,-0.03,796.64,False,True,True,False,True,True,False,True,True,True,True,False,False,False,False,False,False,False,False,False,False,False,False,False
444607,STATE_INIT,9.805,-7.37,0.43,-2.89,-0.16,-1.16,9.26,0.18,0.0,-0.12,17.56,-11.68,-68.56,0.921,25.44,-0.37,0.33,9.61,0,0.0,0.0,0.0,0.0,0.0,0,-0.46,0.96,796.76,-0.03,796.64,False,True,True,False,True,True,False,True,True,True,True,False,False,False,False,False,False,False,False,False,False,False,False,False
444607,STATE_INIT,9.805,-7.37,0.43,-2.89,-0.16,-1.16,9.26,0.18,0.0,-0.12,17.56,-11.68,-68.56,0.921,25.44,-0.37,0.33,9.61,0,0.0,0.0,0.0,0.0,0.0,0,-0.46,0.96,796.76,-0.03,796.64,False,True,True,False,True,True,False,True,True,True,True,False,False,False,False,False,False,False,False,False,False,False,False,False
444607,STATE_INIT,9.805,-7.37,0.43,-2.89,-0.16,-1.16,9.26,0.18,0.0,-0.12,17.56,-11.68,-68.56,0.921,25.44,-0.37,0.33,9.61,0,0.0,0.0,0.0,0.0,0.0,0,-0.46,0.96,796.76,-0.03,796.64,False,True,True,False,True,True,False,True,True,True,True,False,False,False,False,False,False,False,False,False,False,False,False,False
444907,STATE_INIT,9.798,-7.37,0.43,-2.89,-0.16,-1.16,9.27,0.0,0.06,0.06,16.37,-11.68,-68.56,0.921,25.39,-0.45,0.37,9.66,0,0.0,0.0,0.0,0.0,0.0,0,-0.45,0.97,796.72,-0.05,796.28,False,True,True,False,True,True,False,True,True,True,True,False,False,False,False,False,False,False,False,False,False,False,False,False
444907,STATE_INIT,9.798,-7.37,0.43,-2.89,-0.16,-1.16,9.27,0.0,0.06,0.06,16.37,-11.68,-68.56,0.921,25.39,-0.45,0.37,9.66,0,0.0,0.0,0.0,0.0,0.0,0,-0.45,0.97,796.72,-0.05,796.28,False,True,True,False,True,True,False,True,True,True,True,False,False,False,False,False,False,False,False,False,False,False,False,False
445306,STATE_INIT,9.821,-7.37,0.43,-2.89,-0.16,-1.16,9.27,-0.06,-0.06,-0.06,15.75,-12.37,-68.56,0.921,25.39,-0.3,0.35,9.66,0,0.0,0.0,0.0,0.0,0.0,0,-0.44,0.97,796.68,-0.06,796.55,False,True,True,False,True,True,False,True,True,True,True,False,False,False,False,False,False,False,False,False,False,False,False,False
445306,STATE_INIT,9.821,-7.37,0.43,-2.89,-0.16,-1.16,9.27,-0.06,-0.06,-0.06,15.75,-12.37,-68.56,0.921,25.39,-0.3,0.35,9.66,0,0.0,0.0,0.0,0.0,0.0,0,-0.44,0.97,796.68,-0.06,796.55,False,True,True,False,True,True,False,True,True,True,True,False,False,False,False,False,False,False,False,False,False,False,False,False
445306,STATE_INIT,9.821,-7.37,0.43,-2.89,-0.16,-1.16,9.27,-0.06,-0.06,-0.06,15.75,-12.37,-68.56,0.921,25.39,-0.3,0.35,9.66,0,0.0,0.0,0.0,0.0,0.0,0,-0.44,0.97,796.68,-0.06,796.55,False,True,True,False,True,True,False,True,True,True,True,False,False,False,False,False,False,False,False,False,False,False,False,False
445506,STATE_INIT,9.821,-7.37,0.43,-2.89,-0.16,-1.16,9.22,0.0,-0.12,0.0,15.37,-12.06,-69.0,0.921,25.55,-0.35,0.37,9.66,0,0.0,0.0,0.0,0.0,0.0,0,-0.49,0.97,796.67,-0.06,796.73,False,True,True,False,True,True,False,True,True,True,True,False,False,False,False,False,False,False,False,False,False,False,False,False
445506,STATE_INIT,9.821,-7.37,0.43,-2.89,-0.16,-1.16,9.22,0.0,-0.12,0.0,15.37,-12.06,-69.0,0.921,25.55,-0.35,0.37,9.66,0,0.0,0.0,0.0,0.0,0.0,0,-0.49,0.97,796.67,-0.06,796.73,False,True,True,False,True,True,False,True,True,True,True,False,False,False,False,False,False,False,False,False,False,False,False,False
445805,STATE_INIT,9.821,-7.37,0.43,-2.89,-0.15,-1.15,9.24,0.25,-0.06,-0.12,15.75,-11.37,-69.0,0.921,25.44,-0.34,0.25,9.71,0,0.0,0.0,0.0,0.0,0.0,0,-0.47,0.97,796.69,-0.05,796.91,False,True,True,False,True,True,False,True,True,True,True,False,False,False,False,False,False,False,False,False,False,False,False,False
445805,STATE_INIT,9.821,-7.37,0.43,-2.89,-0.15,-1.15,9.24,0.25,-0.06,-0.12,15.75,-11.37,-69.0,0.921,25.44,-0.34,0.25,9.71,0,0.0,0.0,0.0,0.0,0.0,0,-0.47,0.97,796.69,-0.05,796.91,False,True,True,False,True,True,False,True,True,True,True,False,False,False,False,False,False,False,False,False,False,False,False,False
445805,STATE_INIT,9.821,-7.37,0.43,-2.89,-0.15,-1.15,9.24,0.25,-0.06,-0.12,15.75,-11.37,-69.0,0.921,25.44,-0.34,0.25,9.71,0,0.0,0.0,0.0,0.0,0.0,0,-0.47,0.97,796.69,-0.05,796.91,False,True,True,False,True,True,False,True,True,True,True,False,False,False,False,False,False,False,False,False,False,False,False,False
446005,STATE_INIT,9.813,-7.37,0.43,-2.89,-0.16,-1.15,9.25,-0.06,-0.12,-0.12,15.37,-11.68,-68.56,0.921,25.65,-0.34,0.33,9.69,0,0.0,0.0,0.0,0.0,0.0,0,-0.46,0.97,796.69,-0.04,797.0,False,True,True,False,True,True,False,True,True,True,True,False,False,False,False,False,False,False,False,False,False,False,False,False
446005,STATE_INIT,9.813,-7.37,0.43,-2.89,-0.16,-1.15,9.25,-0.06,-0.12,-0.12,15.37,-11.68,-68.56,0.921,25.65,-0.34,0.33,9.69,0,0.0,0.0,0.0,0.0,0.0,0,-0.46,0.97,796.69,-0.04,797.0,False,True,True,False,True,True,False,True,True,True,True,False,False,False,False,False,False,False,False,False,False,False,False,False
446205,STATE_INIT,9.813,-7.37,0.43,-2.89,-0.16,-1.15,9.27,-0.06,-0.06,0.0,16.37,-11.68,-69.37,0.921,25.49,-0.42,0.3,9.6,0,0.0,0.0,0.0,0.0,0.0,0,-0.44,0.96,796.73,-0.02,796.55,False,True,True,False,True,True,False,True,True,True,True,False,False,False,False,False,False,False,False,False,False,False,False,False
446505,STATE_INIT,9.805,-7.37,0.43,-2.89,-0.15,-1.16,9.25,-0.12,-0.06,-0.18,16.06,-12.37,-69.37,0.921,25.49,-0.48,0.35,9.63,0,0.0,0.0,0.0,0.0,0.0,0,-0.46,0.96,796.77,0.0,796.82,False,True,True,False,True,True,False,True,True,True,True,False,False,False,False,False,False,False,False,False,False,False,False,False
446505,STATE_INIT,9.805,-7.37,0.43,-2.89,-0.15,-1.16,9.25,-0.12,-0.06,-0.18,16.06,-12.37,-69.37,0.921,25.49,-0.48,0.35,9.63,0,0.0,0.0,0.0,0.0,0.0,0,-0.46,0.96,796.77,0.0,796.82,False,True,True,False,True,True,False,True,True,True,True,False,False,False,False,False,False,False,False,False,False,False,False,False
446505,STATE_INIT,9.805,-7.37,0.43,-2.89,-0.15,-1.16,9.25,-0.12,-0.06,-0.18,16.06,-12.37,-69.37,0.921,25.49,-0.48,0.35,9.63,0,0.0,0.0,0.0,0.0,0.0,0,-0.46,0.96,796.77,0.0,796.82,False,True,True,False,True,True,False,True,True,True,True,False,False,False,False,False,False,False,False,False,False,False,False,False
446705,STATE_INIT,9.813,-7.37,0.43,-2.89,-0.16,-1.16,9.24,0.0,0.12,0.0,16.75,-11.0,-69.0,0.921,25.49,-0.34,0.32,9.69,0,0.0,0.0,0.0,0.0,0.0,0,-0.47,0.97,796.77,0.0,796.82,False,True,True,False,True,True,False,True,True,True,True,False,False,False,False,False,False,False,False,False,False,False,False,False
446705,STATE_INIT,9.813,-7.37,0.43,-2.89,-0.16,-1.16,9.24,0.0,0.12,0.0,16.75,-11.0,-69.0,0.921,25.49,-0.34,0.32,9.69,0,0.0,0.0,0.0,0.0,0.0,0,-0.47,0.97,796.77,0.0,796.82,False,True,True,False,True,True,False,True,True,True,True,False,False,False,False,False,False,False,False,False,False,False,False,False
446905,STATE_INIT,9.798,-7.37,0.43,-2.89,-0.16,-1.16,9.25,0.06,0.12,-0.06,16.37,-11.68,-69.37,0.921,25.55,-0.38,0.41,9.71,0,0.0,0.0,0.0,0.0,0.0,0,-0.46,0.97,796.76,0.0,796.64,False,True,True,False,True,True,False,True,True,True,True,False,False,False,False,False,False,False,False,False,False,False,False,False
447005,STATE_INIT,9.821,-7.37,0.43,-2.89,-0.16,-1.16,9.24,0.0,0.0,-0.06,15.37,-12.06,-68.56,0.921,25.39,-0.46,0.35,9.62,0,0.0,0.0,0.0,0.0,0.0,0,-0.47,0.96,796.74,-0.01,796.46,False,True,True,False,True,True,False,True,True,True,True,False,False,False,False,False,False,False,False,False,False,False,False,False
447005,STATE_INIT,9.821,-7.37,0.43,-2.89,-0.16,-1.16,9.24,0.0,0.0,-0.06,15.37,-12.06,-68.56,0.921,25.39,-0.46,0.35,9.62,0,0.0,0.0,0.0,0.0,0.0,0,-0.47,0.96,796.74,-0.01,796.46,False,True,True,False,True,True,False,True,True,True,True,False,False,False,False,False,False,False,False,False,False,False,False,False
447105,STATE_INIT,9.767,-7.37,0.43,-2.89,-0.15,-1.15,9.26,-0.12,-0.12,-0.06,15.0,-6.87,-73.37,0.921,25.44,-0.42,0.4,9.54,0,0.0,0.0,0.0,0.0,0.0,0,-0.45,0.96,796.75,-0.01,796.91,False,True,True,False,True,True,False,True,True,True,True,False,False,False,False,False,False,False,False,False,False,False,False,False
447105,STATE_INIT,9.767,-7.37,0.43,-2.89,-0.15,-1.15,9.26,-0.12,-0.12,-0.06,15.0,-6.87,-73.37,0.921,25.44,-0.42,0.4,9.54,0,0.0,0.0,0.0,0.0,0.0,0,-0.45,0.96,796.75,-0.01,796.91,False,True,True,False,True,True,False,True,True,True,True,False,False,False,False,False,False,False,False,False,False,False,False,False
447105,STATE_INIT,9.767,-7.37,0.43,-2.89,-0.15,-1.15,9.26,-0.12,-0.12,-0.06,15.0,-6.87,-73.37,0.921,25.44,-0.42,0.4,9.54,0,0.0,0.0,0.0,0.0,0.0,0,-0.45,0.96,796.75,-0.01,796.91,False,True,True,False,True,True,False,True,True,True,True,False,False,False,False,False,False,False,False,False,False,False,False,False
447405,STATE_INIT,9.821,-7.37,0.43,-2.89,-0.15,-1.16,9.27,0.0,0.12,-0.12,16.37,-11.37,-68.25,0.921,25.49,-0.4,0.33,9.62,0,0.0,0.0,0.0,0.0,0.0,0,-0.46,0.96,796.76,-0.01,796.37,False,True,True,False,True,True,False,True,True,True,True,False,False,False,False,False,False,False,False,False,False,False,False,False
447405,STATE_INIT,9.821,-7.37,0.43,-2.89,-0.15,-1.16,9.27,0.0,0.12,-0.12,16.37,-11.37,-68.25,0.921,25.49,-0.4,0.33,9.62,0,0.0,0.0,0.0,0.0,0.0,0,-0.46,0.96,796.76,-0.01,796.37,False,True,True,False,True,True,False,True,True,True,True,False,False,False,False,False,False,False,False,False,False,False,False,False
447405,STATE_INIT,9.821,-7.37,0.43,-2.89,-0.15,-1.16,9.27,0.0,0.12,-0.12,16.37,-11.37,-68.25,0.921,25.49,-0.4,0.33,9.62,0,0.0,0.0,0.0,0.0,0.0,0,-0.46,0.96,796.76,-0.01,796.37,False,True,True,False,True,True,False,True,True,True,True,False,False,False,False,False,False,False,False,False,False,False,False,False
447605,STATE_INIT,9.821,-7.37,0.43,-2.89,-0.17,-1.16,9.25,0.0,-0.18,0.06,16.06,-11.68,-68.25,0.921,25.44,-0.45,0.44,9.62,0,0.0,0.0,0.0,0.0,0.0,0,-0.46,0.96,796.77,0.0,797.0,False,True,True,False,True,True,False,True,True,True,True,False,False,False,False,False,False,False,False,False,False,False,False,False
447806,STATE_INIT,9.813,-7.37,0.43,-2.89,-0.16,-1.16,9.24,0.18,0.18,0.0,15.37,-12.06,-69.0,0.921,25.49,-0.46,0.38,9.55,0,0.0,0.0,0.0,0.0,0.0,0,-0.47,0.96,796.76,0.0,797.0,False,True,True,False,True,True,False,True,True,True,True,False,False,False,False,False,False,False,False,False,False,False,False,False
447806,STATE_INIT,9.813,-7.37,0.43,-2.89,-0.16,-1.16,9.24,0.18,0.18,0.0,15.37,-12.06,-69.0,0.921,25.49,-0.46,0.38,9.55,0,0.0,0.0,0.0,0.0,0.0,0,-0.47,0.96,796.76,0.0,797.0,False,True,True,False,True,True,False,True,True,True,True,False,False,False,False,False,False,False,False,False,False,False,False,False
447806,STATE_INIT,9.813,-7.37,0.43,-2.89,-0.16,-1.16,9.24,0.18,0.18,0.0,15.37,-12.06,-69.0,0.921,25.49,-0.46,0.38,9.55,0,0.0,0.0,0.0,0.0,0.0,0,-0.47,0.96,796.76,0.0,797.0,False,True,True,False,True,True,False,True,True,True,True,False,False,False,False,False,False,False,False,False,False,False,False,False
447905,STATE_INIT,9.805,-7.37,0.43,-2.89,-0.17,-1.15,9.24,-0.06,-0.18,-0.06,16.37,-12.06,-67.37,0.921,25.49,-0.4,0.32,9.6,0,0.0,0.0,0.0,0.0,0.0,0,-0.49,0.96,796.77,0.0,797.0,False,True,True,False,True,True,False,True,True,True,True,False,False,False,False,False,False,False,False,False,False,False,False,False
447905,STATE_INIT,9.805,-7.37,0.43,-2.89,-0.17,-1.15,9.24,-0.06,-0.18,-0.06,16.37,-12.06,-67.37,0.921,25.49,-0.4,0.32,9.6,0,0.0,0.0,0.0,0.0,0.0,0,-0.49,0.96,796.77,0.0,797.0,False,True,True,False,True,True,False,True,True,True,True,False,False,False,False,False,False,False,False,False,False,False,False,False
448105,STATE_INIT,9.821,-7.37,0.43,-2.89,-0.15,-1.16,9.26,0.18,0.18,0.0,15.37,-12.06,-67.37,0.921,25.55,-0.42,0.33,9.57,0,0.0,0.0,0.0,0.0,0.0,0,-0.47,0.96,796.8,0.01,796.64,False,True,True,False,True,True,False,True,True,True,True,False,False,False,False,False,False,False,False,False,False,False,False,False
448306,STATE_INIT,9.805,-7.37,0.43,-2.89,-0.2,-1.16,9.27,-0.06,0.12,0.0,16.75,-11.68,-68.56,0.921,25.39,-0.4,0.3,9.55,0,0.0,0.0,0.0,0.0,0.0,0,-0.43,0.96,796.82,0.01,796.73,False,True,True,False,True,True,False,True,True,True,True,False,False,False,False,False,False,False,False,False,False,False,False,False
448306,STATE_INIT,9.805,-7.37,0.43,-2.89,-0.2,-1.16,9.27,-0.06,0.12,0.0,16.75,-11.68,-68.56,0.921,25.39,-0.4,0.3,9.55,0,0.0,0.0,0.0,0.0,0.0,0,-0.43,0.96,796.82,0.01,796.73,False,True,True,False,True,True,False,True,True,True,True,False,False,False,False,False,False,False,False,False,False,False,False,False
448306,STATE_INIT,9.805,-7.37,0.43,-2.89,-0.2,-1.16,9.27,-0.06,0.12,0.0,16.75,-11.68,-68.56,0.921,25.39,-0.4,0.3,9.55,0,0.0,0.0,0.0,0.0,0.0,0,-0.43,0.96,796.82,0.01,796.73,False,True,True,False,True,True,False,True,True,True,True,False,False,False,False,False,False,False,False,False,False,False,False,False
448306,STATE_INIT,9.805,-7.37,0.43,-2.89,-0.2,-1.16,9.27,-0.06,0.12,0.0,16.75,-11.68,-68.56,0.921,25.39,-0.4,0.3,9.55,0,0.0,0.0,0.0,0.0,0.0,0,-0.43,0.96,796.82,0.01,796.73,False,True,True,False,True,True,False,True,True,True,True,False,False,False,False,False,False,False,False,False,False,False,False,False
448605,STATE_INIT,9.821,-7.37,0.43,-2.89,-0.16,-1.16,9.24,-0.12,-0.18,0.06,15.75,-12.06,-67.75,0.921,25.49,-0.46,0.32,9.61,0,0.0,0.0,0.0,0.0,0.0,0,-0.45,0.96,796.8,0.0,796.73,False,True,True,False,True,True,False,True,True,True,True,False,False,False,False,False,False,False,False,False,False,False,False,False
448605,STATE_INIT,9.821,-7.37,0.43,-2.89,-0.16,-1.16,9.24,-0.12,-0.18,0.06,15.75,-12.06,-67.75,0.921,25.49,-0.46,0.32,9.61,0,0.0,0.0,0.0,0.0,0.0,0,-0.45,0.96,796.8,0.0,796.73,False,True,True,False,True,True,False,True,True,True,True,False,False,False,False,False,False,False,False,False,False,False,False,False
448605,STATE_INIT,9.821,-7.37,0.43,-2.89,-0.16,-1.16,9.24,-0.12,-0.18,0.06,15.75,-12.06,-67.75,0.921,25.49,-0.46,0.32,9.61,0,0.0,0.0,0.0,0.0,0.0,0,-0.45,0.96,796.8,0.0,796.73,False,True,True,False,True,True,False,True,True,True,True,False,False,False,False,False,False,False,False,False,False,False,False,False
448805,STATE_INIT,9.821,-7.37,0.43,-2.89,-0.16,-1.16,9.24,0.0,-0.06,0.06,15.75,-11.68,-69.37,0.921,25.44,-0.45,0.38,9.72,0,0.0,0.0,0.0,0.0,0.0,0,-0.46,0.97,796.79,0.0,796.73,False,True,True,False,True,True,False,True,True,True,True,False,False,False,False,False,False,False,False,False,False,False,False,False
448805,STATE_INIT,9.821,-7.37,0.43,-2.89,-0.16,-1.16,9.24,0.0,-0.06,0.06,15.75,-11.68,-69.37,0.921,25.44,-0.45,0.38,9.72,0,0.0,0.0,0.0,0.0,0.0,0,-0.46,0.97,796.79,0.0,796.73,False,True,True,False,True,True,False,True,True,True,True,False,False,False,False,False,False,False,False,False,False,False,False,False
448805,STATE_INIT,9.821,-7.37,0.43,-2.89,-0.16,-1.16,9.24,0.0,-0.06,0.06,15.75,-11.68,-69.37,0.921,25.44,-0.45,0.38,9.72,0,0.0,0.0,0.0,0.0,0.0,0,-0.46,0.97,796.79,0.0,796.73,False,True,True,False,True,True,False,True,True,True,True,False,False,False,False,False,False,False,False,False,False,False,False,False
448805,STATE_INIT,9.821,-7.37,0.43,-2.89,-0.16,-1.16,9.24,0.0,-0.06,0.06,15.75,-11.68,-69.37,0.921,25.44,-0.45,0.38,9.72,0,0.0,0.0,0.0,0.0,0.0,0,-0.46,0.97,796.79,0.0,796.73,False,True,True,False,True,True,False,True,True,True,True,False,False,False,False,False,False,False,False,False,False,False,False,False
449206,STATE_INIT,9.805,-7.37,0.43,-2.89,-0.16,-1.16,9.24,0.12,0.25,0.0,16.75,-12.06,-68.25,0.921,25.44,-0.43,0.46,9.62,0,0.0,0.0,0.0,0.0,0.0,0,-0.47,0.96,796.81,0.01,796.73,False,True,True,False,True,True,False,True,True,True,True,False,False,False,False,False,False,False,False,False,False,False,False,False
449206,STATE_INIT,9.805,-7.37,0.43,-2.89,-0.16,-1.16,9.24,0.12,0.25,0.0,16.75,-12.06,-68.25,0.921,25.44,-0.43,0.46,9.62,0,0.0,0.0,0.0,0.0,0.0,0,-0.47,0.96,796.81,0.01,796.73,False,True,True,False,True,True,False,True,True,True,True,False,False,False,False,False,False,False,False,False,False,False,False,False
449505,STATE_INIT,9.821,-7.37,0.43,-2.89,-0.21,-1.16,9.25,0.06,-0.06,0.0,16.06,-11.37,-67.75,0.921,25.44,-0.45,0.38,9.55,0,0.0,0.0,0.0,0.0,0.0,0,-0.47,0.96,796.82,0.02,797.0,False,True,True,False,True,True,False,True,True,True,True,False,False,False,False,False,False,False,False,False,False,False,False,False
449505,STATE_INIT,9.821,-7.37,0.43,-2.89,-0.21,-1.16,9.25,0.06,-0.06,0.0,16.06,-11.37,-67.75,0.921,25.44,-0.45,0.38,9.55,0,0.0,0.0,0.0,0.0,0.0,0,-0.47,0.96,796.82,0.02,797.0,False,True,True,False,True,True,False,True,True,True,True,False,False,False,False,False,False,False,False,False,False,False,False,False
449705,STATE_INIT,9.805,-7.37,0.43,-2.89,-0.18,-1.16,9.25,0.0,-0.12,-0.06,16.06,-11.37,-68.25,0.921,25.49,-0.37,0.44,9.57,0,0.0,0.0,0.0,0.0,0.0,0,-0.47,0.96,796.83,0.02,796.82,False,True,True,False,True,True,False,True,True,True,True,False,False,False,False,False,False,False,False,False,False,False,False,False
449705,STATE_INIT,9.805,-7.37,0.43,-2.89,-0.18,-1.16,9.25,0.0,-0.12,-0.06,16.06,-11.37,-68.25,0.921,25.49,-0.37,0.44,9.57,0,0.0,0.0,0.0,0.0,0.0,0,-0.47,0.96,796.83,0.02,796.82,False,True,True,False,True,True,False,True,True,True,True,False,False,False,False,False,False,False,False,False,False,False,False,False
449705,STATE_INIT,9.805,-7.37,0.43,-2.89,-0.18,-1.16,9.25,0.0,-0.12,-0.06,16.06,-11.37,-68.25,0.921,25.49,-0.37,0.44,9.57,0,0.0,0.0,0.0,0.0,0.0,0,-0.47,0.96,796.83,0.02,796.82,False,True,True,False,True,True,False,True,True,True,True,False,False,False,False,False,False,False,False,False,False,False,False,False
449905,STATE_INIT,9.821,-7.37,0.43,-2.89,-0.2,-1.16,9.22,0.06,0.12,0.0,15.75,-12.37,-69.06,0.921,25.39,-0.42,0.41,9.68,0,0.0,0.0,0.0,0.0,0.0,0,-0.49,0.97,796.86,0.03,796.37,False,True,True,False,True,True,False,True,True,True,True,False,False,False,False,False,False,False,False,False,False,False,False,False
449905,STATE_INIT,9.821,-7.37,0.43,-2.89,-0.2,-1.16,9.22,0.06,0.12,0.0,15.75,-12.37,-69.06,0.921,25.39,-0.42,0.41,9.68,0,0.0,0.0,0.0,0.0,0.0,0,-0.49,0.97,796.86,0.03,796.37,False,True,True,False,True,True,False,True,True,True,True,False,False,False,False,False,False,False,False,False,False,False,False,False
450205,STATE_INIT,9.813,-7.37,0.43,-2.89,-0.17,-1.15,9.24,-0.06,-0.12,-0.06,16.06,-11.68,-68.25,0.921,25.55,-0.4,0.46,9.61,0,0.0,0.0,0.0,0.0,0.0,0,-0.47,0.96,796.85,0.02,797.0,False,True,True,False,True,True,False,True,True,True,True,False,False,False,False,False,False,False,False,False,False,False,False,False
450405,STATE_INIT,9.813,-7.37,0.43,-2.89,-0.18,-1.16,9.25,0.06,-0.12,0.12,16.37,-11.0,-68.56,0.921,25.44,-0.3,0.3,9.66,0,0.0,0.0,0.0,0.0,0.0,0,-0.46,0.97,796.84,0.01,796.73,False,True,True,False,True,True,False,True,True,True,True,False,False,False,False,False,False,False,False,False,False,False,False,False
450405,STATE_INIT,9.813,-7.37,0.43,-2.89,-0.18,-1.16,9.25,0.06,-0.12,0.12,16.37,-11.0,-68.56,0.921,25.44,-0.3,0.3,9.66,0,0.0,0.0,0.0,0.0,0.0,0,-0.46,0.97,796.84,0.01,796.73,False,True,True,False,True,True,False,True,True,True,True,False,False,False,False,False,False,False,False,False,False,False,False,False
450605,STATE_INIT,9.767,-7.37,0.43,-2.89,-0.18,-1.16,9.25,0.06,0.0,0.0,15.75,-7.25,-74.06,0.921,25.49,-0.38,0.28,9.61,0,0.0,0.0,0.0,0.0,0.0,0,-0.46,0.96,796.84,0.02,797.0,False,True,True,False,True,True,False,True,True,True,True,False,False,False,False,False,False,False,False,False,False,False,False,False
450705,STATE_INIT,9.813,-7.37,0.43,-2.89,-0.16,-1.16,9.27,0.06,0.12,-0.06,15.0,-11.0,-68.25,0.921,25.44,-0.37,0.38,9.6,0,0.0,0.0,0.0,0.0,0.0,0,-0.45,0.96,796.82,0.01,796.64,False,True,True,False,True,True,False,True,True,True,True,False,False,False,False,False,False,False,False,False,False,False,False,False
450905,STATE_INIT,9.813,-7.37,0.43,-2.89,-0.15,-1.16,9.22,-0.06,0.0,-0.18,15.75,-11.68,-68.25,0.921,25.39,-0.29,0.37,9.61,0,0.0,0.0,0.0,0.0,0.0,0,-0.49,0.96,796.82,0.0,796.64,False,True,True,False,True,True,False,True,True,True,True,False,False,False,False,False,False,False,False,False,False,False,False,False
450905,STATE_INIT,9.813,-7.37,0.43,-2.89,-0.15,-1.16,9.22,-0.06,0.0,-0.18,15.75,-11.68,-68.25,0.921,25.39,-0.29,0.37,9.61,0,0.0,0.0,0.0,0.0,0.0,0,-0.49,0.96,796.82,0.0,796.64,False,True,True,False,True,True,False,True,True,True,True,False,False,False,False,False,False,False,False,False,False,False,False,False
451305,STATE_INIT,9.805,-7.37,0.43,-2.89,-0.19,-1.16,9.26,-0.12,-0.18,-0.12,16.06,-12.06,-68.25,0.921,25.49,-0.32,0.3,9.62,0,0.0,0.0,0.0,0.0,0.0,0,-0.46,0.96,796.81,0.0,797.09,False,True,True,False,True,True,False,True,True,True,True,False,False,False,False,False,False,False,False,False,False,False,False,False
451305,STATE_INIT,9.805,-7.37,0.43,-2.89,-0.19,-1.16,9.26,-0.12,-0.18,-0.12,16.06,-12.06,-68.25,0.921,25.49,-0.32,0.3,9.62,0,0.0,0.0,0.0,0.0,0.0,0,-0.46,0.96,796.81,0.0,797.09,False,True,True,False,True,True,False,True,True,True,True,False,False,False,False,False,False,False,False,False,False,False,False,False
451605,STATE_INIT,9.813,-7.37,0.43,-2.89,-0.18,-1.16,9.22,0.0,0.0,0.0,16.75,-11.68,-69.37,0.921,25.49,-0.34,0.27,9.53,0,0.0,0.0,0.0,0.0,0.0,0,-0.48,0.96,796.82,0.0,796.55,False,True,True,False,True,True,False,True,True,True,True,False,False,False,False,False,False,False,False,False,False,False,False,False
451605,STATE_INIT,9.813,-7.37,0.43,-2.89,-0.18,-1.16,9.22,0.0,0.0,0.0,16.75,-11.68,-69.37,0.921,25.49,-0.34,0.27,9.53,0,0.0,0.0,0.0,0.0,0.0,0,-0.48,0.96,796.82,0.0,796.55,False,True,True,False,True,True,False,True,True,True,True,False,False,False,False,False,False,False,False,False,False,False,False,False
451805,STATE_INIT,9.813,-7.37,0.43,-2.89,-0.18,-1.14,9.22,-0.06,-0.37,-0.06,15.75,-11.68,-68.56,0.921,25.49,-0.34,0.4,9.69,0,0.0,0.0,0.0,0.0,0.0,0,-0.5,0.97,796.83,0.01,796.64,False,True,True,False,True,True,False,True,True,True,True,False,False,False,False,False,False,False,False,False,False,False,False,False
452005,STATE_INIT,9.813,-7.33,0.38,-2.88,-0.21,-1.14,9.26,0.62,0.56,-0.12,10.06,-9.75,-40.06,0.921,25.49,-0.27,0.33,9.68,0,0.0,0.0,0.0,0.0,0.0,0,-0.46,0.97,796.83,0.0,796.91,False,True,True,False,True,True,False,True,True,True,True,False,False,False,False,False,False,False,False,False,False,False,False,False
452005,STATE_INIT,9.813,-7.33,0.38,-2.88,-0.21,-1.14,9.26,0.62,0.56,-0.12,10.06,-9.75,-40.06,0.921,25.49,-0.27,0.33,9.68,0,0.0,0.0,0.0,0.0,0.0,0,-0.46,0.97,796.83,0.0,796.91,False,True,True,False,True,True,False,True,True,True,True,False,False,False,False,False,False,False,False,False,False,False,False,False
452005,STATE_INIT,9.813,-7.33,0.38,-2.88,-0.21,-1.14,9.26,0.62,0.56,-0.12,10.06,-9.75,-40.06,0.921,25.49,-0.27,0.33,9.68,0,0.0,0.0,0.0,0.0,0.0,0,-0.46,0.97,796.83,0.0,796.91,False,True,True,False,True,True,False,True,True,True,True,False,False,False,False,False,False,False,False,False,False,False,False,False
452005,STATE_INIT,9.813,-7.33,0.38,-2.88,-0.21,-1.14,9.26,0.62,0.56,-0.12,10.06,-9.75,-40.06,0.921,25.49,-0.27,0.33,9.68,0,0.0,0.0,0.0,0.0,0.0,0,-0.46,0.97,796.83,0.0,796.91,False,True,True,False,True,True,False,True,True,True,True,False,False,False,False,False,False,False,False,False,False,False,False,False
452005,STATE_INIT,9.813,-7.33,0.38,-2.88,-0.21,-1.14,9.26,0.62,0.56,-0.12,10.06,-9.75,-40.06,0.921,25.49,-0.27,0.33,9.68,0,0.0,0.0,0.0,0.0,0.0,0,-0.46,0.97,796.83,0.0,796.91,False,True,True,False,True,True,False,True,True,True,True,False,False,False,False,False,False,False,False,False,False,False,False,False
452005,STATE_INIT,9.813,-7.33,0.38,-2.88,-0.21,-1.14,9.26,0.62,0.56,-0.12,10.06,-9.75,-40.06,0.921,25.49,-0.27,0.33,9.68,0,0.0,0.0,0.0,0.0,0.0,0,-0.46,0.97,796.83,0.0,796.91,False,True,True,False,True,True,False,True,True,True,True,False,False,False,False,False,False,False,False,False,False,False,False,False
452105,STATE_INIT,9.821,-7.33,0.38,-2.88,-0.17,-1.15,9.22,-0.68,-0.93,-0.06,9.37,-9.37,-39.37,0.921,25.49,-0.3,0.4,9.65,0,0.0,0.0,0.0,0.0,0.0,0,-0.49,0.97,796.83,0.0,797.18,False,True,True,False,True,True,False,True,True,True,True,False,False,False,False,False,False,False,False,False,False,False,False,False
452305,STATE_INIT,9.813,-7.33,0.36,-2.88,-0.17,-1.16,9.26,0.25,0.12,0.06,9.75,-8.68,-38.5,0.921,25.49,-0.43,0.32,9.6,0,0.0,0.0,0.0,0.0,0.0,0,-0.46,0.96,796.82,0.0,797.0,False,True,True,False,True,True,False,True,True,True,True,False,False,False,False,False,False,False,False,False,False,False,False,False
452500,STATE_INIT,9.805,-7.33,0.36,-2.88,-0.16,-1.16,9.25,0.0,-0.25,-0.06,9.37,-9.37,-40.87,0.921,25.44,-0.4,0.35,9.6,0,0.0,0.0,0.0,0.0,0.0,0,-0.47,0.96,796.73,-0.04,797.0,False,True,True,False,True,True,False,True,True,True,True,False,False,False,False,False,False,False,False,False,False,False,False,False
452500,STATE_INIT,9.805,-7.33,0.36,-2.88,-0.16,-1.16,9.25,0.0,-0.25,-0.06,9.37,-9.37,-40.87,0.921,25.44,-0.4,0.35,9.6,0,0.0,0.0,0.0,0.0,0.0,0,-0.47,0.96,796.73,-0.04,797.0,False,True,True,False,True,True,False,True,True,True,True,False,False,False,False,False,False,False,False,False,False,False,False,False
452500,STATE_INIT,9.805,-7.33,0.36,-2.88,-0.16,-1.16,9.25,0.0,-0.25,-0.06,9.37,-9.37,-40.87,0.921,25.44,-0.4,0.35,9.6,0,0.0,0.0,0.0,0.0,0.0,0,-0.47,0.96,796.73,-0.04,797.0,False,True,True,False,True,True,False,True,True,True,True,False,False,False,False,False,False,False,False,False,False,False,False,False
452500,STATE_INIT,9.805,-7.33,0.36,-2.88,-0.16,-1.16,9.25,0.0,-0.25,-0.06,9.37,-9.37,-40.87,0.921,25.44,-0.4,0.35,9.6,0,0.0,0.0,0.0,0.0,0.0,0,-0.47,0.96,796.73,-0.04,797.0,False,True,True,False,True,True,False,True,True,True,True,False,False,False,False,False,False,False,False,False,False,False,False,False
452500,STATE_INIT,9.805,-7.33,0.36,-2.88,-0.16,-1.16,9.25,0.0,-0.25,-0.06,9.37,-9.37,-40.87,0.921,25.44,-0.4,0.35,9.6,0,0.0,0.0,0.0,0.0,0.0,0,-0.47,0.96,796.73,-0.04,797.0,False,True,True,False,True,True,False,True,True,True,True,False,False,False,False,False,False,False,False,False,False,False,False,False
452800,STATE_INIT,9.805,-7.33,0.36,-2.88,-0.16,-1.16,9.28,-0.12,0.06,0.12,10.37,-9.37,-39.37,0.921,25.44,-0.4,0.33,9.75,0,0.0,0.0,0.0,0.0,0.0,0,-0.44,0.98,796.82,0.0,797.27,False,True,True,False,True,True,False,True,True,True,True,False,False,False,False,False,False,False,False,False,False,False,False,False
452800,STATE_INIT,9.805,-7.33,0.36,-2.88,-0.16,-1.16,9.28,-0.12,0.06,0.12,10.37,-9.37,-39.37,0.921,25.44,-0.4,0.33,9.75,0,0.0,0.0,0.0,0.0,0.0,0,-0.44,0.98,796.82,0.0,797.27,False,True,True,False,True,True,False,True,True,True,True,False,False,False,False,False,False,False,False,False,False,False,False,False
19573,STATE_INIT,9.813,0.0,0.0,0.0,0.0,0.0,0.0,0.0,0.0,0.0,0.0,0.0,0.0,0.921,25.44,-0.4,0.37,9.61,0,0.0,0.0,0.0,0.0,0.0,0,0.0,0.0,0.0,0.0,796.73,False,True,True,False,True,True,False,True,True,True,True,False,False,False,False,False,False,False,False,False,False,False,False,False
19573,STATE_INIT,9.813,0.0,0.0,0.0,0.0,0.0,0.0,0.0,0.0,0.0,0.0,0.0,0.0,0.921,25.44,-0.4,0.37,9.61,0,0.0,0.0,0.0,0.0,0.0,0,0.0,0.0,0.0,0.0,796.73,False,True,True,False,True,True,False,True,True,True,True,False,False,False,False,False,False,False,False,False,False,False,False,False
19573,STATE_INIT,9.813,0.0,0.0,0.0,0.0,0.0,0.0,0.0,0.0,0.0,0.0,0.0,0.0,0.921,25.44,-0.4,0.37,9.61,0,0.0,0.0,0.0,0.0,0.0,0,0.0,0.0,0.0,0.0,796.73,False,True,True,False,True,True,False,True,True,True,True,False,False,False,False,False,False,False,False,False,False,False,False,False
19573,STATE_INIT,9.813,0.0,0.0,0.0,0.0,0.0,0.0,0.0,0.0,0.0,0.0,0.0,0.0,0.921,25.44,-0.4,0.37,9.61,0,0.0,0.0,0.0,0.0,0.0,0,0.0,0.0,0.0,0.0,796.73,False,True,True,False,True,True,False,True,True,True,True,False,False,False,False,False,False,False,False,False,False,False,False,False
19573,STATE_INIT,9.813,0.0,0.0,0.0,0.0,0.0,0.0,0.0,0.0,0.0,0.0,0.0,0.0,0.921,25.44,-0.4,0.37,9.61,0,0.0,0.0,0.0,0.0,0.0,0,0.0,0.0,0.0,0.0,796.73,False,True,True,False,True,True,False,True,True,True,True,False,False,False,False,False,False,False,False,False,False,False,False,False
19573,STATE_INIT,9.813,0.0,0.0,0.0,0.0,0.0,0.0,0.0,0.0,0.0,0.0,0.0,0.0,0.921,25.44,-0.4,0.37,9.61,0,0.0,0.0,0.0,0.0,0.0,0,0.0,0.0,0.0,0.0,796.73,False,True,True,False,True,True,False,True,True,True,True,False,False,False,False,False,False,False,False,False,False,False,False,False
19573,STATE_INIT,9.813,0.0,0.0,0.0,0.0,0.0,0.0,0.0,0.0,0.0,0.0,0.0,0.0,0.921,25.44,-0.4,0.37,9.61,0,0.0,0.0,0.0,0.0,0.0,0,0.0,0.0,0.0,0.0,796.73,False,True,True,False,True,True,False,True,True,True,True,False,False,False,False,False,False,False,False,False,False,False,False,False
19573,STATE_INIT,9.813,0.0,0.0,0.0,0.0,0.0,0.0,0.0,0.0,0.0,0.0,0.0,0.0,0.921,25.44,-0.4,0.37,9.61,0,0.0,0.0,0.0,0.0,0.0,0,0.0,0.0,0.0,0.0,796.73,False,True,True,False,True,True,False,True,True,True,True,False,False,False,False,False,False,False,False,False,False,False,False,False
19573,STATE_INIT,9.813,0.0,0.0,0.0,0.0,0.0,0.0,0.0,0.0,0.0,0.0,0.0,0.0,0.921,25.44,-0.4,0.37,9.61,0,0.0,0.0,0.0,0.0,0.0,0,0.0,0.0,0.0,0.0,796.73,False,True,True,False,True,True,False,True,True,True,True,False,False,False,False,False,False,False,False,False,False,False,False,False
19573,STATE_INIT,9.813,0.0,0.0,0.0,0.0,0.0,0.0,0.0,0.0,0.0,0.0,0.0,0.0,0.921,25.44,-0.4,0.37,9.61,0,0.0,0.0,0.0,0.0,0.0,0,0.0,0.0,0.0,0.0,796.73,False,True,True,False,True,True,False,True,True,True,True,False,False,False,False,False,False,False,False,False,False,False,False,False
19775,STATE_INIT,9.844,0.0,0.0,0.0,0.0,0.0,0.0,0.0,0.0,0.0,0.0,0.0,0.0,0.921,25.44,-0.29,0.28,9.58,0,0.0,0.0,0.0,0.0,0.0,0,0.0,0.0,0.0,0.0,797.54,False,True,True,False,True,True,False,True,True,True,True,False,False,False,False,False,False,False,False,False,False,False,False,False
20080,STATE_INIT,9.805,0.0,0.0,0.0,0.0,0.0,0.0,0.0,0.0,0.0,0.0,0.0,0.0,0.921,25.49,-0.34,0.4,9.67,0,0.0,0.0,0.0,0.0,0.0,0,0.0,0.0,0.0,0.0,797.18,False,True,True,False,True,True,False,True,True,True,True,False,False,False,False,False,False,False,False,False,False,False,False,False
20080,STATE_INIT,9.805,0.0,0.0,0.0,0.0,0.0,0.0,0.0,0.0,0.0,0.0,0.0,0.0,0.921,25.49,-0.34,0.4,9.67,0,0.0,0.0,0.0,0.0,0.0,0,0.0,0.0,0.0,0.0,797.18,False,True,True,False,True,True,False,True,True,True,True,False,False,False,False,False,False,False,False,False,False,False,False,False
20486,STATE_INIT,9.828,0.0,0.0,0.0,0.0,0.0,0.0,0.0,0.0,0.0,0.0,0.0,0.0,0.921,25.55,-0.42,0.41,9.63,0,0.0,0.0,0.0,0.0,0.0,0,0.0,0.0,0.0,0.0,796.91,False,True,True,False,True,True,False,True,True,True,True,False,False,False,False,False,False,False,False,False,False,False,False,False
20486,STATE_INIT,9.828,0.0,0.0,0.0,0.0,0.0,0.0,0.0,0.0,0.0,0.0,0.0,0.0,0.921,25.55,-0.42,0.41,9.63,0,0.0,0.0,0.0,0.0,0.0,0,0.0,0.0,0.0,0.0,796.91,False,True,True,False,True,True,False,True,True,True,True,False,False,False,False,False,False,False,False,False,False,False,False,False
20486,STATE_INIT,9.828,0.0,0.0,0.0,0.0,0.0,0.0,0.0,0.0,0.0,0.0,0.0,0.0,0.921,25.55,-0.42,0.41,9.63,0,0.0,0.0,0.0,0.0,0.0,0,0.0,0.0,0.0,0.0,796.91,False,True,True,False,True,True,False,True,True,True,True,False,False,False,False,False,False,False,False,False,False,False,False,False
20486,STATE_INIT,9.828,0.0,0.0,0.0,0.0,0.0,0.0,0.0,0.0,0.0,0.0,0.0,0.0,0.921,25.55,-0.42,0.41,9.63,0,0.0,0.0,0.0,0.0,0.0,0,0.0,0.0,0.0,0.0,796.91,False,True,True,False,True,True,False,True,True,True,True,False,False,False,False,False,False,False,False,False,False,False,False,False
20689,STATE_INIT,9.828,0.0,0.0,0.0,0.0,0.0,0.0,0.0,0.0,0.0,0.0,0.0,0.0,0.921,25.39,-0.4,0.4,9.62,0,0.0,0.0,0.0,0.0,0.0,0,0.0,0.0,0.0,0.0,797.18,False,True,True,False,True,True,False,True,True,True,True,False,False,False,False,False,False,False,False,False,False,False,False,False
20689,STATE_INIT,9.828,0.0,0.0,0.0,0.0,0.0,0.0,0.0,0.0,0.0,0.0,0.0,0.0,0.921,25.39,-0.4,0.4,9.62,0,0.0,0.0,0.0,0.0,0.0,0,0.0,0.0,0.0,0.0,797.18,False,True,True,False,True,True,False,True,True,True,True,False,False,False,False,False,False,False,False,False,False,False,False,False
20994,STATE_INIT,9.813,0.0,0.0,0.0,0.0,0.0,0.0,0.0,0.0,0.0,0.0,0.0,0.0,0.921,25.34,-0.43,0.44,9.73,0,0.0,0.0,0.0,0.0,0.0,0,0.0,0.0,0.0,0.0,797.27,False,True,True,False,True,True,False,True,True,True,True,False,False,False,False,False,False,False,False,False,False,False,False,False
20994,STATE_INIT,9.813,0.0,0.0,0.0,0.0,0.0,0.0,0.0,0.0,0.0,0.0,0.0,0.0,0.921,25.34,-0.43,0.44,9.73,0,0.0,0.0,0.0,0.0,0.0,0,0.0,0.0,0.0,0.0,797.27,False,True,True,False,True,True,False,True,True,True,True,False,False,False,False,False,False,False,False,False,False,False,False,False
21197,STATE_INIT,9.805,0.0,0.0,0.0,0.0,0.0,0.0,0.0,0.0,0.0,0.0,0.0,0.0,0.921,25.55,-0.43,0.33,9.81,0,0.0,0.0,0.0,0.0,0.0,0,0.0,0.0,0.0,0.0,797.72,False,True,True,False,True,True,False,True,True,True,True,False,False,False,False,False,False,False,False,False,False,False,False,False
21197,STATE_INIT,9.805,0.0,0.0,0.0,0.0,0.0,0.0,0.0,0.0,0.0,0.0,0.0,0.0,0.921,25.55,-0.43,0.33,9.81,0,0.0,0.0,0.0,0.0,0.0,0,0.0,0.0,0.0,0.0,797.72,False,True,True,False,True,True,False,True,True,True,True,False,False,False,False,False,False,False,False,False,False,False,False,False
21401,STATE_INIT,9.805,0.0,0.0,0.0,0.0,0.0,0.0,0.0,0.0,0.0,0.0,0.0,0.0,0.921,25.49,-0.37,0.37,9.59,0,0.0,0.0,0.0,0.0,0.0,0,0.0,0.0,0.0,0.0,797.36,False,True,True,False,True,True,False,True,True,True,True,False,False,False,False,False,False,False,False,False,False,False,False,False
21401,STATE_INIT,9.805,0.0,0.0,0.0,0.0,0.0,0.0,0.0,0.0,0.0,0.0,0.0,0.0,0.921,25.49,-0.37,0.37,9.59,0,0.0,0.0,0.0,0.0,0.0,0,0.0,0.0,0.0,0.0,797.36,False,True,True,False,True,True,False,True,True,True,True,False,False,False,False,False,False,False,False,False,False,False,False,False
21705,STATE_INIT,9.813,0.0,0.0,0.0,0.0,0.0,0.0,0.0,0.0,0.0,0.0,0.0,0.0,0.921,25.39,-0.4,0.49,9.56,0,0.0,0.0,0.0,0.0,0.0,0,0.0,0.0,0.0,0.0,797.18,False,True,True,False,True,True,False,True,True,True,True,False,False,False,False,False,False,False,False,False,False,False,False,False
21705,STATE_INIT,9.813,0.0,0.0,0.0,0.0,0.0,0.0,0.0,0.0,0.0,0.0,0.0,0.0,0.921,25.39,-0.4,0.49,9.56,0,0.0,0.0,0.0,0.0,0.0,0,0.0,0.0,0.0,0.0,797.18,False,True,True,False,True,True,False,True,True,True,True,False,False,False,False,False,False,False,False,False,False,False,False,False
21705,STATE_INIT,9.813,0.0,0.0,0.0,0.0,0.0,0.0,0.0,0.0,0.0,0.0,0.0,0.0,0.921,25.39,-0.4,0.49,9.56,0,0.0,0.0,0.0,0.0,0.0,0,0.0,0.0,0.0,0.0,797.18,False,True,True,False,True,True,False,True,True,True,True,False,False,False,False,False,False,False,False,False,False,False,False,False
21705,STATE_INIT,9.813,0.0,0.0,0.0,0.0,0.0,0.0,0.0,0.0,0.0,0.0,0.0,0.0,0.921,25.39,-0.4,0.49,9.56,0,0.0,0.0,0.0,0.0,0.0,0,0.0,0.0,0.0,0.0,797.18,False,True,True,False,True,True,False,True,True,True,True,False,False,False,False,False,False,False,False,False,False,False,False,False
21705,STATE_INIT,9.813,0.0,0.0,0.0,0.0,0.0,0.0,0.0,0.0,0.0,0.0,0.0,0.0,0.921,25.39,-0.4,0.49,9.56,0,0.0,0.0,0.0,0.0,0.0,0,0.0,0.0,0.0,0.0,797.18,False,True,True,False,True,True,False,True,True,True,True,False,False,False,False,False,False,False,False,False,False,False,False,False
21908,STATE_INIT,9.828,0.0,0.0,0.0,0.0,0.0,0.0,0.0,0.0,0.0,0.0,0.0,0.0,0.921,25.44,-0.4,0.41,9.63,0,0.0,0.0,0.0,0.0,0.0,0,0.0,0.0,0.0,0.0,797.0,False,True,True,False,True,True,False,True,True,True,True,False,False,False,False,False,False,False,False,False,False,False,False,False
21908,STATE_INIT,9.828,0.0,0.0,0.0,0.0,0.0,0.0,0.0,0.0,0.0,0.0,0.0,0.0,0.921,25.44,-0.4,0.41,9.63,0,0.0,0.0,0.0,0.0,0.0,0,0.0,0.0,0.0,0.0,797.0,False,True,True,False,True,True,False,True,True,True,True,False,False,False,False,False,False,False,False,False,False,False,False,False
21908,STATE_INIT,9.828,0.0,0.0,0.0,0.0,0.0,0.0,0.0,0.0,0.0,0.0,0.0,0.0,0.921,25.44,-0.4,0.41,9.63,0,0.0,0.0,0.0,0.0,0.0,0,0.0,0.0,0.0,0.0,797.0,False,True,True,False,True,True,False,True,True,True,True,False,False,False,False,False,False,False,False,False,False,False,False,False
22111,STATE_INIT,9.759,0.0,0.0,0.0,0.0,0.0,0.0,0.0,0.0,0.0,0.0,0.0,0.0,0.921,25.44,-0.22,0.38,9.66,0,0.0,0.0,0.0,0.0,0.0,0,0.0,0.0,0.0,0.0,796.37,False,True,True,False,True,True,False,True,True,True,True,False,False,False,False,False,False,False,False,False,False,False,False,False
22213,STATE_INIT,9.813,0.0,0.0,0.0,0.0,0.0,0.0,0.0,0.0,0.0,0.0,0.0,0.0,0.921,25.7,-0.35,0.32,9.63,0,0.0,0.0,0.0,0.0,0.0,0,0.0,0.0,0.0,0.0,796.55,False,True,True,False,True,True,False,True,True,True,True,False,False,False,False,False,False,False,False,False,False,False,False,False
22213,STATE_INIT,9.813,0.0,0.0,0.0,0.0,0.0,0.0,0.0,0.0,0.0,0.0,0.0,0.0,0.921,25.7,-0.35,0.32,9.63,0,0.0,0.0,0.0,0.0,0.0,0,0.0,0.0,0.0,0.0,796.55,False,True,True,False,True,True,False,True,True,True,True,False,False,False,False,False,False,False,False,False,False,False,False,False
22619,STATE_INIT,9.759,0.0,0.0,0.0,0.0,0.0,0.0,0.0,0.0,0.0,0.0,0.0,0.0,0.921,25.29,-0.42,0.38,9.62,0,0.0,0.0,0.0,0.0,0.0,0,0.0,0.0,0.0,0.0,796.82,False,True,True,False,True,True,False,True,True,True,True,False,False,False,False,False,False,False,False,False,False,False,False,False
22619,STATE_INIT,9.759,0.0,0.0,0.0,0.0,0.0,0.0,0.0,0.0,0.0,0.0,0.0,0.0,0.921,25.29,-0.42,0.38,9.62,0,0.0,0.0,0.0,0.0,0.0,0,0.0,0.0,0.0,0.0,796.82,False,True,True,False,True,True,False,True,True,True,True,False,False,False,False,False,False,False,False,False,False,False,False,False
22619,STATE_INIT,9.759,0.0,0.0,0.0,0.0,0.0,0.0,0.0,0.0,0.0,0.0,0.0,0.0,0.921,25.29,-0.42,0.38,9.62,0,0.0,0.0,0.0,0.0,0.0,0,0.0,0.0,0.0,0.0,796.82,False,True,True,False,True,True,False,True,True,True,True,False,False,False,False,False,False,False,False,False,False,False,False,False
22619,STATE_INIT,9.759,0.0,0.0,0.0,0.0,0.0,0.0,0.0,0.0,0.0,0.0,0.0,0.0,0.921,25.29,-0.42,0.38,9.62,0,0.0,0.0,0.0,0.0,0.0,0,0.0,0.0,0.0,0.0,796.82,False,True,True,False,True,True,False,True,True,True,True,False,False,False,False,False,False,False,False,False,False,False,False,False
22822,STATE_INIT,9.813,0.0,0.0,0.0,0.0,0.0,0.0,0.0,0.0,0.0,0.0,0.0,0.0,0.921,25.29,-0.38,0.32,9.63,0,0.0,0.0,0.0,0.0,0.0,0,0.0,0.0,0.0,0.0,796.82,False,True,True,False,True,True,False,True,True,True,True,False,False,False,False,False,False,False,False,False,False,False,False,False
23026,STATE_INIT,9.813,0.0,0.0,0.0,0.0,0.0,0.0,0.0,0.0,0.0,0.0,0.0,0.0,0.921,25.44,-0.35,0.33,9.73,0,0.0,0.0,0.0,0.0,0.0,0,0.0,0.0,0.0,0.0,796.82,False,True,True,False,True,True,False,True,True,True,True,False,False,False,False,False,False,False,False,False,False,False,False,False
23026,STATE_INIT,9.813,0.0,0.0,0.0,0.0,0.0,0.0,0.0,0.0,0.0,0.0,0.0,0.0,0.921,25.44,-0.35,0.33,9.73,0,0.0,0.0,0.0,0.0,0.0,0,0.0,0.0,0.0,0.0,796.82,False,True,True,False,True,True,False,True,True,True,True,False,False,False,False,False,False,False,False,False,False,False,False,False
23228,STATE_INIT,9.821,0.0,0.0,0.0,0.0,0.0,0.0,0.0,0.0,0.0,0.0,0.0,0.0,0.921,25.39,-0.45,0.37,9.58,0,0.0,0.0,0.0,0.0,0.0,0,0.0,0.0,0.0,0.0,796.82,False,True,True,False,True,True,False,True,True,True,True,False,False,False,False,False,False,False,False,False,False,False,False,False
23330,STATE_INIT,9.836,0.0,0.0,0.0,0.0,0.0,0.0,0.0,0.0,0.0,0.0,0.0,0.0,0.921,25.39,-0.35,0.3,9.6,0,0.0,0.0,0.0,0.0,0.0,0,0.0,0.0,0.0,0.0,796.37,False,True,True,False,True,True,False,True,True,True,True,False,False,False,False,False,False,False,False,False,False,False,False,False
23533,STATE_INIT,9.821,0.0,0.0,0.0,0.0,0.0,0.0,0.0,0.0,0.0,0.0,0.0,0.0,0.921,25.55,-0.14,0.41,9.82,0,0.0,0.0,0.0,0.0,0.0,0,0.0,0.0,0.0,0.0,796.55,False,True,True,False,True,True,False,True,True,True,True,False,False,False,False,False,False,False,False,False,False,False,False,False
23533,STATE_INIT,9.821,0.0,0.0,0.0,0.0,0.0,0.0,0.0,0.0,0.0,0.0,0.0,0.0,0.921,25.55,-0.14,0.41,9.82,0,0.0,0.0,0.0,0.0,0.0,0,0.0,0.0,0.0,0.0,796.55,False,True,True,False,True,True,False,True,True,True,True,False,False,False,False,False,False,False,False,False,False,False,False,False
23533,STATE_INIT,9.821,0.0,0.0,0.0,0.0,0.0,0.0,0.0,0.0,0.0,0.0,0.0,0.0,0.921,25.55,-0.14,0.41,9.82,0,0.0,0.0,0.0,0.0,0.0,0,0.0,0.0,0.0,0.0,796.55,False,True,True,False,True,True,False,True,True,True,True,False,False,False,False,False,False,False,False,False,False,False,False,False
23533,STATE_INIT,9.821,0.0,0.0,0.0,0.0,0.0,0.0,0.0,0.0,0.0,0.0,0.0,0.0,0.921,25.55,-0.14,0.41,9.82,0,0.0,0.0,0.0,0.0,0.0,0,0.0,0.0,0.0,0.0,796.55,False,True,True,False,True,True,False,True,True,True,True,False,False,False,False,False,False,False,False,False,False,False,False,False
23533,STATE_INIT,9.821,0.0,0.0,0.0,0.0,0.0,0.0,0.0,0.0,0.0,0.0,0.0,0.0,0.921,25.55,-0.14,0.41,9.82,0,0.0,0.0,0.0,0.0,0.0,0,0.0,0.0,0.0,0.0,796.55,False,True,True,False,True,True,False,True,True,True,True,False,False,False,False,False,False,False,False,False,False,False,False,False
23533,STATE_INIT,9.821,0.0,0.0,0.0,0.0,0.0,0.0,0.0,0.0,0.0,0.0,0.0,0.0,0.921,25.55,-0.14,0.41,9.82,0,0.0,0.0,0.0,0.0,0.0,0,0.0,0.0,0.0,0.0,796.55,False,True,True,False,True,True,False,True,True,True,True,False,False,False,False,False,False,False,False,False,False,False,False,False
23533,STATE_INIT,9.821,0.0,0.0,0.0,0.0,0.0,0.0,0.0,0.0,0.0,0.0,0.0,0.0,0.921,25.55,-0.14,0.41,9.82,0,0.0,0.0,0.0,0.0,0.0,0,0.0,0.0,0.0,0.0,796.55,False,True,True,False,True,True,False,True,True,True,True,False,False,False,False,False,False,False,False,False,False,False,False,False
23533,STATE_INIT,9.821,0.0,0.0,0.0,0.0,0.0,0.0,0.0,0.0,0.0,0.0,0.0,0.0,0.921,25.55,-0.14,0.41,9.82,0,0.0,0.0,0.0,0.0,0.0,0,0.0,0.0,0.0,0.0,796.55,False,True,True,False,True,True,False,True,True,True,True,False,False,False,False,False,False,False,False,False,False,False,False,False
23533,STATE_INIT,9.821,0.0,0.0,0.0,0.0,0.0,0.0,0.0,0.0,0.0,0.0,0.0,0.0,0.921,25.55,-0.14,0.41,9.82,0,0.0,0.0,0.0,0.0,0.0,0,0.0,0.0,0.0,0.0,796.55,False,True,True,False,True,True,False,True,True,True,True,False,False,False,False,False,False,False,False,False,False,False,False,False
24041,STATE_INIT,9.821,0.0,0.0,0.0,0.0,0.0,0.0,0.0,0.0,0.0,0.0,0.0,0.0,0.921,25.44,-0.38,0.41,9.65,0,0.0,0.0,0.0,0.0,0.0,0,0.0,0.0,0.0,0.0,797.18,False,True,True,False,True,True,False,True,True,True,True,False,False,False,False,False,False,False,False,False,False,False,False,False
24041,STATE_INIT,9.821,0.0,0.0,0.0,0.0,0.0,0.0,0.0,0.0,0.0,0.0,0.0,0.0,0.921,25.44,-0.38,0.41,9.65,0,0.0,0.0,0.0,0.0,0.0,0,0.0,0.0,0.0,0.0,797.18,False,True,True,False,True,True,False,True,True,True,True,False,False,False,False,False,False,False,False,False,False,False,False,False
24244,STATE_INIT,9.821,0.0,0.0,0.0,0.0,0.0,0.0,0.0,0.0,0.0,0.0,0.0,0.0,0.921,25.49,-0.35,0.25,9.72,0,0.0,0.0,0.0,0.0,0.0,0,0.0,0.0,0.0,0.0,796.82,False,True,True,False,True,True,False,True,True,True,True,False,False,False,False,False,False,False,False,False,False,False,False,False
24244,STATE_INIT,9.821,0.0,0.0,0.0,0.0,0.0,0.0,0.0,0.0,0.0,0.0,0.0,0.0,0.921,25.49,-0.35,0.25,9.72,0,0.0,0.0,0.0,0.0,0.0,0,0.0,0.0,0.0,0.0,796.82,False,True,True,False,True,True,False,True,True,True,True,False,False,False,False,False,False,False,False,False,False,False,False,False
24244,STATE_INIT,9.821,0.0,0.0,0.0,0.0,0.0,0.0,0.0,0.0,0.0,0.0,0.0,0.0,0.921,25.49,-0.35,0.25,9.72,0,0.0,0.0,0.0,0.0,0.0,0,0.0,0.0,0.0,0.0,796.82,False,True,True,False,True,True,False,True,True,True,True,False,False,False,False,False,False,False,False,False,False,False,False,False
24244,STATE_INIT,9.821,0.0,0.0,0.0,0.0,0.0,0.0,0.0,0.0,0.0,0.0,0.0,0.0,0.921,25.49,-0.35,0.25,9.72,0,0.0,0.0,0.0,0.0,0.0,0,0.0,0.0,0.0,0.0,796.82,False,True,True,False,True,True,False,True,True,True,True,False,False,False,False,False,False,False,False,False,False,False,False,False
24447,STATE_INIT,9.821,0.0,0.0,0.0,0.0,0.0,0.0,0.0,0.0,0.0,0.0,0.0,0.0,0.921,25.44,-0.4,0.28,9.72,0,0.0,0.0,0.0,0.0,0.0,0,0.0,0.0,0.0,0.0,796.73,False,True,True,False,True,True,False,True,True,True,True,False,False,False,False,False,False,False,False,False,False,False,False,False
24447,STATE_INIT,9.821,0.0,0.0,0.0,0.0,0.0,0.0,0.0,0.0,0.0,0.0,0.0,0.0,0.921,25.44,-0.4,0.28,9.72,0,0.0,0.0,0.0,0.0,0.0,0,0.0,0.0,0.0,0.0,796.73,False,True,True,False,True,True,False,True,True,True,True,False,False,False,False,False,False,False,False,False,False,False,False,False
24447,STATE_INIT,9.821,0.0,0.0,0.0,0.0,0.0,0.0,0.0,0.0,0.0,0.0,0.0,0.0,0.921,25.44,-0.4,0.28,9.72,0,0.0,0.0,0.0,0.0,0.0,0,0.0,0.0,0.0,0.0,796.73,False,True,True,False,True,True,False,True,True,True,True,False,False,False,False,False,False,False,False,False,False,False,False,False
24447,STATE_INIT,9.821,0.0,0.0,0.0,0.0,0.0,0.0,0.0,0.0,0.0,0.0,0.0,0.0,0.921,25.44,-0.4,0.28,9.72,0,0.0,0.0,0.0,0.0,0.0,0,0.0,0.0,0.0,0.0,796.73,False,True,True,False,True,True,False,True,True,True,True,False,False,False,False,False,False,False,False,False,False,False,False,False
24650,STATE_INIT,9.813,0.0,0.0,0.0,0.0,0.0,0.0,0.0,0.0,0.0,0.0,0.0,0.0,0.921,25.39,-0.3,0.28,9.74,0,0.0,0.0,0.0,0.0,0.0,0,0.0,0.0,0.0,0.0,797.36,False,True,True,False,True,True,False,True,True,True,True,False,False,False,False,False,False,False,False,False,False,False,False,False
24650,STATE_INIT,9.813,0.0,0.0,0.0,0.0,0.0,0.0,0.0,0.0,0.0,0.0,0.0,0.0,0.921,25.39,-0.3,0.28,9.74,0,0.0,0.0,0.0,0.0,0.0,0,0.0,0.0,0.0,0.0,797.36,False,True,True,False,True,True,False,True,True,True,True,False,False,False,False,False,False,False,False,False,False,False,False,False
24650,STATE_INIT,9.813,0.0,0.0,0.0,0.0,0.0,0.0,0.0,0.0,0.0,0.0,0.0,0.0,0.921,25.39,-0.3,0.28,9.74,0,0.0,0.0,0.0,0.0,0.0,0,0.0,0.0,0.0,0.0,797.36,False,True,True,False,True,True,False,True,True,True,True,False,False,False,False,False,False,False,False,False,False,False,False,False
24650,STATE_INIT,9.813,0.0,0.0,0.0,0.0,0.0,0.0,0.0,0.0,0.0,0.0,0.0,0.0,0.921,25.39,-0.3,0.28,9.74,0,0.0,0.0,0.0,0.0,0.0,0,0.0,0.0,0.0,0.0,797.36,False,True,True,False,True,True,False,True,True,True,True,False,False,False,False,False,False,False,False,False,False,False,False,False
24854,STATE_INIT,9.805,0.0,0.0,0.0,0.0,0.0,0.0,0.0,0.0,0.0,0.0,0.0,0.0,0.921,25.29,-0.4,0.32,9.62,0,0.0,0.0,0.0,0.0,0.0,0,0.0,0.0,0.0,0.0,797.0,False,True,True,False,True,True,False,True,True,True,True,False,False,False,False,False,False,False,False,False,False,False,False,False
25158,STATE_INIT,9.821,0.0,0.0,0.0,0.0,0.0,0.0,0.0,0.0,0.0,0.0,0.0,0.0,0.921,25.44,-0.38,0.35,9.66,0,0.0,0.0,0.0,0.0,0.0,0,0.0,0.0,0.0,0.0,797.18,False,True,True,False,True,True,False,True,True,True,True,False,False,False,False,False,False,False,False,False,False,False,False,False
25158,STATE_INIT,9.821,0.0,0.0,0.0,0.0,0.0,0.0,0.0,0.0,0.0,0.0,0.0,0.0,0.921,25.44,-0.38,0.35,9.66,0,0.0,0.0,0.0,0.0,0.0,0,0.0,0.0,0.0,0.0,797.18,False,True,True,False,True,True,False,True,True,True,True,False,False,False,False,False,False,False,False,False,False,False,False,False
25361,STATE_INIT,9.813,0.0,0.0,0.0,0.0,0.0,0.0,0.0,0.0,0.0,0.0,0.0,0.0,0.921,25.55,-0.27,0.32,9.65,0,0.0,0.0,0.0,0.0,0.0,0,0.0,0.0,0.0,0.0,796.91,False,True,True,False,True,True,False,True,True,True,True,False,False,False,False,False,False,False,False,False,False,False,False,False
25361,STATE_INIT,9.813,0.0,0.0,0.0,0.0,0.0,0.0,0.0,0.0,0.0,0.0,0.0,0.0,0.921,25.55,-0.27,0.32,9.65,0,0.0,0.0,0.0,0.0,0.0,0,0.0,0.0,0.0,0.0,796.91,False,True,True,False,True,True,False,True,True,True,True,False,False,False,False,False,False,False,False,False,False,False,False,False
25361,STATE_INIT,9.813,0.0,0.0,0.0,0.0,0.0,0.0,0.0,0.0,0.0,0.0,0.0,0.0,0.921,25.55,-0.27,0.32,9.65,0,0.0,0.0,0.0,0.0,0.0,0,0.0,0.0,0.0,0.0,796.91,False,True,True,False,True,True,False,True,True,True,True,False,False,False,False,False,False,False,False,False,False,False,False,False
25361,STATE_INIT,9.813,0.0,0.0,0.0,0.0,0.0,0.0,0.0,0.0,0.0,0.0,0.0,0.0,0.921,25.55,-0.27,0.32,9.65,0,0.0,0.0,0.0,0.0,0.0,0,0.0,0.0,0.0,0.0,796.91,False,True,True,False,True,True,False,True,True,True,True,False,False,False,False,False,False,False,False,False,False,False,False,False
25564,STATE_INIT,9.821,0.0,0.0,0.0,0.0,0.0,0.0,0.0,0.0,0.0,0.0,0.0,0.0,0.921,25.29,-0.4,0.32,9.59,0,0.0,0.0,0.0,0.0,0.0,0,0.0,0.0,0.0,0.0,797.0,False,True,True,False,True,True,False,True,True,True,True,False,False,False,False,False,False,False,False,False,False,False,False,False
25666,STATE_INIT,9.821,0.0,0.0,0.0,0.0,0.0,0.0,0.0,0.0,0.0,0.0,0.0,0.0,0.921,25.39,-0.45,0.33,9.68,0,0.0,0.0,0.0,0.0,0.0,0,0.0,0.0,0.0,0.0,796.91,False,True,True,False,True,True,False,True,True,True,True,False,False,False,False,False,False,False,False,False,False,False,False,False
25869,STATE_INIT,9.805,0.0,0.0,0.0,0.0,0.0,0.0,0.0,0.0,0.0,0.0,0.0,0.0,0.921,25.49,-0.3,0.32,9.67,0,0.0,0.0,0.0,0.0,0.0,0,0.0,0.0,0.0,0.0,796.82,False,True,True,False,True,True,False,True,True,True,True,False,False,False,False,False,False,False,False,False,False,False,False,False
26072,STATE_INIT,9.821,0.0,0.0,0.0,0.0,0.0,0.0,0.0,0.0,0.0,0.0,0.0,0.0,0.921,25.39,-0.4,0.3,9.68,0,0.0,0.0,0.0,0.0,0.0,0,0.0,0.0,0.0,0.0,797.0,False,True,True,False,True,True,False,True,True,True,True,False,False,False,False,False,False,False,False,False,False,False,False,False
26479,STATE_INIT,9.821,0.0,0.0,0.0,0.0,0.0,0.0,0.0,0.0,0.0,0.0,0.0,0.0,0.921,25.29,-0.48,0.4,9.66,0,0.0,0.0,0.0,0.0,0.0,0,0.0,0.0,0.0,0.0,797.45,False,True,True,False,True,True,False,True,True,True,True,False,False,False,False,False,False,False,False,False,False,False,False,False
26479,STATE_INIT,9.821,0.0,0.0,0.0,0.0,0.0,0.0,0.0,0.0,0.0,0.0,0.0,0.0,0.921,25.29,-0.48,0.4,9.66,0,0.0,0.0,0.0,0.0,0.0,0,0.0,0.0,0.0,0.0,797.45,False,True,True,False,True,True,False,True,True,True,True,False,False,False,False,False,False,False,False,False,False,False,False,False
26479,STATE_INIT,9.821,0.0,0.0,0.0,0.0,0.0,0.0,0.0,0.0,0.0,0.0,0.0,0.0,0.921,25.29,-0.48,0.4,9.66,0,0.0,0.0,0.0,0.0,0.0,0,0.0,0.0,0.0,0.0,797.45,False,True,True,False,True,True,False,True,True,True,True,False,False,False,False,False,False,False,False,False,False,False,False,False
26479,STATE_INIT,9.821,0.0,0.0,0.0,0.0,0.0,0.0,0.0,0.0,0.0,0.0,0.0,0.0,0.921,25.29,-0.48,0.4,9.66,0,0.0,0.0,0.0,0.0,0.0,0,0.0,0.0,0.0,0.0,797.45,False,True,True,False,True,True,False,True,True,True,True,False,False,False,False,False,False,False,False,False,False,False,False,False
26479,STATE_INIT,9.821,0.0,0.0,0.0,0.0,0.0,0.0,0.0,0.0,0.0,0.0,0.0,0.0,0.921,25.29,-0.48,0.4,9.66,0,0.0,0.0,0.0,0.0,0.0,0,0.0,0.0,0.0,0.0,797.45,False,True,True,False,True,True,False,True,True,True,True,False,False,False,False,False,False,False,False,False,False,False,False,False
26580,STATE_INIT,9.813,0.0,0.0,0.0,0.0,0.0,0.0,0.0,0.0,0.0,0.0,0.0,0.0,0.921,25.34,-0.4,0.33,9.55,0,0.0,0.0,0.0,0.0,0.0,0,0.0,0.0,0.0,0.0,796.91,False,True,True,False,True,True,False,True,True,True,True,False,False,False,False,False,False,False,False,False,False,False,False,False
26580,STATE_INIT,9.813,0.0,0.0,0.0,0.0,0.0,0.0,0.0,0.0,0.0,0.0,0.0,0.0,0.921,25.34,-0.4,0.33,9.55,0,0.0,0.0,0.0,0.0,0.0,0,0.0,0.0,0.0,0.0,796.91,False,True,True,False,True,True,False,True,True,True,True,False,False,False,False,False,False,False,False,False,False,False,False,False
26987,STATE_INIT,9.821,0.0,0.0,0.0,0.0,0.0,0.0,0.0,0.0,0.0,0.0,0.0,0.0,0.921,25.55,-0.35,0.3,9.71,0,0.0,0.0,0.0,0.0,0.0,0,0.0,0.0,0.0,0.0,796.64,False,True,True,False,True,True,False,True,True,True,True,False,False,False,False,False,False,False,False,False,False,False,False,False
26987,STATE_INIT,9.821,0.0,0.0,0.0,0.0,0.0,0.0,0.0,0.0,0.0,0.0,0.0,0.0,0.921,25.55,-0.35,0.3,9.71,0,0.0,0.0,0.0,0.0,0.0,0,0.0,0.0,0.0,0.0,796.64,False,True,True,False,True,True,False,True,True,True,True,False,False,False,False,False,False,False,False,False,False,False,False,False
27190,STATE_INIT,9.813,0.0,0.0,0.0,0.0,0.0,0.0,0.0,0.0,0.0,0.0,0.0,0.0,0.921,25.44,-0.38,0.35,9.65,0,0.0,0.0,0.0,0.0,0.0,0,0.0,0.0,0.0,0.0,797.0,False,True,True,False,True,True,False,True,True,True,True,False,False,False,False,False,False,False,False,False,False,False,False,False
27291,STATE_INIT,9.836,0.0,0.0,0.0,0.0,0.0,0.0,0.0,0.0,0.0,0.0,0.0,0.0,0.921,25.49,-0.43,0.37,9.68,0,0.0,0.0,0.0,0.0,0.0,0,0.0,0.0,0.0,0.0,797.09,False,True,True,False,True,True,False,True,True,True,True,False,False,False,False,False,False,False,False,False,False,False,False,False
27495,STATE_INIT,9.821,0.0,0.0,0.0,0.0,0.0,0.0,0.0,0.0,0.0,0.0,0.0,0.0,0.921,25.49,-0.37,0.38,9.69,0,0.0,0.0,0.0,0.0,0.0,0,0.0,0.0,0.0,0.0,796.46,False,True,True,False,True,True,False,True,True,True,True,False,False,False,False,False,False,False,False,False,False,False,False,False
27495,STATE_INIT,9.821,0.0,0.0,0.0,0.0,0.0,0.0,0.0,0.0,0.0,0.0,0.0,0.0,0.921,25.49,-0.37,0.38,9.69,0,0.0,0.0,0.0,0.0,0.0,0,0.0,0.0,0.0,0.0,796.46,False,True,True,False,True,True,False,True,True,True,True,False,False,False,False,False,False,False,False,False,False,False,False,False
27495,STATE_INIT,9.821,0.0,0.0,0.0,0.0,0.0,0.0,0.0,0.0,0.0,0.0,0.0,0.0,0.921,25.49,-0.37,0.38,9.69,0,0.0,0.0,0.0,0.0,0.0,0,0.0,0.0,0.0,0.0,796.46,False,True,True,False,True,True,False,True,True,True,True,False,False,False,False,False,False,False,False,False,False,False,False,False
27495,STATE_INIT,9.821,0.0,0.0,0.0,0.0,0.0,0.0,0.0,0.0,0.0,0.0,0.0,0.0,0.921,25.49,-0.37,0.38,9.69,0,0.0,0.0,0.0,0.0,0.0,0,0.0,0.0,0.0,0.0,796.46,False,True,True,False,True,True,False,True,True,True,True,False,False,False,False,False,False,False,False,False,False,False,False,False
27698,STATE_INIT,9.805,0.0,0.0,0.0,0.0,0.0,0.0,0.0,0.0,0.0,0.0,0.0,0.0,0.921,25.34,-0.35,0.38,9.59,0,0.0,0.0,0.0,0.0,0.0,0,0.0,0.0,0.0,0.0,797.18,False,True,True,False,True,True,False,True,True,True,True,False,False,False,False,False,False,False,False,False,False,False,False,False
27698,STATE_INIT,9.805,0.0,0.0,0.0,0.0,0.0,0.0,0.0,0.0,0.0,0.0,0.0,0.0,0.921,25.34,-0.35,0.38,9.59,0,0.0,0.0,0.0,0.0,0.0,0,0.0,0.0,0.0,0.0,797.18,False,True,True,False,True,True,False,True,True,True,True,False,False,False,False,False,False,False,False,False,False,False,False,False
27901,STATE_INIT,9.759,0.0,0.0,0.0,0.0,0.0,0.0,0.0,0.0,0.0,0.0,0.0,0.0,0.921,25.44,-0.45,0.41,9.58,0,0.0,0.0,0.0,0.0,0.0,0,0.0,0.0,0.0,0.0,797.18,False,True,True,False,True,True,False,True,True,True,True,False,False,False,False,False,False,False,False,False,False,False,False,False
27901,STATE_INIT,9.759,0.0,0.0,0.0,0.0,0.0,0.0,0.0,0.0,0.0,0.0,0.0,0.0,0.921,25.44,-0.45,0.41,9.58,0,0.0,0.0,0.0,0.0,0.0,0,0.0,0.0,0.0,0.0,797.18,False,True,True,False,True,True,False,True,True,True,True,False,False,False,False,False,False,False,False,False,False,False,False,False
28003,STATE_INIT,9.836,0.0,0.0,0.0,0.0,0.0,0.0,0.0,0.0,0.0,0.0,0.0,0.0,0.921,25.55,-0.32,0.3,9.58,0,0.0,0.0,0.0,0.0,0.0,0,0.0,0.0,0.0,0.0,796.82,False,True,True,False,True,True,False,True,True,True,True,False,False,False,False,False,False,False,False,False,False,False,False,False
28206,STATE_INIT,9.828,0.0,0.0,0.0,0.0,0.0,0.0,0.0,0.0,0.0,0.0,0.0,0.0,0.921,25.55,-0.35,0.37,9.59,0,0.0,0.0,0.0,0.0,0.0,0,0.0,0.0,0.0,0.0,796.82,False,True,True,False,True,True,False,True,True,True,True,False,False,False,False,False,False,False,False,False,False,False,False,False
28206,STATE_INIT,9.828,0.0,0.0,0.0,0.0,0.0,0.0,0.0,0.0,0.0,0.0,0.0,0.0,0.921,25.55,-0.35,0.37,9.59,0,0.0,0.0,0.0,0.0,0.0,0,0.0,0.0,0.0,0.0,796.82,False,True,True,False,True,True,False,True,True,True,True,False,False,False,False,False,False,False,False,False,False,False,False,False
28612,STATE_INIT,9.813,0.0,0.0,0.0,0.0,0.0,0.0,0.0,0.0,0.0,0.0,0.0,0.0,0.921,25.44,-0.34,0.35,9.68,0,0.0,0.0,0.0,0.0,0.0,0,0.0,0.0,0.0,0.0,796.64,False,True,True,False,True,True,False,True,True,True,True,False,False,False,False,False,False,False,False,False,False,False,False,False
28612,STATE_INIT,9.813,0.0,0.0,0.0,0.0,0.0,0.0,0.0,0.0,0.0,0.0,0.0,0.0,0.921,25.44,-0.34,0.35,9.68,0,0.0,0.0,0.0,0.0,0.0,0,0.0,0.0,0.0,0.0,796.64,False,True,True,False,True,True,False,True,True,True,True,False,False,False,False,False,False,False,False,False,False,False,False,False
28612,STATE_INIT,9.813,0.0,0.0,0.0,0.0,0.0,0.0,0.0,0.0,0.0,0.0,0.0,0.0,0.921,25.44,-0.34,0.35,9.68,0,0.0,0.0,0.0,0.0,0.0,0,0.0,0.0,0.0,0.0,796.64,False,True,True,False,True,True,False,True,True,True,True,False,False,False,False,False,False,False,False,False,False,False,False,False
28612,STATE_INIT,9.813,0.0,0.0,0.0,0.0,0.0,0.0,0.0,0.0,0.0,0.0,0.0,0.0,0.921,25.44,-0.34,0.35,9.68,0,0.0,0.0,0.0,0.0,0.0,0,0.0,0.0,0.0,0.0,796.64,False,True,True,False,True,True,False,True,True,True,True,False,False,False,False,False,False,False,False,False,False,False,False,False
28815,STATE_INIT,9.805,0.0,0.0,0.0,0.0,0.0,0.0,0.0,0.0,0.0,0.0,0.0,0.0,0.921,25.44,-0.34,0.38,9.67,0,0.0,0.0,0.0,0.0,0.0,0,0.0,0.0,0.0,0.0,797.09,False,True,True,False,True,True,False,True,True,True,True,False,False,False,False,False,False,False,False,False,False,False,False,False
28917,STATE_INIT,9.805,0.0,0.0,0.0,0.0,0.0,0.0,0.0,0.0,0.0,0.0,0.0,0.0,0.921,25.44,-0.32,0.35,9.6,0,0.0,0.0,0.0,0.0,0.0,0,0.0,0.0,0.0,0.0,797.0,False,True,True,False,True,True,False,True,True,True,True,False,False,False,False,False,False,False,False,False,False,False,False,False
28917,STATE_INIT,9.805,0.0,0.0,0.0,0.0,0.0,0.0,0.0,0.0,0.0,0.0,0.0,0.0,0.921,25.44,-0.32,0.35,9.6,0,0.0,0.0,0.0,0.0,0.0,0,0.0,0.0,0.0,0.0,797.0,False,True,True,False,True,True,False,True,True,True,True,False,False,False,False,False,False,False,False,False,False,False,False,False
29120,STATE_INIT,9.79,0.0,0.0,0.0,0.0,0.0,0.0,0.0,0.0,0.0,0.0,0.0,0.0,0.921,25.44,-0.4,0.32,9.58,0,0.0,0.0,0.0,0.0,0.0,0,0.0,0.0,0.0,0.0,796.64,False,True,True,False,True,True,False,True,True,True,True,False,False,False,False,False,False,False,False,False,False,False,False,False
29323,STATE_INIT,9.813,0.0,0.0,0.0,0.0,0.0,0.0,0.0,0.0,0.0,0.0,0.0,0.0,0.921,25.49,-0.42,0.4,9.47,0,0.0,0.0,0.0,0.0,0.0,0,0.0,0.0,0.0,0.0,796.73,False,True,True,False,True,True,False,True,True,True,True,False,False,False,False,False,False,False,False,False,False,False,False,False
29526,STATE_INIT,9.821,0.0,0.0,0.0,0.0,0.0,0.0,0.0,0.0,0.0,0.0,0.0,0.0,0.921,25.44,-0.3,0.4,9.69,0,0.0,0.0,0.0,0.0,0.0,0,0.0,0.0,0.0,0.0,796.55,False,True,True,False,True,True,False,True,True,True,True,False,False,False,False,False,False,False,False,False,False,False,False,False
29526,STATE_INIT,9.821,0.0,0.0,0.0,0.0,0.0,0.0,0.0,0.0,0.0,0.0,0.0,0.0,0.921,25.44,-0.3,0.4,9.69,0,0.0,0.0,0.0,0.0,0.0,0,0.0,0.0,0.0,0.0,796.55,False,True,True,False,True,True,False,True,True,True,True,False,False,False,False,False,False,False,False,False,False,False,False,False
29628,STATE_INIT,9.759,0.0,0.0,0.0,0.0,0.0,0.0,0.0,0.0,0.0,0.0,0.0,0.0,0.921,25.44,-0.34,0.27,9.63,0,0.0,0.0,0.0,0.0,0.0,0,0.0,0.0,0.0,0.0,797.0,False,True,True,False,True,True,False,True,True,True,True,False,False,False,False,False,False,False,False,False,False,False,False,False
29831,STATE_INIT,9.813,0.0,0.0,0.0,0.0,0.0,0.0,0.0,0.0,0.0,0.0,0.0,0.0,0.921,25.29,-0.37,0.37,9.58,0,0.0,0.0,0.0,0.0,0.0,0,0.0,0.0,0.0,0.0,796.55,False,True,True,False,True,True,False,True,True,True,True,False,False,False,False,False,False,False,False,False,False,False,False,False
29831,STATE_INIT,9.813,0.0,0.0,0.0,0.0,0.0,0.0,0.0,0.0,0.0,0.0,0.0,0.0,0.921,25.29,-0.37,0.37,9.58,0,0.0,0.0,0.0,0.0,0.0,0,0.0,0.0,0.0,0.0,796.55,False,True,True,False,True,True,False,True,True,True,True,False,False,False,False,False,False,False,False,False,False,False,False,False
30034,STATE_INIT,9.813,0.0,0.0,0.0,0.0,0.0,0.0,0.0,0.0,0.0,0.0,0.0,0.0,0.921,25.39,-0.42,0.49,9.57,0,0.0,0.0,0.0,0.0,0.0,0,0.0,0.0,0.0,0.0,796.55,False,True,True,False,True,True,False,True,True,True,True,False,False,False,False,False,False,False,False,False,False,False,False,False
30034,STATE_INIT,9.813,0.0,0.0,0.0,0.0,0.0,0.0,0.0,0.0,0.0,0.0,0.0,0.0,0.921,25.39,-0.42,0.49,9.57,0,0.0,0.0,0.0,0.0,0.0,0,0.0,0.0,0.0,0.0,796.55,False,True,True,False,True,True,False,True,True,True,True,False,False,False,False,False,False,False,False,False,False,False,False,False
30034,STATE_INIT,9.813,0.0,0.0,0.0,0.0,0.0,0.0,0.0,0.0,0.0,0.0,0.0,0.0,0.921,25.39,-0.42,0.49,9.57,0,0.0,0.0,0.0,0.0,0.0,0,0.0,0.0,0.0,0.0,796.55,False,True,True,False,True,True,False,True,True,True,True,False,False,False,False,False,False,False,False,False,False,False,False,False
30238,STATE_INIT,9.828,0.0,0.0,0.0,0.0,0.0,0.0,0.0,0.0,0.0,0.0,0.0,0.0,0.921,25.44,-0.42,0.4,9.56,0,0.0,0.0,0.0,0.0,0.0,0,0.0,0.0,0.0,0.0,797.36,False,True,True,False,True,True,False,True,True,True,True,False,False,False,False,False,False,False,False,False,False,False,False,False
30339,STATE_INIT,9.813,0.0,0.0,0.0,0.0,0.0,0.0,0.0,0.0,0.0,0.0,0.0,0.0,0.921,25.49,-0.45,0.4,9.72,0,0.0,0.0,0.0,0.0,0.0,0,0.0,0.0,0.0,0.0,796.82,False,True,True,False,True,True,False,True,True,True,True,False,False,False,False,False,False,False,False,False,False,False,False,False
30441,STATE_INIT,9.813,0.0,0.0,0.0,0.0,0.0,0.0,0.0,0.0,0.0,0.0,0.0,0.0,0.921,25.6,-0.3,0.38,9.71,0,0.0,0.0,0.0,0.0,0.0,0,0.0,0.0,0.0,0.0,797.0,False,True,True,False,True,True,False,True,True,True,True,False,False,False,False,False,False,False,False,False,False,False,False,False
30441,STATE_INIT,9.813,0.0,0.0,0.0,0.0,0.0,0.0,0.0,0.0,0.0,0.0,0.0,0.0,0.921,25.6,-0.3,0.38,9.71,0,0.0,0.0,0.0,0.0,0.0,0,0.0,0.0,0.0,0.0,797.0,False,True,True,False,True,True,False,True,True,True,True,False,False,False,False,False,False,False,False,False,False,False,False,False
30644,STATE_INIT,9.836,0.0,0.0,0.0,0.0,0.0,0.0,0.0,0.0,0.0,0.0,0.0,0.0,0.921,25.49,-0.46,0.28,9.56,0,0.0,0.0,0.0,0.0,0.0,0,0.0,0.0,0.0,0.0,796.73,False,True,True,False,True,True,False,True,True,True,True,False,False,False,False,False,False,False,False,False,False,False,False,False
30644,STATE_INIT,9.836,0.0,0.0,0.0,0.0,0.0,0.0,0.0,0.0,0.0,0.0,0.0,0.0,0.921,25.49,-0.46,0.28,9.56,0,0.0,0.0,0.0,0.0,0.0,0,0.0,0.0,0.0,0.0,796.73,False,True,True,False,True,True,False,True,True,True,True,False,False,False,False,False,False,False,False,False,False,False,False,False
30746,STATE_INIT,9.821,0.0,0.0,0.0,0.0,0.0,0.0,0.0,0.0,0.0,0.0,0.0,0.0,0.921,25.49,-0.32,0.41,9.53,0,0.0,0.0,0.0,0.0,0.0,0,0.0,0.0,0.0,0.0,797.18,False,True,True,False,True,True,False,True,True,True,True,False,False,False,False,False,False,False,False,False,False,False,False,False
30949,STATE_INIT,9.821,0.0,0.0,0.0,0.0,0.0,0.0,0.0,0.0,0.0,0.0,0.0,0.0,0.921,25.49,-0.37,0.35,9.55,0,0.0,0.0,0.0,0.0,0.0,0,0.0,0.0,0.0,0.0,797.0,False,True,True,False,True,True,False,True,True,True,True,False,False,False,False,False,False,False,False,False,False,False,False,False
30949,STATE_INIT,9.821,0.0,0.0,0.0,0.0,0.0,0.0,0.0,0.0,0.0,0.0,0.0,0.0,0.921,25.49,-0.37,0.35,9.55,0,0.0,0.0,0.0,0.0,0.0,0,0.0,0.0,0.0,0.0,797.0,False,True,True,False,True,True,False,True,True,True,True,False,False,False,False,False,False,False,False,False,False,False,False,False
30949,STATE_INIT,9.821,0.0,0.0,0.0,0.0,0.0,0.0,0.0,0.0,0.0,0.0,0.0,0.0,0.921,25.49,-0.37,0.35,9.55,0,0.0,0.0,0.0,0.0,0.0,0,0.0,0.0,0.0,0.0,797.0,False,True,True,False,True,True,False,True,True,True,True,False,False,False,False,False,False,False,False,False,False,False,False,False
30949,STATE_INIT,9.821,0.0,0.0,0.0,0.0,0.0,0.0,0.0,0.0,0.0,0.0,0.0,0.0,0.921,25.49,-0.37,0.35,9.55,0,0.0,0.0,0.0,0.0,0.0,0,0.0,0.0,0.0,0.0,797.0,False,True,True,False,True,True,False,True,True,True,True,False,False,False,False,False,False,False,False,False,False,False,False,False
31152,STATE_INIT,9.821,0.0,0.0,0.0,0.0,0.0,0.0,0.0,0.0,0.0,0.0,0.0,0.0,0.921,25.49,-0.42,0.38,9.59,0,0.0,0.0,0.0,0.0,0.0,0,0.0,0.0,0.0,0.0,797.36,False,True,True,False,True,True,False,True,True,True,True,False,False,False,False,False,False,False,False,False,False,False,False,False
31152,STATE_INIT,9.821,0.0,0.0,0.0,0.0,0.0,0.0,0.0,0.0,0.0,0.0,0.0,0.0,0.921,25.49,-0.42,0.38,9.59,0,0.0,0.0,0.0,0.0,0.0,0,0.0,0.0,0.0,0.0,797.36,False,True,True,False,True,True,False,True,True,True,True,False,False,False,False,False,False,False,False,False,False,False,False,False
31457,STATE_INIT,9.805,0.0,0.0,0.0,0.0,0.0,0.0,0.0,0.0,0.0,0.0,0.0,0.0,0.921,25.44,-0.38,0.3,9.61,0,0.0,0.0,0.0,0.0,0.0,0,0.0,0.0,0.0,0.0,797.0,False,True,True,False,True,True,False,True,True,True,True,False,False,False,False,False,False,False,False,False,False,False,False,False
31457,STATE_INIT,9.805,0.0,0.0,0.0,0.0,0.0,0.0,0.0,0.0,0.0,0.0,0.0,0.0,0.921,25.44,-0.38,0.3,9.61,0,0.0,0.0,0.0,0.0,0.0,0,0.0,0.0,0.0,0.0,797.0,False,True,True,False,True,True,False,True,True,True,True,False,False,False,False,False,False,False,False,False,False,False,False,False
31457,STATE_INIT,9.805,0.0,0.0,0.0,0.0,0.0,0.0,0.0,0.0,0.0,0.0,0.0,0.0,0.921,25.44,-0.38,0.3,9.61,0,0.0,0.0,0.0,0.0,0.0,0,0.0,0.0,0.0,0.0,797.0,False,True,True,False,True,True,False,True,True,True,True,False,False,False,False,False,False,False,False,False,False,False,False,False
31457,STATE_INIT,9.805,0.0,0.0,0.0,0.0,0.0,0.0,0.0,0.0,0.0,0.0,0.0,0.0,0.921,25.44,-0.38,0.3,9.61,0,0.0,0.0,0.0,0.0,0.0,0,0.0,0.0,0.0,0.0,797.0,False,True,True,False,True,True,False,True,True,True,True,False,False,False,False,False,False,False,False,False,False,False,False,False
31457,STATE_INIT,9.805,0.0,0.0,0.0,0.0,0.0,0.0,0.0,0.0,0.0,0.0,0.0,0.0,0.921,25.44,-0.38,0.3,9.61,0,0.0,0.0,0.0,0.0,0.0,0,0.0,0.0,0.0,0.0,797.0,False,True,True,False,True,True,False,True,True,True,True,False,False,False,False,False,False,False,False,False,False,False,False,False
31660,STATE_INIT,9.821,0.0,0.0,0.0,0.0,0.0,0.0,0.0,0.0,0.0,0.0,0.0,0.0,0.921,25.55,-0.54,0.33,9.67,0,0.0,0.0,0.0,0.0,0.0,0,0.0,0.0,0.0,0.0,797.0,False,True,True,False,True,True,False,True,True,True,True,False,False,False,False,False,False,False,False,False,False,False,False,False
31660,STATE_INIT,9.821,0.0,0.0,0.0,0.0,0.0,0.0,0.0,0.0,0.0,0.0,0.0,0.0,0.921,25.55,-0.54,0.33,9.67,0,0.0,0.0,0.0,0.0,0.0,0,0.0,0.0,0.0,0.0,797.0,False,True,True,False,True,True,False,True,True,True,True,False,False,False,False,False,False,False,False,False,False,False,False,False
31863,STATE_INIT,9.828,0.0,0.0,0.0,0.0,0.0,0.0,0.0,0.0,0.0,0.0,0.0,0.0,0.921,25.49,-0.38,0.41,9.61,0,0.0,0.0,0.0,0.0,0.0,0,0.0,0.0,0.0,0.0,797.0,False,True,True,False,True,True,False,True,True,True,True,False,False,False,False,False,False,False,False,False,False,False,False,False
32168,STATE_INIT,9.805,0.0,0.0,0.0,0.0,0.0,0.0,0.0,0.0,0.0,0.0,0.0,0.0,0.921,25.44,-0.45,0.33,9.61,0,0.0,0.0,0.0,0.0,0.0,0,0.0,0.0,0.0,0.0,797.09,False,True,True,False,True,True,False,True,True,True,True,False,False,False,False,False,False,False,False,False,False,False,False,False
32574,STATE_INIT,9.828,0.0,0.0,0.0,0.0,0.0,0.0,0.0,0.0,0.0,0.0,0.0,0.0,0.921,25.39,-0.35,0.35,9.55,0,0.0,0.0,0.0,0.0,0.0,0,0.0,0.0,0.0,0.0,796.64,False,True,True,False,True,True,False,True,True,True,True,False,False,False,False,False,False,False,False,False,False,False,False,False
32574,STATE_INIT,9.828,0.0,0.0,0.0,0.0,0.0,0.0,0.0,0.0,0.0,0.0,0.0,0.0,0.921,25.39,-0.35,0.35,9.55,0,0.0,0.0,0.0,0.0,0.0,0,0.0,0.0,0.0,0.0,796.64,False,True,True,False,True,True,False,True,True,True,True,False,False,False,False,False,False,False,False,False,False,False,False,False
32574,STATE_INIT,9.828,0.0,0.0,0.0,0.0,0.0,0.0,0.0,0.0,0.0,0.0,0.0,0.0,0.921,25.39,-0.35,0.35,9.55,0,0.0,0.0,0.0,0.0,0.0,0,0.0,0.0,0.0,0.0,796.64,False,True,True,False,True,True,False,True,True,True,True,False,False,False,False,False,False,False,False,False,False,False,False,False
32574,STATE_INIT,9.828,0.0,0.0,0.0,0.0,0.0,0.0,0.0,0.0,0.0,0.0,0.0,0.0,0.921,25.39,-0.35,0.35,9.55,0,0.0,0.0,0.0,0.0,0.0,0,0.0,0.0,0.0,0.0,796.64,False,True,True,False,True,True,False,True,True,True,True,False,False,False,False,False,False,False,False,False,False,False,False,False
32574,STATE_INIT,9.828,0.0,0.0,0.0,0.0,0.0,0.0,0.0,0.0,0.0,0.0,0.0,0.0,0.921,25.39,-0.35,0.35,9.55,0,0.0,0.0,0.0,0.0,0.0,0,0.0,0.0,0.0,0.0,796.64,False,True,True,False,True,True,False,True,True,True,True,False,False,False,False,False,False,False,False,False,False,False,False,False
32574,STATE_INIT,9.828,0.0,0.0,0.0,0.0,0.0,0.0,0.0,0.0,0.0,0.0,0.0,0.0,0.921,25.39,-0.35,0.35,9.55,0,0.0,0.0,0.0,0.0,0.0,0,0.0,0.0,0.0,0.0,796.64,False,True,True,False,True,True,False,True,True,True,True,False,False,False,False,False,False,False,False,False,False,False,False,False
32777,STATE_INIT,9.821,0.0,0.0,0.0,0.0,0.0,0.0,0.0,0.0,0.0,0.0,0.0,0.0,0.921,25.6,-0.34,0.33,9.63,0,0.0,0.0,0.0,0.0,0.0,0,0.0,0.0,0.0,0.0,796.82,False,True,True,False,True,True,False,True,True,True,True,False,False,False,False,False,False,False,False,False,False,False,False,False
32777,STATE_INIT,9.821,0.0,0.0,0.0,0.0,0.0,0.0,0.0,0.0,0.0,0.0,0.0,0.0,0.921,25.6,-0.34,0.33,9.63,0,0.0,0.0,0.0,0.0,0.0,0,0.0,0.0,0.0,0.0,796.82,False,True,True,False,True,True,False,True,True,True,True,False,False,False,False,False,False,False,False,False,False,False,False,False
32777,STATE_INIT,9.821,0.0,0.0,0.0,0.0,0.0,0.0,0.0,0.0,0.0,0.0,0.0,0.0,0.921,25.6,-0.34,0.33,9.63,0,0.0,0.0,0.0,0.0,0.0,0,0.0,0.0,0.0,0.0,796.82,False,True,True,False,True,True,False,True,True,True,True,False,False,False,False,False,False,False,False,False,False,False,False,False
32777,STATE_INIT,9.821,0.0,0.0,0.0,0.0,0.0,0.0,0.0,0.0,0.0,0.0,0.0,0.0,0.921,25.6,-0.34,0.33,9.63,0,0.0,0.0,0.0,0.0,0.0,0,0.0,0.0,0.0,0.0,796.82,False,True,True,False,True,True,False,True,True,True,True,False,False,False,False,False,False,False,False,False,False,False,False,False
33082,STATE_INIT,9.798,0.0,0.0,0.0,0.0,0.0,0.0,0.0,0.0,0.0,0.0,0.0,0.0,0.921,25.49,-0.37,0.35,9.61,0,0.0,0.0,0.0,0.0,0.0,0,0.0,0.0,0.0,0.0,796.82,False,True,True,False,True,True,False,True,True,True,True,False,False,False,False,False,False,False,False,False,False,False,False,False
33082,STATE_INIT,9.798,0.0,0.0,0.0,0.0,0.0,0.0,0.0,0.0,0.0,0.0,0.0,0.0,0.921,25.49,-0.37,0.35,9.61,0,0.0,0.0,0.0,0.0,0.0,0,0.0,0.0,0.0,0.0,796.82,False,True,True,False,True,True,False,True,True,True,True,False,False,False,False,False,False,False,False,False,False,False,False,False
33082,STATE_INIT,9.798,0.0,0.0,0.0,0.0,0.0,0.0,0.0,0.0,0.0,0.0,0.0,0.0,0.921,25.49,-0.37,0.35,9.61,0,0.0,0.0,0.0,0.0,0.0,0,0.0,0.0,0.0,0.0,796.82,False,True,True,False,True,True,False,True,True,True,True,False,False,False,False,False,False,False,False,False,False,False,False,False
33082,STATE_INIT,9.798,0.0,0.0,0.0,0.0,0.0,0.0,0.0,0.0,0.0,0.0,0.0,0.0,0.921,25.49,-0.37,0.35,9.61,0,0.0,0.0,0.0,0.0,0.0,0,0.0,0.0,0.0,0.0,796.82,False,True,True,False,True,True,False,True,True,True,True,False,False,False,False,False,False,False,False,False,False,False,False,False
33285,STATE_INIT,9.813,0.0,0.0,0.0,0.0,0.0,0.0,0.0,0.0,0.0,0.0,0.0,0.0,0.921,25.55,-0.35,0.38,9.61,0,0.0,0.0,0.0,0.0,0.0,0,0.0,0.0,0.0,0.0,797.0,False,True,True,False,True,True,False,True,True,True,True,False,False,False,False,False,False,False,False,False,False,False,False,False
33285,STATE_INIT,9.813,0.0,0.0,0.0,0.0,0.0,0.0,0.0,0.0,0.0,0.0,0.0,0.0,0.921,25.55,-0.35,0.38,9.61,0,0.0,0.0,0.0,0.0,0.0,0,0.0,0.0,0.0,0.0,797.0,False,True,True,False,True,True,False,True,True,True,True,False,False,False,False,False,False,False,False,False,False,False,False,False
33488,STATE_INIT,9.813,0.0,0.0,0.0,0.0,0.0,0.0,0.0,0.0,0.0,0.0,0.0,0.0,0.921,25.39,-0.3,0.33,9.61,0,0.0,0.0,0.0,0.0,0.0,0,0.0,0.0,0.0,0.0,797.27,False,True,True,False,True,True,False,True,True,True,True,False,False,False,False,False,False,False,False,False,False,False,False,False
33488,STATE_INIT,9.813,0.0,0.0,0.0,0.0,0.0,0.0,0.0,0.0,0.0,0.0,0.0,0.0,0.921,25.39,-0.3,0.33,9.61,0,0.0,0.0,0.0,0.0,0.0,0,0.0,0.0,0.0,0.0,797.27,False,True,True,False,True,True,False,True,True,True,True,False,False,False,False,False,False,False,False,False,False,False,False,False
33488,STATE_INIT,9.813,0.0,0.0,0.0,0.0,0.0,0.0,0.0,0.0,0.0,0.0,0.0,0.0,0.921,25.39,-0.3,0.33,9.61,0,0.0,0.0,0.0,0.0,0.0,0,0.0,0.0,0.0,0.0,797.27,False,True,True,False,True,True,False,True,True,True,True,False,False,False,False,False,False,False,False,False,False,False,False,False
33691,STATE_INIT,9.767,0.0,0.0,0.0,0.0,0.0,0.0,0.0,0.0,0.0,0.0,0.0,0.0,0.921,25.39,-0.43,0.28,9.63,0,0.0,0.0,0.0,0.0,0.0,0,0.0,0.0,0.0,0.0,797.18,False,True,True,False,True,True,False,True,True,True,True,False,False,False,False,False,False,False,False,False,False,False,False,False
33793,STATE_INIT,9.828,0.0,0.0,0.0,0.0,0.0,0.0,0.0,0.0,0.0,0.0,0.0,0.0,0.921,25.49,-0.37,0.4,9.6,0,0.0,0.0,0.0,0.0,0.0,0,0.0,0.0,0.0,0.0,797.18,False,True,True,False,True,True,False,True,True,True,True,False,False,False,False,False,False,False,False,False,False,False,False,False
33996,STATE_INIT,9.813,0.0,0.0,0.0,0.0,0.0,0.0,0.0,0.0,0.0,0.0,0.0,0.0,0.921,25.44,-0.32,0.28,9.62,0,0.0,0.0,0.0,0.0,0.0,0,0.0,0.0,0.0,0.0,797.27,False,True,True,False,True,True,False,True,True,True,True,False,False,False,False,False,False,False,False,False,False,False,False,False
33996,STATE_INIT,9.813,0.0,0.0,0.0,0.0,0.0,0.0,0.0,0.0,0.0,0.0,0.0,0.0,0.921,25.44,-0.32,0.28,9.62,0,0.0,0.0,0.0,0.0,0.0,0,0.0,0.0,0.0,0.0,797.27,False,True,True,False,True,True,False,True,True,True,True,False,False,False,False,False,False,False,False,False,False,False,False,False
33996,STATE_INIT,9.813,0.0,0.0,0.0,0.0,0.0,0.0,0.0,0.0,0.0,0.0,0.0,0.0,0.921,25.44,-0.32,0.28,9.62,0,0.0,0.0,0.0,0.0,0.0,0,0.0,0.0,0.0,0.0,797.27,False,True,True,False,True,True,False,True,True,True,True,False,False,False,False,False,False,False,False,False,False,False,False,False
34199,STATE_INIT,9.805,0.0,0.0,0.0,0.0,0.0,0.0,0.0,0.0,0.0,0.0,0.0,0.0,0.921,25.44,-0.4,0.37,9.62,0,0.0,0.0,0.0,0.0,0.0,0,0.0,0.0,0.0,0.0,796.91,False,True,True,False,True,True,False,True,True,True,True,False,False,False,False,False,False,False,False,False,False,False,False,False
34199,STATE_INIT,9.805,0.0,0.0,0.0,0.0,0.0,0.0,0.0,0.0,0.0,0.0,0.0,0.0,0.921,25.44,-0.4,0.37,9.62,0,0.0,0.0,0.0,0.0,0.0,0,0.0,0.0,0.0,0.0,796.91,False,True,True,False,True,True,False,True,True,True,True,False,False,False,False,False,False,False,False,False,False,False,False,False
34301,STATE_INIT,9.821,0.0,0.0,0.0,0.0,0.0,0.0,0.0,0.0,0.0,0.0,0.0,0.0,0.921,25.55,-0.34,0.38,9.65,0,0.0,0.0,0.0,0.0,0.0,0,0.0,0.0,0.0,0.0,797.09,False,True,True,False,True,True,False,True,True,True,True,False,False,False,False,False,False,False,False,False,False,False,False,False
34301,STATE_INIT,9.821,0.0,0.0,0.0,0.0,0.0,0.0,0.0,0.0,0.0,0.0,0.0,0.0,0.921,25.55,-0.34,0.38,9.65,0,0.0,0.0,0.0,0.0,0.0,0,0.0,0.0,0.0,0.0,797.09,False,True,True,False,True,True,False,True,True,True,True,False,False,False,False,False,False,False,False,False,False,False,False,False
34707,STATE_INIT,9.821,0.0,0.0,0.0,0.0,0.0,0.0,0.0,0.0,0.0,0.0,0.0,0.0,0.921,25.55,-0.35,0.33,9.66,0,0.0,0.0,0.0,0.0,0.0,0,0.0,0.0,0.0,0.0,796.46,False,True,True,False,True,True,False,True,True,True,True,False,False,False,False,False,False,False,False,False,False,False,False,False
34707,STATE_INIT,9.821,0.0,0.0,0.0,0.0,0.0,0.0,0.0,0.0,0.0,0.0,0.0,0.0,0.921,25.55,-0.35,0.33,9.66,0,0.0,0.0,0.0,0.0,0.0,0,0.0,0.0,0.0,0.0,796.46,False,True,True,False,True,True,False,True,True,True,True,False,False,False,False,False,False,False,False,False,False,False,False,False
34707,STATE_INIT,9.821,0.0,0.0,0.0,0.0,0.0,0.0,0.0,0.0,0.0,0.0,0.0,0.0,0.921,25.55,-0.35,0.33,9.66,0,0.0,0.0,0.0,0.0,0.0,0,0.0,0.0,0.0,0.0,796.46,False,True,True,False,True,True,False,True,True,True,True,False,False,False,False,False,False,False,False,False,False,False,False,False
34707,STATE_INIT,9.821,0.0,0.0,0.0,0.0,0.0,0.0,0.0,0.0,0.0,0.0,0.0,0.0,0.921,25.55,-0.35,0.33,9.66,0,0.0,0.0,0.0,0.0,0.0,0,0.0,0.0,0.0,0.0,796.46,False,True,True,False,True,True,False,True,True,True,True,False,False,False,False,False,False,False,False,False,False,False,False,False
34911,STATE_INIT,9.813,0.0,0.0,0.0,0.0,0.0,0.0,0.0,0.0,0.0,0.0,0.0,0.0,0.921,25.49,-0.42,0.3,9.59,0,0.0,0.0,0.0,0.0,0.0,0,0.0,0.0,0.0,0.0,797.27,False,True,True,False,True,True,False,True,True,True,True,False,False,False,False,False,False,False,False,False,False,False,False,False
34911,STATE_INIT,9.813,0.0,0.0,0.0,0.0,0.0,0.0,0.0,0.0,0.0,0.0,0.0,0.0,0.921,25.49,-0.42,0.3,9.59,0,0.0,0.0,0.0,0.0,0.0,0,0.0,0.0,0.0,0.0,797.27,False,True,True,False,True,True,False,True,True,True,True,False,False,False,False,False,False,False,False,False,False,False,False,False
34911,STATE_INIT,9.813,0.0,0.0,0.0,0.0,0.0,0.0,0.0,0.0,0.0,0.0,0.0,0.0,0.921,25.49,-0.42,0.3,9.59,0,0.0,0.0,0.0,0.0,0.0,0,0.0,0.0,0.0,0.0,797.27,False,True,True,False,True,True,False,True,True,True,True,False,False,False,False,False,False,False,False,False,False,False,False,False
34911,STATE_INIT,9.813,0.0,0.0,0.0,0.0,0.0,0.0,0.0,0.0,0.0,0.0,0.0,0.0,0.921,25.49,-0.42,0.3,9.59,0,0.0,0.0,0.0,0.0,0.0,0,0.0,0.0,0.0,0.0,797.27,False,True,True,False,True,True,False,True,True,True,True,False,False,False,False,False,False,False,False,False,False,False,False,False
35114,STATE_INIT,9.805,0.0,0.0,0.0,0.0,0.0,0.0,0.0,0.0,0.0,0.0,0.0,0.0,0.921,25.44,-0.4,0.38,9.7,0,0.0,0.0,0.0,0.0,0.0,0,0.0,0.0,0.0,0.0,797.18,False,True,True,False,True,True,False,True,True,True,True,False,False,False,False,False,False,False,False,False,False,False,False,False
35317,STATE_INIT,9.782,0.0,0.0,0.0,0.0,0.0,0.0,0.0,0.0,0.0,0.0,0.0,0.0,0.921,25.44,-0.42,0.33,9.65,0,0.0,0.0,0.0,0.0,0.0,0,0.0,0.0,0.0,0.0,797.0,False,True,True,False,True,True,False,True,True,True,True,False,False,False,False,False,False,False,False,False,False,False,False,False
35419,STATE_INIT,9.752,0.0,0.0,0.0,0.0,0.0,0.0,0.0,0.0,0.0,0.0,0.0,0.0,0.921,25.49,-0.42,0.33,9.61,0,0.0,0.0,0.0,0.0,0.0,0,0.0,0.0,0.0,0.0,797.09,False,True,True,False,True,True,False,True,True,True,True,False,False,False,False,False,False,False,False,False,False,False,False,False
35622,STATE_INIT,9.813,0.0,0.0,0.0,0.0,0.0,0.0,0.0,0.0,0.0,0.0,0.0,0.0,0.921,25.44,-0.38,0.37,9.56,0,0.0,0.0,0.0,0.0,0.0,0,0.0,0.0,0.0,0.0,797.18,False,True,True,False,True,True,False,True,True,True,True,False,False,False,False,False,False,False,False,False,False,False,False,False
35622,STATE_INIT,9.813,0.0,0.0,0.0,0.0,0.0,0.0,0.0,0.0,0.0,0.0,0.0,0.0,0.921,25.44,-0.38,0.37,9.56,0,0.0,0.0,0.0,0.0,0.0,0,0.0,0.0,0.0,0.0,797.18,False,True,True,False,True,True,False,True,True,True,True,False,False,False,False,False,False,False,False,False,False,False,False,False
35622,STATE_INIT,9.813,0.0,0.0,0.0,0.0,0.0,0.0,0.0,0.0,0.0,0.0,0.0,0.0,0.921,25.44,-0.38,0.37,9.56,0,0.0,0.0,0.0,0.0,0.0,0,0.0,0.0,0.0,0.0,797.18,False,True,True,False,True,True,False,True,True,True,True,False,False,False,False,False,False,False,False,False,False,False,False,False
35622,STATE_INIT,9.813,0.0,0.0,0.0,0.0,0.0,0.0,0.0,0.0,0.0,0.0,0.0,0.0,0.921,25.44,-0.38,0.37,9.56,0,0.0,0.0,0.0,0.0,0.0,0,0.0,0.0,0.0,0.0,797.18,False,True,True,False,True,True,False,True,True,True,True,False,False,False,False,False,False,False,False,False,False,False,False,False
35825,STATE_INIT,9.813,0.0,0.0,0.0,0.0,0.0,0.0,0.0,0.0,0.0,0.0,0.0,0.0,0.921,25.55,-0.38,0.37,9.58,0,0.0,0.0,0.0,0.0,0.0,0,0.0,0.0,0.0,0.0,796.91,False,True,True,False,True,True,False,True,True,True,True,False,False,False,False,False,False,False,False,False,False,False,False,False
35825,STATE_INIT,9.813,0.0,0.0,0.0,0.0,0.0,0.0,0.0,0.0,0.0,0.0,0.0,0.0,0.921,25.55,-0.38,0.37,9.58,0,0.0,0.0,0.0,0.0,0.0,0,0.0,0.0,0.0,0.0,796.91,False,True,True,False,True,True,False,True,True,True,True,False,False,False,False,False,False,False,False,False,False,False,False,False
36130,STATE_INIT,9.805,0.0,0.0,0.0,0.0,0.0,0.0,0.0,0.0,0.0,0.0,0.0,0.0,0.921,25.49,-0.37,0.38,9.63,0,0.0,0.0,0.0,0.0,0.0,0,0.0,0.0,0.0,0.0,797.0,False,True,True,False,True,True,False,True,True,True,True,False,False,False,False,False,False,False,False,False,False,False,False,False
36333,STATE_INIT,9.813,0.0,0.0,0.0,0.0,0.0,0.0,0.0,0.0,0.0,0.0,0.0,0.0,0.921,25.44,-0.37,0.32,9.55,0,0.0,0.0,0.0,0.0,0.0,0,0.0,0.0,0.0,0.0,797.18,False,True,True,False,True,True,False,True,True,True,True,False,False,False,False,False,False,False,False,False,False,False,False,False
36333,STATE_INIT,9.813,0.0,0.0,0.0,0.0,0.0,0.0,0.0,0.0,0.0,0.0,0.0,0.0,0.921,25.44,-0.37,0.32,9.55,0,0.0,0.0,0.0,0.0,0.0,0,0.0,0.0,0.0,0.0,797.18,False,True,True,False,True,True,False,True,True,True,True,False,False,False,False,False,False,False,False,False,False,False,False,False
36333,STATE_INIT,9.813,0.0,0.0,0.0,0.0,0.0,0.0,0.0,0.0,0.0,0.0,0.0,0.0,0.921,25.44,-0.37,0.32,9.55,0,0.0,0.0,0.0,0.0,0.0,0,0.0,0.0,0.0,0.0,797.18,False,True,True,False,True,True,False,True,True,True,True,False,False,False,False,False,False,False,False,False,False,False,False,False
36434,STATE_INIT,9.744,0.0,0.0,0.0,0.0,0.0,0.0,0.0,0.0,0.0,0.0,0.0,0.0,0.921,25.29,-0.43,0.37,9.67,0,0.0,0.0,0.0,0.0,0.0,0,0.0,0.0,0.0,0.0,797.0,False,True,True,False,True,True,False,True,True,True,True,False,False,False,False,False,False,False,False,False,False,False,False,False
36536,STATE_INIT,9.813,0.0,0.0,0.0,0.0,0.0,0.0,0.0,0.0,0.0,0.0,0.0,0.0,0.921,25.44,-0.45,0.33,9.72,0,0.0,0.0,0.0,0.0,0.0,0,0.0,0.0,0.0,0.0,797.09,False,True,True,False,True,True,False,True,True,True,True,False,False,False,False,False,False,False,False,False,False,False,False,False
36536,STATE_INIT,9.813,0.0,0.0,0.0,0.0,0.0,0.0,0.0,0.0,0.0,0.0,0.0,0.0,0.921,25.44,-0.45,0.33,9.72,0,0.0,0.0,0.0,0.0,0.0,0,0.0,0.0,0.0,0.0,797.09,False,True,True,False,True,True,False,True,True,True,True,False,False,False,False,False,False,False,False,False,False,False,False,False
36536,STATE_INIT,9.813,0.0,0.0,0.0,0.0,0.0,0.0,0.0,0.0,0.0,0.0,0.0,0.0,0.921,25.44,-0.45,0.33,9.72,0,0.0,0.0,0.0,0.0,0.0,0,0.0,0.0,0.0,0.0,797.09,False,True,True,False,True,True,False,True,True,True,True,False,False,False,False,False,False,False,False,False,False,False,False,False
36739,STATE_INIT,9.821,0.0,0.0,0.0,0.0,0.0,0.0,0.0,0.0,0.0,0.0,0.0,0.0,0.921,25.34,-0.48,0.35,9.54,0,0.0,0.0,0.0,0.0,0.0,0,0.0,0.0,0.0,0.0,796.82,False,True,True,False,True,True,False,True,True,True,True,False,False,False,False,False,False,False,False,False,False,False,False,False
36739,STATE_INIT,9.821,0.0,0.0,0.0,0.0,0.0,0.0,0.0,0.0,0.0,0.0,0.0,0.0,0.921,25.34,-0.48,0.35,9.54,0,0.0,0.0,0.0,0.0,0.0,0,0.0,0.0,0.0,0.0,796.82,False,True,True,False,True,True,False,True,True,True,True,False,False,False,False,False,False,False,False,False,False,False,False,False
36943,STATE_INIT,9.805,0.0,0.0,0.0,0.0,0.0,0.0,0.0,0.0,0.0,0.0,0.0,0.0,0.921,25.6,-0.38,0.38,9.62,0,0.0,0.0,0.0,0.0,0.0,0,0.0,0.0,0.0,0.0,796.46,False,True,True,False,True,True,False,True,True,True,True,False,False,False,False,False,False,False,False,False,False,False,False,False
36943,STATE_INIT,9.805,0.0,0.0,0.0,0.0,0.0,0.0,0.0,0.0,0.0,0.0,0.0,0.0,0.921,25.6,-0.38,0.38,9.62,0,0.0,0.0,0.0,0.0,0.0,0,0.0,0.0,0.0,0.0,796.46,False,True,True,False,True,True,False,True,True,True,True,False,False,False,False,False,False,False,False,False,False,False,False,False
37146,STATE_INIT,9.821,0.0,0.0,0.0,0.0,0.0,0.0,0.0,0.0,0.0,0.0,0.0,0.0,0.921,25.34,-0.34,0.35,9.65,0,0.0,0.0,0.0,0.0,0.0,0,0.0,0.0,0.0,0.0,796.46,False,True,True,False,True,True,False,True,True,True,True,False,False,False,False,False,False,False,False,False,False,False,False,False
37247,STATE_INIT,9.821,0.0,0.0,0.0,0.0,0.0,0.0,0.0,0.0,0.0,0.0,0.0,0.0,0.921,25.39,-0.34,0.4,9.6,0,0.0,0.0,0.0,0.0,0.0,0,0.0,0.0,0.0,0.0,796.91,False,True,True,False,True,True,False,True,True,True,True,False,False,False,False,False,False,False,False,False,False,False,False,False
37247,STATE_INIT,9.821,0.0,0.0,0.0,0.0,0.0,0.0,0.0,0.0,0.0,0.0,0.0,0.0,0.921,25.39,-0.34,0.4,9.6,0,0.0,0.0,0.0,0.0,0.0,0,0.0,0.0,0.0,0.0,796.91,False,True,True,False,True,True,False,True,True,True,True,False,False,False,False,False,False,False,False,False,False,False,False,False
37247,STATE_INIT,9.821,0.0,0.0,0.0,0.0,0.0,0.0,0.0,0.0,0.0,0.0,0.0,0.0,0.921,25.39,-0.34,0.4,9.6,0,0.0,0.0,0.0,0.0,0.0,0,0.0,0.0,0.0,0.0,796.91,False,True,True,False,True,True,False,True,True,True,True,False,False,False,False,False,False,False,False,False,False,False,False,False
37247,STATE_INIT,9.821,0.0,0.0,0.0,0.0,0.0,0.0,0.0,0.0,0.0,0.0,0.0,0.0,0.921,25.39,-0.34,0.4,9.6,0,0.0,0.0,0.0,0.0,0.0,0,0.0,0.0,0.0,0.0,796.91,False,True,True,False,True,True,False,True,True,True,True,False,False,False,False,False,False,False,False,False,False,False,False,False
37247,STATE_INIT,9.821,0.0,0.0,0.0,0.0,0.0,0.0,0.0,0.0,0.0,0.0,0.0,0.0,0.921,25.39,-0.34,0.4,9.6,0,0.0,0.0,0.0,0.0,0.0,0,0.0,0.0,0.0,0.0,796.91,False,True,True,False,True,True,False,True,True,True,True,False,False,False,False,False,False,False,False,False,False,False,False,False
37450,STATE_INIT,9.813,0.0,0.0,0.0,0.0,0.0,0.0,0.0,0.0,0.0,0.0,0.0,0.0,0.921,25.44,-0.35,0.37,9.69,0,0.0,0.0,0.0,0.0,0.0,0,0.0,0.0,0.0,0.0,797.0,False,True,True,False,True,True,False,True,True,True,True,False,False,False,False,False,False,False,False,False,False,False,False,False
37450,STATE_INIT,9.813,0.0,0.0,0.0,0.0,0.0,0.0,0.0,0.0,0.0,0.0,0.0,0.0,0.921,25.44,-0.35,0.37,9.69,0,0.0,0.0,0.0,0.0,0.0,0,0.0,0.0,0.0,0.0,797.0,False,True,True,False,True,True,False,True,True,True,True,False,False,False,False,False,False,False,False,False,False,False,False,False
37654,STATE_INIT,9.805,0.0,0.0,0.0,0.0,0.0,0.0,0.0,0.0,0.0,0.0,0.0,0.0,0.921,25.6,-0.38,0.4,9.67,0,0.0,0.0,0.0,0.0,0.0,0,0.0,0.0,0.0,0.0,797.18,False,True,True,False,True,True,False,True,True,True,True,False,False,False,False,False,False,False,False,False,False,False,False,False
37755,STATE_INIT,9.805,0.0,0.0,0.0,0.0,0.0,0.0,0.0,0.0,0.0,0.0,0.0,0.0,0.921,25.55,-0.29,0.25,9.52,0,0.0,0.0,0.0,0.0,0.0,0,0.0,0.0,0.0,0.0,796.82,False,True,True,False,True,True,False,True,True,True,True,False,False,False,False,False,False,False,False,False,False,False,False,False
37958,STATE_INIT,9.813,0.0,0.0,0.0,0.0,0.0,0.0,0.0,0.0,0.0,0.0,0.0,0.0,0.921,25.65,-0.55,0.0,8.95,0,0.0,0.0,0.0,0.0,0.0,0,0.0,0.0,0.0,0.0,796.55,False,True,True,False,True,True,False,True,True,True,True,False,False,False,False,False,False,False,False,False,False,False,False,False
37958,STATE_INIT,9.813,0.0,0.0,0.0,0.0,0.0,0.0,0.0,0.0,0.0,0.0,0.0,0.0,0.921,25.65,-0.55,0.0,8.95,0,0.0,0.0,0.0,0.0,0.0,0,0.0,0.0,0.0,0.0,796.55,False,True,True,False,True,True,False,True,True,True,True,False,False,False,False,False,False,False,False,False,False,False,False,False
37958,STATE_INIT,9.813,0.0,0.0,0.0,0.0,0.0,0.0,0.0,0.0,0.0,0.0,0.0,0.0,0.921,25.65,-0.55,0.0,8.95,0,0.0,0.0,0.0,0.0,0.0,0,0.0,0.0,0.0,0.0,796.55,False,True,True,False,True,True,False,True,True,True,True,False,False,False,False,False,False,False,False,False,False,False,False,False
37958,STATE_INIT,9.813,0.0,0.0,0.0,0.0,0.0,0.0,0.0,0.0,0.0,0.0,0.0,0.0,0.921,25.65,-0.55,0.0,8.95,0,0.0,0.0,0.0,0.0,0.0,0,0.0,0.0,0.0,0.0,796.55,False,True,True,False,True,True,False,True,True,True,True,False,False,False,False,False,False,False,False,False,False,False,False,False
38161,STATE_INIT,9.813,0.0,0.0,0.0,0.0,0.0,0.0,0.0,0.0,0.0,0.0,0.0,0.0,0.921,25.49,-0.38,0.49,10.13,0,0.0,0.0,0.0,0.0,0.0,0,0.0,0.0,0.0,0.0,796.64,False,True,True,False,True,True,False,True,True,True,True,False,False,False,False,False,False,False,False,False,False,False,False,False
38161,STATE_INIT,9.813,0.0,0.0,0.0,0.0,0.0,0.0,0.0,0.0,0.0,0.0,0.0,0.0,0.921,25.49,-0.38,0.49,10.13,0,0.0,0.0,0.0,0.0,0.0,0,0.0,0.0,0.0,0.0,796.64,False,True,True,False,True,True,False,True,True,True,True,False,False,False,False,False,False,False,False,False,False,False,False,False
19592,STATE_INIT,9.813,-3.22,0.85,-0.02,-0.13,-0.52,9.35,-0.06,0.06,0.06,-26.0,4.06,-63.37,0.921,23.8,-0.63,0.42,9.95,0,0.0,0.0,0.0,0.0,0.0,0,-0.43,1.01,795.46,0.05,795.74,False,True,True,False,True,True,True,True,True,True,True,False,False,False,False,False,False,False,False,False,False,False,False,False
19592,STATE_INIT,9.813,-3.22,0.85,-0.02,-0.13,-0.52,9.35,-0.06,0.06,0.06,-26.0,4.06,-63.37,0.921,23.8,-0.63,0.42,9.95,0,0.0,0.0,0.0,0.0,0.0,0,-0.43,1.01,795.46,0.05,795.74,False,True,True,False,True,True,True,True,True,True,True,False,False,False,False,False,False,False,False,False,False,False,False,False
19592,STATE_INIT,9.813,-3.22,0.85,-0.02,-0.13,-0.52,9.35,-0.06,0.06,0.06,-26.0,4.06,-63.37,0.921,23.8,-0.63,0.42,9.95,0,0.0,0.0,0.0,0.0,0.0,0,-0.43,1.01,795.46,0.05,795.74,False,True,True,False,True,True,True,True,True,True,True,False,False,False,False,False,False,False,False,False,False,False,False,False
19592,STATE_INIT,9.813,-3.22,0.85,-0.02,-0.13,-0.52,9.35,-0.06,0.06,0.06,-26.0,4.06,-63.37,0.921,23.8,-0.63,0.42,9.95,0,0.0,0.0,0.0,0.0,0.0,0,-0.43,1.01,795.46,0.05,795.74,False,True,True,False,True,True,True,True,True,True,True,False,False,False,False,False,False,False,False,False,False,False,False,False
19592,STATE_INIT,9.813,-3.22,0.85,-0.02,-0.13,-0.52,9.35,-0.06,0.06,0.06,-26.0,4.06,-63.37,0.921,23.8,-0.63,0.42,9.95,0,0.0,0.0,0.0,0.0,0.0,0,-0.43,1.01,795.46,0.05,795.74,False,True,True,False,True,True,True,True,True,True,True,False,False,False,False,False,False,False,False,False,False,False,False,False
19592,STATE_INIT,9.813,-3.22,0.85,-0.02,-0.13,-0.52,9.35,-0.06,0.06,0.06,-26.0,4.06,-63.37,0.921,23.8,-0.63,0.42,9.95,0,0.0,0.0,0.0,0.0,0.0,0,-0.43,1.01,795.46,0.05,795.74,False,True,True,False,True,True,True,True,True,True,True,False,False,False,False,False,False,False,False,False,False,False,False,False
19592,STATE_INIT,9.813,-3.22,0.85,-0.02,-0.13,-0.52,9.35,-0.06,0.06,0.06,-26.0,4.06,-63.37,0.921,23.8,-0.63,0.42,9.95,0,0.0,0.0,0.0,0.0,0.0,0,-0.43,1.01,795.46,0.05,795.74,False,True,True,False,True,True,True,True,True,True,True,False,False,False,False,False,False,False,False,False,False,False,False,False
19592,STATE_INIT,9.813,-3.22,0.85,-0.02,-0.13,-0.52,9.35,-0.06,0.06,0.06,-26.0,4.06,-63.37,0.921,23.8,-0.63,0.42,9.95,0,0.0,0.0,0.0,0.0,0.0,0,-0.43,1.01,795.46,0.05,795.74,False,True,True,False,True,True,True,True,True,True,True,False,False,False,False,False,False,False,False,False,False,False,False,False
19592,STATE_INIT,9.813,-3.22,0.85,-0.02,-0.13,-0.52,9.35,-0.06,0.06,0.06,-26.0,4.06,-63.37,0.921,23.8,-0.63,0.42,9.95,0,0.0,0.0,0.0,0.0,0.0,0,-0.43,1.01,795.46,0.05,795.74,False,True,True,False,True,True,True,True,True,True,True,False,False,False,False,False,False,False,False,False,False,False,False,False
19592,STATE_INIT,9.813,-3.22,0.85,-0.02,-0.13,-0.52,9.35,-0.06,0.06,0.06,-26.0,4.06,-63.37,0.921,23.8,-0.63,0.42,9.95,0,0.0,0.0,0.0,0.0,0.0,0,-0.43,1.01,795.46,0.05,795.74,False,True,True,False,True,True,True,True,True,True,True,False,False,False,False,False,False,False,False,False,False,False,False,False
19792,STATE_INIT,9.813,-3.22,0.85,-0.02,-0.15,-0.52,9.37,-0.06,-0.12,-0.06,-26.37,4.37,-64.18,0.921,23.86,-0.61,0.39,9.97,0,0.0,0.0,0.0,0.0,0.0,0,-0.4,1.01,795.75,0.38,796.28,False,True,True,False,True,True,False,True,True,True,True,False,False,False,False,False,False,False,False,False,False,False,False,False
19993,STATE_INIT,9.805,-3.22,0.85,-0.02,-0.14,-0.5,9.35,-0.12,-0.06,-0.12,-26.75,4.37,-63.75,0.921,23.65,-0.56,0.45,9.94,0,0.0,0.0,0.0,0.0,0.0,0,-0.42,1.01,795.62,-0.17,795.38,False,True,True,False,True,True,False,True,True,True,True,False,False,False,False,False,False,False,False,False,False,False,False,False
19993,STATE_INIT,9.805,-3.22,0.85,-0.02,-0.14,-0.5,9.35,-0.12,-0.06,-0.12,-26.75,4.37,-63.75,0.921,23.65,-0.56,0.45,9.94,0,0.0,0.0,0.0,0.0,0.0,0,-0.42,1.01,795.62,-0.17,795.38,False,True,True,False,True,True,False,True,True,True,True,False,False,False,False,False,False,False,False,False,False,False,False,False
20092,STATE_INIT,9.813,-3.22,0.85,-0.02,-0.11,-0.54,9.35,-0.18,-0.12,0.18,-27.5,4.06,-63.75,0.921,23.75,-0.48,0.4,9.89,0,0.0,0.0,0.0,0.0,0.0,0,-0.42,1.0,795.54,-0.34,795.65,False,True,True,False,True,True,False,True,True,True,True,False,False,False,False,False,False,False,False,False,False,False,False,False
20390,STATE_INIT,9.813,-3.22,0.85,-0.02,-0.15,-0.51,9.35,-0.12,0.12,0.06,-26.75,4.75,-62.56,0.921,23.55,-0.47,0.37,9.84,0,0.0,0.0,0.0,0.0,0.0,0,-0.42,1.0,795.36,-0.55,795.83,False,True,True,False,True,True,False,True,True,True,True,False,False,False,False,False,False,False,False,False,False,False,False,False
20690,STATE_INIT,9.813,-3.22,0.85,-0.02,-0.13,-0.51,9.35,0.06,-0.06,0.0,-26.75,4.75,-63.06,0.921,23.65,-0.61,0.4,9.9,0,0.0,0.0,0.0,0.0,0.0,0,-0.43,1.0,795.21,-0.65,794.84,False,True,True,False,True,True,False,True,True,True,True,False,False,False,False,False,False,False,False,False,False,False,False,False
20690,STATE_INIT,9.813,-3.22,0.85,-0.02,-0.13,-0.51,9.35,0.06,-0.06,0.0,-26.75,4.75,-63.06,0.921,23.65,-0.61,0.4,9.9,0,0.0,0.0,0.0,0.0,0.0,0,-0.43,1.0,795.21,-0.65,794.84,False,True,True,False,True,True,False,True,True,True,True,False,False,False,False,False,False,False,False,False,False,False,False,False
20690,STATE_INIT,9.813,-3.22,0.85,-0.02,-0.13,-0.51,9.35,0.06,-0.06,0.0,-26.75,4.75,-63.06,0.921,23.65,-0.61,0.4,9.9,0,0.0,0.0,0.0,0.0,0.0,0,-0.43,1.0,795.21,-0.65,794.84,False,True,True,False,True,True,False,True,True,True,True,False,False,False,False,False,False,False,False,False,False,False,False,False
20690,STATE_INIT,9.813,-3.22,0.85,-0.02,-0.13,-0.51,9.35,0.06,-0.06,0.0,-26.75,4.75,-63.06,0.921,23.65,-0.61,0.4,9.9,0,0.0,0.0,0.0,0.0,0.0,0,-0.43,1.0,795.21,-0.65,794.84,False,True,True,False,True,True,False,True,True,True,True,False,False,False,False,False,False,False,False,False,False,False,False,False
20690,STATE_INIT,9.813,-3.22,0.85,-0.02,-0.13,-0.51,9.35,0.06,-0.06,0.0,-26.75,4.75,-63.06,0.921,23.65,-0.61,0.4,9.9,0,0.0,0.0,0.0,0.0,0.0,0,-0.43,1.0,795.21,-0.65,794.84,False,True,True,False,True,True,False,True,True,True,True,False,False,False,False,False,False,False,False,False,False,False,False,False
20891,STATE_INIT,9.813,-3.22,0.85,-0.02,-0.14,-0.52,9.38,0.0,0.06,0.06,-26.37,4.37,-63.37,0.921,23.55,-0.56,0.42,9.85,0,0.0,0.0,0.0,0.0,0.0,0,-0.42,1.0,795.18,-0.59,795.2,False,True,True,False,True,True,False,True,True,True,True,False,False,False,False,False,False,False,False,False,False,False,False,False
20891,STATE_INIT,9.813,-3.22,0.85,-0.02,-0.14,-0.52,9.38,0.0,0.06,0.06,-26.37,4.37,-63.37,0.921,23.55,-0.56,0.42,9.85,0,0.0,0.0,0.0,0.0,0.0,0,-0.42,1.0,795.18,-0.59,795.2,False,True,True,False,True,True,False,True,True,True,True,False,False,False,False,False,False,False,False,False,False,False,False,False
20891,STATE_INIT,9.813,-3.22,0.85,-0.02,-0.14,-0.52,9.38,0.0,0.06,0.06,-26.37,4.37,-63.37,0.921,23.55,-0.56,0.42,9.85,0,0.0,0.0,0.0,0.0,0.0,0,-0.42,1.0,795.18,-0.59,795.2,False,True,True,False,True,True,False,True,True,True,True,False,False,False,False,False,False,False,False,False,False,False,False,False
21191,STATE_INIT,9.813,-3.22,0.85,-0.02,-0.15,-0.52,9.37,-0.06,0.12,-0.12,-26.75,4.37,-62.68,0.921,23.75,-0.5,0.39,9.82,0,0.0,0.0,0.0,0.0,0.0,0,-0.4,0.99,795.2,-0.42,795.56,False,True,True,False,True,True,False,True,True,True,True,False,False,False,False,False,False,False,False,False,False,False,False,False
21191,STATE_INIT,9.813,-3.22,0.85,-0.02,-0.15,-0.52,9.37,-0.06,0.12,-0.12,-26.75,4.37,-62.68,0.921,23.75,-0.5,0.39,9.82,0,0.0,0.0,0.0,0.0,0.0,0,-0.4,0.99,795.2,-0.42,795.56,False,True,True,False,True,True,False,True,True,True,True,False,False,False,False,False,False,False,False,False,False,False,False,False
21391,STATE_INIT,9.805,-3.22,0.85,-0.02,-0.12,-0.5,9.35,0.06,-0.18,-0.06,-27.5,4.06,-63.0,0.921,23.7,-0.51,0.42,9.91,0,0.0,0.0,0.0,0.0,0.0,0,-0.42,1.0,795.21,-0.32,795.29,False,True,True,False,True,True,False,True,True,True,True,False,False,False,False,False,False,False,False,False,False,False,False,False
21391,STATE_INIT,9.805,-3.22,0.85,-0.02,-0.12,-0.5,9.35,0.06,-0.18,-0.06,-27.5,4.06,-63.0,0.921,23.7,-0.51,0.42,9.91,0,0.0,0.0,0.0,0.0,0.0,0,-0.42,1.0,795.21,-0.32,795.29,False,True,True,False,True,True,False,True,True,True,True,False,False,False,False,False,False,False,False,False,False,False,False,False
21590,STATE_INIT,9.813,-3.22,0.85,-0.02,-0.14,-0.51,9.37,0.0,-0.12,-0.06,-27.5,9.25,-68.37,0.921,23.7,-0.61,0.4,9.82,0,0.0,0.0,0.0,0.0,0.0,0,-0.41,0.99,795.27,-0.17,795.56,False,True,True,False,True,True,False,True,True,True,True,False,False,False,False,False,False,False,False,False,False,False,False,False
21590,STATE_INIT,9.813,-3.22,0.85,-0.02,-0.14,-0.51,9.37,0.0,-0.12,-0.06,-27.5,9.25,-68.37,0.921,23.7,-0.61,0.4,9.82,0,0.0,0.0,0.0,0.0,0.0,0,-0.41,0.99,795.27,-0.17,795.56,False,True,True,False,True,True,False,True,True,True,True,False,False,False,False,False,False,False,False,False,False,False,False,False
21690,STATE_INIT,9.821,-3.22,0.85,-0.02,-0.14,-0.51,9.35,-0.12,-0.12,-0.18,-26.75,4.37,-63.37,0.921,23.8,-0.59,0.4,9.87,0,0.0,0.0,0.0,0.0,0.0,0,-0.43,1.0,795.29,-0.11,795.65,False,True,True,False,True,True,False,True,True,True,True,False,False,False,False,False,False,False,False,False,False,False,False,False
21690,STATE_INIT,9.821,-3.22,0.85,-0.02,-0.14,-0.51,9.35,-0.12,-0.12,-0.18,-26.75,4.37,-63.37,0.921,23.8,-0.59,0.4,9.87,0,0.0,0.0,0.0,0.0,0.0,0,-0.43,1.0,795.29,-0.11,795.65,False,True,True,False,True,True,False,True,True,True,True,False,False,False,False,False,False,False,False,False,False,False,False,False
21690,STATE_INIT,9.821,-3.22,0.85,-0.02,-0.14,-0.51,9.35,-0.12,-0.12,-0.18,-26.75,4.37,-63.37,0.921,23.8,-0.59,0.4,9.87,0,0.0,0.0,0.0,0.0,0.0,0,-0.43,1.0,795.29,-0.11,795.65,False,True,True,False,True,True,False,True,True,True,True,False,False,False,False,False,False,False,False,False,False,False,False,False
21890,STATE_INIT,9.813,-3.22,0.85,-0.02,-0.14,-0.52,9.35,0.0,-0.25,0.06,-26.0,4.37,-63.87,0.921,23.65,-0.58,0.42,9.85,0,0.0,0.0,0.0,0.0,0.0,0,-0.41,1.0,795.3,-0.07,795.11,False,True,True,False,True,True,False,True,True,True,True,False,False,False,False,False,False,False,False,False,False,False,False,False
21890,STATE_INIT,9.813,-3.22,0.85,-0.02,-0.14,-0.52,9.35,0.0,-0.25,0.06,-26.0,4.37,-63.87,0.921,23.65,-0.58,0.42,9.85,0,0.0,0.0,0.0,0.0,0.0,0,-0.41,1.0,795.3,-0.07,795.11,False,True,True,False,True,True,False,True,True,True,True,False,False,False,False,False,False,False,False,False,False,False,False,False
22190,STATE_INIT,9.813,-3.22,0.85,-0.02,-0.11,-0.51,9.33,-0.12,-0.12,-0.12,-26.0,4.37,-63.37,0.921,23.75,-0.58,0.42,9.89,0,0.0,0.0,0.0,0.0,0.0,0,-0.45,1.0,795.26,-0.08,795.38,False,True,True,False,True,True,False,True,True,True,True,False,False,False,False,False,False,False,False,False,False,False,False,False
22591,STATE_INIT,9.805,-3.22,0.85,-0.02,-0.14,-0.52,9.34,-0.06,0.06,0.06,-26.75,4.06,-64.25,0.921,23.65,-0.68,0.37,9.9,0,0.0,0.0,0.0,0.0,0.0,0,-0.42,1.0,795.39,0.1,795.38,False,True,True,False,True,True,False,True,True,True,True,False,False,False,False,False,False,False,False,False,False,False,False,False
22591,STATE_INIT,9.805,-3.22,0.85,-0.02,-0.14,-0.52,9.34,-0.06,0.06,0.06,-26.75,4.06,-64.25,0.921,23.65,-0.68,0.37,9.9,0,0.0,0.0,0.0,0.0,0.0,0,-0.42,1.0,795.39,0.1,795.38,False,True,True,False,True,True,False,True,True,True,True,False,False,False,False,False,False,False,False,False,False,False,False,False
22792,STATE_INIT,9.813,-3.22,0.85,-0.02,-0.13,-0.52,9.35,0.0,0.06,0.0,-27.87,4.37,-64.25,0.921,23.8,-0.61,0.39,9.86,0,0.0,0.0,0.0,0.0,0.0,0,-0.42,1.0,795.42,0.13,795.38,False,True,True,False,True,True,False,True,True,True,True,False,False,False,False,False,False,False,False,False,False,False,False,False
22993,STATE_INIT,9.813,-3.22,0.85,-0.02,-0.12,-0.51,9.35,-0.12,-0.12,0.06,-26.37,4.75,-62.68,0.921,23.75,-0.59,0.44,9.89,0,0.0,0.0,0.0,0.0,0.0,0,-0.42,1.0,795.39,0.09,795.2,False,True,True,False,True,True,False,True,True,True,True,False,False,False,False,False,False,False,False,False,False,False,False,False
22993,STATE_INIT,9.813,-3.22,0.85,-0.02,-0.12,-0.51,9.35,-0.12,-0.12,0.06,-26.37,4.75,-62.68,0.921,23.75,-0.59,0.44,9.89,0,0.0,0.0,0.0,0.0,0.0,0,-0.42,1.0,795.39,0.09,795.2,False,True,True,False,True,True,False,True,True,True,True,False,False,False,False,False,False,False,False,False,False,False,False,False
22993,STATE_INIT,9.813,-3.22,0.85,-0.02,-0.12,-0.51,9.35,-0.12,-0.12,0.06,-26.37,4.75,-62.68,0.921,23.75,-0.59,0.44,9.89,0,0.0,0.0,0.0,0.0,0.0,0,-0.42,1.0,795.39,0.09,795.2,False,True,True,False,True,True,False,True,True,True,True,False,False,False,False,False,False,False,False,False,False,False,False,False
22993,STATE_INIT,9.813,-3.22,0.85,-0.02,-0.12,-0.51,9.35,-0.12,-0.12,0.06,-26.37,4.75,-62.68,0.921,23.75,-0.59,0.44,9.89,0,0.0,0.0,0.0,0.0,0.0,0,-0.42,1.0,795.39,0.09,795.2,False,True,True,False,True,True,False,True,True,True,True,False,False,False,False,False,False,False,False,False,False,False,False,False
23293,STATE_INIT,9.813,-3.22,0.85,-0.02,-0.13,-0.51,9.35,-0.12,0.0,0.0,-26.75,4.37,-63.87,0.921,23.75,-0.56,0.42,9.8,0,0.0,0.0,0.0,0.0,0.0,0,-0.43,0.99,795.41,0.11,795.38,False,True,True,False,True,True,False,True,True,True,True,False,False,False,False,False,False,False,False,False,False,False,False,False
23293,STATE_INIT,9.813,-3.22,0.85,-0.02,-0.13,-0.51,9.35,-0.12,0.0,0.0,-26.75,4.37,-63.87,0.921,23.75,-0.56,0.42,9.8,0,0.0,0.0,0.0,0.0,0.0,0,-0.43,0.99,795.41,0.11,795.38,False,True,True,False,True,True,False,True,True,True,True,False,False,False,False,False,False,False,False,False,False,False,False,False
23293,STATE_INIT,9.813,-3.22,0.85,-0.02,-0.13,-0.51,9.35,-0.12,0.0,0.0,-26.75,4.37,-63.87,0.921,23.75,-0.56,0.42,9.8,0,0.0,0.0,0.0,0.0,0.0,0,-0.43,0.99,795.41,0.11,795.38,False,True,True,False,True,True,False,True,True,True,True,False,False,False,False,False,False,False,False,False,False,False,False,False
23293,STATE_INIT,9.813,-3.22,0.85,-0.02,-0.13,-0.51,9.35,-0.12,0.0,0.0,-26.75,4.37,-63.87,0.921,23.75,-0.56,0.42,9.8,0,0.0,0.0,0.0,0.0,0.0,0,-0.43,0.99,795.41,0.11,795.38,False,True,True,False,True,True,False,True,True,True,True,False,False,False,False,False,False,False,False,False,False,False,False,False
23492,STATE_INIT,9.813,-3.22,0.85,-0.02,-0.14,-0.5,9.35,0.0,0.12,-0.06,-26.75,4.75,-64.56,0.921,23.7,-0.51,0.36,9.88,0,0.0,0.0,0.0,0.0,0.0,0,-0.43,1.0,795.41,0.1,795.2,False,True,True,False,True,True,False,True,True,True,True,False,False,False,False,False,False,False,False,False,False,False,False,False
23492,STATE_INIT,9.813,-3.22,0.85,-0.02,-0.14,-0.5,9.35,0.0,0.12,-0.06,-26.75,4.75,-64.56,0.921,23.7,-0.51,0.36,9.88,0,0.0,0.0,0.0,0.0,0.0,0,-0.43,1.0,795.41,0.1,795.2,False,True,True,False,True,True,False,True,True,True,True,False,False,False,False,False,False,False,False,False,False,False,False,False
23492,STATE_INIT,9.813,-3.22,0.85,-0.02,-0.14,-0.5,9.35,0.0,0.12,-0.06,-26.75,4.75,-64.56,0.921,23.7,-0.51,0.36,9.88,0,0.0,0.0,0.0,0.0,0.0,0,-0.43,1.0,795.41,0.1,795.2,False,True,True,False,True,True,False,True,True,True,True,False,False,False,False,False,False,False,False,False,False,False,False,False
24893,STATE_INIT,9.813,-3.22,0.85,-0.02,-0.11,-0.52,9.35,-0.12,-0.12,0.18,-26.75,4.75,-64.25,0.921,23.8,-0.51,0.34,9.85,0,0.0,0.0,0.0,0.0,0.0,0,-0.44,1.0,795.42,0.07,795.02,False,True,True,False,True,True,False,True,True,True,True,False,False,False,False,False,False,False,False,False,False,False,False,False
25092,STATE_INIT,9.805,-3.22,0.85,-0.02,-0.13,-0.52,9.37,0.0,0.25,0.0,-27.06,4.37,-63.5,0.921,23.8,-0.53,0.47,9.95,0,0.0,0.0,0.0,0.0,0.0,0,-0.41,1.01,795.41,0.06,795.29,False,True,True,False,True,True,False,True,True,True,True,False,False,False,False,False,False,False,False,False,False,False,False,False
25092,STATE_INIT,9.805,-3.22,0.85,-0.02,-0.13,-0.52,9.37,0.0,0.25,0.0,-27.06,4.37,-63.5,0.921,23.8,-0.53,0.47,9.95,0,0.0,0.0,0.0,0.0,0.0,0,-0.41,1.01,795.41,0.06,795.29,False,True,True,False,True,True,False,True,True,True,True,False,False,False,False,False,False,False,False,False,False,False,False,False
25390,STATE_INIT,9.813,-3.22,0.85,-0.02,-0.13,-0.52,9.33,-0.18,0.12,0.0,-26.37,4.06,-61.87,0.921,23.8,-0.56,0.48,9.87,0,0.0,0.0,0.0,0.0,0.0,0,-0.44,1.0,795.4,0.05,795.29,False,True,True,False,True,True,False,True,True,True,True,False,False,False,False,False,False,False,False,False,False,False,False,False
25390,STATE_INIT,9.813,-3.22,0.85,-0.02,-0.13,-0.52,9.33,-0.18,0.12,0.0,-26.37,4.06,-61.87,0.921,23.8,-0.56,0.48,9.87,0,0.0,0.0,0.0,0.0,0.0,0,-0.44,1.0,795.4,0.05,795.29,False,True,True,False,True,True,False,True,True,True,True,False,False,False,False,False,False,False,False,False,False,False,False,False
25590,STATE_INIT,9.805,-3.22,0.85,-0.02,-0.15,-0.52,9.32,-0.06,0.12,0.25,-27.06,4.06,-63.87,0.921,23.86,-0.58,0.45,9.8,0,0.0,0.0,0.0,0.0,0.0,0,-0.45,0.99,795.4,0.04,795.2,False,True,True,False,True,True,False,True,True,True,True,False,False,False,False,False,False,False,False,False,False,False,False,False
25590,STATE_INIT,9.805,-3.22,0.85,-0.02,-0.15,-0.52,9.32,-0.06,0.12,0.25,-27.06,4.06,-63.87,0.921,23.86,-0.58,0.45,9.8,0,0.0,0.0,0.0,0.0,0.0,0,-0.45,0.99,795.4,0.04,795.2,False,True,True,False,True,True,False,True,True,True,True,False,False,False,False,False,False,False,False,False,False,False,False,False
25790,STATE_INIT,9.813,-3.22,0.85,-0.02,-0.14,-0.51,9.35,-0.06,0.06,0.0,-25.56,4.75,-63.5,0.921,23.75,-0.61,0.36,9.86,0,0.0,0.0,0.0,0.0,0.0,0,-0.43,1.0,795.41,0.05,795.56,False,True,True,False,True,True,False,True,True,True,True,False,False,False,False,False,False,False,False,False,False,False,False,False
25790,STATE_INIT,9.813,-3.22,0.85,-0.02,-0.14,-0.51,9.35,-0.06,0.06,0.0,-25.56,4.75,-63.5,0.921,23.75,-0.61,0.36,9.86,0,0.0,0.0,0.0,0.0,0.0,0,-0.43,1.0,795.41,0.05,795.56,False,True,True,False,True,True,False,True,True,True,True,False,False,False,False,False,False,False,False,False,False,False,False,False
25891,STATE_INIT,9.813,-3.22,0.85,-0.02,-0.15,-0.51,9.34,0.0,-0.06,-0.06,-26.75,4.75,-63.06,0.921,23.91,-0.58,0.36,9.78,0,0.0,0.0,0.0,0.0,0.0,0,-0.46,0.99,795.4,0.04,795.11,False,True,True,False,True,True,False,True,True,True,True,False,False,False,False,False,False,False,False,False,False,False,False,False
26092,STATE_INIT,9.813,-3.22,0.85,-0.02,-0.13,-0.52,9.34,-0.12,-0.12,0.06,-26.37,4.75,-63.87,0.921,23.96,-0.58,0.4,9.8,0,0.0,0.0,0.0,0.0,0.0,0,-0.45,0.99,795.41,0.05,795.11,False,True,True,False,True,True,False,True,True,True,True,False,False,False,False,False,False,False,False,False,False,False,False,False
26092,STATE_INIT,9.813,-3.22,0.85,-0.02,-0.13,-0.52,9.34,-0.12,-0.12,0.06,-26.37,4.75,-63.87,0.921,23.96,-0.58,0.4,9.8,0,0.0,0.0,0.0,0.0,0.0,0,-0.45,0.99,795.41,0.05,795.11,False,True,True,False,True,True,False,True,True,True,True,False,False,False,False,False,False,False,False,False,False,False,False,False
26492,STATE_INIT,9.798,-3.22,0.85,-0.02,-0.14,-0.52,9.35,-0.12,0.0,-0.06,-27.06,5.18,-64.25,0.921,24.06,-0.53,0.37,9.81,0,0.0,0.0,0.0,0.0,0.0,0,-0.45,0.99,795.43,0.05,795.65,False,True,True,False,True,True,False,True,True,True,True,False,False,False,False,False,False,False,False,False,False,False,False,False
26492,STATE_INIT,9.798,-3.22,0.85,-0.02,-0.14,-0.52,9.35,-0.12,0.0,-0.06,-27.06,5.18,-64.25,0.921,24.06,-0.53,0.37,9.81,0,0.0,0.0,0.0,0.0,0.0,0,-0.45,0.99,795.43,0.05,795.65,False,True,True,False,True,True,False,True,True,True,True,False,False,False,False,False,False,False,False,False,False,False,False,False
26492,STATE_INIT,9.798,-3.22,0.85,-0.02,-0.14,-0.52,9.35,-0.12,0.0,-0.06,-27.06,5.18,-64.25,0.921,24.06,-0.53,0.37,9.81,0,0.0,0.0,0.0,0.0,0.0,0,-0.45,0.99,795.43,0.05,795.65,False,True,True,False,True,True,False,True,True,True,True,False,False,False,False,False,False,False,False,False,False,False,False,False
26492,STATE_INIT,9.798,-3.22,0.85,-0.02,-0.14,-0.52,9.35,-0.12,0.0,-0.06,-27.06,5.18,-64.25,0.921,24.06,-0.53,0.37,9.81,0,0.0,0.0,0.0,0.0,0.0,0,-0.45,0.99,795.43,0.05,795.65,False,True,True,False,True,True,False,True,True,True,True,False,False,False,False,False,False,False,False,False,False,False,False,False
26492,STATE_INIT,9.798,-3.22,0.85,-0.02,-0.14,-0.52,9.35,-0.12,0.0,-0.06,-27.06,5.18,-64.25,0.921,24.06,-0.53,0.37,9.81,0,0.0,0.0,0.0,0.0,0.0,0,-0.45,0.99,795.43,0.05,795.65,False,True,True,False,True,True,False,True,True,True,True,False,False,False,False,False,False,False,False,False,False,False,False,False
26692,STATE_INIT,9.813,-3.22,0.85,-0.02,-0.15,-0.54,9.35,0.0,0.0,0.0,-26.37,4.37,-63.56,0.921,23.86,-0.56,0.36,9.79,0,0.0,0.0,0.0,0.0,0.0,0,-0.42,0.99,795.43,0.05,795.29,False,True,True,False,True,True,False,True,True,True,True,False,False,False,False,False,False,False,False,False,False,False,False,False
26692,STATE_INIT,9.813,-3.22,0.85,-0.02,-0.15,-0.54,9.35,0.0,0.0,0.0,-26.37,4.37,-63.56,0.921,23.86,-0.56,0.36,9.79,0,0.0,0.0,0.0,0.0,0.0,0,-0.42,0.99,795.43,0.05,795.29,False,True,True,False,True,True,False,True,True,True,True,False,False,False,False,False,False,False,False,False,False,False,False,False
26991,STATE_INIT,9.813,-3.22,0.85,-0.02,-0.13,-0.51,9.31,0.0,-0.06,0.0,-27.5,4.75,-63.56,0.921,23.8,-0.55,0.36,9.8,0,0.0,0.0,0.0,0.0,0.0,0,-0.47,0.99,795.41,0.03,795.02,False,True,True,False,True,True,False,True,True,True,True,False,False,False,False,False,False,False,False,False,False,False,False,False
27190,STATE_INIT,9.79,-3.22,0.85,-0.02,-0.14,-0.5,9.33,-0.06,-0.06,0.06,-26.0,4.06,-63.87,0.921,23.7,-0.56,0.44,9.94,0,0.0,0.0,0.0,0.0,0.0,0,-0.45,1.01,795.38,0.02,794.93,False,True,True,False,True,True,False,True,True,True,True,False,False,False,False,False,False,False,False,False,False,False,False,False
27491,STATE_INIT,9.813,-3.22,0.85,-0.02,-0.14,-0.52,9.33,-0.06,0.0,-0.06,-26.75,4.06,-64.37,0.921,24.01,-0.48,0.37,9.84,0,0.0,0.0,0.0,0.0,0.0,0,-0.39,1.0,795.38,0.01,795.65,False,True,True,False,True,True,False,True,True,True,True,False,False,False,False,False,False,False,False,False,False,False,False,False
27491,STATE_INIT,9.813,-3.22,0.85,-0.02,-0.14,-0.52,9.33,-0.06,0.0,-0.06,-26.75,4.06,-64.37,0.921,24.01,-0.48,0.37,9.84,0,0.0,0.0,0.0,0.0,0.0,0,-0.39,1.0,795.38,0.01,795.65,False,True,True,False,True,True,False,True,True,True,True,False,False,False,False,False,False,False,False,False,False,False,False,False
27491,STATE_INIT,9.813,-3.22,0.85,-0.02,-0.14,-0.52,9.33,-0.06,0.0,-0.06,-26.75,4.06,-64.37,0.921,24.01,-0.48,0.37,9.84,0,0.0,0.0,0.0,0.0,0.0,0,-0.39,1.0,795.38,0.01,795.65,False,True,True,False,True,True,False,True,True,True,True,False,False,False,False,False,False,False,False,False,False,False,False,False
27491,STATE_INIT,9.813,-3.22,0.85,-0.02,-0.14,-0.52,9.33,-0.06,0.0,-0.06,-26.75,4.06,-64.37,0.921,24.01,-0.48,0.37,9.84,0,0.0,0.0,0.0,0.0,0.0,0,-0.39,1.0,795.38,0.01,795.65,False,True,True,False,True,True,False,True,True,True,True,False,False,False,False,False,False,False,False,False,False,False,False,False
27691,STATE_INIT,9.805,-3.22,0.85,-0.02,-0.12,-0.51,9.33,0.06,-0.12,0.06,-26.37,4.75,-62.75,0.921,24.01,-0.59,0.42,9.89,0,0.0,0.0,0.0,0.0,0.0,0,-0.43,1.0,795.36,0.0,795.38,False,True,True,False,True,True,False,True,True,True,True,False,False,False,False,False,False,False,False,False,False,False,False,False
27691,STATE_INIT,9.805,-3.22,0.85,-0.02,-0.12,-0.51,9.33,0.06,-0.12,0.06,-26.37,4.75,-62.75,0.921,24.01,-0.59,0.42,9.89,0,0.0,0.0,0.0,0.0,0.0,0,-0.43,1.0,795.36,0.0,795.38,False,True,True,False,True,True,False,True,True,True,True,False,False,False,False,False,False,False,False,False,False,False,False,False
27691,STATE_INIT,9.805,-3.22,0.85,-0.02,-0.12,-0.51,9.33,0.06,-0.12,0.06,-26.37,4.75,-62.75,0.921,24.01,-0.59,0.42,9.89,0,0.0,0.0,0.0,0.0,0.0,0,-0.43,1.0,795.36,0.0,795.38,False,True,True,False,True,True,False,True,True,True,True,False,False,False,False,False,False,False,False,False,False,False,False,False
27691,STATE_INIT,9.805,-3.22,0.85,-0.02,-0.12,-0.51,9.33,0.06,-0.12,0.06,-26.37,4.75,-62.75,0.921,24.01,-0.59,0.42,9.89,0,0.0,0.0,0.0,0.0,0.0,0,-0.43,1.0,795.36,0.0,795.38,False,True,True,False,True,True,False,True,True,True,True,False,False,False,False,False,False,False,False,False,False,False,False,False
27691,STATE_INIT,9.805,-3.22,0.85,-0.02,-0.12,-0.51,9.33,0.06,-0.12,0.06,-26.37,4.75,-62.75,0.921,24.01,-0.59,0.42,9.89,0,0.0,0.0,0.0,0.0,0.0,0,-0.43,1.0,795.36,0.0,795.38,False,True,True,False,True,True,False,True,True,True,True,False,False,False,False,False,False,False,False,False,False,False,False,False
27992,STATE_INIT,9.813,-3.22,0.85,-0.02,-0.14,-0.52,9.35,-0.12,0.12,0.0,-27.87,4.06,-63.18,0.921,23.96,-0.53,0.32,9.91,0,0.0,0.0,0.0,0.0,0.0,0,-0.44,1.0,795.38,0.01,794.93,False,True,True,False,True,True,False,True,True,True,True,False,False,False,False,False,False,False,False,False,False,False,False,False
27992,STATE_INIT,9.813,-3.22,0.85,-0.02,-0.14,-0.52,9.35,-0.12,0.12,0.0,-27.87,4.06,-63.18,0.921,23.96,-0.53,0.32,9.91,0,0.0,0.0,0.0,0.0,0.0,0,-0.44,1.0,795.38,0.01,794.93,False,True,True,False,True,True,False,True,True,True,True,False,False,False,False,False,False,False,False,False,False,False,False,False
28193,STATE_INIT,9.813,-3.22,0.85,-0.02,-0.14,-0.52,9.34,-0.18,0.12,0.06,-26.0,4.75,-64.0,0.921,23.8,-0.59,0.4,9.89,0,0.0,0.0,0.0,0.0,0.0,0,-0.43,1.0,795.4,0.02,795.56,False,True,True,False,True,True,False,True,True,True,True,False,False,False,False,False,False,False,False,False,False,False,False,False
28591,STATE_INIT,9.805,-3.22,0.85,-0.02,-0.12,-0.51,9.33,0.06,-0.12,-0.18,-26.75,4.37,-62.37,0.921,23.96,-0.64,0.39,9.86,0,0.0,0.0,0.0,0.0,0.0,0,-0.45,1.0,795.38,0.01,795.47,False,True,True,False,True,True,False,True,True,True,True,False,False,False,False,False,False,False,False,False,False,False,False,False
28591,STATE_INIT,9.805,-3.22,0.85,-0.02,-0.12,-0.51,9.33,0.06,-0.12,-0.18,-26.75,4.37,-62.37,0.921,23.96,-0.64,0.39,9.86,0,0.0,0.0,0.0,0.0,0.0,0,-0.45,1.0,795.38,0.01,795.47,False,True,True,False,True,True,False,True,True,True,True,False,False,False,False,False,False,False,False,False,False,False,False,False
28591,STATE_INIT,9.805,-3.22,0.85,-0.02,-0.12,-0.51,9.33,0.06,-0.12,-0.18,-26.75,4.37,-62.37,0.921,23.96,-0.64,0.39,9.86,0,0.0,0.0,0.0,0.0,0.0,0,-0.45,1.0,795.38,0.01,795.47,False,True,True,False,True,True,False,True,True,True,True,False,False,False,False,False,False,False,False,False,False,False,False,False
28790,STATE_INIT,9.813,-3.22,0.85,-0.02,-0.11,-0.52,9.37,-0.12,0.18,0.06,-27.06,4.37,-63.18,0.921,23.96,-0.55,0.37,9.89,0,0.0,0.0,0.0,0.0,0.0,0,-0.41,1.0,795.35,0.0,795.47,False,True,True,False,True,True,False,True,True,True,True,False,False,False,False,False,False,False,False,False,False,False,False,False
28990,STATE_INIT,9.782,-3.22,0.85,-0.02,-0.12,-0.51,9.35,-0.18,-0.06,0.0,-26.75,4.75,-62.75,0.921,23.86,-0.64,0.4,9.81,0,0.0,0.0,0.0,0.0,0.0,0,-0.43,0.99,795.34,0.0,795.2,False,True,True,False,True,True,False,True,True,True,True,False,False,False,False,False,False,False,False,False,False,False,False,False
29090,STATE_INIT,9.805,-3.22,0.85,-0.02,-0.14,-0.52,9.37,-0.12,0.12,0.06,-26.37,4.75,-63.56,0.921,23.91,-0.53,0.4,9.89,0,0.0,0.0,0.0,0.0,0.0,0,-0.41,1.0,795.35,0.0,795.2,False,True,True,False,True,True,False,True,True,True,True,False,False,False,False,False,False,False,False,False,False,False,False,False
29290,STATE_INIT,9.798,-3.22,0.85,-0.02,-0.13,-0.52,9.37,-0.06,0.0,-0.06,-26.75,4.75,-63.18,0.921,24.06,-0.59,0.39,9.82,0,0.0,0.0,0.0,0.0,0.0,0,-0.42,0.99,795.35,0.0,795.11,False,True,True,False,True,True,False,True,True,True,True,False,False,False,False,False,False,False,False,False,False,False,False,False
29290,STATE_INIT,9.798,-3.22,0.85,-0.02,-0.13,-0.52,9.37,-0.06,0.0,-0.06,-26.75,4.75,-63.18,0.921,24.06,-0.59,0.39,9.82,0,0.0,0.0,0.0,0.0,0.0,0,-0.42,0.99,795.35,0.0,795.11,False,True,True,False,True,True,False,True,True,True,True,False,False,False,False,False,False,False,False,False,False,False,False,False
29490,STATE_INIT,9.813,-3.22,0.85,-0.02,-0.11,-0.52,9.35,-0.18,-0.12,0.0,-27.06,8.87,-65.06,0.921,24.01,-0.59,0.39,9.84,0,0.0,0.0,0.0,0.0,0.0,0,-0.39,1.0,795.36,0.0,795.65,False,True,True,False,True,True,False,True,True,True,True,False,False,False,False,False,False,False,False,False,False,False,False,False
29490,STATE_INIT,9.813,-3.22,0.85,-0.02,-0.11,-0.52,9.35,-0.18,-0.12,0.0,-27.06,8.87,-65.06,0.921,24.01,-0.59,0.39,9.84,0,0.0,0.0,0.0,0.0,0.0,0,-0.39,1.0,795.36,0.0,795.65,False,True,True,False,True,True,False,True,True,True,True,False,False,False,False,False,False,False,False,False,False,False,False,False
29591,STATE_INIT,9.813,-3.22,0.85,-0.02,-0.14,-0.5,9.34,-0.18,0.06,0.06,-26.37,4.06,-63.56,0.921,24.01,-0.47,0.37,9.87,0,0.0,0.0,0.0,0.0,0.0,0,-0.45,1.0,795.36,0.0,795.47,False,True,True,False,True,True,False,True,True,True,True,False,False,False,False,False,False,False,False,False,False,False,False,False
29591,STATE_INIT,9.813,-3.22,0.85,-0.02,-0.14,-0.5,9.34,-0.18,0.06,0.06,-26.37,4.06,-63.56,0.921,24.01,-0.47,0.37,9.87,0,0.0,0.0,0.0,0.0,0.0,0,-0.45,1.0,795.36,0.0,795.47,False,True,True,False,True,True,False,True,True,True,True,False,False,False,False,False,False,False,False,False,False,False,False,False
29591,STATE_INIT,9.813,-3.22,0.85,-0.02,-0.14,-0.5,9.34,-0.18,0.06,0.06,-26.37,4.06,-63.56,0.921,24.01,-0.47,0.37,9.87,0,0.0,0.0,0.0,0.0,0.0,0,-0.45,1.0,795.36,0.0,795.47,False,True,True,False,True,True,False,True,True,True,True,False,False,False,False,False,False,False,False,False,False,False,False,False
29591,STATE_INIT,9.813,-3.22,0.85,-0.02,-0.14,-0.5,9.34,-0.18,0.06,0.06,-26.37,4.06,-63.56,0.921,24.01,-0.47,0.37,9.87,0,0.0,0.0,0.0,0.0,0.0,0,-0.45,1.0,795.36,0.0,795.47,False,True,True,False,True,True,False,True,True,True,True,False,False,False,False,False,False,False,False,False,False,False,False,False
29591,STATE_INIT,9.813,-3.22,0.85,-0.02,-0.14,-0.5,9.34,-0.18,0.06,0.06,-26.37,4.06,-63.56,0.921,24.01,-0.47,0.37,9.87,0,0.0,0.0,0.0,0.0,0.0,0,-0.45,1.0,795.36,0.0,795.47,False,True,True,False,True,True,False,True,True,True,True,False,False,False,False,False,False,False,False,False,False,False,False,False
29990,STATE_INIT,9.813,-3.22,0.85,-0.02,-0.14,-0.54,9.35,-0.06,-0.12,0.0,-25.56,5.56,-64.37,0.921,24.01,-0.53,0.4,9.93,0,0.0,0.0,0.0,0.0,0.0,0,-0.41,1.0,795.38,0.01,795.47,False,True,True,False,True,True,False,True,True,True,True,False,False,False,False,False,False,False,False,False,False,False,False,False
29990,STATE_INIT,9.813,-3.22,0.85,-0.02,-0.14,-0.54,9.35,-0.06,-0.12,0.0,-25.56,5.56,-64.37,0.921,24.01,-0.53,0.4,9.93,0,0.0,0.0,0.0,0.0,0.0,0,-0.41,1.0,795.38,0.01,795.47,False,True,True,False,True,True,False,True,True,True,True,False,False,False,False,False,False,False,False,False,False,False,False,False
29990,STATE_INIT,9.813,-3.22,0.85,-0.02,-0.14,-0.54,9.35,-0.06,-0.12,0.0,-25.56,5.56,-64.37,0.921,24.01,-0.53,0.4,9.93,0,0.0,0.0,0.0,0.0,0.0,0,-0.41,1.0,795.38,0.01,795.47,False,True,True,False,True,True,False,True,True,True,True,False,False,False,False,False,False,False,False,False,False,False,False,False
30290,STATE_INIT,9.813,-3.22,0.85,-0.02,-0.13,-0.52,9.35,-0.06,0.06,0.0,-26.75,5.18,-63.18,0.921,23.8,-0.59,0.36,9.87,0,0.0,0.0,0.0,0.0,0.0,0,-0.43,1.0,795.37,0.0,795.65,False,True,True,False,True,True,False,True,True,True,True,False,False,False,False,False,False,False,False,False,False,False,False,False
30290,STATE_INIT,9.813,-3.22,0.85,-0.02,-0.13,-0.52,9.35,-0.06,0.06,0.0,-26.75,5.18,-63.18,0.921,23.8,-0.59,0.36,9.87,0,0.0,0.0,0.0,0.0,0.0,0,-0.43,1.0,795.37,0.0,795.65,False,True,True,False,True,True,False,True,True,True,True,False,False,False,False,False,False,False,False,False,False,False,False,False
30390,STATE_INIT,9.752,-3.22,0.85,-0.02,-0.14,-0.52,9.33,-0.12,0.06,-0.12,-26.37,4.37,-66.68,0.921,23.96,-0.63,0.47,9.9,0,0.0,0.0,0.0,0.0,0.0,0,-0.44,1.0,795.38,0.01,795.29,False,True,True,False,True,True,False,True,True,True,True,False,False,False,False,False,False,False,False,False,False,False,False,False
30390,STATE_INIT,9.752,-3.22,0.85,-0.02,-0.14,-0.52,9.33,-0.12,0.06,-0.12,-26.37,4.37,-66.68,0.921,23.96,-0.63,0.47,9.9,0,0.0,0.0,0.0,0.0,0.0,0,-0.44,1.0,795.38,0.01,795.29,False,True,True,False,True,True,False,True,True,True,True,False,False,False,False,False,False,False,False,False,False,False,False,False
30490,STATE_INIT,9.813,-3.22,0.85,-0.02,-0.14,-0.55,9.33,0.0,0.18,0.0,-27.06,4.37,-64.0,0.921,24.01,-0.58,0.47,9.95,0,0.0,0.0,0.0,0.0,0.0,0,-0.44,1.01,795.39,0.01,795.83,False,True,True,False,True,True,False,True,True,True,True,False,False,False,False,False,False,False,False,False,False,False,False,False
30490,STATE_INIT,9.813,-3.22,0.85,-0.02,-0.14,-0.55,9.33,0.0,0.18,0.0,-27.06,4.37,-64.0,0.921,24.01,-0.58,0.47,9.95,0,0.0,0.0,0.0,0.0,0.0,0,-0.44,1.01,795.39,0.01,795.83,False,True,True,False,True,True,False,True,True,True,True,False,False,False,False,False,False,False,False,False,False,False,False,False
30690,STATE_INIT,9.821,-3.22,0.85,-0.02,-0.13,-0.52,9.35,-0.12,0.06,0.0,-27.06,4.06,-62.75,0.921,23.96,-0.61,0.36,9.86,0,0.0,0.0,0.0,0.0,0.0,0,-0.42,1.0,795.39,0.01,795.47,False,True,True,False,True,True,False,True,True,True,True,False,False,False,False,False,False,False,False,False,False,False,False,False
30690,STATE_INIT,9.821,-3.22,0.85,-0.02,-0.13,-0.52,9.35,-0.12,0.06,0.0,-27.06,4.06,-62.75,0.921,23.96,-0.61,0.36,9.86,0,0.0,0.0,0.0,0.0,0.0,0,-0.42,1.0,795.39,0.01,795.47,False,True,True,False,True,True,False,True,True,True,True,False,False,False,False,False,False,False,False,False,False,False,False,False
30690,STATE_INIT,9.821,-3.22,0.85,-0.02,-0.13,-0.52,9.35,-0.12,0.06,0.0,-27.06,4.06,-62.75,0.921,23.96,-0.61,0.36,9.86,0,0.0,0.0,0.0,0.0,0.0,0,-0.42,1.0,795.39,0.01,795.47,False,True,True,False,True,True,False,True,True,True,True,False,False,False,False,False,False,False,False,False,False,False,False,False
30891,STATE_INIT,9.813,-3.22,0.85,-0.02,-0.15,-0.55,9.35,-0.18,-0.06,0.18,-27.5,4.37,-64.0,0.921,23.91,-0.61,0.39,9.89,0,0.0,0.0,0.0,0.0,0.0,0,-0.43,1.0,795.4,0.01,795.83,False,True,True,False,True,True,False,True,True,True,True,False,False,False,False,False,False,False,False,False,False,False,False,False
30991,STATE_INIT,9.813,-3.23,0.86,-0.02,-0.43,-0.48,9.16,-0.5,-0.12,0.0,-26.75,3.68,-63.18,0.921,24.06,-0.58,0.26,9.9,0,0.0,0.0,0.0,0.0,0.0,0,-0.53,1.0,795.39,0.01,794.84,False,True,True,False,True,True,False,True,True,True,True,False,False,False,False,False,False,False,False,False,False,False,False,False
30991,STATE_INIT,9.813,-3.23,0.86,-0.02,-0.43,-0.48,9.16,-0.5,-0.12,0.0,-26.75,3.68,-63.18,0.921,24.06,-0.58,0.26,9.9,0,0.0,0.0,0.0,0.0,0.0,0,-0.53,1.0,795.39,0.01,794.84,False,True,True,False,True,True,False,True,True,True,True,False,False,False,False,False,False,False,False,False,False,False,False,False
31192,STATE_INIT,9.805,-3.23,0.85,-0.02,-0.1,-0.52,9.32,-0.31,0.0,0.06,-27.87,4.37,-63.56,0.921,23.86,-0.5,0.36,9.95,0,0.0,0.0,0.0,0.0,0.0,0,-0.41,1.01,795.41,0.02,795.2,False,True,True,False,True,True,False,True,True,True,True,False,False,False,False,False,False,False,False,False,False,False,False,False
31192,STATE_INIT,9.805,-3.23,0.85,-0.02,-0.1,-0.52,9.32,-0.31,0.0,0.06,-27.87,4.37,-63.56,0.921,23.86,-0.5,0.36,9.95,0,0.0,0.0,0.0,0.0,0.0,0,-0.41,1.01,795.41,0.02,795.2,False,True,True,False,True,True,False,True,True,True,True,False,False,False,False,False,False,False,False,False,False,False,False,False
31192,STATE_INIT,9.805,-3.23,0.85,-0.02,-0.1,-0.52,9.32,-0.31,0.0,0.06,-27.87,4.37,-63.56,0.921,23.86,-0.5,0.36,9.95,0,0.0,0.0,0.0,0.0,0.0,0,-0.41,1.01,795.41,0.02,795.2,False,True,True,False,True,True,False,True,True,True,True,False,False,False,False,False,False,False,False,False,False,False,False,False
31392,STATE_INIT,9.813,-3.23,0.85,-0.02,-0.14,-0.52,9.32,-0.12,-0.12,0.0,-27.06,4.06,-62.75,0.921,23.8,-0.59,0.31,9.86,0,0.0,0.0,0.0,0.0,0.0,0,-0.4,1.0,795.4,0.01,795.65,False,True,True,False,True,True,False,True,True,True,True,False,False,False,False,False,False,False,False,False,False,False,False,False
31392,STATE_INIT,9.813,-3.23,0.85,-0.02,-0.14,-0.52,9.32,-0.12,-0.12,0.0,-27.06,4.06,-62.75,0.921,23.8,-0.59,0.31,9.86,0,0.0,0.0,0.0,0.0,0.0,0,-0.4,1.0,795.4,0.01,795.65,False,True,True,False,True,True,False,True,True,True,True,False,False,False,False,False,False,False,False,False,False,False,False,False
31392,STATE_INIT,9.813,-3.23,0.85,-0.02,-0.14,-0.52,9.32,-0.12,-0.12,0.0,-27.06,4.06,-62.75,0.921,23.8,-0.59,0.31,9.86,0,0.0,0.0,0.0,0.0,0.0,0,-0.4,1.0,795.4,0.01,795.65,False,True,True,False,True,True,False,True,True,True,True,False,False,False,False,False,False,False,False,False,False,False,False,False
31593,STATE_INIT,9.805,-3.23,0.85,-0.02,-0.14,-0.55,9.37,0.0,-0.18,0.12,-26.75,4.37,-62.37,0.921,24.06,-0.61,0.47,9.81,0,0.0,0.0,0.0,0.0,0.0,0,-0.46,0.99,795.39,0.01,795.02,False,True,True,False,True,True,False,True,True,True,True,False,False,False,False,False,False,False,False,False,False,False,False,False
31593,STATE_INIT,9.805,-3.23,0.85,-0.02,-0.14,-0.55,9.37,0.0,-0.18,0.12,-26.75,4.37,-62.37,0.921,24.06,-0.61,0.47,9.81,0,0.0,0.0,0.0,0.0,0.0,0,-0.46,0.99,795.39,0.01,795.02,False,True,True,False,True,True,False,True,True,True,True,False,False,False,False,False,False,False,False,False,False,False,False,False
31892,STATE_INIT,9.813,-3.23,0.85,-0.02,-0.12,-0.5,9.32,-0.12,-0.31,0.0,-25.25,4.75,-63.18,0.921,24.01,-0.63,0.4,9.84,0,0.0,0.0,0.0,0.0,0.0,0,-0.46,1.0,795.4,0.01,795.47,False,True,True,False,True,True,False,True,True,True,True,False,False,False,False,False,False,False,False,False,False,False,False,False
31892,STATE_INIT,9.813,-3.23,0.85,-0.02,-0.12,-0.5,9.32,-0.12,-0.31,0.0,-25.25,4.75,-63.18,0.921,24.01,-0.63,0.4,9.84,0,0.0,0.0,0.0,0.0,0.0,0,-0.46,1.0,795.4,0.01,795.47,False,True,True,False,True,True,False,True,True,True,True,False,False,False,False,False,False,False,False,False,False,False,False,False
32090,STATE_INIT,9.805,-3.23,0.85,-0.02,-0.12,-0.48,9.35,0.0,0.0,0.0,-26.0,5.18,-62.06,0.921,24.01,-0.59,0.4,9.85,0,0.0,0.0,0.0,0.0,0.0,0,-0.43,1.0,795.39,0.0,795.11,False,True,True,False,True,True,False,True,True,True,True,False,False,False,False,False,False,False,False,False,False,False,False,False
32090,STATE_INIT,9.805,-3.23,0.85,-0.02,-0.12,-0.48,9.35,0.0,0.0,0.0,-26.0,5.18,-62.06,0.921,24.01,-0.59,0.4,9.85,0,0.0,0.0,0.0,0.0,0.0,0,-0.43,1.0,795.39,0.0,795.11,False,True,True,False,True,True,False,True,True,True,True,False,False,False,False,False,False,False,False,False,False,False,False,False
32490,STATE_INIT,9.813,-3.23,0.85,-0.02,-0.13,-0.5,9.31,-0.12,0.06,0.06,-27.87,4.37,-63.25,0.921,23.96,-0.58,0.37,9.8,0,0.0,0.0,0.0,0.0,0.0,0,-0.46,0.99,795.36,0.0,795.29,False,True,True,False,True,True,False,True,True,True,True,False,False,False,False,False,False,False,False,False,False,False,False,False
32490,STATE_INIT,9.813,-3.23,0.85,-0.02,-0.13,-0.5,9.31,-0.12,0.06,0.06,-27.87,4.37,-63.25,0.921,23.96,-0.58,0.37,9.8,0,0.0,0.0,0.0,0.0,0.0,0,-0.46,0.99,795.36,0.0,795.29,False,True,True,False,True,True,False,True,True,True,True,False,False,False,False,False,False,False,False,False,False,False,False,False
32791,STATE_INIT,9.821,-3.23,0.85,-0.02,-0.14,-0.54,9.34,-0.06,-0.06,0.0,-26.75,4.75,-62.75,0.921,23.86,-0.59,0.44,9.92,0,0.0,0.0,0.0,0.0,0.0,0,-0.4,1.0,795.35,-0.01,795.56,False,True,True,False,True,True,False,True,True,True,True,False,False,False,False,False,False,False,False,False,False,False,False,False
32992,STATE_INIT,9.805,-3.23,0.85,-0.02,-0.15,-0.54,9.35,-0.25,-0.18,0.12,-25.56,4.75,-62.37,0.921,23.91,-0.61,0.42,9.82,0,0.0,0.0,0.0,0.0,0.0,0,-0.43,0.99,795.35,-0.01,795.56,False,True,True,False,True,True,False,True,True,True,True,False,False,False,False,False,False,False,False,False,False,False,False,False
32992,STATE_INIT,9.805,-3.23,0.85,-0.02,-0.15,-0.54,9.35,-0.25,-0.18,0.12,-25.56,4.75,-62.37,0.921,23.91,-0.61,0.42,9.82,0,0.0,0.0,0.0,0.0,0.0,0,-0.43,0.99,795.35,-0.01,795.56,False,True,True,False,True,True,False,True,True,True,True,False,False,False,False,False,False,False,False,False,False,False,False,False
32992,STATE_INIT,9.805,-3.23,0.85,-0.02,-0.15,-0.54,9.35,-0.25,-0.18,0.12,-25.56,4.75,-62.37,0.921,23.91,-0.61,0.42,9.82,0,0.0,0.0,0.0,0.0,0.0,0,-0.43,0.99,795.35,-0.01,795.56,False,True,True,False,True,True,False,True,True,True,True,False,False,False,False,False,False,False,False,False,False,False,False,False
32992,STATE_INIT,9.805,-3.23,0.85,-0.02,-0.15,-0.54,9.35,-0.25,-0.18,0.12,-25.56,4.75,-62.37,0.921,23.91,-0.61,0.42,9.82,0,0.0,0.0,0.0,0.0,0.0,0,-0.43,0.99,795.35,-0.01,795.56,False,True,True,False,True,True,False,True,True,True,True,False,False,False,False,False,False,False,False,False,False,False,False,False
32992,STATE_INIT,9.805,-3.23,0.85,-0.02,-0.15,-0.54,9.35,-0.25,-0.18,0.12,-25.56,4.75,-62.37,0.921,23.91,-0.61,0.42,9.82,0,0.0,0.0,0.0,0.0,0.0,0,-0.43,0.99,795.35,-0.01,795.56,False,True,True,False,True,True,False,True,True,True,True,False,False,False,False,False,False,False,False,False,False,False,False,False
32992,STATE_INIT,9.805,-3.23,0.85,-0.02,-0.15,-0.54,9.35,-0.25,-0.18,0.12,-25.56,4.75,-62.37,0.921,23.91,-0.61,0.42,9.82,0,0.0,0.0,0.0,0.0,0.0,0,-0.43,0.99,795.35,-0.01,795.56,False,True,True,False,True,True,False,True,True,True,True,False,False,False,False,False,False,False,False,False,False,False,False,False
33990,STATE_INIT,9.805,-3.23,0.85,-0.02,-0.12,-0.54,9.35,-0.12,-0.06,0.12,-26.0,5.18,-62.5,0.921,24.11,-0.64,0.32,9.8,0,0.0,0.0,0.0,0.0,0.0,0,-0.42,0.99,795.37,0.0,795.47,False,True,True,False,True,True,False,True,True,True,True,False,False,False,False,False,False,False,False,False,False,False,False,False
33990,STATE_INIT,9.805,-3.23,0.85,-0.02,-0.12,-0.54,9.35,-0.12,-0.06,0.12,-26.0,5.18,-62.5,0.921,24.11,-0.64,0.32,9.8,0,0.0,0.0,0.0,0.0,0.0,0,-0.42,0.99,795.37,0.0,795.47,False,True,True,False,True,True,False,True,True,True,True,False,False,False,False,False,False,False,False,False,False,False,False,False
34190,STATE_INIT,9.805,-3.23,0.85,-0.02,-0.12,-0.52,9.37,-0.12,0.0,0.0,-27.06,4.75,-62.75,0.921,24.06,-0.61,0.39,9.85,0,0.0,0.0,0.0,0.0,0.0,0,-0.45,1.0,795.38,0.01,795.56,False,True,True,False,True,True,False,True,True,True,True,False,False,False,False,False,False,False,False,False,False,False,False,False
34190,STATE_INIT,9.805,-3.23,0.85,-0.02,-0.12,-0.52,9.37,-0.12,0.0,0.0,-27.06,4.75,-62.75,0.921,24.06,-0.61,0.39,9.85,0,0.0,0.0,0.0,0.0,0.0,0,-0.45,1.0,795.38,0.01,795.56,False,True,True,False,True,True,False,True,True,True,True,False,False,False,False,False,False,False,False,False,False,False,False,False
34190,STATE_INIT,9.805,-3.23,0.85,-0.02,-0.12,-0.52,9.37,-0.12,0.0,0.0,-27.06,4.75,-62.75,0.921,24.06,-0.61,0.39,9.85,0,0.0,0.0,0.0,0.0,0.0,0,-0.45,1.0,795.38,0.01,795.56,False,True,True,False,True,True,False,True,True,True,True,False,False,False,False,False,False,False,False,False,False,False,False,False
34592,STATE_INIT,9.813,-3.23,0.85,-0.02,-0.14,-0.55,9.34,-0.12,-0.06,-0.06,-26.0,5.56,-62.75,0.921,24.16,-0.53,0.4,9.85,0,0.0,0.0,0.0,0.0,0.0,0,-0.42,1.0,795.38,0.0,795.56,False,True,True,False,True,True,False,True,True,True,True,False,False,False,False,False,False,False,False,False,False,False,False,False
34592,STATE_INIT,9.813,-3.23,0.85,-0.02,-0.14,-0.55,9.34,-0.12,-0.06,-0.06,-26.0,5.56,-62.75,0.921,24.16,-0.53,0.4,9.85,0,0.0,0.0,0.0,0.0,0.0,0,-0.42,1.0,795.38,0.0,795.56,False,True,True,False,True,True,False,True,True,True,True,False,False,False,False,False,False,False,False,False,False,False,False,False
34792,STATE_INIT,9.782,-3.23,0.85,-0.02,-0.13,-0.54,9.35,-0.06,0.12,0.0,-26.75,5.56,-64.06,0.921,23.96,-0.56,0.34,9.95,0,0.0,0.0,0.0,0.0,0.0,0,-0.46,1.01,795.38,0.0,795.74,False,True,True,False,True,True,False,True,True,True,True,False,False,False,False,False,False,False,False,False,False,False,False,False
35093,STATE_INIT,9.813,-3.23,0.85,-0.02,-0.13,-0.55,9.34,-0.06,-0.18,0.0,-25.25,5.18,-63.25,0.921,24.11,-0.61,0.44,9.94,0,0.0,0.0,0.0,0.0,0.0,0,-0.43,1.01,795.38,0.0,795.65,False,True,True,False,True,True,False,True,True,True,True,False,False,False,False,False,False,False,False,False,False,False,False,False
35093,STATE_INIT,9.813,-3.23,0.85,-0.02,-0.13,-0.55,9.34,-0.06,-0.18,0.0,-25.25,5.18,-63.25,0.921,24.11,-0.61,0.44,9.94,0,0.0,0.0,0.0,0.0,0.0,0,-0.43,1.01,795.38,0.0,795.65,False,True,True,False,True,True,False,True,True,True,True,False,False,False,False,False,False,False,False,False,False,False,False,False
35093,STATE_INIT,9.813,-3.23,0.85,-0.02,-0.13,-0.55,9.34,-0.06,-0.18,0.0,-25.25,5.18,-63.25,0.921,24.11,-0.61,0.44,9.94,0,0.0,0.0,0.0,0.0,0.0,0,-0.43,1.01,795.38,0.0,795.65,False,True,True,False,True,True,False,True,True,True,True,False,False,False,False,False,False,False,False,False,False,False,False,False
35093,STATE_INIT,9.813,-3.23,0.85,-0.02,-0.13,-0.55,9.34,-0.06,-0.18,0.0,-25.25,5.18,-63.25,0.921,24.11,-0.61,0.44,9.94,0,0.0,0.0,0.0,0.0,0.0,0,-0.43,1.01,795.38,0.0,795.65,False,True,True,False,True,True,False,True,True,True,True,False,False,False,False,False,False,False,False,False,False,False,False,False
35093,STATE_INIT,9.813,-3.23,0.85,-0.02,-0.13,-0.55,9.34,-0.06,-0.18,0.0,-25.25,5.18,-63.25,0.921,24.11,-0.61,0.44,9.94,0,0.0,0.0,0.0,0.0,0.0,0,-0.43,1.01,795.38,0.0,795.65,False,True,True,False,True,True,False,True,True,True,True,False,False,False,False,False,False,False,False,False,False,False,False,False
35292,STATE_INIT,9.813,-3.23,0.85,-0.02,-0.15,-0.54,9.35,-0.06,-0.06,0.06,-26.75,4.37,-62.5,0.921,23.96,-0.69,0.44,9.97,0,0.0,0.0,0.0,0.0,0.0,0,-0.42,1.01,795.38,0.0,795.11,False,True,True,False,True,True,False,True,True,True,True,False,False,False,False,False,False,False,False,False,False,False,False,False
35391,STATE_INIT,9.821,-3.23,0.85,-0.02,-0.13,-0.51,9.35,-0.06,-0.06,0.12,-27.87,4.06,-63.25,0.921,24.16,-0.44,0.45,9.93,0,0.0,0.0,0.0,0.0,0.0,0,-0.42,1.0,795.39,0.0,795.29,False,True,True,False,True,True,False,True,True,True,True,False,False,False,False,False,False,False,False,False,False,False,False,False
35590,STATE_INIT,9.813,-3.23,0.85,-0.02,-0.14,-0.51,9.35,0.0,0.06,-0.06,-27.06,4.06,-63.56,0.921,24.11,-0.63,0.36,9.82,0,0.0,0.0,0.0,0.0,0.0,0,-0.42,0.99,795.4,0.01,795.29,False,True,True,False,True,True,False,True,True,True,True,False,False,False,False,False,False,False,False,False,False,False,False,False
35590,STATE_INIT,9.813,-3.23,0.85,-0.02,-0.14,-0.51,9.35,0.0,0.06,-0.06,-27.06,4.06,-63.56,0.921,24.11,-0.63,0.36,9.82,0,0.0,0.0,0.0,0.0,0.0,0,-0.42,0.99,795.4,0.01,795.29,False,True,True,False,True,True,False,True,True,True,True,False,False,False,False,False,False,False,False,False,False,False,False,False
35590,STATE_INIT,9.813,-3.23,0.85,-0.02,-0.14,-0.51,9.35,0.0,0.06,-0.06,-27.06,4.06,-63.56,0.921,24.11,-0.63,0.36,9.82,0,0.0,0.0,0.0,0.0,0.0,0,-0.42,0.99,795.4,0.01,795.29,False,True,True,False,True,True,False,True,True,True,True,False,False,False,False,False,False,False,False,False,False,False,False,False
35890,STATE_INIT,9.798,-3.23,0.85,-0.02,-0.11,-0.52,9.37,-0.06,0.0,0.06,-26.75,4.06,-62.87,0.921,23.96,-0.55,0.36,9.93,0,0.0,0.0,0.0,0.0,0.0,0,-0.42,1.01,795.39,0.0,795.56,False,True,True,False,True,True,False,True,True,True,True,False,False,False,False,False,False,False,False,False,False,False,False,False
35991,STATE_INIT,9.759,-3.23,0.85,-0.02,-0.16,-0.55,9.42,0.0,-0.06,-0.06,-27.87,8.87,-64.37,0.921,23.8,-0.51,0.45,9.94,0,0.0,0.0,0.0,0.0,0.0,0,-0.41,1.01,795.39,0.0,795.56,False,True,True,False,True,True,False,True,True,True,True,False,False,False,False,False,False,False,False,False,False,False,False,False
36091,STATE_INIT,9.813,-3.23,0.85,-0.02,-0.12,-0.48,9.35,-0.12,0.25,0.0,-26.0,4.37,-63.56,0.921,24.16,-0.66,0.37,9.9,0,0.0,0.0,0.0,0.0,0.0,0,-0.45,1.0,795.38,0.0,795.11,False,True,True,False,True,True,False,True,True,True,True,False,False,False,False,False,False,False,False,False,False,False,False,False
36091,STATE_INIT,9.813,-3.23,0.85,-0.02,-0.12,-0.48,9.35,-0.12,0.25,0.0,-26.0,4.37,-63.56,0.921,24.16,-0.66,0.37,9.9,0,0.0,0.0,0.0,0.0,0.0,0,-0.45,1.0,795.38,0.0,795.11,False,True,True,False,True,True,False,True,True,True,True,False,False,False,False,False,False,False,False,False,False,False,False,False
36291,STATE_INIT,9.813,-3.23,0.85,-0.02,-0.11,-0.48,9.35,0.0,0.06,-0.12,-27.5,4.75,-63.56,0.921,24.32,-0.69,0.42,9.91,0,0.0,0.0,0.0,0.0,0.0,0,-0.43,1.0,795.37,0.0,795.47,False,True,True,False,True,True,False,True,True,True,True,False,False,False,False,False,False,False,False,False,False,False,False,False
36291,STATE_INIT,9.813,-3.23,0.85,-0.02,-0.11,-0.48,9.35,0.0,0.06,-0.12,-27.5,4.75,-63.56,0.921,24.32,-0.69,0.42,9.91,0,0.0,0.0,0.0,0.0,0.0,0,-0.43,1.0,795.37,0.0,795.47,False,True,True,False,True,True,False,True,True,True,True,False,False,False,False,False,False,False,False,False,False,False,False,False
36291,STATE_INIT,9.813,-3.23,0.85,-0.02,-0.11,-0.48,9.35,0.0,0.06,-0.12,-27.5,4.75,-63.56,0.921,24.32,-0.69,0.42,9.91,0,0.0,0.0,0.0,0.0,0.0,0,-0.43,1.0,795.37,0.0,795.47,False,True,True,False,True,True,False,True,True,True,True,False,False,False,False,False,False,False,False,False,False,False,False,False
36693,STATE_INIT,9.805,-3.23,0.85,-0.02,-0.13,-0.52,9.35,-0.12,0.0,0.06,-26.37,4.75,-64.37,0.921,24.21,-0.53,0.44,9.9,0,0.0,0.0,0.0,0.0,0.0,0,-0.46,1.0,795.34,-0.02,795.29,False,True,True,False,True,True,False,True,True,True,True,False,False,False,False,False,False,False,False,False,False,False,False,False
36693,STATE_INIT,9.805,-3.23,0.85,-0.02,-0.13,-0.52,9.35,-0.12,0.0,0.06,-26.37,4.75,-64.37,0.921,24.21,-0.53,0.44,9.9,0,0.0,0.0,0.0,0.0,0.0,0,-0.46,1.0,795.34,-0.02,795.29,False,True,True,False,True,True,False,True,True,True,True,False,False,False,False,False,False,False,False,False,False,False,False,False
37190,STATE_INIT,9.813,-3.23,0.85,-0.02,-0.15,-0.54,9.35,-0.06,0.0,-0.06,-26.0,4.37,-63.25,0.921,24.16,-0.63,0.37,9.93,0,0.0,0.0,0.0,0.0,0.0,0,-0.42,1.01,795.34,-0.01,795.74,False,True,True,False,True,True,False,True,True,True,True,False,False,False,False,False,False,False,False,False,False,False,False,False
37691,STATE_INIT,9.813,-3.23,0.85,-0.02,-0.19,-0.51,9.31,-0.06,-0.12,-0.06,-26.37,4.37,-63.56,0.921,24.11,-0.64,0.4,9.9,0,0.0,0.0,0.0,0.0,0.0,0,-0.39,1.0,795.36,0.0,795.56,False,True,True,False,True,True,False,True,True,True,True,False,False,False,False,False,False,False,False,False,False,False,False,False
37691,STATE_INIT,9.813,-3.23,0.85,-0.02,-0.19,-0.51,9.31,-0.06,-0.12,-0.06,-26.37,4.37,-63.56,0.921,24.11,-0.64,0.4,9.9,0,0.0,0.0,0.0,0.0,0.0,0,-0.39,1.0,795.36,0.0,795.56,False,True,True,False,True,True,False,True,True,True,True,False,False,False,False,False,False,False,False,False,False,False,False,False
37691,STATE_INIT,9.813,-3.23,0.85,-0.02,-0.19,-0.51,9.31,-0.06,-0.12,-0.06,-26.37,4.37,-63.56,0.921,24.11,-0.64,0.4,9.9,0,0.0,0.0,0.0,0.0,0.0,0,-0.39,1.0,795.36,0.0,795.56,False,True,True,False,True,True,False,True,True,True,True,False,False,False,False,False,False,False,False,False,False,False,False,False
37891,STATE_INIT,9.844,-3.23,0.85,-0.02,-0.13,-0.5,9.35,-0.06,0.0,0.06,-26.37,4.75,-63.25,0.921,24.01,-0.56,0.39,9.89,0,0.0,0.0,0.0,0.0,0.0,0,-0.43,1.0,795.39,0.01,795.65,False,True,True,False,True,True,False,True,True,True,True,False,False,False,False,False,False,False,False,False,False,False,False,False
37891,STATE_INIT,9.844,-3.23,0.85,-0.02,-0.13,-0.5,9.35,-0.06,0.0,0.06,-26.37,4.75,-63.25,0.921,24.01,-0.56,0.39,9.89,0,0.0,0.0,0.0,0.0,0.0,0,-0.43,1.0,795.39,0.01,795.65,False,True,True,False,True,True,False,True,True,True,True,False,False,False,False,False,False,False,False,False,False,False,False,False
37891,STATE_INIT,9.844,-3.23,0.85,-0.02,-0.13,-0.5,9.35,-0.06,0.0,0.06,-26.37,4.75,-63.25,0.921,24.01,-0.56,0.39,9.89,0,0.0,0.0,0.0,0.0,0.0,0,-0.43,1.0,795.39,0.01,795.65,False,True,True,False,True,True,False,True,True,True,True,False,False,False,False,False,False,False,False,False,False,False,False,False
38091,STATE_INIT,9.752,-3.23,0.85,-0.02,-0.12,-0.52,9.37,0.0,-0.12,0.0,-26.37,8.5,-66.75,0.921,24.01,-0.55,0.37,9.86,0,0.0,0.0,0.0,0.0,0.0,0,-0.43,1.0,795.41,0.02,795.2,False,True,True,False,True,True,False,True,True,True,True,False,False,False,False,False,False,False,False,False,False,False,False,False
38590,STATE_INIT,9.821,-3.23,0.85,-0.02,-0.15,-0.56,9.34,0.0,-0.12,-0.06,-25.56,4.75,-64.06,0.921,24.21,-0.61,0.4,9.89,0,0.0,0.0,0.0,0.0,0.0,0,-0.43,1.0,795.39,0.0,795.47,False,True,True,False,True,True,False,True,True,True,True,False,False,False,False,False,False,False,False,False,False,False,False,False
38790,STATE_INIT,9.805,-3.23,0.85,-0.02,-0.15,-0.56,9.34,-0.12,-0.12,0.06,-26.75,5.18,-62.5,0.921,24.11,-0.64,0.44,9.89,0,0.0,0.0,0.0,0.0,0.0,0,-0.43,1.0,795.39,0.01,795.47,False,True,True,False,True,True,False,True,True,True,True,False,False,False,False,False,False,False,False,False,False,False,False,False
38790,STATE_INIT,9.805,-3.23,0.85,-0.02,-0.15,-0.56,9.34,-0.12,-0.12,0.06,-26.75,5.18,-62.5,0.921,24.11,-0.64,0.44,9.89,0,0.0,0.0,0.0,0.0,0.0,0,-0.43,1.0,795.39,0.01,795.47,False,True,True,False,True,True,False,True,True,True,True,False,False,False,False,False,False,False,False,False,False,False,False,False
38990,STATE_INIT,9.798,-3.23,0.85,-0.02,-0.15,-0.52,9.37,0.0,-0.25,0.0,-26.37,8.87,-68.37,0.921,24.21,-0.51,0.37,9.81,0,0.0,0.0,0.0,0.0,0.0,0,-0.4,0.99,795.4,0.01,795.74,False,True,True,False,True,True,False,True,True,True,True,False,False,False,False,False,False,False,False,False,False,False,False,False
39090,STATE_INIT,9.813,-3.23,0.85,-0.02,-0.15,-0.52,9.34,-0.06,-0.12,-0.06,-25.25,4.06,-64.37,0.921,24.06,-0.53,0.45,9.89,0,0.0,0.0,0.0,0.0,0.0,0,-0.44,1.0,795.4,0.01,795.56,False,True,True,False,True,True,False,True,True,True,True,False,False,False,False,False,False,False,False,False,False,False,False,False
39090,STATE_INIT,9.813,-3.23,0.85,-0.02,-0.15,-0.52,9.34,-0.06,-0.12,-0.06,-25.25,4.06,-64.37,0.921,24.06,-0.53,0.45,9.89,0,0.0,0.0,0.0,0.0,0.0,0,-0.44,1.0,795.4,0.01,795.56,False,True,True,False,True,True,False,True,True,True,True,False,False,False,False,False,False,False,False,False,False,False,False,False
39290,STATE_INIT,9.805,-3.23,0.85,-0.02,-0.14,-0.52,9.35,0.0,0.06,0.0,-26.0,4.37,-62.5,0.921,24.16,-0.55,0.42,9.78,0,0.0,0.0,0.0,0.0,0.0,0,-0.45,0.99,795.37,0.0,794.75,False,True,True,False,True,True,False,True,True,True,True,False,False,False,False,False,False,False,False,False,False,False,False,False
39290,STATE_INIT,9.805,-3.23,0.85,-0.02,-0.14,-0.52,9.35,0.0,0.06,0.0,-26.0,4.37,-62.5,0.921,24.16,-0.55,0.42,9.78,0,0.0,0.0,0.0,0.0,0.0,0,-0.45,0.99,795.37,0.0,794.75,False,True,True,False,True,True,False,True,True,True,True,False,False,False,False,False,False,False,False,False,False,False,False,False
39290,STATE_INIT,9.805,-3.23,0.85,-0.02,-0.14,-0.52,9.35,0.0,0.06,0.0,-26.0,4.37,-62.5,0.921,24.16,-0.55,0.42,9.78,0,0.0,0.0,0.0,0.0,0.0,0,-0.45,0.99,795.37,0.0,794.75,False,True,True,False,True,True,False,True,True,True,True,False,False,False,False,False,False,False,False,False,False,False,False,False
39290,STATE_INIT,9.805,-3.23,0.85,-0.02,-0.14,-0.52,9.35,0.0,0.06,0.0,-26.0,4.37,-62.5,0.921,24.16,-0.55,0.42,9.78,0,0.0,0.0,0.0,0.0,0.0,0,-0.45,0.99,795.37,0.0,794.75,False,True,True,False,True,True,False,True,True,True,True,False,False,False,False,False,False,False,False,False,False,False,False,False
39290,STATE_INIT,9.805,-3.23,0.85,-0.02,-0.14,-0.52,9.35,0.0,0.06,0.0,-26.0,4.37,-62.5,0.921,24.16,-0.55,0.42,9.78,0,0.0,0.0,0.0,0.0,0.0,0,-0.45,0.99,795.37,0.0,794.75,False,True,True,False,True,True,False,True,True,True,True,False,False,False,False,False,False,False,False,False,False,False,False,False
39290,STATE_INIT,9.805,-3.23,0.85,-0.02,-0.14,-0.52,9.35,0.0,0.06,0.0,-26.0,4.37,-62.5,0.921,24.16,-0.55,0.42,9.78,0,0.0,0.0,0.0,0.0,0.0,0,-0.45,0.99,795.37,0.0,794.75,False,True,True,False,True,True,False,True,True,True,True,False,False,False,False,False,False,False,False,False,False,False,False,False
39491,STATE_INIT,9.813,-3.23,0.85,-0.02,-0.13,-0.51,9.38,-0.18,-0.43,0.0,-26.0,4.37,-63.25,0.921,23.96,-0.56,0.36,9.89,0,0.0,0.0,0.0,0.0,0.0,0,-0.43,1.0,795.36,0.0,795.2,False,True,True,False,True,True,False,True,True,True,True,False,False,False,False,False,False,False,False,False,False,False,False,False
39792,STATE_INIT,9.805,-3.23,0.85,-0.02,-0.16,-0.52,9.3,0.0,0.0,0.0,-26.37,4.37,-63.25,0.921,24.27,-0.53,0.37,9.84,0,0.0,0.0,0.0,0.0,0.0,0,-0.44,1.0,795.36,-0.01,795.56,False,True,True,False,True,True,False,True,True,True,True,False,False,False,False,False,False,False,False,False,False,False,False,False
39993,STATE_INIT,9.813,-3.23,0.85,-0.02,-0.11,-0.5,9.34,0.0,-0.06,-0.12,-26.0,4.75,-64.37,0.921,24.16,-0.61,0.4,9.89,0,0.0,0.0,0.0,0.0,0.0,0,-0.44,1.0,795.36,-0.01,795.2,False,True,True,False,True,True,False,True,True,True,True,False,False,False,False,False,False,False,False,False,False,False,False,False
39993,STATE_INIT,9.813,-3.23,0.85,-0.02,-0.11,-0.5,9.34,0.0,-0.06,-0.12,-26.0,4.75,-64.37,0.921,24.16,-0.61,0.4,9.89,0,0.0,0.0,0.0,0.0,0.0,0,-0.44,1.0,795.36,-0.01,795.2,False,True,True,False,True,True,False,True,True,True,True,False,False,False,False,False,False,False,False,False,False,False,False,False
39993,STATE_INIT,9.813,-3.23,0.85,-0.02,-0.11,-0.5,9.34,0.0,-0.06,-0.12,-26.0,4.75,-64.37,0.921,24.16,-0.61,0.4,9.89,0,0.0,0.0,0.0,0.0,0.0,0,-0.44,1.0,795.36,-0.01,795.2,False,True,True,False,True,True,False,True,True,True,True,False,False,False,False,False,False,False,False,False,False,False,False,False
40193,STATE_INIT,9.805,-3.23,0.85,-0.02,-0.14,-0.56,9.35,-0.12,-0.25,0.0,-26.75,10.0,-66.06,0.921,24.11,-0.55,0.42,9.9,0,0.0,0.0,0.0,0.0,0.0,0,-0.41,1.0,795.33,-0.02,795.47,False,True,True,False,True,True,False,True,True,True,True,False,False,False,False,False,False,False,False,False,False,False,False,False
40293,STATE_INIT,9.805,-3.23,0.85,-0.02,-0.12,-0.52,9.35,-0.12,0.0,-0.06,-26.75,4.75,-62.87,0.921,24.21,-0.61,0.4,9.77,0,0.0,0.0,0.0,0.0,0.0,0,-0.43,0.99,795.33,-0.02,795.2,False,True,True,False,True,True,False,True,True,True,True,False,False,False,False,False,False,False,False,False,False,False,False,False
40293,STATE_INIT,9.805,-3.23,0.85,-0.02,-0.12,-0.52,9.35,-0.12,0.0,-0.06,-26.75,4.75,-62.87,0.921,24.21,-0.61,0.4,9.77,0,0.0,0.0,0.0,0.0,0.0,0,-0.43,0.99,795.33,-0.02,795.2,False,True,True,False,True,True,False,True,True,True,True,False,False,False,False,False,False,False,False,False,False,False,False,False
40590,STATE_INIT,9.813,-3.23,0.85,-0.02,-0.15,-0.55,9.38,0.0,0.06,0.06,-27.06,5.18,-63.68,0.921,24.06,-0.63,0.39,9.74,0,0.0,0.0,0.0,0.0,0.0,0,-0.39,0.99,795.35,-0.01,795.38,False,True,True,False,True,True,False,True,True,True,True,False,False,False,False,False,False,False,False,False,False,False,False,False
40890,STATE_INIT,9.805,-3.23,0.85,-0.02,-0.11,-0.51,9.34,0.06,0.0,-0.06,-26.0,4.75,-64.06,0.921,24.11,-0.58,0.39,9.81,0,0.0,0.0,0.0,0.0,0.0,0,-0.44,0.99,795.35,-0.01,795.38,False,True,True,False,True,True,False,True,True,True,True,False,False,False,False,False,False,False,False,False,False,False,False,False
40890,STATE_INIT,9.805,-3.23,0.85,-0.02,-0.11,-0.51,9.34,0.06,0.0,-0.06,-26.0,4.75,-64.06,0.921,24.11,-0.58,0.39,9.81,0,0.0,0.0,0.0,0.0,0.0,0,-0.44,0.99,795.35,-0.01,795.38,False,True,True,False,True,True,False,True,True,True,True,False,False,False,False,False,False,False,False,False,False,False,False,False
40890,STATE_INIT,9.805,-3.23,0.85,-0.02,-0.11,-0.51,9.34,0.06,0.0,-0.06,-26.0,4.75,-64.06,0.921,24.11,-0.58,0.39,9.81,0,0.0,0.0,0.0,0.0,0.0,0,-0.44,0.99,795.35,-0.01,795.38,False,True,True,False,True,True,False,True,True,True,True,False,False,False,False,False,False,False,False,False,False,False,False,False
40890,STATE_INIT,9.805,-3.23,0.85,-0.02,-0.11,-0.51,9.34,0.06,0.0,-0.06,-26.0,4.75,-64.06,0.921,24.11,-0.58,0.39,9.81,0,0.0,0.0,0.0,0.0,0.0,0,-0.44,0.99,795.35,-0.01,795.38,False,True,True,False,True,True,False,True,True,True,True,False,False,False,False,False,False,False,False,False,False,False,False,False
41090,STATE_INIT,9.798,-3.23,0.85,-0.02,-0.12,-0.52,9.39,-0.12,-0.12,-0.06,-26.75,4.06,-64.06,0.921,24.21,-0.63,0.42,9.8,0,0.0,0.0,0.0,0.0,0.0,0,-0.39,0.99,795.36,0.0,795.65,False,True,True,False,True,True,False,True,True,True,True,False,False,False,False,False,False,False,False,False,False,False,False,False
