time_boot_ms,mission_state,battery_mv,roll,pitch,yaw,imu_acc_x,imu_acc_y,imu_acc_z,imu_gyro_x,imu_gyro_y,imu_gyro_z,imu_mag_x,imu_mag_y,imu_mag_z,pressure_hpa,temp_celsius,highg_acc_x,highg_acc_y,highg_acc_z,gps_fix,lat,lon,gps_alt,vel,cog,satellites_nb,imu_acc_vertical,highg_acc_vertical,kalman_z,kalman_v,altitude_msl_m,FLAG_IDEFIX_OK,FLAG_BT_OK,FLAG_FLASH_OK,FLAG_SD_OK,FLAG_TEMP_OK,FLAG_HIGHG_OK,FLAG_GPS_OK,FLAG_BARO_OK,FLAG_IMU_OK,FLAG_RADIO_OK,FLAG_PYROS_ARMED_OK,FLAG_PYRO1_CONN,FLAG_PYRO2_CONN,FLAG_PYRO3_CONN,FLAG_PYRO4_CONN,FLAG_PYRO1_FIRED,FLAG_PYRO2_FIRED,FLAG_PYRO3_FIRED,FLAG_PYRO4_FIRED,FLAG_APOGEE_DETECTED,FLAG_MAIN_DEPLOYED,FLAG_DROGUE_DEPLOYED,FLAG_MACH_LOCK_ENABLED
11544323,STATE_PREFLIGHT,12.4,0.05,0.1,0.45,0.0,0.0,0.09810000419616699,0.0010000000149011613,0.0020000000298023225,0.0030000001192092896,0.12300000190734864,0.45599998474121095,0.789000015258789,980.5,25.0,0.0,0.0,0.980999984741211,1,46.5,6.6,1200.0,1.5,3.5,12,9.8100004196167,98.0999984741211,11.984000244140624,0.0,1200.0,True,True,True,True,True,True,True,True,True,True,True,True,True,True,True,True,False,False,False,False,False,False,False
11544833,STATE_PREFLIGHT,12.4,0.05,0.1,0.45,0.0,0.0,0.09810000419616699,0.0010000000149011613,0.0020000000298023225,0.0030000001192092896,0.12300000190734864,0.45599998474121095,0.789000015258789,980.5,25.0,0.0,0.0,0.980999984741211,1,46.5,6.6,1200.0,1.5,3.5,12,9.8100004196167,98.0999984741211,11.984000244140624,0.0,1200.0,True,True,True,True,True,True,True,True,True,True,True,True,True,True,True,True,False,False,False,False,False,False,False
11545338,STATE_PREFLIGHT,12.4,0.05,0.1,0.45,0.0,0.0,0.09810000419616699,0.0010000000149011613,0.0020000000298023225,0.0030000001192092896,0.12300000190734864,0.45599998474121095,0.789000015258789,980.5,25.0,0.0,0.0,0.980999984741211,1,46.5,6.6,1200.0,1.5,3.5,12,9.8100004196167,98.0999984741211,11.984000244140624,0.0,1200.0,True,True,True,True,True,True,True,True,True,True,True,True,True,True,True,True,False,False,False,False,False,False,False
11545842,STATE_PREFLIGHT,12.4,0.05,0.1,0.45,0.0,0.0,0.09810000419616699,0.0010000000149011613,0.0020000000298023225,0.0030000001192092896,0.12300000190734864,0.45599998474121095,0.789000015258789,980.5,25.0,0.0,0.0,0.980999984741211,1,46.5,6.6,1200.0,1.5,3.5,12,9.8100004196167,98.0999984741211,11.984000244140624,0.0,1200.0,True,True,True,True,True,True,True,True,True,True,True,True,True,True,True,True,False,False,False,False,False,False,False
11546352,STATE_PREFLIGHT,12.4,0.05,0.1,0.45,0.0,0.0,0.09810000419616699,0.0010000000149011613,0.0020000000298023225,0.0030000001192092896,0.12300000190734864,0.45599998474121095,0.789000015258789,980.5,25.0,0.0,0.0,0.980999984741211,1,46.5,6.6,1200.0,1.5,3.5,12,9.8100004196167,98.0999984741211,11.984000244140624,0.0,1200.0,True,True,True,True,True,True,True,True,True,True,True,True,True,True,True,True,False,False,False,False,False,False,False
11546861,STATE_PREFLIGHT,12.4,0.05,0.1,0.45,0.0,0.0,0.09810000419616699,0.0010000000149011613,0.0020000000298023225,0.0030000001192092896,0.12300000190734864,0.45599998474121095,0.789000015258789,980.5,25.0,0.0,0.0,0.980999984741211,1,46.5,6.6,1200.0,1.5,3.5,12,9.8100004196167,98.0999984741211,11.984000244140624,0.0,1200.0,True,True,True,True,True,True,True,True,True,True,True,True,True,True,True,True,False,False,False,False,False,False,False
11547372,STATE_PREFLIGHT,12.4,0.05,0.1,0.45,0.0,0.0,0.09810000419616699,0.0010000000149011613,0.0020000000298023225,0.0030000001192092896,0.12300000190734864,0.45599998474121095,0.789000015258789,980.5,25.0,0.0,0.0,0.980999984741211,1,46.5,6.6,1200.0,1.5,3.5,12,9.8100004196167,98.0999984741211,11.984000244140624,0.0,1200.0,True,True,True,True,True,True,True,True,True,True,True,True,True,True,True,True,False,False,False,False,False,False,False
11547881,STATE_PREFLIGHT,12.4,0.05,0.1,0.45,0.0,0.0,0.09810000419616699,0.0010000000149011613,0.0020000000298023225,0.0030000001192092896,0.12300000190734864,0.45599998474121095,0.789000015258789,980.5,25.0,0.0,0.0,0.980999984741211,1,46.5,6.6,1200.0,1.5,3.5,12,9.8100004196167,98.0999984741211,11.984000244140624,0.0,1200.0,True,True,True,True,True,True,True,True,True,True,True,True,True,True,True,True,False,False,False,False,False,False,False
11548387,STATE_PREFLIGHT,12.4,0.05,0.1,0.45,0.0,0.0,0.09810000419616699,0.0010000000149011613,0.0020000000298023225,0.0030000001192092896,0.12300000190734864,0.45599998474121095,0.789000015258789,980.5,25.0,0.0,0.0,0.980999984741211,1,46.5,6.6,1200.0,1.5,3.5,12,9.8100004196167,98.0999984741211,11.984000244140624,0.0,1200.0,True,True,True,True,True,True,True,True,True,True,True,True,True,True,True,True,False,False,False,False,False,False,False
11548894,STATE_PREFLIGHT,12.4,0.05,0.1,0.45,0.0,0.0,0.09810000419616699,0.0010000000149011613,0.0020000000298023225,0.0030000001192092896,0.12300000190734864,0.45599998474121095,0.789000015258789,980.5,25.0,0.0,0.0,0.980999984741211,1,46.5,6.6,1200.0,1.5,3.5,12,9.8100004196167,98.0999984741211,11.984000244140624,0.0,1200.0,True,True,True,True,True,True,True,True,True,True,True,True,True,True,True,True,False,False,False,False,False,False,False
11549401,STATE_PREFLIGHT,12.4,0.05,0.1,0.45,0.0,0.0,0.09810000419616699,0.0010000000149011613,0.0020000000298023225,0.0030000001192092896,0.12300000190734864,0.45599998474121095,0.789000015258789,980.5,25.0,0.0,0.0,0.980999984741211,1,46.5,6.6,1200.0,1.5,3.5,12,9.8100004196167,98.0999984741211,11.984000244140624,0.0,1200.0,True,True,True,True,True,True,True,True,True,True,True,True,True,True,True,True,False,False,False,False,False,False,False
11549906,STATE_PREFLIGHT,12.4,0.05,0.1,0.45,0.0,0.0,0.09810000419616699,0.0010000000149011613,0.0020000000298023225,0.0030000001192092896,0.12300000190734864,0.45599998474121095,0.789000015258789,980.5,25.0,0.0,0.0,0.980999984741211,1,46.5,6.6,1200.0,1.5,3.5,12,9.8100004196167,98.0999984741211,11.984000244140624,0.0,1200.0,True,True,True,True,True,True,True,True,True,True,True,True,True,True,True,True,False,False,False,False,False,False,False
11550416,STATE_PREFLIGHT,12.4,0.05,0.1,0.45,0.0,0.0,0.09810000419616699,0.0010000000149011613,0.0020000000298023225,0.0030000001192092896,0.12300000190734864,0.45599998474121095,0.789000015258789,980.5,25.0,0.0,0.0,0.980999984741211,1,46.5,6.6,1200.0,1.5,3.5,12,9.8100004196167,98.0999984741211,11.984000244140624,0.0,1200.0,True,True,True,True,True,True,True,True,True,True,True,True,True,True,True,True,False,False,False,False,False,False,False
11550927,STATE_PREFLIGHT,12.4,0.05,0.1,0.45,0.0,0.0,0.09810000419616699,0.0010000000149011613,0.0020000000298023225,0.0030000001192092896,0.12300000190734864,0.45599998474121095,0.789000015258789,980.5,25.0,0.0,0.0,0.980999984741211,1,46.5,6.6,1200.0,1.5,3.5,12,9.8100004196167,98.0999984741211,11.984000244140624,0.0,1200.0,True,True,True,True,True,True,True,True,True,True,True,True,True,True,True,True,False,False,False,False,False,False,False
11551436,STATE_PREFLIGHT,12.4,0.05,0.1,0.45,0.0,0.0,0.09810000419616699,0.0010000000149011613,0.0020000000298023225,0.0030000001192092896,0.12300000190734864,0.45599998474121095,0.789000015258789,980.5,25.0,0.0,0.0,0.980999984741211,1,46.5,6.6,1200.0,1.5,3.5,12,9.8100004196167,98.0999984741211,11.984000244140624,0.0,1200.0,True,True,True,True,True,True,True,True,True,True,True,True,True,True,True,True,False,False,False,False,False,False,False
11551940,STATE_PREFLIGHT,12.4,0.05,0.1,0.45,0.0,0.0,0.09810000419616699,0.0010000000149011613,0.0020000000298023225,0.0030000001192092896,0.12300000190734864,0.45599998474121095,0.789000015258789,980.5,25.0,0.0,0.0,0.980999984741211,1,46.5,6.6,1200.0,1.5,3.5,12,9.8100004196167,98.0999984741211,11.984000244140624,0.0,1200.0,True,True,True,True,True,True,True,True,True,True,True,True,True,True,True,True,False,False,False,False,False,False,False
11552450,STATE_PREFLIGHT,12.4,0.05,0.1,0.45,0.0,0.0,0.09810000419616699,0.0010000000149011613,0.0020000000298023225,0.0030000001192092896,0.12300000190734864,0.45599998474121095,0.789000015258789,980.5,25.0,0.0,0.0,0.980999984741211,1,46.5,6.6,1200.0,1.5,3.5,12,9.8100004196167,98.0999984741211,11.984000244140624,0.0,1200.0,True,True,True,True,True,True,True,True,True,True,True,True,True,True,True,True,False,False,False,False,False,False,False
11552961,STATE_PREFLIGHT,12.4,0.05,0.1,0.45,0.0,0.0,0.09810000419616699,0.0010000000149011613,0.0020000000298023225,0.0030000001192092896,0.12300000190734864,0.45599998474121095,0.789000015258789,980.5,25.0,0.0,0.0,0.980999984741211,1,46.5,6.6,1200.0,1.5,3.5,12,9.8100004196167,98.0999984741211,11.984000244140624,0.0,1200.0,True,True,True,True,True,True,True,True,True,True,True,True,True,True,True,True,False,False,False,False,False,False,False
11553470,STATE_PREFLIGHT,12.4,0.05,0.1,0.45,0.0,0.0,0.09810000419616699,0.0010000000149011613,0.0020000000298023225,0.0030000001192092896,0.12300000190734864,0.45599998474121095,0.789000015258789,980.5,25.0,0.0,0.0,0.980999984741211,1,46.5,6.6,1200.0,1.5,3.5,12,9.8100004196167,98.0999984741211,11.984000244140624,0.0,1200.0,True,True,True,True,True,True,True,True,True,True,True,True,True,True,True,True,False,False,False,False,False,False,False
11553981,STATE_PREFLIGHT,12.4,0.05,0.1,0.45,0.0,0.0,0.09810000419616699,0.0010000000149011613,0.0020000000298023225,0.0030000001192092896,0.12300000190734864,0.45599998474121095,0.789000015258789,980.5,25.0,0.0,0.0,0.980999984741211,1,46.5,6.6,1200.0,1.5,3.5,12,9.8100004196167,98.0999984741211,11.984000244140624,0.0,1200.0,True,True,True,True,True,True,True,True,True,True,True,True,True,True,True,True,False,False,False,False,False,False,False
11554491,STATE_PREFLIGHT,12.4,0.05,0.1,0.45,0.0,0.0,0.09810000419616699,0.0010000000149011613,0.0020000000298023225,0.0030000001192092896,0.12300000190734864,0.45599998474121095,0.789000015258789,980.5,25.0,0.0,0.0,0.980999984741211,1,46.5,6.6,1200.0,1.5,3.5,12,9.8100004196167,98.0999984741211,11.984000244140624,0.0,1200.0,True,True,True,True,True,True,True,True,True,True,True,True,True,True,True,True,False,False,False,False,False,False,False
11555002,STATE_PREFLIGHT,12.4,0.05,0.1,0.45,0.0,0.0,0.09810000419616699,0.0010000000149011613,0.0020000000298023225,0.0030000001192092896,0.12300000190734864,0.45599998474121095,0.789000015258789,980.5,25.0,0.0,0.0,0.980999984741211,1,46.5,6.6,1200.0,1.5,3.5,12,9.8100004196167,98.0999984741211,11.984000244140624,0.0,1200.0,True,True,True,True,True,True,True,True,True,True,True,True,True,True,True,True,False,False,False,False,False,False,False
11555513,STATE_PREFLIGHT,12.4,0.05,0.1,0.45,0.0,0.0,0.09810000419616699,0.0010000000149011613,0.0020000000298023225,0.0030000001192092896,0.12300000190734864,0.45599998474121095,0.789000015258789,980.5,25.0,0.0,0.0,0.980999984741211,1,46.5,6.6,1200.0,1.5,3.5,12,9.8100004196167,98.0999984741211,11.984000244140624,0.0,1200.0,True,True,True,True,True,True,True,True,True,True,True,True,True,True,True,True,False,False,False,False,False,False,False
11556019,STATE_PREFLIGHT,12.4,0.05,0.1,0.45,0.0,0.0,0.09810000419616699,0.0010000000149011613,0.0020000000298023225,0.0030000001192092896,0.12300000190734864,0.45599998474121095,0.789000015258789,980.5,25.0,0.0,0.0,0.980999984741211,1,46.5,6.6,1200.0,1.5,3.5,12,9.8100004196167,98.0999984741211,11.984000244140624,0.0,1200.0,True,True,True,True,True,True,True,True,True,True,True,True,True,True,True,True,False,False,False,False,False,False,False
11556527,STATE_PREFLIGHT,12.4,0.05,0.1,0.45,0.0,0.0,0.09810000419616699,0.0010000000149011613,0.0020000000298023225,0.0030000001192092896,0.12300000190734864,0.45599998474121095,0.789000015258789,980.5,25.0,0.0,0.0,0.980999984741211,1,46.5,6.6,1200.0,1.5,3.5,12,9.8100004196167,98.0999984741211,11.984000244140624,0.0,1200.0,True,True,True,True,True,True,True,True,True,True,True,True,True,True,True,True,False,False,False,False,False,False,False
11557038,STATE_PREFLIGHT,12.4,0.05,0.1,0.45,0.0,0.0,0.09810000419616699,0.0010000000149011613,0.0020000000298023225,0.0030000001192092896,0.12300000190734864,0.45599998474121095,0.789000015258789,980.5,25.0,0.0,0.0,0.980999984741211,1,46.5,6.6,1200.0,1.5,3.5,12,9.8100004196167,98.0999984741211,11.984000244140624,0.0,1200.0,True,True,True,True,True,True,True,True,True,True,True,True,True,True,True,True,False,False,False,False,False,False,False
11557545,STATE_PREFLIGHT,12.4,0.05,0.1,0.45,0.0,0.0,0.09810000419616699,0.0010000000149011613,0.0020000000298023225,0.0030000001192092896,0.12300000190734864,0.45599998474121095,0.789000015258789,980.5,25.0,0.0,0.0,0.980999984741211,1,46.5,6.6,1200.0,1.5,3.5,12,9.8100004196167,98.0999984741211,11.984000244140624,0.0,1200.0,True,True,True,True,True,True,True,True,True,True,True,True,True,True,True,True,False,False,False,False,False,False,False
11558056,STATE_PREFLIGHT,12.4,0.05,0.1,0.45,0.0,0.0,0.09810000419616699,0.0010000000149011613,0.0020000000298023225,0.0030000001192092896,0.12300000190734864,0.45599998474121095,0.789000015258789,980.5,25.0,0.0,0.0,0.980999984741211,1,46.5,6.6,1200.0,1.5,3.5,12,9.8100004196167,98.0999984741211,11.984000244140624,0.0,1200.0,True,True,True,True,True,True,True,True,True,True,True,True,True,True,True,True,False,False,False,False,False,False,False
11558566,STATE_PREFLIGHT,12.4,0.05,0.1,0.45,0.0,0.0,0.09810000419616699,0.0010000000149011613,0.0020000000298023225,0.0030000001192092896,0.12300000190734864,0.45599998474121095,0.789000015258789,980.5,25.0,0.0,0.0,0.980999984741211,1,46.5,6.6,1200.0,1.5,3.5,12,9.8100004196167,98.0999984741211,11.984000244140624,0.0,1200.0,True,True,True,True,True,True,True,True,True,True,True,True,True,True,True,True,False,False,False,False,False,False,False
11559077,STATE_PREFLIGHT,12.4,0.05,0.1,0.45,0.0,0.0,0.09810000419616699,0.0010000000149011613,0.0020000000298023225,0.0030000001192092896,0.12300000190734864,0.45599998474121095,0.789000015258789,980.5,25.0,0.0,0.0,0.980999984741211,1,46.5,6.6,1200.0,1.5,3.5,12,9.8100004196167,98.0999984741211,11.984000244140624,0.0,1200.0,True,True,True,True,True,True,True,True,True,True,True,True,True,True,True,True,False,False,False,False,False,False,False
11559586,STATE_PREFLIGHT,12.4,0.05,0.1,0.45,0.0,0.0,0.09810000419616699,0.0010000000149011613,0.0020000000298023225,0.0030000001192092896,0.12300000190734864,0.45599998474121095,0.789000015258789,980.5,25.0,0.0,0.0,0.980999984741211,1,46.5,6.6,1200.0,1.5,3.5,12,9.8100004196167,98.0999984741211,11.984000244140624,0.0,1200.0,True,True,True,True,True,True,True,True,True,True,True,True,True,True,True,True,False,False,False,False,False,False,False
11560093,STATE_PREFLIGHT,12.4,0.05,0.1,0.45,0.0,0.0,0.09810000419616699,0.0010000000149011613,0.0020000000298023225,0.0030000001192092896,0.12300000190734864,0.45599998474121095,0.789000015258789,980.5,25.0,0.0,0.0,0.980999984741211,1,46.5,6.6,1200.0,1.5,3.5,12,9.8100004196167,98.0999984741211,11.984000244140624,0.0,1200.0,True,True,True,True,True,True,True,True,True,True,True,True,True,True,True,True,False,False,False,False,False,False,False
11560600,STATE_PREFLIGHT,12.4,0.05,0.1,0.45,0.0,0.0,0.09810000419616699,0.0010000000149011613,0.0020000000298023225,0.0030000001192092896,0.12300000190734864,0.45599998474121095,0.789000015258789,980.5,25.0,0.0,0.0,0.980999984741211,1,46.5,6.6,1200.0,1.5,3.5,12,9.8100004196167,98.0999984741211,11.984000244140624,0.0,1200.0,True,True,True,True,True,True,True,True,True,True,True,True,True,True,True,True,False,False,False,False,False,False,False
11561108,STATE_PREFLIGHT,12.4,0.05,0.1,0.45,0.0,0.0,0.09810000419616699,0.0010000000149011613,0.0020000000298023225,0.0030000001192092896,0.12300000190734864,0.45599998474121095,0.789000015258789,980.5,25.0,0.0,0.0,0.980999984741211,1,46.5,6.6,1200.0,1.5,3.5,12,9.8100004196167,98.0999984741211,11.984000244140624,0.0,1200.0,True,True,True,True,True,True,True,True,True,True,True,True,True,True,True,True,False,False,False,False,False,False,False
11561616,STATE_PREFLIGHT,12.4,0.05,0.1,0.45,0.0,0.0,0.09810000419616699,0.0010000000149011613,0.0020000000298023225,0.0030000001192092896,0.12300000190734864,0.45599998474121095,0.789000015258789,980.5,25.0,0.0,0.0,0.980999984741211,1,46.5,6.6,1200.0,1.5,3.5,12,9.8100004196167,98.0999984741211,11.984000244140624,0.0,1200.0,True,True,True,True,True,True,True,True,True,True,True,True,True,True,True,True,False,False,False,False,False,False,False
11562126,STATE_PREFLIGHT,12.4,0.05,0.1,0.45,0.0,0.0,0.09810000419616699,0.0010000000149011613,0.0020000000298023225,0.0030000001192092896,0.12300000190734864,0.45599998474121095,0.789000015258789,980.5,25.0,0.0,0.0,0.980999984741211,1,46.5,6.6,1200.0,1.5,3.5,12,9.8100004196167,98.0999984741211,11.984000244140624,0.0,1200.0,True,True,True,True,True,True,True,True,True,True,True,True,True,True,True,True,False,False,False,False,False,False,False
11562633,STATE_PREFLIGHT,12.4,0.05,0.1,0.45,0.0,0.0,0.09810000419616699,0.0010000000149011613,0.0020000000298023225,0.0030000001192092896,0.12300000190734864,0.45599998474121095,0.789000015258789,980.5,25.0,0.0,0.0,0.980999984741211,1,46.5,6.6,1200.0,1.5,3.5,12,9.8100004196167,98.0999984741211,11.984000244140624,0.0,1200.0,True,True,True,True,True,True,True,True,True,True,True,True,True,True,True,True,False,False,False,False,False,False,False
11563143,STATE_PREFLIGHT,12.4,0.05,0.1,0.45,0.0,0.0,0.09810000419616699,0.0010000000149011613,0.0020000000298023225,0.0030000001192092896,0.12300000190734864,0.45599998474121095,0.789000015258789,980.5,25.0,0.0,0.0,0.980999984741211,1,46.5,6.6,1200.0,1.5,3.5,12,9.8100004196167,98.0999984741211,11.984000244140624,0.0,1200.0,True,True,True,True,True,True,True,True,True,True,True,True,True,True,True,True,False,False,False,False,False,False,False
11563647,STATE_PREFLIGHT,12.4,0.05,0.1,0.45,0.0,0.0,0.09810000419616699,0.0010000000149011613,0.0020000000298023225,0.0030000001192092896,0.12300000190734864,0.45599998474121095,0.789000015258789,980.5,25.0,0.0,0.0,0.980999984741211,1,46.5,6.6,1200.0,1.5,3.5,12,9.8100004196167,98.0999984741211,11.984000244140624,0.0,1200.0,True,True,True,True,True,True,True,True,True,True,True,True,True,True,True,True,False,False,False,False,False,False,False
11564158,STATE_PREFLIGHT,12.4,0.05,0.1,0.45,0.0,0.0,0.09810000419616699,0.0010000000149011613,0.0020000000298023225,0.0030000001192092896,0.12300000190734864,0.45599998474121095,0.789000015258789,980.5,25.0,0.0,0.0,0.980999984741211,1,46.5,6.6,1200.0,1.5,3.5,12,9.8100004196167,98.0999984741211,11.984000244140624,0.0,1200.0,True,True,True,True,True,True,True,True,True,True,True,True,True,True,True,True,False,False,False,False,False,False,False
11564669,STATE_PREFLIGHT,12.4,0.05,0.1,0.45,0.0,0.0,0.09810000419616699,0.0010000000149011613,0.0020000000298023225,0.0030000001192092896,0.12300000190734864,0.45599998474121095,0.789000015258789,980.5,25.0,0.0,0.0,0.980999984741211,1,46.5,6.6,1200.0,1.5,3.5,12,9.8100004196167,98.0999984741211,11.984000244140624,0.0,1200.0,True,True,True,True,True,True,True,True,True,True,True,True,True,True,True,True,False,False,False,False,False,False,False
11565179,STATE_PREFLIGHT,12.4,0.05,0.1,0.45,0.0,0.0,0.09810000419616699,0.0010000000149011613,0.0020000000298023225,0.0030000001192092896,0.12300000190734864,0.45599998474121095,0.789000015258789,980.5,25.0,0.0,0.0,0.980999984741211,1,46.5,6.6,1200.0,1.5,3.5,12,9.8100004196167,98.0999984741211,11.984000244140624,0.0,1200.0,True,True,True,True,True,True,True,True,True,True,True,True,True,True,True,True,False,False,False,False,False,False,False
11565689,STATE_PREFLIGHT,12.4,0.05,0.1,0.45,0.0,0.0,0.09810000419616699,0.0010000000149011613,0.0020000000298023225,0.0030000001192092896,0.12300000190734864,0.45599998474121095,0.789000015258789,980.5,25.0,0.0,0.0,0.980999984741211,1,46.5,6.6,1200.0,1.5,3.5,12,9.8100004196167,98.0999984741211,11.984000244140624,0.0,1200.0,True,True,True,True,True,True,True,True,True,True,True,True,True,True,True,True,False,False,False,False,False,False,False
11566200,STATE_PREFLIGHT,12.4,0.05,0.1,0.45,0.0,0.0,0.09810000419616699,0.0010000000149011613,0.0020000000298023225,0.0030000001192092896,0.12300000190734864,0.45599998474121095,0.789000015258789,980.5,25.0,0.0,0.0,0.980999984741211,1,46.5,6.6,1200.0,1.5,3.5,12,9.8100004196167,98.0999984741211,11.984000244140624,0.0,1200.0,True,True,True,True,True,True,True,True,True,True,True,True,True,True,True,True,False,False,False,False,False,False,False
11566711,STATE_PREFLIGHT,12.4,0.05,0.1,0.45,0.0,0.0,0.09810000419616699,0.0010000000149011613,0.0020000000298023225,0.0030000001192092896,0.12300000190734864,0.45599998474121095,0.789000015258789,980.5,25.0,0.0,0.0,0.980999984741211,1,46.5,6.6,1200.0,1.5,3.5,12,9.8100004196167,98.0999984741211,11.984000244140624,0.0,1200.0,True,True,True,True,True,True,True,True,True,True,True,True,True,True,True,True,False,False,False,False,False,False,False
11567219,STATE_PREFLIGHT,12.4,0.05,0.1,0.45,0.0,0.0,0.09810000419616699,0.0010000000149011613,0.0020000000298023225,0.0030000001192092896,0.12300000190734864,0.45599998474121095,0.789000015258789,980.5,25.0,0.0,0.0,0.980999984741211,1,46.5,6.6,1200.0,1.5,3.5,12,9.8100004196167,98.0999984741211,11.984000244140624,0.0,1200.0,True,True,True,True,True,True,True,True,True,True,True,True,True,True,True,True,False,False,False,False,False,False,False
11567729,STATE_PREFLIGHT,12.4,0.05,0.1,0.45,0.0,0.0,0.09810000419616699,0.0010000000149011613,0.0020000000298023225,0.0030000001192092896,0.12300000190734864,0.45599998474121095,0.789000015258789,980.5,25.0,0.0,0.0,0.980999984741211,1,46.5,6.6,1200.0,1.5,3.5,12,9.8100004196167,98.0999984741211,11.984000244140624,0.0,1200.0,True,True,True,True,True,True,True,True,True,True,True,True,True,True,True,True,False,False,False,False,False,False,False
11568240,STATE_PREFLIGHT,12.4,0.05,0.1,0.45,0.0,0.0,0.09810000419616699,0.0010000000149011613,0.0020000000298023225,0.0030000001192092896,0.12300000190734864,0.45599998474121095,0.789000015258789,980.5,25.0,0.0,0.0,0.980999984741211,1,46.5,6.6,1200.0,1.5,3.5,12,9.8100004196167,98.0999984741211,11.984000244140624,0.0,1200.0,True,True,True,True,True,True,True,True,True,True,True,True,True,True,True,True,False,False,False,False,False,False,False
11568751,STATE_PREFLIGHT,12.4,0.05,0.1,0.45,0.0,0.0,0.09810000419616699,0.0010000000149011613,0.0020000000298023225,0.0030000001192092896,0.12300000190734864,0.45599998474121095,0.789000015258789,980.5,25.0,0.0,0.0,0.980999984741211,1,46.5,6.6,1200.0,1.5,3.5,12,9.8100004196167,98.0999984741211,11.984000244140624,0.0,1200.0,True,True,True,True,True,True,True,True,True,True,True,True,True,True,True,True,False,False,False,False,False,False,False
11569263,STATE_PREFLIGHT,12.4,0.05,0.1,0.45,0.0,0.0,0.09810000419616699,0.0010000000149011613,0.0020000000298023225,0.0030000001192092896,0.12300000190734864,0.45599998474121095,0.789000015258789,980.5,25.0,0.0,0.0,0.980999984741211,1,46.5,6.6,1200.0,1.5,3.5,12,9.8100004196167,98.0999984741211,11.984000244140624,0.0,1200.0,True,True,True,True,True,True,True,True,True,True,True,True,True,True,True,True,False,False,False,False,False,False,False
11569772,STATE_PREFLIGHT,12.4,0.05,0.1,0.45,0.0,0.0,0.09810000419616699,0.0010000000149011613,0.0020000000298023225,0.0030000001192092896,0.12300000190734864,0.45599998474121095,0.789000015258789,980.5,25.0,0.0,0.0,0.980999984741211,1,46.5,6.6,1200.0,1.5,3.5,12,9.8100004196167,98.0999984741211,11.984000244140624,0.0,1200.0,True,True,True,True,True,True,True,True,True,True,True,True,True,True,True,True,False,False,False,False,False,False,False
11570283,STATE_PREFLIGHT,12.4,0.05,0.1,0.45,0.0,0.0,0.09810000419616699,0.0010000000149011613,0.0020000000298023225,0.0030000001192092896,0.12300000190734864,0.45599998474121095,0.789000015258789,980.5,25.0,0.0,0.0,0.980999984741211,1,46.5,6.6,1200.0,1.5,3.5,12,9.8100004196167,98.0999984741211,11.984000244140624,0.0,1200.0,True,True,True,True,True,True,True,True,True,True,True,True,True,True,True,True,False,False,False,False,False,False,False
11570794,STATE_PREFLIGHT,12.4,0.05,0.1,0.45,0.0,0.0,0.09810000419616699,0.0010000000149011613,0.0020000000298023225,0.0030000001192092896,0.12300000190734864,0.45599998474121095,0.789000015258789,980.5,25.0,0.0,0.0,0.980999984741211,1,46.5,6.6,1200.0,1.5,3.5,12,9.8100004196167,98.0999984741211,11.984000244140624,0.0,1200.0,True,True,True,True,True,True,True,True,True,True,True,True,True,True,True,True,False,False,False,False,False,False,False
11571305,STATE_PREFLIGHT,12.4,0.05,0.1,0.45,0.0,0.0,0.09810000419616699,0.0010000000149011613,0.0020000000298023225,0.0030000001192092896,0.12300000190734864,0.45599998474121095,0.789000015258789,980.5,25.0,0.0,0.0,0.980999984741211,1,46.5,6.6,1200.0,1.5,3.5,12,9.8100004196167,98.0999984741211,11.984000244140624,0.0,1200.0,True,True,True,True,True,True,True,True,True,True,True,True,True,True,True,True,False,False,False,False,False,False,False
11571817,STATE_PREFLIGHT,12.4,0.05,0.1,0.45,0.0,0.0,0.09810000419616699,0.0010000000149011613,0.0020000000298023225,0.0030000001192092896,0.12300000190734864,0.45599998474121095,0.789000015258789,980.5,25.0,0.0,0.0,0.980999984741211,1,46.5,6.6,1200.0,1.5,3.5,12,9.8100004196167,98.0999984741211,11.984000244140624,0.0,1200.0,True,True,True,True,True,True,True,True,True,True,True,True,True,True,True,True,False,False,False,False,False,False,False
11572325,STATE_PREFLIGHT,12.4,0.05,0.1,0.45,0.0,0.0,0.09810000419616699,0.0010000000149011613,0.0020000000298023225,0.0030000001192092896,0.12300000190734864,0.45599998474121095,0.789000015258789,980.5,25.0,0.0,0.0,0.980999984741211,1,46.5,6.6,1200.0,1.5,3.5,12,9.8100004196167,98.0999984741211,11.984000244140624,0.0,1200.0,True,True,True,True,True,True,True,True,True,True,True,True,True,True,True,True,False,False,False,False,False,False,False
11572836,STATE_PREFLIGHT,12.4,0.05,0.1,0.45,0.0,0.0,0.09810000419616699,0.0010000000149011613,0.0020000000298023225,0.0030000001192092896,0.12300000190734864,0.45599998474121095,0.789000015258789,980.5,25.0,0.0,0.0,0.980999984741211,1,46.5,6.6,1200.0,1.5,3.5,12,9.8100004196167,98.0999984741211,11.984000244140624,0.0,1200.0,True,True,True,True,True,True,True,True,True,True,True,True,True,True,True,True,False,False,False,False,False,False,False
11573344,STATE_PREFLIGHT,12.4,0.05,0.1,0.45,0.0,0.0,0.09810000419616699,0.0010000000149011613,0.0020000000298023225,0.0030000001192092896,0.12300000190734864,0.45599998474121095,0.789000015258789,980.5,25.0,0.0,0.0,0.980999984741211,1,46.5,6.6,1200.0,1.5,3.5,12,9.8100004196167,98.0999984741211,11.984000244140624,0.0,1200.0,True,True,True,True,True,True,True,True,True,True,True,True,True,True,True,True,False,False,False,False,False,False,False
11573854,STATE_PREFLIGHT,12.4,0.05,0.1,0.45,0.0,0.0,0.09810000419616699,0.0010000000149011613,0.0020000000298023225,0.0030000001192092896,0.12300000190734864,0.45599998474121095,0.789000015258789,980.5,25.0,0.0,0.0,0.980999984741211,1,46.5,6.6,1200.0,1.5,3.5,12,9.8100004196167,98.0999984741211,11.984000244140624,0.0,1200.0,True,True,True,True,True,True,True,True,True,True,True,True,True,True,True,True,False,False,False,False,False,False,False
11574358,STATE_PREFLIGHT,12.4,0.05,0.1,0.45,0.0,0.0,0.09810000419616699,0.0010000000149011613,0.0020000000298023225,0.0030000001192092896,0.12300000190734864,0.45599998474121095,0.789000015258789,980.5,25.0,0.0,0.0,0.980999984741211,1,46.5,6.6,1200.0,1.5,3.5,12,9.8100004196167,98.0999984741211,11.984000244140624,0.0,1200.0,True,True,True,True,True,True,True,True,True,True,True,True,True,True,True,True,False,False,False,False,False,False,False
11574868,STATE_PREFLIGHT,12.4,0.05,0.1,0.45,0.0,0.0,0.09810000419616699,0.0010000000149011613,0.0020000000298023225,0.0030000001192092896,0.12300000190734864,0.45599998474121095,0.789000015258789,980.5,25.0,0.0,0.0,0.980999984741211,1,46.5,6.6,1200.0,1.5,3.5,12,9.8100004196167,98.0999984741211,11.984000244140624,0.0,1200.0,True,True,True,True,True,True,True,True,True,True,True,True,True,True,True,True,False,False,False,False,False,False,False
11575379,STATE_PREFLIGHT,12.4,0.05,0.1,0.45,0.0,0.0,0.09810000419616699,0.0010000000149011613,0.0020000000298023225,0.0030000001192092896,0.12300000190734864,0.45599998474121095,0.789000015258789,980.5,25.0,0.0,0.0,0.980999984741211,1,46.5,6.6,1200.0,1.5,3.5,12,9.8100004196167,98.0999984741211,11.984000244140624,0.0,1200.0,True,True,True,True,True,True,True,True,True,True,True,True,True,True,True,True,False,False,False,False,False,False,False
11575890,STATE_PREFLIGHT,12.4,0.05,0.1,0.45,0.0,0.0,0.09810000419616699,0.0010000000149011613,0.0020000000298023225,0.0030000001192092896,0.12300000190734864,0.45599998474121095,0.789000015258789,980.5,25.0,0.0,0.0,0.980999984741211,1,46.5,6.6,1200.0,1.5,3.5,12,9.8100004196167,98.0999984741211,11.984000244140624,0.0,1200.0,True,True,True,True,True,True,True,True,True,True,True,True,True,True,True,True,False,False,False,False,False,False,False
11576399,STATE_PREFLIGHT,12.4,0.05,0.1,0.45,0.0,0.0,0.09810000419616699,0.0010000000149011613,0.0020000000298023225,0.0030000001192092896,0.12300000190734864,0.45599998474121095,0.789000015258789,980.5,25.0,0.0,0.0,0.980999984741211,1,46.5,6.6,1200.0,1.5,3.5,12,9.8100004196167,98.0999984741211,11.984000244140624,0.0,1200.0,True,True,True,True,True,True,True,True,True,True,True,True,True,True,True,True,False,False,False,False,False,False,False
11576908,STATE_PREFLIGHT,12.4,0.05,0.1,0.45,0.0,0.0,0.09810000419616699,0.0010000000149011613,0.0020000000298023225,0.0030000001192092896,0.12300000190734864,0.45599998474121095,0.789000015258789,980.5,25.0,0.0,0.0,0.980999984741211,1,46.5,6.6,1200.0,1.5,3.5,12,9.8100004196167,98.0999984741211,11.984000244140624,0.0,1200.0,True,True,True,True,True,True,True,True,True,True,True,True,True,True,True,True,False,False,False,False,False,False,False
11577419,STATE_PREFLIGHT,12.4,0.05,0.1,0.45,0.0,0.0,0.09810000419616699,0.0010000000149011613,0.0020000000298023225,0.0030000001192092896,0.12300000190734864,0.45599998474121095,0.789000015258789,980.5,25.0,0.0,0.0,0.980999984741211,1,46.5,6.6,1200.0,1.5,3.5,12,9.8100004196167,98.0999984741211,11.984000244140624,0.0,1200.0,True,True,True,True,True,True,True,True,True,True,True,True,True,True,True,True,False,False,False,False,False,False,False
11577930,STATE_PREFLIGHT,12.4,0.05,0.1,0.45,0.0,0.0,0.09810000419616699,0.0010000000149011613,0.0020000000298023225,0.0030000001192092896,0.12300000190734864,0.45599998474121095,0.789000015258789,980.5,25.0,0.0,0.0,0.980999984741211,1,46.5,6.6,1200.0,1.5,3.5,12,9.8100004196167,98.0999984741211,11.984000244140624,0.0,1200.0,True,True,True,True,True,True,True,True,True,True,True,True,True,True,True,True,False,False,False,False,False,False,False
11578441,STATE_PREFLIGHT,12.4,0.05,0.1,0.45,0.0,0.0,0.09810000419616699,0.0010000000149011613,0.0020000000298023225,0.0030000001192092896,0.12300000190734864,0.45599998474121095,0.789000015258789,980.5,25.0,0.0,0.0,0.980999984741211,1,46.5,6.6,1200.0,1.5,3.5,12,9.8100004196167,98.0999984741211,11.984000244140624,0.0,1200.0,True,True,True,True,True,True,True,True,True,True,True,True,True,True,True,True,False,False,False,False,False,False,False
11578951,STATE_PREFLIGHT,12.4,0.05,0.1,0.45,0.0,0.0,0.09810000419616699,0.0010000000149011613,0.0020000000298023225,0.0030000001192092896,0.12300000190734864,0.45599998474121095,0.789000015258789,980.5,25.0,0.0,0.0,0.980999984741211,1,46.5,6.6,1200.0,1.5,3.5,12,9.8100004196167,98.0999984741211,11.984000244140624,0.0,1200.0,True,True,True,True,True,True,True,True,True,True,True,True,True,True,True,True,False,False,False,False,False,False,False
11579458,STATE_PREFLIGHT,12.4,0.05,0.1,0.45,0.0,0.0,0.09810000419616699,0.0010000000149011613,0.0020000000298023225,0.0030000001192092896,0.12300000190734864,0.45599998474121095,0.789000015258789,980.5,25.0,0.0,0.0,0.980999984741211,1,46.5,6.6,1200.0,1.5,3.5,12,9.8100004196167,98.0999984741211,11.984000244140624,0.0,1200.0,True,True,True,True,True,True,True,True,True,True,True,True,True,True,True,True,False,False,False,False,False,False,False
11579969,STATE_PREFLIGHT,12.4,0.05,0.1,0.45,0.0,0.0,0.09810000419616699,0.0010000000149011613,0.0020000000298023225,0.0030000001192092896,0.12300000190734864,0.45599998474121095,0.789000015258789,980.5,25.0,0.0,0.0,0.980999984741211,1,46.5,6.6,1200.0,1.5,3.5,12,9.8100004196167,98.0999984741211,11.984000244140624,0.0,1200.0,True,True,True,True,True,True,True,True,True,True,True,True,True,True,True,True,False,False,False,False,False,False,False
11580476,STATE_PREFLIGHT,12.4,0.05,0.1,0.45,0.0,0.0,0.09810000419616699,0.0010000000149011613,0.0020000000298023225,0.0030000001192092896,0.12300000190734864,0.45599998474121095,0.789000015258789,980.5,25.0,0.0,0.0,0.980999984741211,1,46.5,6.6,1200.0,1.5,3.5,12,9.8100004196167,98.0999984741211,11.984000244140624,0.0,1200.0,True,True,True,True,True,True,True,True,True,True,True,True,True,True,True,True,False,False,False,False,False,False,False
11580986,STATE_PREFLIGHT,12.4,0.05,0.1,0.45,0.0,0.0,0.09810000419616699,0.0010000000149011613,0.0020000000298023225,0.0030000001192092896,0.12300000190734864,0.45599998474121095,0.789000015258789,980.5,25.0,0.0,0.0,0.980999984741211,1,46.5,6.6,1200.0,1.5,3.5,12,9.8100004196167,98.0999984741211,11.984000244140624,0.0,1200.0,True,True,True,True,True,True,True,True,True,True,True,True,True,True,True,True,False,False,False,False,False,False,False
11581496,STATE_PREFLIGHT,12.4,0.05,0.1,0.45,0.0,0.0,0.09810000419616699,0.0010000000149011613,0.0020000000298023225,0.0030000001192092896,0.12300000190734864,0.45599998474121095,0.789000015258789,980.5,25.0,0.0,0.0,0.980999984741211,1,46.5,6.6,1200.0,1.5,3.5,12,9.8100004196167,98.0999984741211,11.984000244140624,0.0,1200.0,True,True,True,True,True,True,True,True,True,True,True,True,True,True,True,True,False,False,False,False,False,False,False
11582008,STATE_PREFLIGHT,12.4,0.05,0.1,0.45,0.0,0.0,0.09810000419616699,0.0010000000149011613,0.0020000000298023225,0.0030000001192092896,0.12300000190734864,0.45599998474121095,0.789000015258789,980.5,25.0,0.0,0.0,0.980999984741211,1,46.5,6.6,1200.0,1.5,3.5,12,9.8100004196167,98.0999984741211,11.984000244140624,0.0,1200.0,True,True,True,True,True,True,True,True,True,True,True,True,True,True,True,True,False,False,False,False,False,False,False
11582517,STATE_PREFLIGHT,12.4,0.05,0.1,0.45,0.0,0.0,0.09810000419616699,0.0010000000149011613,0.0020000000298023225,0.0030000001192092896,0.12300000190734864,0.45599998474121095,0.789000015258789,980.5,25.0,0.0,0.0,0.980999984741211,1,46.5,6.6,1200.0,1.5,3.5,12,9.8100004196167,98.0999984741211,11.984000244140624,0.0,1200.0,True,True,True,True,True,True,True,True,True,True,True,True,True,True,True,True,False,False,False,False,False,False,False
11583028,STATE_PREFLIGHT,12.4,0.05,0.1,0.45,0.0,0.0,0.09810000419616699,0.0010000000149011613,0.0020000000298023225,0.0030000001192092896,0.12300000190734864,0.45599998474121095,0.789000015258789,980.5,25.0,0.0,0.0,0.980999984741211,1,46.5,6.6,1200.0,1.5,3.5,12,9.8100004196167,98.0999984741211,11.984000244140624,0.0,1200.0,True,True,True,True,True,True,True,True,True,True,True,True,True,True,True,True,False,False,False,False,False,False,False
11583539,STATE_PREFLIGHT,12.4,0.05,0.1,0.45,0.0,0.0,0.09810000419616699,0.0010000000149011613,0.0020000000298023225,0.0030000001192092896,0.12300000190734864,0.45599998474121095,0.789000015258789,980.5,25.0,0.0,0.0,0.980999984741211,1,46.5,6.6,1200.0,1.5,3.5,12,9.8100004196167,98.0999984741211,11.984000244140624,0.0,1200.0,True,True,True,True,True,True,True,True,True,True,True,True,True,True,True,True,False,False,False,False,False,False,False
11584046,STATE_PREFLIGHT,12.4,0.05,0.1,0.45,0.0,0.0,0.09810000419616699,0.0010000000149011613,0.0020000000298023225,0.0030000001192092896,0.12300000190734864,0.45599998474121095,0.789000015258789,980.5,25.0,0.0,0.0,0.980999984741211,1,46.5,6.6,1200.0,1.5,3.5,12,9.8100004196167,98.0999984741211,11.984000244140624,0.0,1200.0,True,True,True,True,True,True,True,True,True,True,True,True,True,True,True,True,False,False,False,False,False,False,False
11584555,STATE_PREFLIGHT,12.4,0.05,0.1,0.45,0.0,0.0,0.09810000419616699,0.0010000000149011613,0.0020000000298023225,0.0030000001192092896,0.12300000190734864,0.45599998474121095,0.789000015258789,980.5,25.0,0.0,0.0,0.980999984741211,1,46.5,6.6,1200.0,1.5,3.5,12,9.8100004196167,98.0999984741211,11.984000244140624,0.0,1200.0,True,True,True,True,True,True,True,True,True,True,True,True,True,True,True,True,False,False,False,False,False,False,False
11585066,STATE_PREFLIGHT,12.4,0.05,0.1,0.45,0.0,0.0,0.09810000419616699,0.0010000000149011613,0.0020000000298023225,0.0030000001192092896,0.12300000190734864,0.45599998474121095,0.789000015258789,980.5,25.0,0.0,0.0,0.980999984741211,1,46.5,6.6,1200.0,1.5,3.5,12,9.8100004196167,98.0999984741211,11.984000244140624,0.0,1200.0,True,True,True,True,True,True,True,True,True,True,True,True,True,True,True,True,False,False,False,False,False,False,False
11585572,STATE_PREFLIGHT,12.4,0.05,0.1,0.45,0.0,0.0,0.09810000419616699,0.0010000000149011613,0.0020000000298023225,0.0030000001192092896,0.12300000190734864,0.45599998474121095,0.789000015258789,980.5,25.0,0.0,0.0,0.980999984741211,1,46.5,6.6,1200.0,1.5,3.5,12,9.8100004196167,98.0999984741211,11.984000244140624,0.0,1200.0,True,True,True,True,True,True,True,True,True,True,True,True,True,True,True,True,False,False,False,False,False,False,False
11586083,STATE_PREFLIGHT,12.4,0.05,0.1,0.45,0.0,0.0,0.09810000419616699,0.0010000000149011613,0.0020000000298023225,0.0030000001192092896,0.12300000190734864,0.45599998474121095,0.789000015258789,980.5,25.0,0.0,0.0,0.980999984741211,1,46.5,6.6,1200.0,1.5,3.5,12,9.8100004196167,98.0999984741211,11.984000244140624,0.0,1200.0,True,True,True,True,True,True,True,True,True,True,True,True,True,True,True,True,False,False,False,False,False,False,False
11586594,STATE_PREFLIGHT,12.4,0.05,0.1,0.45,0.0,0.0,0.09810000419616699,0.0010000000149011613,0.0020000000298023225,0.0030000001192092896,0.12300000190734864,0.45599998474121095,0.789000015258789,980.5,25.0,0.0,0.0,0.980999984741211,1,46.5,6.6,1200.0,1.5,3.5,12,9.8100004196167,98.0999984741211,11.984000244140624,0.0,1200.0,True,True,True,True,True,True,True,True,True,True,True,True,True,True,True,True,False,False,False,False,False,False,False
11587106,STATE_PREFLIGHT,12.4,0.05,0.1,0.45,0.0,0.0,0.09810000419616699,0.0010000000149011613,0.0020000000298023225,0.0030000001192092896,0.12300000190734864,0.45599998474121095,0.789000015258789,980.5,25.0,0.0,0.0,0.980999984741211,1,46.5,6.6,1200.0,1.5,3.5,12,9.8100004196167,98.0999984741211,11.984000244140624,0.0,1200.0,True,True,True,True,True,True,True,True,True,True,True,True,True,True,True,True,False,False,False,False,False,False,False
11587611,STATE_PREFLIGHT,12.4,0.05,0.1,0.45,0.0,0.0,0.09810000419616699,0.0010000000149011613,0.0020000000298023225,0.0030000001192092896,0.12300000190734864,0.45599998474121095,0.789000015258789,980.5,25.0,0.0,0.0,0.980999984741211,1,46.5,6.6,1200.0,1.5,3.5,12,9.8100004196167,98.0999984741211,11.984000244140624,0.0,1200.0,True,True,True,True,True,True,True,True,True,True,True,True,True,True,True,True,False,False,False,False,False,False,False
11588122,STATE_PREFLIGHT,12.4,0.05,0.1,0.45,0.0,0.0,0.09810000419616699,0.0010000000149011613,0.0020000000298023225,0.0030000001192092896,0.12300000190734864,0.45599998474121095,0.789000015258789,980.5,25.0,0.0,0.0,0.980999984741211,1,46.5,6.6,1200.0,1.5,3.5,12,9.8100004196167,98.0999984741211,11.984000244140624,0.0,1200.0,True,True,True,True,True,True,True,True,True,True,True,True,True,True,True,True,False,False,False,False,False,False,False
11588633,STATE_PREFLIGHT,12.4,0.05,0.1,0.45,0.0,0.0,0.09810000419616699,0.0010000000149011613,0.0020000000298023225,0.0030000001192092896,0.12300000190734864,0.45599998474121095,0.789000015258789,980.5,25.0,0.0,0.0,0.980999984741211,1,46.5,6.6,1200.0,1.5,3.5,12,9.8100004196167,98.0999984741211,11.984000244140624,0.0,1200.0,True,True,True,True,True,True,True,True,True,True,True,True,True,True,True,True,False,False,False,False,False,False,False
11589138,STATE_PREFLIGHT,12.4,0.05,0.1,0.45,0.0,0.0,0.09810000419616699,0.0010000000149011613,0.0020000000298023225,0.0030000001192092896,0.12300000190734864,0.45599998474121095,0.789000015258789,980.5,25.0,0.0,0.0,0.980999984741211,1,46.5,6.6,1200.0,1.5,3.5,12,9.8100004196167,98.0999984741211,11.984000244140624,0.0,1200.0,True,True,True,True,True,True,True,True,True,True,True,True,True,True,True,True,False,False,False,False,False,False,False
11589644,STATE_PREFLIGHT,12.4,0.05,0.1,0.45,0.0,0.0,0.09810000419616699,0.0010000000149011613,0.0020000000298023225,0.0030000001192092896,0.12300000190734864,0.45599998474121095,0.789000015258789,980.5,25.0,0.0,0.0,0.980999984741211,1,46.5,6.6,1200.0,1.5,3.5,12,9.8100004196167,98.0999984741211,11.984000244140624,0.0,1200.0,True,True,True,True,True,True,True,True,True,True,True,True,True,True,True,True,False,False,False,False,False,False,False
11590153,STATE_PREFLIGHT,12.4,0.05,0.1,0.45,0.0,0.0,0.09810000419616699,0.0010000000149011613,0.0020000000298023225,0.0030000001192092896,0.12300000190734864,0.45599998474121095,0.789000015258789,980.5,25.0,0.0,0.0,0.980999984741211,1,46.5,6.6,1200.0,1.5,3.5,12,9.8100004196167,98.0999984741211,11.984000244140624,0.0,1200.0,True,True,True,True,True,True,True,True,True,True,True,True,True,True,True,True,False,False,False,False,False,False,False
11590665,STATE_PREFLIGHT,12.4,0.05,0.1,0.45,0.0,0.0,0.09810000419616699,0.0010000000149011613,0.0020000000298023225,0.0030000001192092896,0.12300000190734864,0.45599998474121095,0.789000015258789,980.5,25.0,0.0,0.0,0.980999984741211,1,46.5,6.6,1200.0,1.5,3.5,12,9.8100004196167,98.0999984741211,11.984000244140624,0.0,1200.0,True,True,True,True,True,True,True,True,True,True,True,True,True,True,True,True,False,False,False,False,False,False,False
11591172,STATE_PREFLIGHT,12.4,0.05,0.1,0.45,0.0,0.0,0.09810000419616699,0.0010000000149011613,0.0020000000298023225,0.0030000001192092896,0.12300000190734864,0.45599998474121095,0.789000015258789,980.5,25.0,0.0,0.0,0.980999984741211,1,46.5,6.6,1200.0,1.5,3.5,12,9.8100004196167,98.0999984741211,11.984000244140624,0.0,1200.0,True,True,True,True,True,True,True,True,True,True,True,True,True,True,True,True,False,False,False,False,False,False,False
11591683,STATE_PREFLIGHT,12.4,0.05,0.1,0.45,0.0,0.0,0.09810000419616699,0.0010000000149011613,0.0020000000298023225,0.0030000001192092896,0.12300000190734864,0.45599998474121095,0.789000015258789,980.5,25.0,0.0,0.0,0.980999984741211,1,46.5,6.6,1200.0,1.5,3.5,12,9.8100004196167,98.0999984741211,11.984000244140624,0.0,1200.0,True,True,True,True,True,True,True,True,True,True,True,True,True,True,True,True,False,False,False,False,False,False,False
11592194,STATE_PREFLIGHT,12.4,0.05,0.1,0.45,0.0,0.0,0.09810000419616699,0.0010000000149011613,0.0020000000298023225,0.0030000001192092896,0.12300000190734864,0.45599998474121095,0.789000015258789,980.5,25.0,0.0,0.0,0.980999984741211,1,46.5,6.6,1200.0,1.5,3.5,12,9.8100004196167,98.0999984741211,11.984000244140624,0.0,1200.0,True,True,True,True,True,True,True,True,True,True,True,True,True,True,True,True,False,False,False,False,False,False,False
11592703,STATE_PREFLIGHT,12.4,0.05,0.1,0.45,0.0,0.0,0.09810000419616699,0.0010000000149011613,0.0020000000298023225,0.0030000001192092896,0.12300000190734864,0.45599998474121095,0.789000015258789,980.5,25.0,0.0,0.0,0.980999984741211,1,46.5,6.6,1200.0,1.5,3.5,12,9.8100004196167,98.0999984741211,11.984000244140624,0.0,1200.0,True,True,True,True,True,True,True,True,True,True,True,True,True,True,True,True,False,False,False,False,False,False,False
11593209,STATE_PREFLIGHT,12.4,0.05,0.1,0.45,0.0,0.0,0.09810000419616699,0.0010000000149011613,0.0020000000298023225,0.0030000001192092896,0.12300000190734864,0.45599998474121095,0.789000015258789,980.5,25.0,0.0,0.0,0.980999984741211,1,46.5,6.6,1200.0,1.5,3.5,12,9.8100004196167,98.0999984741211,11.984000244140624,0.0,1200.0,True,True,True,True,True,True,True,True,True,True,True,True,True,True,True,True,False,False,False,False,False,False,False
11593716,STATE_PREFLIGHT,12.4,0.05,0.1,0.45,0.0,0.0,0.09810000419616699,0.0010000000149011613,0.0020000000298023225,0.0030000001192092896,0.12300000190734864,0.45599998474121095,0.789000015258789,980.5,25.0,0.0,0.0,0.980999984741211,1,46.5,6.6,1200.0,1.5,3.5,12,9.8100004196167,98.0999984741211,11.984000244140624,0.0,1200.0,True,True,True,True,True,True,True,True,True,True,True,True,True,True,True,True,False,False,False,False,False,False,False
11594225,STATE_PREFLIGHT,12.4,0.05,0.1,0.45,0.0,0.0,0.09810000419616699,0.0010000000149011613,0.0020000000298023225,0.0030000001192092896,0.12300000190734864,0.45599998474121095,0.789000015258789,980.5,25.0,0.0,0.0,0.980999984741211,1,46.5,6.6,1200.0,1.5,3.5,12,9.8100004196167,98.0999984741211,11.984000244140624,0.0,1200.0,True,True,True,True,True,True,True,True,True,True,True,True,True,True,True,True,False,False,False,False,False,False,False
11594733,STATE_PREFLIGHT,12.4,0.05,0.1,0.45,0.0,0.0,0.09810000419616699,0.0010000000149011613,0.0020000000298023225,0.0030000001192092896,0.12300000190734864,0.45599998474121095,0.789000015258789,980.5,25.0,0.0,0.0,0.980999984741211,1,46.5,6.6,1200.0,1.5,3.5,12,9.8100004196167,98.0999984741211,11.984000244140624,0.0,1200.0,True,True,True,True,True,True,True,True,True,True,True,True,True,True,True,True,False,False,False,False,False,False,False
11595241,STATE_PREFLIGHT,12.4,0.05,0.1,0.45,0.0,0.0,0.09810000419616699,0.0010000000149011613,0.0020000000298023225,0.0030000001192092896,0.12300000190734864,0.45599998474121095,0.789000015258789,980.5,25.0,0.0,0.0,0.980999984741211,1,46.5,6.6,1200.0,1.5,3.5,12,9.8100004196167,98.0999984741211,11.984000244140624,0.0,1200.0,True,True,True,True,True,True,True,True,True,True,True,True,True,True,True,True,False,False,False,False,False,False,False
11595748,STATE_PREFLIGHT,12.4,0.05,0.1,0.45,0.0,0.0,0.09810000419616699,0.0010000000149011613,0.0020000000298023225,0.0030000001192092896,0.12300000190734864,0.45599998474121095,0.789000015258789,980.5,25.0,0.0,0.0,0.980999984741211,1,46.5,6.6,1200.0,1.5,3.5,12,9.8100004196167,98.0999984741211,11.984000244140624,0.0,1200.0,True,True,True,True,True,True,True,True,True,True,True,True,True,True,True,True,False,False,False,False,False,False,False
11596259,STATE_PREFLIGHT,12.4,0.05,0.1,0.45,0.0,0.0,0.09810000419616699,0.0010000000149011613,0.0020000000298023225,0.0030000001192092896,0.12300000190734864,0.45599998474121095,0.789000015258789,980.5,25.0,0.0,0.0,0.980999984741211,1,46.5,6.6,1200.0,1.5,3.5,12,9.8100004196167,98.0999984741211,11.984000244140624,0.0,1200.0,True,True,True,True,True,True,True,True,True,True,True,True,True,True,True,True,False,False,False,False,False,False,False
11596767,STATE_PREFLIGHT,12.4,0.05,0.1,0.45,0.0,0.0,0.09810000419616699,0.0010000000149011613,0.0020000000298023225,0.0030000001192092896,0.12300000190734864,0.45599998474121095,0.789000015258789,980.5,25.0,0.0,0.0,0.980999984741211,1,46.5,6.6,1200.0,1.5,3.5,12,9.8100004196167,98.0999984741211,11.984000244140624,0.0,1200.0,True,True,True,True,True,True,True,True,True,True,True,True,True,True,True,True,False,False,False,False,False,False,False
11597273,STATE_PREFLIGHT,12.4,0.05,0.1,0.45,0.0,0.0,0.09810000419616699,0.0010000000149011613,0.0020000000298023225,0.0030000001192092896,0.12300000190734864,0.45599998474121095,0.789000015258789,980.5,25.0,0.0,0.0,0.980999984741211,1,46.5,6.6,1200.0,1.5,3.5,12,9.8100004196167,98.0999984741211,11.984000244140624,0.0,1200.0,True,True,True,True,True,True,True,True,True,True,True,True,True,True,True,True,False,False,False,False,False,False,False
11597783,STATE_PREFLIGHT,12.4,0.05,0.1,0.45,0.0,0.0,0.09810000419616699,0.0010000000149011613,0.0020000000298023225,0.0030000001192092896,0.12300000190734864,0.45599998474121095,0.789000015258789,980.5,25.0,0.0,0.0,0.980999984741211,1,46.5,6.6,1200.0,1.5,3.5,12,9.8100004196167,98.0999984741211,11.984000244140624,0.0,1200.0,True,True,True,True,True,True,True,True,True,True,True,True,True,True,True,True,False,False,False,False,False,False,False
11598291,STATE_PREFLIGHT,12.4,0.05,0.1,0.45,0.0,0.0,0.09810000419616699,0.0010000000149011613,0.0020000000298023225,0.0030000001192092896,0.12300000190734864,0.45599998474121095,0.789000015258789,980.5,25.0,0.0,0.0,0.980999984741211,1,46.5,6.6,1200.0,1.5,3.5,12,9.8100004196167,98.0999984741211,11.984000244140624,0.0,1200.0,True,True,True,True,True,True,True,True,True,True,True,True,True,True,True,True,False,False,False,False,False,False,False
11598799,STATE_PREFLIGHT,12.4,0.05,0.1,0.45,0.0,0.0,0.09810000419616699,0.0010000000149011613,0.0020000000298023225,0.0030000001192092896,0.12300000190734864,0.45599998474121095,0.789000015258789,980.5,25.0,0.0,0.0,0.980999984741211,1,46.5,6.6,1200.0,1.5,3.5,12,9.8100004196167,98.0999984741211,11.984000244140624,0.0,1200.0,True,True,True,True,True,True,True,True,True,True,True,True,True,True,True,True,False,False,False,False,False,False,False
11599310,STATE_PREFLIGHT,12.4,0.05,0.1,0.45,0.0,0.0,0.09810000419616699,0.0010000000149011613,0.0020000000298023225,0.0030000001192092896,0.12300000190734864,0.45599998474121095,0.789000015258789,980.5,25.0,0.0,0.0,0.980999984741211,1,46.5,6.6,1200.0,1.5,3.5,12,9.8100004196167,98.0999984741211,11.984000244140624,0.0,1200.0,True,True,True,True,True,True,True,True,True,True,True,True,True,True,True,True,False,False,False,False,False,False,False
11599819,STATE_PREFLIGHT,12.4,0.05,0.1,0.45,0.0,0.0,0.09810000419616699,0.0010000000149011613,0.0020000000298023225,0.0030000001192092896,0.12300000190734864,0.45599998474121095,0.789000015258789,980.5,25.0,0.0,0.0,0.980999984741211,1,46.5,6.6,1200.0,1.5,3.5,12,9.8100004196167,98.0999984741211,11.984000244140624,0.0,1200.0,True,True,True,True,True,True,True,True,True,True,True,True,True,True,True,True,False,False,False,False,False,False,False
11600330,STATE_PREFLIGHT,12.4,0.05,0.1,0.45,0.0,0.0,0.09810000419616699,0.0010000000149011613,0.0020000000298023225,0.0030000001192092896,0.12300000190734864,0.45599998474121095,0.789000015258789,980.5,25.0,0.0,0.0,0.980999984741211,1,46.5,6.6,1200.0,1.5,3.5,12,9.8100004196167,98.0999984741211,11.984000244140624,0.0,1200.0,True,True,True,True,True,True,True,True,True,True,True,True,True,True,True,True,False,False,False,False,False,False,False
11600836,STATE_PREFLIGHT,12.4,0.05,0.1,0.45,0.0,0.0,0.09810000419616699,0.0010000000149011613,0.0020000000298023225,0.0030000001192092896,0.12300000190734864,0.45599998474121095,0.789000015258789,980.5,25.0,0.0,0.0,0.980999984741211,1,46.5,6.6,1200.0,1.5,3.5,12,9.8100004196167,98.0999984741211,11.984000244140624,0.0,1200.0,True,True,True,True,True,True,True,True,True,True,True,True,True,True,True,True,False,False,False,False,False,False,False
11601343,STATE_PREFLIGHT,12.4,0.05,0.1,0.45,0.0,0.0,0.09810000419616699,0.0010000000149011613,0.0020000000298023225,0.0030000001192092896,0.12300000190734864,0.45599998474121095,0.789000015258789,980.5,25.0,0.0,0.0,0.980999984741211,1,46.5,6.6,1200.0,1.5,3.5,12,9.8100004196167,98.0999984741211,11.984000244140624,0.0,1200.0,True,True,True,True,True,True,True,True,True,True,True,True,True,True,True,True,False,False,False,False,False,False,False
11601850,STATE_PREFLIGHT,12.4,0.05,0.1,0.45,0.0,0.0,0.09810000419616699,0.0010000000149011613,0.0020000000298023225,0.0030000001192092896,0.12300000190734864,0.45599998474121095,0.789000015258789,980.5,25.0,0.0,0.0,0.980999984741211,1,46.5,6.6,1200.0,1.5,3.5,12,9.8100004196167,98.0999984741211,11.984000244140624,0.0,1200.0,True,True,True,True,True,True,True,True,True,True,True,True,True,True,True,True,False,False,False,False,False,False,False
11602359,STATE_PREFLIGHT,12.4,0.05,0.1,0.45,0.0,0.0,0.09810000419616699,0.0010000000149011613,0.0020000000298023225,0.0030000001192092896,0.12300000190734864,0.45599998474121095,0.789000015258789,980.5,25.0,0.0,0.0,0.980999984741211,1,46.5,6.6,1200.0,1.5,3.5,12,9.8100004196167,98.0999984741211,11.984000244140624,0.0,1200.0,True,True,True,True,True,True,True,True,True,True,True,True,True,True,True,True,False,False,False,False,False,False,False
11602868,STATE_PREFLIGHT,12.4,0.05,0.1,0.45,0.0,0.0,0.09810000419616699,0.0010000000149011613,0.0020000000298023225,0.0030000001192092896,0.12300000190734864,0.45599998474121095,0.789000015258789,980.5,25.0,0.0,0.0,0.980999984741211,1,46.5,6.6,1200.0,1.5,3.5,12,9.8100004196167,98.0999984741211,11.984000244140624,0.0,1200.0,True,True,True,True,True,True,True,True,True,True,True,True,True,True,True,True,False,False,False,False,False,False,False
11603375,STATE_PREFLIGHT,12.4,0.05,0.1,0.45,0.0,0.0,0.09810000419616699,0.0010000000149011613,0.0020000000298023225,0.0030000001192092896,0.12300000190734864,0.45599998474121095,0.789000015258789,980.5,25.0,0.0,0.0,0.980999984741211,1,46.5,6.6,1200.0,1.5,3.5,12,9.8100004196167,98.0999984741211,11.984000244140624,0.0,1200.0,True,True,True,True,True,True,True,True,True,True,True,True,True,True,True,True,False,False,False,False,False,False,False
11603885,STATE_PREFLIGHT,12.4,0.05,0.1,0.45,0.0,0.0,0.09810000419616699,0.0010000000149011613,0.0020000000298023225,0.0030000001192092896,0.12300000190734864,0.45599998474121095,0.789000015258789,980.5,25.0,0.0,0.0,0.980999984741211,1,46.5,6.6,1200.0,1.5,3.5,12,9.8100004196167,98.0999984741211,11.984000244140624,0.0,1200.0,True,True,True,True,True,True,True,True,True,True,True,True,True,True,True,True,False,False,False,False,False,False,False
11604396,STATE_PREFLIGHT,12.4,0.05,0.1,0.45,0.0,0.0,0.09810000419616699,0.0010000000149011613,0.0020000000298023225,0.0030000001192092896,0.12300000190734864,0.45599998474121095,0.789000015258789,980.5,25.0,0.0,0.0,0.980999984741211,1,46.5,6.6,1200.0,1.5,3.5,12,9.8100004196167,98.0999984741211,11.984000244140624,0.0,1200.0,True,True,True,True,True,True,True,True,True,True,True,True,True,True,True,True,False,False,False,False,False,False,False
11604907,STATE_PREFLIGHT,12.4,0.05,0.1,0.45,0.0,0.0,0.09810000419616699,0.0010000000149011613,0.0020000000298023225,0.0030000001192092896,0.12300000190734864,0.45599998474121095,0.789000015258789,980.5,25.0,0.0,0.0,0.980999984741211,1,46.5,6.6,1200.0,1.5,3.5,12,9.8100004196167,98.0999984741211,11.984000244140624,0.0,1200.0,True,True,True,True,True,True,True,True,True,True,True,True,True,True,True,True,False,False,False,False,False,False,False
11605417,STATE_PREFLIGHT,12.4,0.05,0.1,0.45,0.0,0.0,0.09810000419616699,0.0010000000149011613,0.0020000000298023225,0.0030000001192092896,0.12300000190734864,0.45599998474121095,0.789000015258789,980.5,25.0,0.0,0.0,0.980999984741211,1,46.5,6.6,1200.0,1.5,3.5,12,9.8100004196167,98.0999984741211,11.984000244140624,0.0,1200.0,True,True,True,True,True,True,True,True,True,True,True,True,True,True,True,True,False,False,False,False,False,False,False
11605925,STATE_PREFLIGHT,12.4,0.05,0.1,0.45,0.0,0.0,0.09810000419616699,0.0010000000149011613,0.0020000000298023225,0.0030000001192092896,0.12300000190734864,0.45599998474121095,0.789000015258789,980.5,25.0,0.0,0.0,0.980999984741211,1,46.5,6.6,1200.0,1.5,3.5,12,9.8100004196167,98.0999984741211,11.984000244140624,0.0,1200.0,True,True,True,True,True,True,True,True,True,True,True,True,True,True,True,True,False,False,False,False,False,False,False
11606436,STATE_PREFLIGHT,12.4,0.05,0.1,0.45,0.0,0.0,0.09810000419616699,0.0010000000149011613,0.0020000000298023225,0.0030000001192092896,0.12300000190734864,0.45599998474121095,0.789000015258789,980.5,25.0,0.0,0.0,0.980999984741211,1,46.5,6.6,1200.0,1.5,3.5,12,9.8100004196167,98.0999984741211,11.984000244140624,0.0,1200.0,True,True,True,True,True,True,True,True,True,True,True,True,True,True,True,True,False,False,False,False,False,False,False
11606948,STATE_PREFLIGHT,12.4,0.05,0.1,0.45,0.0,0.0,0.09810000419616699,0.0010000000149011613,0.0020000000298023225,0.0030000001192092896,0.12300000190734864,0.45599998474121095,0.789000015258789,980.5,25.0,0.0,0.0,0.980999984741211,1,46.5,6.6,1200.0,1.5,3.5,12,9.8100004196167,98.0999984741211,11.984000244140624,0.0,1200.0,True,True,True,True,True,True,True,True,True,True,True,True,True,True,True,True,False,False,False,False,False,False,False
11607459,STATE_PREFLIGHT,12.4,0.05,0.1,0.45,0.0,0.0,0.09810000419616699,0.0010000000149011613,0.0020000000298023225,0.0030000001192092896,0.12300000190734864,0.45599998474121095,0.789000015258789,980.5,25.0,0.0,0.0,0.980999984741211,1,46.5,6.6,1200.0,1.5,3.5,12,9.8100004196167,98.0999984741211,11.984000244140624,0.0,1200.0,True,True,True,True,True,True,True,True,True,True,True,True,True,True,True,True,False,False,False,False,False,False,False
11607966,STATE_PREFLIGHT,12.4,0.05,0.1,0.45,0.0,0.0,0.09810000419616699,0.0010000000149011613,0.0020000000298023225,0.0030000001192092896,0.12300000190734864,0.45599998474121095,0.789000015258789,980.5,25.0,0.0,0.0,0.980999984741211,1,46.5,6.6,1200.0,1.5,3.5,12,9.8100004196167,98.0999984741211,11.984000244140624,0.0,1200.0,True,True,True,True,True,True,True,True,True,True,True,True,True,True,True,True,False,False,False,False,False,False,False
11608473,STATE_PREFLIGHT,12.4,0.05,0.1,0.45,0.0,0.0,0.09810000419616699,0.0010000000149011613,0.0020000000298023225,0.0030000001192092896,0.12300000190734864,0.45599998474121095,0.789000015258789,980.5,25.0,0.0,0.0,0.980999984741211,1,46.5,6.6,1200.0,1.5,3.5,12,9.8100004196167,98.0999984741211,11.984000244140624,0.0,1200.0,True,True,True,True,True,True,True,True,True,True,True,True,True,True,True,True,False,False,False,False,False,False,False
11608984,STATE_PREFLIGHT,12.4,0.05,0.1,0.45,0.0,0.0,0.09810000419616699,0.0010000000149011613,0.0020000000298023225,0.0030000001192092896,0.12300000190734864,0.45599998474121095,0.789000015258789,980.5,25.0,0.0,0.0,0.980999984741211,1,46.5,6.6,1200.0,1.5,3.5,12,9.8100004196167,98.0999984741211,11.984000244140624,0.0,1200.0,True,True,True,True,True,True,True,True,True,True,True,True,True,True,True,True,False,False,False,False,False,False,False
11609495,STATE_PREFLIGHT,12.4,0.05,0.1,0.45,0.0,0.0,0.09810000419616699,0.0010000000149011613,0.0020000000298023225,0.0030000001192092896,0.12300000190734864,0.45599998474121095,0.789000015258789,980.5,25.0,0.0,0.0,0.980999984741211,1,46.5,6.6,1200.0,1.5,3.5,12,9.8100004196167,98.0999984741211,11.984000244140624,0.0,1200.0,True,True,True,True,True,True,True,True,True,True,True,True,True,True,True,True,False,False,False,False,False,False,False
11610004,STATE_PREFLIGHT,12.4,0.05,0.1,0.45,0.0,0.0,0.09810000419616699,0.0010000000149011613,0.0020000000298023225,0.0030000001192092896,0.12300000190734864,0.45599998474121095,0.789000015258789,980.5,25.0,0.0,0.0,0.980999984741211,1,46.5,6.6,1200.0,1.5,3.5,12,9.8100004196167,98.0999984741211,11.984000244140624,0.0,1200.0,True,True,True,True,True,True,True,True,True,True,True,True,True,True,True,True,False,False,False,False,False,False,False
11610511,STATE_PREFLIGHT,12.4,0.05,0.1,0.45,0.0,0.0,0.09810000419616699,0.0010000000149011613,0.0020000000298023225,0.0030000001192092896,0.12300000190734864,0.45599998474121095,0.789000015258789,980.5,25.0,0.0,0.0,0.980999984741211,1,46.5,6.6,1200.0,1.5,3.5,12,9.8100004196167,98.0999984741211,11.984000244140624,0.0,1200.0,True,True,True,True,True,True,True,True,True,True,True,True,True,True,True,True,False,False,False,False,False,False,False
11611020,STATE_PREFLIGHT,12.4,0.05,0.1,0.45,0.0,0.0,0.09810000419616699,0.0010000000149011613,0.0020000000298023225,0.0030000001192092896,0.12300000190734864,0.45599998474121095,0.789000015258789,980.5,25.0,0.0,0.0,0.980999984741211,1,46.5,6.6,1200.0,1.5,3.5,12,9.8100004196167,98.0999984741211,11.984000244140624,0.0,1200.0,True,True,True,True,True,True,True,True,True,True,True,True,True,True,True,True,False,False,False,False,False,False,False
11611529,STATE_PREFLIGHT,12.4,0.05,0.1,0.45,0.0,0.0,0.09810000419616699,0.0010000000149011613,0.0020000000298023225,0.0030000001192092896,0.12300000190734864,0.45599998474121095,0.789000015258789,980.5,25.0,0.0,0.0,0.980999984741211,1,46.5,6.6,1200.0,1.5,3.5,12,9.8100004196167,98.0999984741211,11.984000244140624,0.0,1200.0,True,True,True,True,True,True,True,True,True,True,True,True,True,True,True,True,False,False,False,False,False,False,False
11612040,STATE_PREFLIGHT,12.4,0.05,0.1,0.45,0.0,0.0,0.09810000419616699,0.0010000000149011613,0.0020000000298023225,0.0030000001192092896,0.12300000190734864,0.45599998474121095,0.789000015258789,980.5,25.0,0.0,0.0,0.980999984741211,1,46.5,6.6,1200.0,1.5,3.5,12,9.8100004196167,98.0999984741211,11.984000244140624,0.0,1200.0,True,True,True,True,True,True,True,True,True,True,True,True,True,True,True,True,False,False,False,False,False,False,False
11612552,STATE_PREFLIGHT,12.4,0.05,0.1,0.45,0.0,0.0,0.09810000419616699,0.0010000000149011613,0.0020000000298023225,0.0030000001192092896,0.12300000190734864,0.45599998474121095,0.789000015258789,980.5,25.0,0.0,0.0,0.980999984741211,1,46.5,6.6,1200.0,1.5,3.5,12,9.8100004196167,98.0999984741211,11.984000244140624,0.0,1200.0,True,True,True,True,True,True,True,True,True,True,True,True,True,True,True,True,False,False,False,False,False,False,False
11613061,STATE_PREFLIGHT,12.4,0.05,0.1,0.45,0.0,0.0,0.09810000419616699,0.0010000000149011613,0.0020000000298023225,0.0030000001192092896,0.12300000190734864,0.45599998474121095,0.789000015258789,980.5,25.0,0.0,0.0,0.980999984741211,1,46.5,6.6,1200.0,1.5,3.5,12,9.8100004196167,98.0999984741211,11.984000244140624,0.0,1200.0,True,True,True,True,True,True,True,True,True,True,True,True,True,True,True,True,False,False,False,False,False,False,False
11613572,STATE_PREFLIGHT,12.4,0.05,0.1,0.45,0.0,0.0,0.09810000419616699,0.0010000000149011613,0.0020000000298023225,0.0030000001192092896,0.12300000190734864,0.45599998474121095,0.789000015258789,980.5,25.0,0.0,0.0,0.980999984741211,1,46.5,6.6,1200.0,1.5,3.5,12,9.8100004196167,98.0999984741211,11.984000244140624,0.0,1200.0,True,True,True,True,True,True,True,True,True,True,True,True,True,True,True,True,False,False,False,False,False,False,False
11614083,STATE_PREFLIGHT,12.4,0.05,0.1,0.45,0.0,0.0,0.09810000419616699,0.0010000000149011613,0.0020000000298023225,0.0030000001192092896,0.12300000190734864,0.45599998474121095,0.789000015258789,980.5,25.0,0.0,0.0,0.980999984741211,1,46.5,6.6,1200.0,1.5,3.5,12,9.8100004196167,98.0999984741211,11.984000244140624,0.0,1200.0,True,True,True,True,True,True,True,True,True,True,True,True,True,True,True,True,False,False,False,False,False,False,False
11614594,STATE_PREFLIGHT,12.4,0.05,0.1,0.45,0.0,0.0,0.09810000419616699,0.0010000000149011613,0.0020000000298023225,0.0030000001192092896,0.12300000190734864,0.45599998474121095,0.789000015258789,980.5,25.0,0.0,0.0,0.980999984741211,1,46.5,6.6,1200.0,1.5,3.5,12,9.8100004196167,98.0999984741211,11.984000244140624,0.0,1200.0,True,True,True,True,True,True,True,True,True,True,True,True,True,True,True,True,False,False,False,False,False,False,False
11615104,STATE_PREFLIGHT,12.4,0.05,0.1,0.45,0.0,0.0,0.09810000419616699,0.0010000000149011613,0.0020000000298023225,0.0030000001192092896,0.12300000190734864,0.45599998474121095,0.789000015258789,980.5,25.0,0.0,0.0,0.980999984741211,1,46.5,6.6,1200.0,1.5,3.5,12,9.8100004196167,98.0999984741211,11.984000244140624,0.0,1200.0,True,True,True,True,True,True,True,True,True,True,True,True,True,True,True,True,False,False,False,False,False,False,False
11615615,STATE_PREFLIGHT,12.4,0.05,0.1,0.45,0.0,0.0,0.09810000419616699,0.0010000000149011613,0.0020000000298023225,0.0030000001192092896,0.12300000190734864,0.45599998474121095,0.789000015258789,980.5,25.0,0.0,0.0,0.980999984741211,1,46.5,6.6,1200.0,1.5,3.5,12,9.8100004196167,98.0999984741211,11.984000244140624,0.0,1200.0,True,True,True,True,True,True,True,True,True,True,True,True,True,True,True,True,False,False,False,False,False,False,False
11616126,STATE_PREFLIGHT,12.4,0.05,0.1,0.45,0.0,0.0,0.09810000419616699,0.0010000000149011613,0.0020000000298023225,0.0030000001192092896,0.12300000190734864,0.45599998474121095,0.789000015258789,980.5,25.0,0.0,0.0,0.980999984741211,1,46.5,6.6,1200.0,1.5,3.5,12,9.8100004196167,98.0999984741211,11.984000244140624,0.0,1200.0,True,True,True,True,True,True,True,True,True,True,True,True,True,True,True,True,False,False,False,False,False,False,False
11616637,STATE_PREFLIGHT,12.4,0.05,0.1,0.45,0.0,0.0,0.09810000419616699,0.0010000000149011613,0.0020000000298023225,0.0030000001192092896,0.12300000190734864,0.45599998474121095,0.789000015258789,980.5,25.0,0.0,0.0,0.980999984741211,1,46.5,6.6,1200.0,1.5,3.5,12,9.8100004196167,98.0999984741211,11.984000244140624,0.0,1200.0,True,True,True,True,True,True,True,True,True,True,True,True,True,True,True,True,False,False,False,False,False,False,False
11617145,STATE_PREFLIGHT,12.4,0.05,0.1,0.45,0.0,0.0,0.09810000419616699,0.0010000000149011613,0.0020000000298023225,0.0030000001192092896,0.12300000190734864,0.45599998474121095,0.789000015258789,980.5,25.0,0.0,0.0,0.980999984741211,1,46.5,6.6,1200.0,1.5,3.5,12,9.8100004196167,98.0999984741211,11.984000244140624,0.0,1200.0,True,True,True,True,True,True,True,True,True,True,True,True,True,True,True,True,False,False,False,False,False,False,False
11617653,STATE_PREFLIGHT,12.4,0.05,0.1,0.45,0.0,0.0,0.09810000419616699,0.0010000000149011613,0.0020000000298023225,0.0030000001192092896,0.12300000190734864,0.45599998474121095,0.789000015258789,980.5,25.0,0.0,0.0,0.980999984741211,1,46.5,6.6,1200.0,1.5,3.5,12,9.8100004196167,98.0999984741211,11.984000244140624,0.0,1200.0,True,True,True,True,True,True,True,True,True,True,True,True,True,True,True,True,False,False,False,False,False,False,False
11618164,STATE_PREFLIGHT,12.4,0.05,0.1,0.45,0.0,0.0,0.09810000419616699,0.0010000000149011613,0.0020000000298023225,0.0030000001192092896,0.12300000190734864,0.45599998474121095,0.789000015258789,980.5,25.0,0.0,0.0,0.980999984741211,1,46.5,6.6,1200.0,1.5,3.5,12,9.8100004196167,98.0999984741211,11.984000244140624,0.0,1200.0,True,True,True,True,True,True,True,True,True,True,True,True,True,True,True,True,False,False,False,False,False,False,False
11618675,STATE_PREFLIGHT,12.4,0.05,0.1,0.45,0.0,0.0,0.09810000419616699,0.0010000000149011613,0.0020000000298023225,0.0030000001192092896,0.12300000190734864,0.45599998474121095,0.789000015258789,980.5,25.0,0.0,0.0,0.980999984741211,1,46.5,6.6,1200.0,1.5,3.5,12,9.8100004196167,98.0999984741211,11.984000244140624,0.0,1200.0,True,True,True,True,True,True,True,True,True,True,True,True,True,True,True,True,False,False,False,False,False,False,False
11619186,STATE_PREFLIGHT,12.4,0.05,0.1,0.45,0.0,0.0,0.09810000419616699,0.0010000000149011613,0.0020000000298023225,0.0030000001192092896,0.12300000190734864,0.45599998474121095,0.789000015258789,980.5,25.0,0.0,0.0,0.980999984741211,1,46.5,6.6,1200.0,1.5,3.5,12,9.8100004196167,98.0999984741211,11.984000244140624,0.0,1200.0,True,True,True,True,True,True,True,True,True,True,True,True,True,True,True,True,False,False,False,False,False,False,False
11619698,STATE_PREFLIGHT,12.4,0.05,0.1,0.45,0.0,0.0,0.09810000419616699,0.0010000000149011613,0.0020000000298023225,0.0030000001192092896,0.12300000190734864,0.45599998474121095,0.789000015258789,980.5,25.0,0.0,0.0,0.980999984741211,1,46.5,6.6,1200.0,1.5,3.5,12,9.8100004196167,98.0999984741211,11.984000244140624,0.0,1200.0,True,True,True,True,True,True,True,True,True,True,True,True,True,True,True,True,False,False,False,False,False,False,False
11620207,STATE_PREFLIGHT,12.4,0.05,0.1,0.45,0.0,0.0,0.09810000419616699,0.0010000000149011613,0.0020000000298023225,0.0030000001192092896,0.12300000190734864,0.45599998474121095,0.789000015258789,980.5,25.0,0.0,0.0,0.980999984741211,1,46.5,6.6,1200.0,1.5,3.5,12,9.8100004196167,98.0999984741211,11.984000244140624,0.0,1200.0,True,True,True,True,True,True,True,True,True,True,True,True,True,True,True,True,False,False,False,False,False,False,False
11620717,STATE_PREFLIGHT,12.4,0.05,0.1,0.45,0.0,0.0,0.09810000419616699,0.0010000000149011613,0.0020000000298023225,0.0030000001192092896,0.12300000190734864,0.45599998474121095,0.789000015258789,980.5,25.0,0.0,0.0,0.980999984741211,1,46.5,6.6,1200.0,1.5,3.5,12,9.8100004196167,98.0999984741211,11.984000244140624,0.0,1200.0,True,True,True,True,True,True,True,True,True,True,True,True,True,True,True,True,False,False,False,False,False,False,False
11621225,STATE_PREFLIGHT,12.4,0.05,0.1,0.45,0.0,0.0,0.09810000419616699,0.0010000000149011613,0.0020000000298023225,0.0030000001192092896,0.12300000190734864,0.45599998474121095,0.789000015258789,980.5,25.0,0.0,0.0,0.980999984741211,1,46.5,6.6,1200.0,1.5,3.5,12,9.8100004196167,98.0999984741211,11.984000244140624,0.0,1200.0,True,True,True,True,True,True,True,True,True,True,True,True,True,True,True,True,False,False,False,False,False,False,False
11621731,STATE_PREFLIGHT,12.4,0.05,0.1,0.45,0.0,0.0,0.09810000419616699,0.0010000000149011613,0.0020000000298023225,0.0030000001192092896,0.12300000190734864,0.45599998474121095,0.789000015258789,980.5,25.0,0.0,0.0,0.980999984741211,1,46.5,6.6,1200.0,1.5,3.5,12,9.8100004196167,98.0999984741211,11.984000244140624,0.0,1200.0,True,True,True,True,True,True,True,True,True,True,True,True,True,True,True,True,False,False,False,False,False,False,False
11622242,STATE_PREFLIGHT,12.4,0.05,0.1,0.45,0.0,0.0,0.09810000419616699,0.0010000000149011613,0.0020000000298023225,0.0030000001192092896,0.12300000190734864,0.45599998474121095,0.789000015258789,980.5,25.0,0.0,0.0,0.980999984741211,1,46.5,6.6,1200.0,1.5,3.5,12,9.8100004196167,98.0999984741211,11.984000244140624,0.0,1200.0,True,True,True,True,True,True,True,True,True,True,True,True,True,True,True,True,False,False,False,False,False,False,False
11622752,STATE_PREFLIGHT,12.4,0.05,0.1,0.45,0.0,0.0,0.09810000419616699,0.0010000000149011613,0.0020000000298023225,0.0030000001192092896,0.12300000190734864,0.45599998474121095,0.789000015258789,980.5,25.0,0.0,0.0,0.980999984741211,1,46.5,6.6,1200.0,1.5,3.5,12,9.8100004196167,98.0999984741211,11.984000244140624,0.0,1200.0,True,True,True,True,True,True,True,True,True,True,True,True,True,True,True,True,False,False,False,False,False,False,False
11623263,STATE_PREFLIGHT,12.4,0.05,0.1,0.45,0.0,0.0,0.09810000419616699,0.0010000000149011613,0.0020000000298023225,0.0030000001192092896,0.12300000190734864,0.45599998474121095,0.789000015258789,980.5,25.0,0.0,0.0,0.980999984741211,1,46.5,6.6,1200.0,1.5,3.5,12,9.8100004196167,98.0999984741211,11.984000244140624,0.0,1200.0,True,True,True,True,True,True,True,True,True,True,True,True,True,True,True,True,False,False,False,False,False,False,False
11623770,STATE_PREFLIGHT,12.4,0.05,0.1,0.45,0.0,0.0,0.09810000419616699,0.0010000000149011613,0.0020000000298023225,0.0030000001192092896,0.12300000190734864,0.45599998474121095,0.789000015258789,980.5,25.0,0.0,0.0,0.980999984741211,1,46.5,6.6,1200.0,1.5,3.5,12,9.8100004196167,98.0999984741211,11.984000244140624,0.0,1200.0,True,True,True,True,True,True,True,True,True,True,True,True,True,True,True,True,False,False,False,False,False,False,False
11624278,STATE_PREFLIGHT,12.4,0.05,0.1,0.45,0.0,0.0,0.09810000419616699,0.0010000000149011613,0.0020000000298023225,0.0030000001192092896,0.12300000190734864,0.45599998474121095,0.789000015258789,980.5,25.0,0.0,0.0,0.980999984741211,1,46.5,6.6,1200.0,1.5,3.5,12,9.8100004196167,98.0999984741211,11.984000244140624,0.0,1200.0,True,True,True,True,True,True,True,True,True,True,True,True,True,True,True,True,False,False,False,False,False,False,False
11624784,STATE_PREFLIGHT,12.4,0.05,0.1,0.45,0.0,0.0,0.09810000419616699,0.0010000000149011613,0.0020000000298023225,0.0030000001192092896,0.12300000190734864,0.45599998474121095,0.789000015258789,980.5,25.0,0.0,0.0,0.980999984741211,1,46.5,6.6,1200.0,1.5,3.5,12,9.8100004196167,98.0999984741211,11.984000244140624,0.0,1200.0,True,True,True,True,True,True,True,True,True,True,True,True,True,True,True,True,False,False,False,False,False,False,False
11625289,STATE_PREFLIGHT,12.4,0.05,0.1,0.45,0.0,0.0,0.09810000419616699,0.0010000000149011613,0.0020000000298023225,0.0030000001192092896,0.12300000190734864,0.45599998474121095,0.789000015258789,980.5,25.0,0.0,0.0,0.980999984741211,1,46.5,6.6,1200.0,1.5,3.5,12,9.8100004196167,98.0999984741211,11.984000244140624,0.0,1200.0,True,True,True,True,True,True,True,True,True,True,True,True,True,True,True,True,False,False,False,False,False,False,False
11625801,STATE_PREFLIGHT,12.4,0.05,0.1,0.45,0.0,0.0,0.09810000419616699,0.0010000000149011613,0.0020000000298023225,0.0030000001192092896,0.12300000190734864,0.45599998474121095,0.789000015258789,980.5,25.0,0.0,0.0,0.980999984741211,1,46.5,6.6,1200.0,1.5,3.5,12,9.8100004196167,98.0999984741211,11.984000244140624,0.0,1200.0,True,True,True,True,True,True,True,True,True,True,True,True,True,True,True,True,False,False,False,False,False,False,False
11626307,STATE_PREFLIGHT,12.4,0.05,0.1,0.45,0.0,0.0,0.09810000419616699,0.0010000000149011613,0.0020000000298023225,0.0030000001192092896,0.12300000190734864,0.45599998474121095,0.789000015258789,980.5,25.0,0.0,0.0,0.980999984741211,1,46.5,6.6,1200.0,1.5,3.5,12,9.8100004196167,98.0999984741211,11.984000244140624,0.0,1200.0,True,True,True,True,True,True,True,True,True,True,True,True,True,True,True,True,False,False,False,False,False,False,False
11626817,STATE_PREFLIGHT,12.4,0.05,0.1,0.45,0.0,0.0,0.09810000419616699,0.0010000000149011613,0.0020000000298023225,0.0030000001192092896,0.12300000190734864,0.45599998474121095,0.789000015258789,980.5,25.0,0.0,0.0,0.980999984741211,1,46.5,6.6,1200.0,1.5,3.5,12,9.8100004196167,98.0999984741211,11.984000244140624,0.0,1200.0,True,True,True,True,True,True,True,True,True,True,True,True,True,True,True,True,False,False,False,False,False,False,False
11627327,STATE_PREFLIGHT,12.4,0.05,0.1,0.45,0.0,0.0,0.09810000419616699,0.0010000000149011613,0.0020000000298023225,0.0030000001192092896,0.12300000190734864,0.45599998474121095,0.789000015258789,980.5,25.0,0.0,0.0,0.980999984741211,1,46.5,6.6,1200.0,1.5,3.5,12,9.8100004196167,98.0999984741211,11.984000244140624,0.0,1200.0,True,True,True,True,True,True,True,True,True,True,True,True,True,True,True,True,False,False,False,False,False,False,False
11627838,STATE_PREFLIGHT,12.4,0.05,0.1,0.45,0.0,0.0,0.09810000419616699,0.0010000000149011613,0.0020000000298023225,0.0030000001192092896,0.12300000190734864,0.45599998474121095,0.789000015258789,980.5,25.0,0.0,0.0,0.980999984741211,1,46.5,6.6,1200.0,1.5,3.5,12,9.8100004196167,98.0999984741211,11.984000244140624,0.0,1200.0,True,True,True,True,True,True,True,True,True,True,True,True,True,True,True,True,False,False,False,False,False,False,False
11628349,STATE_PREFLIGHT,12.4,0.05,0.1,0.45,0.0,0.0,0.09810000419616699,0.0010000000149011613,0.0020000000298023225,0.0030000001192092896,0.12300000190734864,0.45599998474121095,0.789000015258789,980.5,25.0,0.0,0.0,0.980999984741211,1,46.5,6.6,1200.0,1.5,3.5,12,9.8100004196167,98.0999984741211,11.984000244140624,0.0,1200.0,True,True,True,True,True,True,True,True,True,True,True,True,True,True,True,True,False,False,False,False,False,False,False
11628860,STATE_PREFLIGHT,12.4,0.05,0.1,0.45,0.0,0.0,0.09810000419616699,0.0010000000149011613,0.0020000000298023225,0.0030000001192092896,0.12300000190734864,0.45599998474121095,0.789000015258789,980.5,25.0,0.0,0.0,0.980999984741211,1,46.5,6.6,1200.0,1.5,3.5,12,9.8100004196167,98.0999984741211,11.984000244140624,0.0,1200.0,True,True,True,True,True,True,True,True,True,True,True,True,True,True,True,True,False,False,False,False,False,False,False
11629369,STATE_PREFLIGHT,12.4,0.05,0.1,0.45,0.0,0.0,0.09810000419616699,0.0010000000149011613,0.0020000000298023225,0.0030000001192092896,0.12300000190734864,0.45599998474121095,0.789000015258789,980.5,25.0,0.0,0.0,0.980999984741211,1,46.5,6.6,1200.0,1.5,3.5,12,9.8100004196167,98.0999984741211,11.984000244140624,0.0,1200.0,True,True,True,True,True,True,True,True,True,True,True,True,True,True,True,True,False,False,False,False,False,False,False
11629879,STATE_PREFLIGHT,12.4,0.05,0.1,0.45,0.0,0.0,0.09810000419616699,0.0010000000149011613,0.0020000000298023225,0.0030000001192092896,0.12300000190734864,0.45599998474121095,0.789000015258789,980.5,25.0,0.0,0.0,0.980999984741211,1,46.5,6.6,1200.0,1.5,3.5,12,9.8100004196167,98.0999984741211,11.984000244140624,0.0,1200.0,True,True,True,True,True,True,True,True,True,True,True,True,True,True,True,True,False,False,False,False,False,False,False
11630391,STATE_PREFLIGHT,12.4,0.05,0.1,0.45,0.0,0.0,0.09810000419616699,0.0010000000149011613,0.0020000000298023225,0.0030000001192092896,0.12300000190734864,0.45599998474121095,0.789000015258789,980.5,25.0,0.0,0.0,0.980999984741211,1,46.5,6.6,1200.0,1.5,3.5,12,9.8100004196167,98.0999984741211,11.984000244140624,0.0,1200.0,True,True,True,True,True,True,True,True,True,True,True,True,True,True,True,True,False,False,False,False,False,False,False
11630896,STATE_PREFLIGHT,12.4,0.05,0.1,0.45,0.0,0.0,0.09810000419616699,0.0010000000149011613,0.0020000000298023225,0.0030000001192092896,0.12300000190734864,0.45599998474121095,0.789000015258789,980.5,25.0,0.0,0.0,0.980999984741211,1,46.5,6.6,1200.0,1.5,3.5,12,9.8100004196167,98.0999984741211,11.984000244140624,0.0,1200.0,True,True,True,True,True,True,True,True,True,True,True,True,True,True,True,True,False,False,False,False,False,False,False
11631404,STATE_PREFLIGHT,12.4,0.05,0.1,0.45,0.0,0.0,0.09810000419616699,0.0010000000149011613,0.0020000000298023225,0.0030000001192092896,0.12300000190734864,0.45599998474121095,0.789000015258789,980.5,25.0,0.0,0.0,0.980999984741211,1,46.5,6.6,1200.0,1.5,3.5,12,9.8100004196167,98.0999984741211,11.984000244140624,0.0,1200.0,True,True,True,True,True,True,True,True,True,True,True,True,True,True,True,True,False,False,False,False,False,False,False
11631913,STATE_PREFLIGHT,12.4,0.05,0.1,0.45,0.0,0.0,0.09810000419616699,0.0010000000149011613,0.0020000000298023225,0.0030000001192092896,0.12300000190734864,0.45599998474121095,0.789000015258789,980.5,25.0,0.0,0.0,0.980999984741211,1,46.5,6.6,1200.0,1.5,3.5,12,9.8100004196167,98.0999984741211,11.984000244140624,0.0,1200.0,True,True,True,True,True,True,True,True,True,True,True,True,True,True,True,True,False,False,False,False,False,False,False
11632421,STATE_PREFLIGHT,12.4,0.05,0.1,0.45,0.0,0.0,0.09810000419616699,0.0010000000149011613,0.0020000000298023225,0.0030000001192092896,0.12300000190734864,0.45599998474121095,0.789000015258789,980.5,25.0,0.0,0.0,0.980999984741211,1,46.5,6.6,1200.0,1.5,3.5,12,9.8100004196167,98.0999984741211,11.984000244140624,0.0,1200.0,True,True,True,True,True,True,True,True,True,True,True,True,True,True,True,True,False,False,False,False,False,False,False
11632930,STATE_PREFLIGHT,12.4,0.05,0.1,0.45,0.0,0.0,0.09810000419616699,0.0010000000149011613,0.0020000000298023225,0.0030000001192092896,0.12300000190734864,0.45599998474121095,0.789000015258789,980.5,25.0,0.0,0.0,0.980999984741211,1,46.5,6.6,1200.0,1.5,3.5,12,9.8100004196167,98.0999984741211,11.984000244140624,0.0,1200.0,True,True,True,True,True,True,True,True,True,True,True,True,True,True,True,True,False,False,False,False,False,False,False
11633437,STATE_PREFLIGHT,12.4,0.05,0.1,0.45,0.0,0.0,0.09810000419616699,0.0010000000149011613,0.0020000000298023225,0.0030000001192092896,0.12300000190734864,0.45599998474121095,0.789000015258789,980.5,25.0,0.0,0.0,0.980999984741211,1,46.5,6.6,1200.0,1.5,3.5,12,9.8100004196167,98.0999984741211,11.984000244140624,0.0,1200.0,True,True,True,True,True,True,True,True,True,True,True,True,True,True,True,True,False,False,False,False,False,False,False
11633948,STATE_PREFLIGHT,12.4,0.05,0.1,0.45,0.0,0.0,0.09810000419616699,0.0010000000149011613,0.0020000000298023225,0.0030000001192092896,0.12300000190734864,0.45599998474121095,0.789000015258789,980.5,25.0,0.0,0.0,0.980999984741211,1,46.5,6.6,1200.0,1.5,3.5,12,9.8100004196167,98.0999984741211,11.984000244140624,0.0,1200.0,True,True,True,True,True,True,True,True,True,True,True,True,True,True,True,True,False,False,False,False,False,False,False
11634457,STATE_PREFLIGHT,12.4,0.05,0.1,0.45,0.0,0.0,0.09810000419616699,0.0010000000149011613,0.0020000000298023225,0.0030000001192092896,0.12300000190734864,0.45599998474121095,0.789000015258789,980.5,25.0,0.0,0.0,0.980999984741211,1,46.5,6.6,1200.0,1.5,3.5,12,9.8100004196167,98.0999984741211,11.984000244140624,0.0,1200.0,True,True,True,True,True,True,True,True,True,True,True,True,True,True,True,True,False,False,False,False,False,False,False
11634968,STATE_PREFLIGHT,12.4,0.05,0.1,0.45,0.0,0.0,0.09810000419616699,0.0010000000149011613,0.0020000000298023225,0.0030000001192092896,0.12300000190734864,0.45599998474121095,0.789000015258789,980.5,25.0,0.0,0.0,0.980999984741211,1,46.5,6.6,1200.0,1.5,3.5,12,9.8100004196167,98.0999984741211,11.984000244140624,0.0,1200.0,True,True,True,True,True,True,True,True,True,True,True,True,True,True,True,True,False,False,False,False,False,False,False
11635480,STATE_PREFLIGHT,12.4,0.05,0.1,0.45,0.0,0.0,0.09810000419616699,0.0010000000149011613,0.0020000000298023225,0.0030000001192092896,0.12300000190734864,0.45599998474121095,0.789000015258789,980.5,25.0,0.0,0.0,0.980999984741211,1,46.5,6.6,1200.0,1.5,3.5,12,9.8100004196167,98.0999984741211,11.984000244140624,0.0,1200.0,True,True,True,True,True,True,True,True,True,True,True,True,True,True,True,True,False,False,False,False,False,False,False
11635991,STATE_PREFLIGHT,12.4,0.05,0.1,0.45,0.0,0.0,0.09810000419616699,0.0010000000149011613,0.0020000000298023225,0.0030000001192092896,0.12300000190734864,0.45599998474121095,0.789000015258789,980.5,25.0,0.0,0.0,0.980999984741211,1,46.5,6.6,1200.0,1.5,3.5,12,9.8100004196167,98.0999984741211,11.984000244140624,0.0,1200.0,True,True,True,True,True,True,True,True,True,True,True,True,True,True,True,True,False,False,False,False,False,False,False
11636502,STATE_PREFLIGHT,12.4,0.05,0.1,0.45,0.0,0.0,0.09810000419616699,0.0010000000149011613,0.0020000000298023225,0.0030000001192092896,0.12300000190734864,0.45599998474121095,0.789000015258789,980.5,25.0,0.0,0.0,0.980999984741211,1,46.5,6.6,1200.0,1.5,3.5,12,9.8100004196167,98.0999984741211,11.984000244140624,0.0,1200.0,True,True,True,True,True,True,True,True,True,True,True,True,True,True,True,True,False,False,False,False,False,False,False
11637009,STATE_PREFLIGHT,12.4,0.05,0.1,0.45,0.0,0.0,0.09810000419616699,0.0010000000149011613,0.0020000000298023225,0.0030000001192092896,0.12300000190734864,0.45599998474121095,0.789000015258789,980.5,25.0,0.0,0.0,0.980999984741211,1,46.5,6.6,1200.0,1.5,3.5,12,9.8100004196167,98.0999984741211,11.984000244140624,0.0,1200.0,True,True,True,True,True,True,True,True,True,True,True,True,True,True,True,True,False,False,False,False,False,False,False
11637520,STATE_PREFLIGHT,12.4,0.05,0.1,0.45,0.0,0.0,0.09810000419616699,0.0010000000149011613,0.0020000000298023225,0.0030000001192092896,0.12300000190734864,0.45599998474121095,0.789000015258789,980.5,25.0,0.0,0.0,0.980999984741211,1,46.5,6.6,1200.0,1.5,3.5,12,9.8100004196167,98.0999984741211,11.984000244140624,0.0,1200.0,True,True,True,True,True,True,True,True,True,True,True,True,True,True,True,True,False,False,False,False,False,False,False
11638028,STATE_PREFLIGHT,12.4,0.05,0.1,0.45,0.0,0.0,0.09810000419616699,0.0010000000149011613,0.0020000000298023225,0.0030000001192092896,0.12300000190734864,0.45599998474121095,0.789000015258789,980.5,25.0,0.0,0.0,0.980999984741211,1,46.5,6.6,1200.0,1.5,3.5,12,9.8100004196167,98.0999984741211,11.984000244140624,0.0,1200.0,True,True,True,True,True,True,True,True,True,True,True,True,True,True,True,True,False,False,False,False,False,False,False
11638537,STATE_PREFLIGHT,12.4,0.05,0.1,0.45,0.0,0.0,0.09810000419616699,0.0010000000149011613,0.0020000000298023225,0.0030000001192092896,0.12300000190734864,0.45599998474121095,0.789000015258789,980.5,25.0,0.0,0.0,0.980999984741211,1,46.5,6.6,1200.0,1.5,3.5,12,9.8100004196167,98.0999984741211,11.984000244140624,0.0,1200.0,True,True,True,True,True,True,True,True,True,True,True,True,True,True,True,True,False,False,False,False,False,False,False
11639048,STATE_PREFLIGHT,12.4,0.05,0.1,0.45,0.0,0.0,0.09810000419616699,0.0010000000149011613,0.0020000000298023225,0.0030000001192092896,0.12300000190734864,0.45599998474121095,0.789000015258789,980.5,25.0,0.0,0.0,0.980999984741211,1,46.5,6.6,1200.0,1.5,3.5,12,9.8100004196167,98.0999984741211,11.984000244140624,0.0,1200.0,True,True,True,True,True,True,True,True,True,True,True,True,True,True,True,True,False,False,False,False,False,False,False
11639556,STATE_PREFLIGHT,12.4,0.05,0.1,0.45,0.0,0.0,0.09810000419616699,0.0010000000149011613,0.0020000000298023225,0.0030000001192092896,0.12300000190734864,0.45599998474121095,0.789000015258789,980.5,25.0,0.0,0.0,0.980999984741211,1,46.5,6.6,1200.0,1.5,3.5,12,9.8100004196167,98.0999984741211,11.984000244140624,0.0,1200.0,True,True,True,True,True,True,True,True,True,True,True,True,True,True,True,True,False,False,False,False,False,False,False
11640066,STATE_PREFLIGHT,12.4,0.05,0.1,0.45,0.0,0.0,0.09810000419616699,0.0010000000149011613,0.0020000000298023225,0.0030000001192092896,0.12300000190734864,0.45599998474121095,0.789000015258789,980.5,25.0,0.0,0.0,0.980999984741211,1,46.5,6.6,1200.0,1.5,3.5,12,9.8100004196167,98.0999984741211,11.984000244140624,0.0,1200.0,True,True,True,True,True,True,True,True,True,True,True,True,True,True,True,True,False,False,False,False,False,False,False
11640575,STATE_PREFLIGHT,12.4,0.05,0.1,0.45,0.0,0.0,0.09810000419616699,0.0010000000149011613,0.0020000000298023225,0.0030000001192092896,0.12300000190734864,0.45599998474121095,0.789000015258789,980.5,25.0,0.0,0.0,0.980999984741211,1,46.5,6.6,1200.0,1.5,3.5,12,9.8100004196167,98.0999984741211,11.984000244140624,0.0,1200.0,True,True,True,True,True,True,True,True,True,True,True,True,True,True,True,True,False,False,False,False,False,False,False
11641086,STATE_PREFLIGHT,12.4,0.05,0.1,0.45,0.0,0.0,0.09810000419616699,0.0010000000149011613,0.0020000000298023225,0.0030000001192092896,0.12300000190734864,0.45599998474121095,0.789000015258789,980.5,25.0,0.0,0.0,0.980999984741211,1,46.5,6.6,1200.0,1.5,3.5,12,9.8100004196167,98.0999984741211,11.984000244140624,0.0,1200.0,True,True,True,True,True,True,True,True,True,True,True,True,True,True,True,True,False,False,False,False,False,False,False
11641594,STATE_PREFLIGHT,12.4,0.05,0.1,0.45,0.0,0.0,0.09810000419616699,0.0010000000149011613,0.0020000000298023225,0.0030000001192092896,0.12300000190734864,0.45599998474121095,0.789000015258789,980.5,25.0,0.0,0.0,0.980999984741211,1,46.5,6.6,1200.0,1.5,3.5,12,9.8100004196167,98.0999984741211,11.984000244140624,0.0,1200.0,True,True,True,True,True,True,True,True,True,True,True,True,True,True,True,True,False,False,False,False,False,False,False
11642105,STATE_PREFLIGHT,12.4,0.05,0.1,0.45,0.0,0.0,0.09810000419616699,0.0010000000149011613,0.0020000000298023225,0.0030000001192092896,0.12300000190734864,0.45599998474121095,0.789000015258789,980.5,25.0,0.0,0.0,0.980999984741211,1,46.5,6.6,1200.0,1.5,3.5,12,9.8100004196167,98.0999984741211,11.984000244140624,0.0,1200.0,True,True,True,True,True,True,True,True,True,True,True,True,True,True,True,True,False,False,False,False,False,False,False
11642611,STATE_PREFLIGHT,12.4,0.05,0.1,0.45,0.0,0.0,0.09810000419616699,0.0010000000149011613,0.0020000000298023225,0.0030000001192092896,0.12300000190734864,0.45599998474121095,0.789000015258789,980.5,25.0,0.0,0.0,0.980999984741211,1,46.5,6.6,1200.0,1.5,3.5,12,9.8100004196167,98.0999984741211,11.984000244140624,0.0,1200.0,True,True,True,True,True,True,True,True,True,True,True,True,True,True,True,True,False,False,False,False,False,False,False
11643122,STATE_PREFLIGHT,12.4,0.05,0.1,0.45,0.0,0.0,0.09810000419616699,0.0010000000149011613,0.0020000000298023225,0.0030000001192092896,0.12300000190734864,0.45599998474121095,0.789000015258789,980.5,25.0,0.0,0.0,0.980999984741211,1,46.5,6.6,1200.0,1.5,3.5,12,9.8100004196167,98.0999984741211,11.984000244140624,0.0,1200.0,True,True,True,True,True,True,True,True,True,True,True,True,True,True,True,True,False,False,False,False,False,False,False
11643628,STATE_PREFLIGHT,12.4,0.05,0.1,0.45,0.0,0.0,0.09810000419616699,0.0010000000149011613,0.0020000000298023225,0.0030000001192092896,0.12300000190734864,0.45599998474121095,0.789000015258789,980.5,25.0,0.0,0.0,0.980999984741211,1,46.5,6.6,1200.0,1.5,3.5,12,9.8100004196167,98.0999984741211,11.984000244140624,0.0,1200.0,True,True,True,True,True,True,True,True,True,True,True,True,True,True,True,True,False,False,False,False,False,False,False
11644138,STATE_PREFLIGHT,12.4,0.05,0.1,0.45,0.0,0.0,0.09810000419616699,0.0010000000149011613,0.0020000000298023225,0.0030000001192092896,0.12300000190734864,0.45599998474121095,0.789000015258789,980.5,25.0,0.0,0.0,0.980999984741211,1,46.5,6.6,1200.0,1.5,3.5,12,9.8100004196167,98.0999984741211,11.984000244140624,0.0,1200.0,True,True,True,True,True,True,True,True,True,True,True,True,True,True,True,True,False,False,False,False,False,False,False
11644645,STATE_PREFLIGHT,12.4,0.05,0.1,0.45,0.0,0.0,0.09810000419616699,0.0010000000149011613,0.0020000000298023225,0.0030000001192092896,0.12300000190734864,0.45599998474121095,0.789000015258789,980.5,25.0,0.0,0.0,0.980999984741211,1,46.5,6.6,1200.0,1.5,3.5,12,9.8100004196167,98.0999984741211,11.984000244140624,0.0,1200.0,True,True,True,True,True,True,True,True,True,True,True,True,True,True,True,True,False,False,False,False,False,False,False
11645151,STATE_PREFLIGHT,12.4,0.05,0.1,0.45,0.0,0.0,0.09810000419616699,0.0010000000149011613,0.0020000000298023225,0.0030000001192092896,0.12300000190734864,0.45599998474121095,0.789000015258789,980.5,25.0,0.0,0.0,0.980999984741211,1,46.5,6.6,1200.0,1.5,3.5,12,9.8100004196167,98.0999984741211,11.984000244140624,0.0,1200.0,True,True,True,True,True,True,True,True,True,True,True,True,True,True,True,True,False,False,False,False,False,False,False
11645659,STATE_PREFLIGHT,12.4,0.05,0.1,0.45,0.0,0.0,0.09810000419616699,0.0010000000149011613,0.0020000000298023225,0.0030000001192092896,0.12300000190734864,0.45599998474121095,0.789000015258789,980.5,25.0,0.0,0.0,0.980999984741211,1,46.5,6.6,1200.0,1.5,3.5,12,9.8100004196167,98.0999984741211,11.984000244140624,0.0,1200.0,True,True,True,True,True,True,True,True,True,True,True,True,True,True,True,True,False,False,False,False,False,False,False
11646170,STATE_PREFLIGHT,12.4,0.05,0.1,0.45,0.0,0.0,0.09810000419616699,0.0010000000149011613,0.0020000000298023225,0.0030000001192092896,0.12300000190734864,0.45599998474121095,0.789000015258789,980.5,25.0,0.0,0.0,0.980999984741211,1,46.5,6.6,1200.0,1.5,3.5,12,9.8100004196167,98.0999984741211,11.984000244140624,0.0,1200.0,True,True,True,True,True,True,True,True,True,True,True,True,True,True,True,True,False,False,False,False,False,False,False
11646676,STATE_PREFLIGHT,12.4,0.05,0.1,0.45,0.0,0.0,0.09810000419616699,0.0010000000149011613,0.0020000000298023225,0.0030000001192092896,0.12300000190734864,0.45599998474121095,0.789000015258789,980.5,25.0,0.0,0.0,0.980999984741211,1,46.5,6.6,1200.0,1.5,3.5,12,9.8100004196167,98.0999984741211,11.984000244140624,0.0,1200.0,True,True,True,True,True,True,True,True,True,True,True,True,True,True,True,True,False,False,False,False,False,False,False
11647185,STATE_PREFLIGHT,12.4,0.05,0.1,0.45,0.0,0.0,0.09810000419616699,0.0010000000149011613,0.0020000000298023225,0.0030000001192092896,0.12300000190734864,0.45599998474121095,0.789000015258789,980.5,25.0,0.0,0.0,0.980999984741211,1,46.5,6.6,1200.0,1.5,3.5,12,9.8100004196167,98.0999984741211,11.984000244140624,0.0,1200.0,True,True,True,True,True,True,True,True,True,True,True,True,True,True,True,True,False,False,False,False,False,False,False
11647696,STATE_PREFLIGHT,12.4,0.05,0.1,0.45,0.0,0.0,0.09810000419616699,0.0010000000149011613,0.0020000000298023225,0.0030000001192092896,0.12300000190734864,0.45599998474121095,0.789000015258789,980.5,25.0,0.0,0.0,0.980999984741211,1,46.5,6.6,1200.0,1.5,3.5,12,9.8100004196167,98.0999984741211,11.984000244140624,0.0,1200.0,True,True,True,True,True,True,True,True,True,True,True,True,True,True,True,True,False,False,False,False,False,False,False
11648206,STATE_PREFLIGHT,12.4,0.05,0.1,0.45,0.0,0.0,0.09810000419616699,0.0010000000149011613,0.0020000000298023225,0.0030000001192092896,0.12300000190734864,0.45599998474121095,0.789000015258789,980.5,25.0,0.0,0.0,0.980999984741211,1,46.5,6.6,1200.0,1.5,3.5,12,9.8100004196167,98.0999984741211,11.984000244140624,0.0,1200.0,True,True,True,True,True,True,True,True,True,True,True,True,True,True,True,True,False,False,False,False,False,False,False
11648713,STATE_PREFLIGHT,12.4,0.05,0.1,0.45,0.0,0.0,0.09810000419616699,0.0010000000149011613,0.0020000000298023225,0.0030000001192092896,0.12300000190734864,0.45599998474121095,0.789000015258789,980.5,25.0,0.0,0.0,0.980999984741211,1,46.5,6.6,1200.0,1.5,3.5,12,9.8100004196167,98.0999984741211,11.984000244140624,0.0,1200.0,True,True,True,True,True,True,True,True,True,True,True,True,True,True,True,True,False,False,False,False,False,False,False
11649224,STATE_PREFLIGHT,12.4,0.05,0.1,0.45,0.0,0.0,0.09810000419616699,0.0010000000149011613,0.0020000000298023225,0.0030000001192092896,0.12300000190734864,0.45599998474121095,0.789000015258789,980.5,25.0,0.0,0.0,0.980999984741211,1,46.5,6.6,1200.0,1.5,3.5,12,9.8100004196167,98.0999984741211,11.984000244140624,0.0,1200.0,True,True,True,True,True,True,True,True,True,True,True,True,True,True,True,True,False,False,False,False,False,False,False
11649734,STATE_PREFLIGHT,12.4,0.05,0.1,0.45,0.0,0.0,0.09810000419616699,0.0010000000149011613,0.0020000000298023225,0.0030000001192092896,0.12300000190734864,0.45599998474121095,0.789000015258789,980.5,25.0,0.0,0.0,0.980999984741211,1,46.5,6.6,1200.0,1.5,3.5,12,9.8100004196167,98.0999984741211,11.984000244140624,0.0,1200.0,True,True,True,True,True,True,True,True,True,True,True,True,True,True,True,True,False,False,False,False,False,False,False
11650245,STATE_PREFLIGHT,12.4,0.05,0.1,0.45,0.0,0.0,0.09810000419616699,0.0010000000149011613,0.0020000000298023225,0.0030000001192092896,0.12300000190734864,0.45599998474121095,0.789000015258789,980.5,25.0,0.0,0.0,0.980999984741211,1,46.5,6.6,1200.0,1.5,3.5,12,9.8100004196167,98.0999984741211,11.984000244140624,0.0,1200.0,True,True,True,True,True,True,True,True,True,True,True,True,True,True,True,True,False,False,False,False,False,False,False
11650755,STATE_PREFLIGHT,12.4,0.05,0.1,0.45,0.0,0.0,0.09810000419616699,0.0010000000149011613,0.0020000000298023225,0.0030000001192092896,0.12300000190734864,0.45599998474121095,0.789000015258789,980.5,25.0,0.0,0.0,0.980999984741211,1,46.5,6.6,1200.0,1.5,3.5,12,9.8100004196167,98.0999984741211,11.984000244140624,0.0,1200.0,True,True,True,True,True,True,True,True,True,True,True,True,True,True,True,True,False,False,False,False,False,False,False
11651263,STATE_PREFLIGHT,12.4,0.05,0.1,0.45,0.0,0.0,0.09810000419616699,0.0010000000149011613,0.0020000000298023225,0.0030000001192092896,0.12300000190734864,0.45599998474121095,0.789000015258789,980.5,25.0,0.0,0.0,0.980999984741211,1,46.5,6.6,1200.0,1.5,3.5,12,9.8100004196167,98.0999984741211,11.984000244140624,0.0,1200.0,True,True,True,True,True,True,True,True,True,True,True,True,True,True,True,True,False,False,False,False,False,False,False
11651772,STATE_PREFLIGHT,12.4,0.05,0.1,0.45,0.0,0.0,0.09810000419616699,0.0010000000149011613,0.0020000000298023225,0.0030000001192092896,0.12300000190734864,0.45599998474121095,0.789000015258789,980.5,25.0,0.0,0.0,0.980999984741211,1,46.5,6.6,1200.0,1.5,3.5,12,9.8100004196167,98.0999984741211,11.984000244140624,0.0,1200.0,True,True,True,True,True,True,True,True,True,True,True,True,True,True,True,True,False,False,False,False,False,False,False
11652278,STATE_PREFLIGHT,12.4,0.05,0.1,0.45,0.0,0.0,0.09810000419616699,0.0010000000149011613,0.0020000000298023225,0.0030000001192092896,0.12300000190734864,0.45599998474121095,0.789000015258789,980.5,25.0,0.0,0.0,0.980999984741211,1,46.5,6.6,1200.0,1.5,3.5,12,9.8100004196167,98.0999984741211,11.984000244140624,0.0,1200.0,True,True,True,True,True,True,True,True,True,True,True,True,True,True,True,True,False,False,False,False,False,False,False
11652790,STATE_PREFLIGHT,12.4,0.05,0.1,0.45,0.0,0.0,0.09810000419616699,0.0010000000149011613,0.0020000000298023225,0.0030000001192092896,0.12300000190734864,0.45599998474121095,0.789000015258789,980.5,25.0,0.0,0.0,0.980999984741211,1,46.5,6.6,1200.0,1.5,3.5,12,9.8100004196167,98.0999984741211,11.984000244140624,0.0,1200.0,True,True,True,True,True,True,True,True,True,True,True,True,True,True,True,True,False,False,False,False,False,False,False
11653301,STATE_PREFLIGHT,12.4,0.05,0.1,0.45,0.0,0.0,0.09810000419616699,0.0010000000149011613,0.0020000000298023225,0.0030000001192092896,0.12300000190734864,0.45599998474121095,0.789000015258789,980.5,25.0,0.0,0.0,0.980999984741211,1,46.5,6.6,1200.0,1.5,3.5,12,9.8100004196167,98.0999984741211,11.984000244140624,0.0,1200.0,True,True,True,True,True,True,True,True,True,True,True,True,True,True,True,True,False,False,False,False,False,False,False
11653807,STATE_PREFLIGHT,12.4,0.05,0.1,0.45,0.0,0.0,0.09810000419616699,0.0010000000149011613,0.0020000000298023225,0.0030000001192092896,0.12300000190734864,0.45599998474121095,0.789000015258789,980.5,25.0,0.0,0.0,0.980999984741211,1,46.5,6.6,1200.0,1.5,3.5,12,9.8100004196167,98.0999984741211,11.984000244140624,0.0,1200.0,True,True,True,True,True,True,True,True,True,True,True,True,True,True,True,True,False,False,False,False,False,False,False
11654317,STATE_PREFLIGHT,12.4,0.05,0.1,0.45,0.0,0.0,0.09810000419616699,0.0010000000149011613,0.0020000000298023225,0.0030000001192092896,0.12300000190734864,0.45599998474121095,0.789000015258789,980.5,25.0,0.0,0.0,0.980999984741211,1,46.5,6.6,1200.0,1.5,3.5,12,9.8100004196167,98.0999984741211,11.984000244140624,0.0,1200.0,True,True,True,True,True,True,True,True,True,True,True,True,True,True,True,True,False,False,False,False,False,False,False
11654828,STATE_PREFLIGHT,12.4,0.05,0.1,0.45,0.0,0.0,0.09810000419616699,0.0010000000149011613,0.0020000000298023225,0.0030000001192092896,0.12300000190734864,0.45599998474121095,0.789000015258789,980.5,25.0,0.0,0.0,0.980999984741211,1,46.5,6.6,1200.0,1.5,3.5,12,9.8100004196167,98.0999984741211,11.984000244140624,0.0,1200.0,True,True,True,True,True,True,True,True,True,True,True,True,True,True,True,True,False,False,False,False,False,False,False
11655339,STATE_PREFLIGHT,12.4,0.05,0.1,0.45,0.0,0.0,0.09810000419616699,0.0010000000149011613,0.0020000000298023225,0.0030000001192092896,0.12300000190734864,0.45599998474121095,0.789000015258789,980.5,25.0,0.0,0.0,0.980999984741211,1,46.5,6.6,1200.0,1.5,3.5,12,9.8100004196167,98.0999984741211,11.984000244140624,0.0,1200.0,True,True,True,True,True,True,True,True,True,True,True,True,True,True,True,True,False,False,False,False,False,False,False
11655850,STATE_PREFLIGHT,12.4,0.05,0.1,0.45,0.0,0.0,0.09810000419616699,0.0010000000149011613,0.0020000000298023225,0.0030000001192092896,0.12300000190734864,0.45599998474121095,0.789000015258789,980.5,25.0,0.0,0.0,0.980999984741211,1,46.5,6.6,1200.0,1.5,3.5,12,9.8100004196167,98.0999984741211,11.984000244140624,0.0,1200.0,True,True,True,True,True,True,True,True,True,True,True,True,True,True,True,True,False,False,False,False,False,False,False
11656361,STATE_PREFLIGHT,12.4,0.05,0.1,0.45,0.0,0.0,0.09810000419616699,0.0010000000149011613,0.0020000000298023225,0.0030000001192092896,0.12300000190734864,0.45599998474121095,0.789000015258789,980.5,25.0,0.0,0.0,0.980999984741211,1,46.5,6.6,1200.0,1.5,3.5,12,9.8100004196167,98.0999984741211,11.984000244140624,0.0,1200.0,True,True,True,True,True,True,True,True,True,True,True,True,True,True,True,True,False,False,False,False,False,False,False
11656866,STATE_PREFLIGHT,12.4,0.05,0.1,0.45,0.0,0.0,0.09810000419616699,0.0010000000149011613,0.0020000000298023225,0.0030000001192092896,0.12300000190734864,0.45599998474121095,0.789000015258789,980.5,25.0,0.0,0.0,0.980999984741211,1,46.5,6.6,1200.0,1.5,3.5,12,9.8100004196167,98.0999984741211,11.984000244140624,0.0,1200.0,True,True,True,True,True,True,True,True,True,True,True,True,True,True,True,True,False,False,False,False,False,False,False
11657375,STATE_PREFLIGHT,12.4,0.05,0.1,0.45,0.0,0.0,0.09810000419616699,0.0010000000149011613,0.0020000000298023225,0.0030000001192092896,0.12300000190734864,0.45599998474121095,0.789000015258789,980.5,25.0,0.0,0.0,0.980999984741211,1,46.5,6.6,1200.0,1.5,3.5,12,9.8100004196167,98.0999984741211,11.984000244140624,0.0,1200.0,True,True,True,True,True,True,True,True,True,True,True,True,True,True,True,True,False,False,False,False,False,False,False
11657883,STATE_PREFLIGHT,12.4,0.05,0.1,0.45,0.0,0.0,0.09810000419616699,0.0010000000149011613,0.0020000000298023225,0.0030000001192092896,0.12300000190734864,0.45599998474121095,0.789000015258789,980.5,25.0,0.0,0.0,0.980999984741211,1,46.5,6.6,1200.0,1.5,3.5,12,9.8100004196167,98.0999984741211,11.984000244140624,0.0,1200.0,True,True,True,True,True,True,True,True,True,True,True,True,True,True,True,True,False,False,False,False,False,False,False
11658394,STATE_PREFLIGHT,12.4,0.05,0.1,0.45,0.0,0.0,0.09810000419616699,0.0010000000149011613,0.0020000000298023225,0.0030000001192092896,0.12300000190734864,0.45599998474121095,0.789000015258789,980.5,25.0,0.0,0.0,0.980999984741211,1,46.5,6.6,1200.0,1.5,3.5,12,9.8100004196167,98.0999984741211,11.984000244140624,0.0,1200.0,True,True,True,True,True,True,True,True,True,True,True,True,True,True,True,True,False,False,False,False,False,False,False
11658900,STATE_PREFLIGHT,12.4,0.05,0.1,0.45,0.0,0.0,0.09810000419616699,0.0010000000149011613,0.0020000000298023225,0.0030000001192092896,0.12300000190734864,0.45599998474121095,0.789000015258789,980.5,25.0,0.0,0.0,0.980999984741211,1,46.5,6.6,1200.0,1.5,3.5,12,9.8100004196167,98.0999984741211,11.984000244140624,0.0,1200.0,True,True,True,True,True,True,True,True,True,True,True,True,True,True,True,True,False,False,False,False,False,False,False
11659413,STATE_PREFLIGHT,12.4,0.05,0.1,0.45,0.0,0.0,0.09810000419616699,0.0010000000149011613,0.0020000000298023225,0.0030000001192092896,0.12300000190734864,0.45599998474121095,0.789000015258789,980.5,25.0,0.0,0.0,0.980999984741211,1,46.5,6.6,1200.0,1.5,3.5,12,9.8100004196167,98.0999984741211,11.984000244140624,0.0,1200.0,True,True,True,True,True,True,True,True,True,True,True,True,True,True,True,True,False,False,False,False,False,False,False
11659924,STATE_PREFLIGHT,12.4,0.05,0.1,0.45,0.0,0.0,0.09810000419616699,0.0010000000149011613,0.0020000000298023225,0.0030000001192092896,0.12300000190734864,0.45599998474121095,0.789000015258789,980.5,25.0,0.0,0.0,0.980999984741211,1,46.5,6.6,1200.0,1.5,3.5,12,9.8100004196167,98.0999984741211,11.984000244140624,0.0,1200.0,True,True,True,True,True,True,True,True,True,True,True,True,True,True,True,True,False,False,False,False,False,False,False
11660431,STATE_PREFLIGHT,12.4,0.05,0.1,0.45,0.0,0.0,0.09810000419616699,0.0010000000149011613,0.0020000000298023225,0.0030000001192092896,0.12300000190734864,0.45599998474121095,0.789000015258789,980.5,25.0,0.0,0.0,0.980999984741211,1,46.5,6.6,1200.0,1.5,3.5,12,9.8100004196167,98.0999984741211,11.984000244140624,0.0,1200.0,True,True,True,True,True,True,True,True,True,True,True,True,True,True,True,True,False,False,False,False,False,False,False
11660935,STATE_PREFLIGHT,12.4,0.05,0.1,0.45,0.0,0.0,0.09810000419616699,0.0010000000149011613,0.0020000000298023225,0.0030000001192092896,0.12300000190734864,0.45599998474121095,0.789000015258789,980.5,25.0,0.0,0.0,0.980999984741211,1,46.5,6.6,1200.0,1.5,3.5,12,9.8100004196167,98.0999984741211,11.984000244140624,0.0,1200.0,True,True,True,True,True,True,True,True,True,True,True,True,True,True,True,True,False,False,False,False,False,False,False
11661447,STATE_PREFLIGHT,12.4,0.05,0.1,0.45,0.0,0.0,0.09810000419616699,0.0010000000149011613,0.0020000000298023225,0.0030000001192092896,0.12300000190734864,0.45599998474121095,0.789000015258789,980.5,25.0,0.0,0.0,0.980999984741211,1,46.5,6.6,1200.0,1.5,3.5,12,9.8100004196167,98.0999984741211,11.984000244140624,0.0,1200.0,True,True,True,True,True,True,True,True,True,True,True,True,True,True,True,True,False,False,False,False,False,False,False
11661956,STATE_PREFLIGHT,12.4,0.05,0.1,0.45,0.0,0.0,0.09810000419616699,0.0010000000149011613,0.0020000000298023225,0.0030000001192092896,0.12300000190734864,0.45599998474121095,0.789000015258789,980.5,25.0,0.0,0.0,0.980999984741211,1,46.5,6.6,1200.0,1.5,3.5,12,9.8100004196167,98.0999984741211,11.984000244140624,0.0,1200.0,True,True,True,True,True,True,True,True,True,True,True,True,True,True,True,True,False,False,False,False,False,False,False
11662463,STATE_PREFLIGHT,12.4,0.05,0.1,0.45,0.0,0.0,0.09810000419616699,0.0010000000149011613,0.0020000000298023225,0.0030000001192092896,0.12300000190734864,0.45599998474121095,0.789000015258789,980.5,25.0,0.0,0.0,0.980999984741211,1,46.5,6.6,1200.0,1.5,3.5,12,9.8100004196167,98.0999984741211,11.984000244140624,0.0,1200.0,True,True,True,True,True,True,True,True,True,True,True,True,True,True,True,True,False,False,False,False,False,False,False
11662974,STATE_PREFLIGHT,12.4,0.05,0.1,0.45,0.0,0.0,0.09810000419616699,0.0010000000149011613,0.0020000000298023225,0.0030000001192092896,0.12300000190734864,0.45599998474121095,0.789000015258789,980.5,25.0,0.0,0.0,0.980999984741211,1,46.5,6.6,1200.0,1.5,3.5,12,9.8100004196167,98.0999984741211,11.984000244140624,0.0,1200.0,True,True,True,True,True,True,True,True,True,True,True,True,True,True,True,True,False,False,False,False,False,False,False
11663486,STATE_PREFLIGHT,12.4,0.05,0.1,0.45,0.0,0.0,0.09810000419616699,0.0010000000149011613,0.0020000000298023225,0.0030000001192092896,0.12300000190734864,0.45599998474121095,0.789000015258789,980.5,25.0,0.0,0.0,0.980999984741211,1,46.5,6.6,1200.0,1.5,3.5,12,9.8100004196167,98.0999984741211,11.984000244140624,0.0,1200.0,True,True,True,True,True,True,True,True,True,True,True,True,True,True,True,True,False,False,False,False,False,False,False
11663997,STATE_PREFLIGHT,12.4,0.05,0.1,0.45,0.0,0.0,0.09810000419616699,0.0010000000149011613,0.0020000000298023225,0.0030000001192092896,0.12300000190734864,0.45599998474121095,0.789000015258789,980.5,25.0,0.0,0.0,0.980999984741211,1,46.5,6.6,1200.0,1.5,3.5,12,9.8100004196167,98.0999984741211,11.984000244140624,0.0,1200.0,True,True,True,True,True,True,True,True,True,True,True,True,True,True,True,True,False,False,False,False,False,False,False
11664506,STATE_PREFLIGHT,12.4,0.05,0.1,0.45,0.0,0.0,0.09810000419616699,0.0010000000149011613,0.0020000000298023225,0.0030000001192092896,0.12300000190734864,0.45599998474121095,0.789000015258789,980.5,25.0,0.0,0.0,0.980999984741211,1,46.5,6.6,1200.0,1.5,3.5,12,9.8100004196167,98.0999984741211,11.984000244140624,0.0,1200.0,True,True,True,True,True,True,True,True,True,True,True,True,True,True,True,True,False,False,False,False,False,False,False
11665017,STATE_PREFLIGHT,12.4,0.05,0.1,0.45,0.0,0.0,0.09810000419616699,0.0010000000149011613,0.0020000000298023225,0.0030000001192092896,0.12300000190734864,0.45599998474121095,0.789000015258789,980.5,25.0,0.0,0.0,0.980999984741211,1,46.5,6.6,1200.0,1.5,3.5,12,9.8100004196167,98.0999984741211,11.984000244140624,0.0,1200.0,True,True,True,True,True,True,True,True,True,True,True,True,True,True,True,True,False,False,False,False,False,False,False
11665524,STATE_PREFLIGHT,12.4,0.05,0.1,0.45,0.0,0.0,0.09810000419616699,0.0010000000149011613,0.0020000000298023225,0.0030000001192092896,0.12300000190734864,0.45599998474121095,0.789000015258789,980.5,25.0,0.0,0.0,0.980999984741211,1,46.5,6.6,1200.0,1.5,3.5,12,9.8100004196167,98.0999984741211,11.984000244140624,0.0,1200.0,True,True,True,True,True,True,True,True,True,True,True,True,True,True,True,True,False,False,False,False,False,False,False
11666032,STATE_PREFLIGHT,12.4,0.05,0.1,0.45,0.0,0.0,0.09810000419616699,0.0010000000149011613,0.0020000000298023225,0.0030000001192092896,0.12300000190734864,0.45599998474121095,0.789000015258789,980.5,25.0,0.0,0.0,0.980999984741211,1,46.5,6.6,1200.0,1.5,3.5,12,9.8100004196167,98.0999984741211,11.984000244140624,0.0,1200.0,True,True,True,True,True,True,True,True,True,True,True,True,True,True,True,True,False,False,False,False,False,False,False
11666543,STATE_PREFLIGHT,12.4,0.05,0.1,0.45,0.0,0.0,0.09810000419616699,0.0010000000149011613,0.0020000000298023225,0.0030000001192092896,0.12300000190734864,0.45599998474121095,0.789000015258789,980.5,25.0,0.0,0.0,0.980999984741211,1,46.5,6.6,1200.0,1.5,3.5,12,9.8100004196167,98.0999984741211,11.984000244140624,0.0,1200.0,True,True,True,True,True,True,True,True,True,True,True,True,True,True,True,True,False,False,False,False,False,False,False
11667047,STATE_PREFLIGHT,12.4,0.05,0.1,0.45,0.0,0.0,0.09810000419616699,0.0010000000149011613,0.0020000000298023225,0.0030000001192092896,0.12300000190734864,0.45599998474121095,0.789000015258789,980.5,25.0,0.0,0.0,0.980999984741211,1,46.5,6.6,1200.0,1.5,3.5,12,9.8100004196167,98.0999984741211,11.984000244140624,0.0,1200.0,True,True,True,True,True,True,True,True,True,True,True,True,True,True,True,True,False,False,False,False,False,False,False
11667554,STATE_PREFLIGHT,12.4,0.05,0.1,0.45,0.0,0.0,0.09810000419616699,0.0010000000149011613,0.0020000000298023225,0.0030000001192092896,0.12300000190734864,0.45599998474121095,0.789000015258789,980.5,25.0,0.0,0.0,0.980999984741211,1,46.5,6.6,1200.0,1.5,3.5,12,9.8100004196167,98.0999984741211,11.984000244140624,0.0,1200.0,True,True,True,True,True,True,True,True,True,True,True,True,True,True,True,True,False,False,False,False,False,False,False
11668066,STATE_PREFLIGHT,12.4,0.05,0.1,0.45,0.0,0.0,0.09810000419616699,0.0010000000149011613,0.0020000000298023225,0.0030000001192092896,0.12300000190734864,0.45599998474121095,0.789000015258789,980.5,25.0,0.0,0.0,0.980999984741211,1,46.5,6.6,1200.0,1.5,3.5,12,9.8100004196167,98.0999984741211,11.984000244140624,0.0,1200.0,True,True,True,True,True,True,True,True,True,True,True,True,True,True,True,True,False,False,False,False,False,False,False
11668577,STATE_PREFLIGHT,12.4,0.05,0.1,0.45,0.0,0.0,0.09810000419616699,0.0010000000149011613,0.0020000000298023225,0.0030000001192092896,0.12300000190734864,0.45599998474121095,0.789000015258789,980.5,25.0,0.0,0.0,0.980999984741211,1,46.5,6.6,1200.0,1.5,3.5,12,9.8100004196167,98.0999984741211,11.984000244140624,0.0,1200.0,True,True,True,True,True,True,True,True,True,True,True,True,True,True,True,True,False,False,False,False,False,False,False
11669087,STATE_PREFLIGHT,12.4,0.05,0.1,0.45,0.0,0.0,0.09810000419616699,0.0010000000149011613,0.0020000000298023225,0.0030000001192092896,0.12300000190734864,0.45599998474121095,0.789000015258789,980.5,25.0,0.0,0.0,0.980999984741211,1,46.5,6.6,1200.0,1.5,3.5,12,9.8100004196167,98.0999984741211,11.984000244140624,0.0,1200.0,True,True,True,True,True,True,True,True,True,True,True,True,True,True,True,True,False,False,False,False,False,False,False
11669590,STATE_PREFLIGHT,12.4,0.05,0.1,0.45,0.0,0.0,0.09810000419616699,0.0010000000149011613,0.0020000000298023225,0.0030000001192092896,0.12300000190734864,0.45599998474121095,0.789000015258789,980.5,25.0,0.0,0.0,0.980999984741211,1,46.5,6.6,1200.0,1.5,3.5,12,9.8100004196167,98.0999984741211,11.984000244140624,0.0,1200.0,True,True,True,True,True,True,True,True,True,True,True,True,True,True,True,True,False,False,False,False,False,False,False
11670100,STATE_PREFLIGHT,12.4,0.05,0.1,0.45,0.0,0.0,0.09810000419616699,0.0010000000149011613,0.0020000000298023225,0.0030000001192092896,0.12300000190734864,0.45599998474121095,0.789000015258789,980.5,25.0,0.0,0.0,0.980999984741211,1,46.5,6.6,1200.0,1.5,3.5,12,9.8100004196167,98.0999984741211,11.984000244140624,0.0,1200.0,True,True,True,True,True,True,True,True,True,True,True,True,True,True,True,True,False,False,False,False,False,False,False
11670609,STATE_PREFLIGHT,12.4,0.05,0.1,0.45,0.0,0.0,0.09810000419616699,0.0010000000149011613,0.0020000000298023225,0.0030000001192092896,0.12300000190734864,0.45599998474121095,0.789000015258789,980.5,25.0,0.0,0.0,0.980999984741211,1,46.5,6.6,1200.0,1.5,3.5,12,9.8100004196167,98.0999984741211,11.984000244140624,0.0,1200.0,True,True,True,True,True,True,True,True,True,True,True,True,True,True,True,True,False,False,False,False,False,False,False
11671114,STATE_PREFLIGHT,12.4,0.05,0.1,0.45,0.0,0.0,0.09810000419616699,0.0010000000149011613,0.0020000000298023225,0.0030000001192092896,0.12300000190734864,0.45599998474121095,0.789000015258789,980.5,25.0,0.0,0.0,0.980999984741211,1,46.5,6.6,1200.0,1.5,3.5,12,9.8100004196167,98.0999984741211,11.984000244140624,0.0,1200.0,True,True,True,True,True,True,True,True,True,True,True,True,True,True,True,True,False,False,False,False,False,False,False
11671617,STATE_PREFLIGHT,12.4,0.05,0.1,0.45,0.0,0.0,0.09810000419616699,0.0010000000149011613,0.0020000000298023225,0.0030000001192092896,0.12300000190734864,0.45599998474121095,0.789000015258789,980.5,25.0,0.0,0.0,0.980999984741211,1,46.5,6.6,1200.0,1.5,3.5,12,9.8100004196167,98.0999984741211,11.984000244140624,0.0,1200.0,True,True,True,True,True,True,True,True,True,True,True,True,True,True,True,True,False,False,False,False,False,False,False
11672127,STATE_PREFLIGHT,12.4,0.05,0.1,0.45,0.0,0.0,0.09810000419616699,0.0010000000149011613,0.0020000000298023225,0.0030000001192092896,0.12300000190734864,0.45599998474121095,0.789000015258789,980.5,25.0,0.0,0.0,0.980999984741211,1,46.5,6.6,1200.0,1.5,3.5,12,9.8100004196167,98.0999984741211,11.984000244140624,0.0,1200.0,True,True,True,True,True,True,True,True,True,True,True,True,True,True,True,True,False,False,False,False,False,False,False
11672634,STATE_PREFLIGHT,12.4,0.05,0.1,0.45,0.0,0.0,0.09810000419616699,0.0010000000149011613,0.0020000000298023225,0.0030000001192092896,0.12300000190734864,0.45599998474121095,0.789000015258789,980.5,25.0,0.0,0.0,0.980999984741211,1,46.5,6.6,1200.0,1.5,3.5,12,9.8100004196167,98.0999984741211,11.984000244140624,0.0,1200.0,True,True,True,True,True,True,True,True,True,True,True,True,True,True,True,True,False,False,False,False,False,False,False
11673140,STATE_PREFLIGHT,12.4,0.05,0.1,0.45,0.0,0.0,0.09810000419616699,0.0010000000149011613,0.0020000000298023225,0.0030000001192092896,0.12300000190734864,0.45599998474121095,0.789000015258789,980.5,25.0,0.0,0.0,0.980999984741211,1,46.5,6.6,1200.0,1.5,3.5,12,9.8100004196167,98.0999984741211,11.984000244140624,0.0,1200.0,True,True,True,True,True,True,True,True,True,True,True,True,True,True,True,True,False,False,False,False,False,False,False
11673646,STATE_PREFLIGHT,12.4,0.05,0.1,0.45,0.0,0.0,0.09810000419616699,0.0010000000149011613,0.0020000000298023225,0.0030000001192092896,0.12300000190734864,0.45599998474121095,0.789000015258789,980.5,25.0,0.0,0.0,0.980999984741211,1,46.5,6.6,1200.0,1.5,3.5,12,9.8100004196167,98.0999984741211,11.984000244140624,0.0,1200.0,True,True,True,True,True,True,True,True,True,True,True,True,True,True,True,True,False,False,False,False,False,False,False
11674157,STATE_PREFLIGHT,12.4,0.05,0.1,0.45,0.0,0.0,0.09810000419616699,0.0010000000149011613,0.0020000000298023225,0.0030000001192092896,0.12300000190734864,0.45599998474121095,0.789000015258789,980.5,25.0,0.0,0.0,0.980999984741211,1,46.5,6.6,1200.0,1.5,3.5,12,9.8100004196167,98.0999984741211,11.984000244140624,0.0,1200.0,True,True,True,True,True,True,True,True,True,True,True,True,True,True,True,True,False,False,False,False,False,False,False
11674662,STATE_PREFLIGHT,12.4,0.05,0.1,0.45,0.0,0.0,0.09810000419616699,0.0010000000149011613,0.0020000000298023225,0.0030000001192092896,0.12300000190734864,0.45599998474121095,0.789000015258789,980.5,25.0,0.0,0.0,0.980999984741211,1,46.5,6.6,1200.0,1.5,3.5,12,9.8100004196167,98.0999984741211,11.984000244140624,0.0,1200.0,True,True,True,True,True,True,True,True,True,True,True,True,True,True,True,True,False,False,False,False,False,False,False
11675171,STATE_PREFLIGHT,12.4,0.05,0.1,0.45,0.0,0.0,0.09810000419616699,0.0010000000149011613,0.0020000000298023225,0.0030000001192092896,0.12300000190734864,0.45599998474121095,0.789000015258789,980.5,25.0,0.0,0.0,0.980999984741211,1,46.5,6.6,1200.0,1.5,3.5,12,9.8100004196167,98.0999984741211,11.984000244140624,0.0,1200.0,True,True,True,True,True,True,True,True,True,True,True,True,True,True,True,True,False,False,False,False,False,False,False
11675681,STATE_PREFLIGHT,12.4,0.05,0.1,0.45,0.0,0.0,0.09810000419616699,0.0010000000149011613,0.0020000000298023225,0.0030000001192092896,0.12300000190734864,0.45599998474121095,0.789000015258789,980.5,25.0,0.0,0.0,0.980999984741211,1,46.5,6.6,1200.0,1.5,3.5,12,9.8100004196167,98.0999984741211,11.984000244140624,0.0,1200.0,True,True,True,True,True,True,True,True,True,True,True,True,True,True,True,True,False,False,False,False,False,False,False
11676192,STATE_PREFLIGHT,12.4,0.05,0.1,0.45,0.0,0.0,0.09810000419616699,0.0010000000149011613,0.0020000000298023225,0.0030000001192092896,0.12300000190734864,0.45599998474121095,0.789000015258789,980.5,25.0,0.0,0.0,0.980999984741211,1,46.5,6.6,1200.0,1.5,3.5,12,9.8100004196167,98.0999984741211,11.984000244140624,0.0,1200.0,True,True,True,True,True,True,True,True,True,True,True,True,True,True,True,True,False,False,False,False,False,False,False
11676702,STATE_PREFLIGHT,12.4,0.05,0.1,0.45,0.0,0.0,0.09810000419616699,0.0010000000149011613,0.0020000000298023225,0.0030000001192092896,0.12300000190734864,0.45599998474121095,0.789000015258789,980.5,25.0,0.0,0.0,0.980999984741211,1,46.5,6.6,1200.0,1.5,3.5,12,9.8100004196167,98.0999984741211,11.984000244140624,0.0,1200.0,True,True,True,True,True,True,True,True,True,True,True,True,True,True,True,True,False,False,False,False,False,False,False
11677207,STATE_PREFLIGHT,12.4,0.05,0.1,0.45,0.0,0.0,0.09810000419616699,0.0010000000149011613,0.0020000000298023225,0.0030000001192092896,0.12300000190734864,0.45599998474121095,0.789000015258789,980.5,25.0,0.0,0.0,0.980999984741211,1,46.5,6.6,1200.0,1.5,3.5,12,9.8100004196167,98.0999984741211,11.984000244140624,0.0,1200.0,True,True,True,True,True,True,True,True,True,True,True,True,True,True,True,True,False,False,False,False,False,False,False
11677716,STATE_PREFLIGHT,12.4,0.05,0.1,0.45,0.0,0.0,0.09810000419616699,0.0010000000149011613,0.0020000000298023225,0.0030000001192092896,0.12300000190734864,0.45599998474121095,0.789000015258789,980.5,25.0,0.0,0.0,0.980999984741211,1,46.5,6.6,1200.0,1.5,3.5,12,9.8100004196167,98.0999984741211,11.984000244140624,0.0,1200.0,True,True,True,True,True,True,True,True,True,True,True,True,True,True,True,True,False,False,False,False,False,False,False
11678223,STATE_PREFLIGHT,12.4,0.05,0.1,0.45,0.0,0.0,0.09810000419616699,0.0010000000149011613,0.0020000000298023225,0.0030000001192092896,0.12300000190734864,0.45599998474121095,0.789000015258789,980.5,25.0,0.0,0.0,0.980999984741211,1,46.5,6.6,1200.0,1.5,3.5,12,9.8100004196167,98.0999984741211,11.984000244140624,0.0,1200.0,True,True,True,True,True,True,True,True,True,True,True,True,True,True,True,True,False,False,False,False,False,False,False
11678730,STATE_PREFLIGHT,12.4,0.05,0.1,0.45,0.0,0.0,0.09810000419616699,0.0010000000149011613,0.0020000000298023225,0.0030000001192092896,0.12300000190734864,0.45599998474121095,0.789000015258789,980.5,25.0,0.0,0.0,0.980999984741211,1,46.5,6.6,1200.0,1.5,3.5,12,9.8100004196167,98.0999984741211,11.984000244140624,0.0,1200.0,True,True,True,True,True,True,True,True,True,True,True,True,True,True,True,True,False,False,False,False,False,False,False
11679235,STATE_PREFLIGHT,12.4,0.05,0.1,0.45,0.0,0.0,0.09810000419616699,0.0010000000149011613,0.0020000000298023225,0.0030000001192092896,0.12300000190734864,0.45599998474121095,0.789000015258789,980.5,25.0,0.0,0.0,0.980999984741211,1,46.5,6.6,1200.0,1.5,3.5,12,9.8100004196167,98.0999984741211,11.984000244140624,0.0,1200.0,True,True,True,True,True,True,True,True,True,True,True,True,True,True,True,True,False,False,False,False,False,False,False
11679741,STATE_PREFLIGHT,12.4,0.05,0.1,0.45,0.0,0.0,0.09810000419616699,0.0010000000149011613,0.0020000000298023225,0.0030000001192092896,0.12300000190734864,0.45599998474121095,0.789000015258789,980.5,25.0,0.0,0.0,0.980999984741211,1,46.5,6.6,1200.0,1.5,3.5,12,9.8100004196167,98.0999984741211,11.984000244140624,0.0,1200.0,True,True,True,True,True,True,True,True,True,True,True,True,True,True,True,True,False,False,False,False,False,False,False
11680252,STATE_PREFLIGHT,12.4,0.05,0.1,0.45,0.0,0.0,0.09810000419616699,0.0010000000149011613,0.0020000000298023225,0.0030000001192092896,0.12300000190734864,0.45599998474121095,0.789000015258789,980.5,25.0,0.0,0.0,0.980999984741211,1,46.5,6.6,1200.0,1.5,3.5,12,9.8100004196167,98.0999984741211,11.984000244140624,0.0,1200.0,True,True,True,True,True,True,True,True,True,True,True,True,True,True,True,True,False,False,False,False,False,False,False
11680763,STATE_PREFLIGHT,12.4,0.05,0.1,0.45,0.0,0.0,0.09810000419616699,0.0010000000149011613,0.0020000000298023225,0.0030000001192092896,0.12300000190734864,0.45599998474121095,0.789000015258789,980.5,25.0,0.0,0.0,0.980999984741211,1,46.5,6.6,1200.0,1.5,3.5,12,9.8100004196167,98.0999984741211,11.984000244140624,0.0,1200.0,True,True,True,True,True,True,True,True,True,True,True,True,True,True,True,True,False,False,False,False,False,False,False
11681274,STATE_PREFLIGHT,12.4,0.05,0.1,0.45,0.0,0.0,0.09810000419616699,0.0010000000149011613,0.0020000000298023225,0.0030000001192092896,0.12300000190734864,0.45599998474121095,0.789000015258789,980.5,25.0,0.0,0.0,0.980999984741211,1,46.5,6.6,1200.0,1.5,3.5,12,9.8100004196167,98.0999984741211,11.984000244140624,0.0,1200.0,True,True,True,True,True,True,True,True,True,True,True,True,True,True,True,True,False,False,False,False,False,False,False
11681780,STATE_PREFLIGHT,12.4,0.05,0.1,0.45,0.0,0.0,0.09810000419616699,0.0010000000149011613,0.0020000000298023225,0.0030000001192092896,0.12300000190734864,0.45599998474121095,0.789000015258789,980.5,25.0,0.0,0.0,0.980999984741211,1,46.5,6.6,1200.0,1.5,3.5,12,9.8100004196167,98.0999984741211,11.984000244140624,0.0,1200.0,True,True,True,True,True,True,True,True,True,True,True,True,True,True,True,True,False,False,False,False,False,False,False
11682287,STATE_PREFLIGHT,12.4,0.05,0.1,0.45,0.0,0.0,0.09810000419616699,0.0010000000149011613,0.0020000000298023225,0.0030000001192092896,0.12300000190734864,0.45599998474121095,0.789000015258789,980.5,25.0,0.0,0.0,0.980999984741211,1,46.5,6.6,1200.0,1.5,3.5,12,9.8100004196167,98.0999984741211,11.984000244140624,0.0,1200.0,True,True,True,True,True,True,True,True,True,True,True,True,True,True,True,True,False,False,False,False,False,False,False
11682797,STATE_PREFLIGHT,12.4,0.05,0.1,0.45,0.0,0.0,0.09810000419616699,0.0010000000149011613,0.0020000000298023225,0.0030000001192092896,0.12300000190734864,0.45599998474121095,0.789000015258789,980.5,25.0,0.0,0.0,0.980999984741211,1,46.5,6.6,1200.0,1.5,3.5,12,9.8100004196167,98.0999984741211,11.984000244140624,0.0,1200.0,True,True,True,True,True,True,True,True,True,True,True,True,True,True,True,True,False,False,False,False,False,False,False
11683343,STATE_PREFLIGHT,12.4,0.05,0.1,0.45,0.0,0.0,0.09810000419616699,0.0010000000149011613,0.0020000000298023225,0.0030000001192092896,0.12300000190734864,0.45599998474121095,0.789000015258789,980.5,25.0,0.0,0.0,0.980999984741211,1,46.5,6.6,1200.0,1.5,3.5,12,9.8100004196167,98.0999984741211,11.984000244140624,0.0,1200.0,True,True,True,True,True,True,True,True,True,True,True,True,True,True,True,True,False,False,False,False,False,False,False
11683854,STATE_PREFLIGHT,12.4,0.05,0.1,0.45,0.0,0.0,0.09810000419616699,0.0010000000149011613,0.0020000000298023225,0.0030000001192092896,0.12300000190734864,0.45599998474121095,0.789000015258789,980.5,25.0,0.0,0.0,0.980999984741211,1,46.5,6.6,1200.0,1.5,3.5,12,9.8100004196167,98.0999984741211,11.984000244140624,0.0,1200.0,True,True,True,True,True,True,True,True,True,True,True,True,True,True,True,True,False,False,False,False,False,False,False
11684362,STATE_PREFLIGHT,12.4,0.05,0.1,0.45,0.0,0.0,0.09810000419616699,0.0010000000149011613,0.0020000000298023225,0.0030000001192092896,0.12300000190734864,0.45599998474121095,0.789000015258789,980.5,25.0,0.0,0.0,0.980999984741211,1,46.5,6.6,1200.0,1.5,3.5,12,9.8100004196167,98.0999984741211,11.984000244140624,0.0,1200.0,True,True,True,True,True,True,True,True,True,True,True,True,True,True,True,True,False,False,False,False,False,False,False
11684869,STATE_PREFLIGHT,12.4,0.05,0.1,0.45,0.0,0.0,0.09810000419616699,0.0010000000149011613,0.0020000000298023225,0.0030000001192092896,0.12300000190734864,0.45599998474121095,0.789000015258789,980.5,25.0,0.0,0.0,0.980999984741211,1,46.5,6.6,1200.0,1.5,3.5,12,9.8100004196167,98.0999984741211,11.984000244140624,0.0,1200.0,True,True,True,True,True,True,True,True,True,True,True,True,True,True,True,True,False,False,False,False,False,False,False
11685379,STATE_PREFLIGHT,12.4,0.05,0.1,0.45,0.0,0.0,0.09810000419616699,0.0010000000149011613,0.0020000000298023225,0.0030000001192092896,0.12300000190734864,0.45599998474121095,0.789000015258789,980.5,25.0,0.0,0.0,0.980999984741211,1,46.5,6.6,1200.0,1.5,3.5,12,9.8100004196167,98.0999984741211,11.984000244140624,0.0,1200.0,True,True,True,True,True,True,True,True,True,True,True,True,True,True,True,True,False,False,False,False,False,False,False
11685887,STATE_PREFLIGHT,12.4,0.05,0.1,0.45,0.0,0.0,0.09810000419616699,0.0010000000149011613,0.0020000000298023225,0.0030000001192092896,0.12300000190734864,0.45599998474121095,0.789000015258789,980.5,25.0,0.0,0.0,0.980999984741211,1,46.5,6.6,1200.0,1.5,3.5,12,9.8100004196167,98.0999984741211,11.984000244140624,0.0,1200.0,True,True,True,True,True,True,True,True,True,True,True,True,True,True,True,True,False,False,False,False,False,False,False
11686399,STATE_PREFLIGHT,12.4,0.05,0.1,0.45,0.0,0.0,0.09810000419616699,0.0010000000149011613,0.0020000000298023225,0.0030000001192092896,0.12300000190734864,0.45599998474121095,0.789000015258789,980.5,25.0,0.0,0.0,0.980999984741211,1,46.5,6.6,1200.0,1.5,3.5,12,9.8100004196167,98.0999984741211,11.984000244140624,0.0,1200.0,True,True,True,True,True,True,True,True,True,True,True,True,True,True,True,True,False,False,False,False,False,False,False
11686906,STATE_PREFLIGHT,12.4,0.05,0.1,0.45,0.0,0.0,0.09810000419616699,0.0010000000149011613,0.0020000000298023225,0.0030000001192092896,0.12300000190734864,0.45599998474121095,0.789000015258789,980.5,25.0,0.0,0.0,0.980999984741211,1,46.5,6.6,1200.0,1.5,3.5,12,9.8100004196167,98.0999984741211,11.984000244140624,0.0,1200.0,True,True,True,True,True,True,True,True,True,True,True,True,True,True,True,True,False,False,False,False,False,False,False
11687418,STATE_PREFLIGHT,12.4,0.05,0.1,0.45,0.0,0.0,0.09810000419616699,0.0010000000149011613,0.0020000000298023225,0.0030000001192092896,0.12300000190734864,0.45599998474121095,0.789000015258789,980.5,25.0,0.0,0.0,0.980999984741211,1,46.5,6.6,1200.0,1.5,3.5,12,9.8100004196167,98.0999984741211,11.984000244140624,0.0,1200.0,True,True,True,True,True,True,True,True,True,True,True,True,True,True,True,True,False,False,False,False,False,False,False
11687928,STATE_PREFLIGHT,12.4,0.05,0.1,0.45,0.0,0.0,0.09810000419616699,0.0010000000149011613,0.0020000000298023225,0.0030000001192092896,0.12300000190734864,0.45599998474121095,0.789000015258789,980.5,25.0,0.0,0.0,0.980999984741211,1,46.5,6.6,1200.0,1.5,3.5,12,9.8100004196167,98.0999984741211,11.984000244140624,0.0,1200.0,True,True,True,True,True,True,True,True,True,True,True,True,True,True,True,True,False,False,False,False,False,False,False
11688439,STATE_PREFLIGHT,12.4,0.05,0.1,0.45,0.0,0.0,0.09810000419616699,0.0010000000149011613,0.0020000000298023225,0.0030000001192092896,0.12300000190734864,0.45599998474121095,0.789000015258789,980.5,25.0,0.0,0.0,0.980999984741211,1,46.5,6.6,1200.0,1.5,3.5,12,9.8100004196167,98.0999984741211,11.984000244140624,0.0,1200.0,True,True,True,True,True,True,True,True,True,True,True,True,True,True,True,True,False,False,False,False,False,False,False
11688947,STATE_PREFLIGHT,12.4,0.05,0.1,0.45,0.0,0.0,0.09810000419616699,0.0010000000149011613,0.0020000000298023225,0.0030000001192092896,0.12300000190734864,0.45599998474121095,0.789000015258789,980.5,25.0,0.0,0.0,0.980999984741211,1,46.5,6.6,1200.0,1.5,3.5,12,9.8100004196167,98.0999984741211,11.984000244140624,0.0,1200.0,True,True,True,True,True,True,True,True,True,True,True,True,True,True,True,True,False,False,False,False,False,False,False
11689451,STATE_PREFLIGHT,12.4,0.05,0.1,0.45,0.0,0.0,0.09810000419616699,0.0010000000149011613,0.0020000000298023225,0.0030000001192092896,0.12300000190734864,0.45599998474121095,0.789000015258789,980.5,25.0,0.0,0.0,0.980999984741211,1,46.5,6.6,1200.0,1.5,3.5,12,9.8100004196167,98.0999984741211,11.984000244140624,0.0,1200.0,True,True,True,True,True,True,True,True,True,True,True,True,True,True,True,True,False,False,False,False,False,False,False
11689957,STATE_PREFLIGHT,12.4,0.05,0.1,0.45,0.0,0.0,0.09810000419616699,0.0010000000149011613,0.0020000000298023225,0.0030000001192092896,0.12300000190734864,0.45599998474121095,0.789000015258789,980.5,25.0,0.0,0.0,0.980999984741211,1,46.5,6.6,1200.0,1.5,3.5,12,9.8100004196167,98.0999984741211,11.984000244140624,0.0,1200.0,True,True,True,True,True,True,True,True,True,True,True,True,True,True,True,True,False,False,False,False,False,False,False
11690465,STATE_PREFLIGHT,12.4,0.05,0.1,0.45,0.0,0.0,0.09810000419616699,0.0010000000149011613,0.0020000000298023225,0.0030000001192092896,0.12300000190734864,0.45599998474121095,0.789000015258789,980.5,25.0,0.0,0.0,0.980999984741211,1,46.5,6.6,1200.0,1.5,3.5,12,9.8100004196167,98.0999984741211,11.984000244140624,0.0,1200.0,True,True,True,True,True,True,True,True,True,True,True,True,True,True,True,True,False,False,False,False,False,False,False
11690970,STATE_PREFLIGHT,12.4,0.05,0.1,0.45,0.0,0.0,0.09810000419616699,0.0010000000149011613,0.0020000000298023225,0.0030000001192092896,0.12300000190734864,0.45599998474121095,0.789000015258789,980.5,25.0,0.0,0.0,0.980999984741211,1,46.5,6.6,1200.0,1.5,3.5,12,9.8100004196167,98.0999984741211,11.984000244140624,0.0,1200.0,True,True,True,True,True,True,True,True,True,True,True,True,True,True,True,True,False,False,False,False,False,False,False
11691478,STATE_PREFLIGHT,12.4,0.05,0.1,0.45,0.0,0.0,0.09810000419616699,0.0010000000149011613,0.0020000000298023225,0.0030000001192092896,0.12300000190734864,0.45599998474121095,0.789000015258789,980.5,25.0,0.0,0.0,0.980999984741211,1,46.5,6.6,1200.0,1.5,3.5,12,9.8100004196167,98.0999984741211,11.984000244140624,0.0,1200.0,True,True,True,True,True,True,True,True,True,True,True,True,True,True,True,True,False,False,False,False,False,False,False
11691988,STATE_PREFLIGHT,12.4,0.05,0.1,0.45,0.0,0.0,0.09810000419616699,0.0010000000149011613,0.0020000000298023225,0.0030000001192092896,0.12300000190734864,0.45599998474121095,0.789000015258789,980.5,25.0,0.0,0.0,0.980999984741211,1,46.5,6.6,1200.0,1.5,3.5,12,9.8100004196167,98.0999984741211,11.984000244140624,0.0,1200.0,True,True,True,True,True,True,True,True,True,True,True,True,True,True,True,True,False,False,False,False,False,False,False
11692498,STATE_PREFLIGHT,12.4,0.05,0.1,0.45,0.0,0.0,0.09810000419616699,0.0010000000149011613,0.0020000000298023225,0.0030000001192092896,0.12300000190734864,0.45599998474121095,0.789000015258789,980.5,25.0,0.0,0.0,0.980999984741211,1,46.5,6.6,1200.0,1.5,3.5,12,9.8100004196167,98.0999984741211,11.984000244140624,0.0,1200.0,True,True,True,True,True,True,True,True,True,True,True,True,True,True,True,True,False,False,False,False,False,False,False
11693007,STATE_PREFLIGHT,12.4,0.05,0.1,0.45,0.0,0.0,0.09810000419616699,0.0010000000149011613,0.0020000000298023225,0.0030000001192092896,0.12300000190734864,0.45599998474121095,0.789000015258789,980.5,25.0,0.0,0.0,0.980999984741211,1,46.5,6.6,1200.0,1.5,3.5,12,9.8100004196167,98.0999984741211,11.984000244140624,0.0,1200.0,True,True,True,True,True,True,True,True,True,True,True,True,True,True,True,True,False,False,False,False,False,False,False
11693514,STATE_PREFLIGHT,12.4,0.05,0.1,0.45,0.0,0.0,0.09810000419616699,0.0010000000149011613,0.0020000000298023225,0.0030000001192092896,0.12300000190734864,0.45599998474121095,0.789000015258789,980.5,25.0,0.0,0.0,0.980999984741211,1,46.5,6.6,1200.0,1.5,3.5,12,9.8100004196167,98.0999984741211,11.984000244140624,0.0,1200.0,True,True,True,True,True,True,True,True,True,True,True,True,True,True,True,True,False,False,False,False,False,False,False
11694025,STATE_PREFLIGHT,12.4,0.05,0.1,0.45,0.0,0.0,0.09810000419616699,0.0010000000149011613,0.0020000000298023225,0.0030000001192092896,0.12300000190734864,0.45599998474121095,0.789000015258789,980.5,25.0,0.0,0.0,0.980999984741211,1,46.5,6.6,1200.0,1.5,3.5,12,9.8100004196167,98.0999984741211,11.984000244140624,0.0,1200.0,True,True,True,True,True,True,True,True,True,True,True,True,True,True,True,True,False,False,False,False,False,False,False
11694532,STATE_PREFLIGHT,12.4,0.05,0.1,0.45,0.0,0.0,0.09810000419616699,0.0010000000149011613,0.0020000000298023225,0.0030000001192092896,0.12300000190734864,0.45599998474121095,0.789000015258789,980.5,25.0,0.0,0.0,0.980999984741211,1,46.5,6.6,1200.0,1.5,3.5,12,9.8100004196167,98.0999984741211,11.984000244140624,0.0,1200.0,True,True,True,True,True,True,True,True,True,True,True,True,True,True,True,True,False,False,False,False,False,False,False
11695039,STATE_PREFLIGHT,12.4,0.05,0.1,0.45,0.0,0.0,0.09810000419616699,0.0010000000149011613,0.0020000000298023225,0.0030000001192092896,0.12300000190734864,0.45599998474121095,0.789000015258789,980.5,25.0,0.0,0.0,0.980999984741211,1,46.5,6.6,1200.0,1.5,3.5,12,9.8100004196167,98.0999984741211,11.984000244140624,0.0,1200.0,True,True,True,True,True,True,True,True,True,True,True,True,True,True,True,True,False,False,False,False,False,False,False
11695547,STATE_PREFLIGHT,12.4,0.05,0.1,0.45,0.0,0.0,0.09810000419616699,0.0010000000149011613,0.0020000000298023225,0.0030000001192092896,0.12300000190734864,0.45599998474121095,0.789000015258789,980.5,25.0,0.0,0.0,0.980999984741211,1,46.5,6.6,1200.0,1.5,3.5,12,9.8100004196167,98.0999984741211,11.984000244140624,0.0,1200.0,True,True,True,True,True,True,True,True,True,True,True,True,True,True,True,True,False,False,False,False,False,False,False
11696057,STATE_PREFLIGHT,12.4,0.05,0.1,0.45,0.0,0.0,0.09810000419616699,0.0010000000149011613,0.0020000000298023225,0.0030000001192092896,0.12300000190734864,0.45599998474121095,0.789000015258789,980.5,25.0,0.0,0.0,0.980999984741211,1,46.5,6.6,1200.0,1.5,3.5,12,9.8100004196167,98.0999984741211,11.984000244140624,0.0,1200.0,True,True,True,True,True,True,True,True,True,True,True,True,True,True,True,True,False,False,False,False,False,False,False
11696568,STATE_PREFLIGHT,12.4,0.05,0.1,0.45,0.0,0.0,0.09810000419616699,0.0010000000149011613,0.0020000000298023225,0.0030000001192092896,0.12300000190734864,0.45599998474121095,0.789000015258789,980.5,25.0,0.0,0.0,0.980999984741211,1,46.5,6.6,1200.0,1.5,3.5,12,9.8100004196167,98.0999984741211,11.984000244140624,0.0,1200.0,True,True,True,True,True,True,True,True,True,True,True,True,True,True,True,True,False,False,False,False,False,False,False
11697077,STATE_PREFLIGHT,12.4,0.05,0.1,0.45,0.0,0.0,0.09810000419616699,0.0010000000149011613,0.0020000000298023225,0.0030000001192092896,0.12300000190734864,0.45599998474121095,0.789000015258789,980.5,25.0,0.0,0.0,0.980999984741211,1,46.5,6.6,1200.0,1.5,3.5,12,9.8100004196167,98.0999984741211,11.984000244140624,0.0,1200.0,True,True,True,True,True,True,True,True,True,True,True,True,True,True,True,True,False,False,False,False,False,False,False
11697583,STATE_PREFLIGHT,12.4,0.05,0.1,0.45,0.0,0.0,0.09810000419616699,0.0010000000149011613,0.0020000000298023225,0.0030000001192092896,0.12300000190734864,0.45599998474121095,0.789000015258789,980.5,25.0,0.0,0.0,0.980999984741211,1,46.5,6.6,1200.0,1.5,3.5,12,9.8100004196167,98.0999984741211,11.984000244140624,0.0,1200.0,True,True,True,True,True,True,True,True,True,True,True,True,True,True,True,True,False,False,False,False,False,False,False
11698094,STATE_PREFLIGHT,12.4,0.05,0.1,0.45,0.0,0.0,0.09810000419616699,0.0010000000149011613,0.0020000000298023225,0.0030000001192092896,0.12300000190734864,0.45599998474121095,0.789000015258789,980.5,25.0,0.0,0.0,0.980999984741211,1,46.5,6.6,1200.0,1.5,3.5,12,9.8100004196167,98.0999984741211,11.984000244140624,0.0,1200.0,True,True,True,True,True,True,True,True,True,True,True,True,True,True,True,True,False,False,False,False,False,False,False
11698602,STATE_PREFLIGHT,12.4,0.05,0.1,0.45,0.0,0.0,0.09810000419616699,0.0010000000149011613,0.0020000000298023225,0.0030000001192092896,0.12300000190734864,0.45599998474121095,0.789000015258789,980.5,25.0,0.0,0.0,0.980999984741211,1,46.5,6.6,1200.0,1.5,3.5,12,9.8100004196167,98.0999984741211,11.984000244140624,0.0,1200.0,True,True,True,True,True,True,True,True,True,True,True,True,True,True,True,True,False,False,False,False,False,False,False
11699112,STATE_PREFLIGHT,12.4,0.05,0.1,0.45,0.0,0.0,0.09810000419616699,0.0010000000149011613,0.0020000000298023225,0.0030000001192092896,0.12300000190734864,0.45599998474121095,0.789000015258789,980.5,25.0,0.0,0.0,0.980999984741211,1,46.5,6.6,1200.0,1.5,3.5,12,9.8100004196167,98.0999984741211,11.984000244140624,0.0,1200.0,True,True,True,True,True,True,True,True,True,True,True,True,True,True,True,True,False,False,False,False,False,False,False
11699622,STATE_PREFLIGHT,12.4,0.05,0.1,0.45,0.0,0.0,0.09810000419616699,0.0010000000149011613,0.0020000000298023225,0.0030000001192092896,0.12300000190734864,0.45599998474121095,0.789000015258789,980.5,25.0,0.0,0.0,0.980999984741211,1,46.5,6.6,1200.0,1.5,3.5,12,9.8100004196167,98.0999984741211,11.984000244140624,0.0,1200.0,True,True,True,True,True,True,True,True,True,True,True,True,True,True,True,True,False,False,False,False,False,False,False
11700132,STATE_PREFLIGHT,12.4,0.05,0.1,0.45,0.0,0.0,0.09810000419616699,0.0010000000149011613,0.0020000000298023225,0.0030000001192092896,0.12300000190734864,0.45599998474121095,0.789000015258789,980.5,25.0,0.0,0.0,0.980999984741211,1,46.5,6.6,1200.0,1.5,3.5,12,9.8100004196167,98.0999984741211,11.984000244140624,0.0,1200.0,True,True,True,True,True,True,True,True,True,True,True,True,True,True,True,True,False,False,False,False,False,False,False
11700638,STATE_PREFLIGHT,12.4,0.05,0.1,0.45,0.0,0.0,0.09810000419616699,0.0010000000149011613,0.0020000000298023225,0.0030000001192092896,0.12300000190734864,0.45599998474121095,0.789000015258789,980.5,25.0,0.0,0.0,0.980999984741211,1,46.5,6.6,1200.0,1.5,3.5,12,9.8100004196167,98.0999984741211,11.984000244140624,0.0,1200.0,True,True,True,True,True,True,True,True,True,True,True,True,True,True,True,True,False,False,False,False,False,False,False
11701145,STATE_PREFLIGHT,12.4,0.05,0.1,0.45,0.0,0.0,0.09810000419616699,0.0010000000149011613,0.0020000000298023225,0.0030000001192092896,0.12300000190734864,0.45599998474121095,0.789000015258789,980.5,25.0,0.0,0.0,0.980999984741211,1,46.5,6.6,1200.0,1.5,3.5,12,9.8100004196167,98.0999984741211,11.984000244140624,0.0,1200.0,True,True,True,True,True,True,True,True,True,True,True,True,True,True,True,True,False,False,False,False,False,False,False
11701656,STATE_PREFLIGHT,12.4,0.05,0.1,0.45,0.0,0.0,0.09810000419616699,0.0010000000149011613,0.0020000000298023225,0.0030000001192092896,0.12300000190734864,0.45599998474121095,0.789000015258789,980.5,25.0,0.0,0.0,0.980999984741211,1,46.5,6.6,1200.0,1.5,3.5,12,9.8100004196167,98.0999984741211,11.984000244140624,0.0,1200.0,True,True,True,True,True,True,True,True,True,True,True,True,True,True,True,True,False,False,False,False,False,False,False
11702168,STATE_PREFLIGHT,12.4,0.05,0.1,0.45,0.0,0.0,0.09810000419616699,0.0010000000149011613,0.0020000000298023225,0.0030000001192092896,0.12300000190734864,0.45599998474121095,0.789000015258789,980.5,25.0,0.0,0.0,0.980999984741211,1,46.5,6.6,1200.0,1.5,3.5,12,9.8100004196167,98.0999984741211,11.984000244140624,0.0,1200.0,True,True,True,True,True,True,True,True,True,True,True,True,True,True,True,True,False,False,False,False,False,False,False
11702677,STATE_PREFLIGHT,12.4,0.05,0.1,0.45,0.0,0.0,0.09810000419616699,0.0010000000149011613,0.0020000000298023225,0.0030000001192092896,0.12300000190734864,0.45599998474121095,0.789000015258789,980.5,25.0,0.0,0.0,0.980999984741211,1,46.5,6.6,1200.0,1.5,3.5,12,9.8100004196167,98.0999984741211,11.984000244140624,0.0,1200.0,True,True,True,True,True,True,True,True,True,True,True,True,True,True,True,True,False,False,False,False,False,False,False
11703185,STATE_PREFLIGHT,12.4,0.05,0.1,0.45,0.0,0.0,0.09810000419616699,0.0010000000149011613,0.0020000000298023225,0.0030000001192092896,0.12300000190734864,0.45599998474121095,0.789000015258789,980.5,25.0,0.0,0.0,0.980999984741211,1,46.5,6.6,1200.0,1.5,3.5,12,9.8100004196167,98.0999984741211,11.984000244140624,0.0,1200.0,True,True,True,True,True,True,True,True,True,True,True,True,True,True,True,True,False,False,False,False,False,False,False
11703694,STATE_PREFLIGHT,12.4,0.05,0.1,0.45,0.0,0.0,0.09810000419616699,0.0010000000149011613,0.0020000000298023225,0.0030000001192092896,0.12300000190734864,0.45599998474121095,0.789000015258789,980.5,25.0,0.0,0.0,0.980999984741211,1,46.5,6.6,1200.0,1.5,3.5,12,9.8100004196167,98.0999984741211,11.984000244140624,0.0,1200.0,True,True,True,True,True,True,True,True,True,True,True,True,True,True,True,True,False,False,False,False,False,False,False
11704202,STATE_PREFLIGHT,12.4,0.05,0.1,0.45,0.0,0.0,0.09810000419616699,0.0010000000149011613,0.0020000000298023225,0.0030000001192092896,0.12300000190734864,0.45599998474121095,0.789000015258789,980.5,25.0,0.0,0.0,0.980999984741211,1,46.5,6.6,1200.0,1.5,3.5,12,9.8100004196167,98.0999984741211,11.984000244140624,0.0,1200.0,True,True,True,True,True,True,True,True,True,True,True,True,True,True,True,True,False,False,False,False,False,False,False
11704707,STATE_PREFLIGHT,12.4,0.05,0.1,0.45,0.0,0.0,0.09810000419616699,0.0010000000149011613,0.0020000000298023225,0.0030000001192092896,0.12300000190734864,0.45599998474121095,0.789000015258789,980.5,25.0,0.0,0.0,0.980999984741211,1,46.5,6.6,1200.0,1.5,3.5,12,9.8100004196167,98.0999984741211,11.984000244140624,0.0,1200.0,True,True,True,True,True,True,True,True,True,True,True,True,True,True,True,True,False,False,False,False,False,False,False
11705218,STATE_PREFLIGHT,12.4,0.05,0.1,0.45,0.0,0.0,0.09810000419616699,0.0010000000149011613,0.0020000000298023225,0.0030000001192092896,0.12300000190734864,0.45599998474121095,0.789000015258789,980.5,25.0,0.0,0.0,0.980999984741211,1,46.5,6.6,1200.0,1.5,3.5,12,9.8100004196167,98.0999984741211,11.984000244140624,0.0,1200.0,True,True,True,True,True,True,True,True,True,True,True,True,True,True,True,True,False,False,False,False,False,False,False
11705729,STATE_PREFLIGHT,12.4,0.05,0.1,0.45,0.0,0.0,0.09810000419616699,0.0010000000149011613,0.0020000000298023225,0.0030000001192092896,0.12300000190734864,0.45599998474121095,0.789000015258789,980.5,25.0,0.0,0.0,0.980999984741211,1,46.5,6.6,1200.0,1.5,3.5,12,9.8100004196167,98.0999984741211,11.984000244140624,0.0,1200.0,True,True,True,True,True,True,True,True,True,True,True,True,True,True,True,True,False,False,False,False,False,False,False
11706239,STATE_PREFLIGHT,12.4,0.05,0.1,0.45,0.0,0.0,0.09810000419616699,0.0010000000149011613,0.0020000000298023225,0.0030000001192092896,0.12300000190734864,0.45599998474121095,0.789000015258789,980.5,25.0,0.0,0.0,0.980999984741211,1,46.5,6.6,1200.0,1.5,3.5,12,9.8100004196167,98.0999984741211,11.984000244140624,0.0,1200.0,True,True,True,True,True,True,True,True,True,True,True,True,True,True,True,True,False,False,False,False,False,False,False
11706746,STATE_PREFLIGHT,12.4,0.05,0.1,0.45,0.0,0.0,0.09810000419616699,0.0010000000149011613,0.0020000000298023225,0.0030000001192092896,0.12300000190734864,0.45599998474121095,0.789000015258789,980.5,25.0,0.0,0.0,0.980999984741211,1,46.5,6.6,1200.0,1.5,3.5,12,9.8100004196167,98.0999984741211,11.984000244140624,0.0,1200.0,True,True,True,True,True,True,True,True,True,True,True,True,True,True,True,True,False,False,False,False,False,False,False
11707254,STATE_PREFLIGHT,12.4,0.05,0.1,0.45,0.0,0.0,0.09810000419616699,0.0010000000149011613,0.0020000000298023225,0.0030000001192092896,0.12300000190734864,0.45599998474121095,0.789000015258789,980.5,25.0,0.0,0.0,0.980999984741211,1,46.5,6.6,1200.0,1.5,3.5,12,9.8100004196167,98.0999984741211,11.984000244140624,0.0,1200.0,True,True,True,True,True,True,True,True,True,True,True,True,True,True,True,True,False,False,False,False,False,False,False
11707760,STATE_PREFLIGHT,12.4,0.05,0.1,0.45,0.0,0.0,0.09810000419616699,0.0010000000149011613,0.0020000000298023225,0.0030000001192092896,0.12300000190734864,0.45599998474121095,0.789000015258789,980.5,25.0,0.0,0.0,0.980999984741211,1,46.5,6.6,1200.0,1.5,3.5,12,9.8100004196167,98.0999984741211,11.984000244140624,0.0,1200.0,True,True,True,True,True,True,True,True,True,True,True,True,True,True,True,True,False,False,False,False,False,False,False
11708271,STATE_PREFLIGHT,12.4,0.05,0.1,0.45,0.0,0.0,0.09810000419616699,0.0010000000149011613,0.0020000000298023225,0.0030000001192092896,0.12300000190734864,0.45599998474121095,0.789000015258789,980.5,25.0,0.0,0.0,0.980999984741211,1,46.5,6.6,1200.0,1.5,3.5,12,9.8100004196167,98.0999984741211,11.984000244140624,0.0,1200.0,True,True,True,True,True,True,True,True,True,True,True,True,True,True,True,True,False,False,False,False,False,False,False
11708782,STATE_PREFLIGHT,12.4,0.05,0.1,0.45,0.0,0.0,0.09810000419616699,0.0010000000149011613,0.0020000000298023225,0.0030000001192092896,0.12300000190734864,0.45599998474121095,0.789000015258789,980.5,25.0,0.0,0.0,0.980999984741211,1,46.5,6.6,1200.0,1.5,3.5,12,9.8100004196167,98.0999984741211,11.984000244140624,0.0,1200.0,True,True,True,True,True,True,True,True,True,True,True,True,True,True,True,True,False,False,False,False,False,False,False
11709286,STATE_PREFLIGHT,12.4,0.05,0.1,0.45,0.0,0.0,0.09810000419616699,0.0010000000149011613,0.0020000000298023225,0.0030000001192092896,0.12300000190734864,0.45599998474121095,0.789000015258789,980.5,25.0,0.0,0.0,0.980999984741211,1,46.5,6.6,1200.0,1.5,3.5,12,9.8100004196167,98.0999984741211,11.984000244140624,0.0,1200.0,True,True,True,True,True,True,True,True,True,True,True,True,True,True,True,True,False,False,False,False,False,False,False
11709796,STATE_PREFLIGHT,12.4,0.05,0.1,0.45,0.0,0.0,0.09810000419616699,0.0010000000149011613,0.0020000000298023225,0.0030000001192092896,0.12300000190734864,0.45599998474121095,0.789000015258789,980.5,25.0,0.0,0.0,0.980999984741211,1,46.5,6.6,1200.0,1.5,3.5,12,9.8100004196167,98.0999984741211,11.984000244140624,0.0,1200.0,True,True,True,True,True,True,True,True,True,True,True,True,True,True,True,True,False,False,False,False,False,False,False
11710303,STATE_PREFLIGHT,12.4,0.05,0.1,0.45,0.0,0.0,0.09810000419616699,0.0010000000149011613,0.0020000000298023225,0.0030000001192092896,0.12300000190734864,0.45599998474121095,0.789000015258789,980.5,25.0,0.0,0.0,0.980999984741211,1,46.5,6.6,1200.0,1.5,3.5,12,9.8100004196167,98.0999984741211,11.984000244140624,0.0,1200.0,True,True,True,True,True,True,True,True,True,True,True,True,True,True,True,True,False,False,False,False,False,False,False
11710810,STATE_PREFLIGHT,12.4,0.05,0.1,0.45,0.0,0.0,0.09810000419616699,0.0010000000149011613,0.0020000000298023225,0.0030000001192092896,0.12300000190734864,0.45599998474121095,0.789000015258789,980.5,25.0,0.0,0.0,0.980999984741211,1,46.5,6.6,1200.0,1.5,3.5,12,9.8100004196167,98.0999984741211,11.984000244140624,0.0,1200.0,True,True,True,True,True,True,True,True,True,True,True,True,True,True,True,True,False,False,False,False,False,False,False
11711321,STATE_PREFLIGHT,12.4,0.05,0.1,0.45,0.0,0.0,0.09810000419616699,0.0010000000149011613,0.0020000000298023225,0.0030000001192092896,0.12300000190734864,0.45599998474121095,0.789000015258789,980.5,25.0,0.0,0.0,0.980999984741211,1,46.5,6.6,1200.0,1.5,3.5,12,9.8100004196167,98.0999984741211,11.984000244140624,0.0,1200.0,True,True,True,True,True,True,True,True,True,True,True,True,True,True,True,True,False,False,False,False,False,False,False
11711830,STATE_PREFLIGHT,12.4,0.05,0.1,0.45,0.0,0.0,0.09810000419616699,0.0010000000149011613,0.0020000000298023225,0.0030000001192092896,0.12300000190734864,0.45599998474121095,0.789000015258789,980.5,25.0,0.0,0.0,0.980999984741211,1,46.5,6.6,1200.0,1.5,3.5,12,9.8100004196167,98.0999984741211,11.984000244140624,0.0,1200.0,True,True,True,True,True,True,True,True,True,True,True,True,True,True,True,True,False,False,False,False,False,False,False
11712338,STATE_PREFLIGHT,12.4,0.05,0.1,0.45,0.0,0.0,0.09810000419616699,0.0010000000149011613,0.0020000000298023225,0.0030000001192092896,0.12300000190734864,0.45599998474121095,0.789000015258789,980.5,25.0,0.0,0.0,0.980999984741211,1,46.5,6.6,1200.0,1.5,3.5,12,9.8100004196167,98.0999984741211,11.984000244140624,0.0,1200.0,True,True,True,True,True,True,True,True,True,True,True,True,True,True,True,True,False,False,False,False,False,False,False
11712842,STATE_PREFLIGHT,12.4,0.05,0.1,0.45,0.0,0.0,0.09810000419616699,0.0010000000149011613,0.0020000000298023225,0.0030000001192092896,0.12300000190734864,0.45599998474121095,0.789000015258789,980.5,25.0,0.0,0.0,0.980999984741211,1,46.5,6.6,1200.0,1.5,3.5,12,9.8100004196167,98.0999984741211,11.984000244140624,0.0,1200.0,True,True,True,True,True,True,True,True,True,True,True,True,True,True,True,True,False,False,False,False,False,False,False
11713352,STATE_PREFLIGHT,12.4,0.05,0.1,0.45,0.0,0.0,0.09810000419616699,0.0010000000149011613,0.0020000000298023225,0.0030000001192092896,0.12300000190734864,0.45599998474121095,0.789000015258789,980.5,25.0,0.0,0.0,0.980999984741211,1,46.5,6.6,1200.0,1.5,3.5,12,9.8100004196167,98.0999984741211,11.984000244140624,0.0,1200.0,True,True,True,True,True,True,True,True,True,True,True,True,True,True,True,True,False,False,False,False,False,False,False
11713863,STATE_PREFLIGHT,12.4,0.05,0.1,0.45,0.0,0.0,0.09810000419616699,0.0010000000149011613,0.0020000000298023225,0.0030000001192092896,0.12300000190734864,0.45599998474121095,0.789000015258789,980.5,25.0,0.0,0.0,0.980999984741211,1,46.5,6.6,1200.0,1.5,3.5,12,9.8100004196167,98.0999984741211,11.984000244140624,0.0,1200.0,True,True,True,True,True,True,True,True,True,True,True,True,True,True,True,True,False,False,False,False,False,False,False
11714367,STATE_PREFLIGHT,12.4,0.05,0.1,0.45,0.0,0.0,0.09810000419616699,0.0010000000149011613,0.0020000000298023225,0.0030000001192092896,0.12300000190734864,0.45599998474121095,0.789000015258789,980.5,25.0,0.0,0.0,0.980999984741211,1,46.5,6.6,1200.0,1.5,3.5,12,9.8100004196167,98.0999984741211,11.984000244140624,0.0,1200.0,True,True,True,True,True,True,True,True,True,True,True,True,True,True,True,True,False,False,False,False,False,False,False
11714876,STATE_PREFLIGHT,12.4,0.05,0.1,0.45,0.0,0.0,0.09810000419616699,0.0010000000149011613,0.0020000000298023225,0.0030000001192092896,0.12300000190734864,0.45599998474121095,0.789000015258789,980.5,25.0,0.0,0.0,0.980999984741211,1,46.5,6.6,1200.0,1.5,3.5,12,9.8100004196167,98.0999984741211,11.984000244140624,0.0,1200.0,True,True,True,True,True,True,True,True,True,True,True,True,True,True,True,True,False,False,False,False,False,False,False
11715387,STATE_PREFLIGHT,12.4,0.05,0.1,0.45,0.0,0.0,0.09810000419616699,0.0010000000149011613,0.0020000000298023225,0.0030000001192092896,0.12300000190734864,0.45599998474121095,0.789000015258789,980.5,25.0,0.0,0.0,0.980999984741211,1,46.5,6.6,1200.0,1.5,3.5,12,9.8100004196167,98.0999984741211,11.984000244140624,0.0,1200.0,True,True,True,True,True,True,True,True,True,True,True,True,True,True,True,True,False,False,False,False,False,False,False
11715893,STATE_PREFLIGHT,12.4,0.05,0.1,0.45,0.0,0.0,0.09810000419616699,0.0010000000149011613,0.0020000000298023225,0.0030000001192092896,0.12300000190734864,0.45599998474121095,0.789000015258789,980.5,25.0,0.0,0.0,0.980999984741211,1,46.5,6.6,1200.0,1.5,3.5,12,9.8100004196167,98.0999984741211,11.984000244140624,0.0,1200.0,True,True,True,True,True,True,True,True,True,True,True,True,True,True,True,True,False,False,False,False,False,False,False
11716403,STATE_PREFLIGHT,12.4,0.05,0.1,0.45,0.0,0.0,0.09810000419616699,0.0010000000149011613,0.0020000000298023225,0.0030000001192092896,0.12300000190734864,0.45599998474121095,0.789000015258789,980.5,25.0,0.0,0.0,0.980999984741211,1,46.5,6.6,1200.0,1.5,3.5,12,9.8100004196167,98.0999984741211,11.984000244140624,0.0,1200.0,True,True,True,True,True,True,True,True,True,True,True,True,True,True,True,True,False,False,False,False,False,False,False
11716911,STATE_PREFLIGHT,12.4,0.05,0.1,0.45,0.0,0.0,0.09810000419616699,0.0010000000149011613,0.0020000000298023225,0.0030000001192092896,0.12300000190734864,0.45599998474121095,0.789000015258789,980.5,25.0,0.0,0.0,0.980999984741211,1,46.5,6.6,1200.0,1.5,3.5,12,9.8100004196167,98.0999984741211,11.984000244140624,0.0,1200.0,True,True,True,True,True,True,True,True,True,True,True,True,True,True,True,True,False,False,False,False,False,False,False
11717422,STATE_PREFLIGHT,12.4,0.05,0.1,0.45,0.0,0.0,0.09810000419616699,0.0010000000149011613,0.0020000000298023225,0.0030000001192092896,0.12300000190734864,0.45599998474121095,0.789000015258789,980.5,25.0,0.0,0.0,0.980999984741211,1,46.5,6.6,1200.0,1.5,3.5,12,9.8100004196167,98.0999984741211,11.984000244140624,0.0,1200.0,True,True,True,True,True,True,True,True,True,True,True,True,True,True,True,True,False,False,False,False,False,False,False
11717930,STATE_PREFLIGHT,12.4,0.05,0.1,0.45,0.0,0.0,0.09810000419616699,0.0010000000149011613,0.0020000000298023225,0.0030000001192092896,0.12300000190734864,0.45599998474121095,0.789000015258789,980.5,25.0,0.0,0.0,0.980999984741211,1,46.5,6.6,1200.0,1.5,3.5,12,9.8100004196167,98.0999984741211,11.984000244140624,0.0,1200.0,True,True,True,True,True,True,True,True,True,True,True,True,True,True,True,True,False,False,False,False,False,False,False
11718438,STATE_PREFLIGHT,12.4,0.05,0.1,0.45,0.0,0.0,0.09810000419616699,0.0010000000149011613,0.0020000000298023225,0.0030000001192092896,0.12300000190734864,0.45599998474121095,0.789000015258789,980.5,25.0,0.0,0.0,0.980999984741211,1,46.5,6.6,1200.0,1.5,3.5,12,9.8100004196167,98.0999984741211,11.984000244140624,0.0,1200.0,True,True,True,True,True,True,True,True,True,True,True,True,True,True,True,True,False,False,False,False,False,False,False
11718942,STATE_PREFLIGHT,12.4,0.05,0.1,0.45,0.0,0.0,0.09810000419616699,0.0010000000149011613,0.0020000000298023225,0.0030000001192092896,0.12300000190734864,0.45599998474121095,0.789000015258789,980.5,25.0,0.0,0.0,0.980999984741211,1,46.5,6.6,1200.0,1.5,3.5,12,9.8100004196167,98.0999984741211,11.984000244140624,0.0,1200.0,True,True,True,True,True,True,True,True,True,True,True,True,True,True,True,True,False,False,False,False,False,False,False
11719449,STATE_PREFLIGHT,12.4,0.05,0.1,0.45,0.0,0.0,0.09810000419616699,0.0010000000149011613,0.0020000000298023225,0.0030000001192092896,0.12300000190734864,0.45599998474121095,0.789000015258789,980.5,25.0,0.0,0.0,0.980999984741211,1,46.5,6.6,1200.0,1.5,3.5,12,9.8100004196167,98.0999984741211,11.984000244140624,0.0,1200.0,True,True,True,True,True,True,True,True,True,True,True,True,True,True,True,True,False,False,False,False,False,False,False
11719958,STATE_PREFLIGHT,12.4,0.05,0.1,0.45,0.0,0.0,0.09810000419616699,0.0010000000149011613,0.0020000000298023225,0.0030000001192092896,0.12300000190734864,0.45599998474121095,0.789000015258789,980.5,25.0,0.0,0.0,0.980999984741211,1,46.5,6.6,1200.0,1.5,3.5,12,9.8100004196167,98.0999984741211,11.984000244140624,0.0,1200.0,True,True,True,True,True,True,True,True,True,True,True,True,True,True,True,True,False,False,False,False,False,False,False
11720469,STATE_PREFLIGHT,12.4,0.05,0.1,0.45,0.0,0.0,0.09810000419616699,0.0010000000149011613,0.0020000000298023225,0.0030000001192092896,0.12300000190734864,0.45599998474121095,0.789000015258789,980.5,25.0,0.0,0.0,0.980999984741211,1,46.5,6.6,1200.0,1.5,3.5,12,9.8100004196167,98.0999984741211,11.984000244140624,0.0,1200.0,True,True,True,True,True,True,True,True,True,True,True,True,True,True,True,True,False,False,False,False,False,False,False
11720976,STATE_PREFLIGHT,12.4,0.05,0.1,0.45,0.0,0.0,0.09810000419616699,0.0010000000149011613,0.0020000000298023225,0.0030000001192092896,0.12300000190734864,0.45599998474121095,0.789000015258789,980.5,25.0,0.0,0.0,0.980999984741211,1,46.5,6.6,1200.0,1.5,3.5,12,9.8100004196167,98.0999984741211,11.984000244140624,0.0,1200.0,True,True,True,True,True,True,True,True,True,True,True,True,True,True,True,True,False,False,False,False,False,False,False
11721482,STATE_PREFLIGHT,12.4,0.05,0.1,0.45,0.0,0.0,0.09810000419616699,0.0010000000149011613,0.0020000000298023225,0.0030000001192092896,0.12300000190734864,0.45599998474121095,0.789000015258789,980.5,25.0,0.0,0.0,0.980999984741211,1,46.5,6.6,1200.0,1.5,3.5,12,9.8100004196167,98.0999984741211,11.984000244140624,0.0,1200.0,True,True,True,True,True,True,True,True,True,True,True,True,True,True,True,True,False,False,False,False,False,False,False
11721989,STATE_PREFLIGHT,12.4,0.05,0.1,0.45,0.0,0.0,0.09810000419616699,0.0010000000149011613,0.0020000000298023225,0.0030000001192092896,0.12300000190734864,0.45599998474121095,0.789000015258789,980.5,25.0,0.0,0.0,0.980999984741211,1,46.5,6.6,1200.0,1.5,3.5,12,9.8100004196167,98.0999984741211,11.984000244140624,0.0,1200.0,True,True,True,True,True,True,True,True,True,True,True,True,True,True,True,True,False,False,False,False,False,False,False
11722495,STATE_PREFLIGHT,12.4,0.05,0.1,0.45,0.0,0.0,0.09810000419616699,0.0010000000149011613,0.0020000000298023225,0.0030000001192092896,0.12300000190734864,0.45599998474121095,0.789000015258789,980.5,25.0,0.0,0.0,0.980999984741211,1,46.5,6.6,1200.0,1.5,3.5,12,9.8100004196167,98.0999984741211,11.984000244140624,0.0,1200.0,True,True,True,True,True,True,True,True,True,True,True,True,True,True,True,True,False,False,False,False,False,False,False
11723002,STATE_PREFLIGHT,12.4,0.05,0.1,0.45,0.0,0.0,0.09810000419616699,0.0010000000149011613,0.0020000000298023225,0.0030000001192092896,0.12300000190734864,0.45599998474121095,0.789000015258789,980.5,25.0,0.0,0.0,0.980999984741211,1,46.5,6.6,1200.0,1.5,3.5,12,9.8100004196167,98.0999984741211,11.984000244140624,0.0,1200.0,True,True,True,True,True,True,True,True,True,True,True,True,True,True,True,True,False,False,False,False,False,False,False
11723509,STATE_PREFLIGHT,12.4,0.05,0.1,0.45,0.0,0.0,0.09810000419616699,0.0010000000149011613,0.0020000000298023225,0.0030000001192092896,0.12300000190734864,0.45599998474121095,0.789000015258789,980.5,25.0,0.0,0.0,0.980999984741211,1,46.5,6.6,1200.0,1.5,3.5,12,9.8100004196167,98.0999984741211,11.984000244140624,0.0,1200.0,True,True,True,True,True,True,True,True,True,True,True,True,True,True,True,True,False,False,False,False,False,False,False
11724020,STATE_PREFLIGHT,12.4,0.05,0.1,0.45,0.0,0.0,0.09810000419616699,0.0010000000149011613,0.0020000000298023225,0.0030000001192092896,0.12300000190734864,0.45599998474121095,0.789000015258789,980.5,25.0,0.0,0.0,0.980999984741211,1,46.5,6.6,1200.0,1.5,3.5,12,9.8100004196167,98.0999984741211,11.984000244140624,0.0,1200.0,True,True,True,True,True,True,True,True,True,True,True,True,True,True,True,True,False,False,False,False,False,False,False
11724532,STATE_PREFLIGHT,12.4,0.05,0.1,0.45,0.0,0.0,0.09810000419616699,0.0010000000149011613,0.0020000000298023225,0.0030000001192092896,0.12300000190734864,0.45599998474121095,0.789000015258789,980.5,25.0,0.0,0.0,0.980999984741211,1,46.5,6.6,1200.0,1.5,3.5,12,9.8100004196167,98.0999984741211,11.984000244140624,0.0,1200.0,True,True,True,True,True,True,True,True,True,True,True,True,True,True,True,True,False,False,False,False,False,False,False
11725037,STATE_PREFLIGHT,12.4,0.05,0.1,0.45,0.0,0.0,0.09810000419616699,0.0010000000149011613,0.0020000000298023225,0.0030000001192092896,0.12300000190734864,0.45599998474121095,0.789000015258789,980.5,25.0,0.0,0.0,0.980999984741211,1,46.5,6.6,1200.0,1.5,3.5,12,9.8100004196167,98.0999984741211,11.984000244140624,0.0,1200.0,True,True,True,True,True,True,True,True,True,True,True,True,True,True,True,True,False,False,False,False,False,False,False
11725545,STATE_PREFLIGHT,12.4,0.05,0.1,0.45,0.0,0.0,0.09810000419616699,0.0010000000149011613,0.0020000000298023225,0.0030000001192092896,0.12300000190734864,0.45599998474121095,0.789000015258789,980.5,25.0,0.0,0.0,0.980999984741211,1,46.5,6.6,1200.0,1.5,3.5,12,9.8100004196167,98.0999984741211,11.984000244140624,0.0,1200.0,True,True,True,True,True,True,True,True,True,True,True,True,True,True,True,True,False,False,False,False,False,False,False
11726051,STATE_PREFLIGHT,12.4,0.05,0.1,0.45,0.0,0.0,0.09810000419616699,0.0010000000149011613,0.0020000000298023225,0.0030000001192092896,0.12300000190734864,0.45599998474121095,0.789000015258789,980.5,25.0,0.0,0.0,0.980999984741211,1,46.5,6.6,1200.0,1.5,3.5,12,9.8100004196167,98.0999984741211,11.984000244140624,0.0,1200.0,True,True,True,True,True,True,True,True,True,True,True,True,True,True,True,True,False,False,False,False,False,False,False
11726558,STATE_PREFLIGHT,12.4,0.05,0.1,0.45,0.0,0.0,0.09810000419616699,0.0010000000149011613,0.0020000000298023225,0.0030000001192092896,0.12300000190734864,0.45599998474121095,0.789000015258789,980.5,25.0,0.0,0.0,0.980999984741211,1,46.5,6.6,1200.0,1.5,3.5,12,9.8100004196167,98.0999984741211,11.984000244140624,0.0,1200.0,True,True,True,True,True,True,True,True,True,True,True,True,True,True,True,True,False,False,False,False,False,False,False
11727064,STATE_PREFLIGHT,12.4,0.05,0.1,0.45,0.0,0.0,0.09810000419616699,0.0010000000149011613,0.0020000000298023225,0.0030000001192092896,0.12300000190734864,0.45599998474121095,0.789000015258789,980.5,25.0,0.0,0.0,0.980999984741211,1,46.5,6.6,1200.0,1.5,3.5,12,9.8100004196167,98.0999984741211,11.984000244140624,0.0,1200.0,True,True,True,True,True,True,True,True,True,True,True,True,True,True,True,True,False,False,False,False,False,False,False
11727574,STATE_PREFLIGHT,12.4,0.05,0.1,0.45,0.0,0.0,0.09810000419616699,0.0010000000149011613,0.0020000000298023225,0.0030000001192092896,0.12300000190734864,0.45599998474121095,0.789000015258789,980.5,25.0,0.0,0.0,0.980999984741211,1,46.5,6.6,1200.0,1.5,3.5,12,9.8100004196167,98.0999984741211,11.984000244140624,0.0,1200.0,True,True,True,True,True,True,True,True,True,True,True,True,True,True,True,True,False,False,False,False,False,False,False
11728085,STATE_PREFLIGHT,12.4,0.05,0.1,0.45,0.0,0.0,0.09810000419616699,0.0010000000149011613,0.0020000000298023225,0.0030000001192092896,0.12300000190734864,0.45599998474121095,0.789000015258789,980.5,25.0,0.0,0.0,0.980999984741211,1,46.5,6.6,1200.0,1.5,3.5,12,9.8100004196167,98.0999984741211,11.984000244140624,0.0,1200.0,True,True,True,True,True,True,True,True,True,True,True,True,True,True,True,True,False,False,False,False,False,False,False
11728592,STATE_PREFLIGHT,12.4,0.05,0.1,0.45,0.0,0.0,0.09810000419616699,0.0010000000149011613,0.0020000000298023225,0.0030000001192092896,0.12300000190734864,0.45599998474121095,0.789000015258789,980.5,25.0,0.0,0.0,0.980999984741211,1,46.5,6.6,1200.0,1.5,3.5,12,9.8100004196167,98.0999984741211,11.984000244140624,0.0,1200.0,True,True,True,True,True,True,True,True,True,True,True,True,True,True,True,True,False,False,False,False,False,False,False
11729099,STATE_PREFLIGHT,12.4,0.05,0.1,0.45,0.0,0.0,0.09810000419616699,0.0010000000149011613,0.0020000000298023225,0.0030000001192092896,0.12300000190734864,0.45599998474121095,0.789000015258789,980.5,25.0,0.0,0.0,0.980999984741211,1,46.5,6.6,1200.0,1.5,3.5,12,9.8100004196167,98.0999984741211,11.984000244140624,0.0,1200.0,True,True,True,True,True,True,True,True,True,True,True,True,True,True,True,True,False,False,False,False,False,False,False
11729610,STATE_PREFLIGHT,12.4,0.05,0.1,0.45,0.0,0.0,0.09810000419616699,0.0010000000149011613,0.0020000000298023225,0.0030000001192092896,0.12300000190734864,0.45599998474121095,0.789000015258789,980.5,25.0,0.0,0.0,0.980999984741211,1,46.5,6.6,1200.0,1.5,3.5,12,9.8100004196167,98.0999984741211,11.984000244140624,0.0,1200.0,True,True,True,True,True,True,True,True,True,True,True,True,True,True,True,True,False,False,False,False,False,False,False
11730120,STATE_PREFLIGHT,12.4,0.05,0.1,0.45,0.0,0.0,0.09810000419616699,0.0010000000149011613,0.0020000000298023225,0.0030000001192092896,0.12300000190734864,0.45599998474121095,0.789000015258789,980.5,25.0,0.0,0.0,0.980999984741211,1,46.5,6.6,1200.0,1.5,3.5,12,9.8100004196167,98.0999984741211,11.984000244140624,0.0,1200.0,True,True,True,True,True,True,True,True,True,True,True,True,True,True,True,True,False,False,False,False,False,False,False
11730631,STATE_PREFLIGHT,12.4,0.05,0.1,0.45,0.0,0.0,0.09810000419616699,0.0010000000149011613,0.0020000000298023225,0.0030000001192092896,0.12300000190734864,0.45599998474121095,0.789000015258789,980.5,25.0,0.0,0.0,0.980999984741211,1,46.5,6.6,1200.0,1.5,3.5,12,9.8100004196167,98.0999984741211,11.984000244140624,0.0,1200.0,True,True,True,True,True,True,True,True,True,True,True,True,True,True,True,True,False,False,False,False,False,False,False
11731139,STATE_PREFLIGHT,12.4,0.05,0.1,0.45,0.0,0.0,0.09810000419616699,0.0010000000149011613,0.0020000000298023225,0.0030000001192092896,0.12300000190734864,0.45599998474121095,0.789000015258789,980.5,25.0,0.0,0.0,0.980999984741211,1,46.5,6.6,1200.0,1.5,3.5,12,9.8100004196167,98.0999984741211,11.984000244140624,0.0,1200.0,True,True,True,True,True,True,True,True,True,True,True,True,True,True,True,True,False,False,False,False,False,False,False
11731648,STATE_PREFLIGHT,12.4,0.05,0.1,0.45,0.0,0.0,0.09810000419616699,0.0010000000149011613,0.0020000000298023225,0.0030000001192092896,0.12300000190734864,0.45599998474121095,0.789000015258789,980.5,25.0,0.0,0.0,0.980999984741211,1,46.5,6.6,1200.0,1.5,3.5,12,9.8100004196167,98.0999984741211,11.984000244140624,0.0,1200.0,True,True,True,True,True,True,True,True,True,True,True,True,True,True,True,True,False,False,False,False,False,False,False
11732152,STATE_PREFLIGHT,12.4,0.05,0.1,0.45,0.0,0.0,0.09810000419616699,0.0010000000149011613,0.0020000000298023225,0.0030000001192092896,0.12300000190734864,0.45599998474121095,0.789000015258789,980.5,25.0,0.0,0.0,0.980999984741211,1,46.5,6.6,1200.0,1.5,3.5,12,9.8100004196167,98.0999984741211,11.984000244140624,0.0,1200.0,True,True,True,True,True,True,True,True,True,True,True,True,True,True,True,True,False,False,False,False,False,False,False
11732662,STATE_PREFLIGHT,12.4,0.05,0.1,0.45,0.0,0.0,0.09810000419616699,0.0010000000149011613,0.0020000000298023225,0.0030000001192092896,0.12300000190734864,0.45599998474121095,0.789000015258789,980.5,25.0,0.0,0.0,0.980999984741211,1,46.5,6.6,1200.0,1.5,3.5,12,9.8100004196167,98.0999984741211,11.984000244140624,0.0,1200.0,True,True,True,True,True,True,True,True,True,True,True,True,True,True,True,True,False,False,False,False,False,False,False
11733172,STATE_PREFLIGHT,12.4,0.05,0.1,0.45,0.0,0.0,0.09810000419616699,0.0010000000149011613,0.0020000000298023225,0.0030000001192092896,0.12300000190734864,0.45599998474121095,0.789000015258789,980.5,25.0,0.0,0.0,0.980999984741211,1,46.5,6.6,1200.0,1.5,3.5,12,9.8100004196167,98.0999984741211,11.984000244140624,0.0,1200.0,True,True,True,True,True,True,True,True,True,True,True,True,True,True,True,True,False,False,False,False,False,False,False
11733680,STATE_PREFLIGHT,12.4,0.05,0.1,0.45,0.0,0.0,0.09810000419616699,0.0010000000149011613,0.0020000000298023225,0.0030000001192092896,0.12300000190734864,0.45599998474121095,0.789000015258789,980.5,25.0,0.0,0.0,0.980999984741211,1,46.5,6.6,1200.0,1.5,3.5,12,9.8100004196167,98.0999984741211,11.984000244140624,0.0,1200.0,True,True,True,True,True,True,True,True,True,True,True,True,True,True,True,True,False,False,False,False,False,False,False
11734190,STATE_PREFLIGHT,12.4,0.05,0.1,0.45,0.0,0.0,0.09810000419616699,0.0010000000149011613,0.0020000000298023225,0.0030000001192092896,0.12300000190734864,0.45599998474121095,0.789000015258789,980.5,25.0,0.0,0.0,0.980999984741211,1,46.5,6.6,1200.0,1.5,3.5,12,9.8100004196167,98.0999984741211,11.984000244140624,0.0,1200.0,True,True,True,True,True,True,True,True,True,True,True,True,True,True,True,True,False,False,False,False,False,False,False
11734701,STATE_PREFLIGHT,12.4,0.05,0.1,0.45,0.0,0.0,0.09810000419616699,0.0010000000149011613,0.0020000000298023225,0.0030000001192092896,0.12300000190734864,0.45599998474121095,0.789000015258789,980.5,25.0,0.0,0.0,0.980999984741211,1,46.5,6.6,1200.0,1.5,3.5,12,9.8100004196167,98.0999984741211,11.984000244140624,0.0,1200.0,True,True,True,True,True,True,True,True,True,True,True,True,True,True,True,True,False,False,False,False,False,False,False
11735211,STATE_PREFLIGHT,12.4,0.05,0.1,0.45,0.0,0.0,0.09810000419616699,0.0010000000149011613,0.0020000000298023225,0.0030000001192092896,0.12300000190734864,0.45599998474121095,0.789000015258789,980.5,25.0,0.0,0.0,0.980999984741211,1,46.5,6.6,1200.0,1.5,3.5,12,9.8100004196167,98.0999984741211,11.984000244140624,0.0,1200.0,True,True,True,True,True,True,True,True,True,True,True,True,True,True,True,True,False,False,False,False,False,False,False
11735717,STATE_PREFLIGHT,12.4,0.05,0.1,0.45,0.0,0.0,0.09810000419616699,0.0010000000149011613,0.0020000000298023225,0.0030000001192092896,0.12300000190734864,0.45599998474121095,0.789000015258789,980.5,25.0,0.0,0.0,0.980999984741211,1,46.5,6.6,1200.0,1.5,3.5,12,9.8100004196167,98.0999984741211,11.984000244140624,0.0,1200.0,True,True,True,True,True,True,True,True,True,True,True,True,True,True,True,True,False,False,False,False,False,False,False
11736224,STATE_PREFLIGHT,12.4,0.05,0.1,0.45,0.0,0.0,0.09810000419616699,0.0010000000149011613,0.0020000000298023225,0.0030000001192092896,0.12300000190734864,0.45599998474121095,0.789000015258789,980.5,25.0,0.0,0.0,0.980999984741211,1,46.5,6.6,1200.0,1.5,3.5,12,9.8100004196167,98.0999984741211,11.984000244140624,0.0,1200.0,True,True,True,True,True,True,True,True,True,True,True,True,True,True,True,True,False,False,False,False,False,False,False
11736736,STATE_PREFLIGHT,12.4,0.05,0.1,0.45,0.0,0.0,0.09810000419616699,0.0010000000149011613,0.0020000000298023225,0.0030000001192092896,0.12300000190734864,0.45599998474121095,0.789000015258789,980.5,25.0,0.0,0.0,0.980999984741211,1,46.5,6.6,1200.0,1.5,3.5,12,9.8100004196167,98.0999984741211,11.984000244140624,0.0,1200.0,True,True,True,True,True,True,True,True,True,True,True,True,True,True,True,True,False,False,False,False,False,False,False
11737246,STATE_PREFLIGHT,12.4,0.05,0.1,0.45,0.0,0.0,0.09810000419616699,0.0010000000149011613,0.0020000000298023225,0.0030000001192092896,0.12300000190734864,0.45599998474121095,0.789000015258789,980.5,25.0,0.0,0.0,0.980999984741211,1,46.5,6.6,1200.0,1.5,3.5,12,9.8100004196167,98.0999984741211,11.984000244140624,0.0,1200.0,True,True,True,True,True,True,True,True,True,True,True,True,True,True,True,True,False,False,False,False,False,False,False
11737755,STATE_PREFLIGHT,12.4,0.05,0.1,0.45,0.0,0.0,0.09810000419616699,0.0010000000149011613,0.0020000000298023225,0.0030000001192092896,0.12300000190734864,0.45599998474121095,0.789000015258789,980.5,25.0,0.0,0.0,0.980999984741211,1,46.5,6.6,1200.0,1.5,3.5,12,9.8100004196167,98.0999984741211,11.984000244140624,0.0,1200.0,True,True,True,True,True,True,True,True,True,True,True,True,True,True,True,True,False,False,False,False,False,False,False
11738266,STATE_PREFLIGHT,12.4,0.05,0.1,0.45,0.0,0.0,0.09810000419616699,0.0010000000149011613,0.0020000000298023225,0.0030000001192092896,0.12300000190734864,0.45599998474121095,0.789000015258789,980.5,25.0,0.0,0.0,0.980999984741211,1,46.5,6.6,1200.0,1.5,3.5,12,9.8100004196167,98.0999984741211,11.984000244140624,0.0,1200.0,True,True,True,True,True,True,True,True,True,True,True,True,True,True,True,True,False,False,False,False,False,False,False
11738773,STATE_PREFLIGHT,12.4,0.05,0.1,0.45,0.0,0.0,0.09810000419616699,0.0010000000149011613,0.0020000000298023225,0.0030000001192092896,0.12300000190734864,0.45599998474121095,0.789000015258789,980.5,25.0,0.0,0.0,0.980999984741211,1,46.5,6.6,1200.0,1.5,3.5,12,9.8100004196167,98.0999984741211,11.984000244140624,0.0,1200.0,True,True,True,True,True,True,True,True,True,True,True,True,True,True,True,True,False,False,False,False,False,False,False
11739281,STATE_PREFLIGHT,12.4,0.05,0.1,0.45,0.0,0.0,0.09810000419616699,0.0010000000149011613,0.0020000000298023225,0.0030000001192092896,0.12300000190734864,0.45599998474121095,0.789000015258789,980.5,25.0,0.0,0.0,0.980999984741211,1,46.5,6.6,1200.0,1.5,3.5,12,9.8100004196167,98.0999984741211,11.984000244140624,0.0,1200.0,True,True,True,True,True,True,True,True,True,True,True,True,True,True,True,True,False,False,False,False,False,False,False
11739790,STATE_PREFLIGHT,12.4,0.05,0.1,0.45,0.0,0.0,0.09810000419616699,0.0010000000149011613,0.0020000000298023225,0.0030000001192092896,0.12300000190734864,0.45599998474121095,0.789000015258789,980.5,25.0,0.0,0.0,0.980999984741211,1,46.5,6.6,1200.0,1.5,3.5,12,9.8100004196167,98.0999984741211,11.984000244140624,0.0,1200.0,True,True,True,True,True,True,True,True,True,True,True,True,True,True,True,True,False,False,False,False,False,False,False
11740297,STATE_PREFLIGHT,12.4,0.05,0.1,0.45,0.0,0.0,0.09810000419616699,0.0010000000149011613,0.0020000000298023225,0.0030000001192092896,0.12300000190734864,0.45599998474121095,0.789000015258789,980.5,25.0,0.0,0.0,0.980999984741211,1,46.5,6.6,1200.0,1.5,3.5,12,9.8100004196167,98.0999984741211,11.984000244140624,0.0,1200.0,True,True,True,True,True,True,True,True,True,True,True,True,True,True,True,True,False,False,False,False,False,False,False
11740808,STATE_PREFLIGHT,12.4,0.05,0.1,0.45,0.0,0.0,0.09810000419616699,0.0010000000149011613,0.0020000000298023225,0.0030000001192092896,0.12300000190734864,0.45599998474121095,0.789000015258789,980.5,25.0,0.0,0.0,0.980999984741211,1,46.5,6.6,1200.0,1.5,3.5,12,9.8100004196167,98.0999984741211,11.984000244140624,0.0,1200.0,True,True,True,True,True,True,True,True,True,True,True,True,True,True,True,True,False,False,False,False,False,False,False
11741317,STATE_PREFLIGHT,12.4,0.05,0.1,0.45,0.0,0.0,0.09810000419616699,0.0010000000149011613,0.0020000000298023225,0.0030000001192092896,0.12300000190734864,0.45599998474121095,0.789000015258789,980.5,25.0,0.0,0.0,0.980999984741211,1,46.5,6.6,1200.0,1.5,3.5,12,9.8100004196167,98.0999984741211,11.984000244140624,0.0,1200.0,True,True,True,True,True,True,True,True,True,True,True,True,True,True,True,True,False,False,False,False,False,False,False
11741824,STATE_PREFLIGHT,12.4,0.05,0.1,0.45,0.0,0.0,0.09810000419616699,0.0010000000149011613,0.0020000000298023225,0.0030000001192092896,0.12300000190734864,0.45599998474121095,0.789000015258789,980.5,25.0,0.0,0.0,0.980999984741211,1,46.5,6.6,1200.0,1.5,3.5,12,9.8100004196167,98.0999984741211,11.984000244140624,0.0,1200.0,True,True,True,True,True,True,True,True,True,True,True,True,True,True,True,True,False,False,False,False,False,False,False
11742335,STATE_PREFLIGHT,12.4,0.05,0.1,0.45,0.0,0.0,0.09810000419616699,0.0010000000149011613,0.0020000000298023225,0.0030000001192092896,0.12300000190734864,0.45599998474121095,0.789000015258789,980.5,25.0,0.0,0.0,0.980999984741211,1,46.5,6.6,1200.0,1.5,3.5,12,9.8100004196167,98.0999984741211,11.984000244140624,0.0,1200.0,True,True,True,True,True,True,True,True,True,True,True,True,True,True,True,True,False,False,False,False,False,False,False
11742847,STATE_PREFLIGHT,12.4,0.05,0.1,0.45,0.0,0.0,0.09810000419616699,0.0010000000149011613,0.0020000000298023225,0.0030000001192092896,0.12300000190734864,0.45599998474121095,0.789000015258789,980.5,25.0,0.0,0.0,0.980999984741211,1,46.5,6.6,1200.0,1.5,3.5,12,9.8100004196167,98.0999984741211,11.984000244140624,0.0,1200.0,True,True,True,True,True,True,True,True,True,True,True,True,True,True,True,True,False,False,False,False,False,False,False
11743352,STATE_PREFLIGHT,12.4,0.05,0.1,0.45,0.0,0.0,0.09810000419616699,0.0010000000149011613,0.0020000000298023225,0.0030000001192092896,0.12300000190734864,0.45599998474121095,0.789000015258789,980.5,25.0,0.0,0.0,0.980999984741211,1,46.5,6.6,1200.0,1.5,3.5,12,9.8100004196167,98.0999984741211,11.984000244140624,0.0,1200.0,True,True,True,True,True,True,True,True,True,True,True,True,True,True,True,True,False,False,False,False,False,False,False
11743863,STATE_PREFLIGHT,12.4,0.05,0.1,0.45,0.0,0.0,0.09810000419616699,0.0010000000149011613,0.0020000000298023225,0.0030000001192092896,0.12300000190734864,0.45599998474121095,0.789000015258789,980.5,25.0,0.0,0.0,0.980999984741211,1,46.5,6.6,1200.0,1.5,3.5,12,9.8100004196167,98.0999984741211,11.984000244140624,0.0,1200.0,True,True,True,True,True,True,True,True,True,True,True,True,True,True,True,True,False,False,False,False,False,False,False
11744371,STATE_PREFLIGHT,12.4,0.05,0.1,0.45,0.0,0.0,0.09810000419616699,0.0010000000149011613,0.0020000000298023225,0.0030000001192092896,0.12300000190734864,0.45599998474121095,0.789000015258789,980.5,25.0,0.0,0.0,0.980999984741211,1,46.5,6.6,1200.0,1.5,3.5,12,9.8100004196167,98.0999984741211,11.984000244140624,0.0,1200.0,True,True,True,True,True,True,True,True,True,True,True,True,True,True,True,True,False,False,False,False,False,False,False
11744880,STATE_PREFLIGHT,12.4,0.05,0.1,0.45,0.0,0.0,0.09810000419616699,0.0010000000149011613,0.0020000000298023225,0.0030000001192092896,0.12300000190734864,0.45599998474121095,0.789000015258789,980.5,25.0,0.0,0.0,0.980999984741211,1,46.5,6.6,1200.0,1.5,3.5,12,9.8100004196167,98.0999984741211,11.984000244140624,0.0,1200.0,True,True,True,True,True,True,True,True,True,True,True,True,True,True,True,True,False,False,False,False,False,False,False
11745391,STATE_PREFLIGHT,12.4,0.05,0.1,0.45,0.0,0.0,0.09810000419616699,0.0010000000149011613,0.0020000000298023225,0.0030000001192092896,0.12300000190734864,0.45599998474121095,0.789000015258789,980.5,25.0,0.0,0.0,0.980999984741211,1,46.5,6.6,1200.0,1.5,3.5,12,9.8100004196167,98.0999984741211,11.984000244140624,0.0,1200.0,True,True,True,True,True,True,True,True,True,True,True,True,True,True,True,True,False,False,False,False,False,False,False
11745902,STATE_PREFLIGHT,12.4,0.05,0.1,0.45,0.0,0.0,0.09810000419616699,0.0010000000149011613,0.0020000000298023225,0.0030000001192092896,0.12300000190734864,0.45599998474121095,0.789000015258789,980.5,25.0,0.0,0.0,0.980999984741211,1,46.5,6.6,1200.0,1.5,3.5,12,9.8100004196167,98.0999984741211,11.984000244140624,0.0,1200.0,True,True,True,True,True,True,True,True,True,True,True,True,True,True,True,True,False,False,False,False,False,False,False
11746414,STATE_PREFLIGHT,12.4,0.05,0.1,0.45,0.0,0.0,0.09810000419616699,0.0010000000149011613,0.0020000000298023225,0.0030000001192092896,0.12300000190734864,0.45599998474121095,0.789000015258789,980.5,25.0,0.0,0.0,0.980999984741211,1,46.5,6.6,1200.0,1.5,3.5,12,9.8100004196167,98.0999984741211,11.984000244140624,0.0,1200.0,True,True,True,True,True,True,True,True,True,True,True,True,True,True,True,True,False,False,False,False,False,False,False
11746921,STATE_PREFLIGHT,12.4,0.05,0.1,0.45,0.0,0.0,0.09810000419616699,0.0010000000149011613,0.0020000000298023225,0.0030000001192092896,0.12300000190734864,0.45599998474121095,0.789000015258789,980.5,25.0,0.0,0.0,0.980999984741211,1,46.5,6.6,1200.0,1.5,3.5,12,9.8100004196167,98.0999984741211,11.984000244140624,0.0,1200.0,True,True,True,True,True,True,True,True,True,True,True,True,True,True,True,True,False,False,False,False,False,False,False
11747429,STATE_PREFLIGHT,12.4,0.05,0.1,0.45,0.0,0.0,0.09810000419616699,0.0010000000149011613,0.0020000000298023225,0.0030000001192092896,0.12300000190734864,0.45599998474121095,0.789000015258789,980.5,25.0,0.0,0.0,0.980999984741211,1,46.5,6.6,1200.0,1.5,3.5,12,9.8100004196167,98.0999984741211,11.984000244140624,0.0,1200.0,True,True,True,True,True,True,True,True,True,True,True,True,True,True,True,True,False,False,False,False,False,False,False
11747940,STATE_PREFLIGHT,12.4,0.05,0.1,0.45,0.0,0.0,0.09810000419616699,0.0010000000149011613,0.0020000000298023225,0.0030000001192092896,0.12300000190734864,0.45599998474121095,0.789000015258789,980.5,25.0,0.0,0.0,0.980999984741211,1,46.5,6.6,1200.0,1.5,3.5,12,9.8100004196167,98.0999984741211,11.984000244140624,0.0,1200.0,True,True,True,True,True,True,True,True,True,True,True,True,True,True,True,True,False,False,False,False,False,False,False
11748451,STATE_PREFLIGHT,12.4,0.05,0.1,0.45,0.0,0.0,0.09810000419616699,0.0010000000149011613,0.0020000000298023225,0.0030000001192092896,0.12300000190734864,0.45599998474121095,0.789000015258789,980.5,25.0,0.0,0.0,0.980999984741211,1,46.5,6.6,1200.0,1.5,3.5,12,9.8100004196167,98.0999984741211,11.984000244140624,0.0,1200.0,True,True,True,True,True,True,True,True,True,True,True,True,True,True,True,True,False,False,False,False,False,False,False
11748959,STATE_PREFLIGHT,12.4,0.05,0.1,0.45,0.0,0.0,0.09810000419616699,0.0010000000149011613,0.0020000000298023225,0.0030000001192092896,0.12300000190734864,0.45599998474121095,0.789000015258789,980.5,25.0,0.0,0.0,0.980999984741211,1,46.5,6.6,1200.0,1.5,3.5,12,9.8100004196167,98.0999984741211,11.984000244140624,0.0,1200.0,True,True,True,True,True,True,True,True,True,True,True,True,True,True,True,True,False,False,False,False,False,False,False
11749463,STATE_PREFLIGHT,12.4,0.05,0.1,0.45,0.0,0.0,0.09810000419616699,0.0010000000149011613,0.0020000000298023225,0.0030000001192092896,0.12300000190734864,0.45599998474121095,0.789000015258789,980.5,25.0,0.0,0.0,0.980999984741211,1,46.5,6.6,1200.0,1.5,3.5,12,9.8100004196167,98.0999984741211,11.984000244140624,0.0,1200.0,True,True,True,True,True,True,True,True,True,True,True,True,True,True,True,True,False,False,False,False,False,False,False
11749970,STATE_PREFLIGHT,12.4,0.05,0.1,0.45,0.0,0.0,0.09810000419616699,0.0010000000149011613,0.0020000000298023225,0.0030000001192092896,0.12300000190734864,0.45599998474121095,0.789000015258789,980.5,25.0,0.0,0.0,0.980999984741211,1,46.5,6.6,1200.0,1.5,3.5,12,9.8100004196167,98.0999984741211,11.984000244140624,0.0,1200.0,True,True,True,True,True,True,True,True,True,True,True,True,True,True,True,True,False,False,False,False,False,False,False
11750481,STATE_PREFLIGHT,12.4,0.05,0.1,0.45,0.0,0.0,0.09810000419616699,0.0010000000149011613,0.0020000000298023225,0.0030000001192092896,0.12300000190734864,0.45599998474121095,0.789000015258789,980.5,25.0,0.0,0.0,0.980999984741211,1,46.5,6.6,1200.0,1.5,3.5,12,9.8100004196167,98.0999984741211,11.984000244140624,0.0,1200.0,True,True,True,True,True,True,True,True,True,True,True,True,True,True,True,True,False,False,False,False,False,False,False
11750988,STATE_PREFLIGHT,12.4,0.05,0.1,0.45,0.0,0.0,0.09810000419616699,0.0010000000149011613,0.0020000000298023225,0.0030000001192092896,0.12300000190734864,0.45599998474121095,0.789000015258789,980.5,25.0,0.0,0.0,0.980999984741211,1,46.5,6.6,1200.0,1.5,3.5,12,9.8100004196167,98.0999984741211,11.984000244140624,0.0,1200.0,True,True,True,True,True,True,True,True,True,True,True,True,True,True,True,True,False,False,False,False,False,False,False
11751497,STATE_PREFLIGHT,12.4,0.05,0.1,0.45,0.0,0.0,0.09810000419616699,0.0010000000149011613,0.0020000000298023225,0.0030000001192092896,0.12300000190734864,0.45599998474121095,0.789000015258789,980.5,25.0,0.0,0.0,0.980999984741211,1,46.5,6.6,1200.0,1.5,3.5,12,9.8100004196167,98.0999984741211,11.984000244140624,0.0,1200.0,True,True,True,True,True,True,True,True,True,True,True,True,True,True,True,True,False,False,False,False,False,False,False
11752004,STATE_PREFLIGHT,12.4,0.05,0.1,0.45,0.0,0.0,0.09810000419616699,0.0010000000149011613,0.0020000000298023225,0.0030000001192092896,0.12300000190734864,0.45599998474121095,0.789000015258789,980.5,25.0,0.0,0.0,0.980999984741211,1,46.5,6.6,1200.0,1.5,3.5,12,9.8100004196167,98.0999984741211,11.984000244140624,0.0,1200.0,True,True,True,True,True,True,True,True,True,True,True,True,True,True,True,True,False,False,False,False,False,False,False
11752520,STATE_PREFLIGHT,12.4,0.05,0.1,0.45,0.0,0.0,0.09810000419616699,0.0010000000149011613,0.0020000000298023225,0.0030000001192092896,0.12300000190734864,0.45599998474121095,0.789000015258789,980.5,25.0,0.0,0.0,0.980999984741211,1,46.5,6.6,1200.0,1.5,3.5,12,9.8100004196167,98.0999984741211,11.984000244140624,0.0,1200.0,True,True,True,True,True,True,True,True,True,True,True,True,True,True,True,True,False,False,False,False,False,False,False
11753032,STATE_PREFLIGHT,12.4,0.05,0.1,0.45,0.0,0.0,0.09810000419616699,0.0010000000149011613,0.0020000000298023225,0.0030000001192092896,0.12300000190734864,0.45599998474121095,0.789000015258789,980.5,25.0,0.0,0.0,0.980999984741211,1,46.5,6.6,1200.0,1.5,3.5,12,9.8100004196167,98.0999984741211,11.984000244140624,0.0,1200.0,True,True,True,True,True,True,True,True,True,True,True,True,True,True,True,True,False,False,False,False,False,False,False
11753543,STATE_PREFLIGHT,12.4,0.05,0.1,0.45,0.0,0.0,0.09810000419616699,0.0010000000149011613,0.0020000000298023225,0.0030000001192092896,0.12300000190734864,0.45599998474121095,0.789000015258789,980.5,25.0,0.0,0.0,0.980999984741211,1,46.5,6.6,1200.0,1.5,3.5,12,9.8100004196167,98.0999984741211,11.984000244140624,0.0,1200.0,True,True,True,True,True,True,True,True,True,True,True,True,True,True,True,True,False,False,False,False,False,False,False
11754047,STATE_PREFLIGHT,12.4,0.05,0.1,0.45,0.0,0.0,0.09810000419616699,0.0010000000149011613,0.0020000000298023225,0.0030000001192092896,0.12300000190734864,0.45599998474121095,0.789000015258789,980.5,25.0,0.0,0.0,0.980999984741211,1,46.5,6.6,1200.0,1.5,3.5,12,9.8100004196167,98.0999984741211,11.984000244140624,0.0,1200.0,True,True,True,True,True,True,True,True,True,True,True,True,True,True,True,True,False,False,False,False,False,False,False
11754553,STATE_PREFLIGHT,12.4,0.05,0.1,0.45,0.0,0.0,0.09810000419616699,0.0010000000149011613,0.0020000000298023225,0.0030000001192092896,0.12300000190734864,0.45599998474121095,0.789000015258789,980.5,25.0,0.0,0.0,0.980999984741211,1,46.5,6.6,1200.0,1.5,3.5,12,9.8100004196167,98.0999984741211,11.984000244140624,0.0,1200.0,True,True,True,True,True,True,True,True,True,True,True,True,True,True,True,True,False,False,False,False,False,False,False
11755063,STATE_PREFLIGHT,12.4,0.05,0.1,0.45,0.0,0.0,0.09810000419616699,0.0010000000149011613,0.0020000000298023225,0.0030000001192092896,0.12300000190734864,0.45599998474121095,0.789000015258789,980.5,25.0,0.0,0.0,0.980999984741211,1,46.5,6.6,1200.0,1.5,3.5,12,9.8100004196167,98.0999984741211,11.984000244140624,0.0,1200.0,True,True,True,True,True,True,True,True,True,True,True,True,True,True,True,True,False,False,False,False,False,False,False
11755571,STATE_PREFLIGHT,12.4,0.05,0.1,0.45,0.0,0.0,0.09810000419616699,0.0010000000149011613,0.0020000000298023225,0.0030000001192092896,0.12300000190734864,0.45599998474121095,0.789000015258789,980.5,25.0,0.0,0.0,0.980999984741211,1,46.5,6.6,1200.0,1.5,3.5,12,9.8100004196167,98.0999984741211,11.984000244140624,0.0,1200.0,True,True,True,True,True,True,True,True,True,True,True,True,True,True,True,True,False,False,False,False,False,False,False
11756076,STATE_PREFLIGHT,12.4,0.05,0.1,0.45,0.0,0.0,0.09810000419616699,0.0010000000149011613,0.0020000000298023225,0.0030000001192092896,0.12300000190734864,0.45599998474121095,0.789000015258789,980.5,25.0,0.0,0.0,0.980999984741211,1,46.5,6.6,1200.0,1.5,3.5,12,9.8100004196167,98.0999984741211,11.984000244140624,0.0,1200.0,True,True,True,True,True,True,True,True,True,True,True,True,True,True,True,True,False,False,False,False,False,False,False
11756586,STATE_PREFLIGHT,12.4,0.05,0.1,0.45,0.0,0.0,0.09810000419616699,0.0010000000149011613,0.0020000000298023225,0.0030000001192092896,0.12300000190734864,0.45599998474121095,0.789000015258789,980.5,25.0,0.0,0.0,0.980999984741211,1,46.5,6.6,1200.0,1.5,3.5,12,9.8100004196167,98.0999984741211,11.984000244140624,0.0,1200.0,True,True,True,True,True,True,True,True,True,True,True,True,True,True,True,True,False,False,False,False,False,False,False
11757093,STATE_PREFLIGHT,12.4,0.05,0.1,0.45,0.0,0.0,0.09810000419616699,0.0010000000149011613,0.0020000000298023225,0.0030000001192092896,0.12300000190734864,0.45599998474121095,0.789000015258789,980.5,25.0,0.0,0.0,0.980999984741211,1,46.5,6.6,1200.0,1.5,3.5,12,9.8100004196167,98.0999984741211,11.984000244140624,0.0,1200.0,True,True,True,True,True,True,True,True,True,True,True,True,True,True,True,True,False,False,False,False,False,False,False
11757602,STATE_PREFLIGHT,12.4,0.05,0.1,0.45,0.0,0.0,0.09810000419616699,0.0010000000149011613,0.0020000000298023225,0.0030000001192092896,0.12300000190734864,0.45599998474121095,0.789000015258789,980.5,25.0,0.0,0.0,0.980999984741211,1,46.5,6.6,1200.0,1.5,3.5,12,9.8100004196167,98.0999984741211,11.984000244140624,0.0,1200.0,True,True,True,True,True,True,True,True,True,True,True,True,True,True,True,True,False,False,False,False,False,False,False
11758112,STATE_PREFLIGHT,12.4,0.05,0.1,0.45,0.0,0.0,0.09810000419616699,0.0010000000149011613,0.0020000000298023225,0.0030000001192092896,0.12300000190734864,0.45599998474121095,0.789000015258789,980.5,25.0,0.0,0.0,0.980999984741211,1,46.5,6.6,1200.0,1.5,3.5,12,9.8100004196167,98.0999984741211,11.984000244140624,0.0,1200.0,True,True,True,True,True,True,True,True,True,True,True,True,True,True,True,True,False,False,False,False,False,False,False
11758615,STATE_PREFLIGHT,12.4,0.05,0.1,0.45,0.0,0.0,0.09810000419616699,0.0010000000149011613,0.0020000000298023225,0.0030000001192092896,0.12300000190734864,0.45599998474121095,0.789000015258789,980.5,25.0,0.0,0.0,0.980999984741211,1,46.5,6.6,1200.0,1.5,3.5,12,9.8100004196167,98.0999984741211,11.984000244140624,0.0,1200.0,True,True,True,True,True,True,True,True,True,True,True,True,True,True,True,True,False,False,False,False,False,False,False
11759125,STATE_PREFLIGHT,12.4,0.05,0.1,0.45,0.0,0.0,0.09810000419616699,0.0010000000149011613,0.0020000000298023225,0.0030000001192092896,0.12300000190734864,0.45599998474121095,0.789000015258789,980.5,25.0,0.0,0.0,0.980999984741211,1,46.5,6.6,1200.0,1.5,3.5,12,9.8100004196167,98.0999984741211,11.984000244140624,0.0,1200.0,True,True,True,True,True,True,True,True,True,True,True,True,True,True,True,True,False,False,False,False,False,False,False
11759632,STATE_PREFLIGHT,12.4,0.05,0.1,0.45,0.0,0.0,0.09810000419616699,0.0010000000149011613,0.0020000000298023225,0.0030000001192092896,0.12300000190734864,0.45599998474121095,0.789000015258789,980.5,25.0,0.0,0.0,0.980999984741211,1,46.5,6.6,1200.0,1.5,3.5,12,9.8100004196167,98.0999984741211,11.984000244140624,0.0,1200.0,True,True,True,True,True,True,True,True,True,True,True,True,True,True,True,True,False,False,False,False,False,False,False
11760135,STATE_PREFLIGHT,12.4,0.05,0.1,0.45,0.0,0.0,0.09810000419616699,0.0010000000149011613,0.0020000000298023225,0.0030000001192092896,0.12300000190734864,0.45599998474121095,0.789000015258789,980.5,25.0,0.0,0.0,0.980999984741211,1,46.5,6.6,1200.0,1.5,3.5,12,9.8100004196167,98.0999984741211,11.984000244140624,0.0,1200.0,True,True,True,True,True,True,True,True,True,True,True,True,True,True,True,True,False,False,False,False,False,False,False
11760638,STATE_PREFLIGHT,12.4,0.05,0.1,0.45,0.0,0.0,0.09810000419616699,0.0010000000149011613,0.0020000000298023225,0.0030000001192092896,0.12300000190734864,0.45599998474121095,0.789000015258789,980.5,25.0,0.0,0.0,0.980999984741211,1,46.5,6.6,1200.0,1.5,3.5,12,9.8100004196167,98.0999984741211,11.984000244140624,0.0,1200.0,True,True,True,True,True,True,True,True,True,True,True,True,True,True,True,True,False,False,False,False,False,False,False
11761147,STATE_PREFLIGHT,12.4,0.05,0.1,0.45,0.0,0.0,0.09810000419616699,0.0010000000149011613,0.0020000000298023225,0.0030000001192092896,0.12300000190734864,0.45599998474121095,0.789000015258789,980.5,25.0,0.0,0.0,0.980999984741211,1,46.5,6.6,1200.0,1.5,3.5,12,9.8100004196167,98.0999984741211,11.984000244140624,0.0,1200.0,True,True,True,True,True,True,True,True,True,True,True,True,True,True,True,True,False,False,False,False,False,False,False
11761657,STATE_PREFLIGHT,12.4,0.05,0.1,0.45,0.0,0.0,0.09810000419616699,0.0010000000149011613,0.0020000000298023225,0.0030000001192092896,0.12300000190734864,0.45599998474121095,0.789000015258789,980.5,25.0,0.0,0.0,0.980999984741211,1,46.5,6.6,1200.0,1.5,3.5,12,9.8100004196167,98.0999984741211,11.984000244140624,0.0,1200.0,True,True,True,True,True,True,True,True,True,True,True,True,True,True,True,True,False,False,False,False,False,False,False
11762168,STATE_PREFLIGHT,12.4,0.05,0.1,0.45,0.0,0.0,0.09810000419616699,0.0010000000149011613,0.0020000000298023225,0.0030000001192092896,0.12300000190734864,0.45599998474121095,0.789000015258789,980.5,25.0,0.0,0.0,0.980999984741211,1,46.5,6.6,1200.0,1.5,3.5,12,9.8100004196167,98.0999984741211,11.984000244140624,0.0,1200.0,True,True,True,True,True,True,True,True,True,True,True,True,True,True,True,True,False,False,False,False,False,False,False
11762677,STATE_PREFLIGHT,12.4,0.05,0.1,0.45,0.0,0.0,0.09810000419616699,0.0010000000149011613,0.0020000000298023225,0.0030000001192092896,0.12300000190734864,0.45599998474121095,0.789000015258789,980.5,25.0,0.0,0.0,0.980999984741211,1,46.5,6.6,1200.0,1.5,3.5,12,9.8100004196167,98.0999984741211,11.984000244140624,0.0,1200.0,True,True,True,True,True,True,True,True,True,True,True,True,True,True,True,True,False,False,False,False,False,False,False
11763188,STATE_PREFLIGHT,12.4,0.05,0.1,0.45,0.0,0.0,0.09810000419616699,0.0010000000149011613,0.0020000000298023225,0.0030000001192092896,0.12300000190734864,0.45599998474121095,0.789000015258789,980.5,25.0,0.0,0.0,0.980999984741211,1,46.5,6.6,1200.0,1.5,3.5,12,9.8100004196167,98.0999984741211,11.984000244140624,0.0,1200.0,True,True,True,True,True,True,True,True,True,True,True,True,True,True,True,True,False,False,False,False,False,False,False
11763694,STATE_PREFLIGHT,12.4,0.05,0.1,0.45,0.0,0.0,0.09810000419616699,0.0010000000149011613,0.0020000000298023225,0.0030000001192092896,0.12300000190734864,0.45599998474121095,0.789000015258789,980.5,25.0,0.0,0.0,0.980999984741211,1,46.5,6.6,1200.0,1.5,3.5,12,9.8100004196167,98.0999984741211,11.984000244140624,0.0,1200.0,True,True,True,True,True,True,True,True,True,True,True,True,True,True,True,True,False,False,False,False,False,False,False
11764197,STATE_PREFLIGHT,12.4,0.05,0.1,0.45,0.0,0.0,0.09810000419616699,0.0010000000149011613,0.0020000000298023225,0.0030000001192092896,0.12300000190734864,0.45599998474121095,0.789000015258789,980.5,25.0,0.0,0.0,0.980999984741211,1,46.5,6.6,1200.0,1.5,3.5,12,9.8100004196167,98.0999984741211,11.984000244140624,0.0,1200.0,True,True,True,True,True,True,True,True,True,True,True,True,True,True,True,True,False,False,False,False,False,False,False
11764704,STATE_PREFLIGHT,12.4,0.05,0.1,0.45,0.0,0.0,0.09810000419616699,0.0010000000149011613,0.0020000000298023225,0.0030000001192092896,0.12300000190734864,0.45599998474121095,0.789000015258789,980.5,25.0,0.0,0.0,0.980999984741211,1,46.5,6.6,1200.0,1.5,3.5,12,9.8100004196167,98.0999984741211,11.984000244140624,0.0,1200.0,True,True,True,True,True,True,True,True,True,True,True,True,True,True,True,True,False,False,False,False,False,False,False
11765214,STATE_PREFLIGHT,12.4,0.05,0.1,0.45,0.0,0.0,0.09810000419616699,0.0010000000149011613,0.0020000000298023225,0.0030000001192092896,0.12300000190734864,0.45599998474121095,0.789000015258789,980.5,25.0,0.0,0.0,0.980999984741211,1,46.5,6.6,1200.0,1.5,3.5,12,9.8100004196167,98.0999984741211,11.984000244140624,0.0,1200.0,True,True,True,True,True,True,True,True,True,True,True,True,True,True,True,True,False,False,False,False,False,False,False
11765721,STATE_PREFLIGHT,12.4,0.05,0.1,0.45,0.0,0.0,0.09810000419616699,0.0010000000149011613,0.0020000000298023225,0.0030000001192092896,0.12300000190734864,0.45599998474121095,0.789000015258789,980.5,25.0,0.0,0.0,0.980999984741211,1,46.5,6.6,1200.0,1.5,3.5,12,9.8100004196167,98.0999984741211,11.984000244140624,0.0,1200.0,True,True,True,True,True,True,True,True,True,True,True,True,True,True,True,True,False,False,False,False,False,False,False
11766231,STATE_PREFLIGHT,12.4,0.05,0.1,0.45,0.0,0.0,0.09810000419616699,0.0010000000149011613,0.0020000000298023225,0.0030000001192092896,0.12300000190734864,0.45599998474121095,0.789000015258789,980.5,25.0,0.0,0.0,0.980999984741211,1,46.5,6.6,1200.0,1.5,3.5,12,9.8100004196167,98.0999984741211,11.984000244140624,0.0,1200.0,True,True,True,True,True,True,True,True,True,True,True,True,True,True,True,True,False,False,False,False,False,False,False
11766741,STATE_PREFLIGHT,12.4,0.05,0.1,0.45,0.0,0.0,0.09810000419616699,0.0010000000149011613,0.0020000000298023225,0.0030000001192092896,0.12300000190734864,0.45599998474121095,0.789000015258789,980.5,25.0,0.0,0.0,0.980999984741211,1,46.5,6.6,1200.0,1.5,3.5,12,9.8100004196167,98.0999984741211,11.984000244140624,0.0,1200.0,True,True,True,True,True,True,True,True,True,True,True,True,True,True,True,True,False,False,False,False,False,False,False
11767247,STATE_PREFLIGHT,12.4,0.05,0.1,0.45,0.0,0.0,0.09810000419616699,0.0010000000149011613,0.0020000000298023225,0.0030000001192092896,0.12300000190734864,0.45599998474121095,0.789000015258789,980.5,25.0,0.0,0.0,0.980999984741211,1,46.5,6.6,1200.0,1.5,3.5,12,9.8100004196167,98.0999984741211,11.984000244140624,0.0,1200.0,True,True,True,True,True,True,True,True,True,True,True,True,True,True,True,True,False,False,False,False,False,False,False
11767757,STATE_PREFLIGHT,12.4,0.05,0.1,0.45,0.0,0.0,0.09810000419616699,0.0010000000149011613,0.0020000000298023225,0.0030000001192092896,0.12300000190734864,0.45599998474121095,0.789000015258789,980.5,25.0,0.0,0.0,0.980999984741211,1,46.5,6.6,1200.0,1.5,3.5,12,9.8100004196167,98.0999984741211,11.984000244140624,0.0,1200.0,True,True,True,True,True,True,True,True,True,True,True,True,True,True,True,True,False,False,False,False,False,False,False
11768267,STATE_PREFLIGHT,12.4,0.05,0.1,0.45,0.0,0.0,0.09810000419616699,0.0010000000149011613,0.0020000000298023225,0.0030000001192092896,0.12300000190734864,0.45599998474121095,0.789000015258789,980.5,25.0,0.0,0.0,0.980999984741211,1,46.5,6.6,1200.0,1.5,3.5,12,9.8100004196167,98.0999984741211,11.984000244140624,0.0,1200.0,True,True,True,True,True,True,True,True,True,True,True,True,True,True,True,True,False,False,False,False,False,False,False
11768775,STATE_PREFLIGHT,12.4,0.05,0.1,0.45,0.0,0.0,0.09810000419616699,0.0010000000149011613,0.0020000000298023225,0.0030000001192092896,0.12300000190734864,0.45599998474121095,0.789000015258789,980.5,25.0,0.0,0.0,0.980999984741211,1,46.5,6.6,1200.0,1.5,3.5,12,9.8100004196167,98.0999984741211,11.984000244140624,0.0,1200.0,True,True,True,True,True,True,True,True,True,True,True,True,True,True,True,True,False,False,False,False,False,False,False
11769281,STATE_PREFLIGHT,12.4,0.05,0.1,0.45,0.0,0.0,0.09810000419616699,0.0010000000149011613,0.0020000000298023225,0.0030000001192092896,0.12300000190734864,0.45599998474121095,0.789000015258789,980.5,25.0,0.0,0.0,0.980999984741211,1,46.5,6.6,1200.0,1.5,3.5,12,9.8100004196167,98.0999984741211,11.984000244140624,0.0,1200.0,True,True,True,True,True,True,True,True,True,True,True,True,True,True,True,True,False,False,False,False,False,False,False
11769789,STATE_PREFLIGHT,12.4,0.05,0.1,0.45,0.0,0.0,0.09810000419616699,0.0010000000149011613,0.0020000000298023225,0.0030000001192092896,0.12300000190734864,0.45599998474121095,0.789000015258789,980.5,25.0,0.0,0.0,0.980999984741211,1,46.5,6.6,1200.0,1.5,3.5,12,9.8100004196167,98.0999984741211,11.984000244140624,0.0,1200.0,True,True,True,True,True,True,True,True,True,True,True,True,True,True,True,True,False,False,False,False,False,False,False
11770297,STATE_PREFLIGHT,12.4,0.05,0.1,0.45,0.0,0.0,0.09810000419616699,0.0010000000149011613,0.0020000000298023225,0.0030000001192092896,0.12300000190734864,0.45599998474121095,0.789000015258789,980.5,25.0,0.0,0.0,0.980999984741211,1,46.5,6.6,1200.0,1.5,3.5,12,9.8100004196167,98.0999984741211,11.984000244140624,0.0,1200.0,True,True,True,True,True,True,True,True,True,True,True,True,True,True,True,True,False,False,False,False,False,False,False
11770805,STATE_PREFLIGHT,12.4,0.05,0.1,0.45,0.0,0.0,0.09810000419616699,0.0010000000149011613,0.0020000000298023225,0.0030000001192092896,0.12300000190734864,0.45599998474121095,0.789000015258789,980.5,25.0,0.0,0.0,0.980999984741211,1,46.5,6.6,1200.0,1.5,3.5,12,9.8100004196167,98.0999984741211,11.984000244140624,0.0,1200.0,True,True,True,True,True,True,True,True,True,True,True,True,True,True,True,True,False,False,False,False,False,False,False
11771314,STATE_PREFLIGHT,12.4,0.05,0.1,0.45,0.0,0.0,0.09810000419616699,0.0010000000149011613,0.0020000000298023225,0.0030000001192092896,0.12300000190734864,0.45599998474121095,0.789000015258789,980.5,25.0,0.0,0.0,0.980999984741211,1,46.5,6.6,1200.0,1.5,3.5,12,9.8100004196167,98.0999984741211,11.984000244140624,0.0,1200.0,True,True,True,True,True,True,True,True,True,True,True,True,True,True,True,True,False,False,False,False,False,False,False
11771824,STATE_PREFLIGHT,12.4,0.05,0.1,0.45,0.0,0.0,0.09810000419616699,0.0010000000149011613,0.0020000000298023225,0.0030000001192092896,0.12300000190734864,0.45599998474121095,0.789000015258789,980.5,25.0,0.0,0.0,0.980999984741211,1,46.5,6.6,1200.0,1.5,3.5,12,9.8100004196167,98.0999984741211,11.984000244140624,0.0,1200.0,True,True,True,True,True,True,True,True,True,True,True,True,True,True,True,True,False,False,False,False,False,False,False
11772335,STATE_PREFLIGHT,12.4,0.05,0.1,0.45,0.0,0.0,0.09810000419616699,0.0010000000149011613,0.0020000000298023225,0.0030000001192092896,0.12300000190734864,0.45599998474121095,0.789000015258789,980.5,25.0,0.0,0.0,0.980999984741211,1,46.5,6.6,1200.0,1.5,3.5,12,9.8100004196167,98.0999984741211,11.984000244140624,0.0,1200.0,True,True,True,True,True,True,True,True,True,True,True,True,True,True,True,True,False,False,False,False,False,False,False
11772842,STATE_PREFLIGHT,12.4,0.05,0.1,0.45,0.0,0.0,0.09810000419616699,0.0010000000149011613,0.0020000000298023225,0.0030000001192092896,0.12300000190734864,0.45599998474121095,0.789000015258789,980.5,25.0,0.0,0.0,0.980999984741211,1,46.5,6.6,1200.0,1.5,3.5,12,9.8100004196167,98.0999984741211,11.984000244140624,0.0,1200.0,True,True,True,True,True,True,True,True,True,True,True,True,True,True,True,True,False,False,False,False,False,False,False
11773353,STATE_PREFLIGHT,12.4,0.05,0.1,0.45,0.0,0.0,0.09810000419616699,0.0010000000149011613,0.0020000000298023225,0.0030000001192092896,0.12300000190734864,0.45599998474121095,0.789000015258789,980.5,25.0,0.0,0.0,0.980999984741211,1,46.5,6.6,1200.0,1.5,3.5,12,9.8100004196167,98.0999984741211,11.984000244140624,0.0,1200.0,True,True,True,True,True,True,True,True,True,True,True,True,True,True,True,True,False,False,False,False,False,False,False
11773860,STATE_PREFLIGHT,12.4,0.05,0.1,0.45,0.0,0.0,0.09810000419616699,0.0010000000149011613,0.0020000000298023225,0.0030000001192092896,0.12300000190734864,0.45599998474121095,0.789000015258789,980.5,25.0,0.0,0.0,0.980999984741211,1,46.5,6.6,1200.0,1.5,3.5,12,9.8100004196167,98.0999984741211,11.984000244140624,0.0,1200.0,True,True,True,True,True,True,True,True,True,True,True,True,True,True,True,True,False,False,False,False,False,False,False
11774371,STATE_PREFLIGHT,12.4,0.05,0.1,0.45,0.0,0.0,0.09810000419616699,0.0010000000149011613,0.0020000000298023225,0.0030000001192092896,0.12300000190734864,0.45599998474121095,0.789000015258789,980.5,25.0,0.0,0.0,0.980999984741211,1,46.5,6.6,1200.0,1.5,3.5,12,9.8100004196167,98.0999984741211,11.984000244140624,0.0,1200.0,True,True,True,True,True,True,True,True,True,True,True,True,True,True,True,True,False,False,False,False,False,False,False
11774881,STATE_PREFLIGHT,12.4,0.05,0.1,0.45,0.0,0.0,0.09810000419616699,0.0010000000149011613,0.0020000000298023225,0.0030000001192092896,0.12300000190734864,0.45599998474121095,0.789000015258789,980.5,25.0,0.0,0.0,0.980999984741211,1,46.5,6.6,1200.0,1.5,3.5,12,9.8100004196167,98.0999984741211,11.984000244140624,0.0,1200.0,True,True,True,True,True,True,True,True,True,True,True,True,True,True,True,True,False,False,False,False,False,False,False
11775387,STATE_PREFLIGHT,12.4,0.05,0.1,0.45,0.0,0.0,0.09810000419616699,0.0010000000149011613,0.0020000000298023225,0.0030000001192092896,0.12300000190734864,0.45599998474121095,0.789000015258789,980.5,25.0,0.0,0.0,0.980999984741211,1,46.5,6.6,1200.0,1.5,3.5,12,9.8100004196167,98.0999984741211,11.984000244140624,0.0,1200.0,True,True,True,True,True,True,True,True,True,True,True,True,True,True,True,True,False,False,False,False,False,False,False
11775893,STATE_PREFLIGHT,12.4,0.05,0.1,0.45,0.0,0.0,0.09810000419616699,0.0010000000149011613,0.0020000000298023225,0.0030000001192092896,0.12300000190734864,0.45599998474121095,0.789000015258789,980.5,25.0,0.0,0.0,0.980999984741211,1,46.5,6.6,1200.0,1.5,3.5,12,9.8100004196167,98.0999984741211,11.984000244140624,0.0,1200.0,True,True,True,True,True,True,True,True,True,True,True,True,True,True,True,True,False,False,False,False,False,False,False
11776403,STATE_PREFLIGHT,12.4,0.05,0.1,0.45,0.0,0.0,0.09810000419616699,0.0010000000149011613,0.0020000000298023225,0.0030000001192092896,0.12300000190734864,0.45599998474121095,0.789000015258789,980.5,25.0,0.0,0.0,0.980999984741211,1,46.5,6.6,1200.0,1.5,3.5,12,9.8100004196167,98.0999984741211,11.984000244140624,0.0,1200.0,True,True,True,True,True,True,True,True,True,True,True,True,True,True,True,True,False,False,False,False,False,False,False
11776914,STATE_PREFLIGHT,12.4,0.05,0.1,0.45,0.0,0.0,0.09810000419616699,0.0010000000149011613,0.0020000000298023225,0.0030000001192092896,0.12300000190734864,0.45599998474121095,0.789000015258789,980.5,25.0,0.0,0.0,0.980999984741211,1,46.5,6.6,1200.0,1.5,3.5,12,9.8100004196167,98.0999984741211,11.984000244140624,0.0,1200.0,True,True,True,True,True,True,True,True,True,True,True,True,True,True,True,True,False,False,False,False,False,False,False
11777421,STATE_PREFLIGHT,12.4,0.05,0.1,0.45,0.0,0.0,0.09810000419616699,0.0010000000149011613,0.0020000000298023225,0.0030000001192092896,0.12300000190734864,0.45599998474121095,0.789000015258789,980.5,25.0,0.0,0.0,0.980999984741211,1,46.5,6.6,1200.0,1.5,3.5,12,9.8100004196167,98.0999984741211,11.984000244140624,0.0,1200.0,True,True,True,True,True,True,True,True,True,True,True,True,True,True,True,True,False,False,False,False,False,False,False
11777928,STATE_PREFLIGHT,12.4,0.05,0.1,0.45,0.0,0.0,0.09810000419616699,0.0010000000149011613,0.0020000000298023225,0.0030000001192092896,0.12300000190734864,0.45599998474121095,0.789000015258789,980.5,25.0,0.0,0.0,0.980999984741211,1,46.5,6.6,1200.0,1.5,3.5,12,9.8100004196167,98.0999984741211,11.984000244140624,0.0,1200.0,True,True,True,True,True,True,True,True,True,True,True,True,True,True,True,True,False,False,False,False,False,False,False
11778437,STATE_PREFLIGHT,12.4,0.05,0.1,0.45,0.0,0.0,0.09810000419616699,0.0010000000149011613,0.0020000000298023225,0.0030000001192092896,0.12300000190734864,0.45599998474121095,0.789000015258789,980.5,25.0,0.0,0.0,0.980999984741211,1,46.5,6.6,1200.0,1.5,3.5,12,9.8100004196167,98.0999984741211,11.984000244140624,0.0,1200.0,True,True,True,True,True,True,True,True,True,True,True,True,True,True,True,True,False,False,False,False,False,False,False
11778942,STATE_PREFLIGHT,12.4,0.05,0.1,0.45,0.0,0.0,0.09810000419616699,0.0010000000149011613,0.0020000000298023225,0.0030000001192092896,0.12300000190734864,0.45599998474121095,0.789000015258789,980.5,25.0,0.0,0.0,0.980999984741211,1,46.5,6.6,1200.0,1.5,3.5,12,9.8100004196167,98.0999984741211,11.984000244140624,0.0,1200.0,True,True,True,True,True,True,True,True,True,True,True,True,True,True,True,True,False,False,False,False,False,False,False
11779453,STATE_PREFLIGHT,12.4,0.05,0.1,0.45,0.0,0.0,0.09810000419616699,0.0010000000149011613,0.0020000000298023225,0.0030000001192092896,0.12300000190734864,0.45599998474121095,0.789000015258789,980.5,25.0,0.0,0.0,0.980999984741211,1,46.5,6.6,1200.0,1.5,3.5,12,9.8100004196167,98.0999984741211,11.984000244140624,0.0,1200.0,True,True,True,True,True,True,True,True,True,True,True,True,True,True,True,True,False,False,False,False,False,False,False
11779958,STATE_PREFLIGHT,12.4,0.05,0.1,0.45,0.0,0.0,0.09810000419616699,0.0010000000149011613,0.0020000000298023225,0.0030000001192092896,0.12300000190734864,0.45599998474121095,0.789000015258789,980.5,25.0,0.0,0.0,0.980999984741211,1,46.5,6.6,1200.0,1.5,3.5,12,9.8100004196167,98.0999984741211,11.984000244140624,0.0,1200.0,True,True,True,True,True,True,True,True,True,True,True,True,True,True,True,True,False,False,False,False,False,False,False
11780469,STATE_PREFLIGHT,12.4,0.05,0.1,0.45,0.0,0.0,0.09810000419616699,0.0010000000149011613,0.0020000000298023225,0.0030000001192092896,0.12300000190734864,0.45599998474121095,0.789000015258789,980.5,25.0,0.0,0.0,0.980999984741211,1,46.5,6.6,1200.0,1.5,3.5,12,9.8100004196167,98.0999984741211,11.984000244140624,0.0,1200.0,True,True,True,True,True,True,True,True,True,True,True,True,True,True,True,True,False,False,False,False,False,False,False
11780976,STATE_PREFLIGHT,12.4,0.05,0.1,0.45,0.0,0.0,0.09810000419616699,0.0010000000149011613,0.0020000000298023225,0.0030000001192092896,0.12300000190734864,0.45599998474121095,0.789000015258789,980.5,25.0,0.0,0.0,0.980999984741211,1,46.5,6.6,1200.0,1.5,3.5,12,9.8100004196167,98.0999984741211,11.984000244140624,0.0,1200.0,True,True,True,True,True,True,True,True,True,True,True,True,True,True,True,True,False,False,False,False,False,False,False
11781487,STATE_PREFLIGHT,12.4,0.05,0.1,0.45,0.0,0.0,0.09810000419616699,0.0010000000149011613,0.0020000000298023225,0.0030000001192092896,0.12300000190734864,0.45599998474121095,0.789000015258789,980.5,25.0,0.0,0.0,0.980999984741211,1,46.5,6.6,1200.0,1.5,3.5,12,9.8100004196167,98.0999984741211,11.984000244140624,0.0,1200.0,True,True,True,True,True,True,True,True,True,True,True,True,True,True,True,True,False,False,False,False,False,False,False
11781998,STATE_PREFLIGHT,12.4,0.05,0.1,0.45,0.0,0.0,0.09810000419616699,0.0010000000149011613,0.0020000000298023225,0.0030000001192092896,0.12300000190734864,0.45599998474121095,0.789000015258789,980.5,25.0,0.0,0.0,0.980999984741211,1,46.5,6.6,1200.0,1.5,3.5,12,9.8100004196167,98.0999984741211,11.984000244140624,0.0,1200.0,True,True,True,True,True,True,True,True,True,True,True,True,True,True,True,True,False,False,False,False,False,False,False
11782504,STATE_PREFLIGHT,12.4,0.05,0.1,0.45,0.0,0.0,0.09810000419616699,0.0010000000149011613,0.0020000000298023225,0.0030000001192092896,0.12300000190734864,0.45599998474121095,0.789000015258789,980.5,25.0,0.0,0.0,0.980999984741211,1,46.5,6.6,1200.0,1.5,3.5,12,9.8100004196167,98.0999984741211,11.984000244140624,0.0,1200.0,True,True,True,True,True,True,True,True,True,True,True,True,True,True,True,True,False,False,False,False,False,False,False
11783015,STATE_PREFLIGHT,12.4,0.05,0.1,0.45,0.0,0.0,0.09810000419616699,0.0010000000149011613,0.0020000000298023225,0.0030000001192092896,0.12300000190734864,0.45599998474121095,0.789000015258789,980.5,25.0,0.0,0.0,0.980999984741211,1,46.5,6.6,1200.0,1.5,3.5,12,9.8100004196167,98.0999984741211,11.984000244140624,0.0,1200.0,True,True,True,True,True,True,True,True,True,True,True,True,True,True,True,True,False,False,False,False,False,False,False
11783521,STATE_PREFLIGHT,12.4,0.05,0.1,0.45,0.0,0.0,0.09810000419616699,0.0010000000149011613,0.0020000000298023225,0.0030000001192092896,0.12300000190734864,0.45599998474121095,0.789000015258789,980.5,25.0,0.0,0.0,0.980999984741211,1,46.5,6.6,1200.0,1.5,3.5,12,9.8100004196167,98.0999984741211,11.984000244140624,0.0,1200.0,True,True,True,True,True,True,True,True,True,True,True,True,True,True,True,True,False,False,False,False,False,False,False
11784029,STATE_PREFLIGHT,12.4,0.05,0.1,0.45,0.0,0.0,0.09810000419616699,0.0010000000149011613,0.0020000000298023225,0.0030000001192092896,0.12300000190734864,0.45599998474121095,0.789000015258789,980.5,25.0,0.0,0.0,0.980999984741211,1,46.5,6.6,1200.0,1.5,3.5,12,9.8100004196167,98.0999984741211,11.984000244140624,0.0,1200.0,True,True,True,True,True,True,True,True,True,True,True,True,True,True,True,True,False,False,False,False,False,False,False
11784539,STATE_PREFLIGHT,12.4,0.05,0.1,0.45,0.0,0.0,0.09810000419616699,0.0010000000149011613,0.0020000000298023225,0.0030000001192092896,0.12300000190734864,0.45599998474121095,0.789000015258789,980.5,25.0,0.0,0.0,0.980999984741211,1,46.5,6.6,1200.0,1.5,3.5,12,9.8100004196167,98.0999984741211,11.984000244140624,0.0,1200.0,True,True,True,True,True,True,True,True,True,True,True,True,True,True,True,True,False,False,False,False,False,False,False
11785047,STATE_PREFLIGHT,12.4,0.05,0.1,0.45,0.0,0.0,0.09810000419616699,0.0010000000149011613,0.0020000000298023225,0.0030000001192092896,0.12300000190734864,0.45599998474121095,0.789000015258789,980.5,25.0,0.0,0.0,0.980999984741211,1,46.5,6.6,1200.0,1.5,3.5,12,9.8100004196167,98.0999984741211,11.984000244140624,0.0,1200.0,True,True,True,True,True,True,True,True,True,True,True,True,True,True,True,True,False,False,False,False,False,False,False
11785558,STATE_PREFLIGHT,12.4,0.05,0.1,0.45,0.0,0.0,0.09810000419616699,0.0010000000149011613,0.0020000000298023225,0.0030000001192092896,0.12300000190734864,0.45599998474121095,0.789000015258789,980.5,25.0,0.0,0.0,0.980999984741211,1,46.5,6.6,1200.0,1.5,3.5,12,9.8100004196167,98.0999984741211,11.984000244140624,0.0,1200.0,True,True,True,True,True,True,True,True,True,True,True,True,True,True,True,True,False,False,False,False,False,False,False
11786070,STATE_PREFLIGHT,12.4,0.05,0.1,0.45,0.0,0.0,0.09810000419616699,0.0010000000149011613,0.0020000000298023225,0.0030000001192092896,0.12300000190734864,0.45599998474121095,0.789000015258789,980.5,25.0,0.0,0.0,0.980999984741211,1,46.5,6.6,1200.0,1.5,3.5,12,9.8100004196167,98.0999984741211,11.984000244140624,0.0,1200.0,True,True,True,True,True,True,True,True,True,True,True,True,True,True,True,True,False,False,False,False,False,False,False
11786581,STATE_PREFLIGHT,12.4,0.05,0.1,0.45,0.0,0.0,0.09810000419616699,0.0010000000149011613,0.0020000000298023225,0.0030000001192092896,0.12300000190734864,0.45599998474121095,0.789000015258789,980.5,25.0,0.0,0.0,0.980999984741211,1,46.5,6.6,1200.0,1.5,3.5,12,9.8100004196167,98.0999984741211,11.984000244140624,0.0,1200.0,True,True,True,True,True,True,True,True,True,True,True,True,True,True,True,True,False,False,False,False,False,False,False
11787089,STATE_PREFLIGHT,12.4,0.05,0.1,0.45,0.0,0.0,0.09810000419616699,0.0010000000149011613,0.0020000000298023225,0.0030000001192092896,0.12300000190734864,0.45599998474121095,0.789000015258789,980.5,25.0,0.0,0.0,0.980999984741211,1,46.5,6.6,1200.0,1.5,3.5,12,9.8100004196167,98.0999984741211,11.984000244140624,0.0,1200.0,True,True,True,True,True,True,True,True,True,True,True,True,True,True,True,True,False,False,False,False,False,False,False
11787600,STATE_PREFLIGHT,12.4,0.05,0.1,0.45,0.0,0.0,0.09810000419616699,0.0010000000149011613,0.0020000000298023225,0.0030000001192092896,0.12300000190734864,0.45599998474121095,0.789000015258789,980.5,25.0,0.0,0.0,0.980999984741211,1,46.5,6.6,1200.0,1.5,3.5,12,9.8100004196167,98.0999984741211,11.984000244140624,0.0,1200.0,True,True,True,True,True,True,True,True,True,True,True,True,True,True,True,True,False,False,False,False,False,False,False
11788107,STATE_PREFLIGHT,12.4,0.05,0.1,0.45,0.0,0.0,0.09810000419616699,0.0010000000149011613,0.0020000000298023225,0.0030000001192092896,0.12300000190734864,0.45599998474121095,0.789000015258789,980.5,25.0,0.0,0.0,0.980999984741211,1,46.5,6.6,1200.0,1.5,3.5,12,9.8100004196167,98.0999984741211,11.984000244140624,0.0,1200.0,True,True,True,True,True,True,True,True,True,True,True,True,True,True,True,True,False,False,False,False,False,False,False
11788618,STATE_PREFLIGHT,12.4,0.05,0.1,0.45,0.0,0.0,0.09810000419616699,0.0010000000149011613,0.0020000000298023225,0.0030000001192092896,0.12300000190734864,0.45599998474121095,0.789000015258789,980.5,25.0,0.0,0.0,0.980999984741211,1,46.5,6.6,1200.0,1.5,3.5,12,9.8100004196167,98.0999984741211,11.984000244140624,0.0,1200.0,True,True,True,True,True,True,True,True,True,True,True,True,True,True,True,True,False,False,False,False,False,False,False
11789129,STATE_PREFLIGHT,12.4,0.05,0.1,0.45,0.0,0.0,0.09810000419616699,0.0010000000149011613,0.0020000000298023225,0.0030000001192092896,0.12300000190734864,0.45599998474121095,0.789000015258789,980.5,25.0,0.0,0.0,0.980999984741211,1,46.5,6.6,1200.0,1.5,3.5,12,9.8100004196167,98.0999984741211,11.984000244140624,0.0,1200.0,True,True,True,True,True,True,True,True,True,True,True,True,True,True,True,True,False,False,False,False,False,False,False
11789638,STATE_PREFLIGHT,12.4,0.05,0.1,0.45,0.0,0.0,0.09810000419616699,0.0010000000149011613,0.0020000000298023225,0.0030000001192092896,0.12300000190734864,0.45599998474121095,0.789000015258789,980.5,25.0,0.0,0.0,0.980999984741211,1,46.5,6.6,1200.0,1.5,3.5,12,9.8100004196167,98.0999984741211,11.984000244140624,0.0,1200.0,True,True,True,True,True,True,True,True,True,True,True,True,True,True,True,True,False,False,False,False,False,False,False
11790147,STATE_PREFLIGHT,12.4,0.05,0.1,0.45,0.0,0.0,0.09810000419616699,0.0010000000149011613,0.0020000000298023225,0.0030000001192092896,0.12300000190734864,0.45599998474121095,0.789000015258789,980.5,25.0,0.0,0.0,0.980999984741211,1,46.5,6.6,1200.0,1.5,3.5,12,9.8100004196167,98.0999984741211,11.984000244140624,0.0,1200.0,True,True,True,True,True,True,True,True,True,True,True,True,True,True,True,True,False,False,False,False,False,False,False
11790654,STATE_PREFLIGHT,12.4,0.05,0.1,0.45,0.0,0.0,0.09810000419616699,0.0010000000149011613,0.0020000000298023225,0.0030000001192092896,0.12300000190734864,0.45599998474121095,0.789000015258789,980.5,25.0,0.0,0.0,0.980999984741211,1,46.5,6.6,1200.0,1.5,3.5,12,9.8100004196167,98.0999984741211,11.984000244140624,0.0,1200.0,True,True,True,True,True,True,True,True,True,True,True,True,True,True,True,True,False,False,False,False,False,False,False
11791163,STATE_PREFLIGHT,12.4,0.05,0.1,0.45,0.0,0.0,0.09810000419616699,0.0010000000149011613,0.0020000000298023225,0.0030000001192092896,0.12300000190734864,0.45599998474121095,0.789000015258789,980.5,25.0,0.0,0.0,0.980999984741211,1,46.5,6.6,1200.0,1.5,3.5,12,9.8100004196167,98.0999984741211,11.984000244140624,0.0,1200.0,True,True,True,True,True,True,True,True,True,True,True,True,True,True,True,True,False,False,False,False,False,False,False
11791669,STATE_PREFLIGHT,12.4,0.05,0.1,0.45,0.0,0.0,0.09810000419616699,0.0010000000149011613,0.0020000000298023225,0.0030000001192092896,0.12300000190734864,0.45599998474121095,0.789000015258789,980.5,25.0,0.0,0.0,0.980999984741211,1,46.5,6.6,1200.0,1.5,3.5,12,9.8100004196167,98.0999984741211,11.984000244140624,0.0,1200.0,True,True,True,True,True,True,True,True,True,True,True,True,True,True,True,True,False,False,False,False,False,False,False
11792180,STATE_PREFLIGHT,12.4,0.05,0.1,0.45,0.0,0.0,0.09810000419616699,0.0010000000149011613,0.0020000000298023225,0.0030000001192092896,0.12300000190734864,0.45599998474121095,0.789000015258789,980.5,25.0,0.0,0.0,0.980999984741211,1,46.5,6.6,1200.0,1.5,3.5,12,9.8100004196167,98.0999984741211,11.984000244140624,0.0,1200.0,True,True,True,True,True,True,True,True,True,True,True,True,True,True,True,True,False,False,False,False,False,False,False
11792688,STATE_PREFLIGHT,12.4,0.05,0.1,0.45,0.0,0.0,0.09810000419616699,0.0010000000149011613,0.0020000000298023225,0.0030000001192092896,0.12300000190734864,0.45599998474121095,0.789000015258789,980.5,25.0,0.0,0.0,0.980999984741211,1,46.5,6.6,1200.0,1.5,3.5,12,9.8100004196167,98.0999984741211,11.984000244140624,0.0,1200.0,True,True,True,True,True,True,True,True,True,True,True,True,True,True,True,True,False,False,False,False,False,False,False
11793192,STATE_PREFLIGHT,12.4,0.05,0.1,0.45,0.0,0.0,0.09810000419616699,0.0010000000149011613,0.0020000000298023225,0.0030000001192092896,0.12300000190734864,0.45599998474121095,0.789000015258789,980.5,25.0,0.0,0.0,0.980999984741211,1,46.5,6.6,1200.0,1.5,3.5,12,9.8100004196167,98.0999984741211,11.984000244140624,0.0,1200.0,True,True,True,True,True,True,True,True,True,True,True,True,True,True,True,True,False,False,False,False,False,False,False
11793699,STATE_PREFLIGHT,12.4,0.05,0.1,0.45,0.0,0.0,0.09810000419616699,0.0010000000149011613,0.0020000000298023225,0.0030000001192092896,0.12300000190734864,0.45599998474121095,0.789000015258789,980.5,25.0,0.0,0.0,0.980999984741211,1,46.5,6.6,1200.0,1.5,3.5,12,9.8100004196167,98.0999984741211,11.984000244140624,0.0,1200.0,True,True,True,True,True,True,True,True,True,True,True,True,True,True,True,True,False,False,False,False,False,False,False
11794209,STATE_PREFLIGHT,12.4,0.05,0.1,0.45,0.0,0.0,0.09810000419616699,0.0010000000149011613,0.0020000000298023225,0.0030000001192092896,0.12300000190734864,0.45599998474121095,0.789000015258789,980.5,25.0,0.0,0.0,0.980999984741211,1,46.5,6.6,1200.0,1.5,3.5,12,9.8100004196167,98.0999984741211,11.984000244140624,0.0,1200.0,True,True,True,True,True,True,True,True,True,True,True,True,True,True,True,True,False,False,False,False,False,False,False
11794716,STATE_PREFLIGHT,12.4,0.05,0.1,0.45,0.0,0.0,0.09810000419616699,0.0010000000149011613,0.0020000000298023225,0.0030000001192092896,0.12300000190734864,0.45599998474121095,0.789000015258789,980.5,25.0,0.0,0.0,0.980999984741211,1,46.5,6.6,1200.0,1.5,3.5,12,9.8100004196167,98.0999984741211,11.984000244140624,0.0,1200.0,True,True,True,True,True,True,True,True,True,True,True,True,True,True,True,True,False,False,False,False,False,False,False
11795222,STATE_PREFLIGHT,12.4,0.05,0.1,0.45,0.0,0.0,0.09810000419616699,0.0010000000149011613,0.0020000000298023225,0.0030000001192092896,0.12300000190734864,0.45599998474121095,0.789000015258789,980.5,25.0,0.0,0.0,0.980999984741211,1,46.5,6.6,1200.0,1.5,3.5,12,9.8100004196167,98.0999984741211,11.984000244140624,0.0,1200.0,True,True,True,True,True,True,True,True,True,True,True,True,True,True,True,True,False,False,False,False,False,False,False
11795731,STATE_PREFLIGHT,12.4,0.05,0.1,0.45,0.0,0.0,0.09810000419616699,0.0010000000149011613,0.0020000000298023225,0.0030000001192092896,0.12300000190734864,0.45599998474121095,0.789000015258789,980.5,25.0,0.0,0.0,0.980999984741211,1,46.5,6.6,1200.0,1.5,3.5,12,9.8100004196167,98.0999984741211,11.984000244140624,0.0,1200.0,True,True,True,True,True,True,True,True,True,True,True,True,True,True,True,True,False,False,False,False,False,False,False
11796241,STATE_PREFLIGHT,12.4,0.05,0.1,0.45,0.0,0.0,0.09810000419616699,0.0010000000149011613,0.0020000000298023225,0.0030000001192092896,0.12300000190734864,0.45599998474121095,0.789000015258789,980.5,25.0,0.0,0.0,0.980999984741211,1,46.5,6.6,1200.0,1.5,3.5,12,9.8100004196167,98.0999984741211,11.984000244140624,0.0,1200.0,True,True,True,True,True,True,True,True,True,True,True,True,True,True,True,True,False,False,False,False,False,False,False
11796748,STATE_PREFLIGHT,12.4,0.05,0.1,0.45,0.0,0.0,0.09810000419616699,0.0010000000149011613,0.0020000000298023225,0.0030000001192092896,0.12300000190734864,0.45599998474121095,0.789000015258789,980.5,25.0,0.0,0.0,0.980999984741211,1,46.5,6.6,1200.0,1.5,3.5,12,9.8100004196167,98.0999984741211,11.984000244140624,0.0,1200.0,True,True,True,True,True,True,True,True,True,True,True,True,True,True,True,True,False,False,False,False,False,False,False
11797254,STATE_PREFLIGHT,12.4,0.05,0.1,0.45,0.0,0.0,0.09810000419616699,0.0010000000149011613,0.0020000000298023225,0.0030000001192092896,0.12300000190734864,0.45599998474121095,0.789000015258789,980.5,25.0,0.0,0.0,0.980999984741211,1,46.5,6.6,1200.0,1.5,3.5,12,9.8100004196167,98.0999984741211,11.984000244140624,0.0,1200.0,True,True,True,True,True,True,True,True,True,True,True,True,True,True,True,True,False,False,False,False,False,False,False
11797765,STATE_PREFLIGHT,12.4,0.05,0.1,0.45,0.0,0.0,0.09810000419616699,0.0010000000149011613,0.0020000000298023225,0.0030000001192092896,0.12300000190734864,0.45599998474121095,0.789000015258789,980.5,25.0,0.0,0.0,0.980999984741211,1,46.5,6.6,1200.0,1.5,3.5,12,9.8100004196167,98.0999984741211,11.984000244140624,0.0,1200.0,True,True,True,True,True,True,True,True,True,True,True,True,True,True,True,True,False,False,False,False,False,False,False
11798275,STATE_PREFLIGHT,12.4,0.05,0.1,0.45,0.0,0.0,0.09810000419616699,0.0010000000149011613,0.0020000000298023225,0.0030000001192092896,0.12300000190734864,0.45599998474121095,0.789000015258789,980.5,25.0,0.0,0.0,0.980999984741211,1,46.5,6.6,1200.0,1.5,3.5,12,9.8100004196167,98.0999984741211,11.984000244140624,0.0,1200.0,True,True,True,True,True,True,True,True,True,True,True,True,True,True,True,True,False,False,False,False,False,False,False
11798782,STATE_PREFLIGHT,12.4,0.05,0.1,0.45,0.0,0.0,0.09810000419616699,0.0010000000149011613,0.0020000000298023225,0.0030000001192092896,0.12300000190734864,0.45599998474121095,0.789000015258789,980.5,25.0,0.0,0.0,0.980999984741211,1,46.5,6.6,1200.0,1.5,3.5,12,9.8100004196167,98.0999984741211,11.984000244140624,0.0,1200.0,True,True,True,True,True,True,True,True,True,True,True,True,True,True,True,True,False,False,False,False,False,False,False
11799285,STATE_PREFLIGHT,12.4,0.05,0.1,0.45,0.0,0.0,0.09810000419616699,0.0010000000149011613,0.0020000000298023225,0.0030000001192092896,0.12300000190734864,0.45599998474121095,0.789000015258789,980.5,25.0,0.0,0.0,0.980999984741211,1,46.5,6.6,1200.0,1.5,3.5,12,9.8100004196167,98.0999984741211,11.984000244140624,0.0,1200.0,True,True,True,True,True,True,True,True,True,True,True,True,True,True,True,True,False,False,False,False,False,False,False
11799794,STATE_PREFLIGHT,12.4,0.05,0.1,0.45,0.0,0.0,0.09810000419616699,0.0010000000149011613,0.0020000000298023225,0.0030000001192092896,0.12300000190734864,0.45599998474121095,0.789000015258789,980.5,25.0,0.0,0.0,0.980999984741211,1,46.5,6.6,1200.0,1.5,3.5,12,9.8100004196167,98.0999984741211,11.984000244140624,0.0,1200.0,True,True,True,True,True,True,True,True,True,True,True,True,True,True,True,True,False,False,False,False,False,False,False
11800302,STATE_PREFLIGHT,12.4,0.05,0.1,0.45,0.0,0.0,0.09810000419616699,0.0010000000149011613,0.0020000000298023225,0.0030000001192092896,0.12300000190734864,0.45599998474121095,0.789000015258789,980.5,25.0,0.0,0.0,0.980999984741211,1,46.5,6.6,1200.0,1.5,3.5,12,9.8100004196167,98.0999984741211,11.984000244140624,0.0,1200.0,True,True,True,True,True,True,True,True,True,True,True,True,True,True,True,True,False,False,False,False,False,False,False
11800813,STATE_PREFLIGHT,12.4,0.05,0.1,0.45,0.0,0.0,0.09810000419616699,0.0010000000149011613,0.0020000000298023225,0.0030000001192092896,0.12300000190734864,0.45599998474121095,0.789000015258789,980.5,25.0,0.0,0.0,0.980999984741211,1,46.5,6.6,1200.0,1.5,3.5,12,9.8100004196167,98.0999984741211,11.984000244140624,0.0,1200.0,True,True,True,True,True,True,True,True,True,True,True,True,True,True,True,True,False,False,False,False,False,False,False
11801317,STATE_PREFLIGHT,12.4,0.05,0.1,0.45,0.0,0.0,0.09810000419616699,0.0010000000149011613,0.0020000000298023225,0.0030000001192092896,0.12300000190734864,0.45599998474121095,0.789000015258789,980.5,25.0,0.0,0.0,0.980999984741211,1,46.5,6.6,1200.0,1.5,3.5,12,9.8100004196167,98.0999984741211,11.984000244140624,0.0,1200.0,True,True,True,True,True,True,True,True,True,True,True,True,True,True,True,True,False,False,False,False,False,False,False
11801827,STATE_PREFLIGHT,12.4,0.05,0.1,0.45,0.0,0.0,0.09810000419616699,0.0010000000149011613,0.0020000000298023225,0.0030000001192092896,0.12300000190734864,0.45599998474121095,0.789000015258789,980.5,25.0,0.0,0.0,0.980999984741211,1,46.5,6.6,1200.0,1.5,3.5,12,9.8100004196167,98.0999984741211,11.984000244140624,0.0,1200.0,True,True,True,True,True,True,True,True,True,True,True,True,True,True,True,True,False,False,False,False,False,False,False
11802335,STATE_PREFLIGHT,12.4,0.05,0.1,0.45,0.0,0.0,0.09810000419616699,0.0010000000149011613,0.0020000000298023225,0.0030000001192092896,0.12300000190734864,0.45599998474121095,0.789000015258789,980.5,25.0,0.0,0.0,0.980999984741211,1,46.5,6.6,1200.0,1.5,3.5,12,9.8100004196167,98.0999984741211,11.984000244140624,0.0,1200.0,True,True,True,True,True,True,True,True,True,True,True,True,True,True,True,True,False,False,False,False,False,False,False
11802852,STATE_PREFLIGHT,12.4,0.05,0.1,0.45,0.0,0.0,0.09810000419616699,0.0010000000149011613,0.0020000000298023225,0.0030000001192092896,0.12300000190734864,0.45599998474121095,0.789000015258789,980.5,25.0,0.0,0.0,0.980999984741211,1,46.5,6.6,1200.0,1.5,3.5,12,9.8100004196167,98.0999984741211,11.984000244140624,0.0,1200.0,True,True,True,True,True,True,True,True,True,True,True,True,True,True,True,True,False,False,False,False,False,False,False
11803363,STATE_PREFLIGHT,12.4,0.05,0.1,0.45,0.0,0.0,0.09810000419616699,0.0010000000149011613,0.0020000000298023225,0.0030000001192092896,0.12300000190734864,0.45599998474121095,0.789000015258789,980.5,25.0,0.0,0.0,0.980999984741211,1,46.5,6.6,1200.0,1.5,3.5,12,9.8100004196167,98.0999984741211,11.984000244140624,0.0,1200.0,True,True,True,True,True,True,True,True,True,True,True,True,True,True,True,True,False,False,False,False,False,False,False
11803872,STATE_PREFLIGHT,12.4,0.05,0.1,0.45,0.0,0.0,0.09810000419616699,0.0010000000149011613,0.0020000000298023225,0.0030000001192092896,0.12300000190734864,0.45599998474121095,0.789000015258789,980.5,25.0,0.0,0.0,0.980999984741211,1,46.5,6.6,1200.0,1.5,3.5,12,9.8100004196167,98.0999984741211,11.984000244140624,0.0,1200.0,True,True,True,True,True,True,True,True,True,True,True,True,True,True,True,True,False,False,False,False,False,False,False
11804381,STATE_PREFLIGHT,12.4,0.05,0.1,0.45,0.0,0.0,0.09810000419616699,0.0010000000149011613,0.0020000000298023225,0.0030000001192092896,0.12300000190734864,0.45599998474121095,0.789000015258789,980.5,25.0,0.0,0.0,0.980999984741211,1,46.5,6.6,1200.0,1.5,3.5,12,9.8100004196167,98.0999984741211,11.984000244140624,0.0,1200.0,True,True,True,True,True,True,True,True,True,True,True,True,True,True,True,True,False,False,False,False,False,False,False
11804889,STATE_PREFLIGHT,12.4,0.05,0.1,0.45,0.0,0.0,0.09810000419616699,0.0010000000149011613,0.0020000000298023225,0.0030000001192092896,0.12300000190734864,0.45599998474121095,0.789000015258789,980.5,25.0,0.0,0.0,0.980999984741211,1,46.5,6.6,1200.0,1.5,3.5,12,9.8100004196167,98.0999984741211,11.984000244140624,0.0,1200.0,True,True,True,True,True,True,True,True,True,True,True,True,True,True,True,True,False,False,False,False,False,False,False
11805400,STATE_PREFLIGHT,12.4,0.05,0.1,0.45,0.0,0.0,0.09810000419616699,0.0010000000149011613,0.0020000000298023225,0.0030000001192092896,0.12300000190734864,0.45599998474121095,0.789000015258789,980.5,25.0,0.0,0.0,0.980999984741211,1,46.5,6.6,1200.0,1.5,3.5,12,9.8100004196167,98.0999984741211,11.984000244140624,0.0,1200.0,True,True,True,True,True,True,True,True,True,True,True,True,True,True,True,True,False,False,False,False,False,False,False
11805907,STATE_PREFLIGHT,12.4,0.05,0.1,0.45,0.0,0.0,0.09810000419616699,0.0010000000149011613,0.0020000000298023225,0.0030000001192092896,0.12300000190734864,0.45599998474121095,0.789000015258789,980.5,25.0,0.0,0.0,0.980999984741211,1,46.5,6.6,1200.0,1.5,3.5,12,9.8100004196167,98.0999984741211,11.984000244140624,0.0,1200.0,True,True,True,True,True,True,True,True,True,True,True,True,True,True,True,True,False,False,False,False,False,False,False
11806414,STATE_PREFLIGHT,12.4,0.05,0.1,0.45,0.0,0.0,0.09810000419616699,0.0010000000149011613,0.0020000000298023225,0.0030000001192092896,0.12300000190734864,0.45599998474121095,0.789000015258789,980.5,25.0,0.0,0.0,0.980999984741211,1,46.5,6.6,1200.0,1.5,3.5,12,9.8100004196167,98.0999984741211,11.984000244140624,0.0,1200.0,True,True,True,True,True,True,True,True,True,True,True,True,True,True,True,True,False,False,False,False,False,False,False
11806924,STATE_PREFLIGHT,12.4,0.05,0.1,0.45,0.0,0.0,0.09810000419616699,0.0010000000149011613,0.0020000000298023225,0.0030000001192092896,0.12300000190734864,0.45599998474121095,0.789000015258789,980.5,25.0,0.0,0.0,0.980999984741211,1,46.5,6.6,1200.0,1.5,3.5,12,9.8100004196167,98.0999984741211,11.984000244140624,0.0,1200.0,True,True,True,True,True,True,True,True,True,True,True,True,True,True,True,True,False,False,False,False,False,False,False
11807431,STATE_PREFLIGHT,12.4,0.05,0.1,0.45,0.0,0.0,0.09810000419616699,0.0010000000149011613,0.0020000000298023225,0.0030000001192092896,0.12300000190734864,0.45599998474121095,0.789000015258789,980.5,25.0,0.0,0.0,0.980999984741211,1,46.5,6.6,1200.0,1.5,3.5,12,9.8100004196167,98.0999984741211,11.984000244140624,0.0,1200.0,True,True,True,True,True,True,True,True,True,True,True,True,True,True,True,True,False,False,False,False,False,False,False
11807936,STATE_PREFLIGHT,12.4,0.05,0.1,0.45,0.0,0.0,0.09810000419616699,0.0010000000149011613,0.0020000000298023225,0.0030000001192092896,0.12300000190734864,0.45599998474121095,0.789000015258789,980.5,25.0,0.0,0.0,0.980999984741211,1,46.5,6.6,1200.0,1.5,3.5,12,9.8100004196167,98.0999984741211,11.984000244140624,0.0,1200.0,True,True,True,True,True,True,True,True,True,True,True,True,True,True,True,True,False,False,False,False,False,False,False
11808442,STATE_PREFLIGHT,12.4,0.05,0.1,0.45,0.0,0.0,0.09810000419616699,0.0010000000149011613,0.0020000000298023225,0.0030000001192092896,0.12300000190734864,0.45599998474121095,0.789000015258789,980.5,25.0,0.0,0.0,0.980999984741211,1,46.5,6.6,1200.0,1.5,3.5,12,9.8100004196167,98.0999984741211,11.984000244140624,0.0,1200.0,True,True,True,True,True,True,True,True,True,True,True,True,True,True,True,True,False,False,False,False,False,False,False
11808953,STATE_PREFLIGHT,12.4,0.05,0.1,0.45,0.0,0.0,0.09810000419616699,0.0010000000149011613,0.0020000000298023225,0.0030000001192092896,0.12300000190734864,0.45599998474121095,0.789000015258789,980.5,25.0,0.0,0.0,0.980999984741211,1,46.5,6.6,1200.0,1.5,3.5,12,9.8100004196167,98.0999984741211,11.984000244140624,0.0,1200.0,True,True,True,True,True,True,True,True,True,True,True,True,True,True,True,True,False,False,False,False,False,False,False
11809472,STATE_PREFLIGHT,12.4,0.05,0.1,0.45,0.0,0.0,0.09810000419616699,0.0010000000149011613,0.0020000000298023225,0.0030000001192092896,0.12300000190734864,0.45599998474121095,0.789000015258789,980.5,25.0,0.0,0.0,0.980999984741211,1,46.5,6.6,1200.0,1.5,3.5,12,9.8100004196167,98.0999984741211,11.984000244140624,0.0,1200.0,True,True,True,True,True,True,True,True,True,True,True,True,True,True,True,True,False,False,False,False,False,False,False
11809980,STATE_PREFLIGHT,12.4,0.05,0.1,0.45,0.0,0.0,0.09810000419616699,0.0010000000149011613,0.0020000000298023225,0.0030000001192092896,0.12300000190734864,0.45599998474121095,0.789000015258789,980.5,25.0,0.0,0.0,0.980999984741211,1,46.5,6.6,1200.0,1.5,3.5,12,9.8100004196167,98.0999984741211,11.984000244140624,0.0,1200.0,True,True,True,True,True,True,True,True,True,True,True,True,True,True,True,True,False,False,False,False,False,False,False
11810485,STATE_PREFLIGHT,12.4,0.05,0.1,0.45,0.0,0.0,0.09810000419616699,0.0010000000149011613,0.0020000000298023225,0.0030000001192092896,0.12300000190734864,0.45599998474121095,0.789000015258789,980.5,25.0,0.0,0.0,0.980999984741211,1,46.5,6.6,1200.0,1.5,3.5,12,9.8100004196167,98.0999984741211,11.984000244140624,0.0,1200.0,True,True,True,True,True,True,True,True,True,True,True,True,True,True,True,True,False,False,False,False,False,False,False
11810992,STATE_PREFLIGHT,12.4,0.05,0.1,0.45,0.0,0.0,0.09810000419616699,0.0010000000149011613,0.0020000000298023225,0.0030000001192092896,0.12300000190734864,0.45599998474121095,0.789000015258789,980.5,25.0,0.0,0.0,0.980999984741211,1,46.5,6.6,1200.0,1.5,3.5,12,9.8100004196167,98.0999984741211,11.984000244140624,0.0,1200.0,True,True,True,True,True,True,True,True,True,True,True,True,True,True,True,True,False,False,False,False,False,False,False
11811498,STATE_PREFLIGHT,12.4,0.05,0.1,0.45,0.0,0.0,0.09810000419616699,0.0010000000149011613,0.0020000000298023225,0.0030000001192092896,0.12300000190734864,0.45599998474121095,0.789000015258789,980.5,25.0,0.0,0.0,0.980999984741211,1,46.5,6.6,1200.0,1.5,3.5,12,9.8100004196167,98.0999984741211,11.984000244140624,0.0,1200.0,True,True,True,True,True,True,True,True,True,True,True,True,True,True,True,True,False,False,False,False,False,False,False
11812006,STATE_PREFLIGHT,12.4,0.05,0.1,0.45,0.0,0.0,0.09810000419616699,0.0010000000149011613,0.0020000000298023225,0.0030000001192092896,0.12300000190734864,0.45599998474121095,0.789000015258789,980.5,25.0,0.0,0.0,0.980999984741211,1,46.5,6.6,1200.0,1.5,3.5,12,9.8100004196167,98.0999984741211,11.984000244140624,0.0,1200.0,True,True,True,True,True,True,True,True,True,True,True,True,True,True,True,True,False,False,False,False,False,False,False
11812517,STATE_PREFLIGHT,12.4,0.05,0.1,0.45,0.0,0.0,0.09810000419616699,0.0010000000149011613,0.0020000000298023225,0.0030000001192092896,0.12300000190734864,0.45599998474121095,0.789000015258789,980.5,25.0,0.0,0.0,0.980999984741211,1,46.5,6.6,1200.0,1.5,3.5,12,9.8100004196167,98.0999984741211,11.984000244140624,0.0,1200.0,True,True,True,True,True,True,True,True,True,True,True,True,True,True,True,True,False,False,False,False,False,False,False
11813020,STATE_PREFLIGHT,12.4,0.05,0.1,0.45,0.0,0.0,0.09810000419616699,0.0010000000149011613,0.0020000000298023225,0.0030000001192092896,0.12300000190734864,0.45599998474121095,0.789000015258789,980.5,25.0,0.0,0.0,0.980999984741211,1,46.5,6.6,1200.0,1.5,3.5,12,9.8100004196167,98.0999984741211,11.984000244140624,0.0,1200.0,True,True,True,True,True,True,True,True,True,True,True,True,True,True,True,True,False,False,False,False,False,False,False
11813531,STATE_PREFLIGHT,12.4,0.05,0.1,0.45,0.0,0.0,0.09810000419616699,0.0010000000149011613,0.0020000000298023225,0.0030000001192092896,0.12300000190734864,0.45599998474121095,0.789000015258789,980.5,25.0,0.0,0.0,0.980999984741211,1,46.5,6.6,1200.0,1.5,3.5,12,9.8100004196167,98.0999984741211,11.984000244140624,0.0,1200.0,True,True,True,True,True,True,True,True,True,True,True,True,True,True,True,True,False,False,False,False,False,False,False
11814040,STATE_PREFLIGHT,12.4,0.05,0.1,0.45,0.0,0.0,0.09810000419616699,0.0010000000149011613,0.0020000000298023225,0.0030000001192092896,0.12300000190734864,0.45599998474121095,0.789000015258789,980.5,25.0,0.0,0.0,0.980999984741211,1,46.5,6.6,1200.0,1.5,3.5,12,9.8100004196167,98.0999984741211,11.984000244140624,0.0,1200.0,True,True,True,True,True,True,True,True,True,True,True,True,True,True,True,True,False,False,False,False,False,False,False
11814548,STATE_PREFLIGHT,12.4,0.05,0.1,0.45,0.0,0.0,0.09810000419616699,0.0010000000149011613,0.0020000000298023225,0.0030000001192092896,0.12300000190734864,0.45599998474121095,0.789000015258789,980.5,25.0,0.0,0.0,0.980999984741211,1,46.5,6.6,1200.0,1.5,3.5,12,9.8100004196167,98.0999984741211,11.984000244140624,0.0,1200.0,True,True,True,True,True,True,True,True,True,True,True,True,True,True,True,True,False,False,False,False,False,False,False
11815056,STATE_PREFLIGHT,12.4,0.05,0.1,0.45,0.0,0.0,0.09810000419616699,0.0010000000149011613,0.0020000000298023225,0.0030000001192092896,0.12300000190734864,0.45599998474121095,0.789000015258789,980.5,25.0,0.0,0.0,0.980999984741211,1,46.5,6.6,1200.0,1.5,3.5,12,9.8100004196167,98.0999984741211,11.984000244140624,0.0,1200.0,True,True,True,True,True,True,True,True,True,True,True,True,True,True,True,True,False,False,False,False,False,False,False
11815563,STATE_PREFLIGHT,12.4,0.05,0.1,0.45,0.0,0.0,0.09810000419616699,0.0010000000149011613,0.0020000000298023225,0.0030000001192092896,0.12300000190734864,0.45599998474121095,0.789000015258789,980.5,25.0,0.0,0.0,0.980999984741211,1,46.5,6.6,1200.0,1.5,3.5,12,9.8100004196167,98.0999984741211,11.984000244140624,0.0,1200.0,True,True,True,True,True,True,True,True,True,True,True,True,True,True,True,True,False,False,False,False,False,False,False
11816069,STATE_PREFLIGHT,12.4,0.05,0.1,0.45,0.0,0.0,0.09810000419616699,0.0010000000149011613,0.0020000000298023225,0.0030000001192092896,0.12300000190734864,0.45599998474121095,0.789000015258789,980.5,25.0,0.0,0.0,0.980999984741211,1,46.5,6.6,1200.0,1.5,3.5,12,9.8100004196167,98.0999984741211,11.984000244140624,0.0,1200.0,True,True,True,True,True,True,True,True,True,True,True,True,True,True,True,True,False,False,False,False,False,False,False
11816577,STATE_PREFLIGHT,12.4,0.05,0.1,0.45,0.0,0.0,0.09810000419616699,0.0010000000149011613,0.0020000000298023225,0.0030000001192092896,0.12300000190734864,0.45599998474121095,0.789000015258789,980.5,25.0,0.0,0.0,0.980999984741211,1,46.5,6.6,1200.0,1.5,3.5,12,9.8100004196167,98.0999984741211,11.984000244140624,0.0,1200.0,True,True,True,True,True,True,True,True,True,True,True,True,True,True,True,True,False,False,False,False,False,False,False
11817086,STATE_PREFLIGHT,12.4,0.05,0.1,0.45,0.0,0.0,0.09810000419616699,0.0010000000149011613,0.0020000000298023225,0.0030000001192092896,0.12300000190734864,0.45599998474121095,0.789000015258789,980.5,25.0,0.0,0.0,0.980999984741211,1,46.5,6.6,1200.0,1.5,3.5,12,9.8100004196167,98.0999984741211,11.984000244140624,0.0,1200.0,True,True,True,True,True,True,True,True,True,True,True,True,True,True,True,True,False,False,False,False,False,False,False
11817592,STATE_PREFLIGHT,12.4,0.05,0.1,0.45,0.0,0.0,0.09810000419616699,0.0010000000149011613,0.0020000000298023225,0.0030000001192092896,0.12300000190734864,0.45599998474121095,0.789000015258789,980.5,25.0,0.0,0.0,0.980999984741211,1,46.5,6.6,1200.0,1.5,3.5,12,9.8100004196167,98.0999984741211,11.984000244140624,0.0,1200.0,True,True,True,True,True,True,True,True,True,True,True,True,True,True,True,True,False,False,False,False,False,False,False
11818102,STATE_PREFLIGHT,12.4,0.05,0.1,0.45,0.0,0.0,0.09810000419616699,0.0010000000149011613,0.0020000000298023225,0.0030000001192092896,0.12300000190734864,0.45599998474121095,0.789000015258789,980.5,25.0,0.0,0.0,0.980999984741211,1,46.5,6.6,1200.0,1.5,3.5,12,9.8100004196167,98.0999984741211,11.984000244140624,0.0,1200.0,True,True,True,True,True,True,True,True,True,True,True,True,True,True,True,True,False,False,False,False,False,False,False
11818610,STATE_PREFLIGHT,12.4,0.05,0.1,0.45,0.0,0.0,0.09810000419616699,0.0010000000149011613,0.0020000000298023225,0.0030000001192092896,0.12300000190734864,0.45599998474121095,0.789000015258789,980.5,25.0,0.0,0.0,0.980999984741211,1,46.5,6.6,1200.0,1.5,3.5,12,9.8100004196167,98.0999984741211,11.984000244140624,0.0,1200.0,True,True,True,True,True,True,True,True,True,True,True,True,True,True,True,True,False,False,False,False,False,False,False
11819121,STATE_PREFLIGHT,12.4,0.05,0.1,0.45,0.0,0.0,0.09810000419616699,0.0010000000149011613,0.0020000000298023225,0.0030000001192092896,0.12300000190734864,0.45599998474121095,0.789000015258789,980.5,25.0,0.0,0.0,0.980999984741211,1,46.5,6.6,1200.0,1.5,3.5,12,9.8100004196167,98.0999984741211,11.984000244140624,0.0,1200.0,True,True,True,True,True,True,True,True,True,True,True,True,True,True,True,True,False,False,False,False,False,False,False
11819631,STATE_PREFLIGHT,12.4,0.05,0.1,0.45,0.0,0.0,0.09810000419616699,0.0010000000149011613,0.0020000000298023225,0.0030000001192092896,0.12300000190734864,0.45599998474121095,0.789000015258789,980.5,25.0,0.0,0.0,0.980999984741211,1,46.5,6.6,1200.0,1.5,3.5,12,9.8100004196167,98.0999984741211,11.984000244140624,0.0,1200.0,True,True,True,True,True,True,True,True,True,True,True,True,True,True,True,True,False,False,False,False,False,False,False
11820138,STATE_PREFLIGHT,12.4,0.05,0.1,0.45,0.0,0.0,0.09810000419616699,0.0010000000149011613,0.0020000000298023225,0.0030000001192092896,0.12300000190734864,0.45599998474121095,0.789000015258789,980.5,25.0,0.0,0.0,0.980999984741211,1,46.5,6.6,1200.0,1.5,3.5,12,9.8100004196167,98.0999984741211,11.984000244140624,0.0,1200.0,True,True,True,True,True,True,True,True,True,True,True,True,True,True,True,True,False,False,False,False,False,False,False
11820647,STATE_PREFLIGHT,12.4,0.05,0.1,0.45,0.0,0.0,0.09810000419616699,0.0010000000149011613,0.0020000000298023225,0.0030000001192092896,0.12300000190734864,0.45599998474121095,0.789000015258789,980.5,25.0,0.0,0.0,0.980999984741211,1,46.5,6.6,1200.0,1.5,3.5,12,9.8100004196167,98.0999984741211,11.984000244140624,0.0,1200.0,True,True,True,True,True,True,True,True,True,True,True,True,True,True,True,True,False,False,False,False,False,False,False
11821153,STATE_PREFLIGHT,12.4,0.05,0.1,0.45,0.0,0.0,0.09810000419616699,0.0010000000149011613,0.0020000000298023225,0.0030000001192092896,0.12300000190734864,0.45599998474121095,0.789000015258789,980.5,25.0,0.0,0.0,0.980999984741211,1,46.5,6.6,1200.0,1.5,3.5,12,9.8100004196167,98.0999984741211,11.984000244140624,0.0,1200.0,True,True,True,True,True,True,True,True,True,True,True,True,True,True,True,True,False,False,False,False,False,False,False
11821660,STATE_PREFLIGHT,12.4,0.05,0.1,0.45,0.0,0.0,0.09810000419616699,0.0010000000149011613,0.0020000000298023225,0.0030000001192092896,0.12300000190734864,0.45599998474121095,0.789000015258789,980.5,25.0,0.0,0.0,0.980999984741211,1,46.5,6.6,1200.0,1.5,3.5,12,9.8100004196167,98.0999984741211,11.984000244140624,0.0,1200.0,True,True,True,True,True,True,True,True,True,True,True,True,True,True,True,True,False,False,False,False,False,False,False
11822171,STATE_PREFLIGHT,12.4,0.05,0.1,0.45,0.0,0.0,0.09810000419616699,0.0010000000149011613,0.0020000000298023225,0.0030000001192092896,0.12300000190734864,0.45599998474121095,0.789000015258789,980.5,25.0,0.0,0.0,0.980999984741211,1,46.5,6.6,1200.0,1.5,3.5,12,9.8100004196167,98.0999984741211,11.984000244140624,0.0,1200.0,True,True,True,True,True,True,True,True,True,True,True,True,True,True,True,True,False,False,False,False,False,False,False
11822676,STATE_PREFLIGHT,12.4,0.05,0.1,0.45,0.0,0.0,0.09810000419616699,0.0010000000149011613,0.0020000000298023225,0.0030000001192092896,0.12300000190734864,0.45599998474121095,0.789000015258789,980.5,25.0,0.0,0.0,0.980999984741211,1,46.5,6.6,1200.0,1.5,3.5,12,9.8100004196167,98.0999984741211,11.984000244140624,0.0,1200.0,True,True,True,True,True,True,True,True,True,True,True,True,True,True,True,True,False,False,False,False,False,False,False
11823184,STATE_PREFLIGHT,12.4,0.05,0.1,0.45,0.0,0.0,0.09810000419616699,0.0010000000149011613,0.0020000000298023225,0.0030000001192092896,0.12300000190734864,0.45599998474121095,0.789000015258789,980.5,25.0,0.0,0.0,0.980999984741211,1,46.5,6.6,1200.0,1.5,3.5,12,9.8100004196167,98.0999984741211,11.984000244140624,0.0,1200.0,True,True,True,True,True,True,True,True,True,True,True,True,True,True,True,True,False,False,False,False,False,False,False
11823691,STATE_PREFLIGHT,12.4,0.05,0.1,0.45,0.0,0.0,0.09810000419616699,0.0010000000149011613,0.0020000000298023225,0.0030000001192092896,0.12300000190734864,0.45599998474121095,0.789000015258789,980.5,25.0,0.0,0.0,0.980999984741211,1,46.5,6.6,1200.0,1.5,3.5,12,9.8100004196167,98.0999984741211,11.984000244140624,0.0,1200.0,True,True,True,True,True,True,True,True,True,True,True,True,True,True,True,True,False,False,False,False,False,False,False
11824197,STATE_PREFLIGHT,12.4,0.05,0.1,0.45,0.0,0.0,0.09810000419616699,0.0010000000149011613,0.0020000000298023225,0.0030000001192092896,0.12300000190734864,0.45599998474121095,0.789000015258789,980.5,25.0,0.0,0.0,0.980999984741211,1,46.5,6.6,1200.0,1.5,3.5,12,9.8100004196167,98.0999984741211,11.984000244140624,0.0,1200.0,True,True,True,True,True,True,True,True,True,True,True,True,True,True,True,True,False,False,False,False,False,False,False
11824703,STATE_PREFLIGHT,12.4,0.05,0.1,0.45,0.0,0.0,0.09810000419616699,0.0010000000149011613,0.0020000000298023225,0.0030000001192092896,0.12300000190734864,0.45599998474121095,0.789000015258789,980.5,25.0,0.0,0.0,0.980999984741211,1,46.5,6.6,1200.0,1.5,3.5,12,9.8100004196167,98.0999984741211,11.984000244140624,0.0,1200.0,True,True,True,True,True,True,True,True,True,True,True,True,True,True,True,True,False,False,False,False,False,False,False
11825213,STATE_PREFLIGHT,12.4,0.05,0.1,0.45,0.0,0.0,0.09810000419616699,0.0010000000149011613,0.0020000000298023225,0.0030000001192092896,0.12300000190734864,0.45599998474121095,0.789000015258789,980.5,25.0,0.0,0.0,0.980999984741211,1,46.5,6.6,1200.0,1.5,3.5,12,9.8100004196167,98.0999984741211,11.984000244140624,0.0,1200.0,True,True,True,True,True,True,True,True,True,True,True,True,True,True,True,True,False,False,False,False,False,False,False
11825723,STATE_PREFLIGHT,12.4,0.05,0.1,0.45,0.0,0.0,0.09810000419616699,0.0010000000149011613,0.0020000000298023225,0.0030000001192092896,0.12300000190734864,0.45599998474121095,0.789000015258789,980.5,25.0,0.0,0.0,0.980999984741211,1,46.5,6.6,1200.0,1.5,3.5,12,9.8100004196167,98.0999984741211,11.984000244140624,0.0,1200.0,True,True,True,True,True,True,True,True,True,True,True,True,True,True,True,True,False,False,False,False,False,False,False
11826233,STATE_PREFLIGHT,12.4,0.05,0.1,0.45,0.0,0.0,0.09810000419616699,0.0010000000149011613,0.0020000000298023225,0.0030000001192092896,0.12300000190734864,0.45599998474121095,0.789000015258789,980.5,25.0,0.0,0.0,0.980999984741211,1,46.5,6.6,1200.0,1.5,3.5,12,9.8100004196167,98.0999984741211,11.984000244140624,0.0,1200.0,True,True,True,True,True,True,True,True,True,True,True,True,True,True,True,True,False,False,False,False,False,False,False
11826738,STATE_PREFLIGHT,12.4,0.05,0.1,0.45,0.0,0.0,0.09810000419616699,0.0010000000149011613,0.0020000000298023225,0.0030000001192092896,0.12300000190734864,0.45599998474121095,0.789000015258789,980.5,25.0,0.0,0.0,0.980999984741211,1,46.5,6.6,1200.0,1.5,3.5,12,9.8100004196167,98.0999984741211,11.984000244140624,0.0,1200.0,True,True,True,True,True,True,True,True,True,True,True,True,True,True,True,True,False,False,False,False,False,False,False
11827249,STATE_PREFLIGHT,12.4,0.05,0.1,0.45,0.0,0.0,0.09810000419616699,0.0010000000149011613,0.0020000000298023225,0.0030000001192092896,0.12300000190734864,0.45599998474121095,0.789000015258789,980.5,25.0,0.0,0.0,0.980999984741211,1,46.5,6.6,1200.0,1.5,3.5,12,9.8100004196167,98.0999984741211,11.984000244140624,0.0,1200.0,True,True,True,True,True,True,True,True,True,True,True,True,True,True,True,True,False,False,False,False,False,False,False
11827760,STATE_PREFLIGHT,12.4,0.05,0.1,0.45,0.0,0.0,0.09810000419616699,0.0010000000149011613,0.0020000000298023225,0.0030000001192092896,0.12300000190734864,0.45599998474121095,0.789000015258789,980.5,25.0,0.0,0.0,0.980999984741211,1,46.5,6.6,1200.0,1.5,3.5,12,9.8100004196167,98.0999984741211,11.984000244140624,0.0,1200.0,True,True,True,True,True,True,True,True,True,True,True,True,True,True,True,True,False,False,False,False,False,False,False
11828271,STATE_PREFLIGHT,12.4,0.05,0.1,0.45,0.0,0.0,0.09810000419616699,0.0010000000149011613,0.0020000000298023225,0.0030000001192092896,0.12300000190734864,0.45599998474121095,0.789000015258789,980.5,25.0,0.0,0.0,0.980999984741211,1,46.5,6.6,1200.0,1.5,3.5,12,9.8100004196167,98.0999984741211,11.984000244140624,0.0,1200.0,True,True,True,True,True,True,True,True,True,True,True,True,True,True,True,True,False,False,False,False,False,False,False
11828775,STATE_PREFLIGHT,12.4,0.05,0.1,0.45,0.0,0.0,0.09810000419616699,0.0010000000149011613,0.0020000000298023225,0.0030000001192092896,0.12300000190734864,0.45599998474121095,0.789000015258789,980.5,25.0,0.0,0.0,0.980999984741211,1,46.5,6.6,1200.0,1.5,3.5,12,9.8100004196167,98.0999984741211,11.984000244140624,0.0,1200.0,True,True,True,True,True,True,True,True,True,True,True,True,True,True,True,True,False,False,False,False,False,False,False
11829282,STATE_PREFLIGHT,12.4,0.05,0.1,0.45,0.0,0.0,0.09810000419616699,0.0010000000149011613,0.0020000000298023225,0.0030000001192092896,0.12300000190734864,0.45599998474121095,0.789000015258789,980.5,25.0,0.0,0.0,0.980999984741211,1,46.5,6.6,1200.0,1.5,3.5,12,9.8100004196167,98.0999984741211,11.984000244140624,0.0,1200.0,True,True,True,True,True,True,True,True,True,True,True,True,True,True,True,True,False,False,False,False,False,False,False
11829788,STATE_PREFLIGHT,12.4,0.05,0.1,0.45,0.0,0.0,0.09810000419616699,0.0010000000149011613,0.0020000000298023225,0.0030000001192092896,0.12300000190734864,0.45599998474121095,0.789000015258789,980.5,25.0,0.0,0.0,0.980999984741211,1,46.5,6.6,1200.0,1.5,3.5,12,9.8100004196167,98.0999984741211,11.984000244140624,0.0,1200.0,True,True,True,True,True,True,True,True,True,True,True,True,True,True,True,True,False,False,False,False,False,False,False
11830298,STATE_PREFLIGHT,12.4,0.05,0.1,0.45,0.0,0.0,0.09810000419616699,0.0010000000149011613,0.0020000000298023225,0.0030000001192092896,0.12300000190734864,0.45599998474121095,0.789000015258789,980.5,25.0,0.0,0.0,0.980999984741211,1,46.5,6.6,1200.0,1.5,3.5,12,9.8100004196167,98.0999984741211,11.984000244140624,0.0,1200.0,True,True,True,True,True,True,True,True,True,True,True,True,True,True,True,True,False,False,False,False,False,False,False
11830809,STATE_PREFLIGHT,12.4,0.05,0.1,0.45,0.0,0.0,0.09810000419616699,0.0010000000149011613,0.0020000000298023225,0.0030000001192092896,0.12300000190734864,0.45599998474121095,0.789000015258789,980.5,25.0,0.0,0.0,0.980999984741211,1,46.5,6.6,1200.0,1.5,3.5,12,9.8100004196167,98.0999984741211,11.984000244140624,0.0,1200.0,True,True,True,True,True,True,True,True,True,True,True,True,True,True,True,True,False,False,False,False,False,False,False
11831319,STATE_PREFLIGHT,12.4,0.05,0.1,0.45,0.0,0.0,0.09810000419616699,0.0010000000149011613,0.0020000000298023225,0.0030000001192092896,0.12300000190734864,0.45599998474121095,0.789000015258789,980.5,25.0,0.0,0.0,0.980999984741211,1,46.5,6.6,1200.0,1.5,3.5,12,9.8100004196167,98.0999984741211,11.984000244140624,0.0,1200.0,True,True,True,True,True,True,True,True,True,True,True,True,True,True,True,True,False,False,False,False,False,False,False
11831826,STATE_PREFLIGHT,12.4,0.05,0.1,0.45,0.0,0.0,0.09810000419616699,0.0010000000149011613,0.0020000000298023225,0.0030000001192092896,0.12300000190734864,0.45599998474121095,0.789000015258789,980.5,25.0,0.0,0.0,0.980999984741211,1,46.5,6.6,1200.0,1.5,3.5,12,9.8100004196167,98.0999984741211,11.984000244140624,0.0,1200.0,True,True,True,True,True,True,True,True,True,True,True,True,True,True,True,True,False,False,False,False,False,False,False
11832336,STATE_PREFLIGHT,12.4,0.05,0.1,0.45,0.0,0.0,0.09810000419616699,0.0010000000149011613,0.0020000000298023225,0.0030000001192092896,0.12300000190734864,0.45599998474121095,0.789000015258789,980.5,25.0,0.0,0.0,0.980999984741211,1,46.5,6.6,1200.0,1.5,3.5,12,9.8100004196167,98.0999984741211,11.984000244140624,0.0,1200.0,True,True,True,True,True,True,True,True,True,True,True,True,True,True,True,True,False,False,False,False,False,False,False
11832846,STATE_PREFLIGHT,12.4,0.05,0.1,0.45,0.0,0.0,0.09810000419616699,0.0010000000149011613,0.0020000000298023225,0.0030000001192092896,0.12300000190734864,0.45599998474121095,0.789000015258789,980.5,25.0,0.0,0.0,0.980999984741211,1,46.5,6.6,1200.0,1.5,3.5,12,9.8100004196167,98.0999984741211,11.984000244140624,0.0,1200.0,True,True,True,True,True,True,True,True,True,True,True,True,True,True,True,True,False,False,False,False,False,False,False
11833355,STATE_PREFLIGHT,12.4,0.05,0.1,0.45,0.0,0.0,0.09810000419616699,0.0010000000149011613,0.0020000000298023225,0.0030000001192092896,0.12300000190734864,0.45599998474121095,0.789000015258789,980.5,25.0,0.0,0.0,0.980999984741211,1,46.5,6.6,1200.0,1.5,3.5,12,9.8100004196167,98.0999984741211,11.984000244140624,0.0,1200.0,True,True,True,True,True,True,True,True,True,True,True,True,True,True,True,True,False,False,False,False,False,False,False
11833864,STATE_PREFLIGHT,12.4,0.05,0.1,0.45,0.0,0.0,0.09810000419616699,0.0010000000149011613,0.0020000000298023225,0.0030000001192092896,0.12300000190734864,0.45599998474121095,0.789000015258789,980.5,25.0,0.0,0.0,0.980999984741211,1,46.5,6.6,1200.0,1.5,3.5,12,9.8100004196167,98.0999984741211,11.984000244140624,0.0,1200.0,True,True,True,True,True,True,True,True,True,True,True,True,True,True,True,True,False,False,False,False,False,False,False
11834375,STATE_PREFLIGHT,12.4,0.05,0.1,0.45,0.0,0.0,0.09810000419616699,0.0010000000149011613,0.0020000000298023225,0.0030000001192092896,0.12300000190734864,0.45599998474121095,0.789000015258789,980.5,25.0,0.0,0.0,0.980999984741211,1,46.5,6.6,1200.0,1.5,3.5,12,9.8100004196167,98.0999984741211,11.984000244140624,0.0,1200.0,True,True,True,True,True,True,True,True,True,True,True,True,True,True,True,True,False,False,False,False,False,False,False
11834880,STATE_PREFLIGHT,12.4,0.05,0.1,0.45,0.0,0.0,0.09810000419616699,0.0010000000149011613,0.0020000000298023225,0.0030000001192092896,0.12300000190734864,0.45599998474121095,0.789000015258789,980.5,25.0,0.0,0.0,0.980999984741211,1,46.5,6.6,1200.0,1.5,3.5,12,9.8100004196167,98.0999984741211,11.984000244140624,0.0,1200.0,True,True,True,True,True,True,True,True,True,True,True,True,True,True,True,True,False,False,False,False,False,False,False
11835392,STATE_PREFLIGHT,12.4,0.05,0.1,0.45,0.0,0.0,0.09810000419616699,0.0010000000149011613,0.0020000000298023225,0.0030000001192092896,0.12300000190734864,0.45599998474121095,0.789000015258789,980.5,25.0,0.0,0.0,0.980999984741211,1,46.5,6.6,1200.0,1.5,3.5,12,9.8100004196167,98.0999984741211,11.984000244140624,0.0,1200.0,True,True,True,True,True,True,True,True,True,True,True,True,True,True,True,True,False,False,False,False,False,False,False
11835899,STATE_PREFLIGHT,12.4,0.05,0.1,0.45,0.0,0.0,0.09810000419616699,0.0010000000149011613,0.0020000000298023225,0.0030000001192092896,0.12300000190734864,0.45599998474121095,0.789000015258789,980.5,25.0,0.0,0.0,0.980999984741211,1,46.5,6.6,1200.0,1.5,3.5,12,9.8100004196167,98.0999984741211,11.984000244140624,0.0,1200.0,True,True,True,True,True,True,True,True,True,True,True,True,True,True,True,True,False,False,False,False,False,False,False
11836405,STATE_PREFLIGHT,12.4,0.05,0.1,0.45,0.0,0.0,0.09810000419616699,0.0010000000149011613,0.0020000000298023225,0.0030000001192092896,0.12300000190734864,0.45599998474121095,0.789000015258789,980.5,25.0,0.0,0.0,0.980999984741211,1,46.5,6.6,1200.0,1.5,3.5,12,9.8100004196167,98.0999984741211,11.984000244140624,0.0,1200.0,True,True,True,True,True,True,True,True,True,True,True,True,True,True,True,True,False,False,False,False,False,False,False
11836914,STATE_PREFLIGHT,12.4,0.05,0.1,0.45,0.0,0.0,0.09810000419616699,0.0010000000149011613,0.0020000000298023225,0.0030000001192092896,0.12300000190734864,0.45599998474121095,0.789000015258789,980.5,25.0,0.0,0.0,0.980999984741211,1,46.5,6.6,1200.0,1.5,3.5,12,9.8100004196167,98.0999984741211,11.984000244140624,0.0,1200.0,True,True,True,True,True,True,True,True,True,True,True,True,True,True,True,True,False,False,False,False,False,False,False
11837425,STATE_PREFLIGHT,12.4,0.05,0.1,0.45,0.0,0.0,0.09810000419616699,0.0010000000149011613,0.0020000000298023225,0.0030000001192092896,0.12300000190734864,0.45599998474121095,0.789000015258789,980.5,25.0,0.0,0.0,0.980999984741211,1,46.5,6.6,1200.0,1.5,3.5,12,9.8100004196167,98.0999984741211,11.984000244140624,0.0,1200.0,True,True,True,True,True,True,True,True,True,True,True,True,True,True,True,True,False,False,False,False,False,False,False
11837931,STATE_PREFLIGHT,12.4,0.05,0.1,0.45,0.0,0.0,0.09810000419616699,0.0010000000149011613,0.0020000000298023225,0.0030000001192092896,0.12300000190734864,0.45599998474121095,0.789000015258789,980.5,25.0,0.0,0.0,0.980999984741211,1,46.5,6.6,1200.0,1.5,3.5,12,9.8100004196167,98.0999984741211,11.984000244140624,0.0,1200.0,True,True,True,True,True,True,True,True,True,True,True,True,True,True,True,True,False,False,False,False,False,False,False
11838442,STATE_PREFLIGHT,12.4,0.05,0.1,0.45,0.0,0.0,0.09810000419616699,0.0010000000149011613,0.0020000000298023225,0.0030000001192092896,0.12300000190734864,0.45599998474121095,0.789000015258789,980.5,25.0,0.0,0.0,0.980999984741211,1,46.5,6.6,1200.0,1.5,3.5,12,9.8100004196167,98.0999984741211,11.984000244140624,0.0,1200.0,True,True,True,True,True,True,True,True,True,True,True,True,True,True,True,True,False,False,False,False,False,False,False
11838953,STATE_PREFLIGHT,12.4,0.05,0.1,0.45,0.0,0.0,0.09810000419616699,0.0010000000149011613,0.0020000000298023225,0.0030000001192092896,0.12300000190734864,0.45599998474121095,0.789000015258789,980.5,25.0,0.0,0.0,0.980999984741211,1,46.5,6.6,1200.0,1.5,3.5,12,9.8100004196167,98.0999984741211,11.984000244140624,0.0,1200.0,True,True,True,True,True,True,True,True,True,True,True,True,True,True,True,True,False,False,False,False,False,False,False
11839456,STATE_PREFLIGHT,12.4,0.05,0.1,0.45,0.0,0.0,0.09810000419616699,0.0010000000149011613,0.0020000000298023225,0.0030000001192092896,0.12300000190734864,0.45599998474121095,0.789000015258789,980.5,25.0,0.0,0.0,0.980999984741211,1,46.5,6.6,1200.0,1.5,3.5,12,9.8100004196167,98.0999984741211,11.984000244140624,0.0,1200.0,True,True,True,True,True,True,True,True,True,True,True,True,True,True,True,True,False,False,False,False,False,False,False
11839964,STATE_PREFLIGHT,12.4,0.05,0.1,0.45,0.0,0.0,0.09810000419616699,0.0010000000149011613,0.0020000000298023225,0.0030000001192092896,0.12300000190734864,0.45599998474121095,0.789000015258789,980.5,25.0,0.0,0.0,0.980999984741211,1,46.5,6.6,1200.0,1.5,3.5,12,9.8100004196167,98.0999984741211,11.984000244140624,0.0,1200.0,True,True,True,True,True,True,True,True,True,True,True,True,True,True,True,True,False,False,False,False,False,False,False
11840475,STATE_PREFLIGHT,12.4,0.05,0.1,0.45,0.0,0.0,0.09810000419616699,0.0010000000149011613,0.0020000000298023225,0.0030000001192092896,0.12300000190734864,0.45599998474121095,0.789000015258789,980.5,25.0,0.0,0.0,0.980999984741211,1,46.5,6.6,1200.0,1.5,3.5,12,9.8100004196167,98.0999984741211,11.984000244140624,0.0,1200.0,True,True,True,True,True,True,True,True,True,True,True,True,True,True,True,True,False,False,False,False,False,False,False
11840981,STATE_PREFLIGHT,12.4,0.05,0.1,0.45,0.0,0.0,0.09810000419616699,0.0010000000149011613,0.0020000000298023225,0.0030000001192092896,0.12300000190734864,0.45599998474121095,0.789000015258789,980.5,25.0,0.0,0.0,0.980999984741211,1,46.5,6.6,1200.0,1.5,3.5,12,9.8100004196167,98.0999984741211,11.984000244140624,0.0,1200.0,True,True,True,True,True,True,True,True,True,True,True,True,True,True,True,True,False,False,False,False,False,False,False
11841490,STATE_PREFLIGHT,12.4,0.05,0.1,0.45,0.0,0.0,0.09810000419616699,0.0010000000149011613,0.0020000000298023225,0.0030000001192092896,0.12300000190734864,0.45599998474121095,0.789000015258789,980.5,25.0,0.0,0.0,0.980999984741211,1,46.5,6.6,1200.0,1.5,3.5,12,9.8100004196167,98.0999984741211,11.984000244140624,0.0,1200.0,True,True,True,True,True,True,True,True,True,True,True,True,True,True,True,True,False,False,False,False,False,False,False
11842001,STATE_PREFLIGHT,12.4,0.05,0.1,0.45,0.0,0.0,0.09810000419616699,0.0010000000149011613,0.0020000000298023225,0.0030000001192092896,0.12300000190734864,0.45599998474121095,0.789000015258789,980.5,25.0,0.0,0.0,0.980999984741211,1,46.5,6.6,1200.0,1.5,3.5,12,9.8100004196167,98.0999984741211,11.984000244140624,0.0,1200.0,True,True,True,True,True,True,True,True,True,True,True,True,True,True,True,True,False,False,False,False,False,False,False
11842512,STATE_PREFLIGHT,12.4,0.05,0.1,0.45,0.0,0.0,0.09810000419616699,0.0010000000149011613,0.0020000000298023225,0.0030000001192092896,0.12300000190734864,0.45599998474121095,0.789000015258789,980.5,25.0,0.0,0.0,0.980999984741211,1,46.5,6.6,1200.0,1.5,3.5,12,9.8100004196167,98.0999984741211,11.984000244140624,0.0,1200.0,True,True,True,True,True,True,True,True,True,True,True,True,True,True,True,True,False,False,False,False,False,False,False
11843020,STATE_PREFLIGHT,12.4,0.05,0.1,0.45,0.0,0.0,0.09810000419616699,0.0010000000149011613,0.0020000000298023225,0.0030000001192092896,0.12300000190734864,0.45599998474121095,0.789000015258789,980.5,25.0,0.0,0.0,0.980999984741211,1,46.5,6.6,1200.0,1.5,3.5,12,9.8100004196167,98.0999984741211,11.984000244140624,0.0,1200.0,True,True,True,True,True,True,True,True,True,True,True,True,True,True,True,True,False,False,False,False,False,False,False
11843530,STATE_PREFLIGHT,12.4,0.05,0.1,0.45,0.0,0.0,0.09810000419616699,0.0010000000149011613,0.0020000000298023225,0.0030000001192092896,0.12300000190734864,0.45599998474121095,0.789000015258789,980.5,25.0,0.0,0.0,0.980999984741211,1,46.5,6.6,1200.0,1.5,3.5,12,9.8100004196167,98.0999984741211,11.984000244140624,0.0,1200.0,True,True,True,True,True,True,True,True,True,True,True,True,True,True,True,True,False,False,False,False,False,False,False
11844041,STATE_PREFLIGHT,12.4,0.05,0.1,0.45,0.0,0.0,0.09810000419616699,0.0010000000149011613,0.0020000000298023225,0.0030000001192092896,0.12300000190734864,0.45599998474121095,0.789000015258789,980.5,25.0,0.0,0.0,0.980999984741211,1,46.5,6.6,1200.0,1.5,3.5,12,9.8100004196167,98.0999984741211,11.984000244140624,0.0,1200.0,True,True,True,True,True,True,True,True,True,True,True,True,True,True,True,True,False,False,False,False,False,False,False
11844550,STATE_PREFLIGHT,12.4,0.05,0.1,0.45,0.0,0.0,0.09810000419616699,0.0010000000149011613,0.0020000000298023225,0.0030000001192092896,0.12300000190734864,0.45599998474121095,0.789000015258789,980.5,25.0,0.0,0.0,0.980999984741211,1,46.5,6.6,1200.0,1.5,3.5,12,9.8100004196167,98.0999984741211,11.984000244140624,0.0,1200.0,True,True,True,True,True,True,True,True,True,True,True,True,True,True,True,True,False,False,False,False,False,False,False
11845057,STATE_PREFLIGHT,12.4,0.05,0.1,0.45,0.0,0.0,0.09810000419616699,0.0010000000149011613,0.0020000000298023225,0.0030000001192092896,0.12300000190734864,0.45599998474121095,0.789000015258789,980.5,25.0,0.0,0.0,0.980999984741211,1,46.5,6.6,1200.0,1.5,3.5,12,9.8100004196167,98.0999984741211,11.984000244140624,0.0,1200.0,True,True,True,True,True,True,True,True,True,True,True,True,True,True,True,True,False,False,False,False,False,False,False
11845565,STATE_PREFLIGHT,12.4,0.05,0.1,0.45,0.0,0.0,0.09810000419616699,0.0010000000149011613,0.0020000000298023225,0.0030000001192092896,0.12300000190734864,0.45599998474121095,0.789000015258789,980.5,25.0,0.0,0.0,0.980999984741211,1,46.5,6.6,1200.0,1.5,3.5,12,9.8100004196167,98.0999984741211,11.984000244140624,0.0,1200.0,True,True,True,True,True,True,True,True,True,True,True,True,True,True,True,True,False,False,False,False,False,False,False
11846076,STATE_PREFLIGHT,12.4,0.05,0.1,0.45,0.0,0.0,0.09810000419616699,0.0010000000149011613,0.0020000000298023225,0.0030000001192092896,0.12300000190734864,0.45599998474121095,0.789000015258789,980.5,25.0,0.0,0.0,0.980999984741211,1,46.5,6.6,1200.0,1.5,3.5,12,9.8100004196167,98.0999984741211,11.984000244140624,0.0,1200.0,True,True,True,True,True,True,True,True,True,True,True,True,True,True,True,True,False,False,False,False,False,False,False
11846586,STATE_PREFLIGHT,12.4,0.05,0.1,0.45,0.0,0.0,0.09810000419616699,0.0010000000149011613,0.0020000000298023225,0.0030000001192092896,0.12300000190734864,0.45599998474121095,0.789000015258789,980.5,25.0,0.0,0.0,0.980999984741211,1,46.5,6.6,1200.0,1.5,3.5,12,9.8100004196167,98.0999984741211,11.984000244140624,0.0,1200.0,True,True,True,True,True,True,True,True,True,True,True,True,True,True,True,True,False,False,False,False,False,False,False
11847090,STATE_PREFLIGHT,12.4,0.05,0.1,0.45,0.0,0.0,0.09810000419616699,0.0010000000149011613,0.0020000000298023225,0.0030000001192092896,0.12300000190734864,0.45599998474121095,0.789000015258789,980.5,25.0,0.0,0.0,0.980999984741211,1,46.5,6.6,1200.0,1.5,3.5,12,9.8100004196167,98.0999984741211,11.984000244140624,0.0,1200.0,True,True,True,True,True,True,True,True,True,True,True,True,True,True,True,True,False,False,False,False,False,False,False
11847599,STATE_PREFLIGHT,12.4,0.05,0.1,0.45,0.0,0.0,0.09810000419616699,0.0010000000149011613,0.0020000000298023225,0.0030000001192092896,0.12300000190734864,0.45599998474121095,0.789000015258789,980.5,25.0,0.0,0.0,0.980999984741211,1,46.5,6.6,1200.0,1.5,3.5,12,9.8100004196167,98.0999984741211,11.984000244140624,0.0,1200.0,True,True,True,True,True,True,True,True,True,True,True,True,True,True,True,True,False,False,False,False,False,False,False
11848102,STATE_PREFLIGHT,12.4,0.05,0.1,0.45,0.0,0.0,0.09810000419616699,0.0010000000149011613,0.0020000000298023225,0.0030000001192092896,0.12300000190734864,0.45599998474121095,0.789000015258789,980.5,25.0,0.0,0.0,0.980999984741211,1,46.5,6.6,1200.0,1.5,3.5,12,9.8100004196167,98.0999984741211,11.984000244140624,0.0,1200.0,True,True,True,True,True,True,True,True,True,True,True,True,True,True,True,True,False,False,False,False,False,False,False
11848608,STATE_PREFLIGHT,12.4,0.05,0.1,0.45,0.0,0.0,0.09810000419616699,0.0010000000149011613,0.0020000000298023225,0.0030000001192092896,0.12300000190734864,0.45599998474121095,0.789000015258789,980.5,25.0,0.0,0.0,0.980999984741211,1,46.5,6.6,1200.0,1.5,3.5,12,9.8100004196167,98.0999984741211,11.984000244140624,0.0,1200.0,True,True,True,True,True,True,True,True,True,True,True,True,True,True,True,True,False,False,False,False,False,False,False
11849114,STATE_PREFLIGHT,12.4,0.05,0.1,0.45,0.0,0.0,0.09810000419616699,0.0010000000149011613,0.0020000000298023225,0.0030000001192092896,0.12300000190734864,0.45599998474121095,0.789000015258789,980.5,25.0,0.0,0.0,0.980999984741211,1,46.5,6.6,1200.0,1.5,3.5,12,9.8100004196167,98.0999984741211,11.984000244140624,0.0,1200.0,True,True,True,True,True,True,True,True,True,True,True,True,True,True,True,True,False,False,False,False,False,False,False
11849625,STATE_PREFLIGHT,12.4,0.05,0.1,0.45,0.0,0.0,0.09810000419616699,0.0010000000149011613,0.0020000000298023225,0.0030000001192092896,0.12300000190734864,0.45599998474121095,0.789000015258789,980.5,25.0,0.0,0.0,0.980999984741211,1,46.5,6.6,1200.0,1.5,3.5,12,9.8100004196167,98.0999984741211,11.984000244140624,0.0,1200.0,True,True,True,True,True,True,True,True,True,True,True,True,True,True,True,True,False,False,False,False,False,False,False
11850136,STATE_PREFLIGHT,12.4,0.05,0.1,0.45,0.0,0.0,0.09810000419616699,0.0010000000149011613,0.0020000000298023225,0.0030000001192092896,0.12300000190734864,0.45599998474121095,0.789000015258789,980.5,25.0,0.0,0.0,0.980999984741211,1,46.5,6.6,1200.0,1.5,3.5,12,9.8100004196167,98.0999984741211,11.984000244140624,0.0,1200.0,True,True,True,True,True,True,True,True,True,True,True,True,True,True,True,True,False,False,False,False,False,False,False
11850646,STATE_PREFLIGHT,12.4,0.05,0.1,0.45,0.0,0.0,0.09810000419616699,0.0010000000149011613,0.0020000000298023225,0.0030000001192092896,0.12300000190734864,0.45599998474121095,0.789000015258789,980.5,25.0,0.0,0.0,0.980999984741211,1,46.5,6.6,1200.0,1.5,3.5,12,9.8100004196167,98.0999984741211,11.984000244140624,0.0,1200.0,True,True,True,True,True,True,True,True,True,True,True,True,True,True,True,True,False,False,False,False,False,False,False
11851149,STATE_PREFLIGHT,12.4,0.05,0.1,0.45,0.0,0.0,0.09810000419616699,0.0010000000149011613,0.0020000000298023225,0.0030000001192092896,0.12300000190734864,0.45599998474121095,0.789000015258789,980.5,25.0,0.0,0.0,0.980999984741211,1,46.5,6.6,1200.0,1.5,3.5,12,9.8100004196167,98.0999984741211,11.984000244140624,0.0,1200.0,True,True,True,True,True,True,True,True,True,True,True,True,True,True,True,True,False,False,False,False,False,False,False
11851659,STATE_PREFLIGHT,12.4,0.05,0.1,0.45,0.0,0.0,0.09810000419616699,0.0010000000149011613,0.0020000000298023225,0.0030000001192092896,0.12300000190734864,0.45599998474121095,0.789000015258789,980.5,25.0,0.0,0.0,0.980999984741211,1,46.5,6.6,1200.0,1.5,3.5,12,9.8100004196167,98.0999984741211,11.984000244140624,0.0,1200.0,True,True,True,True,True,True,True,True,True,True,True,True,True,True,True,True,False,False,False,False,False,False,False
11852165,STATE_PREFLIGHT,12.4,0.05,0.1,0.45,0.0,0.0,0.09810000419616699,0.0010000000149011613,0.0020000000298023225,0.0030000001192092896,0.12300000190734864,0.45599998474121095,0.789000015258789,980.5,25.0,0.0,0.0,0.980999984741211,1,46.5,6.6,1200.0,1.5,3.5,12,9.8100004196167,98.0999984741211,11.984000244140624,0.0,1200.0,True,True,True,True,True,True,True,True,True,True,True,True,True,True,True,True,False,False,False,False,False,False,False
11852676,STATE_PREFLIGHT,12.4,0.05,0.1,0.45,0.0,0.0,0.09810000419616699,0.0010000000149011613,0.0020000000298023225,0.0030000001192092896,0.12300000190734864,0.45599998474121095,0.789000015258789,980.5,25.0,0.0,0.0,0.980999984741211,1,46.5,6.6,1200.0,1.5,3.5,12,9.8100004196167,98.0999984741211,11.984000244140624,0.0,1200.0,True,True,True,True,True,True,True,True,True,True,True,True,True,True,True,True,False,False,False,False,False,False,False
11853179,STATE_PREFLIGHT,12.4,0.05,0.1,0.45,0.0,0.0,0.09810000419616699,0.0010000000149011613,0.0020000000298023225,0.0030000001192092896,0.12300000190734864,0.45599998474121095,0.789000015258789,980.5,25.0,0.0,0.0,0.980999984741211,1,46.5,6.6,1200.0,1.5,3.5,12,9.8100004196167,98.0999984741211,11.984000244140624,0.0,1200.0,True,True,True,True,True,True,True,True,True,True,True,True,True,True,True,True,False,False,False,False,False,False,False
11853687,STATE_PREFLIGHT,12.4,0.05,0.1,0.45,0.0,0.0,0.09810000419616699,0.0010000000149011613,0.0020000000298023225,0.0030000001192092896,0.12300000190734864,0.45599998474121095,0.789000015258789,980.5,25.0,0.0,0.0,0.980999984741211,1,46.5,6.6,1200.0,1.5,3.5,12,9.8100004196167,98.0999984741211,11.984000244140624,0.0,1200.0,True,True,True,True,True,True,True,True,True,True,True,True,True,True,True,True,False,False,False,False,False,False,False
11854194,STATE_PREFLIGHT,12.4,0.05,0.1,0.45,0.0,0.0,0.09810000419616699,0.0010000000149011613,0.0020000000298023225,0.0030000001192092896,0.12300000190734864,0.45599998474121095,0.789000015258789,980.5,25.0,0.0,0.0,0.980999984741211,1,46.5,6.6,1200.0,1.5,3.5,12,9.8100004196167,98.0999984741211,11.984000244140624,0.0,1200.0,True,True,True,True,True,True,True,True,True,True,True,True,True,True,True,True,False,False,False,False,False,False,False
11854700,STATE_PREFLIGHT,12.4,0.05,0.1,0.45,0.0,0.0,0.09810000419616699,0.0010000000149011613,0.0020000000298023225,0.0030000001192092896,0.12300000190734864,0.45599998474121095,0.789000015258789,980.5,25.0,0.0,0.0,0.980999984741211,1,46.5,6.6,1200.0,1.5,3.5,12,9.8100004196167,98.0999984741211,11.984000244140624,0.0,1200.0,True,True,True,True,True,True,True,True,True,True,True,True,True,True,True,True,False,False,False,False,False,False,False
11855207,STATE_PREFLIGHT,12.4,0.05,0.1,0.45,0.0,0.0,0.09810000419616699,0.0010000000149011613,0.0020000000298023225,0.0030000001192092896,0.12300000190734864,0.45599998474121095,0.789000015258789,980.5,25.0,0.0,0.0,0.980999984741211,1,46.5,6.6,1200.0,1.5,3.5,12,9.8100004196167,98.0999984741211,11.984000244140624,0.0,1200.0,True,True,True,True,True,True,True,True,True,True,True,True,True,True,True,True,False,False,False,False,False,False,False
11855717,STATE_PREFLIGHT,12.4,0.05,0.1,0.45,0.0,0.0,0.09810000419616699,0.0010000000149011613,0.0020000000298023225,0.0030000001192092896,0.12300000190734864,0.45599998474121095,0.789000015258789,980.5,25.0,0.0,0.0,0.980999984741211,1,46.5,6.6,1200.0,1.5,3.5,12,9.8100004196167,98.0999984741211,11.984000244140624,0.0,1200.0,True,True,True,True,True,True,True,True,True,True,True,True,True,True,True,True,False,False,False,False,False,False,False
11856223,STATE_PREFLIGHT,12.4,0.05,0.1,0.45,0.0,0.0,0.09810000419616699,0.0010000000149011613,0.0020000000298023225,0.0030000001192092896,0.12300000190734864,0.45599998474121095,0.789000015258789,980.5,25.0,0.0,0.0,0.980999984741211,1,46.5,6.6,1200.0,1.5,3.5,12,9.8100004196167,98.0999984741211,11.984000244140624,0.0,1200.0,True,True,True,True,True,True,True,True,True,True,True,True,True,True,True,True,False,False,False,False,False,False,False
11856731,STATE_PREFLIGHT,12.4,0.05,0.1,0.45,0.0,0.0,0.09810000419616699,0.0010000000149011613,0.0020000000298023225,0.0030000001192092896,0.12300000190734864,0.45599998474121095,0.789000015258789,980.5,25.0,0.0,0.0,0.980999984741211,1,46.5,6.6,1200.0,1.5,3.5,12,9.8100004196167,98.0999984741211,11.984000244140624,0.0,1200.0,True,True,True,True,True,True,True,True,True,True,True,True,True,True,True,True,False,False,False,False,False,False,False
11857238,STATE_PREFLIGHT,12.4,0.05,0.1,0.45,0.0,0.0,0.09810000419616699,0.0010000000149011613,0.0020000000298023225,0.0030000001192092896,0.12300000190734864,0.45599998474121095,0.789000015258789,980.5,25.0,0.0,0.0,0.980999984741211,1,46.5,6.6,1200.0,1.5,3.5,12,9.8100004196167,98.0999984741211,11.984000244140624,0.0,1200.0,True,True,True,True,True,True,True,True,True,True,True,True,True,True,True,True,False,False,False,False,False,False,False
11857750,STATE_PREFLIGHT,12.4,0.05,0.1,0.45,0.0,0.0,0.09810000419616699,0.0010000000149011613,0.0020000000298023225,0.0030000001192092896,0.12300000190734864,0.45599998474121095,0.789000015258789,980.5,25.0,0.0,0.0,0.980999984741211,1,46.5,6.6,1200.0,1.5,3.5,12,9.8100004196167,98.0999984741211,11.984000244140624,0.0,1200.0,True,True,True,True,True,True,True,True,True,True,True,True,True,True,True,True,False,False,False,False,False,False,False
11858255,STATE_PREFLIGHT,12.4,0.05,0.1,0.45,0.0,0.0,0.09810000419616699,0.0010000000149011613,0.0020000000298023225,0.0030000001192092896,0.12300000190734864,0.45599998474121095,0.789000015258789,980.5,25.0,0.0,0.0,0.980999984741211,1,46.5,6.6,1200.0,1.5,3.5,12,9.8100004196167,98.0999984741211,11.984000244140624,0.0,1200.0,True,True,True,True,True,True,True,True,True,True,True,True,True,True,True,True,False,False,False,False,False,False,False
11858766,STATE_PREFLIGHT,12.4,0.05,0.1,0.45,0.0,0.0,0.09810000419616699,0.0010000000149011613,0.0020000000298023225,0.0030000001192092896,0.12300000190734864,0.45599998474121095,0.789000015258789,980.5,25.0,0.0,0.0,0.980999984741211,1,46.5,6.6,1200.0,1.5,3.5,12,9.8100004196167,98.0999984741211,11.984000244140624,0.0,1200.0,True,True,True,True,True,True,True,True,True,True,True,True,True,True,True,True,False,False,False,False,False,False,False
11859277,STATE_PREFLIGHT,12.4,0.05,0.1,0.45,0.0,0.0,0.09810000419616699,0.0010000000149011613,0.0020000000298023225,0.0030000001192092896,0.12300000190734864,0.45599998474121095,0.789000015258789,980.5,25.0,0.0,0.0,0.980999984741211,1,46.5,6.6,1200.0,1.5,3.5,12,9.8100004196167,98.0999984741211,11.984000244140624,0.0,1200.0,True,True,True,True,True,True,True,True,True,True,True,True,True,True,True,True,False,False,False,False,False,False,False
11859783,STATE_PREFLIGHT,12.4,0.05,0.1,0.45,0.0,0.0,0.09810000419616699,0.0010000000149011613,0.0020000000298023225,0.0030000001192092896,0.12300000190734864,0.45599998474121095,0.789000015258789,980.5,25.0,0.0,0.0,0.980999984741211,1,46.5,6.6,1200.0,1.5,3.5,12,9.8100004196167,98.0999984741211,11.984000244140624,0.0,1200.0,True,True,True,True,True,True,True,True,True,True,True,True,True,True,True,True,False,False,False,False,False,False,False
11860291,STATE_PREFLIGHT,12.4,0.05,0.1,0.45,0.0,0.0,0.09810000419616699,0.0010000000149011613,0.0020000000298023225,0.0030000001192092896,0.12300000190734864,0.45599998474121095,0.789000015258789,980.5,25.0,0.0,0.0,0.980999984741211,1,46.5,6.6,1200.0,1.5,3.5,12,9.8100004196167,98.0999984741211,11.984000244140624,0.0,1200.0,True,True,True,True,True,True,True,True,True,True,True,True,True,True,True,True,False,False,False,False,False,False,False
11860802,STATE_PREFLIGHT,12.4,0.05,0.1,0.45,0.0,0.0,0.09810000419616699,0.0010000000149011613,0.0020000000298023225,0.0030000001192092896,0.12300000190734864,0.45599998474121095,0.789000015258789,980.5,25.0,0.0,0.0,0.980999984741211,1,46.5,6.6,1200.0,1.5,3.5,12,9.8100004196167,98.0999984741211,11.984000244140624,0.0,1200.0,True,True,True,True,True,True,True,True,True,True,True,True,True,True,True,True,False,False,False,False,False,False,False
11861312,STATE_PREFLIGHT,12.4,0.05,0.1,0.45,0.0,0.0,0.09810000419616699,0.0010000000149011613,0.0020000000298023225,0.0030000001192092896,0.12300000190734864,0.45599998474121095,0.789000015258789,980.5,25.0,0.0,0.0,0.980999984741211,1,46.5,6.6,1200.0,1.5,3.5,12,9.8100004196167,98.0999984741211,11.984000244140624,0.0,1200.0,True,True,True,True,True,True,True,True,True,True,True,True,True,True,True,True,False,False,False,False,False,False,False
11861823,STATE_PREFLIGHT,12.4,0.05,0.1,0.45,0.0,0.0,0.09810000419616699,0.0010000000149011613,0.0020000000298023225,0.0030000001192092896,0.12300000190734864,0.45599998474121095,0.789000015258789,980.5,25.0,0.0,0.0,0.980999984741211,1,46.5,6.6,1200.0,1.5,3.5,12,9.8100004196167,98.0999984741211,11.984000244140624,0.0,1200.0,True,True,True,True,True,True,True,True,True,True,True,True,True,True,True,True,False,False,False,False,False,False,False
11862331,STATE_PREFLIGHT,12.4,0.05,0.1,0.45,0.0,0.0,0.09810000419616699,0.0010000000149011613,0.0020000000298023225,0.0030000001192092896,0.12300000190734864,0.45599998474121095,0.789000015258789,980.5,25.0,0.0,0.0,0.980999984741211,1,46.5,6.6,1200.0,1.5,3.5,12,9.8100004196167,98.0999984741211,11.984000244140624,0.0,1200.0,True,True,True,True,True,True,True,True,True,True,True,True,True,True,True,True,False,False,False,False,False,False,False
11862841,STATE_PREFLIGHT,12.4,0.05,0.1,0.45,0.0,0.0,0.09810000419616699,0.0010000000149011613,0.0020000000298023225,0.0030000001192092896,0.12300000190734864,0.45599998474121095,0.789000015258789,980.5,25.0,0.0,0.0,0.980999984741211,1,46.5,6.6,1200.0,1.5,3.5,12,9.8100004196167,98.0999984741211,11.984000244140624,0.0,1200.0,True,True,True,True,True,True,True,True,True,True,True,True,True,True,True,True,False,False,False,False,False,False,False
11863352,STATE_PREFLIGHT,12.4,0.05,0.1,0.45,0.0,0.0,0.09810000419616699,0.0010000000149011613,0.0020000000298023225,0.0030000001192092896,0.12300000190734864,0.45599998474121095,0.789000015258789,980.5,25.0,0.0,0.0,0.980999984741211,1,46.5,6.6,1200.0,1.5,3.5,12,9.8100004196167,98.0999984741211,11.984000244140624,0.0,1200.0,True,True,True,True,True,True,True,True,True,True,True,True,True,True,True,True,False,False,False,False,False,False,False
11863859,STATE_PREFLIGHT,12.4,0.05,0.1,0.45,0.0,0.0,0.09810000419616699,0.0010000000149011613,0.0020000000298023225,0.0030000001192092896,0.12300000190734864,0.45599998474121095,0.789000015258789,980.5,25.0,0.0,0.0,0.980999984741211,1,46.5,6.6,1200.0,1.5,3.5,12,9.8100004196167,98.0999984741211,11.984000244140624,0.0,1200.0,True,True,True,True,True,True,True,True,True,True,True,True,True,True,True,True,False,False,False,False,False,False,False
11864370,STATE_PREFLIGHT,12.4,0.05,0.1,0.45,0.0,0.0,0.09810000419616699,0.0010000000149011613,0.0020000000298023225,0.0030000001192092896,0.12300000190734864,0.45599998474121095,0.789000015258789,980.5,25.0,0.0,0.0,0.980999984741211,1,46.5,6.6,1200.0,1.5,3.5,12,9.8100004196167,98.0999984741211,11.984000244140624,0.0,1200.0,True,True,True,True,True,True,True,True,True,True,True,True,True,True,True,True,False,False,False,False,False,False,False
11864880,STATE_PREFLIGHT,12.4,0.05,0.1,0.45,0.0,0.0,0.09810000419616699,0.0010000000149011613,0.0020000000298023225,0.0030000001192092896,0.12300000190734864,0.45599998474121095,0.789000015258789,980.5,25.0,0.0,0.0,0.980999984741211,1,46.5,6.6,1200.0,1.5,3.5,12,9.8100004196167,98.0999984741211,11.984000244140624,0.0,1200.0,True,True,True,True,True,True,True,True,True,True,True,True,True,True,True,True,False,False,False,False,False,False,False
11865386,STATE_PREFLIGHT,12.4,0.05,0.1,0.45,0.0,0.0,0.09810000419616699,0.0010000000149011613,0.0020000000298023225,0.0030000001192092896,0.12300000190734864,0.45599998474121095,0.789000015258789,980.5,25.0,0.0,0.0,0.980999984741211,1,46.5,6.6,1200.0,1.5,3.5,12,9.8100004196167,98.0999984741211,11.984000244140624,0.0,1200.0,True,True,True,True,True,True,True,True,True,True,True,True,True,True,True,True,False,False,False,False,False,False,False
11865900,STATE_PREFLIGHT,12.4,0.05,0.1,0.45,0.0,0.0,0.09810000419616699,0.0010000000149011613,0.0020000000298023225,0.0030000001192092896,0.12300000190734864,0.45599998474121095,0.789000015258789,980.5,25.0,0.0,0.0,0.980999984741211,1,46.5,6.6,1200.0,1.5,3.5,12,9.8100004196167,98.0999984741211,11.984000244140624,0.0,1200.0,True,True,True,True,True,True,True,True,True,True,True,True,True,True,True,True,False,False,False,False,False,False,False
11866410,STATE_PREFLIGHT,12.4,0.05,0.1,0.45,0.0,0.0,0.09810000419616699,0.0010000000149011613,0.0020000000298023225,0.0030000001192092896,0.12300000190734864,0.45599998474121095,0.789000015258789,980.5,25.0,0.0,0.0,0.980999984741211,1,46.5,6.6,1200.0,1.5,3.5,12,9.8100004196167,98.0999984741211,11.984000244140624,0.0,1200.0,True,True,True,True,True,True,True,True,True,True,True,True,True,True,True,True,False,False,False,False,False,False,False
11866916,STATE_PREFLIGHT,12.4,0.05,0.1,0.45,0.0,0.0,0.09810000419616699,0.0010000000149011613,0.0020000000298023225,0.0030000001192092896,0.12300000190734864,0.45599998474121095,0.789000015258789,980.5,25.0,0.0,0.0,0.980999984741211,1,46.5,6.6,1200.0,1.5,3.5,12,9.8100004196167,98.0999984741211,11.984000244140624,0.0,1200.0,True,True,True,True,True,True,True,True,True,True,True,True,True,True,True,True,False,False,False,False,False,False,False
11867421,STATE_PREFLIGHT,12.4,0.05,0.1,0.45,0.0,0.0,0.09810000419616699,0.0010000000149011613,0.0020000000298023225,0.0030000001192092896,0.12300000190734864,0.45599998474121095,0.789000015258789,980.5,25.0,0.0,0.0,0.980999984741211,1,46.5,6.6,1200.0,1.5,3.5,12,9.8100004196167,98.0999984741211,11.984000244140624,0.0,1200.0,True,True,True,True,True,True,True,True,True,True,True,True,True,True,True,True,False,False,False,False,False,False,False
11867931,STATE_PREFLIGHT,12.4,0.05,0.1,0.45,0.0,0.0,0.09810000419616699,0.0010000000149011613,0.0020000000298023225,0.0030000001192092896,0.12300000190734864,0.45599998474121095,0.789000015258789,980.5,25.0,0.0,0.0,0.980999984741211,1,46.5,6.6,1200.0,1.5,3.5,12,9.8100004196167,98.0999984741211,11.984000244140624,0.0,1200.0,True,True,True,True,True,True,True,True,True,True,True,True,True,True,True,True,False,False,False,False,False,False,False
11868441,STATE_PREFLIGHT,12.4,0.05,0.1,0.45,0.0,0.0,0.09810000419616699,0.0010000000149011613,0.0020000000298023225,0.0030000001192092896,0.12300000190734864,0.45599998474121095,0.789000015258789,980.5,25.0,0.0,0.0,0.980999984741211,1,46.5,6.6,1200.0,1.5,3.5,12,9.8100004196167,98.0999984741211,11.984000244140624,0.0,1200.0,True,True,True,True,True,True,True,True,True,True,True,True,True,True,True,True,False,False,False,False,False,False,False
11868952,STATE_PREFLIGHT,12.4,0.05,0.1,0.45,0.0,0.0,0.09810000419616699,0.0010000000149011613,0.0020000000298023225,0.0030000001192092896,0.12300000190734864,0.45599998474121095,0.789000015258789,980.5,25.0,0.0,0.0,0.980999984741211,1,46.5,6.6,1200.0,1.5,3.5,12,9.8100004196167,98.0999984741211,11.984000244140624,0.0,1200.0,True,True,True,True,True,True,True,True,True,True,True,True,True,True,True,True,False,False,False,False,False,False,False
11869463,STATE_PREFLIGHT,12.4,0.05,0.1,0.45,0.0,0.0,0.09810000419616699,0.0010000000149011613,0.0020000000298023225,0.0030000001192092896,0.12300000190734864,0.45599998474121095,0.789000015258789,980.5,25.0,0.0,0.0,0.980999984741211,1,46.5,6.6,1200.0,1.5,3.5,12,9.8100004196167,98.0999984741211,11.984000244140624,0.0,1200.0,True,True,True,True,True,True,True,True,True,True,True,True,True,True,True,True,False,False,False,False,False,False,False
11869972,STATE_PREFLIGHT,12.4,0.05,0.1,0.45,0.0,0.0,0.09810000419616699,0.0010000000149011613,0.0020000000298023225,0.0030000001192092896,0.12300000190734864,0.45599998474121095,0.789000015258789,980.5,25.0,0.0,0.0,0.980999984741211,1,46.5,6.6,1200.0,1.5,3.5,12,9.8100004196167,98.0999984741211,11.984000244140624,0.0,1200.0,True,True,True,True,True,True,True,True,True,True,True,True,True,True,True,True,False,False,False,False,False,False,False
11870481,STATE_PREFLIGHT,12.4,0.05,0.1,0.45,0.0,0.0,0.09810000419616699,0.0010000000149011613,0.0020000000298023225,0.0030000001192092896,0.12300000190734864,0.45599998474121095,0.789000015258789,980.5,25.0,0.0,0.0,0.980999984741211,1,46.5,6.6,1200.0,1.5,3.5,12,9.8100004196167,98.0999984741211,11.984000244140624,0.0,1200.0,True,True,True,True,True,True,True,True,True,True,True,True,True,True,True,True,False,False,False,False,False,False,False
