time_boot_ms,mission_state,battery_mv,roll,pitch,yaw,imu_acc_x,imu_acc_y,imu_acc_z,imu_gyro_x,imu_gyro_y,imu_gyro_z,imu_mag_x,imu_mag_y,imu_mag_z,pressure_pa,temp_celsius,highg_acc_x,highg_acc_y,highg_acc_z,gps_fix,lat,lon,gps_alt,vel,cog,satellites_nb,imu_acc_vertical,highg_acc_vertical,kalman_z,kalman_v,altitude_msl_cm,FLAG_IDEFIX_OK,FLAG_BT_OK,FLAG_FLASH_OK,FLAG_SD_OK,FLAG_TEMP_OK,FLAG_HIGHG_OK,FLAG_GPS_OK,FLAG_BARO_OK,FLAG_IMU_OK,FLAG_RADIO_OK,FLAG_PYROS_ARMED_OK,FLAG_PYRO1_CONN,FLAG_PYRO2_CONN,FLAG_PYRO3_CONN,FLAG_PYRO4_CONN,FLAG_PYROS_ARMED,FLAG_PYRO1_FIRED,FLAG_PYRO2_FIRED,FLAG_PYRO3_FIRED,FLAG_PYRO4_FIRED,FLAG_APOGEE_DETECTED,FLAG_MAIN_DEPLOYED,FLAG_DROGUE_DEPLOYED,FLAG_MACH_LOCK_ENABLED
267597755,STATE_PREFLIGHT,12.4,5.0,10.0,45.0,0.0,0.0,9.81,0.1,0.2,0.3,12.3,45.6,78.9,101.325,25.0,0.0,0.0,98.1,1,46.5,6.6,1200.0,1.5,3.5,12,9.81,98.1,1198.4,0.0,1200.0,True,True,True,True,True,True,True,True,True,True,True,True,True,True,True,True,False,False,False,False,False,False,False,False
267598262,STATE_PREFLIGHT,12.4,5.0,10.0,45.0,0.0,0.0,9.81,0.1,0.2,0.3,12.3,45.6,78.9,101.325,25.0,0.0,0.0,98.1,1,46.5,6.6,1200.0,1.5,3.5,12,9.81,98.1,1198.4,0.0,1200.0,True,True,True,True,True,True,True,True,True,True,True,True,True,True,True,True,False,False,False,False,False,False,False,False
267598772,STATE_PREFLIGHT,12.4,5.0,10.0,45.0,0.0,0.0,9.81,0.1,0.2,0.3,12.3,45.6,78.9,101.325,25.0,0.0,0.0,98.1,1,46.5,6.6,1200.0,1.5,3.5,12,9.81,98.1,1198.4,0.0,1200.0,True,True,True,True,True,True,True,True,True,True,True,True,True,True,True,True,False,False,False,False,False,False,False,False
267599282,STATE_PREFLIGHT,12.4,5.0,10.0,45.0,0.0,0.0,9.81,0.1,0.2,0.3,12.3,45.6,78.9,101.325,25.0,0.0,0.0,98.1,1,46.5,6.6,1200.0,1.5,3.5,12,9.81,98.1,1198.4,0.0,1200.0,True,True,True,True,True,True,True,True,True,True,True,True,True,True,True,True,False,False,False,False,False,False,False,False
267599791,STATE_PREFLIGHT,12.4,5.0,10.0,45.0,0.0,0.0,9.81,0.1,0.2,0.3,12.3,45.6,78.9,101.325,25.0,0.0,0.0,98.1,1,46.5,6.6,1200.0,1.5,3.5,12,9.81,98.1,1198.4,0.0,1200.0,True,True,True,True,True,True,True,True,True,True,True,True,True,True,True,True,False,False,False,False,False,False,False,False
267600299,STATE_PREFLIGHT,12.4,5.0,10.0,45.0,0.0,0.0,9.81,0.1,0.2,0.3,12.3,45.6,78.9,101.325,25.0,0.0,0.0,98.1,1,46.5,6.6,1200.0,1.5,3.5,12,9.81,98.1,1198.4,0.0,1200.0,True,True,True,True,True,True,True,True,True,True,True,True,True,True,True,True,False,False,False,False,False,False,False,False
267600806,STATE_PREFLIGHT,12.4,5.0,10.0,45.0,0.0,0.0,9.81,0.1,0.2,0.3,12.3,45.6,78.9,101.325,25.0,0.0,0.0,98.1,1,46.5,6.6,1200.0,1.5,3.5,12,9.81,98.1,1198.4,0.0,1200.0,True,True,True,True,True,True,True,True,True,True,True,True,True,True,True,True,False,False,False,False,False,False,False,False
267601317,STATE_PREFLIGHT,12.4,5.0,10.0,45.0,0.0,0.0,9.81,0.1,0.2,0.3,12.3,45.6,78.9,101.325,25.0,0.0,0.0,98.1,1,46.5,6.6,1200.0,1.5,3.5,12,9.81,98.1,1198.4,0.0,1200.0,True,True,True,True,True,True,True,True,True,True,True,True,True,True,True,True,False,False,False,False,False,False,False,False
267601825,STATE_PREFLIGHT,12.4,5.0,10.0,45.0,0.0,0.0,9.81,0.1,0.2,0.3,12.3,45.6,78.9,101.325,25.0,0.0,0.0,98.1,1,46.5,6.6,1200.0,1.5,3.5,12,9.81,98.1,1198.4,0.0,1200.0,True,True,True,True,True,True,True,True,True,True,True,True,True,True,True,True,False,False,False,False,False,False,False,False
267602332,STATE_PREFLIGHT,12.4,5.0,10.0,45.0,0.0,0.0,9.81,0.1,0.2,0.3,12.3,45.6,78.9,101.325,25.0,0.0,0.0,98.1,1,46.5,6.6,1200.0,1.5,3.5,12,9.81,98.1,1198.4,0.0,1200.0,True,True,True,True,True,True,True,True,True,True,True,True,True,True,True,True,False,False,False,False,False,False,False,False
267602843,STATE_PREFLIGHT,12.4,5.0,10.0,45.0,0.0,0.0,9.81,0.1,0.2,0.3,12.3,45.6,78.9,101.325,25.0,0.0,0.0,98.1,1,46.5,6.6,1200.0,1.5,3.5,12,9.81,98.1,1198.4,0.0,1200.0,True,True,True,True,True,True,True,True,True,True,True,True,True,True,True,True,False,False,False,False,False,False,False,False
267603350,STATE_PREFLIGHT,12.4,5.0,10.0,45.0,0.0,0.0,9.81,0.1,0.2,0.3,12.3,45.6,78.9,101.325,25.0,0.0,0.0,98.1,1,46.5,6.6,1200.0,1.5,3.5,12,9.81,98.1,1198.4,0.0,1200.0,True,True,True,True,True,True,True,True,True,True,True,True,True,True,True,True,False,False,False,False,False,False,False,False
267603861,STATE_PREFLIGHT,12.4,5.0,10.0,45.0,0.0,0.0,9.81,0.1,0.2,0.3,12.3,45.6,78.9,101.325,25.0,0.0,0.0,98.1,1,46.5,6.6,1200.0,1.5,3.5,12,9.81,98.1,1198.4,0.0,1200.0,True,True,True,True,True,True,True,True,True,True,True,True,True,True,True,True,False,False,False,False,False,False,False,False
267604367,STATE_PREFLIGHT,12.4,5.0,10.0,45.0,0.0,0.0,9.81,0.1,0.2,0.3,12.3,45.6,78.9,101.325,25.0,0.0,0.0,98.1,1,46.5,6.6,1200.0,1.5,3.5,12,9.81,98.1,1198.4,0.0,1200.0,True,True,True,True,True,True,True,True,True,True,True,True,True,True,True,True,False,False,False,False,False,False,False,False
267604874,STATE_PREFLIGHT,12.4,5.0,10.0,45.0,0.0,0.0,9.81,0.1,0.2,0.3,12.3,45.6,78.9,101.325,25.0,0.0,0.0,98.1,1,46.5,6.6,1200.0,1.5,3.5,12,9.81,98.1,1198.4,0.0,1200.0,True,True,True,True,True,True,True,True,True,True,True,True,True,True,True,True,False,False,False,False,False,False,False,False
267605384,STATE_PREFLIGHT,12.4,5.0,10.0,45.0,0.0,0.0,9.81,0.1,0.2,0.3,12.3,45.6,78.9,101.325,25.0,0.0,0.0,98.1,1,46.5,6.6,1200.0,1.5,3.5,12,9.81,98.1,1198.4,0.0,1200.0,True,True,True,True,True,True,True,True,True,True,True,True,True,True,True,True,False,False,False,False,False,False,False,False
267605892,STATE_PREFLIGHT,12.4,5.0,10.0,45.0,0.0,0.0,9.81,0.1,0.2,0.3,12.3,45.6,78.9,101.325,25.0,0.0,0.0,98.1,1,46.5,6.6,1200.0,1.5,3.5,12,9.81,98.1,1198.4,0.0,1200.0,True,True,True,True,True,True,True,True,True,True,True,True,True,True,True,True,False,False,False,False,False,False,False,False
267606403,STATE_PREFLIGHT,12.4,5.0,10.0,45.0,0.0,0.0,9.81,0.1,0.2,0.3,12.3,45.6,78.9,101.325,25.0,0.0,0.0,98.1,1,46.5,6.6,1200.0,1.5,3.5,12,9.81,98.1,1198.4,0.0,1200.0,True,True,True,True,True,True,True,True,True,True,True,True,True,True,True,True,False,False,False,False,False,False,False,False
267606909,STATE_PREFLIGHT,12.4,5.0,10.0,45.0,0.0,0.0,9.81,0.1,0.2,0.3,12.3,45.6,78.9,101.325,25.0,0.0,0.0,98.1,1,46.5,6.6,1200.0,1.5,3.5,12,9.81,98.1,1198.4,0.0,1200.0,True,True,True,True,True,True,True,True,True,True,True,True,True,True,True,True,False,False,False,False,False,False,False,False
267607420,STATE_PREFLIGHT,12.4,5.0,10.0,45.0,0.0,0.0,9.81,0.1,0.2,0.3,12.3,45.6,78.9,101.325,25.0,0.0,0.0,98.1,1,46.5,6.6,1200.0,1.5,3.5,12,9.81,98.1,1198.4,0.0,1200.0,True,True,True,True,True,True,True,True,True,True,True,True,True,True,True,True,False,False,False,False,False,False,False,False
267607931,STATE_PREFLIGHT,12.4,5.0,10.0,45.0,0.0,0.0,9.81,0.1,0.2,0.3,12.3,45.6,78.9,101.325,25.0,0.0,0.0,98.1,1,46.5,6.6,1200.0,1.5,3.5,12,9.81,98.1,1198.4,0.0,1200.0,True,True,True,True,True,True,True,True,True,True,True,True,True,True,True,True,False,False,False,False,False,False,False,False
267608441,STATE_PREFLIGHT,12.4,5.0,10.0,45.0,0.0,0.0,9.81,0.1,0.2,0.3,12.3,45.6,78.9,101.325,25.0,0.0,0.0,98.1,1,46.5,6.6,1200.0,1.5,3.5,12,9.81,98.1,1198.4,0.0,1200.0,True,True,True,True,True,True,True,True,True,True,True,True,True,True,True,True,False,False,False,False,False,False,False,False
267608949,STATE_PREFLIGHT,12.4,5.0,10.0,45.0,0.0,0.0,9.81,0.1,0.2,0.3,12.3,45.6,78.9,101.325,25.0,0.0,0.0,98.1,1,46.5,6.6,1200.0,1.5,3.5,12,9.81,98.1,1198.4,0.0,1200.0,True,True,True,True,True,True,True,True,True,True,True,True,True,True,True,True,False,False,False,False,False,False,False,False
267609455,STATE_PREFLIGHT,12.4,5.0,10.0,45.0,0.0,0.0,9.81,0.1,0.2,0.3,12.3,45.6,78.9,101.325,25.0,0.0,0.0,98.1,1,46.5,6.6,1200.0,1.5,3.5,12,9.81,98.1,1198.4,0.0,1200.0,True,True,True,True,True,True,True,True,True,True,True,True,True,True,True,True,False,False,False,False,False,False,False,False
267609966,STATE_PREFLIGHT,12.4,5.0,10.0,45.0,0.0,0.0,9.81,0.1,0.2,0.3,12.3,45.6,78.9,101.325,25.0,0.0,0.0,98.1,1,46.5,6.6,1200.0,1.5,3.5,12,9.81,98.1,1198.4,0.0,1200.0,True,True,True,True,True,True,True,True,True,True,True,True,True,True,True,True,False,False,False,False,False,False,False,False
267610475,STATE_PREFLIGHT,12.4,5.0,10.0,45.0,0.0,0.0,9.81,0.1,0.2,0.3,12.3,45.6,78.9,101.325,25.0,0.0,0.0,98.1,1,46.5,6.6,1200.0,1.5,3.5,12,9.81,98.1,1198.4,0.0,1200.0,True,True,True,True,True,True,True,True,True,True,True,True,True,True,True,True,False,False,False,False,False,False,False,False
267610983,STATE_PREFLIGHT,12.4,5.0,10.0,45.0,0.0,0.0,9.81,0.1,0.2,0.3,12.3,45.6,78.9,101.325,25.0,0.0,0.0,98.1,1,46.5,6.6,1200.0,1.5,3.5,12,9.81,98.1,1198.4,0.0,1200.0,True,True,True,True,True,True,True,True,True,True,True,True,True,True,True,True,False,False,False,False,False,False,False,False
267611490,STATE_PREFLIGHT,12.4,5.0,10.0,45.0,0.0,0.0,9.81,0.1,0.2,0.3,12.3,45.6,78.9,101.325,25.0,0.0,0.0,98.1,1,46.5,6.6,1200.0,1.5,3.5,12,9.81,98.1,1198.4,0.0,1200.0,True,True,True,True,True,True,True,True,True,True,True,True,True,True,True,True,False,False,False,False,False,False,False,False
267612001,STATE_PREFLIGHT,12.4,5.0,10.0,45.0,0.0,0.0,9.81,0.1,0.2,0.3,12.3,45.6,78.9,101.325,25.0,0.0,0.0,98.1,1,46.5,6.6,1200.0,1.5,3.5,12,9.81,98.1,1198.4,0.0,1200.0,True,True,True,True,True,True,True,True,True,True,True,True,True,True,True,True,False,False,False,False,False,False,False,False
267612511,STATE_PREFLIGHT,12.4,5.0,10.0,45.0,0.0,0.0,9.81,0.1,0.2,0.3,12.3,45.6,78.9,101.325,25.0,0.0,0.0,98.1,1,46.5,6.6,1200.0,1.5,3.5,12,9.81,98.1,1198.4,0.0,1200.0,True,True,True,True,True,True,True,True,True,True,True,True,True,True,True,True,False,False,False,False,False,False,False,False
267613018,STATE_PREFLIGHT,12.4,5.0,10.0,45.0,0.0,0.0,9.81,0.1,0.2,0.3,12.3,45.6,78.9,101.325,25.0,0.0,0.0,98.1,1,46.5,6.6,1200.0,1.5,3.5,12,9.81,98.1,1198.4,0.0,1200.0,True,True,True,True,True,True,True,True,True,True,True,True,True,True,True,True,False,False,False,False,False,False,False,False
267613528,STATE_PREFLIGHT,12.4,5.0,10.0,45.0,0.0,0.0,9.81,0.1,0.2,0.3,12.3,45.6,78.9,101.325,25.0,0.0,0.0,98.1,1,46.5,6.6,1200.0,1.5,3.5,12,9.81,98.1,1198.4,0.0,1200.0,True,True,True,True,True,True,True,True,True,True,True,True,True,True,True,True,False,False,False,False,False,False,False,False
267614037,STATE_PREFLIGHT,12.4,5.0,10.0,45.0,0.0,0.0,9.81,0.1,0.2,0.3,12.3,45.6,78.9,101.325,25.0,0.0,0.0,98.1,1,46.5,6.6,1200.0,1.5,3.5,12,9.81,98.1,1198.4,0.0,1200.0,True,True,True,True,True,True,True,True,True,True,True,True,True,True,True,True,False,False,False,False,False,False,False,False
267614543,STATE_PREFLIGHT,12.4,5.0,10.0,45.0,0.0,0.0,9.81,0.1,0.2,0.3,12.3,45.6,78.9,101.325,25.0,0.0,0.0,98.1,1,46.5,6.6,1200.0,1.5,3.5,12,9.81,98.1,1198.4,0.0,1200.0,True,True,True,True,True,True,True,True,True,True,True,True,True,True,True,True,False,False,False,False,False,False,False,False
267615054,STATE_PREFLIGHT,12.4,5.0,10.0,45.0,0.0,0.0,9.81,0.1,0.2,0.3,12.3,45.6,78.9,101.325,25.0,0.0,0.0,98.1,1,46.5,6.6,1200.0,1.5,3.5,12,9.81,98.1,1198.4,0.0,1200.0,True,True,True,True,True,True,True,True,True,True,True,True,True,True,True,True,False,False,False,False,False,False,False,False
267615562,STATE_PREFLIGHT,12.4,5.0,10.0,45.0,0.0,0.0,9.81,0.1,0.2,0.3,12.3,45.6,78.9,101.325,25.0,0.0,0.0,98.1,1,46.5,6.6,1200.0,1.5,3.5,12,9.81,98.1,1198.4,0.0,1200.0,True,True,True,True,True,True,True,True,True,True,True,True,True,True,True,True,False,False,False,False,False,False,False,False
267616064,STATE_PREFLIGHT,12.4,5.0,10.0,45.0,0.0,0.0,9.81,0.1,0.2,0.3,12.3,45.6,78.9,101.325,25.0,0.0,0.0,98.1,1,46.5,6.6,1200.0,1.5,3.5,12,9.81,98.1,1198.4,0.0,1200.0,True,True,True,True,True,True,True,True,True,True,True,True,True,True,True,True,False,False,False,False,False,False,False,False
267616571,STATE_PREFLIGHT,12.4,5.0,10.0,45.0,0.0,0.0,9.81,0.1,0.2,0.3,12.3,45.6,78.9,101.325,25.0,0.0,0.0,98.1,1,46.5,6.6,1200.0,1.5,3.5,12,9.81,98.1,1198.4,0.0,1200.0,True,True,True,True,True,True,True,True,True,True,True,True,True,True,True,True,False,False,False,False,False,False,False,False
267617077,STATE_PREFLIGHT,12.4,5.0,10.0,45.0,0.0,0.0,9.81,0.1,0.2,0.3,12.3,45.6,78.9,101.325,25.0,0.0,0.0,98.1,1,46.5,6.6,1200.0,1.5,3.5,12,9.81,98.1,1198.4,0.0,1200.0,True,True,True,True,True,True,True,True,True,True,True,True,True,True,True,True,False,False,False,False,False,False,False,False
267617588,STATE_PREFLIGHT,12.4,5.0,10.0,45.0,0.0,0.0,9.81,0.1,0.2,0.3,12.3,45.6,78.9,101.325,25.0,0.0,0.0,98.1,1,46.5,6.6,1200.0,1.5,3.5,12,9.81,98.1,1198.4,0.0,1200.0,True,True,True,True,True,True,True,True,True,True,True,True,True,True,True,True,False,False,False,False,False,False,False,False
267618096,STATE_PREFLIGHT,12.4,5.0,10.0,45.0,0.0,0.0,9.81,0.1,0.2,0.3,12.3,45.6,78.9,101.325,25.0,0.0,0.0,98.1,1,46.5,6.6,1200.0,1.5,3.5,12,9.81,98.1,1198.4,0.0,1200.0,True,True,True,True,True,True,True,True,True,True,True,True,True,True,True,True,False,False,False,False,False,False,False,False
267618603,STATE_PREFLIGHT,12.4,5.0,10.0,45.0,0.0,0.0,9.81,0.1,0.2,0.3,12.3,45.6,78.9,101.325,25.0,0.0,0.0,98.1,1,46.5,6.6,1200.0,1.5,3.5,12,9.81,98.1,1198.4,0.0,1200.0,True,True,True,True,True,True,True,True,True,True,True,True,True,True,True,True,False,False,False,False,False,False,False,False
267619114,STATE_PREFLIGHT,12.4,5.0,10.0,45.0,0.0,0.0,9.81,0.1,0.2,0.3,12.3,45.6,78.9,101.325,25.0,0.0,0.0,98.1,1,46.5,6.6,1200.0,1.5,3.5,12,9.81,98.1,1198.4,0.0,1200.0,True,True,True,True,True,True,True,True,True,True,True,True,True,True,True,True,False,False,False,False,False,False,False,False
267619625,STATE_PREFLIGHT,12.4,5.0,10.0,45.0,0.0,0.0,9.81,0.1,0.2,0.3,12.3,45.6,78.9,101.325,25.0,0.0,0.0,98.1,1,46.5,6.6,1200.0,1.5,3.5,12,9.81,98.1,1198.4,0.0,1200.0,True,True,True,True,True,True,True,True,True,True,True,True,True,True,True,True,False,False,False,False,False,False,False,False
267620136,STATE_PREFLIGHT,12.4,5.0,10.0,45.0,0.0,0.0,9.81,0.1,0.2,0.3,12.3,45.6,78.9,101.325,25.0,0.0,0.0,98.1,1,46.5,6.6,1200.0,1.5,3.5,12,9.81,98.1,1198.4,0.0,1200.0,True,True,True,True,True,True,True,True,True,True,True,True,True,True,True,True,False,False,False,False,False,False,False,False
267620642,STATE_PREFLIGHT,12.4,5.0,10.0,45.0,0.0,0.0,9.81,0.1,0.2,0.3,12.3,45.6,78.9,101.325,25.0,0.0,0.0,98.1,1,46.5,6.6,1200.0,1.5,3.5,12,9.81,98.1,1198.4,0.0,1200.0,True,True,True,True,True,True,True,True,True,True,True,True,True,True,True,True,False,False,False,False,False,False,False,False
267621151,STATE_PREFLIGHT,12.4,5.0,10.0,45.0,0.0,0.0,9.81,0.1,0.2,0.3,12.3,45.6,78.9,101.325,25.0,0.0,0.0,98.1,1,46.5,6.6,1200.0,1.5,3.5,12,9.81,98.1,1198.4,0.0,1200.0,True,True,True,True,True,True,True,True,True,True,True,True,True,True,True,True,False,False,False,False,False,False,False,False
267621658,STATE_PREFLIGHT,12.4,5.0,10.0,45.0,0.0,0.0,9.81,0.1,0.2,0.3,12.3,45.6,78.9,101.325,25.0,0.0,0.0,98.1,1,46.5,6.6,1200.0,1.5,3.5,12,9.81,98.1,1198.4,0.0,1200.0,True,True,True,True,True,True,True,True,True,True,True,True,True,True,True,True,False,False,False,False,False,False,False,False
267622165,STATE_PREFLIGHT,12.4,5.0,10.0,45.0,0.0,0.0,9.81,0.1,0.2,0.3,12.3,45.6,78.9,101.325,25.0,0.0,0.0,98.1,1,46.5,6.6,1200.0,1.5,3.5,12,9.81,98.1,1198.4,0.0,1200.0,True,True,True,True,True,True,True,True,True,True,True,True,True,True,True,True,False,False,False,False,False,False,False,False
267622668,STATE_PREFLIGHT,12.4,5.0,10.0,45.0,0.0,0.0,9.81,0.1,0.2,0.3,12.3,45.6,78.9,101.325,25.0,0.0,0.0,98.1,1,46.5,6.6,1200.0,1.5,3.5,12,9.81,98.1,1198.4,0.0,1200.0,True,True,True,True,True,True,True,True,True,True,True,True,True,True,True,True,False,False,False,False,False,False,False,False
267623178,STATE_PREFLIGHT,12.4,5.0,10.0,45.0,0.0,0.0,9.81,0.1,0.2,0.3,12.3,45.6,78.9,101.325,25.0,0.0,0.0,98.1,1,46.5,6.6,1200.0,1.5,3.5,12,9.81,98.1,1198.4,0.0,1200.0,True,True,True,True,True,True,True,True,True,True,True,True,True,True,True,True,False,False,False,False,False,False,False,False
267623685,STATE_PREFLIGHT,12.4,5.0,10.0,45.0,0.0,0.0,9.81,0.1,0.2,0.3,12.3,45.6,78.9,101.325,25.0,0.0,0.0,98.1,1,46.5,6.6,1200.0,1.5,3.5,12,9.81,98.1,1198.4,0.0,1200.0,True,True,True,True,True,True,True,True,True,True,True,True,True,True,True,True,False,False,False,False,False,False,False,False
267624191,STATE_PREFLIGHT,12.4,5.0,10.0,45.0,0.0,0.0,9.81,0.1,0.2,0.3,12.3,45.6,78.9,101.325,25.0,0.0,0.0,98.1,1,46.5,6.6,1200.0,1.5,3.5,12,9.81,98.1,1198.4,0.0,1200.0,True,True,True,True,True,True,True,True,True,True,True,True,True,True,True,True,False,False,False,False,False,False,False,False
267624699,STATE_PREFLIGHT,12.4,5.0,10.0,45.0,0.0,0.0,9.81,0.1,0.2,0.3,12.3,45.6,78.9,101.325,25.0,0.0,0.0,98.1,1,46.5,6.6,1200.0,1.5,3.5,12,9.81,98.1,1198.4,0.0,1200.0,True,True,True,True,True,True,True,True,True,True,True,True,True,True,True,True,False,False,False,False,False,False,False,False
267625204,STATE_PREFLIGHT,12.4,5.0,10.0,45.0,0.0,0.0,9.81,0.1,0.2,0.3,12.3,45.6,78.9,101.325,25.0,0.0,0.0,98.1,1,46.5,6.6,1200.0,1.5,3.5,12,9.81,98.1,1198.4,0.0,1200.0,True,True,True,True,True,True,True,True,True,True,True,True,True,True,True,True,False,False,False,False,False,False,False,False
267625711,STATE_PREFLIGHT,12.4,5.0,10.0,45.0,0.0,0.0,9.81,0.1,0.2,0.3,12.3,45.6,78.9,101.325,25.0,0.0,0.0,98.1,1,46.5,6.6,1200.0,1.5,3.5,12,9.81,98.1,1198.4,0.0,1200.0,True,True,True,True,True,True,True,True,True,True,True,True,True,True,True,True,False,False,False,False,False,False,False,False
267626218,STATE_PREFLIGHT,12.4,5.0,10.0,45.0,0.0,0.0,9.81,0.1,0.2,0.3,12.3,45.6,78.9,101.325,25.0,0.0,0.0,98.1,1,46.5,6.6,1200.0,1.5,3.5,12,9.81,98.1,1198.4,0.0,1200.0,True,True,True,True,True,True,True,True,True,True,True,True,True,True,True,True,False,False,False,False,False,False,False,False
267626729,STATE_PREFLIGHT,12.4,5.0,10.0,45.0,0.0,0.0,9.81,0.1,0.2,0.3,12.3,45.6,78.9,101.325,25.0,0.0,0.0,98.1,1,46.5,6.6,1200.0,1.5,3.5,12,9.81,98.1,1198.4,0.0,1200.0,True,True,True,True,True,True,True,True,True,True,True,True,True,True,True,True,False,False,False,False,False,False,False,False
267627240,STATE_PREFLIGHT,12.4,5.0,10.0,45.0,0.0,0.0,9.81,0.1,0.2,0.3,12.3,45.6,78.9,101.325,25.0,0.0,0.0,98.1,1,46.5,6.6,1200.0,1.5,3.5,12,9.81,98.1,1198.4,0.0,1200.0,True,True,True,True,True,True,True,True,True,True,True,True,True,True,True,True,False,False,False,False,False,False,False,False
267627748,STATE_PREFLIGHT,12.4,5.0,10.0,45.0,0.0,0.0,9.81,0.1,0.2,0.3,12.3,45.6,78.9,101.325,25.0,0.0,0.0,98.1,1,46.5,6.6,1200.0,1.5,3.5,12,9.81,98.1,1198.4,0.0,1200.0,True,True,True,True,True,True,True,True,True,True,True,True,True,True,True,True,False,False,False,False,False,False,False,False
267628255,STATE_PREFLIGHT,12.4,5.0,10.0,45.0,0.0,0.0,9.81,0.1,0.2,0.3,12.3,45.6,78.9,101.325,25.0,0.0,0.0,98.1,1,46.5,6.6,1200.0,1.5,3.5,12,9.81,98.1,1198.4,0.0,1200.0,True,True,True,True,True,True,True,True,True,True,True,True,True,True,True,True,False,False,False,False,False,False,False,False
267628762,STATE_PREFLIGHT,12.4,5.0,10.0,45.0,0.0,0.0,9.81,0.1,0.2,0.3,12.3,45.6,78.9,101.325,25.0,0.0,0.0,98.1,1,46.5,6.6,1200.0,1.5,3.5,12,9.81,98.1,1198.4,0.0,1200.0,True,True,True,True,True,True,True,True,True,True,True,True,True,True,True,True,False,False,False,False,False,False,False,False
267629273,STATE_PREFLIGHT,12.4,5.0,10.0,45.0,0.0,0.0,9.81,0.1,0.2,0.3,12.3,45.6,78.9,101.325,25.0,0.0,0.0,98.1,1,46.5,6.6,1200.0,1.5,3.5,12,9.81,98.1,1198.4,0.0,1200.0,True,True,True,True,True,True,True,True,True,True,True,True,True,True,True,True,False,False,False,False,False,False,False,False
267629784,STATE_PREFLIGHT,12.4,5.0,10.0,45.0,0.0,0.0,9.81,0.1,0.2,0.3,12.3,45.6,78.9,101.325,25.0,0.0,0.0,98.1,1,46.5,6.6,1200.0,1.5,3.5,12,9.81,98.1,1198.4,0.0,1200.0,True,True,True,True,True,True,True,True,True,True,True,True,True,True,True,True,False,False,False,False,False,False,False,False
267630292,STATE_PREFLIGHT,12.4,5.0,10.0,45.0,0.0,0.0,9.81,0.1,0.2,0.3,12.3,45.6,78.9,101.325,25.0,0.0,0.0,98.1,1,46.5,6.6,1200.0,1.5,3.5,12,9.81,98.1,1198.4,0.0,1200.0,True,True,True,True,True,True,True,True,True,True,True,True,True,True,True,True,False,False,False,False,False,False,False,False
267630799,STATE_PREFLIGHT,12.4,5.0,10.0,45.0,0.0,0.0,9.81,0.1,0.2,0.3,12.3,45.6,78.9,101.325,25.0,0.0,0.0,98.1,1,46.5,6.6,1200.0,1.5,3.5,12,9.81,98.1,1198.4,0.0,1200.0,True,True,True,True,True,True,True,True,True,True,True,True,True,True,True,True,False,False,False,False,False,False,False,False
267631308,STATE_PREFLIGHT,12.4,5.0,10.0,45.0,0.0,0.0,9.81,0.1,0.2,0.3,12.3,45.6,78.9,101.325,25.0,0.0,0.0,98.1,1,46.5,6.6,1200.0,1.5,3.5,12,9.81,98.1,1198.4,0.0,1200.0,True,True,True,True,True,True,True,True,True,True,True,True,True,True,True,True,False,False,False,False,False,False,False,False
267631815,STATE_PREFLIGHT,12.4,5.0,10.0,45.0,0.0,0.0,9.81,0.1,0.2,0.3,12.3,45.6,78.9,101.325,25.0,0.0,0.0,98.1,1,46.5,6.6,1200.0,1.5,3.5,12,9.81,98.1,1198.4,0.0,1200.0,True,True,True,True,True,True,True,True,True,True,True,True,True,True,True,True,False,False,False,False,False,False,False,False
267632324,STATE_PREFLIGHT,12.4,5.0,10.0,45.0,0.0,0.0,9.81,0.1,0.2,0.3,12.3,45.6,78.9,101.325,25.0,0.0,0.0,98.1,1,46.5,6.6,1200.0,1.5,3.5,12,9.81,98.1,1198.4,0.0,1200.0,True,True,True,True,True,True,True,True,True,True,True,True,True,True,True,True,False,False,False,False,False,False,False,False
267632831,STATE_PREFLIGHT,12.4,5.0,10.0,45.0,0.0,0.0,9.81,0.1,0.2,0.3,12.3,45.6,78.9,101.325,25.0,0.0,0.0,98.1,1,46.5,6.6,1200.0,1.5,3.5,12,9.81,98.1,1198.4,0.0,1200.0,True,True,True,True,True,True,True,True,True,True,True,True,True,True,True,True,False,False,False,False,False,False,False,False
267633336,STATE_PREFLIGHT,12.4,5.0,10.0,45.0,0.0,0.0,9.81,0.1,0.2,0.3,12.3,45.6,78.9,101.325,25.0,0.0,0.0,98.1,1,46.5,6.6,1200.0,1.5,3.5,12,9.81,98.1,1198.4,0.0,1200.0,True,True,True,True,True,True,True,True,True,True,True,True,True,True,True,True,False,False,False,False,False,False,False,False
267633843,STATE_PREFLIGHT,12.4,5.0,10.0,45.0,0.0,0.0,9.81,0.1,0.2,0.3,12.3,45.6,78.9,101.325,25.0,0.0,0.0,98.1,1,46.5,6.6,1200.0,1.5,3.5,12,9.81,98.1,1198.4,0.0,1200.0,True,True,True,True,True,True,True,True,True,True,True,True,True,True,True,True,False,False,False,False,False,False,False,False
267634351,STATE_PREFLIGHT,12.4,5.0,10.0,45.0,0.0,0.0,9.81,0.1,0.2,0.3,12.3,45.6,78.9,101.325,25.0,0.0,0.0,98.1,1,46.5,6.6,1200.0,1.5,3.5,12,9.81,98.1,1198.4,0.0,1200.0,True,True,True,True,True,True,True,True,True,True,True,True,True,True,True,True,False,False,False,False,False,False,False,False
267634860,STATE_PREFLIGHT,12.4,5.0,10.0,45.0,0.0,0.0,9.81,0.1,0.2,0.3,12.3,45.6,78.9,101.325,25.0,0.0,0.0,98.1,1,46.5,6.6,1200.0,1.5,3.5,12,9.81,98.1,1198.4,0.0,1200.0,True,True,True,True,True,True,True,True,True,True,True,True,True,True,True,True,False,False,False,False,False,False,False,False
267635368,STATE_PREFLIGHT,12.4,5.0,10.0,45.0,0.0,0.0,9.81,0.1,0.2,0.3,12.3,45.6,78.9,101.325,25.0,0.0,0.0,98.1,1,46.5,6.6,1200.0,1.5,3.5,12,9.81,98.1,1198.4,0.0,1200.0,True,True,True,True,True,True,True,True,True,True,True,True,True,True,True,True,False,False,False,False,False,False,False,False
267635874,STATE_PREFLIGHT,12.4,5.0,10.0,45.0,0.0,0.0,9.81,0.1,0.2,0.3,12.3,45.6,78.9,101.325,25.0,0.0,0.0,98.1,1,46.5,6.6,1200.0,1.5,3.5,12,9.81,98.1,1198.4,0.0,1200.0,True,True,True,True,True,True,True,True,True,True,True,True,True,True,True,True,False,False,False,False,False,False,False,False
267636381,STATE_PREFLIGHT,12.4,5.0,10.0,45.0,0.0,0.0,9.81,0.1,0.2,0.3,12.3,45.6,78.9,101.325,25.0,0.0,0.0,98.1,1,46.5,6.6,1200.0,1.5,3.5,12,9.81,98.1,1198.4,0.0,1200.0,True,True,True,True,True,True,True,True,True,True,True,True,True,True,True,True,False,False,False,False,False,False,False,False
267636892,STATE_PREFLIGHT,12.4,5.0,10.0,45.0,0.0,0.0,9.81,0.1,0.2,0.3,12.3,45.6,78.9,101.325,25.0,0.0,0.0,98.1,1,46.5,6.6,1200.0,1.5,3.5,12,9.81,98.1,1198.4,0.0,1200.0,True,True,True,True,True,True,True,True,True,True,True,True,True,True,True,True,False,False,False,False,False,False,False,False
267637401,STATE_PREFLIGHT,12.4,5.0,10.0,45.0,0.0,0.0,9.81,0.1,0.2,0.3,12.3,45.6,78.9,101.325,25.0,0.0,0.0,98.1,1,46.5,6.6,1200.0,1.5,3.5,12,9.81,98.1,1198.4,0.0,1200.0,True,True,True,True,True,True,True,True,True,True,True,True,True,True,True,True,False,False,False,False,False,False,False,False
267637908,STATE_PREFLIGHT,12.4,5.0,10.0,45.0,0.0,0.0,9.81,0.1,0.2,0.3,12.3,45.6,78.9,101.325,25.0,0.0,0.0,98.1,1,46.5,6.6,1200.0,1.5,3.5,12,9.81,98.1,1198.4,0.0,1200.0,True,True,True,True,True,True,True,True,True,True,True,True,True,True,True,True,False,False,False,False,False,False,False,False
267638420,STATE_PREFLIGHT,12.4,5.0,10.0,45.0,0.0,0.0,9.81,0.1,0.2,0.3,12.3,45.6,78.9,101.325,25.0,0.0,0.0,98.1,1,46.5,6.6,1200.0,1.5,3.5,12,9.81,98.1,1198.4,0.0,1200.0,True,True,True,True,True,True,True,True,True,True,True,True,True,True,True,True,False,False,False,False,False,False,False,False
267638927,STATE_PREFLIGHT,12.4,5.0,10.0,45.0,0.0,0.0,9.81,0.1,0.2,0.3,12.3,45.6,78.9,101.325,25.0,0.0,0.0,98.1,1,46.5,6.6,1200.0,1.5,3.5,12,9.81,98.1,1198.4,0.0,1200.0,True,True,True,True,True,True,True,True,True,True,True,True,True,True,True,True,False,False,False,False,False,False,False,False
267639438,STATE_PREFLIGHT,12.4,5.0,10.0,45.0,0.0,0.0,9.81,0.1,0.2,0.3,12.3,45.6,78.9,101.325,25.0,0.0,0.0,98.1,1,46.5,6.6,1200.0,1.5,3.5,12,9.81,98.1,1198.4,0.0,1200.0,True,True,True,True,True,True,True,True,True,True,True,True,True,True,True,True,False,False,False,False,False,False,False,False
267639944,STATE_PREFLIGHT,12.4,5.0,10.0,45.0,0.0,0.0,9.81,0.1,0.2,0.3,12.3,45.6,78.9,101.325,25.0,0.0,0.0,98.1,1,46.5,6.6,1200.0,1.5,3.5,12,9.81,98.1,1198.4,0.0,1200.0,True,True,True,True,True,True,True,True,True,True,True,True,True,True,True,True,False,False,False,False,False,False,False,False
267640455,STATE_PREFLIGHT,12.4,5.0,10.0,45.0,0.0,0.0,9.81,0.1,0.2,0.3,12.3,45.6,78.9,101.325,25.0,0.0,0.0,98.1,1,46.5,6.6,1200.0,1.5,3.5,12,9.81,98.1,1198.4,0.0,1200.0,True,True,True,True,True,True,True,True,True,True,True,True,True,True,True,True,False,False,False,False,False,False,False,False
267640964,STATE_PREFLIGHT,12.4,5.0,10.0,45.0,0.0,0.0,9.81,0.1,0.2,0.3,12.3,45.6,78.9,101.325,25.0,0.0,0.0,98.1,1,46.5,6.6,1200.0,1.5,3.5,12,9.81,98.1,1198.4,0.0,1200.0,True,True,True,True,True,True,True,True,True,True,True,True,True,True,True,True,False,False,False,False,False,False,False,False
267641475,STATE_PREFLIGHT,12.4,5.0,10.0,45.0,0.0,0.0,9.81,0.1,0.2,0.3,12.3,45.6,78.9,101.325,25.0,0.0,0.0,98.1,1,46.5,6.6,1200.0,1.5,3.5,12,9.81,98.1,1198.4,0.0,1200.0,True,True,True,True,True,True,True,True,True,True,True,True,True,True,True,True,False,False,False,False,False,False,False,False
267641983,STATE_PREFLIGHT,12.4,5.0,10.0,45.0,0.0,0.0,9.81,0.1,0.2,0.3,12.3,45.6,78.9,101.325,25.0,0.0,0.0,98.1,1,46.5,6.6,1200.0,1.5,3.5,12,9.81,98.1,1198.4,0.0,1200.0,True,True,True,True,True,True,True,True,True,True,True,True,True,True,True,True,False,False,False,False,False,False,False,False
267642490,STATE_PREFLIGHT,12.4,5.0,10.0,45.0,0.0,0.0,9.81,0.1,0.2,0.3,12.3,45.6,78.9,101.325,25.0,0.0,0.0,98.1,1,46.5,6.6,1200.0,1.5,3.5,12,9.81,98.1,1198.4,0.0,1200.0,True,True,True,True,True,True,True,True,True,True,True,True,True,True,True,True,False,False,False,False,False,False,False,False
267643001,STATE_PREFLIGHT,12.4,5.0,10.0,45.0,0.0,0.0,9.81,0.1,0.2,0.3,12.3,45.6,78.9,101.325,25.0,0.0,0.0,98.1,1,46.5,6.6,1200.0,1.5,3.5,12,9.81,98.1,1198.4,0.0,1200.0,True,True,True,True,True,True,True,True,True,True,True,True,True,True,True,True,False,False,False,False,False,False,False,False
267643511,STATE_PREFLIGHT,12.4,5.0,10.0,45.0,0.0,0.0,9.81,0.1,0.2,0.3,12.3,45.6,78.9,101.325,25.0,0.0,0.0,98.1,1,46.5,6.6,1200.0,1.5,3.5,12,9.81,98.1,1198.4,0.0,1200.0,True,True,True,True,True,True,True,True,True,True,True,True,True,True,True,True,False,False,False,False,False,False,False,False
267644015,STATE_PREFLIGHT,12.4,5.0,10.0,45.0,0.0,0.0,9.81,0.1,0.2,0.3,12.3,45.6,78.9,101.325,25.0,0.0,0.0,98.1,1,46.5,6.6,1200.0,1.5,3.5,12,9.81,98.1,1198.4,0.0,1200.0,True,True,True,True,True,True,True,True,True,True,True,True,True,True,True,True,False,False,False,False,False,False,False,False
267644522,STATE_PREFLIGHT,12.4,5.0,10.0,45.0,0.0,0.0,9.81,0.1,0.2,0.3,12.3,45.6,78.9,101.325,25.0,0.0,0.0,98.1,1,46.5,6.6,1200.0,1.5,3.5,12,9.81,98.1,1198.4,0.0,1200.0,True,True,True,True,True,True,True,True,True,True,True,True,True,True,True,True,False,False,False,False,False,False,False,False
267645033,STATE_PREFLIGHT,12.4,5.0,10.0,45.0,0.0,0.0,9.81,0.1,0.2,0.3,12.3,45.6,78.9,101.325,25.0,0.0,0.0,98.1,1,46.5,6.6,1200.0,1.5,3.5,12,9.81,98.1,1198.4,0.0,1200.0,True,True,True,True,True,True,True,True,True,True,True,True,True,True,True,True,False,False,False,False,False,False,False,False
267645544,STATE_PREFLIGHT,12.4,5.0,10.0,45.0,0.0,0.0,9.81,0.1,0.2,0.3,12.3,45.6,78.9,101.325,25.0,0.0,0.0,98.1,1,46.5,6.6,1200.0,1.5,3.5,12,9.81,98.1,1198.4,0.0,1200.0,True,True,True,True,True,True,True,True,True,True,True,True,True,True,True,True,False,False,False,False,False,False,False,False
267646053,STATE_PREFLIGHT,12.4,5.0,10.0,45.0,0.0,0.0,9.81,0.1,0.2,0.3,12.3,45.6,78.9,101.325,25.0,0.0,0.0,98.1,1,46.5,6.6,1200.0,1.5,3.5,12,9.81,98.1,1198.4,0.0,1200.0,True,True,True,True,True,True,True,True,True,True,True,True,True,True,True,True,False,False,False,False,False,False,False,False
267646564,STATE_PREFLIGHT,12.4,5.0,10.0,45.0,0.0,0.0,9.81,0.1,0.2,0.3,12.3,45.6,78.9,101.325,25.0,0.0,0.0,98.1,1,46.5,6.6,1200.0,1.5,3.5,12,9.81,98.1,1198.4,0.0,1200.0,True,True,True,True,True,True,True,True,True,True,True,True,True,True,True,True,False,False,False,False,False,False,False,False
267647071,STATE_PREFLIGHT,12.4,5.0,10.0,45.0,0.0,0.0,9.81,0.1,0.2,0.3,12.3,45.6,78.9,101.325,25.0,0.0,0.0,98.1,1,46.5,6.6,1200.0,1.5,3.5,12,9.81,98.1,1198.4,0.0,1200.0,True,True,True,True,True,True,True,True,True,True,True,True,True,True,True,True,False,False,False,False,False,False,False,False
267647572,STATE_PREFLIGHT,12.4,5.0,10.0,45.0,0.0,0.0,9.81,0.1,0.2,0.3,12.3,45.6,78.9,101.325,25.0,0.0,0.0,98.1,1,46.5,6.6,1200.0,1.5,3.5,12,9.81,98.1,1198.4,0.0,1200.0,True,True,True,True,True,True,True,True,True,True,True,True,True,True,True,True,False,False,False,False,False,False,False,False
267648082,STATE_PREFLIGHT,12.4,5.0,10.0,45.0,0.0,0.0,9.81,0.1,0.2,0.3,12.3,45.6,78.9,101.325,25.0,0.0,0.0,98.1,1,46.5,6.6,1200.0,1.5,3.5,12,9.81,98.1,1198.4,0.0,1200.0,True,True,True,True,True,True,True,True,True,True,True,True,True,True,True,True,False,False,False,False,False,False,False,False
267648594,STATE_PREFLIGHT,12.4,5.0,10.0,45.0,0.0,0.0,9.81,0.1,0.2,0.3,12.3,45.6,78.9,101.325,25.0,0.0,0.0,98.1,1,46.5,6.6,1200.0,1.5,3.5,12,9.81,98.1,1198.4,0.0,1200.0,True,True,True,True,True,True,True,True,True,True,True,True,True,True,True,True,False,False,False,False,False,False,False,False
267649103,STATE_PREFLIGHT,12.4,5.0,10.0,45.0,0.0,0.0,9.81,0.1,0.2,0.3,12.3,45.6,78.9,101.325,25.0,0.0,0.0,98.1,1,46.5,6.6,1200.0,1.5,3.5,12,9.81,98.1,1198.4,0.0,1200.0,True,True,True,True,True,True,True,True,True,True,True,True,True,True,True,True,False,False,False,False,False,False,False,False
267649610,STATE_PREFLIGHT,12.4,5.0,10.0,45.0,0.0,0.0,9.81,0.1,0.2,0.3,12.3,45.6,78.9,101.325,25.0,0.0,0.0,98.1,1,46.5,6.6,1200.0,1.5,3.5,12,9.81,98.1,1198.4,0.0,1200.0,True,True,True,True,True,True,True,True,True,True,True,True,True,True,True,True,False,False,False,False,False,False,False,False
267650121,STATE_PREFLIGHT,12.4,5.0,10.0,45.0,0.0,0.0,9.81,0.1,0.2,0.3,12.3,45.6,78.9,101.325,25.0,0.0,0.0,98.1,1,46.5,6.6,1200.0,1.5,3.5,12,9.81,98.1,1198.4,0.0,1200.0,True,True,True,True,True,True,True,True,True,True,True,True,True,True,True,True,False,False,False,False,False,False,False,False
267650633,STATE_PREFLIGHT,12.4,5.0,10.0,45.0,0.0,0.0,9.81,0.1,0.2,0.3,12.3,45.6,78.9,101.325,25.0,0.0,0.0,98.1,1,46.5,6.6,1200.0,1.5,3.5,12,9.81,98.1,1198.4,0.0,1200.0,True,True,True,True,True,True,True,True,True,True,True,True,True,True,True,True,False,False,False,False,False,False,False,False
267651141,STATE_PREFLIGHT,12.4,5.0,10.0,45.0,0.0,0.0,9.81,0.1,0.2,0.3,12.3,45.6,78.9,101.325,25.0,0.0,0.0,98.1,1,46.5,6.6,1200.0,1.5,3.5,12,9.81,98.1,1198.4,0.0,1200.0,True,True,True,True,True,True,True,True,True,True,True,True,True,True,True,True,False,False,False,False,False,False,False,False
267651652,STATE_PREFLIGHT,12.4,5.0,10.0,45.0,0.0,0.0,9.81,0.1,0.2,0.3,12.3,45.6,78.9,101.325,25.0,0.0,0.0,98.1,1,46.5,6.6,1200.0,1.5,3.5,12,9.81,98.1,1198.4,0.0,1200.0,True,True,True,True,True,True,True,True,True,True,True,True,True,True,True,True,False,False,False,False,False,False,False,False
267652160,STATE_PREFLIGHT,12.4,5.0,10.0,45.0,0.0,0.0,9.81,0.1,0.2,0.3,12.3,45.6,78.9,101.325,25.0,0.0,0.0,98.1,1,46.5,6.6,1200.0,1.5,3.5,12,9.81,98.1,1198.4,0.0,1200.0,True,True,True,True,True,True,True,True,True,True,True,True,True,True,True,True,False,False,False,False,False,False,False,False
267652666,STATE_PREFLIGHT,12.4,5.0,10.0,45.0,0.0,0.0,9.81,0.1,0.2,0.3,12.3,45.6,78.9,101.325,25.0,0.0,0.0,98.1,1,46.5,6.6,1200.0,1.5,3.5,12,9.81,98.1,1198.4,0.0,1200.0,True,True,True,True,True,True,True,True,True,True,True,True,True,True,True,True,False,False,False,False,False,False,False,False
267653177,STATE_PREFLIGHT,12.4,5.0,10.0,45.0,0.0,0.0,9.81,0.1,0.2,0.3,12.3,45.6,78.9,101.325,25.0,0.0,0.0,98.1,1,46.5,6.6,1200.0,1.5,3.5,12,9.81,98.1,1198.4,0.0,1200.0,True,True,True,True,True,True,True,True,True,True,True,True,True,True,True,True,False,False,False,False,False,False,False,False
267653680,STATE_PREFLIGHT,12.4,5.0,10.0,45.0,0.0,0.0,9.81,0.1,0.2,0.3,12.3,45.6,78.9,101.325,25.0,0.0,0.0,98.1,1,46.5,6.6,1200.0,1.5,3.5,12,9.81,98.1,1198.4,0.0,1200.0,True,True,True,True,True,True,True,True,True,True,True,True,True,True,True,True,False,False,False,False,False,False,False,False
267654191,STATE_PREFLIGHT,12.4,5.0,10.0,45.0,0.0,0.0,9.81,0.1,0.2,0.3,12.3,45.6,78.9,101.325,25.0,0.0,0.0,98.1,1,46.5,6.6,1200.0,1.5,3.5,12,9.81,98.1,1198.4,0.0,1200.0,True,True,True,True,True,True,True,True,True,True,True,True,True,True,True,True,False,False,False,False,False,False,False,False
267654698,STATE_PREFLIGHT,12.4,5.0,10.0,45.0,0.0,0.0,9.81,0.1,0.2,0.3,12.3,45.6,78.9,101.325,25.0,0.0,0.0,98.1,1,46.5,6.6,1200.0,1.5,3.5,12,9.81,98.1,1198.4,0.0,1200.0,True,True,True,True,True,True,True,True,True,True,True,True,True,True,True,True,False,False,False,False,False,False,False,False
267655204,STATE_PREFLIGHT,12.4,5.0,10.0,45.0,0.0,0.0,9.81,0.1,0.2,0.3,12.3,45.6,78.9,101.325,25.0,0.0,0.0,98.1,1,46.5,6.6,1200.0,1.5,3.5,12,9.81,98.1,1198.4,0.0,1200.0,True,True,True,True,True,True,True,True,True,True,True,True,True,True,True,True,False,False,False,False,False,False,False,False
267655711,STATE_PREFLIGHT,12.4,5.0,10.0,45.0,0.0,0.0,9.81,0.1,0.2,0.3,12.3,45.6,78.9,101.325,25.0,0.0,0.0,98.1,1,46.5,6.6,1200.0,1.5,3.5,12,9.81,98.1,1198.4,0.0,1200.0,True,True,True,True,True,True,True,True,True,True,True,True,True,True,True,True,False,False,False,False,False,False,False,False
267656219,STATE_PREFLIGHT,12.4,5.0,10.0,45.0,0.0,0.0,9.81,0.1,0.2,0.3,12.3,45.6,78.9,101.325,25.0,0.0,0.0,98.1,1,46.5,6.6,1200.0,1.5,3.5,12,9.81,98.1,1198.4,0.0,1200.0,True,True,True,True,True,True,True,True,True,True,True,True,True,True,True,True,False,False,False,False,False,False,False,False
267656730,STATE_PREFLIGHT,12.4,5.0,10.0,45.0,0.0,0.0,9.81,0.1,0.2,0.3,12.3,45.6,78.9,101.325,25.0,0.0,0.0,98.1,1,46.5,6.6,1200.0,1.5,3.5,12,9.81,98.1,1198.4,0.0,1200.0,True,True,True,True,True,True,True,True,True,True,True,True,True,True,True,True,False,False,False,False,False,False,False,False
267657239,STATE_PREFLIGHT,12.4,5.0,10.0,45.0,0.0,0.0,9.81,0.1,0.2,0.3,12.3,45.6,78.9,101.325,25.0,0.0,0.0,98.1,1,46.5,6.6,1200.0,1.5,3.5,12,9.81,98.1,1198.4,0.0,1200.0,True,True,True,True,True,True,True,True,True,True,True,True,True,True,True,True,False,False,False,False,False,False,False,False
267657748,STATE_PREFLIGHT,12.4,5.0,10.0,45.0,0.0,0.0,9.81,0.1,0.2,0.3,12.3,45.6,78.9,101.325,25.0,0.0,0.0,98.1,1,46.5,6.6,1200.0,1.5,3.5,12,9.81,98.1,1198.4,0.0,1200.0,True,True,True,True,True,True,True,True,True,True,True,True,True,True,True,True,False,False,False,False,False,False,False,False
267658258,STATE_PREFLIGHT,12.4,5.0,10.0,45.0,0.0,0.0,9.81,0.1,0.2,0.3,12.3,45.6,78.9,101.325,25.0,0.0,0.0,98.1,1,46.5,6.6,1200.0,1.5,3.5,12,9.81,98.1,1198.4,0.0,1200.0,True,True,True,True,True,True,True,True,True,True,True,True,True,True,True,True,False,False,False,False,False,False,False,False
267658767,STATE_PREFLIGHT,12.4,5.0,10.0,45.0,0.0,0.0,9.81,0.1,0.2,0.3,12.3,45.6,78.9,101.325,25.0,0.0,0.0,98.1,1,46.5,6.6,1200.0,1.5,3.5,12,9.81,98.1,1198.4,0.0,1200.0,True,True,True,True,True,True,True,True,True,True,True,True,True,True,True,True,False,False,False,False,False,False,False,False
267659274,STATE_PREFLIGHT,12.4,5.0,10.0,45.0,0.0,0.0,9.81,0.1,0.2,0.3,12.3,45.6,78.9,101.325,25.0,0.0,0.0,98.1,1,46.5,6.6,1200.0,1.5,3.5,12,9.81,98.1,1198.4,0.0,1200.0,True,True,True,True,True,True,True,True,True,True,True,True,True,True,True,True,False,False,False,False,False,False,False,False
267659784,STATE_PREFLIGHT,12.4,5.0,10.0,45.0,0.0,0.0,9.81,0.1,0.2,0.3,12.3,45.6,78.9,101.325,25.0,0.0,0.0,98.1,1,46.5,6.6,1200.0,1.5,3.5,12,9.81,98.1,1198.4,0.0,1200.0,True,True,True,True,True,True,True,True,True,True,True,True,True,True,True,True,False,False,False,False,False,False,False,False
267660295,STATE_PREFLIGHT,12.4,5.0,10.0,45.0,0.0,0.0,9.81,0.1,0.2,0.3,12.3,45.6,78.9,101.325,25.0,0.0,0.0,98.1,1,46.5,6.6,1200.0,1.5,3.5,12,9.81,98.1,1198.4,0.0,1200.0,True,True,True,True,True,True,True,True,True,True,True,True,True,True,True,True,False,False,False,False,False,False,False,False
267660804,STATE_PREFLIGHT,12.4,5.0,10.0,45.0,0.0,0.0,9.81,0.1,0.2,0.3,12.3,45.6,78.9,101.325,25.0,0.0,0.0,98.1,1,46.5,6.6,1200.0,1.5,3.5,12,9.81,98.1,1198.4,0.0,1200.0,True,True,True,True,True,True,True,True,True,True,True,True,True,True,True,True,False,False,False,False,False,False,False,False
267661312,STATE_PREFLIGHT,12.4,5.0,10.0,45.0,0.0,0.0,9.81,0.1,0.2,0.3,12.3,45.6,78.9,101.325,25.0,0.0,0.0,98.1,1,46.5,6.6,1200.0,1.5,3.5,12,9.81,98.1,1198.4,0.0,1200.0,True,True,True,True,True,True,True,True,True,True,True,True,True,True,True,True,False,False,False,False,False,False,False,False
267661823,STATE_PREFLIGHT,12.4,5.0,10.0,45.0,0.0,0.0,9.81,0.1,0.2,0.3,12.3,45.6,78.9,101.325,25.0,0.0,0.0,98.1,1,46.5,6.6,1200.0,1.5,3.5,12,9.81,98.1,1198.4,0.0,1200.0,True,True,True,True,True,True,True,True,True,True,True,True,True,True,True,True,False,False,False,False,False,False,False,False
267662330,STATE_PREFLIGHT,12.4,5.0,10.0,45.0,0.0,0.0,9.81,0.1,0.2,0.3,12.3,45.6,78.9,101.325,25.0,0.0,0.0,98.1,1,46.5,6.6,1200.0,1.5,3.5,12,9.81,98.1,1198.4,0.0,1200.0,True,True,True,True,True,True,True,True,True,True,True,True,True,True,True,True,False,False,False,False,False,False,False,False
267662841,STATE_PREFLIGHT,12.4,5.0,10.0,45.0,0.0,0.0,9.81,0.1,0.2,0.3,12.3,45.6,78.9,101.325,25.0,0.0,0.0,98.1,1,46.5,6.6,1200.0,1.5,3.5,12,9.81,98.1,1198.4,0.0,1200.0,True,True,True,True,True,True,True,True,True,True,True,True,True,True,True,True,False,False,False,False,False,False,False,False
267663350,STATE_PREFLIGHT,12.4,5.0,10.0,45.0,0.0,0.0,9.81,0.1,0.2,0.3,12.3,45.6,78.9,101.325,25.0,0.0,0.0,98.1,1,46.5,6.6,1200.0,1.5,3.5,12,9.81,98.1,1198.4,0.0,1200.0,True,True,True,True,True,True,True,True,True,True,True,True,True,True,True,True,False,False,False,False,False,False,False,False
267663860,STATE_PREFLIGHT,12.4,5.0,10.0,45.0,0.0,0.0,9.81,0.1,0.2,0.3,12.3,45.6,78.9,101.325,25.0,0.0,0.0,98.1,1,46.5,6.6,1200.0,1.5,3.5,12,9.81,98.1,1198.4,0.0,1200.0,True,True,True,True,True,True,True,True,True,True,True,True,True,True,True,True,False,False,False,False,False,False,False,False
267664369,STATE_PREFLIGHT,12.4,5.0,10.0,45.0,0.0,0.0,9.81,0.1,0.2,0.3,12.3,45.6,78.9,101.325,25.0,0.0,0.0,98.1,1,46.5,6.6,1200.0,1.5,3.5,12,9.81,98.1,1198.4,0.0,1200.0,True,True,True,True,True,True,True,True,True,True,True,True,True,True,True,True,False,False,False,False,False,False,False,False
267664880,STATE_PREFLIGHT,12.4,5.0,10.0,45.0,0.0,0.0,9.81,0.1,0.2,0.3,12.3,45.6,78.9,101.325,25.0,0.0,0.0,98.1,1,46.5,6.6,1200.0,1.5,3.5,12,9.81,98.1,1198.4,0.0,1200.0,True,True,True,True,True,True,True,True,True,True,True,True,True,True,True,True,False,False,False,False,False,False,False,False
267665388,STATE_PREFLIGHT,12.4,5.0,10.0,45.0,0.0,0.0,9.81,0.1,0.2,0.3,12.3,45.6,78.9,101.325,25.0,0.0,0.0,98.1,1,46.5,6.6,1200.0,1.5,3.5,12,9.81,98.1,1198.4,0.0,1200.0,True,True,True,True,True,True,True,True,True,True,True,True,True,True,True,True,False,False,False,False,False,False,False,False
267665899,STATE_PREFLIGHT,12.4,5.0,10.0,45.0,0.0,0.0,9.81,0.1,0.2,0.3,12.3,45.6,78.9,101.325,25.0,0.0,0.0,98.1,1,46.5,6.6,1200.0,1.5,3.5,12,9.81,98.1,1198.4,0.0,1200.0,True,True,True,True,True,True,True,True,True,True,True,True,True,True,True,True,False,False,False,False,False,False,False,False
267666410,STATE_PREFLIGHT,12.4,5.0,10.0,45.0,0.0,0.0,9.81,0.1,0.2,0.3,12.3,45.6,78.9,101.325,25.0,0.0,0.0,98.1,1,46.5,6.6,1200.0,1.5,3.5,12,9.81,98.1,1198.4,0.0,1200.0,True,True,True,True,True,True,True,True,True,True,True,True,True,True,True,True,False,False,False,False,False,False,False,False
267666921,STATE_PREFLIGHT,12.4,5.0,10.0,45.0,0.0,0.0,9.81,0.1,0.2,0.3,12.3,45.6,78.9,101.325,25.0,0.0,0.0,98.1,1,46.5,6.6,1200.0,1.5,3.5,12,9.81,98.1,1198.4,0.0,1200.0,True,True,True,True,True,True,True,True,True,True,True,True,True,True,True,True,False,False,False,False,False,False,False,False
267667428,STATE_PREFLIGHT,12.4,5.0,10.0,45.0,0.0,0.0,9.81,0.1,0.2,0.3,12.3,45.6,78.9,101.325,25.0,0.0,0.0,98.1,1,46.5,6.6,1200.0,1.5,3.5,12,9.81,98.1,1198.4,0.0,1200.0,True,True,True,True,True,True,True,True,True,True,True,True,True,True,True,True,False,False,False,False,False,False,False,False
267667937,STATE_PREFLIGHT,12.4,5.0,10.0,45.0,0.0,0.0,9.81,0.1,0.2,0.3,12.3,45.6,78.9,101.325,25.0,0.0,0.0,98.1,1,46.5,6.6,1200.0,1.5,3.5,12,9.81,98.1,1198.4,0.0,1200.0,True,True,True,True,True,True,True,True,True,True,True,True,True,True,True,True,False,False,False,False,False,False,False,False
267668443,STATE_PREFLIGHT,12.4,5.0,10.0,45.0,0.0,0.0,9.81,0.1,0.2,0.3,12.3,45.6,78.9,101.325,25.0,0.0,0.0,98.1,1,46.5,6.6,1200.0,1.5,3.5,12,9.81,98.1,1198.4,0.0,1200.0,True,True,True,True,True,True,True,True,True,True,True,True,True,True,True,True,False,False,False,False,False,False,False,False
267668954,STATE_PREFLIGHT,12.4,5.0,10.0,45.0,0.0,0.0,9.81,0.1,0.2,0.3,12.3,45.6,78.9,101.325,25.0,0.0,0.0,98.1,1,46.5,6.6,1200.0,1.5,3.5,12,9.81,98.1,1198.4,0.0,1200.0,True,True,True,True,True,True,True,True,True,True,True,True,True,True,True,True,False,False,False,False,False,False,False,False
267669458,STATE_PREFLIGHT,12.4,5.0,10.0,45.0,0.0,0.0,9.81,0.1,0.2,0.3,12.3,45.6,78.9,101.325,25.0,0.0,0.0,98.1,1,46.5,6.6,1200.0,1.5,3.5,12,9.81,98.1,1198.4,0.0,1200.0,True,True,True,True,True,True,True,True,True,True,True,True,True,True,True,True,False,False,False,False,False,False,False,False
267669967,STATE_PREFLIGHT,12.4,5.0,10.0,45.0,0.0,0.0,9.81,0.1,0.2,0.3,12.3,45.6,78.9,101.325,25.0,0.0,0.0,98.1,1,46.5,6.6,1200.0,1.5,3.5,12,9.81,98.1,1198.4,0.0,1200.0,True,True,True,True,True,True,True,True,True,True,True,True,True,True,True,True,False,False,False,False,False,False,False,False
267670478,STATE_PREFLIGHT,12.4,5.0,10.0,45.0,0.0,0.0,9.81,0.1,0.2,0.3,12.3,45.6,78.9,101.325,25.0,0.0,0.0,98.1,1,46.5,6.6,1200.0,1.5,3.5,12,9.81,98.1,1198.4,0.0,1200.0,True,True,True,True,True,True,True,True,True,True,True,True,True,True,True,True,False,False,False,False,False,False,False,False
267670986,STATE_PREFLIGHT,12.4,5.0,10.0,45.0,0.0,0.0,9.81,0.1,0.2,0.3,12.3,45.6,78.9,101.325,25.0,0.0,0.0,98.1,1,46.5,6.6,1200.0,1.5,3.5,12,9.81,98.1,1198.4,0.0,1200.0,True,True,True,True,True,True,True,True,True,True,True,True,True,True,True,True,False,False,False,False,False,False,False,False
267671496,STATE_PREFLIGHT,12.4,5.0,10.0,45.0,0.0,0.0,9.81,0.1,0.2,0.3,12.3,45.6,78.9,101.325,25.0,0.0,0.0,98.1,1,46.5,6.6,1200.0,1.5,3.5,12,9.81,98.1,1198.4,0.0,1200.0,True,True,True,True,True,True,True,True,True,True,True,True,True,True,True,True,False,False,False,False,False,False,False,False
267672001,STATE_PREFLIGHT,12.4,5.0,10.0,45.0,0.0,0.0,9.81,0.1,0.2,0.3,12.3,45.6,78.9,101.325,25.0,0.0,0.0,98.1,1,46.5,6.6,1200.0,1.5,3.5,12,9.81,98.1,1198.4,0.0,1200.0,True,True,True,True,True,True,True,True,True,True,True,True,True,True,True,True,False,False,False,False,False,False,False,False
267672508,STATE_PREFLIGHT,12.4,5.0,10.0,45.0,0.0,0.0,9.81,0.1,0.2,0.3,12.3,45.6,78.9,101.325,25.0,0.0,0.0,98.1,1,46.5,6.6,1200.0,1.5,3.5,12,9.81,98.1,1198.4,0.0,1200.0,True,True,True,True,True,True,True,True,True,True,True,True,True,True,True,True,False,False,False,False,False,False,False,False
267673016,STATE_PREFLIGHT,12.4,5.0,10.0,45.0,0.0,0.0,9.81,0.1,0.2,0.3,12.3,45.6,78.9,101.325,25.0,0.0,0.0,98.1,1,46.5,6.6,1200.0,1.5,3.5,12,9.81,98.1,1198.4,0.0,1200.0,True,True,True,True,True,True,True,True,True,True,True,True,True,True,True,True,False,False,False,False,False,False,False,False
267673524,STATE_PREFLIGHT,12.4,5.0,10.0,45.0,0.0,0.0,9.81,0.1,0.2,0.3,12.3,45.6,78.9,101.325,25.0,0.0,0.0,98.1,1,46.5,6.6,1200.0,1.5,3.5,12,9.81,98.1,1198.4,0.0,1200.0,True,True,True,True,True,True,True,True,True,True,True,True,True,True,True,True,False,False,False,False,False,False,False,False
267674031,STATE_PREFLIGHT,12.4,5.0,10.0,45.0,0.0,0.0,9.81,0.1,0.2,0.3,12.3,45.6,78.9,101.325,25.0,0.0,0.0,98.1,1,46.5,6.6,1200.0,1.5,3.5,12,9.81,98.1,1198.4,0.0,1200.0,True,True,True,True,True,True,True,True,True,True,True,True,True,True,True,True,False,False,False,False,False,False,False,False
267674541,STATE_PREFLIGHT,12.4,5.0,10.0,45.0,0.0,0.0,9.81,0.1,0.2,0.3,12.3,45.6,78.9,101.325,25.0,0.0,0.0,98.1,1,46.5,6.6,1200.0,1.5,3.5,12,9.81,98.1,1198.4,0.0,1200.0,True,True,True,True,True,True,True,True,True,True,True,True,True,True,True,True,False,False,False,False,False,False,False,False
267675048,STATE_PREFLIGHT,12.4,5.0,10.0,45.0,0.0,0.0,9.81,0.1,0.2,0.3,12.3,45.6,78.9,101.325,25.0,0.0,0.0,98.1,1,46.5,6.6,1200.0,1.5,3.5,12,9.81,98.1,1198.4,0.0,1200.0,True,True,True,True,True,True,True,True,True,True,True,True,True,True,True,True,False,False,False,False,False,False,False,False
267675554,STATE_PREFLIGHT,12.4,5.0,10.0,45.0,0.0,0.0,9.81,0.1,0.2,0.3,12.3,45.6,78.9,101.325,25.0,0.0,0.0,98.1,1,46.5,6.6,1200.0,1.5,3.5,12,9.81,98.1,1198.4,0.0,1200.0,True,True,True,True,True,True,True,True,True,True,True,True,True,True,True,True,False,False,False,False,False,False,False,False
267676063,STATE_PREFLIGHT,12.4,5.0,10.0,45.0,0.0,0.0,9.81,0.1,0.2,0.3,12.3,45.6,78.9,101.325,25.0,0.0,0.0,98.1,1,46.5,6.6,1200.0,1.5,3.5,12,9.81,98.1,1198.4,0.0,1200.0,True,True,True,True,True,True,True,True,True,True,True,True,True,True,True,True,False,False,False,False,False,False,False,False
267676574,STATE_PREFLIGHT,12.4,5.0,10.0,45.0,0.0,0.0,9.81,0.1,0.2,0.3,12.3,45.6,78.9,101.325,25.0,0.0,0.0,98.1,1,46.5,6.6,1200.0,1.5,3.5,12,9.81,98.1,1198.4,0.0,1200.0,True,True,True,True,True,True,True,True,True,True,True,True,True,True,True,True,False,False,False,False,False,False,False,False
267677094,STATE_PREFLIGHT,12.4,5.0,10.0,45.0,0.0,0.0,9.81,0.1,0.2,0.3,12.3,45.6,78.9,101.325,25.0,0.0,0.0,98.1,1,46.5,6.6,1200.0,1.5,3.5,12,9.81,98.1,1198.4,0.0,1200.0,True,True,True,True,True,True,True,True,True,True,True,True,True,True,True,True,False,False,False,False,False,False,False,False
267677612,STATE_PREFLIGHT,12.4,5.0,10.0,45.0,0.0,0.0,9.81,0.1,0.2,0.3,12.3,45.6,78.9,101.325,25.0,0.0,0.0,98.1,1,46.5,6.6,1200.0,1.5,3.5,12,9.81,98.1,1198.4,0.0,1200.0,True,True,True,True,True,True,True,True,True,True,True,True,True,True,True,True,False,False,False,False,False,False,False,False
267678123,STATE_PREFLIGHT,12.4,5.0,10.0,45.0,0.0,0.0,9.81,0.1,0.2,0.3,12.3,45.6,78.9,101.325,25.0,0.0,0.0,98.1,1,46.5,6.6,1200.0,1.5,3.5,12,9.81,98.1,1198.4,0.0,1200.0,True,True,True,True,True,True,True,True,True,True,True,True,True,True,True,True,False,False,False,False,False,False,False,False
267678633,STATE_PREFLIGHT,12.4,5.0,10.0,45.0,0.0,0.0,9.81,0.1,0.2,0.3,12.3,45.6,78.9,101.325,25.0,0.0,0.0,98.1,1,46.5,6.6,1200.0,1.5,3.5,12,9.81,98.1,1198.4,0.0,1200.0,True,True,True,True,True,True,True,True,True,True,True,True,True,True,True,True,False,False,False,False,False,False,False,False
267679139,STATE_PREFLIGHT,12.4,5.0,10.0,45.0,0.0,0.0,9.81,0.1,0.2,0.3,12.3,45.6,78.9,101.325,25.0,0.0,0.0,98.1,1,46.5,6.6,1200.0,1.5,3.5,12,9.81,98.1,1198.4,0.0,1200.0,True,True,True,True,True,True,True,True,True,True,True,True,True,True,True,True,False,False,False,False,False,False,False,False
267679647,STATE_PREFLIGHT,12.4,5.0,10.0,45.0,0.0,0.0,9.81,0.1,0.2,0.3,12.3,45.6,78.9,101.325,25.0,0.0,0.0,98.1,1,46.5,6.6,1200.0,1.5,3.5,12,9.81,98.1,1198.4,0.0,1200.0,True,True,True,True,True,True,True,True,True,True,True,True,True,True,True,True,False,False,False,False,False,False,False,False
267680154,STATE_PREFLIGHT,12.4,5.0,10.0,45.0,0.0,0.0,9.81,0.1,0.2,0.3,12.3,45.6,78.9,101.325,25.0,0.0,0.0,98.1,1,46.5,6.6,1200.0,1.5,3.5,12,9.81,98.1,1198.4,0.0,1200.0,True,True,True,True,True,True,True,True,True,True,True,True,True,True,True,True,False,False,False,False,False,False,False,False
267680664,STATE_PREFLIGHT,12.4,5.0,10.0,45.0,0.0,0.0,9.81,0.1,0.2,0.3,12.3,45.6,78.9,101.325,25.0,0.0,0.0,98.1,1,46.5,6.6,1200.0,1.5,3.5,12,9.81,98.1,1198.4,0.0,1200.0,True,True,True,True,True,True,True,True,True,True,True,True,True,True,True,True,False,False,False,False,False,False,False,False
267681173,STATE_PREFLIGHT,12.4,5.0,10.0,45.0,0.0,0.0,9.81,0.1,0.2,0.3,12.3,45.6,78.9,101.325,25.0,0.0,0.0,98.1,1,46.5,6.6,1200.0,1.5,3.5,12,9.81,98.1,1198.4,0.0,1200.0,True,True,True,True,True,True,True,True,True,True,True,True,True,True,True,True,False,False,False,False,False,False,False,False
267681685,STATE_PREFLIGHT,12.4,5.0,10.0,45.0,0.0,0.0,9.81,0.1,0.2,0.3,12.3,45.6,78.9,101.325,25.0,0.0,0.0,98.1,1,46.5,6.6,1200.0,1.5,3.5,12,9.81,98.1,1198.4,0.0,1200.0,True,True,True,True,True,True,True,True,True,True,True,True,True,True,True,True,False,False,False,False,False,False,False,False
267682193,STATE_PREFLIGHT,12.4,5.0,10.0,45.0,0.0,0.0,9.81,0.1,0.2,0.3,12.3,45.6,78.9,101.325,25.0,0.0,0.0,98.1,1,46.5,6.6,1200.0,1.5,3.5,12,9.81,98.1,1198.4,0.0,1200.0,True,True,True,True,True,True,True,True,True,True,True,True,True,True,True,True,False,False,False,False,False,False,False,False
267682703,STATE_PREFLIGHT,12.4,5.0,10.0,45.0,0.0,0.0,9.81,0.1,0.2,0.3,12.3,45.6,78.9,101.325,25.0,0.0,0.0,98.1,1,46.5,6.6,1200.0,1.5,3.5,12,9.81,98.1,1198.4,0.0,1200.0,True,True,True,True,True,True,True,True,True,True,True,True,True,True,True,True,False,False,False,False,False,False,False,False
267683210,STATE_PREFLIGHT,12.4,5.0,10.0,45.0,0.0,0.0,9.81,0.1,0.2,0.3,12.3,45.6,78.9,101.325,25.0,0.0,0.0,98.1,1,46.5,6.6,1200.0,1.5,3.5,12,9.81,98.1,1198.4,0.0,1200.0,True,True,True,True,True,True,True,True,True,True,True,True,True,True,True,True,False,False,False,False,False,False,False,False
267683717,STATE_PREFLIGHT,12.4,5.0,10.0,45.0,0.0,0.0,9.81,0.1,0.2,0.3,12.3,45.6,78.9,101.325,25.0,0.0,0.0,98.1,1,46.5,6.6,1200.0,1.5,3.5,12,9.81,98.1,1198.4,0.0,1200.0,True,True,True,True,True,True,True,True,True,True,True,True,True,True,True,True,False,False,False,False,False,False,False,False
267684220,STATE_PREFLIGHT,12.4,5.0,10.0,45.0,0.0,0.0,9.81,0.1,0.2,0.3,12.3,45.6,78.9,101.325,25.0,0.0,0.0,98.1,1,46.5,6.6,1200.0,1.5,3.5,12,9.81,98.1,1198.4,0.0,1200.0,True,True,True,True,True,True,True,True,True,True,True,True,True,True,True,True,False,False,False,False,False,False,False,False
267684730,STATE_PREFLIGHT,12.4,5.0,10.0,45.0,0.0,0.0,9.81,0.1,0.2,0.3,12.3,45.6,78.9,101.325,25.0,0.0,0.0,98.1,1,46.5,6.6,1200.0,1.5,3.5,12,9.81,98.1,1198.4,0.0,1200.0,True,True,True,True,True,True,True,True,True,True,True,True,True,True,True,True,False,False,False,False,False,False,False,False
267685236,STATE_PREFLIGHT,12.4,5.0,10.0,45.0,0.0,0.0,9.81,0.1,0.2,0.3,12.3,45.6,78.9,101.325,25.0,0.0,0.0,98.1,1,46.5,6.6,1200.0,1.5,3.5,12,9.81,98.1,1198.4,0.0,1200.0,True,True,True,True,True,True,True,True,True,True,True,True,True,True,True,True,False,False,False,False,False,False,False,False
267685743,STATE_PREFLIGHT,12.4,5.0,10.0,45.0,0.0,0.0,9.81,0.1,0.2,0.3,12.3,45.6,78.9,101.325,25.0,0.0,0.0,98.1,1,46.5,6.6,1200.0,1.5,3.5,12,9.81,98.1,1198.4,0.0,1200.0,True,True,True,True,True,True,True,True,True,True,True,True,True,True,True,True,False,False,False,False,False,False,False,False
267686248,STATE_PREFLIGHT,12.4,5.0,10.0,45.0,0.0,0.0,9.81,0.1,0.2,0.3,12.3,45.6,78.9,101.325,25.0,0.0,0.0,98.1,1,46.5,6.6,1200.0,1.5,3.5,12,9.81,98.1,1198.4,0.0,1200.0,True,True,True,True,True,True,True,True,True,True,True,True,True,True,True,True,False,False,False,False,False,False,False,False
267686759,STATE_PREFLIGHT,12.4,5.0,10.0,45.0,0.0,0.0,9.81,0.1,0.2,0.3,12.3,45.6,78.9,101.325,25.0,0.0,0.0,98.1,1,46.5,6.6,1200.0,1.5,3.5,12,9.81,98.1,1198.4,0.0,1200.0,True,True,True,True,True,True,True,True,True,True,True,True,True,True,True,True,False,False,False,False,False,False,False,False
267687264,STATE_PREFLIGHT,12.4,5.0,10.0,45.0,0.0,0.0,9.81,0.1,0.2,0.3,12.3,45.6,78.9,101.325,25.0,0.0,0.0,98.1,1,46.5,6.6,1200.0,1.5,3.5,12,9.81,98.1,1198.4,0.0,1200.0,True,True,True,True,True,True,True,True,True,True,True,True,True,True,True,True,False,False,False,False,False,False,False,False
267687769,STATE_PREFLIGHT,12.4,5.0,10.0,45.0,0.0,0.0,9.81,0.1,0.2,0.3,12.3,45.6,78.9,101.325,25.0,0.0,0.0,98.1,1,46.5,6.6,1200.0,1.5,3.5,12,9.81,98.1,1198.4,0.0,1200.0,True,True,True,True,True,True,True,True,True,True,True,True,True,True,True,True,False,False,False,False,False,False,False,False
267688276,STATE_PREFLIGHT,12.4,5.0,10.0,45.0,0.0,0.0,9.81,0.1,0.2,0.3,12.3,45.6,78.9,101.325,25.0,0.0,0.0,98.1,1,46.5,6.6,1200.0,1.5,3.5,12,9.81,98.1,1198.4,0.0,1200.0,True,True,True,True,True,True,True,True,True,True,True,True,True,True,True,True,False,False,False,False,False,False,False,False
267688783,STATE_PREFLIGHT,12.4,5.0,10.0,45.0,0.0,0.0,9.81,0.1,0.2,0.3,12.3,45.6,78.9,101.325,25.0,0.0,0.0,98.1,1,46.5,6.6,1200.0,1.5,3.5,12,9.81,98.1,1198.4,0.0,1200.0,True,True,True,True,True,True,True,True,True,True,True,True,True,True,True,True,False,False,False,False,False,False,False,False
267689286,STATE_PREFLIGHT,12.4,5.0,10.0,45.0,0.0,0.0,9.81,0.1,0.2,0.3,12.3,45.6,78.9,101.325,25.0,0.0,0.0,98.1,1,46.5,6.6,1200.0,1.5,3.5,12,9.81,98.1,1198.4,0.0,1200.0,True,True,True,True,True,True,True,True,True,True,True,True,True,True,True,True,False,False,False,False,False,False,False,False
267689797,STATE_PREFLIGHT,12.4,5.0,10.0,45.0,0.0,0.0,9.81,0.1,0.2,0.3,12.3,45.6,78.9,101.325,25.0,0.0,0.0,98.1,1,46.5,6.6,1200.0,1.5,3.5,12,9.81,98.1,1198.4,0.0,1200.0,True,True,True,True,True,True,True,True,True,True,True,True,True,True,True,True,False,False,False,False,False,False,False,False
267690309,STATE_PREFLIGHT,12.4,5.0,10.0,45.0,0.0,0.0,9.81,0.1,0.2,0.3,12.3,45.6,78.9,101.325,25.0,0.0,0.0,98.1,1,46.5,6.6,1200.0,1.5,3.5,12,9.81,98.1,1198.4,0.0,1200.0,True,True,True,True,True,True,True,True,True,True,True,True,True,True,True,True,False,False,False,False,False,False,False,False
267690820,STATE_PREFLIGHT,12.4,5.0,10.0,45.0,0.0,0.0,9.81,0.1,0.2,0.3,12.3,45.6,78.9,101.325,25.0,0.0,0.0,98.1,1,46.5,6.6,1200.0,1.5,3.5,12,9.81,98.1,1198.4,0.0,1200.0,True,True,True,True,True,True,True,True,True,True,True,True,True,True,True,True,False,False,False,False,False,False,False,False
267691327,STATE_PREFLIGHT,12.4,5.0,10.0,45.0,0.0,0.0,9.81,0.1,0.2,0.3,12.3,45.6,78.9,101.325,25.0,0.0,0.0,98.1,1,46.5,6.6,1200.0,1.5,3.5,12,9.81,98.1,1198.4,0.0,1200.0,True,True,True,True,True,True,True,True,True,True,True,True,True,True,True,True,False,False,False,False,False,False,False,False
267691834,STATE_PREFLIGHT,12.4,5.0,10.0,45.0,0.0,0.0,9.81,0.1,0.2,0.3,12.3,45.6,78.9,101.325,25.0,0.0,0.0,98.1,1,46.5,6.6,1200.0,1.5,3.5,12,9.81,98.1,1198.4,0.0,1200.0,True,True,True,True,True,True,True,True,True,True,True,True,True,True,True,True,False,False,False,False,False,False,False,False
267692344,STATE_PREFLIGHT,12.4,5.0,10.0,45.0,0.0,0.0,9.81,0.1,0.2,0.3,12.3,45.6,78.9,101.325,25.0,0.0,0.0,98.1,1,46.5,6.6,1200.0,1.5,3.5,12,9.81,98.1,1198.4,0.0,1200.0,True,True,True,True,True,True,True,True,True,True,True,True,True,True,True,True,False,False,False,False,False,False,False,False
267692852,STATE_PREFLIGHT,12.4,5.0,10.0,45.0,0.0,0.0,9.81,0.1,0.2,0.3,12.3,45.6,78.9,101.325,25.0,0.0,0.0,98.1,1,46.5,6.6,1200.0,1.5,3.5,12,9.81,98.1,1198.4,0.0,1200.0,True,True,True,True,True,True,True,True,True,True,True,True,True,True,True,True,False,False,False,False,False,False,False,False
267693359,STATE_PREFLIGHT,12.4,5.0,10.0,45.0,0.0,0.0,9.81,0.1,0.2,0.3,12.3,45.6,78.9,101.325,25.0,0.0,0.0,98.1,1,46.5,6.6,1200.0,1.5,3.5,12,9.81,98.1,1198.4,0.0,1200.0,True,True,True,True,True,True,True,True,True,True,True,True,True,True,True,True,False,False,False,False,False,False,False,False
267693870,STATE_PREFLIGHT,12.4,5.0,10.0,45.0,0.0,0.0,9.81,0.1,0.2,0.3,12.3,45.6,78.9,101.325,25.0,0.0,0.0,98.1,1,46.5,6.6,1200.0,1.5,3.5,12,9.81,98.1,1198.4,0.0,1200.0,True,True,True,True,True,True,True,True,True,True,True,True,True,True,True,True,False,False,False,False,False,False,False,False
267694378,STATE_PREFLIGHT,12.4,5.0,10.0,45.0,0.0,0.0,9.81,0.1,0.2,0.3,12.3,45.6,78.9,101.325,25.0,0.0,0.0,98.1,1,46.5,6.6,1200.0,1.5,3.5,12,9.81,98.1,1198.4,0.0,1200.0,True,True,True,True,True,True,True,True,True,True,True,True,True,True,True,True,False,False,False,False,False,False,False,False
267694886,STATE_PREFLIGHT,12.4,5.0,10.0,45.0,0.0,0.0,9.81,0.1,0.2,0.3,12.3,45.6,78.9,101.325,25.0,0.0,0.0,98.1,1,46.5,6.6,1200.0,1.5,3.5,12,9.81,98.1,1198.4,0.0,1200.0,True,True,True,True,True,True,True,True,True,True,True,True,True,True,True,True,False,False,False,False,False,False,False,False
267695397,STATE_PREFLIGHT,12.4,5.0,10.0,45.0,0.0,0.0,9.81,0.1,0.2,0.3,12.3,45.6,78.9,101.325,25.0,0.0,0.0,98.1,1,46.5,6.6,1200.0,1.5,3.5,12,9.81,98.1,1198.4,0.0,1200.0,True,True,True,True,True,True,True,True,True,True,True,True,True,True,True,True,False,False,False,False,False,False,False,False
267695903,STATE_PREFLIGHT,12.4,5.0,10.0,45.0,0.0,0.0,9.81,0.1,0.2,0.3,12.3,45.6,78.9,101.325,25.0,0.0,0.0,98.1,1,46.5,6.6,1200.0,1.5,3.5,12,9.81,98.1,1198.4,0.0,1200.0,True,True,True,True,True,True,True,True,True,True,True,True,True,True,True,True,False,False,False,False,False,False,False,False
267696410,STATE_PREFLIGHT,12.4,5.0,10.0,45.0,0.0,0.0,9.81,0.1,0.2,0.3,12.3,45.6,78.9,101.325,25.0,0.0,0.0,98.1,1,46.5,6.6,1200.0,1.5,3.5,12,9.81,98.1,1198.4,0.0,1200.0,True,True,True,True,True,True,True,True,True,True,True,True,True,True,True,True,False,False,False,False,False,False,False,False
267696916,STATE_PREFLIGHT,12.4,5.0,10.0,45.0,0.0,0.0,9.81,0.1,0.2,0.3,12.3,45.6,78.9,101.325,25.0,0.0,0.0,98.1,1,46.5,6.6,1200.0,1.5,3.5,12,9.81,98.1,1198.4,0.0,1200.0,True,True,True,True,True,True,True,True,True,True,True,True,True,True,True,True,False,False,False,False,False,False,False,False
267697427,STATE_PREFLIGHT,12.4,5.0,10.0,45.0,0.0,0.0,9.81,0.1,0.2,0.3,12.3,45.6,78.9,101.325,25.0,0.0,0.0,98.1,1,46.5,6.6,1200.0,1.5,3.5,12,9.81,98.1,1198.4,0.0,1200.0,True,True,True,True,True,True,True,True,True,True,True,True,True,True,True,True,False,False,False,False,False,False,False,False
267697935,STATE_PREFLIGHT,12.4,5.0,10.0,45.0,0.0,0.0,9.81,0.1,0.2,0.3,12.3,45.6,78.9,101.325,25.0,0.0,0.0,98.1,1,46.5,6.6,1200.0,1.5,3.5,12,9.81,98.1,1198.4,0.0,1200.0,True,True,True,True,True,True,True,True,True,True,True,True,True,True,True,True,False,False,False,False,False,False,False,False
267698443,STATE_PREFLIGHT,12.4,5.0,10.0,45.0,0.0,0.0,9.81,0.1,0.2,0.3,12.3,45.6,78.9,101.325,25.0,0.0,0.0,98.1,1,46.5,6.6,1200.0,1.5,3.5,12,9.81,98.1,1198.4,0.0,1200.0,True,True,True,True,True,True,True,True,True,True,True,True,True,True,True,True,False,False,False,False,False,False,False,False
267698949,STATE_PREFLIGHT,12.4,5.0,10.0,45.0,0.0,0.0,9.81,0.1,0.2,0.3,12.3,45.6,78.9,101.325,25.0,0.0,0.0,98.1,1,46.5,6.6,1200.0,1.5,3.5,12,9.81,98.1,1198.4,0.0,1200.0,True,True,True,True,True,True,True,True,True,True,True,True,True,True,True,True,False,False,False,False,False,False,False,False
267699460,STATE_PREFLIGHT,12.4,5.0,10.0,45.0,0.0,0.0,9.81,0.1,0.2,0.3,12.3,45.6,78.9,101.325,25.0,0.0,0.0,98.1,1,46.5,6.6,1200.0,1.5,3.5,12,9.81,98.1,1198.4,0.0,1200.0,True,True,True,True,True,True,True,True,True,True,True,True,True,True,True,True,False,False,False,False,False,False,False,False
267699964,STATE_PREFLIGHT,12.4,5.0,10.0,45.0,0.0,0.0,9.81,0.1,0.2,0.3,12.3,45.6,78.9,101.325,25.0,0.0,0.0,98.1,1,46.5,6.6,1200.0,1.5,3.5,12,9.81,98.1,1198.4,0.0,1200.0,True,True,True,True,True,True,True,True,True,True,True,True,True,True,True,True,False,False,False,False,False,False,False,False
267700470,STATE_PREFLIGHT,12.4,5.0,10.0,45.0,0.0,0.0,9.81,0.1,0.2,0.3,12.3,45.6,78.9,101.325,25.0,0.0,0.0,98.1,1,46.5,6.6,1200.0,1.5,3.5,12,9.81,98.1,1198.4,0.0,1200.0,True,True,True,True,True,True,True,True,True,True,True,True,True,True,True,True,False,False,False,False,False,False,False,False
267700980,STATE_PREFLIGHT,12.4,5.0,10.0,45.0,0.0,0.0,9.81,0.1,0.2,0.3,12.3,45.6,78.9,101.325,25.0,0.0,0.0,98.1,1,46.5,6.6,1200.0,1.5,3.5,12,9.81,98.1,1198.4,0.0,1200.0,True,True,True,True,True,True,True,True,True,True,True,True,True,True,True,True,False,False,False,False,False,False,False,False
267701486,STATE_PREFLIGHT,12.4,5.0,10.0,45.0,0.0,0.0,9.81,0.1,0.2,0.3,12.3,45.6,78.9,101.325,25.0,0.0,0.0,98.1,1,46.5,6.6,1200.0,1.5,3.5,12,9.81,98.1,1198.4,0.0,1200.0,True,True,True,True,True,True,True,True,True,True,True,True,True,True,True,True,False,False,False,False,False,False,False,False
267701990,STATE_PREFLIGHT,12.4,5.0,10.0,45.0,0.0,0.0,9.81,0.1,0.2,0.3,12.3,45.6,78.9,101.325,25.0,0.0,0.0,98.1,1,46.5,6.6,1200.0,1.5,3.5,12,9.81,98.1,1198.4,0.0,1200.0,True,True,True,True,True,True,True,True,True,True,True,True,True,True,True,True,False,False,False,False,False,False,False,False
267702499,STATE_PREFLIGHT,12.4,5.0,10.0,45.0,0.0,0.0,9.81,0.1,0.2,0.3,12.3,45.6,78.9,101.325,25.0,0.0,0.0,98.1,1,46.5,6.6,1200.0,1.5,3.5,12,9.81,98.1,1198.4,0.0,1200.0,True,True,True,True,True,True,True,True,True,True,True,True,True,True,True,True,False,False,False,False,False,False,False,False
267703004,STATE_PREFLIGHT,12.4,5.0,10.0,45.0,0.0,0.0,9.81,0.1,0.2,0.3,12.3,45.6,78.9,101.325,25.0,0.0,0.0,98.1,1,46.5,6.6,1200.0,1.5,3.5,12,9.81,98.1,1198.4,0.0,1200.0,True,True,True,True,True,True,True,True,True,True,True,True,True,True,True,True,False,False,False,False,False,False,False,False
267703514,STATE_PREFLIGHT,12.4,5.0,10.0,45.0,0.0,0.0,9.81,0.1,0.2,0.3,12.3,45.6,78.9,101.325,25.0,0.0,0.0,98.1,1,46.5,6.6,1200.0,1.5,3.5,12,9.81,98.1,1198.4,0.0,1200.0,True,True,True,True,True,True,True,True,True,True,True,True,True,True,True,True,False,False,False,False,False,False,False,False
267704020,STATE_PREFLIGHT,12.4,5.0,10.0,45.0,0.0,0.0,9.81,0.1,0.2,0.3,12.3,45.6,78.9,101.325,25.0,0.0,0.0,98.1,1,46.5,6.6,1200.0,1.5,3.5,12,9.81,98.1,1198.4,0.0,1200.0,True,True,True,True,True,True,True,True,True,True,True,True,True,True,True,True,False,False,False,False,False,False,False,False
267704527,STATE_PREFLIGHT,12.4,5.0,10.0,45.0,0.0,0.0,9.81,0.1,0.2,0.3,12.3,45.6,78.9,101.325,25.0,0.0,0.0,98.1,1,46.5,6.6,1200.0,1.5,3.5,12,9.81,98.1,1198.4,0.0,1200.0,True,True,True,True,True,True,True,True,True,True,True,True,True,True,True,True,False,False,False,False,False,False,False,False
267705038,STATE_PREFLIGHT,12.4,5.0,10.0,45.0,0.0,0.0,9.81,0.1,0.2,0.3,12.3,45.6,78.9,101.325,25.0,0.0,0.0,98.1,1,46.5,6.6,1200.0,1.5,3.5,12,9.81,98.1,1198.4,0.0,1200.0,True,True,True,True,True,True,True,True,True,True,True,True,True,True,True,True,False,False,False,False,False,False,False,False
267705547,STATE_PREFLIGHT,12.4,5.0,10.0,45.0,0.0,0.0,9.81,0.1,0.2,0.3,12.3,45.6,78.9,101.325,25.0,0.0,0.0,98.1,1,46.5,6.6,1200.0,1.5,3.5,12,9.81,98.1,1198.4,0.0,1200.0,True,True,True,True,True,True,True,True,True,True,True,True,True,True,True,True,False,False,False,False,False,False,False,False
267706058,STATE_PREFLIGHT,12.4,5.0,10.0,45.0,0.0,0.0,9.81,0.1,0.2,0.3,12.3,45.6,78.9,101.325,25.0,0.0,0.0,98.1,1,46.5,6.6,1200.0,1.5,3.5,12,9.81,98.1,1198.4,0.0,1200.0,True,True,True,True,True,True,True,True,True,True,True,True,True,True,True,True,False,False,False,False,False,False,False,False
267706564,STATE_PREFLIGHT,12.4,5.0,10.0,45.0,0.0,0.0,9.81,0.1,0.2,0.3,12.3,45.6,78.9,101.325,25.0,0.0,0.0,98.1,1,46.5,6.6,1200.0,1.5,3.5,12,9.81,98.1,1198.4,0.0,1200.0,True,True,True,True,True,True,True,True,True,True,True,True,True,True,True,True,False,False,False,False,False,False,False,False
267707073,STATE_PREFLIGHT,12.4,5.0,10.0,45.0,0.0,0.0,9.81,0.1,0.2,0.3,12.3,45.6,78.9,101.325,25.0,0.0,0.0,98.1,1,46.5,6.6,1200.0,1.5,3.5,12,9.81,98.1,1198.4,0.0,1200.0,True,True,True,True,True,True,True,True,True,True,True,True,True,True,True,True,False,False,False,False,False,False,False,False
267707583,STATE_PREFLIGHT,12.4,5.0,10.0,45.0,0.0,0.0,9.81,0.1,0.2,0.3,12.3,45.6,78.9,101.325,25.0,0.0,0.0,98.1,1,46.5,6.6,1200.0,1.5,3.5,12,9.81,98.1,1198.4,0.0,1200.0,True,True,True,True,True,True,True,True,True,True,True,True,True,True,True,True,False,False,False,False,False,False,False,False
267708089,STATE_PREFLIGHT,12.4,5.0,10.0,45.0,0.0,0.0,9.81,0.1,0.2,0.3,12.3,45.6,78.9,101.325,25.0,0.0,0.0,98.1,1,46.5,6.6,1200.0,1.5,3.5,12,9.81,98.1,1198.4,0.0,1200.0,True,True,True,True,True,True,True,True,True,True,True,True,True,True,True,True,False,False,False,False,False,False,False,False
267708596,STATE_PREFLIGHT,12.4,5.0,10.0,45.0,0.0,0.0,9.81,0.1,0.2,0.3,12.3,45.6,78.9,101.325,25.0,0.0,0.0,98.1,1,46.5,6.6,1200.0,1.5,3.5,12,9.81,98.1,1198.4,0.0,1200.0,True,True,True,True,True,True,True,True,True,True,True,True,True,True,True,True,False,False,False,False,False,False,False,False
267709103,STATE_PREFLIGHT,12.4,5.0,10.0,45.0,0.0,0.0,9.81,0.1,0.2,0.3,12.3,45.6,78.9,101.325,25.0,0.0,0.0,98.1,1,46.5,6.6,1200.0,1.5,3.5,12,9.81,98.1,1198.4,0.0,1200.0,True,True,True,True,True,True,True,True,True,True,True,True,True,True,True,True,False,False,False,False,False,False,False,False
267709606,STATE_PREFLIGHT,12.4,5.0,10.0,45.0,0.0,0.0,9.81,0.1,0.2,0.3,12.3,45.6,78.9,101.325,25.0,0.0,0.0,98.1,1,46.5,6.6,1200.0,1.5,3.5,12,9.81,98.1,1198.4,0.0,1200.0,True,True,True,True,True,True,True,True,True,True,True,True,True,True,True,True,False,False,False,False,False,False,False,False
267710113,STATE_PREFLIGHT,12.4,5.0,10.0,45.0,0.0,0.0,9.81,0.1,0.2,0.3,12.3,45.6,78.9,101.325,25.0,0.0,0.0,98.1,1,46.5,6.6,1200.0,1.5,3.5,12,9.81,98.1,1198.4,0.0,1200.0,True,True,True,True,True,True,True,True,True,True,True,True,True,True,True,True,False,False,False,False,False,False,False,False
267710623,STATE_PREFLIGHT,12.4,5.0,10.0,45.0,0.0,0.0,9.81,0.1,0.2,0.3,12.3,45.6,78.9,101.325,25.0,0.0,0.0,98.1,1,46.5,6.6,1200.0,1.5,3.5,12,9.81,98.1,1198.4,0.0,1200.0,True,True,True,True,True,True,True,True,True,True,True,True,True,True,True,True,False,False,False,False,False,False,False,False
267711130,STATE_PREFLIGHT,12.4,5.0,10.0,45.0,0.0,0.0,9.81,0.1,0.2,0.3,12.3,45.6,78.9,101.325,25.0,0.0,0.0,98.1,1,46.5,6.6,1200.0,1.5,3.5,12,9.81,98.1,1198.4,0.0,1200.0,True,True,True,True,True,True,True,True,True,True,True,True,True,True,True,True,False,False,False,False,False,False,False,False
267711637,STATE_PREFLIGHT,12.4,5.0,10.0,45.0,0.0,0.0,9.81,0.1,0.2,0.3,12.3,45.6,78.9,101.325,25.0,0.0,0.0,98.1,1,46.5,6.6,1200.0,1.5,3.5,12,9.81,98.1,1198.4,0.0,1200.0,True,True,True,True,True,True,True,True,True,True,True,True,True,True,True,True,False,False,False,False,False,False,False,False
267712143,STATE_PREFLIGHT,12.4,5.0,10.0,45.0,0.0,0.0,9.81,0.1,0.2,0.3,12.3,45.6,78.9,101.325,25.0,0.0,0.0,98.1,1,46.5,6.6,1200.0,1.5,3.5,12,9.81,98.1,1198.4,0.0,1200.0,True,True,True,True,True,True,True,True,True,True,True,True,True,True,True,True,False,False,False,False,False,False,False,False
267712653,STATE_PREFLIGHT,12.4,5.0,10.0,45.0,0.0,0.0,9.81,0.1,0.2,0.3,12.3,45.6,78.9,101.325,25.0,0.0,0.0,98.1,1,46.5,6.6,1200.0,1.5,3.5,12,9.81,98.1,1198.4,0.0,1200.0,True,True,True,True,True,True,True,True,True,True,True,True,True,True,True,True,False,False,False,False,False,False,False,False
267713159,STATE_PREFLIGHT,12.4,5.0,10.0,45.0,0.0,0.0,9.81,0.1,0.2,0.3,12.3,45.6,78.9,101.325,25.0,0.0,0.0,98.1,1,46.5,6.6,1200.0,1.5,3.5,12,9.81,98.1,1198.4,0.0,1200.0,True,True,True,True,True,True,True,True,True,True,True,True,True,True,True,True,False,False,False,False,False,False,False,False
267713669,STATE_PREFLIGHT,12.4,5.0,10.0,45.0,0.0,0.0,9.81,0.1,0.2,0.3,12.3,45.6,78.9,101.325,25.0,0.0,0.0,98.1,1,46.5,6.6,1200.0,1.5,3.5,12,9.81,98.1,1198.4,0.0,1200.0,True,True,True,True,True,True,True,True,True,True,True,True,True,True,True,True,False,False,False,False,False,False,False,False
267714175,STATE_PREFLIGHT,12.4,5.0,10.0,45.0,0.0,0.0,9.81,0.1,0.2,0.3,12.3,45.6,78.9,101.325,25.0,0.0,0.0,98.1,1,46.5,6.6,1200.0,1.5,3.5,12,9.81,98.1,1198.4,0.0,1200.0,True,True,True,True,True,True,True,True,True,True,True,True,True,True,True,True,False,False,False,False,False,False,False,False
267714678,STATE_PREFLIGHT,12.4,5.0,10.0,45.0,0.0,0.0,9.81,0.1,0.2,0.3,12.3,45.6,78.9,101.325,25.0,0.0,0.0,98.1,1,46.5,6.6,1200.0,1.5,3.5,12,9.81,98.1,1198.4,0.0,1200.0,True,True,True,True,True,True,True,True,True,True,True,True,True,True,True,True,False,False,False,False,False,False,False,False
267715186,STATE_PREFLIGHT,12.4,5.0,10.0,45.0,0.0,0.0,9.81,0.1,0.2,0.3,12.3,45.6,78.9,101.325,25.0,0.0,0.0,98.1,1,46.5,6.6,1200.0,1.5,3.5,12,9.81,98.1,1198.4,0.0,1200.0,True,True,True,True,True,True,True,True,True,True,True,True,True,True,True,True,False,False,False,False,False,False,False,False
267715690,STATE_PREFLIGHT,12.4,5.0,10.0,45.0,0.0,0.0,9.81,0.1,0.2,0.3,12.3,45.6,78.9,101.325,25.0,0.0,0.0,98.1,1,46.5,6.6,1200.0,1.5,3.5,12,9.81,98.1,1198.4,0.0,1200.0,True,True,True,True,True,True,True,True,True,True,True,True,True,True,True,True,False,False,False,False,False,False,False,False
267716196,STATE_PREFLIGHT,12.4,5.0,10.0,45.0,0.0,0.0,9.81,0.1,0.2,0.3,12.3,45.6,78.9,101.325,25.0,0.0,0.0,98.1,1,46.5,6.6,1200.0,1.5,3.5,12,9.81,98.1,1198.4,0.0,1200.0,True,True,True,True,True,True,True,True,True,True,True,True,True,True,True,True,False,False,False,False,False,False,False,False
267716703,STATE_PREFLIGHT,12.4,5.0,10.0,45.0,0.0,0.0,9.81,0.1,0.2,0.3,12.3,45.6,78.9,101.325,25.0,0.0,0.0,98.1,1,46.5,6.6,1200.0,1.5,3.5,12,9.81,98.1,1198.4,0.0,1200.0,True,True,True,True,True,True,True,True,True,True,True,True,True,True,True,True,False,False,False,False,False,False,False,False
267717210,STATE_PREFLIGHT,12.4,5.0,10.0,45.0,0.0,0.0,9.81,0.1,0.2,0.3,12.3,45.6,78.9,101.325,25.0,0.0,0.0,98.1,1,46.5,6.6,1200.0,1.5,3.5,12,9.81,98.1,1198.4,0.0,1200.0,True,True,True,True,True,True,True,True,True,True,True,True,True,True,True,True,False,False,False,False,False,False,False,False
267717718,STATE_PREFLIGHT,12.4,5.0,10.0,45.0,0.0,0.0,9.81,0.1,0.2,0.3,12.3,45.6,78.9,101.325,25.0,0.0,0.0,98.1,1,46.5,6.6,1200.0,1.5,3.5,12,9.81,98.1,1198.4,0.0,1200.0,True,True,True,True,True,True,True,True,True,True,True,True,True,True,True,True,False,False,False,False,False,False,False,False
267718229,STATE_PREFLIGHT,12.4,5.0,10.0,45.0,0.0,0.0,9.81,0.1,0.2,0.3,12.3,45.6,78.9,101.325,25.0,0.0,0.0,98.1,1,46.5,6.6,1200.0,1.5,3.5,12,9.81,98.1,1198.4,0.0,1200.0,True,True,True,True,True,True,True,True,True,True,True,True,True,True,True,True,False,False,False,False,False,False,False,False
267718737,STATE_PREFLIGHT,12.4,5.0,10.0,45.0,0.0,0.0,9.81,0.1,0.2,0.3,12.3,45.6,78.9,101.325,25.0,0.0,0.0,98.1,1,46.5,6.6,1200.0,1.5,3.5,12,9.81,98.1,1198.4,0.0,1200.0,True,True,True,True,True,True,True,True,True,True,True,True,True,True,True,True,False,False,False,False,False,False,False,False
267719247,STATE_PREFLIGHT,12.4,5.0,10.0,45.0,0.0,0.0,9.81,0.1,0.2,0.3,12.3,45.6,78.9,101.325,25.0,0.0,0.0,98.1,1,46.5,6.6,1200.0,1.5,3.5,12,9.81,98.1,1198.4,0.0,1200.0,True,True,True,True,True,True,True,True,True,True,True,True,True,True,True,True,False,False,False,False,False,False,False,False
267719755,STATE_PREFLIGHT,12.4,5.0,10.0,45.0,0.0,0.0,9.81,0.1,0.2,0.3,12.3,45.6,78.9,101.325,25.0,0.0,0.0,98.1,1,46.5,6.6,1200.0,1.5,3.5,12,9.81,98.1,1198.4,0.0,1200.0,True,True,True,True,True,True,True,True,True,True,True,True,True,True,True,True,False,False,False,False,False,False,False,False
267720266,STATE_PREFLIGHT,12.4,5.0,10.0,45.0,0.0,0.0,9.81,0.1,0.2,0.3,12.3,45.6,78.9,101.325,25.0,0.0,0.0,98.1,1,46.5,6.6,1200.0,1.5,3.5,12,9.81,98.1,1198.4,0.0,1200.0,True,True,True,True,True,True,True,True,True,True,True,True,True,True,True,True,False,False,False,False,False,False,False,False
267720775,STATE_PREFLIGHT,12.4,5.0,10.0,45.0,0.0,0.0,9.81,0.1,0.2,0.3,12.3,45.6,78.9,101.325,25.0,0.0,0.0,98.1,1,46.5,6.6,1200.0,1.5,3.5,12,9.81,98.1,1198.4,0.0,1200.0,True,True,True,True,True,True,True,True,True,True,True,True,True,True,True,True,False,False,False,False,False,False,False,False
267721284,STATE_PREFLIGHT,12.4,5.0,10.0,45.0,0.0,0.0,9.81,0.1,0.2,0.3,12.3,45.6,78.9,101.325,25.0,0.0,0.0,98.1,1,46.5,6.6,1200.0,1.5,3.5,12,9.81,98.1,1198.4,0.0,1200.0,True,True,True,True,True,True,True,True,True,True,True,True,True,True,True,True,False,False,False,False,False,False,False,False
267721793,STATE_PREFLIGHT,12.4,5.0,10.0,45.0,0.0,0.0,9.81,0.1,0.2,0.3,12.3,45.6,78.9,101.325,25.0,0.0,0.0,98.1,1,46.5,6.6,1200.0,1.5,3.5,12,9.81,98.1,1198.4,0.0,1200.0,True,True,True,True,True,True,True,True,True,True,True,True,True,True,True,True,False,False,False,False,False,False,False,False
267722300,STATE_PREFLIGHT,12.4,5.0,10.0,45.0,0.0,0.0,9.81,0.1,0.2,0.3,12.3,45.6,78.9,101.325,25.0,0.0,0.0,98.1,1,46.5,6.6,1200.0,1.5,3.5,12,9.81,98.1,1198.4,0.0,1200.0,True,True,True,True,True,True,True,True,True,True,True,True,True,True,True,True,False,False,False,False,False,False,False,False
267722808,STATE_PREFLIGHT,12.4,5.0,10.0,45.0,0.0,0.0,9.81,0.1,0.2,0.3,12.3,45.6,78.9,101.325,25.0,0.0,0.0,98.1,1,46.5,6.6,1200.0,1.5,3.5,12,9.81,98.1,1198.4,0.0,1200.0,True,True,True,True,True,True,True,True,True,True,True,True,True,True,True,True,False,False,False,False,False,False,False,False
267723317,STATE_PREFLIGHT,12.4,5.0,10.0,45.0,0.0,0.0,9.81,0.1,0.2,0.3,12.3,45.6,78.9,101.325,25.0,0.0,0.0,98.1,1,46.5,6.6,1200.0,1.5,3.5,12,9.81,98.1,1198.4,0.0,1200.0,True,True,True,True,True,True,True,True,True,True,True,True,True,True,True,True,False,False,False,False,False,False,False,False
267723823,STATE_PREFLIGHT,12.4,5.0,10.0,45.0,0.0,0.0,9.81,0.1,0.2,0.3,12.3,45.6,78.9,101.325,25.0,0.0,0.0,98.1,1,46.5,6.6,1200.0,1.5,3.5,12,9.81,98.1,1198.4,0.0,1200.0,True,True,True,True,True,True,True,True,True,True,True,True,True,True,True,True,False,False,False,False,False,False,False,False
267724331,STATE_PREFLIGHT,12.4,5.0,10.0,45.0,0.0,0.0,9.81,0.1,0.2,0.3,12.3,45.6,78.9,101.325,25.0,0.0,0.0,98.1,1,46.5,6.6,1200.0,1.5,3.5,12,9.81,98.1,1198.4,0.0,1200.0,True,True,True,True,True,True,True,True,True,True,True,True,True,True,True,True,False,False,False,False,False,False,False,False
267724842,STATE_PREFLIGHT,12.4,5.0,10.0,45.0,0.0,0.0,9.81,0.1,0.2,0.3,12.3,45.6,78.9,101.325,25.0,0.0,0.0,98.1,1,46.5,6.6,1200.0,1.5,3.5,12,9.81,98.1,1198.4,0.0,1200.0,True,True,True,True,True,True,True,True,True,True,True,True,True,True,True,True,False,False,False,False,False,False,False,False
267725350,STATE_PREFLIGHT,12.4,5.0,10.0,45.0,0.0,0.0,9.81,0.1,0.2,0.3,12.3,45.6,78.9,101.325,25.0,0.0,0.0,98.1,1,46.5,6.6,1200.0,1.5,3.5,12,9.81,98.1,1198.4,0.0,1200.0,True,True,True,True,True,True,True,True,True,True,True,True,True,True,True,True,False,False,False,False,False,False,False,False
267725861,STATE_PREFLIGHT,12.4,5.0,10.0,45.0,0.0,0.0,9.81,0.1,0.2,0.3,12.3,45.6,78.9,101.325,25.0,0.0,0.0,98.1,1,46.5,6.6,1200.0,1.5,3.5,12,9.81,98.1,1198.4,0.0,1200.0,True,True,True,True,True,True,True,True,True,True,True,True,True,True,True,True,False,False,False,False,False,False,False,False
267726367,STATE_PREFLIGHT,12.4,5.0,10.0,45.0,0.0,0.0,9.81,0.1,0.2,0.3,12.3,45.6,78.9,101.325,25.0,0.0,0.0,98.1,1,46.5,6.6,1200.0,1.5,3.5,12,9.81,98.1,1198.4,0.0,1200.0,True,True,True,True,True,True,True,True,True,True,True,True,True,True,True,True,False,False,False,False,False,False,False,False
267726873,STATE_PREFLIGHT,12.4,5.0,10.0,45.0,0.0,0.0,9.81,0.1,0.2,0.3,12.3,45.6,78.9,101.325,25.0,0.0,0.0,98.1,1,46.5,6.6,1200.0,1.5,3.5,12,9.81,98.1,1198.4,0.0,1200.0,True,True,True,True,True,True,True,True,True,True,True,True,True,True,True,True,False,False,False,False,False,False,False,False
267727384,STATE_PREFLIGHT,12.4,5.0,10.0,45.0,0.0,0.0,9.81,0.1,0.2,0.3,12.3,45.6,78.9,101.325,25.0,0.0,0.0,98.1,1,46.5,6.6,1200.0,1.5,3.5,12,9.81,98.1,1198.4,0.0,1200.0,True,True,True,True,True,True,True,True,True,True,True,True,True,True,True,True,False,False,False,False,False,False,False,False
267727893,STATE_PREFLIGHT,12.4,5.0,10.0,45.0,0.0,0.0,9.81,0.1,0.2,0.3,12.3,45.6,78.9,101.325,25.0,0.0,0.0,98.1,1,46.5,6.6,1200.0,1.5,3.5,12,9.81,98.1,1198.4,0.0,1200.0,True,True,True,True,True,True,True,True,True,True,True,True,True,True,True,True,False,False,False,False,False,False,False,False
267728399,STATE_PREFLIGHT,12.4,5.0,10.0,45.0,0.0,0.0,9.81,0.1,0.2,0.3,12.3,45.6,78.9,101.325,25.0,0.0,0.0,98.1,1,46.5,6.6,1200.0,1.5,3.5,12,9.81,98.1,1198.4,0.0,1200.0,True,True,True,True,True,True,True,True,True,True,True,True,True,True,True,True,False,False,False,False,False,False,False,False
267728906,STATE_PREFLIGHT,12.4,5.0,10.0,45.0,0.0,0.0,9.81,0.1,0.2,0.3,12.3,45.6,78.9,101.325,25.0,0.0,0.0,98.1,1,46.5,6.6,1200.0,1.5,3.5,12,9.81,98.1,1198.4,0.0,1200.0,True,True,True,True,True,True,True,True,True,True,True,True,True,True,True,True,False,False,False,False,False,False,False,False
267729412,STATE_PREFLIGHT,12.4,5.0,10.0,45.0,0.0,0.0,9.81,0.1,0.2,0.3,12.3,45.6,78.9,101.325,25.0,0.0,0.0,98.1,1,46.5,6.6,1200.0,1.5,3.5,12,9.81,98.1,1198.4,0.0,1200.0,True,True,True,True,True,True,True,True,True,True,True,True,True,True,True,True,False,False,False,False,False,False,False,False
267729919,STATE_PREFLIGHT,12.4,5.0,10.0,45.0,0.0,0.0,9.81,0.1,0.2,0.3,12.3,45.6,78.9,101.325,25.0,0.0,0.0,98.1,1,46.5,6.6,1200.0,1.5,3.5,12,9.81,98.1,1198.4,0.0,1200.0,True,True,True,True,True,True,True,True,True,True,True,True,True,True,True,True,False,False,False,False,False,False,False,False
267730426,STATE_PREFLIGHT,12.4,5.0,10.0,45.0,0.0,0.0,9.81,0.1,0.2,0.3,12.3,45.6,78.9,101.325,25.0,0.0,0.0,98.1,1,46.5,6.6,1200.0,1.5,3.5,12,9.81,98.1,1198.4,0.0,1200.0,True,True,True,True,True,True,True,True,True,True,True,True,True,True,True,True,False,False,False,False,False,False,False,False
267730932,STATE_PREFLIGHT,12.4,5.0,10.0,45.0,0.0,0.0,9.81,0.1,0.2,0.3,12.3,45.6,78.9,101.325,25.0,0.0,0.0,98.1,1,46.5,6.6,1200.0,1.5,3.5,12,9.81,98.1,1198.4,0.0,1200.0,True,True,True,True,True,True,True,True,True,True,True,True,True,True,True,True,False,False,False,False,False,False,False,False
267731439,STATE_PREFLIGHT,12.4,5.0,10.0,45.0,0.0,0.0,9.81,0.1,0.2,0.3,12.3,45.6,78.9,101.325,25.0,0.0,0.0,98.1,1,46.5,6.6,1200.0,1.5,3.5,12,9.81,98.1,1198.4,0.0,1200.0,True,True,True,True,True,True,True,True,True,True,True,True,True,True,True,True,False,False,False,False,False,False,False,False
267731945,STATE_PREFLIGHT,12.4,5.0,10.0,45.0,0.0,0.0,9.81,0.1,0.2,0.3,12.3,45.6,78.9,101.325,25.0,0.0,0.0,98.1,1,46.5,6.6,1200.0,1.5,3.5,12,9.81,98.1,1198.4,0.0,1200.0,True,True,True,True,True,True,True,True,True,True,True,True,True,True,True,True,False,False,False,False,False,False,False,False
267732456,STATE_PREFLIGHT,12.4,5.0,10.0,45.0,0.0,0.0,9.81,0.1,0.2,0.3,12.3,45.6,78.9,101.325,25.0,0.0,0.0,98.1,1,46.5,6.6,1200.0,1.5,3.5,12,9.81,98.1,1198.4,0.0,1200.0,True,True,True,True,True,True,True,True,True,True,True,True,True,True,True,True,False,False,False,False,False,False,False,False
267732964,STATE_PREFLIGHT,12.4,5.0,10.0,45.0,0.0,0.0,9.81,0.1,0.2,0.3,12.3,45.6,78.9,101.325,25.0,0.0,0.0,98.1,1,46.5,6.6,1200.0,1.5,3.5,12,9.81,98.1,1198.4,0.0,1200.0,True,True,True,True,True,True,True,True,True,True,True,True,True,True,True,True,False,False,False,False,False,False,False,False
267733475,STATE_PREFLIGHT,12.4,5.0,10.0,45.0,0.0,0.0,9.81,0.1,0.2,0.3,12.3,45.6,78.9,101.325,25.0,0.0,0.0,98.1,1,46.5,6.6,1200.0,1.5,3.5,12,9.81,98.1,1198.4,0.0,1200.0,True,True,True,True,True,True,True,True,True,True,True,True,True,True,True,True,False,False,False,False,False,False,False,False
267733983,STATE_PREFLIGHT,12.4,5.0,10.0,45.0,0.0,0.0,9.81,0.1,0.2,0.3,12.3,45.6,78.9,101.325,25.0,0.0,0.0,98.1,1,46.5,6.6,1200.0,1.5,3.5,12,9.81,98.1,1198.4,0.0,1200.0,True,True,True,True,True,True,True,True,True,True,True,True,True,True,True,True,False,False,False,False,False,False,False,False
267734492,STATE_PREFLIGHT,12.4,5.0,10.0,45.0,0.0,0.0,9.81,0.1,0.2,0.3,12.3,45.6,78.9,101.325,25.0,0.0,0.0,98.1,1,46.5,6.6,1200.0,1.5,3.5,12,9.81,98.1,1198.4,0.0,1200.0,True,True,True,True,True,True,True,True,True,True,True,True,True,True,True,True,False,False,False,False,False,False,False,False
267734998,STATE_PREFLIGHT,12.4,5.0,10.0,45.0,0.0,0.0,9.81,0.1,0.2,0.3,12.3,45.6,78.9,101.325,25.0,0.0,0.0,98.1,1,46.5,6.6,1200.0,1.5,3.5,12,9.81,98.1,1198.4,0.0,1200.0,True,True,True,True,True,True,True,True,True,True,True,True,True,True,True,True,False,False,False,False,False,False,False,False
267735508,STATE_PREFLIGHT,12.4,5.0,10.0,45.0,0.0,0.0,9.81,0.1,0.2,0.3,12.3,45.6,78.9,101.325,25.0,0.0,0.0,98.1,1,46.5,6.6,1200.0,1.5,3.5,12,9.81,98.1,1198.4,0.0,1200.0,True,True,True,True,True,True,True,True,True,True,True,True,True,True,True,True,False,False,False,False,False,False,False,False
267736016,STATE_PREFLIGHT,12.4,5.0,10.0,45.0,0.0,0.0,9.81,0.1,0.2,0.3,12.3,45.6,78.9,101.325,25.0,0.0,0.0,98.1,1,46.5,6.6,1200.0,1.5,3.5,12,9.81,98.1,1198.4,0.0,1200.0,True,True,True,True,True,True,True,True,True,True,True,True,True,True,True,True,False,False,False,False,False,False,False,False
267736524,STATE_PREFLIGHT,12.4,5.0,10.0,45.0,0.0,0.0,9.81,0.1,0.2,0.3,12.3,45.6,78.9,101.325,25.0,0.0,0.0,98.1,1,46.5,6.6,1200.0,1.5,3.5,12,9.81,98.1,1198.4,0.0,1200.0,True,True,True,True,True,True,True,True,True,True,True,True,True,True,True,True,False,False,False,False,False,False,False,False
267737029,STATE_PREFLIGHT,12.4,5.0,10.0,45.0,0.0,0.0,9.81,0.1,0.2,0.3,12.3,45.6,78.9,101.325,25.0,0.0,0.0,98.1,1,46.5,6.6,1200.0,1.5,3.5,12,9.81,98.1,1198.4,0.0,1200.0,True,True,True,True,True,True,True,True,True,True,True,True,True,True,True,True,False,False,False,False,False,False,False,False
267737539,STATE_PREFLIGHT,12.4,5.0,10.0,45.0,0.0,0.0,9.81,0.1,0.2,0.3,12.3,45.6,78.9,101.325,25.0,0.0,0.0,98.1,1,46.5,6.6,1200.0,1.5,3.5,12,9.81,98.1,1198.4,0.0,1200.0,True,True,True,True,True,True,True,True,True,True,True,True,True,True,True,True,False,False,False,False,False,False,False,False
267738049,STATE_PREFLIGHT,12.4,5.0,10.0,45.0,0.0,0.0,9.81,0.1,0.2,0.3,12.3,45.6,78.9,101.325,25.0,0.0,0.0,98.1,1,46.5,6.6,1200.0,1.5,3.5,12,9.81,98.1,1198.4,0.0,1200.0,True,True,True,True,True,True,True,True,True,True,True,True,True,True,True,True,False,False,False,False,False,False,False,False
267738559,STATE_PREFLIGHT,12.4,5.0,10.0,45.0,0.0,0.0,9.81,0.1,0.2,0.3,12.3,45.6,78.9,101.325,25.0,0.0,0.0,98.1,1,46.5,6.6,1200.0,1.5,3.5,12,9.81,98.1,1198.4,0.0,1200.0,True,True,True,True,True,True,True,True,True,True,True,True,True,True,True,True,False,False,False,False,False,False,False,False
267739063,STATE_PREFLIGHT,12.4,5.0,10.0,45.0,0.0,0.0,9.81,0.1,0.2,0.3,12.3,45.6,78.9,101.325,25.0,0.0,0.0,98.1,1,46.5,6.6,1200.0,1.5,3.5,12,9.81,98.1,1198.4,0.0,1200.0,True,True,True,True,True,True,True,True,True,True,True,True,True,True,True,True,False,False,False,False,False,False,False,False
267739572,STATE_PREFLIGHT,12.4,5.0,10.0,45.0,0.0,0.0,9.81,0.1,0.2,0.3,12.3,45.6,78.9,101.325,25.0,0.0,0.0,98.1,1,46.5,6.6,1200.0,1.5,3.5,12,9.81,98.1,1198.4,0.0,1200.0,True,True,True,True,True,True,True,True,True,True,True,True,True,True,True,True,False,False,False,False,False,False,False,False
267740079,STATE_PREFLIGHT,12.4,5.0,10.0,45.0,0.0,0.0,9.81,0.1,0.2,0.3,12.3,45.6,78.9,101.325,25.0,0.0,0.0,98.1,1,46.5,6.6,1200.0,1.5,3.5,12,9.81,98.1,1198.4,0.0,1200.0,True,True,True,True,True,True,True,True,True,True,True,True,True,True,True,True,False,False,False,False,False,False,False,False
267740588,STATE_PREFLIGHT,12.4,5.0,10.0,45.0,0.0,0.0,9.81,0.1,0.2,0.3,12.3,45.6,78.9,101.325,25.0,0.0,0.0,98.1,1,46.5,6.6,1200.0,1.5,3.5,12,9.81,98.1,1198.4,0.0,1200.0,True,True,True,True,True,True,True,True,True,True,True,True,True,True,True,True,False,False,False,False,False,False,False,False
267741097,STATE_PREFLIGHT,12.4,5.0,10.0,45.0,0.0,0.0,9.81,0.1,0.2,0.3,12.3,45.6,78.9,101.325,25.0,0.0,0.0,98.1,1,46.5,6.6,1200.0,1.5,3.5,12,9.81,98.1,1198.4,0.0,1200.0,True,True,True,True,True,True,True,True,True,True,True,True,True,True,True,True,False,False,False,False,False,False,False,False
267741608,STATE_PREFLIGHT,12.4,5.0,10.0,45.0,0.0,0.0,9.81,0.1,0.2,0.3,12.3,45.6,78.9,101.325,25.0,0.0,0.0,98.1,1,46.5,6.6,1200.0,1.5,3.5,12,9.81,98.1,1198.4,0.0,1200.0,True,True,True,True,True,True,True,True,True,True,True,True,True,True,True,True,False,False,False,False,False,False,False,False
267742116,STATE_PREFLIGHT,12.4,5.0,10.0,45.0,0.0,0.0,9.81,0.1,0.2,0.3,12.3,45.6,78.9,101.325,25.0,0.0,0.0,98.1,1,46.5,6.6,1200.0,1.5,3.5,12,9.81,98.1,1198.4,0.0,1200.0,True,True,True,True,True,True,True,True,True,True,True,True,True,True,True,True,False,False,False,False,False,False,False,False
267742627,STATE_PREFLIGHT,12.4,5.0,10.0,45.0,0.0,0.0,9.81,0.1,0.2,0.3,12.3,45.6,78.9,101.325,25.0,0.0,0.0,98.1,1,46.5,6.6,1200.0,1.5,3.5,12,9.81,98.1,1198.4,0.0,1200.0,True,True,True,True,True,True,True,True,True,True,True,True,True,True,True,True,False,False,False,False,False,False,False,False
267743135,STATE_PREFLIGHT,12.4,5.0,10.0,45.0,0.0,0.0,9.81,0.1,0.2,0.3,12.3,45.6,78.9,101.325,25.0,0.0,0.0,98.1,1,46.5,6.6,1200.0,1.5,3.5,12,9.81,98.1,1198.4,0.0,1200.0,True,True,True,True,True,True,True,True,True,True,True,True,True,True,True,True,False,False,False,False,False,False,False,False
267743642,STATE_PREFLIGHT,12.4,5.0,10.0,45.0,0.0,0.0,9.81,0.1,0.2,0.3,12.3,45.6,78.9,101.325,25.0,0.0,0.0,98.1,1,46.5,6.6,1200.0,1.5,3.5,12,9.81,98.1,1198.4,0.0,1200.0,True,True,True,True,True,True,True,True,True,True,True,True,True,True,True,True,False,False,False,False,False,False,False,False
267744153,STATE_PREFLIGHT,12.4,5.0,10.0,45.0,0.0,0.0,9.81,0.1,0.2,0.3,12.3,45.6,78.9,101.325,25.0,0.0,0.0,98.1,1,46.5,6.6,1200.0,1.5,3.5,12,9.81,98.1,1198.4,0.0,1200.0,True,True,True,True,True,True,True,True,True,True,True,True,True,True,True,True,False,False,False,False,False,False,False,False
267744663,STATE_PREFLIGHT,12.4,5.0,10.0,45.0,0.0,0.0,9.81,0.1,0.2,0.3,12.3,45.6,78.9,101.325,25.0,0.0,0.0,98.1,1,46.5,6.6,1200.0,1.5,3.5,12,9.81,98.1,1198.4,0.0,1200.0,True,True,True,True,True,True,True,True,True,True,True,True,True,True,True,True,False,False,False,False,False,False,False,False
267745170,STATE_PREFLIGHT,12.4,5.0,10.0,45.0,0.0,0.0,9.81,0.1,0.2,0.3,12.3,45.6,78.9,101.325,25.0,0.0,0.0,98.1,1,46.5,6.6,1200.0,1.5,3.5,12,9.81,98.1,1198.4,0.0,1200.0,True,True,True,True,True,True,True,True,True,True,True,True,True,True,True,True,False,False,False,False,False,False,False,False
267745679,STATE_PREFLIGHT,12.4,5.0,10.0,45.0,0.0,0.0,9.81,0.1,0.2,0.3,12.3,45.6,78.9,101.325,25.0,0.0,0.0,98.1,1,46.5,6.6,1200.0,1.5,3.5,12,9.81,98.1,1198.4,0.0,1200.0,True,True,True,True,True,True,True,True,True,True,True,True,True,True,True,True,False,False,False,False,False,False,False,False
267746190,STATE_PREFLIGHT,12.4,5.0,10.0,45.0,0.0,0.0,9.81,0.1,0.2,0.3,12.3,45.6,78.9,101.325,25.0,0.0,0.0,98.1,1,46.5,6.6,1200.0,1.5,3.5,12,9.81,98.1,1198.4,0.0,1200.0,True,True,True,True,True,True,True,True,True,True,True,True,True,True,True,True,False,False,False,False,False,False,False,False
267746698,STATE_PREFLIGHT,12.4,5.0,10.0,45.0,0.0,0.0,9.81,0.1,0.2,0.3,12.3,45.6,78.9,101.325,25.0,0.0,0.0,98.1,1,46.5,6.6,1200.0,1.5,3.5,12,9.81,98.1,1198.4,0.0,1200.0,True,True,True,True,True,True,True,True,True,True,True,True,True,True,True,True,False,False,False,False,False,False,False,False
267747204,STATE_PREFLIGHT,12.4,5.0,10.0,45.0,0.0,0.0,9.81,0.1,0.2,0.3,12.3,45.6,78.9,101.325,25.0,0.0,0.0,98.1,1,46.5,6.6,1200.0,1.5,3.5,12,9.81,98.1,1198.4,0.0,1200.0,True,True,True,True,True,True,True,True,True,True,True,True,True,True,True,True,False,False,False,False,False,False,False,False
267747711,STATE_PREFLIGHT,12.4,5.0,10.0,45.0,0.0,0.0,9.81,0.1,0.2,0.3,12.3,45.6,78.9,101.325,25.0,0.0,0.0,98.1,1,46.5,6.6,1200.0,1.5,3.5,12,9.81,98.1,1198.4,0.0,1200.0,True,True,True,True,True,True,True,True,True,True,True,True,True,True,True,True,False,False,False,False,False,False,False,False
267748220,STATE_PREFLIGHT,12.4,5.0,10.0,45.0,0.0,0.0,9.81,0.1,0.2,0.3,12.3,45.6,78.9,101.325,25.0,0.0,0.0,98.1,1,46.5,6.6,1200.0,1.5,3.5,12,9.81,98.1,1198.4,0.0,1200.0,True,True,True,True,True,True,True,True,True,True,True,True,True,True,True,True,False,False,False,False,False,False,False,False
267748731,STATE_PREFLIGHT,12.4,5.0,10.0,45.0,0.0,0.0,9.81,0.1,0.2,0.3,12.3,45.6,78.9,101.325,25.0,0.0,0.0,98.1,1,46.5,6.6,1200.0,1.5,3.5,12,9.81,98.1,1198.4,0.0,1200.0,True,True,True,True,True,True,True,True,True,True,True,True,True,True,True,True,False,False,False,False,False,False,False,False
267749236,STATE_PREFLIGHT,12.4,5.0,10.0,45.0,0.0,0.0,9.81,0.1,0.2,0.3,12.3,45.6,78.9,101.325,25.0,0.0,0.0,98.1,1,46.5,6.6,1200.0,1.5,3.5,12,9.81,98.1,1198.4,0.0,1200.0,True,True,True,True,True,True,True,True,True,True,True,True,True,True,True,True,False,False,False,False,False,False,False,False
267749744,STATE_PREFLIGHT,12.4,5.0,10.0,45.0,0.0,0.0,9.81,0.1,0.2,0.3,12.3,45.6,78.9,101.325,25.0,0.0,0.0,98.1,1,46.5,6.6,1200.0,1.5,3.5,12,9.81,98.1,1198.4,0.0,1200.0,True,True,True,True,True,True,True,True,True,True,True,True,True,True,True,True,False,False,False,False,False,False,False,False
267750251,STATE_PREFLIGHT,12.4,5.0,10.0,45.0,0.0,0.0,9.81,0.1,0.2,0.3,12.3,45.6,78.9,101.325,25.0,0.0,0.0,98.1,1,46.5,6.6,1200.0,1.5,3.5,12,9.81,98.1,1198.4,0.0,1200.0,True,True,True,True,True,True,True,True,True,True,True,True,True,True,True,True,False,False,False,False,False,False,False,False
267750762,STATE_PREFLIGHT,12.4,5.0,10.0,45.0,0.0,0.0,9.81,0.1,0.2,0.3,12.3,45.6,78.9,101.325,25.0,0.0,0.0,98.1,1,46.5,6.6,1200.0,1.5,3.5,12,9.81,98.1,1198.4,0.0,1200.0,True,True,True,True,True,True,True,True,True,True,True,True,True,True,True,True,False,False,False,False,False,False,False,False
267751269,STATE_PREFLIGHT,12.4,5.0,10.0,45.0,0.0,0.0,9.81,0.1,0.2,0.3,12.3,45.6,78.9,101.325,25.0,0.0,0.0,98.1,1,46.5,6.6,1200.0,1.5,3.5,12,9.81,98.1,1198.4,0.0,1200.0,True,True,True,True,True,True,True,True,True,True,True,True,True,True,True,True,False,False,False,False,False,False,False,False
267751780,STATE_PREFLIGHT,12.4,5.0,10.0,45.0,0.0,0.0,9.81,0.1,0.2,0.3,12.3,45.6,78.9,101.325,25.0,0.0,0.0,98.1,1,46.5,6.6,1200.0,1.5,3.5,12,9.81,98.1,1198.4,0.0,1200.0,True,True,True,True,True,True,True,True,True,True,True,True,True,True,True,True,False,False,False,False,False,False,False,False
267752291,STATE_PREFLIGHT,12.4,5.0,10.0,45.0,0.0,0.0,9.81,0.1,0.2,0.3,12.3,45.6,78.9,101.325,25.0,0.0,0.0,98.1,1,46.5,6.6,1200.0,1.5,3.5,12,9.81,98.1,1198.4,0.0,1200.0,True,True,True,True,True,True,True,True,True,True,True,True,True,True,True,True,False,False,False,False,False,False,False,False
267752799,STATE_PREFLIGHT,12.4,5.0,10.0,45.0,0.0,0.0,9.81,0.1,0.2,0.3,12.3,45.6,78.9,101.325,25.0,0.0,0.0,98.1,1,46.5,6.6,1200.0,1.5,3.5,12,9.81,98.1,1198.4,0.0,1200.0,True,True,True,True,True,True,True,True,True,True,True,True,True,True,True,True,False,False,False,False,False,False,False,False
267753306,STATE_PREFLIGHT,12.4,5.0,10.0,45.0,0.0,0.0,9.81,0.1,0.2,0.3,12.3,45.6,78.9,101.325,25.0,0.0,0.0,98.1,1,46.5,6.6,1200.0,1.5,3.5,12,9.81,98.1,1198.4,0.0,1200.0,True,True,True,True,True,True,True,True,True,True,True,True,True,True,True,True,False,False,False,False,False,False,False,False
267753812,STATE_PREFLIGHT,12.4,5.0,10.0,45.0,0.0,0.0,9.81,0.1,0.2,0.3,12.3,45.6,78.9,101.325,25.0,0.0,0.0,98.1,1,46.5,6.6,1200.0,1.5,3.5,12,9.81,98.1,1198.4,0.0,1200.0,True,True,True,True,True,True,True,True,True,True,True,True,True,True,True,True,False,False,False,False,False,False,False,False
267754320,STATE_PREFLIGHT,12.4,5.0,10.0,45.0,0.0,0.0,9.81,0.1,0.2,0.3,12.3,45.6,78.9,101.325,25.0,0.0,0.0,98.1,1,46.5,6.6,1200.0,1.5,3.5,12,9.81,98.1,1198.4,0.0,1200.0,True,True,True,True,True,True,True,True,True,True,True,True,True,True,True,True,False,False,False,False,False,False,False,False
267754832,STATE_PREFLIGHT,12.4,5.0,10.0,45.0,0.0,0.0,9.81,0.1,0.2,0.3,12.3,45.6,78.9,101.325,25.0,0.0,0.0,98.1,1,46.5,6.6,1200.0,1.5,3.5,12,9.81,98.1,1198.4,0.0,1200.0,True,True,True,True,True,True,True,True,True,True,True,True,True,True,True,True,False,False,False,False,False,False,False,False
267755342,STATE_PREFLIGHT,12.4,5.0,10.0,45.0,0.0,0.0,9.81,0.1,0.2,0.3,12.3,45.6,78.9,101.325,25.0,0.0,0.0,98.1,1,46.5,6.6,1200.0,1.5,3.5,12,9.81,98.1,1198.4,0.0,1200.0,True,True,True,True,True,True,True,True,True,True,True,True,True,True,True,True,False,False,False,False,False,False,False,False
267755850,STATE_PREFLIGHT,12.4,5.0,10.0,45.0,0.0,0.0,9.81,0.1,0.2,0.3,12.3,45.6,78.9,101.325,25.0,0.0,0.0,98.1,1,46.5,6.6,1200.0,1.5,3.5,12,9.81,98.1,1198.4,0.0,1200.0,True,True,True,True,True,True,True,True,True,True,True,True,True,True,True,True,False,False,False,False,False,False,False,False
267756356,STATE_PREFLIGHT,12.4,5.0,10.0,45.0,0.0,0.0,9.81,0.1,0.2,0.3,12.3,45.6,78.9,101.325,25.0,0.0,0.0,98.1,1,46.5,6.6,1200.0,1.5,3.5,12,9.81,98.1,1198.4,0.0,1200.0,True,True,True,True,True,True,True,True,True,True,True,True,True,True,True,True,False,False,False,False,False,False,False,False
267756863,STATE_PREFLIGHT,12.4,5.0,10.0,45.0,0.0,0.0,9.81,0.1,0.2,0.3,12.3,45.6,78.9,101.325,25.0,0.0,0.0,98.1,1,46.5,6.6,1200.0,1.5,3.5,12,9.81,98.1,1198.4,0.0,1200.0,True,True,True,True,True,True,True,True,True,True,True,True,True,True,True,True,False,False,False,False,False,False,False,False
267757370,STATE_PREFLIGHT,12.4,5.0,10.0,45.0,0.0,0.0,9.81,0.1,0.2,0.3,12.3,45.6,78.9,101.325,25.0,0.0,0.0,98.1,1,46.5,6.6,1200.0,1.5,3.5,12,9.81,98.1,1198.4,0.0,1200.0,True,True,True,True,True,True,True,True,True,True,True,True,True,True,True,True,False,False,False,False,False,False,False,False
267757876,STATE_PREFLIGHT,12.4,5.0,10.0,45.0,0.0,0.0,9.81,0.1,0.2,0.3,12.3,45.6,78.9,101.325,25.0,0.0,0.0,98.1,1,46.5,6.6,1200.0,1.5,3.5,12,9.81,98.1,1198.4,0.0,1200.0,True,True,True,True,True,True,True,True,True,True,True,True,True,True,True,True,False,False,False,False,False,False,False,False
267758383,STATE_PREFLIGHT,12.4,5.0,10.0,45.0,0.0,0.0,9.81,0.1,0.2,0.3,12.3,45.6,78.9,101.325,25.0,0.0,0.0,98.1,1,46.5,6.6,1200.0,1.5,3.5,12,9.81,98.1,1198.4,0.0,1200.0,True,True,True,True,True,True,True,True,True,True,True,True,True,True,True,True,False,False,False,False,False,False,False,False
267758890,STATE_PREFLIGHT,12.4,5.0,10.0,45.0,0.0,0.0,9.81,0.1,0.2,0.3,12.3,45.6,78.9,101.325,25.0,0.0,0.0,98.1,1,46.5,6.6,1200.0,1.5,3.5,12,9.81,98.1,1198.4,0.0,1200.0,True,True,True,True,True,True,True,True,True,True,True,True,True,True,True,True,False,False,False,False,False,False,False,False
267759396,STATE_PREFLIGHT,12.4,5.0,10.0,45.0,0.0,0.0,9.81,0.1,0.2,0.3,12.3,45.6,78.9,101.325,25.0,0.0,0.0,98.1,1,46.5,6.6,1200.0,1.5,3.5,12,9.81,98.1,1198.4,0.0,1200.0,True,True,True,True,True,True,True,True,True,True,True,True,True,True,True,True,False,False,False,False,False,False,False,False
267759903,STATE_PREFLIGHT,12.4,5.0,10.0,45.0,0.0,0.0,9.81,0.1,0.2,0.3,12.3,45.6,78.9,101.325,25.0,0.0,0.0,98.1,1,46.5,6.6,1200.0,1.5,3.5,12,9.81,98.1,1198.4,0.0,1200.0,True,True,True,True,True,True,True,True,True,True,True,True,True,True,True,True,False,False,False,False,False,False,False,False
267760411,STATE_PREFLIGHT,12.4,5.0,10.0,45.0,0.0,0.0,9.81,0.1,0.2,0.3,12.3,45.6,78.9,101.325,25.0,0.0,0.0,98.1,1,46.5,6.6,1200.0,1.5,3.5,12,9.81,98.1,1198.4,0.0,1200.0,True,True,True,True,True,True,True,True,True,True,True,True,True,True,True,True,False,False,False,False,False,False,False,False
267760922,STATE_PREFLIGHT,12.4,5.0,10.0,45.0,0.0,0.0,9.81,0.1,0.2,0.3,12.3,45.6,78.9,101.325,25.0,0.0,0.0,98.1,1,46.5,6.6,1200.0,1.5,3.5,12,9.81,98.1,1198.4,0.0,1200.0,True,True,True,True,True,True,True,True,True,True,True,True,True,True,True,True,False,False,False,False,False,False,False,False
267761428,STATE_PREFLIGHT,12.4,5.0,10.0,45.0,0.0,0.0,9.81,0.1,0.2,0.3,12.3,45.6,78.9,101.325,25.0,0.0,0.0,98.1,1,46.5,6.6,1200.0,1.5,3.5,12,9.81,98.1,1198.4,0.0,1200.0,True,True,True,True,True,True,True,True,True,True,True,True,True,True,True,True,False,False,False,False,False,False,False,False
267761935,STATE_PREFLIGHT,12.4,5.0,10.0,45.0,0.0,0.0,9.81,0.1,0.2,0.3,12.3,45.6,78.9,101.325,25.0,0.0,0.0,98.1,1,46.5,6.6,1200.0,1.5,3.5,12,9.81,98.1,1198.4,0.0,1200.0,True,True,True,True,True,True,True,True,True,True,True,True,True,True,True,True,False,False,False,False,False,False,False,False
267762444,STATE_PREFLIGHT,12.4,5.0,10.0,45.0,0.0,0.0,9.81,0.1,0.2,0.3,12.3,45.6,78.9,101.325,25.0,0.0,0.0,98.1,1,46.5,6.6,1200.0,1.5,3.5,12,9.81,98.1,1198.4,0.0,1200.0,True,True,True,True,True,True,True,True,True,True,True,True,True,True,True,True,False,False,False,False,False,False,False,False
267762954,STATE_PREFLIGHT,12.4,5.0,10.0,45.0,0.0,0.0,9.81,0.1,0.2,0.3,12.3,45.6,78.9,101.325,25.0,0.0,0.0,98.1,1,46.5,6.6,1200.0,1.5,3.5,12,9.81,98.1,1198.4,0.0,1200.0,True,True,True,True,True,True,True,True,True,True,True,True,True,True,True,True,False,False,False,False,False,False,False,False
267763464,STATE_PREFLIGHT,12.4,5.0,10.0,45.0,0.0,0.0,9.81,0.1,0.2,0.3,12.3,45.6,78.9,101.325,25.0,0.0,0.0,98.1,1,46.5,6.6,1200.0,1.5,3.5,12,9.81,98.1,1198.4,0.0,1200.0,True,True,True,True,True,True,True,True,True,True,True,True,True,True,True,True,False,False,False,False,False,False,False,False
267763972,STATE_PREFLIGHT,12.4,5.0,10.0,45.0,0.0,0.0,9.81,0.1,0.2,0.3,12.3,45.6,78.9,101.325,25.0,0.0,0.0,98.1,1,46.5,6.6,1200.0,1.5,3.5,12,9.81,98.1,1198.4,0.0,1200.0,True,True,True,True,True,True,True,True,True,True,True,True,True,True,True,True,False,False,False,False,False,False,False,False
267764483,STATE_PREFLIGHT,12.4,5.0,10.0,45.0,0.0,0.0,9.81,0.1,0.2,0.3,12.3,45.6,78.9,101.325,25.0,0.0,0.0,98.1,1,46.5,6.6,1200.0,1.5,3.5,12,9.81,98.1,1198.4,0.0,1200.0,True,True,True,True,True,True,True,True,True,True,True,True,True,True,True,True,False,False,False,False,False,False,False,False
267764991,STATE_PREFLIGHT,12.4,5.0,10.0,45.0,0.0,0.0,9.81,0.1,0.2,0.3,12.3,45.6,78.9,101.325,25.0,0.0,0.0,98.1,1,46.5,6.6,1200.0,1.5,3.5,12,9.81,98.1,1198.4,0.0,1200.0,True,True,True,True,True,True,True,True,True,True,True,True,True,True,True,True,False,False,False,False,False,False,False,False
267765502,STATE_PREFLIGHT,12.4,5.0,10.0,45.0,0.0,0.0,9.81,0.1,0.2,0.3,12.3,45.6,78.9,101.325,25.0,0.0,0.0,98.1,1,46.5,6.6,1200.0,1.5,3.5,12,9.81,98.1,1198.4,0.0,1200.0,True,True,True,True,True,True,True,True,True,True,True,True,True,True,True,True,False,False,False,False,False,False,False,False
267766014,STATE_PREFLIGHT,12.4,5.0,10.0,45.0,0.0,0.0,9.81,0.1,0.2,0.3,12.3,45.6,78.9,101.325,25.0,0.0,0.0,98.1,1,46.5,6.6,1200.0,1.5,3.5,12,9.81,98.1,1198.4,0.0,1200.0,True,True,True,True,True,True,True,True,True,True,True,True,True,True,True,True,False,False,False,False,False,False,False,False
267766525,STATE_PREFLIGHT,12.4,5.0,10.0,45.0,0.0,0.0,9.81,0.1,0.2,0.3,12.3,45.6,78.9,101.325,25.0,0.0,0.0,98.1,1,46.5,6.6,1200.0,1.5,3.5,12,9.81,98.1,1198.4,0.0,1200.0,True,True,True,True,True,True,True,True,True,True,True,True,True,True,True,True,False,False,False,False,False,False,False,False
267767036,STATE_PREFLIGHT,12.4,5.0,10.0,45.0,0.0,0.0,9.81,0.1,0.2,0.3,12.3,45.6,78.9,101.325,25.0,0.0,0.0,98.1,1,46.5,6.6,1200.0,1.5,3.5,12,9.81,98.1,1198.4,0.0,1200.0,True,True,True,True,True,True,True,True,True,True,True,True,True,True,True,True,False,False,False,False,False,False,False,False
267767547,STATE_PREFLIGHT,12.4,5.0,10.0,45.0,0.0,0.0,9.81,0.1,0.2,0.3,12.3,45.6,78.9,101.325,25.0,0.0,0.0,98.1,1,46.5,6.6,1200.0,1.5,3.5,12,9.81,98.1,1198.4,0.0,1200.0,True,True,True,True,True,True,True,True,True,True,True,True,True,True,True,True,False,False,False,False,False,False,False,False
267768057,STATE_PREFLIGHT,12.4,5.0,10.0,45.0,0.0,0.0,9.81,0.1,0.2,0.3,12.3,45.6,78.9,101.325,25.0,0.0,0.0,98.1,1,46.5,6.6,1200.0,1.5,3.5,12,9.81,98.1,1198.4,0.0,1200.0,True,True,True,True,True,True,True,True,True,True,True,True,True,True,True,True,False,False,False,False,False,False,False,False
267768564,STATE_PREFLIGHT,12.4,5.0,10.0,45.0,0.0,0.0,9.81,0.1,0.2,0.3,12.3,45.6,78.9,101.325,25.0,0.0,0.0,98.1,1,46.5,6.6,1200.0,1.5,3.5,12,9.81,98.1,1198.4,0.0,1200.0,True,True,True,True,True,True,True,True,True,True,True,True,True,True,True,True,False,False,False,False,False,False,False,False
267769072,STATE_PREFLIGHT,12.4,5.0,10.0,45.0,0.0,0.0,9.81,0.1,0.2,0.3,12.3,45.6,78.9,101.325,25.0,0.0,0.0,98.1,1,46.5,6.6,1200.0,1.5,3.5,12,9.81,98.1,1198.4,0.0,1200.0,True,True,True,True,True,True,True,True,True,True,True,True,True,True,True,True,False,False,False,False,False,False,False,False
267769583,STATE_PREFLIGHT,12.4,5.0,10.0,45.0,0.0,0.0,9.81,0.1,0.2,0.3,12.3,45.6,78.9,101.325,25.0,0.0,0.0,98.1,1,46.5,6.6,1200.0,1.5,3.5,12,9.81,98.1,1198.4,0.0,1200.0,True,True,True,True,True,True,True,True,True,True,True,True,True,True,True,True,False,False,False,False,False,False,False,False
267770087,STATE_PREFLIGHT,12.4,5.0,10.0,45.0,0.0,0.0,9.81,0.1,0.2,0.3,12.3,45.6,78.9,101.325,25.0,0.0,0.0,98.1,1,46.5,6.6,1200.0,1.5,3.5,12,9.81,98.1,1198.4,0.0,1200.0,True,True,True,True,True,True,True,True,True,True,True,True,True,True,True,True,False,False,False,False,False,False,False,False
267770594,STATE_PREFLIGHT,12.4,5.0,10.0,45.0,0.0,0.0,9.81,0.1,0.2,0.3,12.3,45.6,78.9,101.325,25.0,0.0,0.0,98.1,1,46.5,6.6,1200.0,1.5,3.5,12,9.81,98.1,1198.4,0.0,1200.0,True,True,True,True,True,True,True,True,True,True,True,True,True,True,True,True,False,False,False,False,False,False,False,False
267771101,STATE_PREFLIGHT,12.4,5.0,10.0,45.0,0.0,0.0,9.81,0.1,0.2,0.3,12.3,45.6,78.9,101.325,25.0,0.0,0.0,98.1,1,46.5,6.6,1200.0,1.5,3.5,12,9.81,98.1,1198.4,0.0,1200.0,True,True,True,True,True,True,True,True,True,True,True,True,True,True,True,True,False,False,False,False,False,False,False,False
267771606,STATE_PREFLIGHT,12.4,5.0,10.0,45.0,0.0,0.0,9.81,0.1,0.2,0.3,12.3,45.6,78.9,101.325,25.0,0.0,0.0,98.1,1,46.5,6.6,1200.0,1.5,3.5,12,9.81,98.1,1198.4,0.0,1200.0,True,True,True,True,True,True,True,True,True,True,True,True,True,True,True,True,False,False,False,False,False,False,False,False
267772117,STATE_PREFLIGHT,12.4,5.0,10.0,45.0,0.0,0.0,9.81,0.1,0.2,0.3,12.3,45.6,78.9,101.325,25.0,0.0,0.0,98.1,1,46.5,6.6,1200.0,1.5,3.5,12,9.81,98.1,1198.4,0.0,1200.0,True,True,True,True,True,True,True,True,True,True,True,True,True,True,True,True,False,False,False,False,False,False,False,False
267772628,STATE_PREFLIGHT,12.4,5.0,10.0,45.0,0.0,0.0,9.81,0.1,0.2,0.3,12.3,45.6,78.9,101.325,25.0,0.0,0.0,98.1,1,46.5,6.6,1200.0,1.5,3.5,12,9.81,98.1,1198.4,0.0,1200.0,True,True,True,True,True,True,True,True,True,True,True,True,True,True,True,True,False,False,False,False,False,False,False,False
267773133,STATE_PREFLIGHT,12.4,5.0,10.0,45.0,0.0,0.0,9.81,0.1,0.2,0.3,12.3,45.6,78.9,101.325,25.0,0.0,0.0,98.1,1,46.5,6.6,1200.0,1.5,3.5,12,9.81,98.1,1198.4,0.0,1200.0,True,True,True,True,True,True,True,True,True,True,True,True,True,True,True,True,False,False,False,False,False,False,False,False
267773642,STATE_PREFLIGHT,12.4,5.0,10.0,45.0,0.0,0.0,9.81,0.1,0.2,0.3,12.3,45.6,78.9,101.325,25.0,0.0,0.0,98.1,1,46.5,6.6,1200.0,1.5,3.5,12,9.81,98.1,1198.4,0.0,1200.0,True,True,True,True,True,True,True,True,True,True,True,True,True,True,True,True,False,False,False,False,False,False,False,False
267774150,STATE_PREFLIGHT,12.4,5.0,10.0,45.0,0.0,0.0,9.81,0.1,0.2,0.3,12.3,45.6,78.9,101.325,25.0,0.0,0.0,98.1,1,46.5,6.6,1200.0,1.5,3.5,12,9.81,98.1,1198.4,0.0,1200.0,True,True,True,True,True,True,True,True,True,True,True,True,True,True,True,True,False,False,False,False,False,False,False,False
267774660,STATE_PREFLIGHT,12.4,5.0,10.0,45.0,0.0,0.0,9.81,0.1,0.2,0.3,12.3,45.6,78.9,101.325,25.0,0.0,0.0,98.1,1,46.5,6.6,1200.0,1.5,3.5,12,9.81,98.1,1198.4,0.0,1200.0,True,True,True,True,True,True,True,True,True,True,True,True,True,True,True,True,False,False,False,False,False,False,False,False
267775168,STATE_PREFLIGHT,12.4,5.0,10.0,45.0,0.0,0.0,9.81,0.1,0.2,0.3,12.3,45.6,78.9,101.325,25.0,0.0,0.0,98.1,1,46.5,6.6,1200.0,1.5,3.5,12,9.81,98.1,1198.4,0.0,1200.0,True,True,True,True,True,True,True,True,True,True,True,True,True,True,True,True,False,False,False,False,False,False,False,False
267775679,STATE_PREFLIGHT,12.4,5.0,10.0,45.0,0.0,0.0,9.81,0.1,0.2,0.3,12.3,45.6,78.9,101.325,25.0,0.0,0.0,98.1,1,46.5,6.6,1200.0,1.5,3.5,12,9.81,98.1,1198.4,0.0,1200.0,True,True,True,True,True,True,True,True,True,True,True,True,True,True,True,True,False,False,False,False,False,False,False,False
267776190,STATE_PREFLIGHT,12.4,5.0,10.0,45.0,0.0,0.0,9.81,0.1,0.2,0.3,12.3,45.6,78.9,101.325,25.0,0.0,0.0,98.1,1,46.5,6.6,1200.0,1.5,3.5,12,9.81,98.1,1198.4,0.0,1200.0,True,True,True,True,True,True,True,True,True,True,True,True,True,True,True,True,False,False,False,False,False,False,False,False
267776702,STATE_PREFLIGHT,12.4,5.0,10.0,45.0,0.0,0.0,9.81,0.1,0.2,0.3,12.3,45.6,78.9,101.325,25.0,0.0,0.0,98.1,1,46.5,6.6,1200.0,1.5,3.5,12,9.81,98.1,1198.4,0.0,1200.0,True,True,True,True,True,True,True,True,True,True,True,True,True,True,True,True,False,False,False,False,False,False,False,False
267777210,STATE_PREFLIGHT,12.4,5.0,10.0,45.0,0.0,0.0,9.81,0.1,0.2,0.3,12.3,45.6,78.9,101.325,25.0,0.0,0.0,98.1,1,46.5,6.6,1200.0,1.5,3.5,12,9.81,98.1,1198.4,0.0,1200.0,True,True,True,True,True,True,True,True,True,True,True,True,True,True,True,True,False,False,False,False,False,False,False,False
267777718,STATE_PREFLIGHT,12.4,5.0,10.0,45.0,0.0,0.0,9.81,0.1,0.2,0.3,12.3,45.6,78.9,101.325,25.0,0.0,0.0,98.1,1,46.5,6.6,1200.0,1.5,3.5,12,9.81,98.1,1198.4,0.0,1200.0,True,True,True,True,True,True,True,True,True,True,True,True,True,True,True,True,False,False,False,False,False,False,False,False
267778229,STATE_PREFLIGHT,12.4,5.0,10.0,45.0,0.0,0.0,9.81,0.1,0.2,0.3,12.3,45.6,78.9,101.325,25.0,0.0,0.0,98.1,1,46.5,6.6,1200.0,1.5,3.5,12,9.81,98.1,1198.4,0.0,1200.0,True,True,True,True,True,True,True,True,True,True,True,True,True,True,True,True,False,False,False,False,False,False,False,False
267778739,STATE_PREFLIGHT,12.4,5.0,10.0,45.0,0.0,0.0,9.81,0.1,0.2,0.3,12.3,45.6,78.9,101.325,25.0,0.0,0.0,98.1,1,46.5,6.6,1200.0,1.5,3.5,12,9.81,98.1,1198.4,0.0,1200.0,True,True,True,True,True,True,True,True,True,True,True,True,True,True,True,True,False,False,False,False,False,False,False,False
267779248,STATE_PREFLIGHT,12.4,5.0,10.0,45.0,0.0,0.0,9.81,0.1,0.2,0.3,12.3,45.6,78.9,101.325,25.0,0.0,0.0,98.1,1,46.5,6.6,1200.0,1.5,3.5,12,9.81,98.1,1198.4,0.0,1200.0,True,True,True,True,True,True,True,True,True,True,True,True,True,True,True,True,False,False,False,False,False,False,False,False
267779754,STATE_PREFLIGHT,12.4,5.0,10.0,45.0,0.0,0.0,9.81,0.1,0.2,0.3,12.3,45.6,78.9,101.325,25.0,0.0,0.0,98.1,1,46.5,6.6,1200.0,1.5,3.5,12,9.81,98.1,1198.4,0.0,1200.0,True,True,True,True,True,True,True,True,True,True,True,True,True,True,True,True,False,False,False,False,False,False,False,False
267780263,STATE_PREFLIGHT,12.4,5.0,10.0,45.0,0.0,0.0,9.81,0.1,0.2,0.3,12.3,45.6,78.9,101.325,25.0,0.0,0.0,98.1,1,46.5,6.6,1200.0,1.5,3.5,12,9.81,98.1,1198.4,0.0,1200.0,True,True,True,True,True,True,True,True,True,True,True,True,True,True,True,True,False,False,False,False,False,False,False,False
267780773,STATE_PREFLIGHT,12.4,5.0,10.0,45.0,0.0,0.0,9.81,0.1,0.2,0.3,12.3,45.6,78.9,101.325,25.0,0.0,0.0,98.1,1,46.5,6.6,1200.0,1.5,3.5,12,9.81,98.1,1198.4,0.0,1200.0,True,True,True,True,True,True,True,True,True,True,True,True,True,True,True,True,False,False,False,False,False,False,False,False
267781276,STATE_PREFLIGHT,12.4,5.0,10.0,45.0,0.0,0.0,9.81,0.1,0.2,0.3,12.3,45.6,78.9,101.325,25.0,0.0,0.0,98.1,1,46.5,6.6,1200.0,1.5,3.5,12,9.81,98.1,1198.4,0.0,1200.0,True,True,True,True,True,True,True,True,True,True,True,True,True,True,True,True,False,False,False,False,False,False,False,False
267781787,STATE_PREFLIGHT,12.4,5.0,10.0,45.0,0.0,0.0,9.81,0.1,0.2,0.3,12.3,45.6,78.9,101.325,25.0,0.0,0.0,98.1,1,46.5,6.6,1200.0,1.5,3.5,12,9.81,98.1,1198.4,0.0,1200.0,True,True,True,True,True,True,True,True,True,True,True,True,True,True,True,True,False,False,False,False,False,False,False,False
267782298,STATE_PREFLIGHT,12.4,5.0,10.0,45.0,0.0,0.0,9.81,0.1,0.2,0.3,12.3,45.6,78.9,101.325,25.0,0.0,0.0,98.1,1,46.5,6.6,1200.0,1.5,3.5,12,9.81,98.1,1198.4,0.0,1200.0,True,True,True,True,True,True,True,True,True,True,True,True,True,True,True,True,False,False,False,False,False,False,False,False
267782809,STATE_PREFLIGHT,12.4,5.0,10.0,45.0,0.0,0.0,9.81,0.1,0.2,0.3,12.3,45.6,78.9,101.325,25.0,0.0,0.0,98.1,1,46.5,6.6,1200.0,1.5,3.5,12,9.81,98.1,1198.4,0.0,1200.0,True,True,True,True,True,True,True,True,True,True,True,True,True,True,True,True,False,False,False,False,False,False,False,False
267783321,STATE_PREFLIGHT,12.4,5.0,10.0,45.0,0.0,0.0,9.81,0.1,0.2,0.3,12.3,45.6,78.9,101.325,25.0,0.0,0.0,98.1,1,46.5,6.6,1200.0,1.5,3.5,12,9.81,98.1,1198.4,0.0,1200.0,True,True,True,True,True,True,True,True,True,True,True,True,True,True,True,True,False,False,False,False,False,False,False,False
267783828,STATE_PREFLIGHT,12.4,5.0,10.0,45.0,0.0,0.0,9.81,0.1,0.2,0.3,12.3,45.6,78.9,101.325,25.0,0.0,0.0,98.1,1,46.5,6.6,1200.0,1.5,3.5,12,9.81,98.1,1198.4,0.0,1200.0,True,True,True,True,True,True,True,True,True,True,True,True,True,True,True,True,False,False,False,False,False,False,False,False
267784335,STATE_PREFLIGHT,12.4,5.0,10.0,45.0,0.0,0.0,9.81,0.1,0.2,0.3,12.3,45.6,78.9,101.325,25.0,0.0,0.0,98.1,1,46.5,6.6,1200.0,1.5,3.5,12,9.81,98.1,1198.4,0.0,1200.0,True,True,True,True,True,True,True,True,True,True,True,True,True,True,True,True,False,False,False,False,False,False,False,False
267784843,STATE_PREFLIGHT,12.4,5.0,10.0,45.0,0.0,0.0,9.81,0.1,0.2,0.3,12.3,45.6,78.9,101.325,25.0,0.0,0.0,98.1,1,46.5,6.6,1200.0,1.5,3.5,12,9.81,98.1,1198.4,0.0,1200.0,True,True,True,True,True,True,True,True,True,True,True,True,True,True,True,True,False,False,False,False,False,False,False,False
267785353,STATE_PREFLIGHT,12.4,5.0,10.0,45.0,0.0,0.0,9.81,0.1,0.2,0.3,12.3,45.6,78.9,101.325,25.0,0.0,0.0,98.1,1,46.5,6.6,1200.0,1.5,3.5,12,9.81,98.1,1198.4,0.0,1200.0,True,True,True,True,True,True,True,True,True,True,True,True,True,True,True,True,False,False,False,False,False,False,False,False
267785862,STATE_PREFLIGHT,12.4,5.0,10.0,45.0,0.0,0.0,9.81,0.1,0.2,0.3,12.3,45.6,78.9,101.325,25.0,0.0,0.0,98.1,1,46.5,6.6,1200.0,1.5,3.5,12,9.81,98.1,1198.4,0.0,1200.0,True,True,True,True,True,True,True,True,True,True,True,True,True,True,True,True,False,False,False,False,False,False,False,False
267786373,STATE_PREFLIGHT,12.4,5.0,10.0,45.0,0.0,0.0,9.81,0.1,0.2,0.3,12.3,45.6,78.9,101.325,25.0,0.0,0.0,98.1,1,46.5,6.6,1200.0,1.5,3.5,12,9.81,98.1,1198.4,0.0,1200.0,True,True,True,True,True,True,True,True,True,True,True,True,True,True,True,True,False,False,False,False,False,False,False,False
267786883,STATE_PREFLIGHT,12.4,5.0,10.0,45.0,0.0,0.0,9.81,0.1,0.2,0.3,12.3,45.6,78.9,101.325,25.0,0.0,0.0,98.1,1,46.5,6.6,1200.0,1.5,3.5,12,9.81,98.1,1198.4,0.0,1200.0,True,True,True,True,True,True,True,True,True,True,True,True,True,True,True,True,False,False,False,False,False,False,False,False
