time_boot_ms,mission_state,battery_mv,roll,pitch,yaw,imu_acc_x,imu_acc_y,imu_acc_z,imu_gyro_x,imu_gyro_y,imu_gyro_z,imu_mag_x,imu_mag_y,imu_mag_z,pressure_pa,temp_celsius,highg_acc_x,highg_acc_y,highg_acc_z,gps_fix,lat,lon,gps_alt,vel,cog,satellites_nb,imu_acc_vertical,highg_acc_vertical,kalman_z,kalman_v,altitude_msl_cm,FLAG_IDEFIX_OK,FLAG_BT_OK,FLAG_FLASH_OK,FLAG_SD_OK,FLAG_TEMP_OK,FLAG_HIGHG_OK,FLAG_GPS_OK,FLAG_BARO_OK,FLAG_IMU_OK,FLAG_RADIO_OK,FLAG_PYROS_ARMED_OK,FLAG_PYRO1_CONN,FLAG_PYRO2_CONN,FLAG_PYRO3_CONN,FLAG_PYRO4_CONN,FLAG_PYROS_ARMED,FLAG_PYRO1_FIRED,FLAG_PYRO2_FIRED,FLAG_PYRO3_FIRED,FLAG_PYRO4_FIRED,FLAG_APOGEE_DETECTED,FLAG_MAIN_DEPLOYED,FLAG_DROGUE_DEPLOYED,FLAG_MACH_LOCK_ENABLED
4701925,STATE_ARMED,11.8,0.0,89.0,0.0,0.0,0.0,4.5,0.5,0.5,5.0,13.0,46.0,79.0,75.5,18.0,0.0,0.0,45.0,1,46.501,6.6005,8500.0,450.0,0.0,10,4.5,45.0,8498.7,-12.3,8500.0,False,False,False,False,False,False,False,False,False,False,False,True,True,True,True,False,True,False,False,False,False,False,False,False
4702427,STATE_ARMED,11.8,0.0,89.0,0.0,0.0,0.0,4.5,0.5,0.5,5.0,13.0,46.0,79.0,75.5,18.0,0.0,0.0,45.0,1,46.501,6.6005,8500.0,450.0,0.0,10,4.5,45.0,8498.7,-12.3,8500.0,False,False,False,False,False,False,False,False,False,False,False,True,True,True,True,False,True,False,False,False,False,False,False,False
4702931,STATE_ARMED,11.8,0.0,89.0,0.0,0.0,0.0,4.5,0.5,0.5,5.0,13.0,46.0,79.0,75.5,18.0,0.0,0.0,45.0,1,46.501,6.6005,8500.0,450.0,0.0,10,4.5,45.0,8498.7,-12.3,8500.0,False,False,False,False,False,False,False,False,False,False,False,True,True,True,True,False,True,False,False,False,False,False,False,False
4703436,STATE_ARMED,11.8,0.0,89.0,0.0,0.0,0.0,4.5,0.5,0.5,5.0,13.0,46.0,79.0,75.5,18.0,0.0,0.0,45.0,1,46.501,6.6005,8500.0,450.0,0.0,10,4.5,45.0,8498.7,-12.3,8500.0,False,False,False,False,False,False,False,False,False,False,False,True,True,True,True,False,True,False,False,False,False,False,False,False
4703938,STATE_ARMED,11.8,0.0,89.0,0.0,0.0,0.0,4.5,0.5,0.5,5.0,13.0,46.0,79.0,75.5,18.0,0.0,0.0,45.0,1,46.501,6.6005,8500.0,450.0,0.0,10,4.5,45.0,8498.7,-12.3,8500.0,False,False,False,False,False,False,False,False,False,False,False,True,True,True,True,False,True,False,False,False,False,False,False,False
4704440,STATE_ARMED,11.8,0.0,89.0,0.0,0.0,0.0,4.5,0.5,0.5,5.0,13.0,46.0,79.0,75.5,18.0,0.0,0.0,45.0,1,46.501,6.6005,8500.0,450.0,0.0,10,4.5,45.0,8498.7,-12.3,8500.0,False,False,False,False,False,False,False,False,False,False,False,True,True,True,True,False,True,False,False,False,False,False,False,False
4704941,STATE_ARMED,11.8,0.0,89.0,0.0,0.0,0.0,4.5,0.5,0.5,5.0,13.0,46.0,79.0,75.5,18.0,0.0,0.0,45.0,1,46.501,6.6005,8500.0,450.0,0.0,10,4.5,45.0,8498.7,-12.3,8500.0,False,False,False,False,False,False,False,False,False,False,False,True,True,True,True,False,True,False,False,False,False,False,False,False
4705443,STATE_ARMED,11.8,0.0,89.0,0.0,0.0,0.0,4.5,0.5,0.5,5.0,13.0,46.0,79.0,75.5,18.0,0.0,0.0,45.0,1,46.501,6.6005,8500.0,450.0,0.0,10,4.5,45.0,8498.7,-12.3,8500.0,False,False,False,False,False,False,False,False,False,False,False,True,True,True,True,False,True,False,False,False,False,False,False,False
4705948,STATE_ARMED,11.8,0.0,89.0,0.0,0.0,0.0,4.5,0.5,0.5,5.0,13.0,46.0,79.0,75.5,18.0,0.0,0.0,45.0,1,46.501,6.6005,8500.0,450.0,0.0,10,4.5,45.0,8498.7,-12.3,8500.0,False,False,False,False,False,False,False,False,False,False,False,True,True,True,True,False,True,False,False,False,False,False,False,False
4706450,STATE_ARMED,11.8,0.0,89.0,0.0,0.0,0.0,4.5,0.5,0.5,5.0,13.0,46.0,79.0,75.5,18.0,0.0,0.0,45.0,1,46.501,6.6005,8500.0,450.0,0.0,10,4.5,45.0,8498.7,-12.3,8500.0,False,False,False,False,False,False,False,False,False,False,False,True,True,True,True,False,True,False,False,False,False,False,False,False
4706955,STATE_ARMED,11.8,0.0,89.0,0.0,0.0,0.0,4.5,0.5,0.5,5.0,13.0,46.0,79.0,75.5,18.0,0.0,0.0,45.0,1,46.501,6.6005,8500.0,450.0,0.0,10,4.5,45.0,8498.7,-12.3,8500.0,False,False,False,False,False,False,False,False,False,False,False,True,True,True,True,False,True,False,False,False,False,False,False,False
4707457,STATE_ARMED,11.8,0.0,89.0,0.0,0.0,0.0,4.5,0.5,0.5,5.0,13.0,46.0,79.0,75.5,18.0,0.0,0.0,45.0,1,46.501,6.6005,8500.0,450.0,0.0,10,4.5,45.0,8498.7,-12.3,8500.0,False,False,False,False,False,False,False,False,False,False,False,True,True,True,True,False,True,False,False,False,False,False,False,False
4707961,STATE_ARMED,11.8,0.0,89.0,0.0,0.0,0.0,4.5,0.5,0.5,5.0,13.0,46.0,79.0,75.5,18.0,0.0,0.0,45.0,1,46.501,6.6005,8500.0,450.0,0.0,10,4.5,45.0,8498.7,-12.3,8500.0,False,False,False,False,False,False,False,False,False,False,False,True,True,True,True,False,True,False,False,False,False,False,False,False
4708463,STATE_ARMED,11.8,0.0,89.0,0.0,0.0,0.0,4.5,0.5,0.5,5.0,13.0,46.0,79.0,75.5,18.0,0.0,0.0,45.0,1,46.501,6.6005,8500.0,450.0,0.0,10,4.5,45.0,8498.7,-12.3,8500.0,False,False,False,False,False,False,False,False,False,False,False,True,True,True,True,False,True,False,False,False,False,False,False,False
4708967,STATE_ARMED,11.8,0.0,89.0,0.0,0.0,0.0,4.5,0.5,0.5,5.0,13.0,46.0,79.0,75.5,18.0,0.0,0.0,45.0,1,46.501,6.6005,8500.0,450.0,0.0,10,4.5,45.0,8498.7,-12.3,8500.0,False,False,False,False,False,False,False,False,False,False,False,True,True,True,True,False,True,False,False,False,False,False,False,False
4709472,STATE_ARMED,11.8,0.0,89.0,0.0,0.0,0.0,4.5,0.5,0.5,5.0,13.0,46.0,79.0,75.5,18.0,0.0,0.0,45.0,1,46.501,6.6005,8500.0,450.0,0.0,10,4.5,45.0,8498.7,-12.3,8500.0,False,False,False,False,False,False,False,False,False,False,False,True,True,True,True,False,True,False,False,False,False,False,False,False
4709976,STATE_ARMED,11.8,0.0,89.0,0.0,0.0,0.0,4.5,0.5,0.5,5.0,13.0,46.0,79.0,75.5,18.0,0.0,0.0,45.0,1,46.501,6.6005,8500.0,450.0,0.0,10,4.5,45.0,8498.7,-12.3,8500.0,False,False,False,False,False,False,False,False,False,False,False,True,True,True,True,False,True,False,False,False,False,False,False,False
4710480,STATE_ARMED,11.8,0.0,89.0,0.0,0.0,0.0,4.5,0.5,0.5,5.0,13.0,46.0,79.0,75.5,18.0,0.0,0.0,45.0,1,46.501,6.6005,8500.0,450.0,0.0,10,4.5,45.0,8498.7,-12.3,8500.0,False,False,False,False,False,False,False,False,False,False,False,True,True,True,True,False,True,False,False,False,False,False,False,False
4710985,STATE_ARMED,11.8,0.0,89.0,0.0,0.0,0.0,4.5,0.5,0.5,5.0,13.0,46.0,79.0,75.5,18.0,0.0,0.0,45.0,1,46.501,6.6005,8500.0,450.0,0.0,10,4.5,45.0,8498.7,-12.3,8500.0,False,False,False,False,False,False,False,False,False,False,False,True,True,True,True,False,True,False,False,False,False,False,False,False
4711486,STATE_ARMED,11.8,0.0,89.0,0.0,0.0,0.0,4.5,0.5,0.5,5.0,13.0,46.0,79.0,75.5,18.0,0.0,0.0,45.0,1,46.501,6.6005,8500.0,450.0,0.0,10,4.5,45.0,8498.7,-12.3,8500.0,False,False,False,False,False,False,False,False,False,False,False,True,True,True,True,False,True,False,False,False,False,False,False,False
4711989,STATE_ARMED,11.8,0.0,89.0,0.0,0.0,0.0,4.5,0.5,0.5,5.0,13.0,46.0,79.0,75.5,18.0,0.0,0.0,45.0,1,46.501,6.6005,8500.0,450.0,0.0,10,4.5,45.0,8498.7,-12.3,8500.0,False,False,False,False,False,False,False,False,False,False,False,True,True,True,True,False,True,False,False,False,False,False,False,False
4712493,STATE_ARMED,11.8,0.0,89.0,0.0,0.0,0.0,4.5,0.5,0.5,5.0,13.0,46.0,79.0,75.5,18.0,0.0,0.0,45.0,1,46.501,6.6005,8500.0,450.0,0.0,10,4.5,45.0,8498.7,-12.3,8500.0,False,False,False,False,False,False,False,False,False,False,False,True,True,True,True,False,True,False,False,False,False,False,False,False
4713000,STATE_ARMED,11.8,0.0,89.0,0.0,0.0,0.0,4.5,0.5,0.5,5.0,13.0,46.0,79.0,75.5,18.0,0.0,0.0,45.0,1,46.501,6.6005,8500.0,450.0,0.0,10,4.5,45.0,8498.7,-12.3,8500.0,False,False,False,False,False,False,False,False,False,False,False,True,True,True,True,False,True,False,False,False,False,False,False,False
4713505,STATE_ARMED,11.8,0.0,89.0,0.0,0.0,0.0,4.5,0.5,0.5,5.0,13.0,46.0,79.0,75.5,18.0,0.0,0.0,45.0,1,46.501,6.6005,8500.0,450.0,0.0,10,4.5,45.0,8498.7,-12.3,8500.0,False,False,False,False,False,False,False,False,False,False,False,True,True,True,True,False,True,False,False,False,False,False,False,False
4714008,STATE_ARMED,11.8,0.0,89.0,0.0,0.0,0.0,4.5,0.5,0.5,5.0,13.0,46.0,79.0,75.5,18.0,0.0,0.0,45.0,1,46.501,6.6005,8500.0,450.0,0.0,10,4.5,45.0,8498.7,-12.3,8500.0,False,False,False,False,False,False,False,False,False,False,False,True,True,True,True,False,True,False,False,False,False,False,False,False
4714509,STATE_ARMED,11.8,0.0,89.0,0.0,0.0,0.0,4.5,0.5,0.5,5.0,13.0,46.0,79.0,75.5,18.0,0.0,0.0,45.0,1,46.501,6.6005,8500.0,450.0,0.0,10,4.5,45.0,8498.7,-12.3,8500.0,False,False,False,False,False,False,False,False,False,False,False,True,True,True,True,False,True,False,False,False,False,False,False,False
4715011,STATE_ARMED,11.8,0.0,89.0,0.0,0.0,0.0,4.5,0.5,0.5,5.0,13.0,46.0,79.0,75.5,18.0,0.0,0.0,45.0,1,46.501,6.6005,8500.0,450.0,0.0,10,4.5,45.0,8498.7,-12.3,8500.0,False,False,False,False,False,False,False,False,False,False,False,True,True,True,True,False,True,False,False,False,False,False,False,False
4715516,STATE_ARMED,11.8,0.0,89.0,0.0,0.0,0.0,4.5,0.5,0.5,5.0,13.0,46.0,79.0,75.5,18.0,0.0,0.0,45.0,1,46.501,6.6005,8500.0,450.0,0.0,10,4.5,45.0,8498.7,-12.3,8500.0,False,False,False,False,False,False,False,False,False,False,False,True,True,True,True,False,True,False,False,False,False,False,False,False
4716018,STATE_ARMED,11.8,0.0,89.0,0.0,0.0,0.0,4.5,0.5,0.5,5.0,13.0,46.0,79.0,75.5,18.0,0.0,0.0,45.0,1,46.501,6.6005,8500.0,450.0,0.0,10,4.5,45.0,8498.7,-12.3,8500.0,False,False,False,False,False,False,False,False,False,False,False,True,True,True,True,False,True,False,False,False,False,False,False,False
4716521,STATE_ARMED,11.8,0.0,89.0,0.0,0.0,0.0,4.5,0.5,0.5,5.0,13.0,46.0,79.0,75.5,18.0,0.0,0.0,45.0,1,46.501,6.6005,8500.0,450.0,0.0,10,4.5,45.0,8498.7,-12.3,8500.0,False,False,False,False,False,False,False,False,False,False,False,True,True,True,True,False,True,False,False,False,False,False,False,False
4717023,STATE_ARMED,11.8,0.0,89.0,0.0,0.0,0.0,4.5,0.5,0.5,5.0,13.0,46.0,79.0,75.5,18.0,0.0,0.0,45.0,1,46.501,6.6005,8500.0,450.0,0.0,10,4.5,45.0,8498.7,-12.3,8500.0,False,False,False,False,False,False,False,False,False,False,False,True,True,True,True,False,True,False,False,False,False,False,False,False
4717528,STATE_ARMED,11.8,0.0,89.0,0.0,0.0,0.0,4.5,0.5,0.5,5.0,13.0,46.0,79.0,75.5,18.0,0.0,0.0,45.0,1,46.501,6.6005,8500.0,450.0,0.0,10,4.5,45.0,8498.7,-12.3,8500.0,False,False,False,False,False,False,False,False,False,False,False,True,True,True,True,False,True,False,False,False,False,False,False,False
4718031,STATE_ARMED,11.8,0.0,89.0,0.0,0.0,0.0,4.5,0.5,0.5,5.0,13.0,46.0,79.0,75.5,18.0,0.0,0.0,45.0,1,46.501,6.6005,8500.0,450.0,0.0,10,4.5,45.0,8498.7,-12.3,8500.0,False,False,False,False,False,False,False,False,False,False,False,True,True,True,True,False,True,False,False,False,False,False,False,False
4718533,STATE_ARMED,11.8,0.0,89.0,0.0,0.0,0.0,4.5,0.5,0.5,5.0,13.0,46.0,79.0,75.5,18.0,0.0,0.0,45.0,1,46.501,6.6005,8500.0,450.0,0.0,10,4.5,45.0,8498.7,-12.3,8500.0,False,False,False,False,False,False,False,False,False,False,False,True,True,True,True,False,True,False,False,False,False,False,False,False
4719039,STATE_ARMED,11.8,0.0,89.0,0.0,0.0,0.0,4.5,0.5,0.5,5.0,13.0,46.0,79.0,75.5,18.0,0.0,0.0,45.0,1,46.501,6.6005,8500.0,450.0,0.0,10,4.5,45.0,8498.7,-12.3,8500.0,False,False,False,False,False,False,False,False,False,False,False,True,True,True,True,False,True,False,False,False,False,False,False,False
4719544,STATE_ARMED,11.8,0.0,89.0,0.0,0.0,0.0,4.5,0.5,0.5,5.0,13.0,46.0,79.0,75.5,18.0,0.0,0.0,45.0,1,46.501,6.6005,8500.0,450.0,0.0,10,4.5,45.0,8498.7,-12.3,8500.0,False,False,False,False,False,False,False,False,False,False,False,True,True,True,True,False,True,False,False,False,False,False,False,False
4720049,STATE_ARMED,11.8,0.0,89.0,0.0,0.0,0.0,4.5,0.5,0.5,5.0,13.0,46.0,79.0,75.5,18.0,0.0,0.0,45.0,1,46.501,6.6005,8500.0,450.0,0.0,10,4.5,45.0,8498.7,-12.3,8500.0,False,False,False,False,False,False,False,False,False,False,False,True,True,True,True,False,True,False,False,False,False,False,False,False
4720553,STATE_ARMED,11.8,0.0,89.0,0.0,0.0,0.0,4.5,0.5,0.5,5.0,13.0,46.0,79.0,75.5,18.0,0.0,0.0,45.0,1,46.501,6.6005,8500.0,450.0,0.0,10,4.5,45.0,8498.7,-12.3,8500.0,False,False,False,False,False,False,False,False,False,False,False,True,True,True,True,False,True,False,False,False,False,False,False,False
4721057,STATE_ARMED,11.8,0.0,89.0,0.0,0.0,0.0,4.5,0.5,0.5,5.0,13.0,46.0,79.0,75.5,18.0,0.0,0.0,45.0,1,46.501,6.6005,8500.0,450.0,0.0,10,4.5,45.0,8498.7,-12.3,8500.0,False,False,False,False,False,False,False,False,False,False,False,True,True,True,True,False,True,False,False,False,False,False,False,False
4721562,STATE_ARMED,11.8,0.0,89.0,0.0,0.0,0.0,4.5,0.5,0.5,5.0,13.0,46.0,79.0,75.5,18.0,0.0,0.0,45.0,1,46.501,6.6005,8500.0,450.0,0.0,10,4.5,45.0,8498.7,-12.3,8500.0,False,False,False,False,False,False,False,False,False,False,False,True,True,True,True,False,True,False,False,False,False,False,False,False
4722066,STATE_ARMED,11.8,0.0,89.0,0.0,0.0,0.0,4.5,0.5,0.5,5.0,13.0,46.0,79.0,75.5,18.0,0.0,0.0,45.0,1,46.501,6.6005,8500.0,450.0,0.0,10,4.5,45.0,8498.7,-12.3,8500.0,False,False,False,False,False,False,False,False,False,False,False,True,True,True,True,False,True,False,False,False,False,False,False,False
4722570,STATE_ARMED,11.8,0.0,89.0,0.0,0.0,0.0,4.5,0.5,0.5,5.0,13.0,46.0,79.0,75.5,18.0,0.0,0.0,45.0,1,46.501,6.6005,8500.0,450.0,0.0,10,4.5,45.0,8498.7,-12.3,8500.0,False,False,False,False,False,False,False,False,False,False,False,True,True,True,True,False,True,False,False,False,False,False,False,False
4723076,STATE_ARMED,11.8,0.0,89.0,0.0,0.0,0.0,4.5,0.5,0.5,5.0,13.0,46.0,79.0,75.5,18.0,0.0,0.0,45.0,1,46.501,6.6005,8500.0,450.0,0.0,10,4.5,45.0,8498.7,-12.3,8500.0,False,False,False,False,False,False,False,False,False,False,False,True,True,True,True,False,True,False,False,False,False,False,False,False
4723580,STATE_ARMED,11.8,0.0,89.0,0.0,0.0,0.0,4.5,0.5,0.5,5.0,13.0,46.0,79.0,75.5,18.0,0.0,0.0,45.0,1,46.501,6.6005,8500.0,450.0,0.0,10,4.5,45.0,8498.7,-12.3,8500.0,False,False,False,False,False,False,False,False,False,False,False,True,True,True,True,False,True,False,False,False,False,False,False,False
4724089,STATE_ARMED,11.8,0.0,89.0,0.0,0.0,0.0,4.5,0.5,0.5,5.0,13.0,46.0,79.0,75.5,18.0,0.0,0.0,45.0,1,46.501,6.6005,8500.0,450.0,0.0,10,4.5,45.0,8498.7,-12.3,8500.0,False,False,False,False,False,False,False,False,False,False,False,True,True,True,True,False,True,False,False,False,False,False,False,False
4724593,STATE_ARMED,11.8,0.0,89.0,0.0,0.0,0.0,4.5,0.5,0.5,5.0,13.0,46.0,79.0,75.5,18.0,0.0,0.0,45.0,1,46.501,6.6005,8500.0,450.0,0.0,10,4.5,45.0,8498.7,-12.3,8500.0,False,False,False,False,False,False,False,False,False,False,False,True,True,True,True,False,True,False,False,False,False,False,False,False
4725097,STATE_ARMED,11.8,0.0,89.0,0.0,0.0,0.0,4.5,0.5,0.5,5.0,13.0,46.0,79.0,75.5,18.0,0.0,0.0,45.0,1,46.501,6.6005,8500.0,450.0,0.0,10,4.5,45.0,8498.7,-12.3,8500.0,False,False,False,False,False,False,False,False,False,False,False,True,True,True,True,False,True,False,False,False,False,False,False,False
4725600,STATE_ARMED,11.8,0.0,89.0,0.0,0.0,0.0,4.5,0.5,0.5,5.0,13.0,46.0,79.0,75.5,18.0,0.0,0.0,45.0,1,46.501,6.6005,8500.0,450.0,0.0,10,4.5,45.0,8498.7,-12.3,8500.0,False,False,False,False,False,False,False,False,False,False,False,True,True,True,True,False,True,False,False,False,False,False,False,False
4726104,STATE_ARMED,11.8,0.0,89.0,0.0,0.0,0.0,4.5,0.5,0.5,5.0,13.0,46.0,79.0,75.5,18.0,0.0,0.0,45.0,1,46.501,6.6005,8500.0,450.0,0.0,10,4.5,45.0,8498.7,-12.3,8500.0,False,False,False,False,False,False,False,False,False,False,False,True,True,True,True,False,True,False,False,False,False,False,False,False
4726606,STATE_ARMED,11.8,0.0,89.0,0.0,0.0,0.0,4.5,0.5,0.5,5.0,13.0,46.0,79.0,75.5,18.0,0.0,0.0,45.0,1,46.501,6.6005,8500.0,450.0,0.0,10,4.5,45.0,8498.7,-12.3,8500.0,False,False,False,False,False,False,False,False,False,False,False,True,True,True,True,False,True,False,False,False,False,False,False,False
4727113,STATE_ARMED,11.8,0.0,89.0,0.0,0.0,0.0,4.5,0.5,0.5,5.0,13.0,46.0,79.0,75.5,18.0,0.0,0.0,45.0,1,46.501,6.6005,8500.0,450.0,0.0,10,4.5,45.0,8498.7,-12.3,8500.0,False,False,False,False,False,False,False,False,False,False,False,True,True,True,True,False,True,False,False,False,False,False,False,False
4727618,STATE_ARMED,11.8,0.0,89.0,0.0,0.0,0.0,4.5,0.5,0.5,5.0,13.0,46.0,79.0,75.5,18.0,0.0,0.0,45.0,1,46.501,6.6005,8500.0,450.0,0.0,10,4.5,45.0,8498.7,-12.3,8500.0,False,False,False,False,False,False,False,False,False,False,False,True,True,True,True,False,True,False,False,False,False,False,False,False
4728121,STATE_ARMED,11.8,0.0,89.0,0.0,0.0,0.0,4.5,0.5,0.5,5.0,13.0,46.0,79.0,75.5,18.0,0.0,0.0,45.0,1,46.501,6.6005,8500.0,450.0,0.0,10,4.5,45.0,8498.7,-12.3,8500.0,False,False,False,False,False,False,False,False,False,False,False,True,True,True,True,False,True,False,False,False,False,False,False,False
4728624,STATE_ARMED,11.8,0.0,89.0,0.0,0.0,0.0,4.5,0.5,0.5,5.0,13.0,46.0,79.0,75.5,18.0,0.0,0.0,45.0,1,46.501,6.6005,8500.0,450.0,0.0,10,4.5,45.0,8498.7,-12.3,8500.0,False,False,False,False,False,False,False,False,False,False,False,True,True,True,True,False,True,False,False,False,False,False,False,False
4729126,STATE_ARMED,11.8,0.0,89.0,0.0,0.0,0.0,4.5,0.5,0.5,5.0,13.0,46.0,79.0,75.5,18.0,0.0,0.0,45.0,1,46.501,6.6005,8500.0,450.0,0.0,10,4.5,45.0,8498.7,-12.3,8500.0,False,False,False,False,False,False,False,False,False,False,False,True,True,True,True,False,True,False,False,False,False,False,False,False
4729630,STATE_ARMED,11.8,0.0,89.0,0.0,0.0,0.0,4.5,0.5,0.5,5.0,13.0,46.0,79.0,75.5,18.0,0.0,0.0,45.0,1,46.501,6.6005,8500.0,450.0,0.0,10,4.5,45.0,8498.7,-12.3,8500.0,False,False,False,False,False,False,False,False,False,False,False,True,True,True,True,False,True,False,False,False,False,False,False,False
4730137,STATE_ARMED,11.8,0.0,89.0,0.0,0.0,0.0,4.5,0.5,0.5,5.0,13.0,46.0,79.0,75.5,18.0,0.0,0.0,45.0,1,46.501,6.6005,8500.0,450.0,0.0,10,4.5,45.0,8498.7,-12.3,8500.0,False,False,False,False,False,False,False,False,False,False,False,True,True,True,True,False,True,False,False,False,False,False,False,False
4730639,STATE_ARMED,11.8,0.0,89.0,0.0,0.0,0.0,4.5,0.5,0.5,5.0,13.0,46.0,79.0,75.5,18.0,0.0,0.0,45.0,1,46.501,6.6005,8500.0,450.0,0.0,10,4.5,45.0,8498.7,-12.3,8500.0,False,False,False,False,False,False,False,False,False,False,False,True,True,True,True,False,True,False,False,False,False,False,False,False
4731144,STATE_ARMED,11.8,0.0,89.0,0.0,0.0,0.0,4.5,0.5,0.5,5.0,13.0,46.0,79.0,75.5,18.0,0.0,0.0,45.0,1,46.501,6.6005,8500.0,450.0,0.0,10,4.5,45.0,8498.7,-12.3,8500.0,False,False,False,False,False,False,False,False,False,False,False,True,True,True,True,False,True,False,False,False,False,False,False,False
4731646,STATE_ARMED,11.8,0.0,89.0,0.0,0.0,0.0,4.5,0.5,0.5,5.0,13.0,46.0,79.0,75.5,18.0,0.0,0.0,45.0,1,46.501,6.6005,8500.0,450.0,0.0,10,4.5,45.0,8498.7,-12.3,8500.0,False,False,False,False,False,False,False,False,False,False,False,True,True,True,True,False,True,False,False,False,False,False,False,False
4732148,STATE_ARMED,11.8,0.0,89.0,0.0,0.0,0.0,4.5,0.5,0.5,5.0,13.0,46.0,79.0,75.5,18.0,0.0,0.0,45.0,1,46.501,6.6005,8500.0,450.0,0.0,10,4.5,45.0,8498.7,-12.3,8500.0,False,False,False,False,False,False,False,False,False,False,False,True,True,True,True,False,True,False,False,False,False,False,False,False
4732653,STATE_ARMED,11.8,0.0,89.0,0.0,0.0,0.0,4.5,0.5,0.5,5.0,13.0,46.0,79.0,75.5,18.0,0.0,0.0,45.0,1,46.501,6.6005,8500.0,450.0,0.0,10,4.5,45.0,8498.7,-12.3,8500.0,False,False,False,False,False,False,False,False,False,False,False,True,True,True,True,False,True,False,False,False,False,False,False,False
4733158,STATE_ARMED,11.8,0.0,89.0,0.0,0.0,0.0,4.5,0.5,0.5,5.0,13.0,46.0,79.0,75.5,18.0,0.0,0.0,45.0,1,46.501,6.6005,8500.0,450.0,0.0,10,4.5,45.0,8498.7,-12.3,8500.0,False,False,False,False,False,False,False,False,False,False,False,True,True,True,True,False,True,False,False,False,False,False,False,False
4733660,STATE_ARMED,11.8,0.0,89.0,0.0,0.0,0.0,4.5,0.5,0.5,5.0,13.0,46.0,79.0,75.5,18.0,0.0,0.0,45.0,1,46.501,6.6005,8500.0,450.0,0.0,10,4.5,45.0,8498.7,-12.3,8500.0,False,False,False,False,False,False,False,False,False,False,False,True,True,True,True,False,True,False,False,False,False,False,False,False
4734164,STATE_ARMED,11.8,0.0,89.0,0.0,0.0,0.0,4.5,0.5,0.5,5.0,13.0,46.0,79.0,75.5,18.0,0.0,0.0,45.0,1,46.501,6.6005,8500.0,450.0,0.0,10,4.5,45.0,8498.7,-12.3,8500.0,False,False,False,False,False,False,False,False,False,False,False,True,True,True,True,False,True,False,False,False,False,False,False,False
4734668,STATE_ARMED,11.8,0.0,89.0,0.0,0.0,0.0,4.5,0.5,0.5,5.0,13.0,46.0,79.0,75.5,18.0,0.0,0.0,45.0,1,46.501,6.6005,8500.0,450.0,0.0,10,4.5,45.0,8498.7,-12.3,8500.0,False,False,False,False,False,False,False,False,False,False,False,True,True,True,True,False,True,False,False,False,False,False,False,False
4735170,STATE_ARMED,11.8,0.0,89.0,0.0,0.0,0.0,4.5,0.5,0.5,5.0,13.0,46.0,79.0,75.5,18.0,0.0,0.0,45.0,1,46.501,6.6005,8500.0,450.0,0.0,10,4.5,45.0,8498.7,-12.3,8500.0,False,False,False,False,False,False,False,False,False,False,False,True,True,True,True,False,True,False,False,False,False,False,False,False
4735674,STATE_ARMED,11.8,0.0,89.0,0.0,0.0,0.0,4.5,0.5,0.5,5.0,13.0,46.0,79.0,75.5,18.0,0.0,0.0,45.0,1,46.501,6.6005,8500.0,450.0,0.0,10,4.5,45.0,8498.7,-12.3,8500.0,False,False,False,False,False,False,False,False,False,False,False,True,True,True,True,False,True,False,False,False,False,False,False,False
4736185,STATE_ARMED,11.8,0.0,89.0,0.0,0.0,0.0,4.5,0.5,0.5,5.0,13.0,46.0,79.0,75.5,18.0,0.0,0.0,45.0,1,46.501,6.6005,8500.0,450.0,0.0,10,4.5,45.0,8498.7,-12.3,8500.0,False,False,False,False,False,False,False,False,False,False,False,True,True,True,True,False,True,False,False,False,False,False,False,False
4736692,STATE_ARMED,11.8,0.0,89.0,0.0,0.0,0.0,4.5,0.5,0.5,5.0,13.0,46.0,79.0,75.5,18.0,0.0,0.0,45.0,1,46.501,6.6005,8500.0,450.0,0.0,10,4.5,45.0,8498.7,-12.3,8500.0,False,False,False,False,False,False,False,False,False,False,False,True,True,True,True,False,True,False,False,False,False,False,False,False
4737201,STATE_ARMED,11.8,0.0,89.0,0.0,0.0,0.0,4.5,0.5,0.5,5.0,13.0,46.0,79.0,75.5,18.0,0.0,0.0,45.0,1,46.501,6.6005,8500.0,450.0,0.0,10,4.5,45.0,8498.7,-12.3,8500.0,False,False,False,False,False,False,False,False,False,False,False,True,True,True,True,False,True,False,False,False,False,False,False,False
4737705,STATE_ARMED,11.8,0.0,89.0,0.0,0.0,0.0,4.5,0.5,0.5,5.0,13.0,46.0,79.0,75.5,18.0,0.0,0.0,45.0,1,46.501,6.6005,8500.0,450.0,0.0,10,4.5,45.0,8498.7,-12.3,8500.0,False,False,False,False,False,False,False,False,False,False,False,True,True,True,True,False,True,False,False,False,False,False,False,False
4738210,STATE_ARMED,11.8,0.0,89.0,0.0,0.0,0.0,4.5,0.5,0.5,5.0,13.0,46.0,79.0,75.5,18.0,0.0,0.0,45.0,1,46.501,6.6005,8500.0,450.0,0.0,10,4.5,45.0,8498.7,-12.3,8500.0,False,False,False,False,False,False,False,False,False,False,False,True,True,True,True,False,True,False,False,False,False,False,False,False
4738712,STATE_ARMED,11.8,0.0,89.0,0.0,0.0,0.0,4.5,0.5,0.5,5.0,13.0,46.0,79.0,75.5,18.0,0.0,0.0,45.0,1,46.501,6.6005,8500.0,450.0,0.0,10,4.5,45.0,8498.7,-12.3,8500.0,False,False,False,False,False,False,False,False,False,False,False,True,True,True,True,False,True,False,False,False,False,False,False,False
4739215,STATE_ARMED,11.8,0.0,89.0,0.0,0.0,0.0,4.5,0.5,0.5,5.0,13.0,46.0,79.0,75.5,18.0,0.0,0.0,45.0,1,46.501,6.6005,8500.0,450.0,0.0,10,4.5,45.0,8498.7,-12.3,8500.0,False,False,False,False,False,False,False,False,False,False,False,True,True,True,True,False,True,False,False,False,False,False,False,False
4739719,STATE_ARMED,11.8,0.0,89.0,0.0,0.0,0.0,4.5,0.5,0.5,5.0,13.0,46.0,79.0,75.5,18.0,0.0,0.0,45.0,1,46.501,6.6005,8500.0,450.0,0.0,10,4.5,45.0,8498.7,-12.3,8500.0,False,False,False,False,False,False,False,False,False,False,False,True,True,True,True,False,True,False,False,False,False,False,False,False
4740222,STATE_ARMED,11.8,0.0,89.0,0.0,0.0,0.0,4.5,0.5,0.5,5.0,13.0,46.0,79.0,75.5,18.0,0.0,0.0,45.0,1,46.501,6.6005,8500.0,450.0,0.0,10,4.5,45.0,8498.7,-12.3,8500.0,False,False,False,False,False,False,False,False,False,False,False,True,True,True,True,False,True,False,False,False,False,False,False,False
4740725,STATE_ARMED,11.8,0.0,89.0,0.0,0.0,0.0,4.5,0.5,0.5,5.0,13.0,46.0,79.0,75.5,18.0,0.0,0.0,45.0,1,46.501,6.6005,8500.0,450.0,0.0,10,4.5,45.0,8498.7,-12.3,8500.0,False,False,False,False,False,False,False,False,False,False,False,True,True,True,True,False,True,False,False,False,False,False,False,False
4741234,STATE_ARMED,11.8,0.0,89.0,0.0,0.0,0.0,4.5,0.5,0.5,5.0,13.0,46.0,79.0,75.5,18.0,0.0,0.0,45.0,1,46.501,6.6005,8500.0,450.0,0.0,10,4.5,45.0,8498.7,-12.3,8500.0,False,False,False,False,False,False,False,False,False,False,False,True,True,True,True,False,True,False,False,False,False,False,False,False
4741737,STATE_ARMED,11.8,0.0,89.0,0.0,0.0,0.0,4.5,0.5,0.5,5.0,13.0,46.0,79.0,75.5,18.0,0.0,0.0,45.0,1,46.501,6.6005,8500.0,450.0,0.0,10,4.5,45.0,8498.7,-12.3,8500.0,False,False,False,False,False,False,False,False,False,False,False,True,True,True,True,False,True,False,False,False,False,False,False,False
4742243,STATE_ARMED,11.8,0.0,89.0,0.0,0.0,0.0,4.5,0.5,0.5,5.0,13.0,46.0,79.0,75.5,18.0,0.0,0.0,45.0,1,46.501,6.6005,8500.0,450.0,0.0,10,4.5,45.0,8498.7,-12.3,8500.0,False,False,False,False,False,False,False,False,False,False,False,True,True,True,True,False,True,False,False,False,False,False,False,False
4742745,STATE_ARMED,11.8,0.0,89.0,0.0,0.0,0.0,4.5,0.5,0.5,5.0,13.0,46.0,79.0,75.5,18.0,0.0,0.0,45.0,1,46.501,6.6005,8500.0,450.0,0.0,10,4.5,45.0,8498.7,-12.3,8500.0,False,False,False,False,False,False,False,False,False,False,False,True,True,True,True,False,True,False,False,False,False,False,False,False
4743249,STATE_ARMED,11.8,0.0,89.0,0.0,0.0,0.0,4.5,0.5,0.5,5.0,13.0,46.0,79.0,75.5,18.0,0.0,0.0,45.0,1,46.501,6.6005,8500.0,450.0,0.0,10,4.5,45.0,8498.7,-12.3,8500.0,False,False,False,False,False,False,False,False,False,False,False,True,True,True,True,False,True,False,False,False,False,False,False,False
4743752,STATE_ARMED,11.8,0.0,89.0,0.0,0.0,0.0,4.5,0.5,0.5,5.0,13.0,46.0,79.0,75.5,18.0,0.0,0.0,45.0,1,46.501,6.6005,8500.0,450.0,0.0,10,4.5,45.0,8498.7,-12.3,8500.0,False,False,False,False,False,False,False,False,False,False,False,True,True,True,True,False,True,False,False,False,False,False,False,False
4744258,STATE_ARMED,11.8,0.0,89.0,0.0,0.0,0.0,4.5,0.5,0.5,5.0,13.0,46.0,79.0,75.5,18.0,0.0,0.0,45.0,1,46.501,6.6005,8500.0,450.0,0.0,10,4.5,45.0,8498.7,-12.3,8500.0,False,False,False,False,False,False,False,False,False,False,False,True,True,True,True,False,True,False,False,False,False,False,False,False
4744763,STATE_ARMED,11.8,0.0,89.0,0.0,0.0,0.0,4.5,0.5,0.5,5.0,13.0,46.0,79.0,75.5,18.0,0.0,0.0,45.0,1,46.501,6.6005,8500.0,450.0,0.0,10,4.5,45.0,8498.7,-12.3,8500.0,False,False,False,False,False,False,False,False,False,False,False,True,True,True,True,False,True,False,False,False,False,False,False,False
4745265,STATE_ARMED,11.8,0.0,89.0,0.0,0.0,0.0,4.5,0.5,0.5,5.0,13.0,46.0,79.0,75.5,18.0,0.0,0.0,45.0,1,46.501,6.6005,8500.0,450.0,0.0,10,4.5,45.0,8498.7,-12.3,8500.0,False,False,False,False,False,False,False,False,False,False,False,True,True,True,True,False,True,False,False,False,False,False,False,False
4745767,STATE_ARMED,11.8,0.0,89.0,0.0,0.0,0.0,4.5,0.5,0.5,5.0,13.0,46.0,79.0,75.5,18.0,0.0,0.0,45.0,1,46.501,6.6005,8500.0,450.0,0.0,10,4.5,45.0,8498.7,-12.3,8500.0,False,False,False,False,False,False,False,False,False,False,False,True,True,True,True,False,True,False,False,False,False,False,False,False
4746268,STATE_ARMED,11.8,0.0,89.0,0.0,0.0,0.0,4.5,0.5,0.5,5.0,13.0,46.0,79.0,75.5,18.0,0.0,0.0,45.0,1,46.501,6.6005,8500.0,450.0,0.0,10,4.5,45.0,8498.7,-12.3,8500.0,False,False,False,False,False,False,False,False,False,False,False,True,True,True,True,False,True,False,False,False,False,False,False,False
4746771,STATE_ARMED,11.8,0.0,89.0,0.0,0.0,0.0,4.5,0.5,0.5,5.0,13.0,46.0,79.0,75.5,18.0,0.0,0.0,45.0,1,46.501,6.6005,8500.0,450.0,0.0,10,4.5,45.0,8498.7,-12.3,8500.0,False,False,False,False,False,False,False,False,False,False,False,True,True,True,True,False,True,False,False,False,False,False,False,False
4747275,STATE_ARMED,11.8,0.0,89.0,0.0,0.0,0.0,4.5,0.5,0.5,5.0,13.0,46.0,79.0,75.5,18.0,0.0,0.0,45.0,1,46.501,6.6005,8500.0,450.0,0.0,10,4.5,45.0,8498.7,-12.3,8500.0,False,False,False,False,False,False,False,False,False,False,False,True,True,True,True,False,True,False,False,False,False,False,False,False
4747780,STATE_ARMED,11.8,0.0,89.0,0.0,0.0,0.0,4.5,0.5,0.5,5.0,13.0,46.0,79.0,75.5,18.0,0.0,0.0,45.0,1,46.501,6.6005,8500.0,450.0,0.0,10,4.5,45.0,8498.7,-12.3,8500.0,False,False,False,False,False,False,False,False,False,False,False,True,True,True,True,False,True,False,False,False,False,False,False,False
4748283,STATE_ARMED,11.8,0.0,89.0,0.0,0.0,0.0,4.5,0.5,0.5,5.0,13.0,46.0,79.0,75.5,18.0,0.0,0.0,45.0,1,46.501,6.6005,8500.0,450.0,0.0,10,4.5,45.0,8498.7,-12.3,8500.0,False,False,False,False,False,False,False,False,False,False,False,True,True,True,True,False,True,False,False,False,False,False,False,False
4748785,STATE_ARMED,11.8,0.0,89.0,0.0,0.0,0.0,4.5,0.5,0.5,5.0,13.0,46.0,79.0,75.5,18.0,0.0,0.0,45.0,1,46.501,6.6005,8500.0,450.0,0.0,10,4.5,45.0,8498.7,-12.3,8500.0,False,False,False,False,False,False,False,False,False,False,False,True,True,True,True,False,True,False,False,False,False,False,False,False
4749290,STATE_ARMED,11.8,0.0,89.0,0.0,0.0,0.0,4.5,0.5,0.5,5.0,13.0,46.0,79.0,75.5,18.0,0.0,0.0,45.0,1,46.501,6.6005,8500.0,450.0,0.0,10,4.5,45.0,8498.7,-12.3,8500.0,False,False,False,False,False,False,False,False,False,False,False,True,True,True,True,False,True,False,False,False,False,False,False,False
4749796,STATE_ARMED,11.8,0.0,89.0,0.0,0.0,0.0,4.5,0.5,0.5,5.0,13.0,46.0,79.0,75.5,18.0,0.0,0.0,45.0,1,46.501,6.6005,8500.0,450.0,0.0,10,4.5,45.0,8498.7,-12.3,8500.0,False,False,False,False,False,False,False,False,False,False,False,True,True,True,True,False,True,False,False,False,False,False,False,False
4750301,STATE_ARMED,11.8,0.0,89.0,0.0,0.0,0.0,4.5,0.5,0.5,5.0,13.0,46.0,79.0,75.5,18.0,0.0,0.0,45.0,1,46.501,6.6005,8500.0,450.0,0.0,10,4.5,45.0,8498.7,-12.3,8500.0,False,False,False,False,False,False,False,False,False,False,False,True,True,True,True,False,True,False,False,False,False,False,False,False
4750808,STATE_ARMED,11.8,0.0,89.0,0.0,0.0,0.0,4.5,0.5,0.5,5.0,13.0,46.0,79.0,75.5,18.0,0.0,0.0,45.0,1,46.501,6.6005,8500.0,450.0,0.0,10,4.5,45.0,8498.7,-12.3,8500.0,False,False,False,False,False,False,False,False,False,False,False,True,True,True,True,False,True,False,False,False,False,False,False,False
4751316,STATE_ARMED,11.8,0.0,89.0,0.0,0.0,0.0,4.5,0.5,0.5,5.0,13.0,46.0,79.0,75.5,18.0,0.0,0.0,45.0,1,46.501,6.6005,8500.0,450.0,0.0,10,4.5,45.0,8498.7,-12.3,8500.0,False,False,False,False,False,False,False,False,False,False,False,True,True,True,True,False,True,False,False,False,False,False,False,False
4751829,STATE_ARMED,11.8,0.0,89.0,0.0,0.0,0.0,4.5,0.5,0.5,5.0,13.0,46.0,79.0,75.5,18.0,0.0,0.0,45.0,1,46.501,6.6005,8500.0,450.0,0.0,10,4.5,45.0,8498.7,-12.3,8500.0,False,False,False,False,False,False,False,False,False,False,False,True,True,True,True,False,True,False,False,False,False,False,False,False
4752337,STATE_ARMED,11.8,0.0,89.0,0.0,0.0,0.0,4.5,0.5,0.5,5.0,13.0,46.0,79.0,75.5,18.0,0.0,0.0,45.0,1,46.501,6.6005,8500.0,450.0,0.0,10,4.5,45.0,8498.7,-12.3,8500.0,False,False,False,False,False,False,False,False,False,False,False,True,True,True,True,False,True,False,False,False,False,False,False,False
4752840,STATE_ARMED,11.8,0.0,89.0,0.0,0.0,0.0,4.5,0.5,0.5,5.0,13.0,46.0,79.0,75.5,18.0,0.0,0.0,45.0,1,46.501,6.6005,8500.0,450.0,0.0,10,4.5,45.0,8498.7,-12.3,8500.0,False,False,False,False,False,False,False,False,False,False,False,True,True,True,True,False,True,False,False,False,False,False,False,False
4753345,STATE_ARMED,11.8,0.0,89.0,0.0,0.0,0.0,4.5,0.5,0.5,5.0,13.0,46.0,79.0,75.5,18.0,0.0,0.0,45.0,1,46.501,6.6005,8500.0,450.0,0.0,10,4.5,45.0,8498.7,-12.3,8500.0,False,False,False,False,False,False,False,False,False,False,False,True,True,True,True,False,True,False,False,False,False,False,False,False
4753848,STATE_ARMED,11.8,0.0,89.0,0.0,0.0,0.0,4.5,0.5,0.5,5.0,13.0,46.0,79.0,75.5,18.0,0.0,0.0,45.0,1,46.501,6.6005,8500.0,450.0,0.0,10,4.5,45.0,8498.7,-12.3,8500.0,False,False,False,False,False,False,False,False,False,False,False,True,True,True,True,False,True,False,False,False,False,False,False,False
4754352,STATE_ARMED,11.8,0.0,89.0,0.0,0.0,0.0,4.5,0.5,0.5,5.0,13.0,46.0,79.0,75.5,18.0,0.0,0.0,45.0,1,46.501,6.6005,8500.0,450.0,0.0,10,4.5,45.0,8498.7,-12.3,8500.0,False,False,False,False,False,False,False,False,False,False,False,True,True,True,True,False,True,False,False,False,False,False,False,False
4754854,STATE_ARMED,11.8,0.0,89.0,0.0,0.0,0.0,4.5,0.5,0.5,5.0,13.0,46.0,79.0,75.5,18.0,0.0,0.0,45.0,1,46.501,6.6005,8500.0,450.0,0.0,10,4.5,45.0,8498.7,-12.3,8500.0,False,False,False,False,False,False,False,False,False,False,False,True,True,True,True,False,True,False,False,False,False,False,False,False
4755357,STATE_ARMED,11.8,0.0,89.0,0.0,0.0,0.0,4.5,0.5,0.5,5.0,13.0,46.0,79.0,75.5,18.0,0.0,0.0,45.0,1,46.501,6.6005,8500.0,450.0,0.0,10,4.5,45.0,8498.7,-12.3,8500.0,False,False,False,False,False,False,False,False,False,False,False,True,True,True,True,False,True,False,False,False,False,False,False,False
4755860,STATE_ARMED,11.8,0.0,89.0,0.0,0.0,0.0,4.5,0.5,0.5,5.0,13.0,46.0,79.0,75.5,18.0,0.0,0.0,45.0,1,46.501,6.6005,8500.0,450.0,0.0,10,4.5,45.0,8498.7,-12.3,8500.0,False,False,False,False,False,False,False,False,False,False,False,True,True,True,True,False,True,False,False,False,False,False,False,False
4756372,STATE_ARMED,11.8,0.0,89.0,0.0,0.0,0.0,4.5,0.5,0.5,5.0,13.0,46.0,79.0,75.5,18.0,0.0,0.0,45.0,1,46.501,6.6005,8500.0,450.0,0.0,10,4.5,45.0,8498.7,-12.3,8500.0,False,False,False,False,False,False,False,False,False,False,False,True,True,True,True,False,True,False,False,False,False,False,False,False
4756875,STATE_ARMED,11.8,0.0,89.0,0.0,0.0,0.0,4.5,0.5,0.5,5.0,13.0,46.0,79.0,75.5,18.0,0.0,0.0,45.0,1,46.501,6.6005,8500.0,450.0,0.0,10,4.5,45.0,8498.7,-12.3,8500.0,False,False,False,False,False,False,False,False,False,False,False,True,True,True,True,False,True,False,False,False,False,False,False,False
4757380,STATE_ARMED,11.8,0.0,89.0,0.0,0.0,0.0,4.5,0.5,0.5,5.0,13.0,46.0,79.0,75.5,18.0,0.0,0.0,45.0,1,46.501,6.6005,8500.0,450.0,0.0,10,4.5,45.0,8498.7,-12.3,8500.0,False,False,False,False,False,False,False,False,False,False,False,True,True,True,True,False,True,False,False,False,False,False,False,False
4757882,STATE_ARMED,11.8,0.0,89.0,0.0,0.0,0.0,4.5,0.5,0.5,5.0,13.0,46.0,79.0,75.5,18.0,0.0,0.0,45.0,1,46.501,6.6005,8500.0,450.0,0.0,10,4.5,45.0,8498.7,-12.3,8500.0,False,False,False,False,False,False,False,False,False,False,False,True,True,True,True,False,True,False,False,False,False,False,False,False
4758386,STATE_ARMED,11.8,0.0,89.0,0.0,0.0,0.0,4.5,0.5,0.5,5.0,13.0,46.0,79.0,75.5,18.0,0.0,0.0,45.0,1,46.501,6.6005,8500.0,450.0,0.0,10,4.5,45.0,8498.7,-12.3,8500.0,False,False,False,False,False,False,False,False,False,False,False,True,True,True,True,False,True,False,False,False,False,False,False,False
4758892,STATE_ARMED,11.8,0.0,89.0,0.0,0.0,0.0,4.5,0.5,0.5,5.0,13.0,46.0,79.0,75.5,18.0,0.0,0.0,45.0,1,46.501,6.6005,8500.0,450.0,0.0,10,4.5,45.0,8498.7,-12.3,8500.0,False,False,False,False,False,False,False,False,False,False,False,True,True,True,True,False,True,False,False,False,False,False,False,False
4759396,STATE_ARMED,11.8,0.0,89.0,0.0,0.0,0.0,4.5,0.5,0.5,5.0,13.0,46.0,79.0,75.5,18.0,0.0,0.0,45.0,1,46.501,6.6005,8500.0,450.0,0.0,10,4.5,45.0,8498.7,-12.3,8500.0,False,False,False,False,False,False,False,False,False,False,False,True,True,True,True,False,True,False,False,False,False,False,False,False
4759900,STATE_ARMED,11.8,0.0,89.0,0.0,0.0,0.0,4.5,0.5,0.5,5.0,13.0,46.0,79.0,75.5,18.0,0.0,0.0,45.0,1,46.501,6.6005,8500.0,450.0,0.0,10,4.5,45.0,8498.7,-12.3,8500.0,False,False,False,False,False,False,False,False,False,False,False,True,True,True,True,False,True,False,False,False,False,False,False,False
4760403,STATE_ARMED,11.8,0.0,89.0,0.0,0.0,0.0,4.5,0.5,0.5,5.0,13.0,46.0,79.0,75.5,18.0,0.0,0.0,45.0,1,46.501,6.6005,8500.0,450.0,0.0,10,4.5,45.0,8498.7,-12.3,8500.0,False,False,False,False,False,False,False,False,False,False,False,True,True,True,True,False,True,False,False,False,False,False,False,False
4760905,STATE_ARMED,11.8,0.0,89.0,0.0,0.0,0.0,4.5,0.5,0.5,5.0,13.0,46.0,79.0,75.5,18.0,0.0,0.0,45.0,1,46.501,6.6005,8500.0,450.0,0.0,10,4.5,45.0,8498.7,-12.3,8500.0,False,False,False,False,False,False,False,False,False,False,False,True,True,True,True,False,True,False,False,False,False,False,False,False
4761408,STATE_ARMED,11.8,0.0,89.0,0.0,0.0,0.0,4.5,0.5,0.5,5.0,13.0,46.0,79.0,75.5,18.0,0.0,0.0,45.0,1,46.501,6.6005,8500.0,450.0,0.0,10,4.5,45.0,8498.7,-12.3,8500.0,False,False,False,False,False,False,False,False,False,False,False,True,True,True,True,False,True,False,False,False,False,False,False,False
4761914,STATE_ARMED,11.8,0.0,89.0,0.0,0.0,0.0,4.5,0.5,0.5,5.0,13.0,46.0,79.0,75.5,18.0,0.0,0.0,45.0,1,46.501,6.6005,8500.0,450.0,0.0,10,4.5,45.0,8498.7,-12.3,8500.0,False,False,False,False,False,False,False,False,False,False,False,True,True,True,True,False,True,False,False,False,False,False,False,False
4762418,STATE_ARMED,11.8,0.0,89.0,0.0,0.0,0.0,4.5,0.5,0.5,5.0,13.0,46.0,79.0,75.5,18.0,0.0,0.0,45.0,1,46.501,6.6005,8500.0,450.0,0.0,10,4.5,45.0,8498.7,-12.3,8500.0,False,False,False,False,False,False,False,False,False,False,False,True,True,True,True,False,True,False,False,False,False,False,False,False
4762922,STATE_ARMED,11.8,0.0,89.0,0.0,0.0,0.0,4.5,0.5,0.5,5.0,13.0,46.0,79.0,75.5,18.0,0.0,0.0,45.0,1,46.501,6.6005,8500.0,450.0,0.0,10,4.5,45.0,8498.7,-12.3,8500.0,False,False,False,False,False,False,False,False,False,False,False,True,True,True,True,False,True,False,False,False,False,False,False,False
4763426,STATE_ARMED,11.8,0.0,89.0,0.0,0.0,0.0,4.5,0.5,0.5,5.0,13.0,46.0,79.0,75.5,18.0,0.0,0.0,45.0,1,46.501,6.6005,8500.0,450.0,0.0,10,4.5,45.0,8498.7,-12.3,8500.0,False,False,False,False,False,False,False,False,False,False,False,True,True,True,True,False,True,False,False,False,False,False,False,False
4763930,STATE_ARMED,11.8,0.0,89.0,0.0,0.0,0.0,4.5,0.5,0.5,5.0,13.0,46.0,79.0,75.5,18.0,0.0,0.0,45.0,1,46.501,6.6005,8500.0,450.0,0.0,10,4.5,45.0,8498.7,-12.3,8500.0,False,False,False,False,False,False,False,False,False,False,False,True,True,True,True,False,True,False,False,False,False,False,False,False
4764433,STATE_ARMED,11.8,0.0,89.0,0.0,0.0,0.0,4.5,0.5,0.5,5.0,13.0,46.0,79.0,75.5,18.0,0.0,0.0,45.0,1,46.501,6.6005,8500.0,450.0,0.0,10,4.5,45.0,8498.7,-12.3,8500.0,False,False,False,False,False,False,False,False,False,False,False,True,True,True,True,False,True,False,False,False,False,False,False,False
4764943,STATE_ARMED,11.8,0.0,89.0,0.0,0.0,0.0,4.5,0.5,0.5,5.0,13.0,46.0,79.0,75.5,18.0,0.0,0.0,45.0,1,46.501,6.6005,8500.0,450.0,0.0,10,4.5,45.0,8498.7,-12.3,8500.0,False,False,False,False,False,False,False,False,False,False,False,True,True,True,True,False,True,False,False,False,False,False,False,False
4765447,STATE_ARMED,11.8,0.0,89.0,0.0,0.0,0.0,4.5,0.5,0.5,5.0,13.0,46.0,79.0,75.5,18.0,0.0,0.0,45.0,1,46.501,6.6005,8500.0,450.0,0.0,10,4.5,45.0,8498.7,-12.3,8500.0,False,False,False,False,False,False,False,False,False,False,False,True,True,True,True,False,True,False,False,False,False,False,False,False
4765958,STATE_ARMED,11.8,0.0,89.0,0.0,0.0,0.0,4.5,0.5,0.5,5.0,13.0,46.0,79.0,75.5,18.0,0.0,0.0,45.0,1,46.501,6.6005,8500.0,450.0,0.0,10,4.5,45.0,8498.7,-12.3,8500.0,False,False,False,False,False,False,False,False,False,False,False,True,True,True,True,False,True,False,False,False,False,False,False,False
4766465,STATE_ARMED,11.8,0.0,89.0,0.0,0.0,0.0,4.5,0.5,0.5,5.0,13.0,46.0,79.0,75.5,18.0,0.0,0.0,45.0,1,46.501,6.6005,8500.0,450.0,0.0,10,4.5,45.0,8498.7,-12.3,8500.0,False,False,False,False,False,False,False,False,False,False,False,True,True,True,True,False,True,False,False,False,False,False,False,False
4766968,STATE_ARMED,11.8,0.0,89.0,0.0,0.0,0.0,4.5,0.5,0.5,5.0,13.0,46.0,79.0,75.5,18.0,0.0,0.0,45.0,1,46.501,6.6005,8500.0,450.0,0.0,10,4.5,45.0,8498.7,-12.3,8500.0,False,False,False,False,False,False,False,False,False,False,False,True,True,True,True,False,True,False,False,False,False,False,False,False
4767469,STATE_ARMED,11.8,0.0,89.0,0.0,0.0,0.0,4.5,0.5,0.5,5.0,13.0,46.0,79.0,75.5,18.0,0.0,0.0,45.0,1,46.501,6.6005,8500.0,450.0,0.0,10,4.5,45.0,8498.7,-12.3,8500.0,False,False,False,False,False,False,False,False,False,False,False,True,True,True,True,False,True,False,False,False,False,False,False,False
4767973,STATE_ARMED,11.8,0.0,89.0,0.0,0.0,0.0,4.5,0.5,0.5,5.0,13.0,46.0,79.0,75.5,18.0,0.0,0.0,45.0,1,46.501,6.6005,8500.0,450.0,0.0,10,4.5,45.0,8498.7,-12.3,8500.0,False,False,False,False,False,False,False,False,False,False,False,True,True,True,True,False,True,False,False,False,False,False,False,False
4768477,STATE_ARMED,11.8,0.0,89.0,0.0,0.0,0.0,4.5,0.5,0.5,5.0,13.0,46.0,79.0,75.5,18.0,0.0,0.0,45.0,1,46.501,6.6005,8500.0,450.0,0.0,10,4.5,45.0,8498.7,-12.3,8500.0,False,False,False,False,False,False,False,False,False,False,False,True,True,True,True,False,True,False,False,False,False,False,False,False
4768981,STATE_ARMED,11.8,0.0,89.0,0.0,0.0,0.0,4.5,0.5,0.5,5.0,13.0,46.0,79.0,75.5,18.0,0.0,0.0,45.0,1,46.501,6.6005,8500.0,450.0,0.0,10,4.5,45.0,8498.7,-12.3,8500.0,False,False,False,False,False,False,False,False,False,False,False,True,True,True,True,False,True,False,False,False,False,False,False,False
4769490,STATE_ARMED,11.8,0.0,89.0,0.0,0.0,0.0,4.5,0.5,0.5,5.0,13.0,46.0,79.0,75.5,18.0,0.0,0.0,45.0,1,46.501,6.6005,8500.0,450.0,0.0,10,4.5,45.0,8498.7,-12.3,8500.0,False,False,False,False,False,False,False,False,False,False,False,True,True,True,True,False,True,False,False,False,False,False,False,False
4769994,STATE_ARMED,11.8,0.0,89.0,0.0,0.0,0.0,4.5,0.5,0.5,5.0,13.0,46.0,79.0,75.5,18.0,0.0,0.0,45.0,1,46.501,6.6005,8500.0,450.0,0.0,10,4.5,45.0,8498.7,-12.3,8500.0,False,False,False,False,False,False,False,False,False,False,False,True,True,True,True,False,True,False,False,False,False,False,False,False
4770499,STATE_ARMED,11.8,0.0,89.0,0.0,0.0,0.0,4.5,0.5,0.5,5.0,13.0,46.0,79.0,75.5,18.0,0.0,0.0,45.0,1,46.501,6.6005,8500.0,450.0,0.0,10,4.5,45.0,8498.7,-12.3,8500.0,False,False,False,False,False,False,False,False,False,False,False,True,True,True,True,False,True,False,False,False,False,False,False,False
4771004,STATE_ARMED,11.8,0.0,89.0,0.0,0.0,0.0,4.5,0.5,0.5,5.0,13.0,46.0,79.0,75.5,18.0,0.0,0.0,45.0,1,46.501,6.6005,8500.0,450.0,0.0,10,4.5,45.0,8498.7,-12.3,8500.0,False,False,False,False,False,False,False,False,False,False,False,True,True,True,True,False,True,False,False,False,False,False,False,False
4771507,STATE_ARMED,11.8,0.0,89.0,0.0,0.0,0.0,4.5,0.5,0.5,5.0,13.0,46.0,79.0,75.5,18.0,0.0,0.0,45.0,1,46.501,6.6005,8500.0,450.0,0.0,10,4.5,45.0,8498.7,-12.3,8500.0,False,False,False,False,False,False,False,False,False,False,False,True,True,True,True,False,True,False,False,False,False,False,False,False
4772011,STATE_ARMED,11.8,0.0,89.0,0.0,0.0,0.0,4.5,0.5,0.5,5.0,13.0,46.0,79.0,75.5,18.0,0.0,0.0,45.0,1,46.501,6.6005,8500.0,450.0,0.0,10,4.5,45.0,8498.7,-12.3,8500.0,False,False,False,False,False,False,False,False,False,False,False,True,True,True,True,False,True,False,False,False,False,False,False,False
4772524,STATE_ARMED,11.8,0.0,89.0,0.0,0.0,0.0,4.5,0.5,0.5,5.0,13.0,46.0,79.0,75.5,18.0,0.0,0.0,45.0,1,46.501,6.6005,8500.0,450.0,0.0,10,4.5,45.0,8498.7,-12.3,8500.0,False,False,False,False,False,False,False,False,False,False,False,True,True,True,True,False,True,False,False,False,False,False,False,False
4773029,STATE_ARMED,11.8,0.0,89.0,0.0,0.0,0.0,4.5,0.5,0.5,5.0,13.0,46.0,79.0,75.5,18.0,0.0,0.0,45.0,1,46.501,6.6005,8500.0,450.0,0.0,10,4.5,45.0,8498.7,-12.3,8500.0,False,False,False,False,False,False,False,False,False,False,False,True,True,True,True,False,True,False,False,False,False,False,False,False
4773531,STATE_ARMED,11.8,0.0,89.0,0.0,0.0,0.0,4.5,0.5,0.5,5.0,13.0,46.0,79.0,75.5,18.0,0.0,0.0,45.0,1,46.501,6.6005,8500.0,450.0,0.0,10,4.5,45.0,8498.7,-12.3,8500.0,False,False,False,False,False,False,False,False,False,False,False,True,True,True,True,False,True,False,False,False,False,False,False,False
4774033,STATE_ARMED,11.8,0.0,89.0,0.0,0.0,0.0,4.5,0.5,0.5,5.0,13.0,46.0,79.0,75.5,18.0,0.0,0.0,45.0,1,46.501,6.6005,8500.0,450.0,0.0,10,4.5,45.0,8498.7,-12.3,8500.0,False,False,False,False,False,False,False,False,False,False,False,True,True,True,True,False,True,False,False,False,False,False,False,False
4774535,STATE_ARMED,11.8,0.0,89.0,0.0,0.0,0.0,4.5,0.5,0.5,5.0,13.0,46.0,79.0,75.5,18.0,0.0,0.0,45.0,1,46.501,6.6005,8500.0,450.0,0.0,10,4.5,45.0,8498.7,-12.3,8500.0,False,False,False,False,False,False,False,False,False,False,False,True,True,True,True,False,True,False,False,False,False,False,False,False
4775040,STATE_ARMED,11.8,0.0,89.0,0.0,0.0,0.0,4.5,0.5,0.5,5.0,13.0,46.0,79.0,75.5,18.0,0.0,0.0,45.0,1,46.501,6.6005,8500.0,450.0,0.0,10,4.5,45.0,8498.7,-12.3,8500.0,False,False,False,False,False,False,False,False,False,False,False,True,True,True,True,False,True,False,False,False,False,False,False,False
4775542,STATE_ARMED,11.8,0.0,89.0,0.0,0.0,0.0,4.5,0.5,0.5,5.0,13.0,46.0,79.0,75.5,18.0,0.0,0.0,45.0,1,46.501,6.6005,8500.0,450.0,0.0,10,4.5,45.0,8498.7,-12.3,8500.0,False,False,False,False,False,False,False,False,False,False,False,True,True,True,True,False,True,False,False,False,False,False,False,False
4776048,STATE_ARMED,11.8,0.0,89.0,0.0,0.0,0.0,4.5,0.5,0.5,5.0,13.0,46.0,79.0,75.5,18.0,0.0,0.0,45.0,1,46.501,6.6005,8500.0,450.0,0.0,10,4.5,45.0,8498.7,-12.3,8500.0,False,False,False,False,False,False,False,False,False,False,False,True,True,True,True,False,True,False,False,False,False,False,False,False
4776556,STATE_ARMED,11.8,0.0,89.0,0.0,0.0,0.0,4.5,0.5,0.5,5.0,13.0,46.0,79.0,75.5,18.0,0.0,0.0,45.0,1,46.501,6.6005,8500.0,450.0,0.0,10,4.5,45.0,8498.7,-12.3,8500.0,False,False,False,False,False,False,False,False,False,False,False,True,True,True,True,False,True,False,False,False,False,False,False,False
4777061,STATE_ARMED,11.8,0.0,89.0,0.0,0.0,0.0,4.5,0.5,0.5,5.0,13.0,46.0,79.0,75.5,18.0,0.0,0.0,45.0,1,46.501,6.6005,8500.0,450.0,0.0,10,4.5,45.0,8498.7,-12.3,8500.0,False,False,False,False,False,False,False,False,False,False,False,True,True,True,True,False,True,False,False,False,False,False,False,False
4777567,STATE_ARMED,11.8,0.0,89.0,0.0,0.0,0.0,4.5,0.5,0.5,5.0,13.0,46.0,79.0,75.5,18.0,0.0,0.0,45.0,1,46.501,6.6005,8500.0,450.0,0.0,10,4.5,45.0,8498.7,-12.3,8500.0,False,False,False,False,False,False,False,False,False,False,False,True,True,True,True,False,True,False,False,False,False,False,False,False
4778074,STATE_ARMED,11.8,0.0,89.0,0.0,0.0,0.0,4.5,0.5,0.5,5.0,13.0,46.0,79.0,75.5,18.0,0.0,0.0,45.0,1,46.501,6.6005,8500.0,450.0,0.0,10,4.5,45.0,8498.7,-12.3,8500.0,False,False,False,False,False,False,False,False,False,False,False,True,True,True,True,False,True,False,False,False,False,False,False,False
4778579,STATE_ARMED,11.8,0.0,89.0,0.0,0.0,0.0,4.5,0.5,0.5,5.0,13.0,46.0,79.0,75.5,18.0,0.0,0.0,45.0,1,46.501,6.6005,8500.0,450.0,0.0,10,4.5,45.0,8498.7,-12.3,8500.0,False,False,False,False,False,False,False,False,False,False,False,True,True,True,True,False,True,False,False,False,False,False,False,False
4779084,STATE_ARMED,11.8,0.0,89.0,0.0,0.0,0.0,4.5,0.5,0.5,5.0,13.0,46.0,79.0,75.5,18.0,0.0,0.0,45.0,1,46.501,6.6005,8500.0,450.0,0.0,10,4.5,45.0,8498.7,-12.3,8500.0,False,False,False,False,False,False,False,False,False,False,False,True,True,True,True,False,True,False,False,False,False,False,False,False
4779594,STATE_ARMED,11.8,0.0,89.0,0.0,0.0,0.0,4.5,0.5,0.5,5.0,13.0,46.0,79.0,75.5,18.0,0.0,0.0,45.0,1,46.501,6.6005,8500.0,450.0,0.0,10,4.5,45.0,8498.7,-12.3,8500.0,False,False,False,False,False,False,False,False,False,False,False,True,True,True,True,False,True,False,False,False,False,False,False,False
4780097,STATE_ARMED,11.8,0.0,89.0,0.0,0.0,0.0,4.5,0.5,0.5,5.0,13.0,46.0,79.0,75.5,18.0,0.0,0.0,45.0,1,46.501,6.6005,8500.0,450.0,0.0,10,4.5,45.0,8498.7,-12.3,8500.0,False,False,False,False,False,False,False,False,False,False,False,True,True,True,True,False,True,False,False,False,False,False,False,False
4780601,STATE_ARMED,11.8,0.0,89.0,0.0,0.0,0.0,4.5,0.5,0.5,5.0,13.0,46.0,79.0,75.5,18.0,0.0,0.0,45.0,1,46.501,6.6005,8500.0,450.0,0.0,10,4.5,45.0,8498.7,-12.3,8500.0,False,False,False,False,False,False,False,False,False,False,False,True,True,True,True,False,True,False,False,False,False,False,False,False
4781107,STATE_ARMED,11.8,0.0,89.0,0.0,0.0,0.0,4.5,0.5,0.5,5.0,13.0,46.0,79.0,75.5,18.0,0.0,0.0,45.0,1,46.501,6.6005,8500.0,450.0,0.0,10,4.5,45.0,8498.7,-12.3,8500.0,False,False,False,False,False,False,False,False,False,False,False,True,True,True,True,False,True,False,False,False,False,False,False,False
4781611,STATE_ARMED,11.8,0.0,89.0,0.0,0.0,0.0,4.5,0.5,0.5,5.0,13.0,46.0,79.0,75.5,18.0,0.0,0.0,45.0,1,46.501,6.6005,8500.0,450.0,0.0,10,4.5,45.0,8498.7,-12.3,8500.0,False,False,False,False,False,False,False,False,False,False,False,True,True,True,True,False,True,False,False,False,False,False,False,False
4782115,STATE_ARMED,11.8,0.0,89.0,0.0,0.0,0.0,4.5,0.5,0.5,5.0,13.0,46.0,79.0,75.5,18.0,0.0,0.0,45.0,1,46.501,6.6005,8500.0,450.0,0.0,10,4.5,45.0,8498.7,-12.3,8500.0,False,False,False,False,False,False,False,False,False,False,False,True,True,True,True,False,True,False,False,False,False,False,False,False
4782620,STATE_ARMED,11.8,0.0,89.0,0.0,0.0,0.0,4.5,0.5,0.5,5.0,13.0,46.0,79.0,75.5,18.0,0.0,0.0,45.0,1,46.501,6.6005,8500.0,450.0,0.0,10,4.5,45.0,8498.7,-12.3,8500.0,False,False,False,False,False,False,False,False,False,False,False,True,True,True,True,False,True,False,False,False,False,False,False,False
4783128,STATE_ARMED,11.8,0.0,89.0,0.0,0.0,0.0,4.5,0.5,0.5,5.0,13.0,46.0,79.0,75.5,18.0,0.0,0.0,45.0,1,46.501,6.6005,8500.0,450.0,0.0,10,4.5,45.0,8498.7,-12.3,8500.0,False,False,False,False,False,False,False,False,False,False,False,True,True,True,True,False,True,False,False,False,False,False,False,False
4783630,STATE_ARMED,11.8,0.0,89.0,0.0,0.0,0.0,4.5,0.5,0.5,5.0,13.0,46.0,79.0,75.5,18.0,0.0,0.0,45.0,1,46.501,6.6005,8500.0,450.0,0.0,10,4.5,45.0,8498.7,-12.3,8500.0,False,False,False,False,False,False,False,False,False,False,False,True,True,True,True,False,True,False,False,False,False,False,False,False
4784132,STATE_ARMED,11.8,0.0,89.0,0.0,0.0,0.0,4.5,0.5,0.5,5.0,13.0,46.0,79.0,75.5,18.0,0.0,0.0,45.0,1,46.501,6.6005,8500.0,450.0,0.0,10,4.5,45.0,8498.7,-12.3,8500.0,False,False,False,False,False,False,False,False,False,False,False,True,True,True,True,False,True,False,False,False,False,False,False,False
4784638,STATE_ARMED,11.8,0.0,89.0,0.0,0.0,0.0,4.5,0.5,0.5,5.0,13.0,46.0,79.0,75.5,18.0,0.0,0.0,45.0,1,46.501,6.6005,8500.0,450.0,0.0,10,4.5,45.0,8498.7,-12.3,8500.0,False,False,False,False,False,False,False,False,False,False,False,True,True,True,True,False,True,False,False,False,False,False,False,False
4785141,STATE_ARMED,11.8,0.0,89.0,0.0,0.0,0.0,4.5,0.5,0.5,5.0,13.0,46.0,79.0,75.5,18.0,0.0,0.0,45.0,1,46.501,6.6005,8500.0,450.0,0.0,10,4.5,45.0,8498.7,-12.3,8500.0,False,False,False,False,False,False,False,False,False,False,False,True,True,True,True,False,True,False,False,False,False,False,False,False
4785643,STATE_ARMED,11.8,0.0,89.0,0.0,0.0,0.0,4.5,0.5,0.5,5.0,13.0,46.0,79.0,75.5,18.0,0.0,0.0,45.0,1,46.501,6.6005,8500.0,450.0,0.0,10,4.5,45.0,8498.7,-12.3,8500.0,False,False,False,False,False,False,False,False,False,False,False,True,True,True,True,False,True,False,False,False,False,False,False,False
4786146,STATE_ARMED,11.8,0.0,89.0,0.0,0.0,0.0,4.5,0.5,0.5,5.0,13.0,46.0,79.0,75.5,18.0,0.0,0.0,45.0,1,46.501,6.6005,8500.0,450.0,0.0,10,4.5,45.0,8498.7,-12.3,8500.0,False,False,False,False,False,False,False,False,False,False,False,True,True,True,True,False,True,False,False,False,False,False,False,False
4786648,STATE_ARMED,11.8,0.0,89.0,0.0,0.0,0.0,4.5,0.5,0.5,5.0,13.0,46.0,79.0,75.5,18.0,0.0,0.0,45.0,1,46.501,6.6005,8500.0,450.0,0.0,10,4.5,45.0,8498.7,-12.3,8500.0,False,False,False,False,False,False,False,False,False,False,False,True,True,True,True,False,True,False,False,False,False,False,False,False
4787150,STATE_ARMED,11.8,0.0,89.0,0.0,0.0,0.0,4.5,0.5,0.5,5.0,13.0,46.0,79.0,75.5,18.0,0.0,0.0,45.0,1,46.501,6.6005,8500.0,450.0,0.0,10,4.5,45.0,8498.7,-12.3,8500.0,False,False,False,False,False,False,False,False,False,False,False,True,True,True,True,False,True,False,False,False,False,False,False,False
4787652,STATE_ARMED,11.8,0.0,89.0,0.0,0.0,0.0,4.5,0.5,0.5,5.0,13.0,46.0,79.0,75.5,18.0,0.0,0.0,45.0,1,46.501,6.6005,8500.0,450.0,0.0,10,4.5,45.0,8498.7,-12.3,8500.0,False,False,False,False,False,False,False,False,False,False,False,True,True,True,True,False,True,False,False,False,False,False,False,False
4788155,STATE_ARMED,11.8,0.0,89.0,0.0,0.0,0.0,4.5,0.5,0.5,5.0,13.0,46.0,79.0,75.5,18.0,0.0,0.0,45.0,1,46.501,6.6005,8500.0,450.0,0.0,10,4.5,45.0,8498.7,-12.3,8500.0,False,False,False,False,False,False,False,False,False,False,False,True,True,True,True,False,True,False,False,False,False,False,False,False
4788659,STATE_ARMED,11.8,0.0,89.0,0.0,0.0,0.0,4.5,0.5,0.5,5.0,13.0,46.0,79.0,75.5,18.0,0.0,0.0,45.0,1,46.501,6.6005,8500.0,450.0,0.0,10,4.5,45.0,8498.7,-12.3,8500.0,False,False,False,False,False,False,False,False,False,False,False,True,True,True,True,False,True,False,False,False,False,False,False,False
4789164,STATE_ARMED,11.8,0.0,89.0,0.0,0.0,0.0,4.5,0.5,0.5,5.0,13.0,46.0,79.0,75.5,18.0,0.0,0.0,45.0,1,46.501,6.6005,8500.0,450.0,0.0,10,4.5,45.0,8498.7,-12.3,8500.0,False,False,False,False,False,False,False,False,False,False,False,True,True,True,True,False,True,False,False,False,False,False,False,False
4789668,STATE_ARMED,11.8,0.0,89.0,0.0,0.0,0.0,4.5,0.5,0.5,5.0,13.0,46.0,79.0,75.5,18.0,0.0,0.0,45.0,1,46.501,6.6005,8500.0,450.0,0.0,10,4.5,45.0,8498.7,-12.3,8500.0,False,False,False,False,False,False,False,False,False,False,False,True,True,True,True,False,True,False,False,False,False,False,False,False
4790171,STATE_ARMED,11.8,0.0,89.0,0.0,0.0,0.0,4.5,0.5,0.5,5.0,13.0,46.0,79.0,75.5,18.0,0.0,0.0,45.0,1,46.501,6.6005,8500.0,450.0,0.0,10,4.5,45.0,8498.7,-12.3,8500.0,False,False,False,False,False,False,False,False,False,False,False,True,True,True,True,False,True,False,False,False,False,False,False,False
4790677,STATE_ARMED,11.8,0.0,89.0,0.0,0.0,0.0,4.5,0.5,0.5,5.0,13.0,46.0,79.0,75.5,18.0,0.0,0.0,45.0,1,46.501,6.6005,8500.0,450.0,0.0,10,4.5,45.0,8498.7,-12.3,8500.0,False,False,False,False,False,False,False,False,False,False,False,True,True,True,True,False,True,False,False,False,False,False,False,False
4791181,STATE_ARMED,11.8,0.0,89.0,0.0,0.0,0.0,4.5,0.5,0.5,5.0,13.0,46.0,79.0,75.5,18.0,0.0,0.0,45.0,1,46.501,6.6005,8500.0,450.0,0.0,10,4.5,45.0,8498.7,-12.3,8500.0,False,False,False,False,False,False,False,False,False,False,False,True,True,True,True,False,True,False,False,False,False,False,False,False
4791688,STATE_ARMED,11.8,0.0,89.0,0.0,0.0,0.0,4.5,0.5,0.5,5.0,13.0,46.0,79.0,75.5,18.0,0.0,0.0,45.0,1,46.501,6.6005,8500.0,450.0,0.0,10,4.5,45.0,8498.7,-12.3,8500.0,False,False,False,False,False,False,False,False,False,False,False,True,True,True,True,False,True,False,False,False,False,False,False,False
4792190,STATE_ARMED,11.8,0.0,89.0,0.0,0.0,0.0,4.5,0.5,0.5,5.0,13.0,46.0,79.0,75.5,18.0,0.0,0.0,45.0,1,46.501,6.6005,8500.0,450.0,0.0,10,4.5,45.0,8498.7,-12.3,8500.0,False,False,False,False,False,False,False,False,False,False,False,True,True,True,True,False,True,False,False,False,False,False,False,False
4792696,STATE_ARMED,11.8,0.0,89.0,0.0,0.0,0.0,4.5,0.5,0.5,5.0,13.0,46.0,79.0,75.5,18.0,0.0,0.0,45.0,1,46.501,6.6005,8500.0,450.0,0.0,10,4.5,45.0,8498.7,-12.3,8500.0,False,False,False,False,False,False,False,False,False,False,False,True,True,True,True,False,True,False,False,False,False,False,False,False
4793198,STATE_ARMED,11.8,0.0,89.0,0.0,0.0,0.0,4.5,0.5,0.5,5.0,13.0,46.0,79.0,75.5,18.0,0.0,0.0,45.0,1,46.501,6.6005,8500.0,450.0,0.0,10,4.5,45.0,8498.7,-12.3,8500.0,False,False,False,False,False,False,False,False,False,False,False,True,True,True,True,False,True,False,False,False,False,False,False,False
4793702,STATE_ARMED,11.8,0.0,89.0,0.0,0.0,0.0,4.5,0.5,0.5,5.0,13.0,46.0,79.0,75.5,18.0,0.0,0.0,45.0,1,46.501,6.6005,8500.0,450.0,0.0,10,4.5,45.0,8498.7,-12.3,8500.0,False,False,False,False,False,False,False,False,False,False,False,True,True,True,True,False,True,False,False,False,False,False,False,False
4794205,STATE_ARMED,11.8,0.0,89.0,0.0,0.0,0.0,4.5,0.5,0.5,5.0,13.0,46.0,79.0,75.5,18.0,0.0,0.0,45.0,1,46.501,6.6005,8500.0,450.0,0.0,10,4.5,45.0,8498.7,-12.3,8500.0,False,False,False,False,False,False,False,False,False,False,False,True,True,True,True,False,True,False,False,False,False,False,False,False
4794710,STATE_ARMED,11.8,0.0,89.0,0.0,0.0,0.0,4.5,0.5,0.5,5.0,13.0,46.0,79.0,75.5,18.0,0.0,0.0,45.0,1,46.501,6.6005,8500.0,450.0,0.0,10,4.5,45.0,8498.7,-12.3,8500.0,False,False,False,False,False,False,False,False,False,False,False,True,True,True,True,False,True,False,False,False,False,False,False,False
4795212,STATE_ARMED,11.8,0.0,89.0,0.0,0.0,0.0,4.5,0.5,0.5,5.0,13.0,46.0,79.0,75.5,18.0,0.0,0.0,45.0,1,46.501,6.6005,8500.0,450.0,0.0,10,4.5,45.0,8498.7,-12.3,8500.0,False,False,False,False,False,False,False,False,False,False,False,True,True,True,True,False,True,False,False,False,False,False,False,False
4795718,STATE_ARMED,11.8,0.0,89.0,0.0,0.0,0.0,4.5,0.5,0.5,5.0,13.0,46.0,79.0,75.5,18.0,0.0,0.0,45.0,1,46.501,6.6005,8500.0,450.0,0.0,10,4.5,45.0,8498.7,-12.3,8500.0,False,False,False,False,False,False,False,False,False,False,False,True,True,True,True,False,True,False,False,False,False,False,False,False
4796225,STATE_ARMED,11.8,0.0,89.0,0.0,0.0,0.0,4.5,0.5,0.5,5.0,13.0,46.0,79.0,75.5,18.0,0.0,0.0,45.0,1,46.501,6.6005,8500.0,450.0,0.0,10,4.5,45.0,8498.7,-12.3,8500.0,False,False,False,False,False,False,False,False,False,False,False,True,True,True,True,False,True,False,False,False,False,False,False,False
4796728,STATE_ARMED,11.8,0.0,89.0,0.0,0.0,0.0,4.5,0.5,0.5,5.0,13.0,46.0,79.0,75.5,18.0,0.0,0.0,45.0,1,46.501,6.6005,8500.0,450.0,0.0,10,4.5,45.0,8498.7,-12.3,8500.0,False,False,False,False,False,False,False,False,False,False,False,True,True,True,True,False,True,False,False,False,False,False,False,False
4797232,STATE_ARMED,11.8,0.0,89.0,0.0,0.0,0.0,4.5,0.5,0.5,5.0,13.0,46.0,79.0,75.5,18.0,0.0,0.0,45.0,1,46.501,6.6005,8500.0,450.0,0.0,10,4.5,45.0,8498.7,-12.3,8500.0,False,False,False,False,False,False,False,False,False,False,False,True,True,True,True,False,True,False,False,False,False,False,False,False
4797736,STATE_ARMED,11.8,0.0,89.0,0.0,0.0,0.0,4.5,0.5,0.5,5.0,13.0,46.0,79.0,75.5,18.0,0.0,0.0,45.0,1,46.501,6.6005,8500.0,450.0,0.0,10,4.5,45.0,8498.7,-12.3,8500.0,False,False,False,False,False,False,False,False,False,False,False,True,True,True,True,False,True,False,False,False,False,False,False,False
4798243,STATE_ARMED,11.8,0.0,89.0,0.0,0.0,0.0,4.5,0.5,0.5,5.0,13.0,46.0,79.0,75.5,18.0,0.0,0.0,45.0,1,46.501,6.6005,8500.0,450.0,0.0,10,4.5,45.0,8498.7,-12.3,8500.0,False,False,False,False,False,False,False,False,False,False,False,True,True,True,True,False,True,False,False,False,False,False,False,False
4798749,STATE_ARMED,11.8,0.0,89.0,0.0,0.0,0.0,4.5,0.5,0.5,5.0,13.0,46.0,79.0,75.5,18.0,0.0,0.0,45.0,1,46.501,6.6005,8500.0,450.0,0.0,10,4.5,45.0,8498.7,-12.3,8500.0,False,False,False,False,False,False,False,False,False,False,False,True,True,True,True,False,True,False,False,False,False,False,False,False
4799256,STATE_ARMED,11.8,0.0,89.0,0.0,0.0,0.0,4.5,0.5,0.5,5.0,13.0,46.0,79.0,75.5,18.0,0.0,0.0,45.0,1,46.501,6.6005,8500.0,450.0,0.0,10,4.5,45.0,8498.7,-12.3,8500.0,False,False,False,False,False,False,False,False,False,False,False,True,True,True,True,False,True,False,False,False,False,False,False,False
4799761,STATE_ARMED,11.8,0.0,89.0,0.0,0.0,0.0,4.5,0.5,0.5,5.0,13.0,46.0,79.0,75.5,18.0,0.0,0.0,45.0,1,46.501,6.6005,8500.0,450.0,0.0,10,4.5,45.0,8498.7,-12.3,8500.0,False,False,False,False,False,False,False,False,False,False,False,True,True,True,True,False,True,False,False,False,False,False,False,False
4800266,STATE_ARMED,11.8,0.0,89.0,0.0,0.0,0.0,4.5,0.5,0.5,5.0,13.0,46.0,79.0,75.5,18.0,0.0,0.0,45.0,1,46.501,6.6005,8500.0,450.0,0.0,10,4.5,45.0,8498.7,-12.3,8500.0,False,False,False,False,False,False,False,False,False,False,False,True,True,True,True,False,True,False,False,False,False,False,False,False
4800769,STATE_ARMED,11.8,0.0,89.0,0.0,0.0,0.0,4.5,0.5,0.5,5.0,13.0,46.0,79.0,75.5,18.0,0.0,0.0,45.0,1,46.501,6.6005,8500.0,450.0,0.0,10,4.5,45.0,8498.7,-12.3,8500.0,False,False,False,False,False,False,False,False,False,False,False,True,True,True,True,False,True,False,False,False,False,False,False,False
4801274,STATE_ARMED,11.8,0.0,89.0,0.0,0.0,0.0,4.5,0.5,0.5,5.0,13.0,46.0,79.0,75.5,18.0,0.0,0.0,45.0,1,46.501,6.6005,8500.0,450.0,0.0,10,4.5,45.0,8498.7,-12.3,8500.0,False,False,False,False,False,False,False,False,False,False,False,True,True,True,True,False,True,False,False,False,False,False,False,False
4801780,STATE_ARMED,11.8,0.0,89.0,0.0,0.0,0.0,4.5,0.5,0.5,5.0,13.0,46.0,79.0,75.5,18.0,0.0,0.0,45.0,1,46.501,6.6005,8500.0,450.0,0.0,10,4.5,45.0,8498.7,-12.3,8500.0,False,False,False,False,False,False,False,False,False,False,False,True,True,True,True,False,True,False,False,False,False,False,False,False
4802285,STATE_ARMED,11.8,0.0,89.0,0.0,0.0,0.0,4.5,0.5,0.5,5.0,13.0,46.0,79.0,75.5,18.0,0.0,0.0,45.0,1,46.501,6.6005,8500.0,450.0,0.0,10,4.5,45.0,8498.7,-12.3,8500.0,False,False,False,False,False,False,False,False,False,False,False,True,True,True,True,False,True,False,False,False,False,False,False,False
4802788,STATE_ARMED,11.8,0.0,89.0,0.0,0.0,0.0,4.5,0.5,0.5,5.0,13.0,46.0,79.0,75.5,18.0,0.0,0.0,45.0,1,46.501,6.6005,8500.0,450.0,0.0,10,4.5,45.0,8498.7,-12.3,8500.0,False,False,False,False,False,False,False,False,False,False,False,True,True,True,True,False,True,False,False,False,False,False,False,False
4803292,STATE_ARMED,11.8,0.0,89.0,0.0,0.0,0.0,4.5,0.5,0.5,5.0,13.0,46.0,79.0,75.5,18.0,0.0,0.0,45.0,1,46.501,6.6005,8500.0,450.0,0.0,10,4.5,45.0,8498.7,-12.3,8500.0,False,False,False,False,False,False,False,False,False,False,False,True,True,True,True,False,True,False,False,False,False,False,False,False
4803796,STATE_ARMED,11.8,0.0,89.0,0.0,0.0,0.0,4.5,0.5,0.5,5.0,13.0,46.0,79.0,75.5,18.0,0.0,0.0,45.0,1,46.501,6.6005,8500.0,450.0,0.0,10,4.5,45.0,8498.7,-12.3,8500.0,False,False,False,False,False,False,False,False,False,False,False,True,True,True,True,False,True,False,False,False,False,False,False,False
4804309,STATE_ARMED,11.8,0.0,89.0,0.0,0.0,0.0,4.5,0.5,0.5,5.0,13.0,46.0,79.0,75.5,18.0,0.0,0.0,45.0,1,46.501,6.6005,8500.0,450.0,0.0,10,4.5,45.0,8498.7,-12.3,8500.0,False,False,False,False,False,False,False,False,False,False,False,True,True,True,True,False,True,False,False,False,False,False,False,False
4804811,STATE_ARMED,11.8,0.0,89.0,0.0,0.0,0.0,4.5,0.5,0.5,5.0,13.0,46.0,79.0,75.5,18.0,0.0,0.0,45.0,1,46.501,6.6005,8500.0,450.0,0.0,10,4.5,45.0,8498.7,-12.3,8500.0,False,False,False,False,False,False,False,False,False,False,False,True,True,True,True,False,True,False,False,False,False,False,False,False
4805312,STATE_ARMED,11.8,0.0,89.0,0.0,0.0,0.0,4.5,0.5,0.5,5.0,13.0,46.0,79.0,75.5,18.0,0.0,0.0,45.0,1,46.501,6.6005,8500.0,450.0,0.0,10,4.5,45.0,8498.7,-12.3,8500.0,False,False,False,False,False,False,False,False,False,False,False,True,True,True,True,False,True,False,False,False,False,False,False,False
4805815,STATE_ARMED,11.8,0.0,89.0,0.0,0.0,0.0,4.5,0.5,0.5,5.0,13.0,46.0,79.0,75.5,18.0,0.0,0.0,45.0,1,46.501,6.6005,8500.0,450.0,0.0,10,4.5,45.0,8498.7,-12.3,8500.0,False,False,False,False,False,False,False,False,False,False,False,True,True,True,True,False,True,False,False,False,False,False,False,False
4806316,STATE_ARMED,11.8,0.0,89.0,0.0,0.0,0.0,4.5,0.5,0.5,5.0,13.0,46.0,79.0,75.5,18.0,0.0,0.0,45.0,1,46.501,6.6005,8500.0,450.0,0.0,10,4.5,45.0,8498.7,-12.3,8500.0,False,False,False,False,False,False,False,False,False,False,False,True,True,True,True,False,True,False,False,False,False,False,False,False
4806820,STATE_ARMED,11.8,0.0,89.0,0.0,0.0,0.0,4.5,0.5,0.5,5.0,13.0,46.0,79.0,75.5,18.0,0.0,0.0,45.0,1,46.501,6.6005,8500.0,450.0,0.0,10,4.5,45.0,8498.7,-12.3,8500.0,False,False,False,False,False,False,False,False,False,False,False,True,True,True,True,False,True,False,False,False,False,False,False,False
4807325,STATE_ARMED,11.8,0.0,89.0,0.0,0.0,0.0,4.5,0.5,0.5,5.0,13.0,46.0,79.0,75.5,18.0,0.0,0.0,45.0,1,46.501,6.6005,8500.0,450.0,0.0,10,4.5,45.0,8498.7,-12.3,8500.0,False,False,False,False,False,False,False,False,False,False,False,True,True,True,True,False,True,False,False,False,False,False,False,False
4807831,STATE_ARMED,11.8,0.0,89.0,0.0,0.0,0.0,4.5,0.5,0.5,5.0,13.0,46.0,79.0,75.5,18.0,0.0,0.0,45.0,1,46.501,6.6005,8500.0,450.0,0.0,10,4.5,45.0,8498.7,-12.3,8500.0,False,False,False,False,False,False,False,False,False,False,False,True,True,True,True,False,True,False,False,False,False,False,False,False
4808334,STATE_ARMED,11.8,0.0,89.0,0.0,0.0,0.0,4.5,0.5,0.5,5.0,13.0,46.0,79.0,75.5,18.0,0.0,0.0,45.0,1,46.501,6.6005,8500.0,450.0,0.0,10,4.5,45.0,8498.7,-12.3,8500.0,False,False,False,False,False,False,False,False,False,False,False,True,True,True,True,False,True,False,False,False,False,False,False,False
4808839,STATE_ARMED,11.8,0.0,89.0,0.0,0.0,0.0,4.5,0.5,0.5,5.0,13.0,46.0,79.0,75.5,18.0,0.0,0.0,45.0,1,46.501,6.6005,8500.0,450.0,0.0,10,4.5,45.0,8498.7,-12.3,8500.0,False,False,False,False,False,False,False,False,False,False,False,True,True,True,True,False,True,False,False,False,False,False,False,False
4809341,STATE_ARMED,11.8,0.0,89.0,0.0,0.0,0.0,4.5,0.5,0.5,5.0,13.0,46.0,79.0,75.5,18.0,0.0,0.0,45.0,1,46.501,6.6005,8500.0,450.0,0.0,10,4.5,45.0,8498.7,-12.3,8500.0,False,False,False,False,False,False,False,False,False,False,False,True,True,True,True,False,True,False,False,False,False,False,False,False
4809852,STATE_ARMED,11.8,0.0,89.0,0.0,0.0,0.0,4.5,0.5,0.5,5.0,13.0,46.0,79.0,75.5,18.0,0.0,0.0,45.0,1,46.501,6.6005,8500.0,450.0,0.0,10,4.5,45.0,8498.7,-12.3,8500.0,False,False,False,False,False,False,False,False,False,False,False,True,True,True,True,False,True,False,False,False,False,False,False,False
4810356,STATE_ARMED,11.8,0.0,89.0,0.0,0.0,0.0,4.5,0.5,0.5,5.0,13.0,46.0,79.0,75.5,18.0,0.0,0.0,45.0,1,46.501,6.6005,8500.0,450.0,0.0,10,4.5,45.0,8498.7,-12.3,8500.0,False,False,False,False,False,False,False,False,False,False,False,True,True,True,True,False,True,False,False,False,False,False,False,False
4810859,STATE_ARMED,11.8,0.0,89.0,0.0,0.0,0.0,4.5,0.5,0.5,5.0,13.0,46.0,79.0,75.5,18.0,0.0,0.0,45.0,1,46.501,6.6005,8500.0,450.0,0.0,10,4.5,45.0,8498.7,-12.3,8500.0,False,False,False,False,False,False,False,False,False,False,False,True,True,True,True,False,True,False,False,False,False,False,False,False
4811361,STATE_ARMED,11.8,0.0,89.0,0.0,0.0,0.0,4.5,0.5,0.5,5.0,13.0,46.0,79.0,75.5,18.0,0.0,0.0,45.0,1,46.501,6.6005,8500.0,450.0,0.0,10,4.5,45.0,8498.7,-12.3,8500.0,False,False,False,False,False,False,False,False,False,False,False,True,True,True,True,False,True,False,False,False,False,False,False,False
4811863,STATE_ARMED,11.8,0.0,89.0,0.0,0.0,0.0,4.5,0.5,0.5,5.0,13.0,46.0,79.0,75.5,18.0,0.0,0.0,45.0,1,46.501,6.6005,8500.0,450.0,0.0,10,4.5,45.0,8498.7,-12.3,8500.0,False,False,False,False,False,False,False,False,False,False,False,True,True,True,True,False,True,False,False,False,False,False,False,False
4812367,STATE_ARMED,11.8,0.0,89.0,0.0,0.0,0.0,4.5,0.5,0.5,5.0,13.0,46.0,79.0,75.5,18.0,0.0,0.0,45.0,1,46.501,6.6005,8500.0,450.0,0.0,10,4.5,45.0,8498.7,-12.3,8500.0,False,False,False,False,False,False,False,False,False,False,False,True,True,True,True,False,True,False,False,False,False,False,False,False
4812876,STATE_ARMED,11.8,0.0,89.0,0.0,0.0,0.0,4.5,0.5,0.5,5.0,13.0,46.0,79.0,75.5,18.0,0.0,0.0,45.0,1,46.501,6.6005,8500.0,450.0,0.0,10,4.5,45.0,8498.7,-12.3,8500.0,False,False,False,False,False,False,False,False,False,False,False,True,True,True,True,False,True,False,False,False,False,False,False,False
4813378,STATE_ARMED,11.8,0.0,89.0,0.0,0.0,0.0,4.5,0.5,0.5,5.0,13.0,46.0,79.0,75.5,18.0,0.0,0.0,45.0,1,46.501,6.6005,8500.0,450.0,0.0,10,4.5,45.0,8498.7,-12.3,8500.0,False,False,False,False,False,False,False,False,False,False,False,True,True,True,True,False,True,False,False,False,False,False,False,False
4813883,STATE_ARMED,11.8,0.0,89.0,0.0,0.0,0.0,4.5,0.5,0.5,5.0,13.0,46.0,79.0,75.5,18.0,0.0,0.0,45.0,1,46.501,6.6005,8500.0,450.0,0.0,10,4.5,45.0,8498.7,-12.3,8500.0,False,False,False,False,False,False,False,False,False,False,False,True,True,True,True,False,True,False,False,False,False,False,False,False
4814386,STATE_ARMED,11.8,0.0,89.0,0.0,0.0,0.0,4.5,0.5,0.5,5.0,13.0,46.0,79.0,75.5,18.0,0.0,0.0,45.0,1,46.501,6.6005,8500.0,450.0,0.0,10,4.5,45.0,8498.7,-12.3,8500.0,False,False,False,False,False,False,False,False,False,False,False,True,True,True,True,False,True,False,False,False,False,False,False,False
4814887,STATE_ARMED,11.8,0.0,89.0,0.0,0.0,0.0,4.5,0.5,0.5,5.0,13.0,46.0,79.0,75.5,18.0,0.0,0.0,45.0,1,46.501,6.6005,8500.0,450.0,0.0,10,4.5,45.0,8498.7,-12.3,8500.0,False,False,False,False,False,False,False,False,False,False,False,True,True,True,True,False,True,False,False,False,False,False,False,False
4815391,STATE_ARMED,11.8,0.0,89.0,0.0,0.0,0.0,4.5,0.5,0.5,5.0,13.0,46.0,79.0,75.5,18.0,0.0,0.0,45.0,1,46.501,6.6005,8500.0,450.0,0.0,10,4.5,45.0,8498.7,-12.3,8500.0,False,False,False,False,False,False,False,False,False,False,False,True,True,True,True,False,True,False,False,False,False,False,False,False
4815898,STATE_ARMED,11.8,0.0,89.0,0.0,0.0,0.0,4.5,0.5,0.5,5.0,13.0,46.0,79.0,75.5,18.0,0.0,0.0,45.0,1,46.501,6.6005,8500.0,450.0,0.0,10,4.5,45.0,8498.7,-12.3,8500.0,False,False,False,False,False,False,False,False,False,False,False,True,True,True,True,False,True,False,False,False,False,False,False,False
4816401,STATE_ARMED,11.8,0.0,89.0,0.0,0.0,0.0,4.5,0.5,0.5,5.0,13.0,46.0,79.0,75.5,18.0,0.0,0.0,45.0,1,46.501,6.6005,8500.0,450.0,0.0,10,4.5,45.0,8498.7,-12.3,8500.0,False,False,False,False,False,False,False,False,False,False,False,True,True,True,True,False,True,False,False,False,False,False,False,False
4816906,STATE_ARMED,11.8,0.0,89.0,0.0,0.0,0.0,4.5,0.5,0.5,5.0,13.0,46.0,79.0,75.5,18.0,0.0,0.0,45.0,1,46.501,6.6005,8500.0,450.0,0.0,10,4.5,45.0,8498.7,-12.3,8500.0,False,False,False,False,False,False,False,False,False,False,False,True,True,True,True,False,True,False,False,False,False,False,False,False
4817408,STATE_ARMED,11.8,0.0,89.0,0.0,0.0,0.0,4.5,0.5,0.5,5.0,13.0,46.0,79.0,75.5,18.0,0.0,0.0,45.0,1,46.501,6.6005,8500.0,450.0,0.0,10,4.5,45.0,8498.7,-12.3,8500.0,False,False,False,False,False,False,False,False,False,False,False,True,True,True,True,False,True,False,False,False,False,False,False,False
4817912,STATE_ARMED,11.8,0.0,89.0,0.0,0.0,0.0,4.5,0.5,0.5,5.0,13.0,46.0,79.0,75.5,18.0,0.0,0.0,45.0,1,46.501,6.6005,8500.0,450.0,0.0,10,4.5,45.0,8498.7,-12.3,8500.0,False,False,False,False,False,False,False,False,False,False,False,True,True,True,True,False,True,False,False,False,False,False,False,False
4818415,STATE_ARMED,11.8,0.0,89.0,0.0,0.0,0.0,4.5,0.5,0.5,5.0,13.0,46.0,79.0,75.5,18.0,0.0,0.0,45.0,1,46.501,6.6005,8500.0,450.0,0.0,10,4.5,45.0,8498.7,-12.3,8500.0,False,False,False,False,False,False,False,False,False,False,False,True,True,True,True,False,True,False,False,False,False,False,False,False
4818918,STATE_ARMED,11.8,0.0,89.0,0.0,0.0,0.0,4.5,0.5,0.5,5.0,13.0,46.0,79.0,75.5,18.0,0.0,0.0,45.0,1,46.501,6.6005,8500.0,450.0,0.0,10,4.5,45.0,8498.7,-12.3,8500.0,False,False,False,False,False,False,False,False,False,False,False,True,True,True,True,False,True,False,False,False,False,False,False,False
4819422,STATE_ARMED,11.8,0.0,89.0,0.0,0.0,0.0,4.5,0.5,0.5,5.0,13.0,46.0,79.0,75.5,18.0,0.0,0.0,45.0,1,46.501,6.6005,8500.0,450.0,0.0,10,4.5,45.0,8498.7,-12.3,8500.0,False,False,False,False,False,False,False,False,False,False,False,True,True,True,True,False,True,False,False,False,False,False,False,False
4819929,STATE_ARMED,11.8,0.0,89.0,0.0,0.0,0.0,4.5,0.5,0.5,5.0,13.0,46.0,79.0,75.5,18.0,0.0,0.0,45.0,1,46.501,6.6005,8500.0,450.0,0.0,10,4.5,45.0,8498.7,-12.3,8500.0,False,False,False,False,False,False,False,False,False,False,False,True,True,True,True,False,True,False,False,False,False,False,False,False
4820433,STATE_ARMED,11.8,0.0,89.0,0.0,0.0,0.0,4.5,0.5,0.5,5.0,13.0,46.0,79.0,75.5,18.0,0.0,0.0,45.0,1,46.501,6.6005,8500.0,450.0,0.0,10,4.5,45.0,8498.7,-12.3,8500.0,False,False,False,False,False,False,False,False,False,False,False,True,True,True,True,False,True,False,False,False,False,False,False,False
4820937,STATE_ARMED,11.8,0.0,89.0,0.0,0.0,0.0,4.5,0.5,0.5,5.0,13.0,46.0,79.0,75.5,18.0,0.0,0.0,45.0,1,46.501,6.6005,8500.0,450.0,0.0,10,4.5,45.0,8498.7,-12.3,8500.0,False,False,False,False,False,False,False,False,False,False,False,True,True,True,True,False,True,False,False,False,False,False,False,False
4821439,STATE_ARMED,11.8,0.0,89.0,0.0,0.0,0.0,4.5,0.5,0.5,5.0,13.0,46.0,79.0,75.5,18.0,0.0,0.0,45.0,1,46.501,6.6005,8500.0,450.0,0.0,10,4.5,45.0,8498.7,-12.3,8500.0,False,False,False,False,False,False,False,False,False,False,False,True,True,True,True,False,True,False,False,False,False,False,False,False
4821944,STATE_ARMED,11.8,0.0,89.0,0.0,0.0,0.0,4.5,0.5,0.5,5.0,13.0,46.0,79.0,75.5,18.0,0.0,0.0,45.0,1,46.501,6.6005,8500.0,450.0,0.0,10,4.5,45.0,8498.7,-12.3,8500.0,False,False,False,False,False,False,False,False,False,False,False,True,True,True,True,False,True,False,False,False,False,False,False,False
4822449,STATE_ARMED,11.8,0.0,89.0,0.0,0.0,0.0,4.5,0.5,0.5,5.0,13.0,46.0,79.0,75.5,18.0,0.0,0.0,45.0,1,46.501,6.6005,8500.0,450.0,0.0,10,4.5,45.0,8498.7,-12.3,8500.0,False,False,False,False,False,False,False,False,False,False,False,True,True,True,True,False,True,False,False,False,False,False,False,False
4822956,STATE_ARMED,11.8,0.0,89.0,0.0,0.0,0.0,4.5,0.5,0.5,5.0,13.0,46.0,79.0,75.5,18.0,0.0,0.0,45.0,1,46.501,6.6005,8500.0,450.0,0.0,10,4.5,45.0,8498.7,-12.3,8500.0,False,False,False,False,False,False,False,False,False,False,False,True,True,True,True,False,True,False,False,False,False,False,False,False
4823458,STATE_ARMED,11.8,0.0,89.0,0.0,0.0,0.0,4.5,0.5,0.5,5.0,13.0,46.0,79.0,75.5,18.0,0.0,0.0,45.0,1,46.501,6.6005,8500.0,450.0,0.0,10,4.5,45.0,8498.7,-12.3,8500.0,False,False,False,False,False,False,False,False,False,False,False,True,True,True,True,False,True,False,False,False,False,False,False,False
4823963,STATE_ARMED,11.8,0.0,89.0,0.0,0.0,0.0,4.5,0.5,0.5,5.0,13.0,46.0,79.0,75.5,18.0,0.0,0.0,45.0,1,46.501,6.6005,8500.0,450.0,0.0,10,4.5,45.0,8498.7,-12.3,8500.0,False,False,False,False,False,False,False,False,False,False,False,True,True,True,True,False,True,False,False,False,False,False,False,False
4824466,STATE_ARMED,11.8,0.0,89.0,0.0,0.0,0.0,4.5,0.5,0.5,5.0,13.0,46.0,79.0,75.5,18.0,0.0,0.0,45.0,1,46.501,6.6005,8500.0,450.0,0.0,10,4.5,45.0,8498.7,-12.3,8500.0,False,False,False,False,False,False,False,False,False,False,False,True,True,True,True,False,True,False,False,False,False,False,False,False
4824968,STATE_ARMED,11.8,0.0,89.0,0.0,0.0,0.0,4.5,0.5,0.5,5.0,13.0,46.0,79.0,75.5,18.0,0.0,0.0,45.0,1,46.501,6.6005,8500.0,450.0,0.0,10,4.5,45.0,8498.7,-12.3,8500.0,False,False,False,False,False,False,False,False,False,False,False,True,True,True,True,False,True,False,False,False,False,False,False,False
4825470,STATE_ARMED,11.8,0.0,89.0,0.0,0.0,0.0,4.5,0.5,0.5,5.0,13.0,46.0,79.0,75.5,18.0,0.0,0.0,45.0,1,46.501,6.6005,8500.0,450.0,0.0,10,4.5,45.0,8498.7,-12.3,8500.0,False,False,False,False,False,False,False,False,False,False,False,True,True,True,True,False,True,False,False,False,False,False,False,False
4825974,STATE_ARMED,11.8,0.0,89.0,0.0,0.0,0.0,4.5,0.5,0.5,5.0,13.0,46.0,79.0,75.5,18.0,0.0,0.0,45.0,1,46.501,6.6005,8500.0,450.0,0.0,10,4.5,45.0,8498.7,-12.3,8500.0,False,False,False,False,False,False,False,False,False,False,False,True,True,True,True,False,True,False,False,False,False,False,False,False
4826477,STATE_ARMED,11.8,0.0,89.0,0.0,0.0,0.0,4.5,0.5,0.5,5.0,13.0,46.0,79.0,75.5,18.0,0.0,0.0,45.0,1,46.501,6.6005,8500.0,450.0,0.0,10,4.5,45.0,8498.7,-12.3,8500.0,False,False,False,False,False,False,False,False,False,False,False,True,True,True,True,False,True,False,False,False,False,False,False,False
4826987,STATE_ARMED,11.8,0.0,89.0,0.0,0.0,0.0,4.5,0.5,0.5,5.0,13.0,46.0,79.0,75.5,18.0,0.0,0.0,45.0,1,46.501,6.6005,8500.0,450.0,0.0,10,4.5,45.0,8498.7,-12.3,8500.0,False,False,False,False,False,False,False,False,False,False,False,True,True,True,True,False,True,False,False,False,False,False,False,False
4827501,STATE_ARMED,11.8,0.0,89.0,0.0,0.0,0.0,4.5,0.5,0.5,5.0,13.0,46.0,79.0,75.5,18.0,0.0,0.0,45.0,1,46.501,6.6005,8500.0,450.0,0.0,10,4.5,45.0,8498.7,-12.3,8500.0,False,False,False,False,False,False,False,False,False,False,False,True,True,True,True,False,True,False,False,False,False,False,False,False
4828003,STATE_ARMED,11.8,0.0,89.0,0.0,0.0,0.0,4.5,0.5,0.5,5.0,13.0,46.0,79.0,75.5,18.0,0.0,0.0,45.0,1,46.501,6.6005,8500.0,450.0,0.0,10,4.5,45.0,8498.7,-12.3,8500.0,False,False,False,False,False,False,False,False,False,False,False,True,True,True,True,False,True,False,False,False,False,False,False,False
4828504,STATE_ARMED,11.8,0.0,89.0,0.0,0.0,0.0,4.5,0.5,0.5,5.0,13.0,46.0,79.0,75.5,18.0,0.0,0.0,45.0,1,46.501,6.6005,8500.0,450.0,0.0,10,4.5,45.0,8498.7,-12.3,8500.0,False,False,False,False,False,False,False,False,False,False,False,True,True,True,True,False,True,False,False,False,False,False,False,False
4829007,STATE_ARMED,11.8,0.0,89.0,0.0,0.0,0.0,4.5,0.5,0.5,5.0,13.0,46.0,79.0,75.5,18.0,0.0,0.0,45.0,1,46.501,6.6005,8500.0,450.0,0.0,10,4.5,45.0,8498.7,-12.3,8500.0,False,False,False,False,False,False,False,False,False,False,False,True,True,True,True,False,True,False,False,False,False,False,False,False
4829511,STATE_ARMED,11.8,0.0,89.0,0.0,0.0,0.0,4.5,0.5,0.5,5.0,13.0,46.0,79.0,75.5,18.0,0.0,0.0,45.0,1,46.501,6.6005,8500.0,450.0,0.0,10,4.5,45.0,8498.7,-12.3,8500.0,False,False,False,False,False,False,False,False,False,False,False,True,True,True,True,False,True,False,False,False,False,False,False,False
4830016,STATE_ARMED,11.8,0.0,89.0,0.0,0.0,0.0,4.5,0.5,0.5,5.0,13.0,46.0,79.0,75.5,18.0,0.0,0.0,45.0,1,46.501,6.6005,8500.0,450.0,0.0,10,4.5,45.0,8498.7,-12.3,8500.0,False,False,False,False,False,False,False,False,False,False,False,True,True,True,True,False,True,False,False,False,False,False,False,False
4830522,STATE_ARMED,11.8,0.0,89.0,0.0,0.0,0.0,4.5,0.5,0.5,5.0,13.0,46.0,79.0,75.5,18.0,0.0,0.0,45.0,1,46.501,6.6005,8500.0,450.0,0.0,10,4.5,45.0,8498.7,-12.3,8500.0,False,False,False,False,False,False,False,False,False,False,False,True,True,True,True,False,True,False,False,False,False,False,False,False
4831028,STATE_ARMED,11.8,0.0,89.0,0.0,0.0,0.0,4.5,0.5,0.5,5.0,13.0,46.0,79.0,75.5,18.0,0.0,0.0,45.0,1,46.501,6.6005,8500.0,450.0,0.0,10,4.5,45.0,8498.7,-12.3,8500.0,False,False,False,False,False,False,False,False,False,False,False,True,True,True,True,False,True,False,False,False,False,False,False,False
4831532,STATE_ARMED,11.8,0.0,89.0,0.0,0.0,0.0,4.5,0.5,0.5,5.0,13.0,46.0,79.0,75.5,18.0,0.0,0.0,45.0,1,46.501,6.6005,8500.0,450.0,0.0,10,4.5,45.0,8498.7,-12.3,8500.0,False,False,False,False,False,False,False,False,False,False,False,True,True,True,True,False,True,False,False,False,False,False,False,False
4832036,STATE_ARMED,11.8,0.0,89.0,0.0,0.0,0.0,4.5,0.5,0.5,5.0,13.0,46.0,79.0,75.5,18.0,0.0,0.0,45.0,1,46.501,6.6005,8500.0,450.0,0.0,10,4.5,45.0,8498.7,-12.3,8500.0,False,False,False,False,False,False,False,False,False,False,False,True,True,True,True,False,True,False,False,False,False,False,False,False
4832539,STATE_ARMED,11.8,0.0,89.0,0.0,0.0,0.0,4.5,0.5,0.5,5.0,13.0,46.0,79.0,75.5,18.0,0.0,0.0,45.0,1,46.501,6.6005,8500.0,450.0,0.0,10,4.5,45.0,8498.7,-12.3,8500.0,False,False,False,False,False,False,False,False,False,False,False,True,True,True,True,False,True,False,False,False,False,False,False,False
4833045,STATE_ARMED,11.8,0.0,89.0,0.0,0.0,0.0,4.5,0.5,0.5,5.0,13.0,46.0,79.0,75.5,18.0,0.0,0.0,45.0,1,46.501,6.6005,8500.0,450.0,0.0,10,4.5,45.0,8498.7,-12.3,8500.0,False,False,False,False,False,False,False,False,False,False,False,True,True,True,True,False,True,False,False,False,False,False,False,False
4833547,STATE_ARMED,11.8,0.0,89.0,0.0,0.0,0.0,4.5,0.5,0.5,5.0,13.0,46.0,79.0,75.5,18.0,0.0,0.0,45.0,1,46.501,6.6005,8500.0,450.0,0.0,10,4.5,45.0,8498.7,-12.3,8500.0,False,False,False,False,False,False,False,False,False,False,False,True,True,True,True,False,True,False,False,False,False,False,False,False
4834050,STATE_ARMED,11.8,0.0,89.0,0.0,0.0,0.0,4.5,0.5,0.5,5.0,13.0,46.0,79.0,75.5,18.0,0.0,0.0,45.0,1,46.501,6.6005,8500.0,450.0,0.0,10,4.5,45.0,8498.7,-12.3,8500.0,False,False,False,False,False,False,False,False,False,False,False,True,True,True,True,False,True,False,False,False,False,False,False,False
4834551,STATE_ARMED,11.8,0.0,89.0,0.0,0.0,0.0,4.5,0.5,0.5,5.0,13.0,46.0,79.0,75.5,18.0,0.0,0.0,45.0,1,46.501,6.6005,8500.0,450.0,0.0,10,4.5,45.0,8498.7,-12.3,8500.0,False,False,False,False,False,False,False,False,False,False,False,True,True,True,True,False,True,False,False,False,False,False,False,False
4835056,STATE_ARMED,11.8,0.0,89.0,0.0,0.0,0.0,4.5,0.5,0.5,5.0,13.0,46.0,79.0,75.5,18.0,0.0,0.0,45.0,1,46.501,6.6005,8500.0,450.0,0.0,10,4.5,45.0,8498.7,-12.3,8500.0,False,False,False,False,False,False,False,False,False,False,False,True,True,True,True,False,True,False,False,False,False,False,False,False
4835559,STATE_ARMED,11.8,0.0,89.0,0.0,0.0,0.0,4.5,0.5,0.5,5.0,13.0,46.0,79.0,75.5,18.0,0.0,0.0,45.0,1,46.501,6.6005,8500.0,450.0,0.0,10,4.5,45.0,8498.7,-12.3,8500.0,False,False,False,False,False,False,False,False,False,False,False,True,True,True,True,False,True,False,False,False,False,False,False,False
4836063,STATE_ARMED,11.8,0.0,89.0,0.0,0.0,0.0,4.5,0.5,0.5,5.0,13.0,46.0,79.0,75.5,18.0,0.0,0.0,45.0,1,46.501,6.6005,8500.0,450.0,0.0,10,4.5,45.0,8498.7,-12.3,8500.0,False,False,False,False,False,False,False,False,False,False,False,True,True,True,True,False,True,False,False,False,False,False,False,False
4836568,STATE_ARMED,11.8,0.0,89.0,0.0,0.0,0.0,4.5,0.5,0.5,5.0,13.0,46.0,79.0,75.5,18.0,0.0,0.0,45.0,1,46.501,6.6005,8500.0,450.0,0.0,10,4.5,45.0,8498.7,-12.3,8500.0,False,False,False,False,False,False,False,False,False,False,False,True,True,True,True,False,True,False,False,False,False,False,False,False
4837073,STATE_ARMED,11.8,0.0,89.0,0.0,0.0,0.0,4.5,0.5,0.5,5.0,13.0,46.0,79.0,75.5,18.0,0.0,0.0,45.0,1,46.501,6.6005,8500.0,450.0,0.0,10,4.5,45.0,8498.7,-12.3,8500.0,False,False,False,False,False,False,False,False,False,False,False,True,True,True,True,False,True,False,False,False,False,False,False,False
4837577,STATE_ARMED,11.8,0.0,89.0,0.0,0.0,0.0,4.5,0.5,0.5,5.0,13.0,46.0,79.0,75.5,18.0,0.0,0.0,45.0,1,46.501,6.6005,8500.0,450.0,0.0,10,4.5,45.0,8498.7,-12.3,8500.0,False,False,False,False,False,False,False,False,False,False,False,True,True,True,True,False,True,False,False,False,False,False,False,False
4838085,STATE_ARMED,11.8,0.0,89.0,0.0,0.0,0.0,4.5,0.5,0.5,5.0,13.0,46.0,79.0,75.5,18.0,0.0,0.0,45.0,1,46.501,6.6005,8500.0,450.0,0.0,10,4.5,45.0,8498.7,-12.3,8500.0,False,False,False,False,False,False,False,False,False,False,False,True,True,True,True,False,True,False,False,False,False,False,False,False
4838589,STATE_ARMED,11.8,0.0,89.0,0.0,0.0,0.0,4.5,0.5,0.5,5.0,13.0,46.0,79.0,75.5,18.0,0.0,0.0,45.0,1,46.501,6.6005,8500.0,450.0,0.0,10,4.5,45.0,8498.7,-12.3,8500.0,False,False,False,False,False,False,False,False,False,False,False,True,True,True,True,False,True,False,False,False,False,False,False,False
4839093,STATE_ARMED,11.8,0.0,89.0,0.0,0.0,0.0,4.5,0.5,0.5,5.0,13.0,46.0,79.0,75.5,18.0,0.0,0.0,45.0,1,46.501,6.6005,8500.0,450.0,0.0,10,4.5,45.0,8498.7,-12.3,8500.0,False,False,False,False,False,False,False,False,False,False,False,True,True,True,True,False,True,False,False,False,False,False,False,False
4839597,STATE_ARMED,11.8,0.0,89.0,0.0,0.0,0.0,4.5,0.5,0.5,5.0,13.0,46.0,79.0,75.5,18.0,0.0,0.0,45.0,1,46.501,6.6005,8500.0,450.0,0.0,10,4.5,45.0,8498.7,-12.3,8500.0,False,False,False,False,False,False,False,False,False,False,False,True,True,True,True,False,True,False,False,False,False,False,False,False
4840104,STATE_ARMED,11.8,0.0,89.0,0.0,0.0,0.0,4.5,0.5,0.5,5.0,13.0,46.0,79.0,75.5,18.0,0.0,0.0,45.0,1,46.501,6.6005,8500.0,450.0,0.0,10,4.5,45.0,8498.7,-12.3,8500.0,False,False,False,False,False,False,False,False,False,False,False,True,True,True,True,False,True,False,False,False,False,False,False,False
4840611,STATE_ARMED,11.8,0.0,89.0,0.0,0.0,0.0,4.5,0.5,0.5,5.0,13.0,46.0,79.0,75.5,18.0,0.0,0.0,45.0,1,46.501,6.6005,8500.0,450.0,0.0,10,4.5,45.0,8498.7,-12.3,8500.0,False,False,False,False,False,False,False,False,False,False,False,True,True,True,True,False,True,False,False,False,False,False,False,False
4841115,STATE_ARMED,11.8,0.0,89.0,0.0,0.0,0.0,4.5,0.5,0.5,5.0,13.0,46.0,79.0,75.5,18.0,0.0,0.0,45.0,1,46.501,6.6005,8500.0,450.0,0.0,10,4.5,45.0,8498.7,-12.3,8500.0,False,False,False,False,False,False,False,False,False,False,False,True,True,True,True,False,True,False,False,False,False,False,False,False
4841620,STATE_ARMED,11.8,0.0,89.0,0.0,0.0,0.0,4.5,0.5,0.5,5.0,13.0,46.0,79.0,75.5,18.0,0.0,0.0,45.0,1,46.501,6.6005,8500.0,450.0,0.0,10,4.5,45.0,8498.7,-12.3,8500.0,False,False,False,False,False,False,False,False,False,False,False,True,True,True,True,False,True,False,False,False,False,False,False,False
4842126,STATE_ARMED,11.8,0.0,89.0,0.0,0.0,0.0,4.5,0.5,0.5,5.0,13.0,46.0,79.0,75.5,18.0,0.0,0.0,45.0,1,46.501,6.6005,8500.0,450.0,0.0,10,4.5,45.0,8498.7,-12.3,8500.0,False,False,False,False,False,False,False,False,False,False,False,True,True,True,True,False,True,False,False,False,False,False,False,False
4842631,STATE_ARMED,11.8,0.0,89.0,0.0,0.0,0.0,4.5,0.5,0.5,5.0,13.0,46.0,79.0,75.5,18.0,0.0,0.0,45.0,1,46.501,6.6005,8500.0,450.0,0.0,10,4.5,45.0,8498.7,-12.3,8500.0,False,False,False,False,False,False,False,False,False,False,False,True,True,True,True,False,True,False,False,False,False,False,False,False
4843141,STATE_ARMED,11.8,0.0,89.0,0.0,0.0,0.0,4.5,0.5,0.5,5.0,13.0,46.0,79.0,75.5,18.0,0.0,0.0,45.0,1,46.501,6.6005,8500.0,450.0,0.0,10,4.5,45.0,8498.7,-12.3,8500.0,False,False,False,False,False,False,False,False,False,False,False,True,True,True,True,False,True,False,False,False,False,False,False,False
4843647,STATE_ARMED,11.8,0.0,89.0,0.0,0.0,0.0,4.5,0.5,0.5,5.0,13.0,46.0,79.0,75.5,18.0,0.0,0.0,45.0,1,46.501,6.6005,8500.0,450.0,0.0,10,4.5,45.0,8498.7,-12.3,8500.0,False,False,False,False,False,False,False,False,False,False,False,True,True,True,True,False,True,False,False,False,False,False,False,False
4844154,STATE_ARMED,11.8,0.0,89.0,0.0,0.0,0.0,4.5,0.5,0.5,5.0,13.0,46.0,79.0,75.5,18.0,0.0,0.0,45.0,1,46.501,6.6005,8500.0,450.0,0.0,10,4.5,45.0,8498.7,-12.3,8500.0,False,False,False,False,False,False,False,False,False,False,False,True,True,True,True,False,True,False,False,False,False,False,False,False
4844657,STATE_ARMED,11.8,0.0,89.0,0.0,0.0,0.0,4.5,0.5,0.5,5.0,13.0,46.0,79.0,75.5,18.0,0.0,0.0,45.0,1,46.501,6.6005,8500.0,450.0,0.0,10,4.5,45.0,8498.7,-12.3,8500.0,False,False,False,False,False,False,False,False,False,False,False,True,True,True,True,False,True,False,False,False,False,False,False,False
4845160,STATE_ARMED,11.8,0.0,89.0,0.0,0.0,0.0,4.5,0.5,0.5,5.0,13.0,46.0,79.0,75.5,18.0,0.0,0.0,45.0,1,46.501,6.6005,8500.0,450.0,0.0,10,4.5,45.0,8498.7,-12.3,8500.0,False,False,False,False,False,False,False,False,False,False,False,True,True,True,True,False,True,False,False,False,False,False,False,False
4845664,STATE_ARMED,11.8,0.0,89.0,0.0,0.0,0.0,4.5,0.5,0.5,5.0,13.0,46.0,79.0,75.5,18.0,0.0,0.0,45.0,1,46.501,6.6005,8500.0,450.0,0.0,10,4.5,45.0,8498.7,-12.3,8500.0,False,False,False,False,False,False,False,False,False,False,False,True,True,True,True,False,True,False,False,False,False,False,False,False
4846176,STATE_ARMED,11.8,0.0,89.0,0.0,0.0,0.0,4.5,0.5,0.5,5.0,13.0,46.0,79.0,75.5,18.0,0.0,0.0,45.0,1,46.501,6.6005,8500.0,450.0,0.0,10,4.5,45.0,8498.7,-12.3,8500.0,False,False,False,False,False,False,False,False,False,False,False,True,True,True,True,False,True,False,False,False,False,False,False,False
4846677,STATE_ARMED,11.8,0.0,89.0,0.0,0.0,0.0,4.5,0.5,0.5,5.0,13.0,46.0,79.0,75.5,18.0,0.0,0.0,45.0,1,46.501,6.6005,8500.0,450.0,0.0,10,4.5,45.0,8498.7,-12.3,8500.0,False,False,False,False,False,False,False,False,False,False,False,True,True,True,True,False,True,False,False,False,False,False,False,False
4847180,STATE_ARMED,11.8,0.0,89.0,0.0,0.0,0.0,4.5,0.5,0.5,5.0,13.0,46.0,79.0,75.5,18.0,0.0,0.0,45.0,1,46.501,6.6005,8500.0,450.0,0.0,10,4.5,45.0,8498.7,-12.3,8500.0,False,False,False,False,False,False,False,False,False,False,False,True,True,True,True,False,True,False,False,False,False,False,False,False
4847685,STATE_ARMED,11.8,0.0,89.0,0.0,0.0,0.0,4.5,0.5,0.5,5.0,13.0,46.0,79.0,75.5,18.0,0.0,0.0,45.0,1,46.501,6.6005,8500.0,450.0,0.0,10,4.5,45.0,8498.7,-12.3,8500.0,False,False,False,False,False,False,False,False,False,False,False,True,True,True,True,False,True,False,False,False,False,False,False,False
4848188,STATE_ARMED,11.8,0.0,89.0,0.0,0.0,0.0,4.5,0.5,0.5,5.0,13.0,46.0,79.0,75.5,18.0,0.0,0.0,45.0,1,46.501,6.6005,8500.0,450.0,0.0,10,4.5,45.0,8498.7,-12.3,8500.0,False,False,False,False,False,False,False,False,False,False,False,True,True,True,True,False,True,False,False,False,False,False,False,False
4848690,STATE_ARMED,11.8,0.0,89.0,0.0,0.0,0.0,4.5,0.5,0.5,5.0,13.0,46.0,79.0,75.5,18.0,0.0,0.0,45.0,1,46.501,6.6005,8500.0,450.0,0.0,10,4.5,45.0,8498.7,-12.3,8500.0,False,False,False,False,False,False,False,False,False,False,False,True,True,True,True,False,True,False,False,False,False,False,False,False
4849192,STATE_ARMED,11.8,0.0,89.0,0.0,0.0,0.0,4.5,0.5,0.5,5.0,13.0,46.0,79.0,75.5,18.0,0.0,0.0,45.0,1,46.501,6.6005,8500.0,450.0,0.0,10,4.5,45.0,8498.7,-12.3,8500.0,False,False,False,False,False,False,False,False,False,False,False,True,True,True,True,False,True,False,False,False,False,False,False,False
4849697,STATE_ARMED,11.8,0.0,89.0,0.0,0.0,0.0,4.5,0.5,0.5,5.0,13.0,46.0,79.0,75.5,18.0,0.0,0.0,45.0,1,46.501,6.6005,8500.0,450.0,0.0,10,4.5,45.0,8498.7,-12.3,8500.0,False,False,False,False,False,False,False,False,False,False,False,True,True,True,True,False,True,False,False,False,False,False,False,False
4850200,STATE_ARMED,11.8,0.0,89.0,0.0,0.0,0.0,4.5,0.5,0.5,5.0,13.0,46.0,79.0,75.5,18.0,0.0,0.0,45.0,1,46.501,6.6005,8500.0,450.0,0.0,10,4.5,45.0,8498.7,-12.3,8500.0,False,False,False,False,False,False,False,False,False,False,False,True,True,True,True,False,True,False,False,False,False,False,False,False
4850708,STATE_ARMED,11.8,0.0,89.0,0.0,0.0,0.0,4.5,0.5,0.5,5.0,13.0,46.0,79.0,75.5,18.0,0.0,0.0,45.0,1,46.501,6.6005,8500.0,450.0,0.0,10,4.5,45.0,8498.7,-12.3,8500.0,False,False,False,False,False,False,False,False,False,False,False,True,True,True,True,False,True,False,False,False,False,False,False,False
4851210,STATE_ARMED,11.8,0.0,89.0,0.0,0.0,0.0,4.5,0.5,0.5,5.0,13.0,46.0,79.0,75.5,18.0,0.0,0.0,45.0,1,46.501,6.6005,8500.0,450.0,0.0,10,4.5,45.0,8498.7,-12.3,8500.0,False,False,False,False,False,False,False,False,False,False,False,True,True,True,True,False,True,False,False,False,False,False,False,False
4851716,STATE_ARMED,11.8,0.0,89.0,0.0,0.0,0.0,4.5,0.5,0.5,5.0,13.0,46.0,79.0,75.5,18.0,0.0,0.0,45.0,1,46.501,6.6005,8500.0,450.0,0.0,10,4.5,45.0,8498.7,-12.3,8500.0,False,False,False,False,False,False,False,False,False,False,False,True,True,True,True,False,True,False,False,False,False,False,False,False
4852218,STATE_ARMED,11.8,0.0,89.0,0.0,0.0,0.0,4.5,0.5,0.5,5.0,13.0,46.0,79.0,75.5,18.0,0.0,0.0,45.0,1,46.501,6.6005,8500.0,450.0,0.0,10,4.5,45.0,8498.7,-12.3,8500.0,False,False,False,False,False,False,False,False,False,False,False,True,True,True,True,False,True,False,False,False,False,False,False,False
4852721,STATE_ARMED,11.8,0.0,89.0,0.0,0.0,0.0,4.5,0.5,0.5,5.0,13.0,46.0,79.0,75.5,18.0,0.0,0.0,45.0,1,46.501,6.6005,8500.0,450.0,0.0,10,4.5,45.0,8498.7,-12.3,8500.0,False,False,False,False,False,False,False,False,False,False,False,True,True,True,True,False,True,False,False,False,False,False,False,False
4853226,STATE_ARMED,11.8,0.0,89.0,0.0,0.0,0.0,4.5,0.5,0.5,5.0,13.0,46.0,79.0,75.5,18.0,0.0,0.0,45.0,1,46.501,6.6005,8500.0,450.0,0.0,10,4.5,45.0,8498.7,-12.3,8500.0,False,False,False,False,False,False,False,False,False,False,False,True,True,True,True,False,True,False,False,False,False,False,False,False
4853731,STATE_ARMED,11.8,0.0,89.0,0.0,0.0,0.0,4.5,0.5,0.5,5.0,13.0,46.0,79.0,75.5,18.0,0.0,0.0,45.0,1,46.501,6.6005,8500.0,450.0,0.0,10,4.5,45.0,8498.7,-12.3,8500.0,False,False,False,False,False,False,False,False,False,False,False,True,True,True,True,False,True,False,False,False,False,False,False,False
4854240,STATE_ARMED,11.8,0.0,89.0,0.0,0.0,0.0,4.5,0.5,0.5,5.0,13.0,46.0,79.0,75.5,18.0,0.0,0.0,45.0,1,46.501,6.6005,8500.0,450.0,0.0,10,4.5,45.0,8498.7,-12.3,8500.0,False,False,False,False,False,False,False,False,False,False,False,True,True,True,True,False,True,False,False,False,False,False,False,False
4854752,STATE_ARMED,11.8,0.0,89.0,0.0,0.0,0.0,4.5,0.5,0.5,5.0,13.0,46.0,79.0,75.5,18.0,0.0,0.0,45.0,1,46.501,6.6005,8500.0,450.0,0.0,10,4.5,45.0,8498.7,-12.3,8500.0,False,False,False,False,False,False,False,False,False,False,False,True,True,True,True,False,True,False,False,False,False,False,False,False
4855254,STATE_ARMED,11.8,0.0,89.0,0.0,0.0,0.0,4.5,0.5,0.5,5.0,13.0,46.0,79.0,75.5,18.0,0.0,0.0,45.0,1,46.501,6.6005,8500.0,450.0,0.0,10,4.5,45.0,8498.7,-12.3,8500.0,False,False,False,False,False,False,False,False,False,False,False,True,True,True,True,False,True,False,False,False,False,False,False,False
4855758,STATE_ARMED,11.8,0.0,89.0,0.0,0.0,0.0,4.5,0.5,0.5,5.0,13.0,46.0,79.0,75.5,18.0,0.0,0.0,45.0,1,46.501,6.6005,8500.0,450.0,0.0,10,4.5,45.0,8498.7,-12.3,8500.0,False,False,False,False,False,False,False,False,False,False,False,True,True,True,True,False,True,False,False,False,False,False,False,False
4856264,STATE_ARMED,11.8,0.0,89.0,0.0,0.0,0.0,4.5,0.5,0.5,5.0,13.0,46.0,79.0,75.5,18.0,0.0,0.0,45.0,1,46.501,6.6005,8500.0,450.0,0.0,10,4.5,45.0,8498.7,-12.3,8500.0,False,False,False,False,False,False,False,False,False,False,False,True,True,True,True,False,True,False,False,False,False,False,False,False
4856766,STATE_ARMED,11.8,0.0,89.0,0.0,0.0,0.0,4.5,0.5,0.5,5.0,13.0,46.0,79.0,75.5,18.0,0.0,0.0,45.0,1,46.501,6.6005,8500.0,450.0,0.0,10,4.5,45.0,8498.7,-12.3,8500.0,False,False,False,False,False,False,False,False,False,False,False,True,True,True,True,False,True,False,False,False,False,False,False,False
4857272,STATE_ARMED,11.8,0.0,89.0,0.0,0.0,0.0,4.5,0.5,0.5,5.0,13.0,46.0,79.0,75.5,18.0,0.0,0.0,45.0,1,46.501,6.6005,8500.0,450.0,0.0,10,4.5,45.0,8498.7,-12.3,8500.0,False,False,False,False,False,False,False,False,False,False,False,True,True,True,True,False,True,False,False,False,False,False,False,False
4857777,STATE_ARMED,11.8,0.0,89.0,0.0,0.0,0.0,4.5,0.5,0.5,5.0,13.0,46.0,79.0,75.5,18.0,0.0,0.0,45.0,1,46.501,6.6005,8500.0,450.0,0.0,10,4.5,45.0,8498.7,-12.3,8500.0,False,False,False,False,False,False,False,False,False,False,False,True,True,True,True,False,True,False,False,False,False,False,False,False
4858281,STATE_ARMED,11.8,0.0,89.0,0.0,0.0,0.0,4.5,0.5,0.5,5.0,13.0,46.0,79.0,75.5,18.0,0.0,0.0,45.0,1,46.501,6.6005,8500.0,450.0,0.0,10,4.5,45.0,8498.7,-12.3,8500.0,False,False,False,False,False,False,False,False,False,False,False,True,True,True,True,False,True,False,False,False,False,False,False,False
4858788,STATE_ARMED,11.8,0.0,89.0,0.0,0.0,0.0,4.5,0.5,0.5,5.0,13.0,46.0,79.0,75.5,18.0,0.0,0.0,45.0,1,46.501,6.6005,8500.0,450.0,0.0,10,4.5,45.0,8498.7,-12.3,8500.0,False,False,False,False,False,False,False,False,False,False,False,True,True,True,True,False,True,False,False,False,False,False,False,False
4859293,STATE_ARMED,11.8,0.0,89.0,0.0,0.0,0.0,4.5,0.5,0.5,5.0,13.0,46.0,79.0,75.5,18.0,0.0,0.0,45.0,1,46.501,6.6005,8500.0,450.0,0.0,10,4.5,45.0,8498.7,-12.3,8500.0,False,False,False,False,False,False,False,False,False,False,False,True,True,True,True,False,True,False,False,False,False,False,False,False
4859797,STATE_ARMED,11.8,0.0,89.0,0.0,0.0,0.0,4.5,0.5,0.5,5.0,13.0,46.0,79.0,75.5,18.0,0.0,0.0,45.0,1,46.501,6.6005,8500.0,450.0,0.0,10,4.5,45.0,8498.7,-12.3,8500.0,False,False,False,False,False,False,False,False,False,False,False,True,True,True,True,False,True,False,False,False,False,False,False,False
4860300,STATE_ARMED,11.8,0.0,89.0,0.0,0.0,0.0,4.5,0.5,0.5,5.0,13.0,46.0,79.0,75.5,18.0,0.0,0.0,45.0,1,46.501,6.6005,8500.0,450.0,0.0,10,4.5,45.0,8498.7,-12.3,8500.0,False,False,False,False,False,False,False,False,False,False,False,True,True,True,True,False,True,False,False,False,False,False,False,False
4860804,STATE_ARMED,11.8,0.0,89.0,0.0,0.0,0.0,4.5,0.5,0.5,5.0,13.0,46.0,79.0,75.5,18.0,0.0,0.0,45.0,1,46.501,6.6005,8500.0,450.0,0.0,10,4.5,45.0,8498.7,-12.3,8500.0,False,False,False,False,False,False,False,False,False,False,False,True,True,True,True,False,True,False,False,False,False,False,False,False
4861308,STATE_ARMED,11.8,0.0,89.0,0.0,0.0,0.0,4.5,0.5,0.5,5.0,13.0,46.0,79.0,75.5,18.0,0.0,0.0,45.0,1,46.501,6.6005,8500.0,450.0,0.0,10,4.5,45.0,8498.7,-12.3,8500.0,False,False,False,False,False,False,False,False,False,False,False,True,True,True,True,False,True,False,False,False,False,False,False,False
4861813,STATE_ARMED,11.8,0.0,89.0,0.0,0.0,0.0,4.5,0.5,0.5,5.0,13.0,46.0,79.0,75.5,18.0,0.0,0.0,45.0,1,46.501,6.6005,8500.0,450.0,0.0,10,4.5,45.0,8498.7,-12.3,8500.0,False,False,False,False,False,False,False,False,False,False,False,True,True,True,True,False,True,False,False,False,False,False,False,False
4862316,STATE_ARMED,11.8,0.0,89.0,0.0,0.0,0.0,4.5,0.5,0.5,5.0,13.0,46.0,79.0,75.5,18.0,0.0,0.0,45.0,1,46.501,6.6005,8500.0,450.0,0.0,10,4.5,45.0,8498.7,-12.3,8500.0,False,False,False,False,False,False,False,False,False,False,False,True,True,True,True,False,True,False,False,False,False,False,False,False
4862821,STATE_ARMED,11.8,0.0,89.0,0.0,0.0,0.0,4.5,0.5,0.5,5.0,13.0,46.0,79.0,75.5,18.0,0.0,0.0,45.0,1,46.501,6.6005,8500.0,450.0,0.0,10,4.5,45.0,8498.7,-12.3,8500.0,False,False,False,False,False,False,False,False,False,False,False,True,True,True,True,False,True,False,False,False,False,False,False,False
4863323,STATE_ARMED,11.8,0.0,89.0,0.0,0.0,0.0,4.5,0.5,0.5,5.0,13.0,46.0,79.0,75.5,18.0,0.0,0.0,45.0,1,46.501,6.6005,8500.0,450.0,0.0,10,4.5,45.0,8498.7,-12.3,8500.0,False,False,False,False,False,False,False,False,False,False,False,True,True,True,True,False,True,False,False,False,False,False,False,False
4863827,STATE_ARMED,11.8,0.0,89.0,0.0,0.0,0.0,4.5,0.5,0.5,5.0,13.0,46.0,79.0,75.5,18.0,0.0,0.0,45.0,1,46.501,6.6005,8500.0,450.0,0.0,10,4.5,45.0,8498.7,-12.3,8500.0,False,False,False,False,False,False,False,False,False,False,False,True,True,True,True,False,True,False,False,False,False,False,False,False
4864331,STATE_ARMED,11.8,0.0,89.0,0.0,0.0,0.0,4.5,0.5,0.5,5.0,13.0,46.0,79.0,75.5,18.0,0.0,0.0,45.0,1,46.501,6.6005,8500.0,450.0,0.0,10,4.5,45.0,8498.7,-12.3,8500.0,False,False,False,False,False,False,False,False,False,False,False,True,True,True,True,False,True,False,False,False,False,False,False,False
4864834,STATE_ARMED,11.8,0.0,89.0,0.0,0.0,0.0,4.5,0.5,0.5,5.0,13.0,46.0,79.0,75.5,18.0,0.0,0.0,45.0,1,46.501,6.6005,8500.0,450.0,0.0,10,4.5,45.0,8498.7,-12.3,8500.0,False,False,False,False,False,False,False,False,False,False,False,True,True,True,True,False,True,False,False,False,False,False,False,False
4865340,STATE_ARMED,11.8,0.0,89.0,0.0,0.0,0.0,4.5,0.5,0.5,5.0,13.0,46.0,79.0,75.5,18.0,0.0,0.0,45.0,1,46.501,6.6005,8500.0,450.0,0.0,10,4.5,45.0,8498.7,-12.3,8500.0,False,False,False,False,False,False,False,False,False,False,False,True,True,True,True,False,True,False,False,False,False,False,False,False
4865842,STATE_ARMED,11.8,0.0,89.0,0.0,0.0,0.0,4.5,0.5,0.5,5.0,13.0,46.0,79.0,75.5,18.0,0.0,0.0,45.0,1,46.501,6.6005,8500.0,450.0,0.0,10,4.5,45.0,8498.7,-12.3,8500.0,False,False,False,False,False,False,False,False,False,False,False,True,True,True,True,False,True,False,False,False,False,False,False,False
4866346,STATE_ARMED,11.8,0.0,89.0,0.0,0.0,0.0,4.5,0.5,0.5,5.0,13.0,46.0,79.0,75.5,18.0,0.0,0.0,45.0,1,46.501,6.6005,8500.0,450.0,0.0,10,4.5,45.0,8498.7,-12.3,8500.0,False,False,False,False,False,False,False,False,False,False,False,True,True,True,True,False,True,False,False,False,False,False,False,False
4866849,STATE_ARMED,11.8,0.0,89.0,0.0,0.0,0.0,4.5,0.5,0.5,5.0,13.0,46.0,79.0,75.5,18.0,0.0,0.0,45.0,1,46.501,6.6005,8500.0,450.0,0.0,10,4.5,45.0,8498.7,-12.3,8500.0,False,False,False,False,False,False,False,False,False,False,False,True,True,True,True,False,True,False,False,False,False,False,False,False
4867352,STATE_ARMED,11.8,0.0,89.0,0.0,0.0,0.0,4.5,0.5,0.5,5.0,13.0,46.0,79.0,75.5,18.0,0.0,0.0,45.0,1,46.501,6.6005,8500.0,450.0,0.0,10,4.5,45.0,8498.7,-12.3,8500.0,False,False,False,False,False,False,False,False,False,False,False,True,True,True,True,False,True,False,False,False,False,False,False,False
4867857,STATE_ARMED,11.8,0.0,89.0,0.0,0.0,0.0,4.5,0.5,0.5,5.0,13.0,46.0,79.0,75.5,18.0,0.0,0.0,45.0,1,46.501,6.6005,8500.0,450.0,0.0,10,4.5,45.0,8498.7,-12.3,8500.0,False,False,False,False,False,False,False,False,False,False,False,True,True,True,True,False,True,False,False,False,False,False,False,False
4868360,STATE_ARMED,11.8,0.0,89.0,0.0,0.0,0.0,4.5,0.5,0.5,5.0,13.0,46.0,79.0,75.5,18.0,0.0,0.0,45.0,1,46.501,6.6005,8500.0,450.0,0.0,10,4.5,45.0,8498.7,-12.3,8500.0,False,False,False,False,False,False,False,False,False,False,False,True,True,True,True,False,True,False,False,False,False,False,False,False
4868864,STATE_ARMED,11.8,0.0,89.0,0.0,0.0,0.0,4.5,0.5,0.5,5.0,13.0,46.0,79.0,75.5,18.0,0.0,0.0,45.0,1,46.501,6.6005,8500.0,450.0,0.0,10,4.5,45.0,8498.7,-12.3,8500.0,False,False,False,False,False,False,False,False,False,False,False,True,True,True,True,False,True,False,False,False,False,False,False,False
4869368,STATE_ARMED,11.8,0.0,89.0,0.0,0.0,0.0,4.5,0.5,0.5,5.0,13.0,46.0,79.0,75.5,18.0,0.0,0.0,45.0,1,46.501,6.6005,8500.0,450.0,0.0,10,4.5,45.0,8498.7,-12.3,8500.0,False,False,False,False,False,False,False,False,False,False,False,True,True,True,True,False,True,False,False,False,False,False,False,False
4869873,STATE_ARMED,11.8,0.0,89.0,0.0,0.0,0.0,4.5,0.5,0.5,5.0,13.0,46.0,79.0,75.5,18.0,0.0,0.0,45.0,1,46.501,6.6005,8500.0,450.0,0.0,10,4.5,45.0,8498.7,-12.3,8500.0,False,False,False,False,False,False,False,False,False,False,False,True,True,True,True,False,True,False,False,False,False,False,False,False
4870374,STATE_ARMED,11.8,0.0,89.0,0.0,0.0,0.0,4.5,0.5,0.5,5.0,13.0,46.0,79.0,75.5,18.0,0.0,0.0,45.0,1,46.501,6.6005,8500.0,450.0,0.0,10,4.5,45.0,8498.7,-12.3,8500.0,False,False,False,False,False,False,False,False,False,False,False,True,True,True,True,False,True,False,False,False,False,False,False,False
4870878,STATE_ARMED,11.8,0.0,89.0,0.0,0.0,0.0,4.5,0.5,0.5,5.0,13.0,46.0,79.0,75.5,18.0,0.0,0.0,45.0,1,46.501,6.6005,8500.0,450.0,0.0,10,4.5,45.0,8498.7,-12.3,8500.0,False,False,False,False,False,False,False,False,False,False,False,True,True,True,True,False,True,False,False,False,False,False,False,False
4871384,STATE_ARMED,11.8,0.0,89.0,0.0,0.0,0.0,4.5,0.5,0.5,5.0,13.0,46.0,79.0,75.5,18.0,0.0,0.0,45.0,1,46.501,6.6005,8500.0,450.0,0.0,10,4.5,45.0,8498.7,-12.3,8500.0,False,False,False,False,False,False,False,False,False,False,False,True,True,True,True,False,True,False,False,False,False,False,False,False
4871886,STATE_ARMED,11.8,0.0,89.0,0.0,0.0,0.0,4.5,0.5,0.5,5.0,13.0,46.0,79.0,75.5,18.0,0.0,0.0,45.0,1,46.501,6.6005,8500.0,450.0,0.0,10,4.5,45.0,8498.7,-12.3,8500.0,False,False,False,False,False,False,False,False,False,False,False,True,True,True,True,False,True,False,False,False,False,False,False,False
4872390,STATE_ARMED,11.8,0.0,89.0,0.0,0.0,0.0,4.5,0.5,0.5,5.0,13.0,46.0,79.0,75.5,18.0,0.0,0.0,45.0,1,46.501,6.6005,8500.0,450.0,0.0,10,4.5,45.0,8498.7,-12.3,8500.0,False,False,False,False,False,False,False,False,False,False,False,True,True,True,True,False,True,False,False,False,False,False,False,False
4872897,STATE_ARMED,11.8,0.0,89.0,0.0,0.0,0.0,4.5,0.5,0.5,5.0,13.0,46.0,79.0,75.5,18.0,0.0,0.0,45.0,1,46.501,6.6005,8500.0,450.0,0.0,10,4.5,45.0,8498.7,-12.3,8500.0,False,False,False,False,False,False,False,False,False,False,False,True,True,True,True,False,True,False,False,False,False,False,False,False
4873401,STATE_ARMED,11.8,0.0,89.0,0.0,0.0,0.0,4.5,0.5,0.5,5.0,13.0,46.0,79.0,75.5,18.0,0.0,0.0,45.0,1,46.501,6.6005,8500.0,450.0,0.0,10,4.5,45.0,8498.7,-12.3,8500.0,False,False,False,False,False,False,False,False,False,False,False,True,True,True,True,False,True,False,False,False,False,False,False,False
4873904,STATE_ARMED,11.8,0.0,89.0,0.0,0.0,0.0,4.5,0.5,0.5,5.0,13.0,46.0,79.0,75.5,18.0,0.0,0.0,45.0,1,46.501,6.6005,8500.0,450.0,0.0,10,4.5,45.0,8498.7,-12.3,8500.0,False,False,False,False,False,False,False,False,False,False,False,True,True,True,True,False,True,False,False,False,False,False,False,False
4874410,STATE_ARMED,11.8,0.0,89.0,0.0,0.0,0.0,4.5,0.5,0.5,5.0,13.0,46.0,79.0,75.5,18.0,0.0,0.0,45.0,1,46.501,6.6005,8500.0,450.0,0.0,10,4.5,45.0,8498.7,-12.3,8500.0,False,False,False,False,False,False,False,False,False,False,False,True,True,True,True,False,True,False,False,False,False,False,False,False
4874912,STATE_ARMED,11.8,0.0,89.0,0.0,0.0,0.0,4.5,0.5,0.5,5.0,13.0,46.0,79.0,75.5,18.0,0.0,0.0,45.0,1,46.501,6.6005,8500.0,450.0,0.0,10,4.5,45.0,8498.7,-12.3,8500.0,False,False,False,False,False,False,False,False,False,False,False,True,True,True,True,False,True,False,False,False,False,False,False,False
4875415,STATE_ARMED,11.8,0.0,89.0,0.0,0.0,0.0,4.5,0.5,0.5,5.0,13.0,46.0,79.0,75.5,18.0,0.0,0.0,45.0,1,46.501,6.6005,8500.0,450.0,0.0,10,4.5,45.0,8498.7,-12.3,8500.0,False,False,False,False,False,False,False,False,False,False,False,True,True,True,True,False,True,False,False,False,False,False,False,False
4875921,STATE_ARMED,11.8,0.0,89.0,0.0,0.0,0.0,4.5,0.5,0.5,5.0,13.0,46.0,79.0,75.5,18.0,0.0,0.0,45.0,1,46.501,6.6005,8500.0,450.0,0.0,10,4.5,45.0,8498.7,-12.3,8500.0,False,False,False,False,False,False,False,False,False,False,False,True,True,True,True,False,True,False,False,False,False,False,False,False
4876426,STATE_ARMED,11.8,0.0,89.0,0.0,0.0,0.0,4.5,0.5,0.5,5.0,13.0,46.0,79.0,75.5,18.0,0.0,0.0,45.0,1,46.501,6.6005,8500.0,450.0,0.0,10,4.5,45.0,8498.7,-12.3,8500.0,False,False,False,False,False,False,False,False,False,False,False,True,True,True,True,False,True,False,False,False,False,False,False,False
4876929,STATE_ARMED,11.8,0.0,89.0,0.0,0.0,0.0,4.5,0.5,0.5,5.0,13.0,46.0,79.0,75.5,18.0,0.0,0.0,45.0,1,46.501,6.6005,8500.0,450.0,0.0,10,4.5,45.0,8498.7,-12.3,8500.0,False,False,False,False,False,False,False,False,False,False,False,True,True,True,True,False,True,False,False,False,False,False,False,False
4877437,STATE_ARMED,11.8,0.0,89.0,0.0,0.0,0.0,4.5,0.5,0.5,5.0,13.0,46.0,79.0,75.5,18.0,0.0,0.0,45.0,1,46.501,6.6005,8500.0,450.0,0.0,10,4.5,45.0,8498.7,-12.3,8500.0,False,False,False,False,False,False,False,False,False,False,False,True,True,True,True,False,True,False,False,False,False,False,False,False
4877939,STATE_ARMED,11.8,0.0,89.0,0.0,0.0,0.0,4.5,0.5,0.5,5.0,13.0,46.0,79.0,75.5,18.0,0.0,0.0,45.0,1,46.501,6.6005,8500.0,450.0,0.0,10,4.5,45.0,8498.7,-12.3,8500.0,False,False,False,False,False,False,False,False,False,False,False,True,True,True,True,False,True,False,False,False,False,False,False,False
4878445,STATE_ARMED,11.8,0.0,89.0,0.0,0.0,0.0,4.5,0.5,0.5,5.0,13.0,46.0,79.0,75.5,18.0,0.0,0.0,45.0,1,46.501,6.6005,8500.0,450.0,0.0,10,4.5,45.0,8498.7,-12.3,8500.0,False,False,False,False,False,False,False,False,False,False,False,True,True,True,True,False,True,False,False,False,False,False,False,False
4878947,STATE_ARMED,11.8,0.0,89.0,0.0,0.0,0.0,4.5,0.5,0.5,5.0,13.0,46.0,79.0,75.5,18.0,0.0,0.0,45.0,1,46.501,6.6005,8500.0,450.0,0.0,10,4.5,45.0,8498.7,-12.3,8500.0,False,False,False,False,False,False,False,False,False,False,False,True,True,True,True,False,True,False,False,False,False,False,False,False
4879449,STATE_ARMED,11.8,0.0,89.0,0.0,0.0,0.0,4.5,0.5,0.5,5.0,13.0,46.0,79.0,75.5,18.0,0.0,0.0,45.0,1,46.501,6.6005,8500.0,450.0,0.0,10,4.5,45.0,8498.7,-12.3,8500.0,False,False,False,False,False,False,False,False,False,False,False,True,True,True,True,False,True,False,False,False,False,False,False,False
4879952,STATE_ARMED,11.8,0.0,89.0,0.0,0.0,0.0,4.5,0.5,0.5,5.0,13.0,46.0,79.0,75.5,18.0,0.0,0.0,45.0,1,46.501,6.6005,8500.0,450.0,0.0,10,4.5,45.0,8498.7,-12.3,8500.0,False,False,False,False,False,False,False,False,False,False,False,True,True,True,True,False,True,False,False,False,False,False,False,False
4880460,STATE_ARMED,11.8,0.0,89.0,0.0,0.0,0.0,4.5,0.5,0.5,5.0,13.0,46.0,79.0,75.5,18.0,0.0,0.0,45.0,1,46.501,6.6005,8500.0,450.0,0.0,10,4.5,45.0,8498.7,-12.3,8500.0,False,False,False,False,False,False,False,False,False,False,False,True,True,True,True,False,True,False,False,False,False,False,False,False
4880964,STATE_ARMED,11.8,0.0,89.0,0.0,0.0,0.0,4.5,0.5,0.5,5.0,13.0,46.0,79.0,75.5,18.0,0.0,0.0,45.0,1,46.501,6.6005,8500.0,450.0,0.0,10,4.5,45.0,8498.7,-12.3,8500.0,False,False,False,False,False,False,False,False,False,False,False,True,True,True,True,False,True,False,False,False,False,False,False,False
4881467,STATE_ARMED,11.8,0.0,89.0,0.0,0.0,0.0,4.5,0.5,0.5,5.0,13.0,46.0,79.0,75.5,18.0,0.0,0.0,45.0,1,46.501,6.6005,8500.0,450.0,0.0,10,4.5,45.0,8498.7,-12.3,8500.0,False,False,False,False,False,False,False,False,False,False,False,True,True,True,True,False,True,False,False,False,False,False,False,False
4881969,STATE_ARMED,11.8,0.0,89.0,0.0,0.0,0.0,4.5,0.5,0.5,5.0,13.0,46.0,79.0,75.5,18.0,0.0,0.0,45.0,1,46.501,6.6005,8500.0,450.0,0.0,10,4.5,45.0,8498.7,-12.3,8500.0,False,False,False,False,False,False,False,False,False,False,False,True,True,True,True,False,True,False,False,False,False,False,False,False
4882473,STATE_ARMED,11.8,0.0,89.0,0.0,0.0,0.0,4.5,0.5,0.5,5.0,13.0,46.0,79.0,75.5,18.0,0.0,0.0,45.0,1,46.501,6.6005,8500.0,450.0,0.0,10,4.5,45.0,8498.7,-12.3,8500.0,False,False,False,False,False,False,False,False,False,False,False,True,True,True,True,False,True,False,False,False,False,False,False,False
4882977,STATE_ARMED,11.8,0.0,89.0,0.0,0.0,0.0,4.5,0.5,0.5,5.0,13.0,46.0,79.0,75.5,18.0,0.0,0.0,45.0,1,46.501,6.6005,8500.0,450.0,0.0,10,4.5,45.0,8498.7,-12.3,8500.0,False,False,False,False,False,False,False,False,False,False,False,True,True,True,True,False,True,False,False,False,False,False,False,False
4883481,STATE_ARMED,11.8,0.0,89.0,0.0,0.0,0.0,4.5,0.5,0.5,5.0,13.0,46.0,79.0,75.5,18.0,0.0,0.0,45.0,1,46.501,6.6005,8500.0,450.0,0.0,10,4.5,45.0,8498.7,-12.3,8500.0,False,False,False,False,False,False,False,False,False,False,False,True,True,True,True,False,True,False,False,False,False,False,False,False
4883984,STATE_ARMED,11.8,0.0,89.0,0.0,0.0,0.0,4.5,0.5,0.5,5.0,13.0,46.0,79.0,75.5,18.0,0.0,0.0,45.0,1,46.501,6.6005,8500.0,450.0,0.0,10,4.5,45.0,8498.7,-12.3,8500.0,False,False,False,False,False,False,False,False,False,False,False,True,True,True,True,False,True,False,False,False,False,False,False,False
4884488,STATE_ARMED,11.8,0.0,89.0,0.0,0.0,0.0,4.5,0.5,0.5,5.0,13.0,46.0,79.0,75.5,18.0,0.0,0.0,45.0,1,46.501,6.6005,8500.0,450.0,0.0,10,4.5,45.0,8498.7,-12.3,8500.0,False,False,False,False,False,False,False,False,False,False,False,True,True,True,True,False,True,False,False,False,False,False,False,False
4884996,STATE_ARMED,11.8,0.0,89.0,0.0,0.0,0.0,4.5,0.5,0.5,5.0,13.0,46.0,79.0,75.5,18.0,0.0,0.0,45.0,1,46.501,6.6005,8500.0,450.0,0.0,10,4.5,45.0,8498.7,-12.3,8500.0,False,False,False,False,False,False,False,False,False,False,False,True,True,True,True,False,True,False,False,False,False,False,False,False
4885499,STATE_ARMED,11.8,0.0,89.0,0.0,0.0,0.0,4.5,0.5,0.5,5.0,13.0,46.0,79.0,75.5,18.0,0.0,0.0,45.0,1,46.501,6.6005,8500.0,450.0,0.0,10,4.5,45.0,8498.7,-12.3,8500.0,False,False,False,False,False,False,False,False,False,False,False,True,True,True,True,False,True,False,False,False,False,False,False,False
4886003,STATE_ARMED,11.8,0.0,89.0,0.0,0.0,0.0,4.5,0.5,0.5,5.0,13.0,46.0,79.0,75.5,18.0,0.0,0.0,45.0,1,46.501,6.6005,8500.0,450.0,0.0,10,4.5,45.0,8498.7,-12.3,8500.0,False,False,False,False,False,False,False,False,False,False,False,True,True,True,True,False,True,False,False,False,False,False,False,False
4886508,STATE_ARMED,11.8,0.0,89.0,0.0,0.0,0.0,4.5,0.5,0.5,5.0,13.0,46.0,79.0,75.5,18.0,0.0,0.0,45.0,1,46.501,6.6005,8500.0,450.0,0.0,10,4.5,45.0,8498.7,-12.3,8500.0,False,False,False,False,False,False,False,False,False,False,False,True,True,True,True,False,True,False,False,False,False,False,False,False
4887010,STATE_ARMED,11.8,0.0,89.0,0.0,0.0,0.0,4.5,0.5,0.5,5.0,13.0,46.0,79.0,75.5,18.0,0.0,0.0,45.0,1,46.501,6.6005,8500.0,450.0,0.0,10,4.5,45.0,8498.7,-12.3,8500.0,False,False,False,False,False,False,False,False,False,False,False,True,True,True,True,False,True,False,False,False,False,False,False,False
4887520,STATE_ARMED,11.8,0.0,89.0,0.0,0.0,0.0,4.5,0.5,0.5,5.0,13.0,46.0,79.0,75.5,18.0,0.0,0.0,45.0,1,46.501,6.6005,8500.0,450.0,0.0,10,4.5,45.0,8498.7,-12.3,8500.0,False,False,False,False,False,False,False,False,False,False,False,True,True,True,True,False,True,False,False,False,False,False,False,False
4888028,STATE_ARMED,11.8,0.0,89.0,0.0,0.0,0.0,4.5,0.5,0.5,5.0,13.0,46.0,79.0,75.5,18.0,0.0,0.0,45.0,1,46.501,6.6005,8500.0,450.0,0.0,10,4.5,45.0,8498.7,-12.3,8500.0,False,False,False,False,False,False,False,False,False,False,False,True,True,True,True,False,True,False,False,False,False,False,False,False
4888537,STATE_ARMED,11.8,0.0,89.0,0.0,0.0,0.0,4.5,0.5,0.5,5.0,13.0,46.0,79.0,75.5,18.0,0.0,0.0,45.0,1,46.501,6.6005,8500.0,450.0,0.0,10,4.5,45.0,8498.7,-12.3,8500.0,False,False,False,False,False,False,False,False,False,False,False,True,True,True,True,False,True,False,False,False,False,False,False,False
4889039,STATE_ARMED,11.8,0.0,89.0,0.0,0.0,0.0,4.5,0.5,0.5,5.0,13.0,46.0,79.0,75.5,18.0,0.0,0.0,45.0,1,46.501,6.6005,8500.0,450.0,0.0,10,4.5,45.0,8498.7,-12.3,8500.0,False,False,False,False,False,False,False,False,False,False,False,True,True,True,True,False,True,False,False,False,False,False,False,False
4889544,STATE_ARMED,11.8,0.0,89.0,0.0,0.0,0.0,4.5,0.5,0.5,5.0,13.0,46.0,79.0,75.5,18.0,0.0,0.0,45.0,1,46.501,6.6005,8500.0,450.0,0.0,10,4.5,45.0,8498.7,-12.3,8500.0,False,False,False,False,False,False,False,False,False,False,False,True,True,True,True,False,True,False,False,False,False,False,False,False
4890048,STATE_ARMED,11.8,0.0,89.0,0.0,0.0,0.0,4.5,0.5,0.5,5.0,13.0,46.0,79.0,75.5,18.0,0.0,0.0,45.0,1,46.501,6.6005,8500.0,450.0,0.0,10,4.5,45.0,8498.7,-12.3,8500.0,False,False,False,False,False,False,False,False,False,False,False,True,True,True,True,False,True,False,False,False,False,False,False,False
4890554,STATE_ARMED,11.8,0.0,89.0,0.0,0.0,0.0,4.5,0.5,0.5,5.0,13.0,46.0,79.0,75.5,18.0,0.0,0.0,45.0,1,46.501,6.6005,8500.0,450.0,0.0,10,4.5,45.0,8498.7,-12.3,8500.0,False,False,False,False,False,False,False,False,False,False,False,True,True,True,True,False,True,False,False,False,False,False,False,False
4891057,STATE_ARMED,11.8,0.0,89.0,0.0,0.0,0.0,4.5,0.5,0.5,5.0,13.0,46.0,79.0,75.5,18.0,0.0,0.0,45.0,1,46.501,6.6005,8500.0,450.0,0.0,10,4.5,45.0,8498.7,-12.3,8500.0,False,False,False,False,False,False,False,False,False,False,False,True,True,True,True,False,True,False,False,False,False,False,False,False
4891562,STATE_ARMED,11.8,0.0,89.0,0.0,0.0,0.0,4.5,0.5,0.5,5.0,13.0,46.0,79.0,75.5,18.0,0.0,0.0,45.0,1,46.501,6.6005,8500.0,450.0,0.0,10,4.5,45.0,8498.7,-12.3,8500.0,False,False,False,False,False,False,False,False,False,False,False,True,True,True,True,False,True,False,False,False,False,False,False,False
4892071,STATE_ARMED,11.8,0.0,89.0,0.0,0.0,0.0,4.5,0.5,0.5,5.0,13.0,46.0,79.0,75.5,18.0,0.0,0.0,45.0,1,46.501,6.6005,8500.0,450.0,0.0,10,4.5,45.0,8498.7,-12.3,8500.0,False,False,False,False,False,False,False,False,False,False,False,True,True,True,True,False,True,False,False,False,False,False,False,False
4892576,STATE_ARMED,11.8,0.0,89.0,0.0,0.0,0.0,4.5,0.5,0.5,5.0,13.0,46.0,79.0,75.5,18.0,0.0,0.0,45.0,1,46.501,6.6005,8500.0,450.0,0.0,10,4.5,45.0,8498.7,-12.3,8500.0,False,False,False,False,False,False,False,False,False,False,False,True,True,True,True,False,True,False,False,False,False,False,False,False
4893084,STATE_ARMED,11.8,0.0,89.0,0.0,0.0,0.0,4.5,0.5,0.5,5.0,13.0,46.0,79.0,75.5,18.0,0.0,0.0,45.0,1,46.501,6.6005,8500.0,450.0,0.0,10,4.5,45.0,8498.7,-12.3,8500.0,False,False,False,False,False,False,False,False,False,False,False,True,True,True,True,False,True,False,False,False,False,False,False,False
4893586,STATE_ARMED,11.8,0.0,89.0,0.0,0.0,0.0,4.5,0.5,0.5,5.0,13.0,46.0,79.0,75.5,18.0,0.0,0.0,45.0,1,46.501,6.6005,8500.0,450.0,0.0,10,4.5,45.0,8498.7,-12.3,8500.0,False,False,False,False,False,False,False,False,False,False,False,True,True,True,True,False,True,False,False,False,False,False,False,False
4894092,STATE_ARMED,11.8,0.0,89.0,0.0,0.0,0.0,4.5,0.5,0.5,5.0,13.0,46.0,79.0,75.5,18.0,0.0,0.0,45.0,1,46.501,6.6005,8500.0,450.0,0.0,10,4.5,45.0,8498.7,-12.3,8500.0,False,False,False,False,False,False,False,False,False,False,False,True,True,True,True,False,True,False,False,False,False,False,False,False
4894597,STATE_ARMED,11.8,0.0,89.0,0.0,0.0,0.0,4.5,0.5,0.5,5.0,13.0,46.0,79.0,75.5,18.0,0.0,0.0,45.0,1,46.501,6.6005,8500.0,450.0,0.0,10,4.5,45.0,8498.7,-12.3,8500.0,False,False,False,False,False,False,False,False,False,False,False,True,True,True,True,False,True,False,False,False,False,False,False,False
4895102,STATE_ARMED,11.8,0.0,89.0,0.0,0.0,0.0,4.5,0.5,0.5,5.0,13.0,46.0,79.0,75.5,18.0,0.0,0.0,45.0,1,46.501,6.6005,8500.0,450.0,0.0,10,4.5,45.0,8498.7,-12.3,8500.0,False,False,False,False,False,False,False,False,False,False,False,True,True,True,True,False,True,False,False,False,False,False,False,False
4895606,STATE_ARMED,11.8,0.0,89.0,0.0,0.0,0.0,4.5,0.5,0.5,5.0,13.0,46.0,79.0,75.5,18.0,0.0,0.0,45.0,1,46.501,6.6005,8500.0,450.0,0.0,10,4.5,45.0,8498.7,-12.3,8500.0,False,False,False,False,False,False,False,False,False,False,False,True,True,True,True,False,True,False,False,False,False,False,False,False
4896112,STATE_ARMED,11.8,0.0,89.0,0.0,0.0,0.0,4.5,0.5,0.5,5.0,13.0,46.0,79.0,75.5,18.0,0.0,0.0,45.0,1,46.501,6.6005,8500.0,450.0,0.0,10,4.5,45.0,8498.7,-12.3,8500.0,False,False,False,False,False,False,False,False,False,False,False,True,True,True,True,False,True,False,False,False,False,False,False,False
4896617,STATE_ARMED,11.8,0.0,89.0,0.0,0.0,0.0,4.5,0.5,0.5,5.0,13.0,46.0,79.0,75.5,18.0,0.0,0.0,45.0,1,46.501,6.6005,8500.0,450.0,0.0,10,4.5,45.0,8498.7,-12.3,8500.0,False,False,False,False,False,False,False,False,False,False,False,True,True,True,True,False,True,False,False,False,False,False,False,False
4897120,STATE_ARMED,11.8,0.0,89.0,0.0,0.0,0.0,4.5,0.5,0.5,5.0,13.0,46.0,79.0,75.5,18.0,0.0,0.0,45.0,1,46.501,6.6005,8500.0,450.0,0.0,10,4.5,45.0,8498.7,-12.3,8500.0,False,False,False,False,False,False,False,False,False,False,False,True,True,True,True,False,True,False,False,False,False,False,False,False
4897627,STATE_ARMED,11.8,0.0,89.0,0.0,0.0,0.0,4.5,0.5,0.5,5.0,13.0,46.0,79.0,75.5,18.0,0.0,0.0,45.0,1,46.501,6.6005,8500.0,450.0,0.0,10,4.5,45.0,8498.7,-12.3,8500.0,False,False,False,False,False,False,False,False,False,False,False,True,True,True,True,False,True,False,False,False,False,False,False,False
4898130,STATE_ARMED,11.8,0.0,89.0,0.0,0.0,0.0,4.5,0.5,0.5,5.0,13.0,46.0,79.0,75.5,18.0,0.0,0.0,45.0,1,46.501,6.6005,8500.0,450.0,0.0,10,4.5,45.0,8498.7,-12.3,8500.0,False,False,False,False,False,False,False,False,False,False,False,True,True,True,True,False,True,False,False,False,False,False,False,False
4898636,STATE_ARMED,11.8,0.0,89.0,0.0,0.0,0.0,4.5,0.5,0.5,5.0,13.0,46.0,79.0,75.5,18.0,0.0,0.0,45.0,1,46.501,6.6005,8500.0,450.0,0.0,10,4.5,45.0,8498.7,-12.3,8500.0,False,False,False,False,False,False,False,False,False,False,False,True,True,True,True,False,True,False,False,False,False,False,False,False
4899140,STATE_ARMED,11.8,0.0,89.0,0.0,0.0,0.0,4.5,0.5,0.5,5.0,13.0,46.0,79.0,75.5,18.0,0.0,0.0,45.0,1,46.501,6.6005,8500.0,450.0,0.0,10,4.5,45.0,8498.7,-12.3,8500.0,False,False,False,False,False,False,False,False,False,False,False,True,True,True,True,False,True,False,False,False,False,False,False,False
4899644,STATE_ARMED,11.8,0.0,89.0,0.0,0.0,0.0,4.5,0.5,0.5,5.0,13.0,46.0,79.0,75.5,18.0,0.0,0.0,45.0,1,46.501,6.6005,8500.0,450.0,0.0,10,4.5,45.0,8498.7,-12.3,8500.0,False,False,False,False,False,False,False,False,False,False,False,True,True,True,True,False,True,False,False,False,False,False,False,False
4900147,STATE_ARMED,11.8,0.0,89.0,0.0,0.0,0.0,4.5,0.5,0.5,5.0,13.0,46.0,79.0,75.5,18.0,0.0,0.0,45.0,1,46.501,6.6005,8500.0,450.0,0.0,10,4.5,45.0,8498.7,-12.3,8500.0,False,False,False,False,False,False,False,False,False,False,False,True,True,True,True,False,True,False,False,False,False,False,False,False
4900651,STATE_ARMED,11.8,0.0,89.0,0.0,0.0,0.0,4.5,0.5,0.5,5.0,13.0,46.0,79.0,75.5,18.0,0.0,0.0,45.0,1,46.501,6.6005,8500.0,450.0,0.0,10,4.5,45.0,8498.7,-12.3,8500.0,False,False,False,False,False,False,False,False,False,False,False,True,True,True,True,False,True,False,False,False,False,False,False,False
4901160,STATE_ARMED,11.8,0.0,89.0,0.0,0.0,0.0,4.5,0.5,0.5,5.0,13.0,46.0,79.0,75.5,18.0,0.0,0.0,45.0,1,46.501,6.6005,8500.0,450.0,0.0,10,4.5,45.0,8498.7,-12.3,8500.0,False,False,False,False,False,False,False,False,False,False,False,True,True,True,True,False,True,False,False,False,False,False,False,False
4901662,STATE_ARMED,11.8,0.0,89.0,0.0,0.0,0.0,4.5,0.5,0.5,5.0,13.0,46.0,79.0,75.5,18.0,0.0,0.0,45.0,1,46.501,6.6005,8500.0,450.0,0.0,10,4.5,45.0,8498.7,-12.3,8500.0,False,False,False,False,False,False,False,False,False,False,False,True,True,True,True,False,True,False,False,False,False,False,False,False
4902166,STATE_ARMED,11.8,0.0,89.0,0.0,0.0,0.0,4.5,0.5,0.5,5.0,13.0,46.0,79.0,75.5,18.0,0.0,0.0,45.0,1,46.501,6.6005,8500.0,450.0,0.0,10,4.5,45.0,8498.7,-12.3,8500.0,False,False,False,False,False,False,False,False,False,False,False,True,True,True,True,False,True,False,False,False,False,False,False,False
4902672,STATE_ARMED,11.8,0.0,89.0,0.0,0.0,0.0,4.5,0.5,0.5,5.0,13.0,46.0,79.0,75.5,18.0,0.0,0.0,45.0,1,46.501,6.6005,8500.0,450.0,0.0,10,4.5,45.0,8498.7,-12.3,8500.0,False,False,False,False,False,False,False,False,False,False,False,True,True,True,True,False,True,False,False,False,False,False,False,False
4903180,STATE_ARMED,11.8,0.0,89.0,0.0,0.0,0.0,4.5,0.5,0.5,5.0,13.0,46.0,79.0,75.5,18.0,0.0,0.0,45.0,1,46.501,6.6005,8500.0,450.0,0.0,10,4.5,45.0,8498.7,-12.3,8500.0,False,False,False,False,False,False,False,False,False,False,False,True,True,True,True,False,True,False,False,False,False,False,False,False
4903685,STATE_ARMED,11.8,0.0,89.0,0.0,0.0,0.0,4.5,0.5,0.5,5.0,13.0,46.0,79.0,75.5,18.0,0.0,0.0,45.0,1,46.501,6.6005,8500.0,450.0,0.0,10,4.5,45.0,8498.7,-12.3,8500.0,False,False,False,False,False,False,False,False,False,False,False,True,True,True,True,False,True,False,False,False,False,False,False,False
4904189,STATE_ARMED,11.8,0.0,89.0,0.0,0.0,0.0,4.5,0.5,0.5,5.0,13.0,46.0,79.0,75.5,18.0,0.0,0.0,45.0,1,46.501,6.6005,8500.0,450.0,0.0,10,4.5,45.0,8498.7,-12.3,8500.0,False,False,False,False,False,False,False,False,False,False,False,True,True,True,True,False,True,False,False,False,False,False,False,False
4904693,STATE_ARMED,11.8,0.0,89.0,0.0,0.0,0.0,4.5,0.5,0.5,5.0,13.0,46.0,79.0,75.5,18.0,0.0,0.0,45.0,1,46.501,6.6005,8500.0,450.0,0.0,10,4.5,45.0,8498.7,-12.3,8500.0,False,False,False,False,False,False,False,False,False,False,False,True,True,True,True,False,True,False,False,False,False,False,False,False
4905196,STATE_ARMED,11.8,0.0,89.0,0.0,0.0,0.0,4.5,0.5,0.5,5.0,13.0,46.0,79.0,75.5,18.0,0.0,0.0,45.0,1,46.501,6.6005,8500.0,450.0,0.0,10,4.5,45.0,8498.7,-12.3,8500.0,False,False,False,False,False,False,False,False,False,False,False,True,True,True,True,False,True,False,False,False,False,False,False,False
4905701,STATE_ARMED,11.8,0.0,89.0,0.0,0.0,0.0,4.5,0.5,0.5,5.0,13.0,46.0,79.0,75.5,18.0,0.0,0.0,45.0,1,46.501,6.6005,8500.0,450.0,0.0,10,4.5,45.0,8498.7,-12.3,8500.0,False,False,False,False,False,False,False,False,False,False,False,True,True,True,True,False,True,False,False,False,False,False,False,False
4906208,STATE_ARMED,11.8,0.0,89.0,0.0,0.0,0.0,4.5,0.5,0.5,5.0,13.0,46.0,79.0,75.5,18.0,0.0,0.0,45.0,1,46.501,6.6005,8500.0,450.0,0.0,10,4.5,45.0,8498.7,-12.3,8500.0,False,False,False,False,False,False,False,False,False,False,False,True,True,True,True,False,True,False,False,False,False,False,False,False
4906710,STATE_ARMED,11.8,0.0,89.0,0.0,0.0,0.0,4.5,0.5,0.5,5.0,13.0,46.0,79.0,75.5,18.0,0.0,0.0,45.0,1,46.501,6.6005,8500.0,450.0,0.0,10,4.5,45.0,8498.7,-12.3,8500.0,False,False,False,False,False,False,False,False,False,False,False,True,True,True,True,False,True,False,False,False,False,False,False,False
4907216,STATE_ARMED,11.8,0.0,89.0,0.0,0.0,0.0,4.5,0.5,0.5,5.0,13.0,46.0,79.0,75.5,18.0,0.0,0.0,45.0,1,46.501,6.6005,8500.0,450.0,0.0,10,4.5,45.0,8498.7,-12.3,8500.0,False,False,False,False,False,False,False,False,False,False,False,True,True,True,True,False,True,False,False,False,False,False,False,False
4907718,STATE_ARMED,11.8,0.0,89.0,0.0,0.0,0.0,4.5,0.5,0.5,5.0,13.0,46.0,79.0,75.5,18.0,0.0,0.0,45.0,1,46.501,6.6005,8500.0,450.0,0.0,10,4.5,45.0,8498.7,-12.3,8500.0,False,False,False,False,False,False,False,False,False,False,False,True,True,True,True,False,True,False,False,False,False,False,False,False
4908222,STATE_ARMED,11.8,0.0,89.0,0.0,0.0,0.0,4.5,0.5,0.5,5.0,13.0,46.0,79.0,75.5,18.0,0.0,0.0,45.0,1,46.501,6.6005,8500.0,450.0,0.0,10,4.5,45.0,8498.7,-12.3,8500.0,False,False,False,False,False,False,False,False,False,False,False,True,True,True,True,False,True,False,False,False,False,False,False,False
4908726,STATE_ARMED,11.8,0.0,89.0,0.0,0.0,0.0,4.5,0.5,0.5,5.0,13.0,46.0,79.0,75.5,18.0,0.0,0.0,45.0,1,46.501,6.6005,8500.0,450.0,0.0,10,4.5,45.0,8498.7,-12.3,8500.0,False,False,False,False,False,False,False,False,False,False,False,True,True,True,True,False,True,False,False,False,False,False,False,False
4909232,STATE_ARMED,11.8,0.0,89.0,0.0,0.0,0.0,4.5,0.5,0.5,5.0,13.0,46.0,79.0,75.5,18.0,0.0,0.0,45.0,1,46.501,6.6005,8500.0,450.0,0.0,10,4.5,45.0,8498.7,-12.3,8500.0,False,False,False,False,False,False,False,False,False,False,False,True,True,True,True,False,True,False,False,False,False,False,False,False
4909735,STATE_ARMED,11.8,0.0,89.0,0.0,0.0,0.0,4.5,0.5,0.5,5.0,13.0,46.0,79.0,75.5,18.0,0.0,0.0,45.0,1,46.501,6.6005,8500.0,450.0,0.0,10,4.5,45.0,8498.7,-12.3,8500.0,False,False,False,False,False,False,False,False,False,False,False,True,True,True,True,False,True,False,False,False,False,False,False,False
4910240,STATE_ARMED,11.8,0.0,89.0,0.0,0.0,0.0,4.5,0.5,0.5,5.0,13.0,46.0,79.0,75.5,18.0,0.0,0.0,45.0,1,46.501,6.6005,8500.0,450.0,0.0,10,4.5,45.0,8498.7,-12.3,8500.0,False,False,False,False,False,False,False,False,False,False,False,True,True,True,True,False,True,False,False,False,False,False,False,False
4910745,STATE_ARMED,11.8,0.0,89.0,0.0,0.0,0.0,4.5,0.5,0.5,5.0,13.0,46.0,79.0,75.5,18.0,0.0,0.0,45.0,1,46.501,6.6005,8500.0,450.0,0.0,10,4.5,45.0,8498.7,-12.3,8500.0,False,False,False,False,False,False,False,False,False,False,False,True,True,True,True,False,True,False,False,False,False,False,False,False
4911248,STATE_ARMED,11.8,0.0,89.0,0.0,0.0,0.0,4.5,0.5,0.5,5.0,13.0,46.0,79.0,75.5,18.0,0.0,0.0,45.0,1,46.501,6.6005,8500.0,450.0,0.0,10,4.5,45.0,8498.7,-12.3,8500.0,False,False,False,False,False,False,False,False,False,False,False,True,True,True,True,False,True,False,False,False,False,False,False,False
4911754,STATE_ARMED,11.8,0.0,89.0,0.0,0.0,0.0,4.5,0.5,0.5,5.0,13.0,46.0,79.0,75.5,18.0,0.0,0.0,45.0,1,46.501,6.6005,8500.0,450.0,0.0,10,4.5,45.0,8498.7,-12.3,8500.0,False,False,False,False,False,False,False,False,False,False,False,True,True,True,True,False,True,False,False,False,False,False,False,False
4912259,STATE_ARMED,11.8,0.0,89.0,0.0,0.0,0.0,4.5,0.5,0.5,5.0,13.0,46.0,79.0,75.5,18.0,0.0,0.0,45.0,1,46.501,6.6005,8500.0,450.0,0.0,10,4.5,45.0,8498.7,-12.3,8500.0,False,False,False,False,False,False,False,False,False,False,False,True,True,True,True,False,True,False,False,False,False,False,False,False
4912768,STATE_ARMED,11.8,0.0,89.0,0.0,0.0,0.0,4.5,0.5,0.5,5.0,13.0,46.0,79.0,75.5,18.0,0.0,0.0,45.0,1,46.501,6.6005,8500.0,450.0,0.0,10,4.5,45.0,8498.7,-12.3,8500.0,False,False,False,False,False,False,False,False,False,False,False,True,True,True,True,False,True,False,False,False,False,False,False,False
4913273,STATE_ARMED,11.8,0.0,89.0,0.0,0.0,0.0,4.5,0.5,0.5,5.0,13.0,46.0,79.0,75.5,18.0,0.0,0.0,45.0,1,46.501,6.6005,8500.0,450.0,0.0,10,4.5,45.0,8498.7,-12.3,8500.0,False,False,False,False,False,False,False,False,False,False,False,True,True,True,True,False,True,False,False,False,False,False,False,False
4913775,STATE_ARMED,11.8,0.0,89.0,0.0,0.0,0.0,4.5,0.5,0.5,5.0,13.0,46.0,79.0,75.5,18.0,0.0,0.0,45.0,1,46.501,6.6005,8500.0,450.0,0.0,10,4.5,45.0,8498.7,-12.3,8500.0,False,False,False,False,False,False,False,False,False,False,False,True,True,True,True,False,True,False,False,False,False,False,False,False
4914279,STATE_ARMED,11.8,0.0,89.0,0.0,0.0,0.0,4.5,0.5,0.5,5.0,13.0,46.0,79.0,75.5,18.0,0.0,0.0,45.0,1,46.501,6.6005,8500.0,450.0,0.0,10,4.5,45.0,8498.7,-12.3,8500.0,False,False,False,False,False,False,False,False,False,False,False,True,True,True,True,False,True,False,False,False,False,False,False,False
4914787,STATE_ARMED,11.8,0.0,89.0,0.0,0.0,0.0,4.5,0.5,0.5,5.0,13.0,46.0,79.0,75.5,18.0,0.0,0.0,45.0,1,46.501,6.6005,8500.0,450.0,0.0,10,4.5,45.0,8498.7,-12.3,8500.0,False,False,False,False,False,False,False,False,False,False,False,True,True,True,True,False,True,False,False,False,False,False,False,False
4915293,STATE_ARMED,11.8,0.0,89.0,0.0,0.0,0.0,4.5,0.5,0.5,5.0,13.0,46.0,79.0,75.5,18.0,0.0,0.0,45.0,1,46.501,6.6005,8500.0,450.0,0.0,10,4.5,45.0,8498.7,-12.3,8500.0,False,False,False,False,False,False,False,False,False,False,False,True,True,True,True,False,True,False,False,False,False,False,False,False
4915796,STATE_ARMED,11.8,0.0,89.0,0.0,0.0,0.0,4.5,0.5,0.5,5.0,13.0,46.0,79.0,75.5,18.0,0.0,0.0,45.0,1,46.501,6.6005,8500.0,450.0,0.0,10,4.5,45.0,8498.7,-12.3,8500.0,False,False,False,False,False,False,False,False,False,False,False,True,True,True,True,False,True,False,False,False,False,False,False,False
4916308,STATE_ARMED,11.8,0.0,89.0,0.0,0.0,0.0,4.5,0.5,0.5,5.0,13.0,46.0,79.0,75.5,18.0,0.0,0.0,45.0,1,46.501,6.6005,8500.0,450.0,0.0,10,4.5,45.0,8498.7,-12.3,8500.0,False,False,False,False,False,False,False,False,False,False,False,True,True,True,True,False,True,False,False,False,False,False,False,False
4916814,STATE_ARMED,11.8,0.0,89.0,0.0,0.0,0.0,4.5,0.5,0.5,5.0,13.0,46.0,79.0,75.5,18.0,0.0,0.0,45.0,1,46.501,6.6005,8500.0,450.0,0.0,10,4.5,45.0,8498.7,-12.3,8500.0,False,False,False,False,False,False,False,False,False,False,False,True,True,True,True,False,True,False,False,False,False,False,False,False
4917319,STATE_ARMED,11.8,0.0,89.0,0.0,0.0,0.0,4.5,0.5,0.5,5.0,13.0,46.0,79.0,75.5,18.0,0.0,0.0,45.0,1,46.501,6.6005,8500.0,450.0,0.0,10,4.5,45.0,8498.7,-12.3,8500.0,False,False,False,False,False,False,False,False,False,False,False,True,True,True,True,False,True,False,False,False,False,False,False,False
4917836,STATE_ARMED,11.8,0.0,89.0,0.0,0.0,0.0,4.5,0.5,0.5,5.0,13.0,46.0,79.0,75.5,18.0,0.0,0.0,45.0,1,46.501,6.6005,8500.0,450.0,0.0,10,4.5,45.0,8498.7,-12.3,8500.0,False,False,False,False,False,False,False,False,False,False,False,True,True,True,True,False,True,False,False,False,False,False,False,False
4918338,STATE_ARMED,11.8,0.0,89.0,0.0,0.0,0.0,4.5,0.5,0.5,5.0,13.0,46.0,79.0,75.5,18.0,0.0,0.0,45.0,1,46.501,6.6005,8500.0,450.0,0.0,10,4.5,45.0,8498.7,-12.3,8500.0,False,False,False,False,False,False,False,False,False,False,False,True,True,True,True,False,True,False,False,False,False,False,False,False
4918845,STATE_ARMED,11.8,0.0,89.0,0.0,0.0,0.0,4.5,0.5,0.5,5.0,13.0,46.0,79.0,75.5,18.0,0.0,0.0,45.0,1,46.501,6.6005,8500.0,450.0,0.0,10,4.5,45.0,8498.7,-12.3,8500.0,False,False,False,False,False,False,False,False,False,False,False,True,True,True,True,False,True,False,False,False,False,False,False,False
4919354,STATE_ARMED,11.8,0.0,89.0,0.0,0.0,0.0,4.5,0.5,0.5,5.0,13.0,46.0,79.0,75.5,18.0,0.0,0.0,45.0,1,46.501,6.6005,8500.0,450.0,0.0,10,4.5,45.0,8498.7,-12.3,8500.0,False,False,False,False,False,False,False,False,False,False,False,True,True,True,True,False,True,False,False,False,False,False,False,False
4919856,STATE_ARMED,11.8,0.0,89.0,0.0,0.0,0.0,4.5,0.5,0.5,5.0,13.0,46.0,79.0,75.5,18.0,0.0,0.0,45.0,1,46.501,6.6005,8500.0,450.0,0.0,10,4.5,45.0,8498.7,-12.3,8500.0,False,False,False,False,False,False,False,False,False,False,False,True,True,True,True,False,True,False,False,False,False,False,False,False
4920366,STATE_ARMED,11.8,0.0,89.0,0.0,0.0,0.0,4.5,0.5,0.5,5.0,13.0,46.0,79.0,75.5,18.0,0.0,0.0,45.0,1,46.501,6.6005,8500.0,450.0,0.0,10,4.5,45.0,8498.7,-12.3,8500.0,False,False,False,False,False,False,False,False,False,False,False,True,True,True,True,False,True,False,False,False,False,False,False,False
4920869,STATE_ARMED,11.8,0.0,89.0,0.0,0.0,0.0,4.5,0.5,0.5,5.0,13.0,46.0,79.0,75.5,18.0,0.0,0.0,45.0,1,46.501,6.6005,8500.0,450.0,0.0,10,4.5,45.0,8498.7,-12.3,8500.0,False,False,False,False,False,False,False,False,False,False,False,True,True,True,True,False,True,False,False,False,False,False,False,False
4921376,STATE_ARMED,11.8,0.0,89.0,0.0,0.0,0.0,4.5,0.5,0.5,5.0,13.0,46.0,79.0,75.5,18.0,0.0,0.0,45.0,1,46.501,6.6005,8500.0,450.0,0.0,10,4.5,45.0,8498.7,-12.3,8500.0,False,False,False,False,False,False,False,False,False,False,False,True,True,True,True,False,True,False,False,False,False,False,False,False
4921879,STATE_ARMED,11.8,0.0,89.0,0.0,0.0,0.0,4.5,0.5,0.5,5.0,13.0,46.0,79.0,75.5,18.0,0.0,0.0,45.0,1,46.501,6.6005,8500.0,450.0,0.0,10,4.5,45.0,8498.7,-12.3,8500.0,False,False,False,False,False,False,False,False,False,False,False,True,True,True,True,False,True,False,False,False,False,False,False,False
4922383,STATE_ARMED,11.8,0.0,89.0,0.0,0.0,0.0,4.5,0.5,0.5,5.0,13.0,46.0,79.0,75.5,18.0,0.0,0.0,45.0,1,46.501,6.6005,8500.0,450.0,0.0,10,4.5,45.0,8498.7,-12.3,8500.0,False,False,False,False,False,False,False,False,False,False,False,True,True,True,True,False,True,False,False,False,False,False,False,False
4922888,STATE_ARMED,11.8,0.0,89.0,0.0,0.0,0.0,4.5,0.5,0.5,5.0,13.0,46.0,79.0,75.5,18.0,0.0,0.0,45.0,1,46.501,6.6005,8500.0,450.0,0.0,10,4.5,45.0,8498.7,-12.3,8500.0,False,False,False,False,False,False,False,False,False,False,False,True,True,True,True,False,True,False,False,False,False,False,False,False
4923393,STATE_ARMED,11.8,0.0,89.0,0.0,0.0,0.0,4.5,0.5,0.5,5.0,13.0,46.0,79.0,75.5,18.0,0.0,0.0,45.0,1,46.501,6.6005,8500.0,450.0,0.0,10,4.5,45.0,8498.7,-12.3,8500.0,False,False,False,False,False,False,False,False,False,False,False,True,True,True,True,False,True,False,False,False,False,False,False,False
4923896,STATE_ARMED,11.8,0.0,89.0,0.0,0.0,0.0,4.5,0.5,0.5,5.0,13.0,46.0,79.0,75.5,18.0,0.0,0.0,45.0,1,46.501,6.6005,8500.0,450.0,0.0,10,4.5,45.0,8498.7,-12.3,8500.0,False,False,False,False,False,False,False,False,False,False,False,True,True,True,True,False,True,False,False,False,False,False,False,False
4924401,STATE_ARMED,11.8,0.0,89.0,0.0,0.0,0.0,4.5,0.5,0.5,5.0,13.0,46.0,79.0,75.5,18.0,0.0,0.0,45.0,1,46.501,6.6005,8500.0,450.0,0.0,10,4.5,45.0,8498.7,-12.3,8500.0,False,False,False,False,False,False,False,False,False,False,False,True,True,True,True,False,True,False,False,False,False,False,False,False
4924905,STATE_ARMED,11.8,0.0,89.0,0.0,0.0,0.0,4.5,0.5,0.5,5.0,13.0,46.0,79.0,75.5,18.0,0.0,0.0,45.0,1,46.501,6.6005,8500.0,450.0,0.0,10,4.5,45.0,8498.7,-12.3,8500.0,False,False,False,False,False,False,False,False,False,False,False,True,True,True,True,False,True,False,False,False,False,False,False,False
4925407,STATE_ARMED,11.8,0.0,89.0,0.0,0.0,0.0,4.5,0.5,0.5,5.0,13.0,46.0,79.0,75.5,18.0,0.0,0.0,45.0,1,46.501,6.6005,8500.0,450.0,0.0,10,4.5,45.0,8498.7,-12.3,8500.0,False,False,False,False,False,False,False,False,False,False,False,True,True,True,True,False,True,False,False,False,False,False,False,False
4925912,STATE_ARMED,11.8,0.0,89.0,0.0,0.0,0.0,4.5,0.5,0.5,5.0,13.0,46.0,79.0,75.5,18.0,0.0,0.0,45.0,1,46.501,6.6005,8500.0,450.0,0.0,10,4.5,45.0,8498.7,-12.3,8500.0,False,False,False,False,False,False,False,False,False,False,False,True,True,True,True,False,True,False,False,False,False,False,False,False
4926414,STATE_ARMED,11.8,0.0,89.0,0.0,0.0,0.0,4.5,0.5,0.5,5.0,13.0,46.0,79.0,75.5,18.0,0.0,0.0,45.0,1,46.501,6.6005,8500.0,450.0,0.0,10,4.5,45.0,8498.7,-12.3,8500.0,False,False,False,False,False,False,False,False,False,False,False,True,True,True,True,False,True,False,False,False,False,False,False,False
4926919,STATE_ARMED,11.8,0.0,89.0,0.0,0.0,0.0,4.5,0.5,0.5,5.0,13.0,46.0,79.0,75.5,18.0,0.0,0.0,45.0,1,46.501,6.6005,8500.0,450.0,0.0,10,4.5,45.0,8498.7,-12.3,8500.0,False,False,False,False,False,False,False,False,False,False,False,True,True,True,True,False,True,False,False,False,False,False,False,False
4927424,STATE_ARMED,11.8,0.0,89.0,0.0,0.0,0.0,4.5,0.5,0.5,5.0,13.0,46.0,79.0,75.5,18.0,0.0,0.0,45.0,1,46.501,6.6005,8500.0,450.0,0.0,10,4.5,45.0,8498.7,-12.3,8500.0,False,False,False,False,False,False,False,False,False,False,False,True,True,True,True,False,True,False,False,False,False,False,False,False
4927928,STATE_ARMED,11.8,0.0,89.0,0.0,0.0,0.0,4.5,0.5,0.5,5.0,13.0,46.0,79.0,75.5,18.0,0.0,0.0,45.0,1,46.501,6.6005,8500.0,450.0,0.0,10,4.5,45.0,8498.7,-12.3,8500.0,False,False,False,False,False,False,False,False,False,False,False,True,True,True,True,False,True,False,False,False,False,False,False,False
4928430,STATE_ARMED,11.8,0.0,89.0,0.0,0.0,0.0,4.5,0.5,0.5,5.0,13.0,46.0,79.0,75.5,18.0,0.0,0.0,45.0,1,46.501,6.6005,8500.0,450.0,0.0,10,4.5,45.0,8498.7,-12.3,8500.0,False,False,False,False,False,False,False,False,False,False,False,True,True,True,True,False,True,False,False,False,False,False,False,False
4928936,STATE_ARMED,11.8,0.0,89.0,0.0,0.0,0.0,4.5,0.5,0.5,5.0,13.0,46.0,79.0,75.5,18.0,0.0,0.0,45.0,1,46.501,6.6005,8500.0,450.0,0.0,10,4.5,45.0,8498.7,-12.3,8500.0,False,False,False,False,False,False,False,False,False,False,False,True,True,True,True,False,True,False,False,False,False,False,False,False
4929438,STATE_ARMED,11.8,0.0,89.0,0.0,0.0,0.0,4.5,0.5,0.5,5.0,13.0,46.0,79.0,75.5,18.0,0.0,0.0,45.0,1,46.501,6.6005,8500.0,450.0,0.0,10,4.5,45.0,8498.7,-12.3,8500.0,False,False,False,False,False,False,False,False,False,False,False,True,True,True,True,False,True,False,False,False,False,False,False,False
4929940,STATE_ARMED,11.8,0.0,89.0,0.0,0.0,0.0,4.5,0.5,0.5,5.0,13.0,46.0,79.0,75.5,18.0,0.0,0.0,45.0,1,46.501,6.6005,8500.0,450.0,0.0,10,4.5,45.0,8498.7,-12.3,8500.0,False,False,False,False,False,False,False,False,False,False,False,True,True,True,True,False,True,False,False,False,False,False,False,False
4930444,STATE_ARMED,11.8,0.0,89.0,0.0,0.0,0.0,4.5,0.5,0.5,5.0,13.0,46.0,79.0,75.5,18.0,0.0,0.0,45.0,1,46.501,6.6005,8500.0,450.0,0.0,10,4.5,45.0,8498.7,-12.3,8500.0,False,False,False,False,False,False,False,False,False,False,False,True,True,True,True,False,True,False,False,False,False,False,False,False
4930952,STATE_ARMED,11.8,0.0,89.0,0.0,0.0,0.0,4.5,0.5,0.5,5.0,13.0,46.0,79.0,75.5,18.0,0.0,0.0,45.0,1,46.501,6.6005,8500.0,450.0,0.0,10,4.5,45.0,8498.7,-12.3,8500.0,False,False,False,False,False,False,False,False,False,False,False,True,True,True,True,False,True,False,False,False,False,False,False,False
4931454,STATE_ARMED,11.8,0.0,89.0,0.0,0.0,0.0,4.5,0.5,0.5,5.0,13.0,46.0,79.0,75.5,18.0,0.0,0.0,45.0,1,46.501,6.6005,8500.0,450.0,0.0,10,4.5,45.0,8498.7,-12.3,8500.0,False,False,False,False,False,False,False,False,False,False,False,True,True,True,True,False,True,False,False,False,False,False,False,False
4931961,STATE_ARMED,11.8,0.0,89.0,0.0,0.0,0.0,4.5,0.5,0.5,5.0,13.0,46.0,79.0,75.5,18.0,0.0,0.0,45.0,1,46.501,6.6005,8500.0,450.0,0.0,10,4.5,45.0,8498.7,-12.3,8500.0,False,False,False,False,False,False,False,False,False,False,False,True,True,True,True,False,True,False,False,False,False,False,False,False
4932467,STATE_ARMED,11.8,0.0,89.0,0.0,0.0,0.0,4.5,0.5,0.5,5.0,13.0,46.0,79.0,75.5,18.0,0.0,0.0,45.0,1,46.501,6.6005,8500.0,450.0,0.0,10,4.5,45.0,8498.7,-12.3,8500.0,False,False,False,False,False,False,False,False,False,False,False,True,True,True,True,False,True,False,False,False,False,False,False,False
4932978,STATE_ARMED,11.8,0.0,89.0,0.0,0.0,0.0,4.5,0.5,0.5,5.0,13.0,46.0,79.0,75.5,18.0,0.0,0.0,45.0,1,46.501,6.6005,8500.0,450.0,0.0,10,4.5,45.0,8498.7,-12.3,8500.0,False,False,False,False,False,False,False,False,False,False,False,True,True,True,True,False,True,False,False,False,False,False,False,False
4933481,STATE_ARMED,11.8,0.0,89.0,0.0,0.0,0.0,4.5,0.5,0.5,5.0,13.0,46.0,79.0,75.5,18.0,0.0,0.0,45.0,1,46.501,6.6005,8500.0,450.0,0.0,10,4.5,45.0,8498.7,-12.3,8500.0,False,False,False,False,False,False,False,False,False,False,False,True,True,True,True,False,True,False,False,False,False,False,False,False
4933985,STATE_ARMED,11.8,0.0,89.0,0.0,0.0,0.0,4.5,0.5,0.5,5.0,13.0,46.0,79.0,75.5,18.0,0.0,0.0,45.0,1,46.501,6.6005,8500.0,450.0,0.0,10,4.5,45.0,8498.7,-12.3,8500.0,False,False,False,False,False,False,False,False,False,False,False,True,True,True,True,False,True,False,False,False,False,False,False,False
4934487,STATE_ARMED,11.8,0.0,89.0,0.0,0.0,0.0,4.5,0.5,0.5,5.0,13.0,46.0,79.0,75.5,18.0,0.0,0.0,45.0,1,46.501,6.6005,8500.0,450.0,0.0,10,4.5,45.0,8498.7,-12.3,8500.0,False,False,False,False,False,False,False,False,False,False,False,True,True,True,True,False,True,False,False,False,False,False,False,False
4934989,STATE_ARMED,11.8,0.0,89.0,0.0,0.0,0.0,4.5,0.5,0.5,5.0,13.0,46.0,79.0,75.5,18.0,0.0,0.0,45.0,1,46.501,6.6005,8500.0,450.0,0.0,10,4.5,45.0,8498.7,-12.3,8500.0,False,False,False,False,False,False,False,False,False,False,False,True,True,True,True,False,True,False,False,False,False,False,False,False
4935492,STATE_ARMED,11.8,0.0,89.0,0.0,0.0,0.0,4.5,0.5,0.5,5.0,13.0,46.0,79.0,75.5,18.0,0.0,0.0,45.0,1,46.501,6.6005,8500.0,450.0,0.0,10,4.5,45.0,8498.7,-12.3,8500.0,False,False,False,False,False,False,False,False,False,False,False,True,True,True,True,False,True,False,False,False,False,False,False,False
4935995,STATE_ARMED,11.8,0.0,89.0,0.0,0.0,0.0,4.5,0.5,0.5,5.0,13.0,46.0,79.0,75.5,18.0,0.0,0.0,45.0,1,46.501,6.6005,8500.0,450.0,0.0,10,4.5,45.0,8498.7,-12.3,8500.0,False,False,False,False,False,False,False,False,False,False,False,True,True,True,True,False,True,False,False,False,False,False,False,False
4936500,STATE_ARMED,11.8,0.0,89.0,0.0,0.0,0.0,4.5,0.5,0.5,5.0,13.0,46.0,79.0,75.5,18.0,0.0,0.0,45.0,1,46.501,6.6005,8500.0,450.0,0.0,10,4.5,45.0,8498.7,-12.3,8500.0,False,False,False,False,False,False,False,False,False,False,False,True,True,True,True,False,True,False,False,False,False,False,False,False
4937002,STATE_ARMED,11.8,0.0,89.0,0.0,0.0,0.0,4.5,0.5,0.5,5.0,13.0,46.0,79.0,75.5,18.0,0.0,0.0,45.0,1,46.501,6.6005,8500.0,450.0,0.0,10,4.5,45.0,8498.7,-12.3,8500.0,False,False,False,False,False,False,False,False,False,False,False,True,True,True,True,False,True,False,False,False,False,False,False,False
4937506,STATE_ARMED,11.8,0.0,89.0,0.0,0.0,0.0,4.5,0.5,0.5,5.0,13.0,46.0,79.0,75.5,18.0,0.0,0.0,45.0,1,46.501,6.6005,8500.0,450.0,0.0,10,4.5,45.0,8498.7,-12.3,8500.0,False,False,False,False,False,False,False,False,False,False,False,True,True,True,True,False,True,False,False,False,False,False,False,False
4938010,STATE_ARMED,11.8,0.0,89.0,0.0,0.0,0.0,4.5,0.5,0.5,5.0,13.0,46.0,79.0,75.5,18.0,0.0,0.0,45.0,1,46.501,6.6005,8500.0,450.0,0.0,10,4.5,45.0,8498.7,-12.3,8500.0,False,False,False,False,False,False,False,False,False,False,False,True,True,True,True,False,True,False,False,False,False,False,False,False
4938514,STATE_ARMED,11.8,0.0,89.0,0.0,0.0,0.0,4.5,0.5,0.5,5.0,13.0,46.0,79.0,75.5,18.0,0.0,0.0,45.0,1,46.501,6.6005,8500.0,450.0,0.0,10,4.5,45.0,8498.7,-12.3,8500.0,False,False,False,False,False,False,False,False,False,False,False,True,True,True,True,False,True,False,False,False,False,False,False,False
4939023,STATE_ARMED,11.8,0.0,89.0,0.0,0.0,0.0,4.5,0.5,0.5,5.0,13.0,46.0,79.0,75.5,18.0,0.0,0.0,45.0,1,46.501,6.6005,8500.0,450.0,0.0,10,4.5,45.0,8498.7,-12.3,8500.0,False,False,False,False,False,False,False,False,False,False,False,True,True,True,True,False,True,False,False,False,False,False,False,False
4939526,STATE_ARMED,11.8,0.0,89.0,0.0,0.0,0.0,4.5,0.5,0.5,5.0,13.0,46.0,79.0,75.5,18.0,0.0,0.0,45.0,1,46.501,6.6005,8500.0,450.0,0.0,10,4.5,45.0,8498.7,-12.3,8500.0,False,False,False,False,False,False,False,False,False,False,False,True,True,True,True,False,True,False,False,False,False,False,False,False
4940036,STATE_ARMED,11.8,0.0,89.0,0.0,0.0,0.0,4.5,0.5,0.5,5.0,13.0,46.0,79.0,75.5,18.0,0.0,0.0,45.0,1,46.501,6.6005,8500.0,450.0,0.0,10,4.5,45.0,8498.7,-12.3,8500.0,False,False,False,False,False,False,False,False,False,False,False,True,True,True,True,False,True,False,False,False,False,False,False,False
4940540,STATE_ARMED,11.8,0.0,89.0,0.0,0.0,0.0,4.5,0.5,0.5,5.0,13.0,46.0,79.0,75.5,18.0,0.0,0.0,45.0,1,46.501,6.6005,8500.0,450.0,0.0,10,4.5,45.0,8498.7,-12.3,8500.0,False,False,False,False,False,False,False,False,False,False,False,True,True,True,True,False,True,False,False,False,False,False,False,False
4941044,STATE_ARMED,11.8,0.0,89.0,0.0,0.0,0.0,4.5,0.5,0.5,5.0,13.0,46.0,79.0,75.5,18.0,0.0,0.0,45.0,1,46.501,6.6005,8500.0,450.0,0.0,10,4.5,45.0,8498.7,-12.3,8500.0,False,False,False,False,False,False,False,False,False,False,False,True,True,True,True,False,True,False,False,False,False,False,False,False
4941550,STATE_ARMED,11.8,0.0,89.0,0.0,0.0,0.0,4.5,0.5,0.5,5.0,13.0,46.0,79.0,75.5,18.0,0.0,0.0,45.0,1,46.501,6.6005,8500.0,450.0,0.0,10,4.5,45.0,8498.7,-12.3,8500.0,False,False,False,False,False,False,False,False,False,False,False,True,True,True,True,False,True,False,False,False,False,False,False,False
4942056,STATE_ARMED,11.8,0.0,89.0,0.0,0.0,0.0,4.5,0.5,0.5,5.0,13.0,46.0,79.0,75.5,18.0,0.0,0.0,45.0,1,46.501,6.6005,8500.0,450.0,0.0,10,4.5,45.0,8498.7,-12.3,8500.0,False,False,False,False,False,False,False,False,False,False,False,True,True,True,True,False,True,False,False,False,False,False,False,False
4942564,STATE_ARMED,11.8,0.0,89.0,0.0,0.0,0.0,4.5,0.5,0.5,5.0,13.0,46.0,79.0,75.5,18.0,0.0,0.0,45.0,1,46.501,6.6005,8500.0,450.0,0.0,10,4.5,45.0,8498.7,-12.3,8500.0,False,False,False,False,False,False,False,False,False,False,False,True,True,True,True,False,True,False,False,False,False,False,False,False
4943066,STATE_ARMED,11.8,0.0,89.0,0.0,0.0,0.0,4.5,0.5,0.5,5.0,13.0,46.0,79.0,75.5,18.0,0.0,0.0,45.0,1,46.501,6.6005,8500.0,450.0,0.0,10,4.5,45.0,8498.7,-12.3,8500.0,False,False,False,False,False,False,False,False,False,False,False,True,True,True,True,False,True,False,False,False,False,False,False,False
4943570,STATE_ARMED,11.8,0.0,89.0,0.0,0.0,0.0,4.5,0.5,0.5,5.0,13.0,46.0,79.0,75.5,18.0,0.0,0.0,45.0,1,46.501,6.6005,8500.0,450.0,0.0,10,4.5,45.0,8498.7,-12.3,8500.0,False,False,False,False,False,False,False,False,False,False,False,True,True,True,True,False,True,False,False,False,False,False,False,False
4944077,STATE_ARMED,11.8,0.0,89.0,0.0,0.0,0.0,4.5,0.5,0.5,5.0,13.0,46.0,79.0,75.5,18.0,0.0,0.0,45.0,1,46.501,6.6005,8500.0,450.0,0.0,10,4.5,45.0,8498.7,-12.3,8500.0,False,False,False,False,False,False,False,False,False,False,False,True,True,True,True,False,True,False,False,False,False,False,False,False
4944580,STATE_ARMED,11.8,0.0,89.0,0.0,0.0,0.0,4.5,0.5,0.5,5.0,13.0,46.0,79.0,75.5,18.0,0.0,0.0,45.0,1,46.501,6.6005,8500.0,450.0,0.0,10,4.5,45.0,8498.7,-12.3,8500.0,False,False,False,False,False,False,False,False,False,False,False,True,True,True,True,False,True,False,False,False,False,False,False,False
4945083,STATE_ARMED,11.8,0.0,89.0,0.0,0.0,0.0,4.5,0.5,0.5,5.0,13.0,46.0,79.0,75.5,18.0,0.0,0.0,45.0,1,46.501,6.6005,8500.0,450.0,0.0,10,4.5,45.0,8498.7,-12.3,8500.0,False,False,False,False,False,False,False,False,False,False,False,True,True,True,True,False,True,False,False,False,False,False,False,False
4945589,STATE_ARMED,11.8,0.0,89.0,0.0,0.0,0.0,4.5,0.5,0.5,5.0,13.0,46.0,79.0,75.5,18.0,0.0,0.0,45.0,1,46.501,6.6005,8500.0,450.0,0.0,10,4.5,45.0,8498.7,-12.3,8500.0,False,False,False,False,False,False,False,False,False,False,False,True,True,True,True,False,True,False,False,False,False,False,False,False
4946100,STATE_ARMED,11.8,0.0,89.0,0.0,0.0,0.0,4.5,0.5,0.5,5.0,13.0,46.0,79.0,75.5,18.0,0.0,0.0,45.0,1,46.501,6.6005,8500.0,450.0,0.0,10,4.5,45.0,8498.7,-12.3,8500.0,False,False,False,False,False,False,False,False,False,False,False,True,True,True,True,False,True,False,False,False,False,False,False,False
4946603,STATE_ARMED,11.8,0.0,89.0,0.0,0.0,0.0,4.5,0.5,0.5,5.0,13.0,46.0,79.0,75.5,18.0,0.0,0.0,45.0,1,46.501,6.6005,8500.0,450.0,0.0,10,4.5,45.0,8498.7,-12.3,8500.0,False,False,False,False,False,False,False,False,False,False,False,True,True,True,True,False,True,False,False,False,False,False,False,False
4947106,STATE_ARMED,11.8,0.0,89.0,0.0,0.0,0.0,4.5,0.5,0.5,5.0,13.0,46.0,79.0,75.5,18.0,0.0,0.0,45.0,1,46.501,6.6005,8500.0,450.0,0.0,10,4.5,45.0,8498.7,-12.3,8500.0,False,False,False,False,False,False,False,False,False,False,False,True,True,True,True,False,True,False,False,False,False,False,False,False
4947612,STATE_ARMED,11.8,0.0,89.0,0.0,0.0,0.0,4.5,0.5,0.5,5.0,13.0,46.0,79.0,75.5,18.0,0.0,0.0,45.0,1,46.501,6.6005,8500.0,450.0,0.0,10,4.5,45.0,8498.7,-12.3,8500.0,False,False,False,False,False,False,False,False,False,False,False,True,True,True,True,False,True,False,False,False,False,False,False,False
4948118,STATE_ARMED,11.8,0.0,89.0,0.0,0.0,0.0,4.5,0.5,0.5,5.0,13.0,46.0,79.0,75.5,18.0,0.0,0.0,45.0,1,46.501,6.6005,8500.0,450.0,0.0,10,4.5,45.0,8498.7,-12.3,8500.0,False,False,False,False,False,False,False,False,False,False,False,True,True,True,True,False,True,False,False,False,False,False,False,False
4948624,STATE_ARMED,11.8,0.0,89.0,0.0,0.0,0.0,4.5,0.5,0.5,5.0,13.0,46.0,79.0,75.5,18.0,0.0,0.0,45.0,1,46.501,6.6005,8500.0,450.0,0.0,10,4.5,45.0,8498.7,-12.3,8500.0,False,False,False,False,False,False,False,False,False,False,False,True,True,True,True,False,True,False,False,False,False,False,False,False
4949133,STATE_ARMED,11.8,0.0,89.0,0.0,0.0,0.0,4.5,0.5,0.5,5.0,13.0,46.0,79.0,75.5,18.0,0.0,0.0,45.0,1,46.501,6.6005,8500.0,450.0,0.0,10,4.5,45.0,8498.7,-12.3,8500.0,False,False,False,False,False,False,False,False,False,False,False,True,True,True,True,False,True,False,False,False,False,False,False,False
4949637,STATE_ARMED,11.8,0.0,89.0,0.0,0.0,0.0,4.5,0.5,0.5,5.0,13.0,46.0,79.0,75.5,18.0,0.0,0.0,45.0,1,46.501,6.6005,8500.0,450.0,0.0,10,4.5,45.0,8498.7,-12.3,8500.0,False,False,False,False,False,False,False,False,False,False,False,True,True,True,True,False,True,False,False,False,False,False,False,False
4950144,STATE_ARMED,11.8,0.0,89.0,0.0,0.0,0.0,4.5,0.5,0.5,5.0,13.0,46.0,79.0,75.5,18.0,0.0,0.0,45.0,1,46.501,6.6005,8500.0,450.0,0.0,10,4.5,45.0,8498.7,-12.3,8500.0,False,False,False,False,False,False,False,False,False,False,False,True,True,True,True,False,True,False,False,False,False,False,False,False
4950650,STATE_ARMED,11.8,0.0,89.0,0.0,0.0,0.0,4.5,0.5,0.5,5.0,13.0,46.0,79.0,75.5,18.0,0.0,0.0,45.0,1,46.501,6.6005,8500.0,450.0,0.0,10,4.5,45.0,8498.7,-12.3,8500.0,False,False,False,False,False,False,False,False,False,False,False,True,True,True,True,False,True,False,False,False,False,False,False,False
4951157,STATE_ARMED,11.8,0.0,89.0,0.0,0.0,0.0,4.5,0.5,0.5,5.0,13.0,46.0,79.0,75.5,18.0,0.0,0.0,45.0,1,46.501,6.6005,8500.0,450.0,0.0,10,4.5,45.0,8498.7,-12.3,8500.0,False,False,False,False,False,False,False,False,False,False,False,True,True,True,True,False,True,False,False,False,False,False,False,False
4951661,STATE_ARMED,11.8,0.0,89.0,0.0,0.0,0.0,4.5,0.5,0.5,5.0,13.0,46.0,79.0,75.5,18.0,0.0,0.0,45.0,1,46.501,6.6005,8500.0,450.0,0.0,10,4.5,45.0,8498.7,-12.3,8500.0,False,False,False,False,False,False,False,False,False,False,False,True,True,True,True,False,True,False,False,False,False,False,False,False
4952164,STATE_ARMED,11.8,0.0,89.0,0.0,0.0,0.0,4.5,0.5,0.5,5.0,13.0,46.0,79.0,75.5,18.0,0.0,0.0,45.0,1,46.501,6.6005,8500.0,450.0,0.0,10,4.5,45.0,8498.7,-12.3,8500.0,False,False,False,False,False,False,False,False,False,False,False,True,True,True,True,False,True,False,False,False,False,False,False,False
4952669,STATE_ARMED,11.8,0.0,89.0,0.0,0.0,0.0,4.5,0.5,0.5,5.0,13.0,46.0,79.0,75.5,18.0,0.0,0.0,45.0,1,46.501,6.6005,8500.0,450.0,0.0,10,4.5,45.0,8498.7,-12.3,8500.0,False,False,False,False,False,False,False,False,False,False,False,True,True,True,True,False,True,False,False,False,False,False,False,False
4953176,STATE_ARMED,11.8,0.0,89.0,0.0,0.0,0.0,4.5,0.5,0.5,5.0,13.0,46.0,79.0,75.5,18.0,0.0,0.0,45.0,1,46.501,6.6005,8500.0,450.0,0.0,10,4.5,45.0,8498.7,-12.3,8500.0,False,False,False,False,False,False,False,False,False,False,False,True,True,True,True,False,True,False,False,False,False,False,False,False
4953678,STATE_ARMED,11.8,0.0,89.0,0.0,0.0,0.0,4.5,0.5,0.5,5.0,13.0,46.0,79.0,75.5,18.0,0.0,0.0,45.0,1,46.501,6.6005,8500.0,450.0,0.0,10,4.5,45.0,8498.7,-12.3,8500.0,False,False,False,False,False,False,False,False,False,False,False,True,True,True,True,False,True,False,False,False,False,False,False,False
4954185,STATE_ARMED,11.8,0.0,89.0,0.0,0.0,0.0,4.5,0.5,0.5,5.0,13.0,46.0,79.0,75.5,18.0,0.0,0.0,45.0,1,46.501,6.6005,8500.0,450.0,0.0,10,4.5,45.0,8498.7,-12.3,8500.0,False,False,False,False,False,False,False,False,False,False,False,True,True,True,True,False,True,False,False,False,False,False,False,False
4954689,STATE_ARMED,11.8,0.0,89.0,0.0,0.0,0.0,4.5,0.5,0.5,5.0,13.0,46.0,79.0,75.5,18.0,0.0,0.0,45.0,1,46.501,6.6005,8500.0,450.0,0.0,10,4.5,45.0,8498.7,-12.3,8500.0,False,False,False,False,False,False,False,False,False,False,False,True,True,True,True,False,True,False,False,False,False,False,False,False
4955192,STATE_ARMED,11.8,0.0,89.0,0.0,0.0,0.0,4.5,0.5,0.5,5.0,13.0,46.0,79.0,75.5,18.0,0.0,0.0,45.0,1,46.501,6.6005,8500.0,450.0,0.0,10,4.5,45.0,8498.7,-12.3,8500.0,False,False,False,False,False,False,False,False,False,False,False,True,True,True,True,False,True,False,False,False,False,False,False,False
4955697,STATE_ARMED,11.8,0.0,89.0,0.0,0.0,0.0,4.5,0.5,0.5,5.0,13.0,46.0,79.0,75.5,18.0,0.0,0.0,45.0,1,46.501,6.6005,8500.0,450.0,0.0,10,4.5,45.0,8498.7,-12.3,8500.0,False,False,False,False,False,False,False,False,False,False,False,True,True,True,True,False,True,False,False,False,False,False,False,False
4956198,STATE_ARMED,11.8,0.0,89.0,0.0,0.0,0.0,4.5,0.5,0.5,5.0,13.0,46.0,79.0,75.5,18.0,0.0,0.0,45.0,1,46.501,6.6005,8500.0,450.0,0.0,10,4.5,45.0,8498.7,-12.3,8500.0,False,False,False,False,False,False,False,False,False,False,False,True,True,True,True,False,True,False,False,False,False,False,False,False
4956701,STATE_ARMED,11.8,0.0,89.0,0.0,0.0,0.0,4.5,0.5,0.5,5.0,13.0,46.0,79.0,75.5,18.0,0.0,0.0,45.0,1,46.501,6.6005,8500.0,450.0,0.0,10,4.5,45.0,8498.7,-12.3,8500.0,False,False,False,False,False,False,False,False,False,False,False,True,True,True,True,False,True,False,False,False,False,False,False,False
4957204,STATE_ARMED,11.8,0.0,89.0,0.0,0.0,0.0,4.5,0.5,0.5,5.0,13.0,46.0,79.0,75.5,18.0,0.0,0.0,45.0,1,46.501,6.6005,8500.0,450.0,0.0,10,4.5,45.0,8498.7,-12.3,8500.0,False,False,False,False,False,False,False,False,False,False,False,True,True,True,True,False,True,False,False,False,False,False,False,False
4957706,STATE_ARMED,11.8,0.0,89.0,0.0,0.0,0.0,4.5,0.5,0.5,5.0,13.0,46.0,79.0,75.5,18.0,0.0,0.0,45.0,1,46.501,6.6005,8500.0,450.0,0.0,10,4.5,45.0,8498.7,-12.3,8500.0,False,False,False,False,False,False,False,False,False,False,False,True,True,True,True,False,True,False,False,False,False,False,False,False
4958208,STATE_ARMED,11.8,0.0,89.0,0.0,0.0,0.0,4.5,0.5,0.5,5.0,13.0,46.0,79.0,75.5,18.0,0.0,0.0,45.0,1,46.501,6.6005,8500.0,450.0,0.0,10,4.5,45.0,8498.7,-12.3,8500.0,False,False,False,False,False,False,False,False,False,False,False,True,True,True,True,False,True,False,False,False,False,False,False,False
4958709,STATE_ARMED,11.8,0.0,89.0,0.0,0.0,0.0,4.5,0.5,0.5,5.0,13.0,46.0,79.0,75.5,18.0,0.0,0.0,45.0,1,46.501,6.6005,8500.0,450.0,0.0,10,4.5,45.0,8498.7,-12.3,8500.0,False,False,False,False,False,False,False,False,False,False,False,True,True,True,True,False,True,False,False,False,False,False,False,False
4959213,STATE_ARMED,11.8,0.0,89.0,0.0,0.0,0.0,4.5,0.5,0.5,5.0,13.0,46.0,79.0,75.5,18.0,0.0,0.0,45.0,1,46.501,6.6005,8500.0,450.0,0.0,10,4.5,45.0,8498.7,-12.3,8500.0,False,False,False,False,False,False,False,False,False,False,False,True,True,True,True,False,True,False,False,False,False,False,False,False
4959718,STATE_ARMED,11.8,0.0,89.0,0.0,0.0,0.0,4.5,0.5,0.5,5.0,13.0,46.0,79.0,75.5,18.0,0.0,0.0,45.0,1,46.501,6.6005,8500.0,450.0,0.0,10,4.5,45.0,8498.7,-12.3,8500.0,False,False,False,False,False,False,False,False,False,False,False,True,True,True,True,False,True,False,False,False,False,False,False,False
4960219,STATE_ARMED,11.8,0.0,89.0,0.0,0.0,0.0,4.5,0.5,0.5,5.0,13.0,46.0,79.0,75.5,18.0,0.0,0.0,45.0,1,46.501,6.6005,8500.0,450.0,0.0,10,4.5,45.0,8498.7,-12.3,8500.0,False,False,False,False,False,False,False,False,False,False,False,True,True,True,True,False,True,False,False,False,False,False,False,False
4960722,STATE_ARMED,11.8,0.0,89.0,0.0,0.0,0.0,4.5,0.5,0.5,5.0,13.0,46.0,79.0,75.5,18.0,0.0,0.0,45.0,1,46.501,6.6005,8500.0,450.0,0.0,10,4.5,45.0,8498.7,-12.3,8500.0,False,False,False,False,False,False,False,False,False,False,False,True,True,True,True,False,True,False,False,False,False,False,False,False
4961226,STATE_ARMED,11.8,0.0,89.0,0.0,0.0,0.0,4.5,0.5,0.5,5.0,13.0,46.0,79.0,75.5,18.0,0.0,0.0,45.0,1,46.501,6.6005,8500.0,450.0,0.0,10,4.5,45.0,8498.7,-12.3,8500.0,False,False,False,False,False,False,False,False,False,False,False,True,True,True,True,False,True,False,False,False,False,False,False,False
4961733,STATE_ARMED,11.8,0.0,89.0,0.0,0.0,0.0,4.5,0.5,0.5,5.0,13.0,46.0,79.0,75.5,18.0,0.0,0.0,45.0,1,46.501,6.6005,8500.0,450.0,0.0,10,4.5,45.0,8498.7,-12.3,8500.0,False,False,False,False,False,False,False,False,False,False,False,True,True,True,True,False,True,False,False,False,False,False,False,False
4962242,STATE_ARMED,11.8,0.0,89.0,0.0,0.0,0.0,4.5,0.5,0.5,5.0,13.0,46.0,79.0,75.5,18.0,0.0,0.0,45.0,1,46.501,6.6005,8500.0,450.0,0.0,10,4.5,45.0,8498.7,-12.3,8500.0,False,False,False,False,False,False,False,False,False,False,False,True,True,True,True,False,True,False,False,False,False,False,False,False
4962747,STATE_ARMED,11.8,0.0,89.0,0.0,0.0,0.0,4.5,0.5,0.5,5.0,13.0,46.0,79.0,75.5,18.0,0.0,0.0,45.0,1,46.501,6.6005,8500.0,450.0,0.0,10,4.5,45.0,8498.7,-12.3,8500.0,False,False,False,False,False,False,False,False,False,False,False,True,True,True,True,False,True,False,False,False,False,False,False,False
4963252,STATE_ARMED,11.8,0.0,89.0,0.0,0.0,0.0,4.5,0.5,0.5,5.0,13.0,46.0,79.0,75.5,18.0,0.0,0.0,45.0,1,46.501,6.6005,8500.0,450.0,0.0,10,4.5,45.0,8498.7,-12.3,8500.0,False,False,False,False,False,False,False,False,False,False,False,True,True,True,True,False,True,False,False,False,False,False,False,False
4963756,STATE_ARMED,11.8,0.0,89.0,0.0,0.0,0.0,4.5,0.5,0.5,5.0,13.0,46.0,79.0,75.5,18.0,0.0,0.0,45.0,1,46.501,6.6005,8500.0,450.0,0.0,10,4.5,45.0,8498.7,-12.3,8500.0,False,False,False,False,False,False,False,False,False,False,False,True,True,True,True,False,True,False,False,False,False,False,False,False
4964260,STATE_ARMED,11.8,0.0,89.0,0.0,0.0,0.0,4.5,0.5,0.5,5.0,13.0,46.0,79.0,75.5,18.0,0.0,0.0,45.0,1,46.501,6.6005,8500.0,450.0,0.0,10,4.5,45.0,8498.7,-12.3,8500.0,False,False,False,False,False,False,False,False,False,False,False,True,True,True,True,False,True,False,False,False,False,False,False,False
4964771,STATE_ARMED,11.8,0.0,89.0,0.0,0.0,0.0,4.5,0.5,0.5,5.0,13.0,46.0,79.0,75.5,18.0,0.0,0.0,45.0,1,46.501,6.6005,8500.0,450.0,0.0,10,4.5,45.0,8498.7,-12.3,8500.0,False,False,False,False,False,False,False,False,False,False,False,True,True,True,True,False,True,False,False,False,False,False,False,False
4965276,STATE_ARMED,11.8,0.0,89.0,0.0,0.0,0.0,4.5,0.5,0.5,5.0,13.0,46.0,79.0,75.5,18.0,0.0,0.0,45.0,1,46.501,6.6005,8500.0,450.0,0.0,10,4.5,45.0,8498.7,-12.3,8500.0,False,False,False,False,False,False,False,False,False,False,False,True,True,True,True,False,True,False,False,False,False,False,False,False
4965784,STATE_ARMED,11.8,0.0,89.0,0.0,0.0,0.0,4.5,0.5,0.5,5.0,13.0,46.0,79.0,75.5,18.0,0.0,0.0,45.0,1,46.501,6.6005,8500.0,450.0,0.0,10,4.5,45.0,8498.7,-12.3,8500.0,False,False,False,False,False,False,False,False,False,False,False,True,True,True,True,False,True,False,False,False,False,False,False,False
4966289,STATE_ARMED,11.8,0.0,89.0,0.0,0.0,0.0,4.5,0.5,0.5,5.0,13.0,46.0,79.0,75.5,18.0,0.0,0.0,45.0,1,46.501,6.6005,8500.0,450.0,0.0,10,4.5,45.0,8498.7,-12.3,8500.0,False,False,False,False,False,False,False,False,False,False,False,True,True,True,True,False,True,False,False,False,False,False,False,False
4966793,STATE_ARMED,11.8,0.0,89.0,0.0,0.0,0.0,4.5,0.5,0.5,5.0,13.0,46.0,79.0,75.5,18.0,0.0,0.0,45.0,1,46.501,6.6005,8500.0,450.0,0.0,10,4.5,45.0,8498.7,-12.3,8500.0,False,False,False,False,False,False,False,False,False,False,False,True,True,True,True,False,True,False,False,False,False,False,False,False
4967298,STATE_ARMED,11.8,0.0,89.0,0.0,0.0,0.0,4.5,0.5,0.5,5.0,13.0,46.0,79.0,75.5,18.0,0.0,0.0,45.0,1,46.501,6.6005,8500.0,450.0,0.0,10,4.5,45.0,8498.7,-12.3,8500.0,False,False,False,False,False,False,False,False,False,False,False,True,True,True,True,False,True,False,False,False,False,False,False,False
4967806,STATE_ARMED,11.8,0.0,89.0,0.0,0.0,0.0,4.5,0.5,0.5,5.0,13.0,46.0,79.0,75.5,18.0,0.0,0.0,45.0,1,46.501,6.6005,8500.0,450.0,0.0,10,4.5,45.0,8498.7,-12.3,8500.0,False,False,False,False,False,False,False,False,False,False,False,True,True,True,True,False,True,False,False,False,False,False,False,False
4968309,STATE_ARMED,11.8,0.0,89.0,0.0,0.0,0.0,4.5,0.5,0.5,5.0,13.0,46.0,79.0,75.5,18.0,0.0,0.0,45.0,1,46.501,6.6005,8500.0,450.0,0.0,10,4.5,45.0,8498.7,-12.3,8500.0,False,False,False,False,False,False,False,False,False,False,False,True,True,True,True,False,True,False,False,False,False,False,False,False
4968812,STATE_ARMED,11.8,0.0,89.0,0.0,0.0,0.0,4.5,0.5,0.5,5.0,13.0,46.0,79.0,75.5,18.0,0.0,0.0,45.0,1,46.501,6.6005,8500.0,450.0,0.0,10,4.5,45.0,8498.7,-12.3,8500.0,False,False,False,False,False,False,False,False,False,False,False,True,True,True,True,False,True,False,False,False,False,False,False,False
4969321,STATE_ARMED,11.8,0.0,89.0,0.0,0.0,0.0,4.5,0.5,0.5,5.0,13.0,46.0,79.0,75.5,18.0,0.0,0.0,45.0,1,46.501,6.6005,8500.0,450.0,0.0,10,4.5,45.0,8498.7,-12.3,8500.0,False,False,False,False,False,False,False,False,False,False,False,True,True,True,True,False,True,False,False,False,False,False,False,False
4969829,STATE_ARMED,11.8,0.0,89.0,0.0,0.0,0.0,4.5,0.5,0.5,5.0,13.0,46.0,79.0,75.5,18.0,0.0,0.0,45.0,1,46.501,6.6005,8500.0,450.0,0.0,10,4.5,45.0,8498.7,-12.3,8500.0,False,False,False,False,False,False,False,False,False,False,False,True,True,True,True,False,True,False,False,False,False,False,False,False
4970332,STATE_ARMED,11.8,0.0,89.0,0.0,0.0,0.0,4.5,0.5,0.5,5.0,13.0,46.0,79.0,75.5,18.0,0.0,0.0,45.0,1,46.501,6.6005,8500.0,450.0,0.0,10,4.5,45.0,8498.7,-12.3,8500.0,False,False,False,False,False,False,False,False,False,False,False,True,True,True,True,False,True,False,False,False,False,False,False,False
4970835,STATE_ARMED,11.8,0.0,89.0,0.0,0.0,0.0,4.5,0.5,0.5,5.0,13.0,46.0,79.0,75.5,18.0,0.0,0.0,45.0,1,46.501,6.6005,8500.0,450.0,0.0,10,4.5,45.0,8498.7,-12.3,8500.0,False,False,False,False,False,False,False,False,False,False,False,True,True,True,True,False,True,False,False,False,False,False,False,False
4971345,STATE_ARMED,11.8,0.0,89.0,0.0,0.0,0.0,4.5,0.5,0.5,5.0,13.0,46.0,79.0,75.5,18.0,0.0,0.0,45.0,1,46.501,6.6005,8500.0,450.0,0.0,10,4.5,45.0,8498.7,-12.3,8500.0,False,False,False,False,False,False,False,False,False,False,False,True,True,True,True,False,True,False,False,False,False,False,False,False
4971847,STATE_ARMED,11.8,0.0,89.0,0.0,0.0,0.0,4.5,0.5,0.5,5.0,13.0,46.0,79.0,75.5,18.0,0.0,0.0,45.0,1,46.501,6.6005,8500.0,450.0,0.0,10,4.5,45.0,8498.7,-12.3,8500.0,False,False,False,False,False,False,False,False,False,False,False,True,True,True,True,False,True,False,False,False,False,False,False,False
4972350,STATE_ARMED,11.8,0.0,89.0,0.0,0.0,0.0,4.5,0.5,0.5,5.0,13.0,46.0,79.0,75.5,18.0,0.0,0.0,45.0,1,46.501,6.6005,8500.0,450.0,0.0,10,4.5,45.0,8498.7,-12.3,8500.0,False,False,False,False,False,False,False,False,False,False,False,True,True,True,True,False,True,False,False,False,False,False,False,False
4972852,STATE_ARMED,11.8,0.0,89.0,0.0,0.0,0.0,4.5,0.5,0.5,5.0,13.0,46.0,79.0,75.5,18.0,0.0,0.0,45.0,1,46.501,6.6005,8500.0,450.0,0.0,10,4.5,45.0,8498.7,-12.3,8500.0,False,False,False,False,False,False,False,False,False,False,False,True,True,True,True,False,True,False,False,False,False,False,False,False
4973356,STATE_ARMED,11.8,0.0,89.0,0.0,0.0,0.0,4.5,0.5,0.5,5.0,13.0,46.0,79.0,75.5,18.0,0.0,0.0,45.0,1,46.501,6.6005,8500.0,450.0,0.0,10,4.5,45.0,8498.7,-12.3,8500.0,False,False,False,False,False,False,False,False,False,False,False,True,True,True,True,False,True,False,False,False,False,False,False,False
4973860,STATE_ARMED,11.8,0.0,89.0,0.0,0.0,0.0,4.5,0.5,0.5,5.0,13.0,46.0,79.0,75.5,18.0,0.0,0.0,45.0,1,46.501,6.6005,8500.0,450.0,0.0,10,4.5,45.0,8498.7,-12.3,8500.0,False,False,False,False,False,False,False,False,False,False,False,True,True,True,True,False,True,False,False,False,False,False,False,False
4974363,STATE_ARMED,11.8,0.0,89.0,0.0,0.0,0.0,4.5,0.5,0.5,5.0,13.0,46.0,79.0,75.5,18.0,0.0,0.0,45.0,1,46.501,6.6005,8500.0,450.0,0.0,10,4.5,45.0,8498.7,-12.3,8500.0,False,False,False,False,False,False,False,False,False,False,False,True,True,True,True,False,True,False,False,False,False,False,False,False
4974868,STATE_ARMED,11.8,0.0,89.0,0.0,0.0,0.0,4.5,0.5,0.5,5.0,13.0,46.0,79.0,75.5,18.0,0.0,0.0,45.0,1,46.501,6.6005,8500.0,450.0,0.0,10,4.5,45.0,8498.7,-12.3,8500.0,False,False,False,False,False,False,False,False,False,False,False,True,True,True,True,False,True,False,False,False,False,False,False,False
4975373,STATE_ARMED,11.8,0.0,89.0,0.0,0.0,0.0,4.5,0.5,0.5,5.0,13.0,46.0,79.0,75.5,18.0,0.0,0.0,45.0,1,46.501,6.6005,8500.0,450.0,0.0,10,4.5,45.0,8498.7,-12.3,8500.0,False,False,False,False,False,False,False,False,False,False,False,True,True,True,True,False,True,False,False,False,False,False,False,False
4975877,STATE_ARMED,11.8,0.0,89.0,0.0,0.0,0.0,4.5,0.5,0.5,5.0,13.0,46.0,79.0,75.5,18.0,0.0,0.0,45.0,1,46.501,6.6005,8500.0,450.0,0.0,10,4.5,45.0,8498.7,-12.3,8500.0,False,False,False,False,False,False,False,False,False,False,False,True,True,True,True,False,True,False,False,False,False,False,False,False
4976378,STATE_ARMED,11.8,0.0,89.0,0.0,0.0,0.0,4.5,0.5,0.5,5.0,13.0,46.0,79.0,75.5,18.0,0.0,0.0,45.0,1,46.501,6.6005,8500.0,450.0,0.0,10,4.5,45.0,8498.7,-12.3,8500.0,False,False,False,False,False,False,False,False,False,False,False,True,True,True,True,False,True,False,False,False,False,False,False,False
4976882,STATE_ARMED,11.8,0.0,89.0,0.0,0.0,0.0,4.5,0.5,0.5,5.0,13.0,46.0,79.0,75.5,18.0,0.0,0.0,45.0,1,46.501,6.6005,8500.0,450.0,0.0,10,4.5,45.0,8498.7,-12.3,8500.0,False,False,False,False,False,False,False,False,False,False,False,True,True,True,True,False,True,False,False,False,False,False,False,False
4977384,STATE_ARMED,11.8,0.0,89.0,0.0,0.0,0.0,4.5,0.5,0.5,5.0,13.0,46.0,79.0,75.5,18.0,0.0,0.0,45.0,1,46.501,6.6005,8500.0,450.0,0.0,10,4.5,45.0,8498.7,-12.3,8500.0,False,False,False,False,False,False,False,False,False,False,False,True,True,True,True,False,True,False,False,False,False,False,False,False
4977890,STATE_ARMED,11.8,0.0,89.0,0.0,0.0,0.0,4.5,0.5,0.5,5.0,13.0,46.0,79.0,75.5,18.0,0.0,0.0,45.0,1,46.501,6.6005,8500.0,450.0,0.0,10,4.5,45.0,8498.7,-12.3,8500.0,False,False,False,False,False,False,False,False,False,False,False,True,True,True,True,False,True,False,False,False,False,False,False,False
4978392,STATE_ARMED,11.8,0.0,89.0,0.0,0.0,0.0,4.5,0.5,0.5,5.0,13.0,46.0,79.0,75.5,18.0,0.0,0.0,45.0,1,46.501,6.6005,8500.0,450.0,0.0,10,4.5,45.0,8498.7,-12.3,8500.0,False,False,False,False,False,False,False,False,False,False,False,True,True,True,True,False,True,False,False,False,False,False,False,False
4978895,STATE_ARMED,11.8,0.0,89.0,0.0,0.0,0.0,4.5,0.5,0.5,5.0,13.0,46.0,79.0,75.5,18.0,0.0,0.0,45.0,1,46.501,6.6005,8500.0,450.0,0.0,10,4.5,45.0,8498.7,-12.3,8500.0,False,False,False,False,False,False,False,False,False,False,False,True,True,True,True,False,True,False,False,False,False,False,False,False
4979401,STATE_ARMED,11.8,0.0,89.0,0.0,0.0,0.0,4.5,0.5,0.5,5.0,13.0,46.0,79.0,75.5,18.0,0.0,0.0,45.0,1,46.501,6.6005,8500.0,450.0,0.0,10,4.5,45.0,8498.7,-12.3,8500.0,False,False,False,False,False,False,False,False,False,False,False,True,True,True,True,False,True,False,False,False,False,False,False,False
4979904,STATE_ARMED,11.8,0.0,89.0,0.0,0.0,0.0,4.5,0.5,0.5,5.0,13.0,46.0,79.0,75.5,18.0,0.0,0.0,45.0,1,46.501,6.6005,8500.0,450.0,0.0,10,4.5,45.0,8498.7,-12.3,8500.0,False,False,False,False,False,False,False,False,False,False,False,True,True,True,True,False,True,False,False,False,False,False,False,False
4980406,STATE_ARMED,11.8,0.0,89.0,0.0,0.0,0.0,4.5,0.5,0.5,5.0,13.0,46.0,79.0,75.5,18.0,0.0,0.0,45.0,1,46.501,6.6005,8500.0,450.0,0.0,10,4.5,45.0,8498.7,-12.3,8500.0,False,False,False,False,False,False,False,False,False,False,False,True,True,True,True,False,True,False,False,False,False,False,False,False
4980913,STATE_ARMED,11.8,0.0,89.0,0.0,0.0,0.0,4.5,0.5,0.5,5.0,13.0,46.0,79.0,75.5,18.0,0.0,0.0,45.0,1,46.501,6.6005,8500.0,450.0,0.0,10,4.5,45.0,8498.7,-12.3,8500.0,False,False,False,False,False,False,False,False,False,False,False,True,True,True,True,False,True,False,False,False,False,False,False,False
4981417,STATE_ARMED,11.8,0.0,89.0,0.0,0.0,0.0,4.5,0.5,0.5,5.0,13.0,46.0,79.0,75.5,18.0,0.0,0.0,45.0,1,46.501,6.6005,8500.0,450.0,0.0,10,4.5,45.0,8498.7,-12.3,8500.0,False,False,False,False,False,False,False,False,False,False,False,True,True,True,True,False,True,False,False,False,False,False,False,False
4981924,STATE_ARMED,11.8,0.0,89.0,0.0,0.0,0.0,4.5,0.5,0.5,5.0,13.0,46.0,79.0,75.5,18.0,0.0,0.0,45.0,1,46.501,6.6005,8500.0,450.0,0.0,10,4.5,45.0,8498.7,-12.3,8500.0,False,False,False,False,False,False,False,False,False,False,False,True,True,True,True,False,True,False,False,False,False,False,False,False
4982427,STATE_ARMED,11.8,0.0,89.0,0.0,0.0,0.0,4.5,0.5,0.5,5.0,13.0,46.0,79.0,75.5,18.0,0.0,0.0,45.0,1,46.501,6.6005,8500.0,450.0,0.0,10,4.5,45.0,8498.7,-12.3,8500.0,False,False,False,False,False,False,False,False,False,False,False,True,True,True,True,False,True,False,False,False,False,False,False,False
4982929,STATE_ARMED,11.8,0.0,89.0,0.0,0.0,0.0,4.5,0.5,0.5,5.0,13.0,46.0,79.0,75.5,18.0,0.0,0.0,45.0,1,46.501,6.6005,8500.0,450.0,0.0,10,4.5,45.0,8498.7,-12.3,8500.0,False,False,False,False,False,False,False,False,False,False,False,True,True,True,True,False,True,False,False,False,False,False,False,False
4983432,STATE_ARMED,11.8,0.0,89.0,0.0,0.0,0.0,4.5,0.5,0.5,5.0,13.0,46.0,79.0,75.5,18.0,0.0,0.0,45.0,1,46.501,6.6005,8500.0,450.0,0.0,10,4.5,45.0,8498.7,-12.3,8500.0,False,False,False,False,False,False,False,False,False,False,False,True,True,True,True,False,True,False,False,False,False,False,False,False
4983936,STATE_ARMED,11.8,0.0,89.0,0.0,0.0,0.0,4.5,0.5,0.5,5.0,13.0,46.0,79.0,75.5,18.0,0.0,0.0,45.0,1,46.501,6.6005,8500.0,450.0,0.0,10,4.5,45.0,8498.7,-12.3,8500.0,False,False,False,False,False,False,False,False,False,False,False,True,True,True,True,False,True,False,False,False,False,False,False,False
4984439,STATE_ARMED,11.8,0.0,89.0,0.0,0.0,0.0,4.5,0.5,0.5,5.0,13.0,46.0,79.0,75.5,18.0,0.0,0.0,45.0,1,46.501,6.6005,8500.0,450.0,0.0,10,4.5,45.0,8498.7,-12.3,8500.0,False,False,False,False,False,False,False,False,False,False,False,True,True,True,True,False,True,False,False,False,False,False,False,False
4984943,STATE_ARMED,11.8,0.0,89.0,0.0,0.0,0.0,4.5,0.5,0.5,5.0,13.0,46.0,79.0,75.5,18.0,0.0,0.0,45.0,1,46.501,6.6005,8500.0,450.0,0.0,10,4.5,45.0,8498.7,-12.3,8500.0,False,False,False,False,False,False,False,False,False,False,False,True,True,True,True,False,True,False,False,False,False,False,False,False
4985445,STATE_ARMED,11.8,0.0,89.0,0.0,0.0,0.0,4.5,0.5,0.5,5.0,13.0,46.0,79.0,75.5,18.0,0.0,0.0,45.0,1,46.501,6.6005,8500.0,450.0,0.0,10,4.5,45.0,8498.7,-12.3,8500.0,False,False,False,False,False,False,False,False,False,False,False,True,True,True,True,False,True,False,False,False,False,False,False,False
4985949,STATE_ARMED,11.8,0.0,89.0,0.0,0.0,0.0,4.5,0.5,0.5,5.0,13.0,46.0,79.0,75.5,18.0,0.0,0.0,45.0,1,46.501,6.6005,8500.0,450.0,0.0,10,4.5,45.0,8498.7,-12.3,8500.0,False,False,False,False,False,False,False,False,False,False,False,True,True,True,True,False,True,False,False,False,False,False,False,False
4986451,STATE_ARMED,11.8,0.0,89.0,0.0,0.0,0.0,4.5,0.5,0.5,5.0,13.0,46.0,79.0,75.5,18.0,0.0,0.0,45.0,1,46.501,6.6005,8500.0,450.0,0.0,10,4.5,45.0,8498.7,-12.3,8500.0,False,False,False,False,False,False,False,False,False,False,False,True,True,True,True,False,True,False,False,False,False,False,False,False
4986960,STATE_ARMED,11.8,0.0,89.0,0.0,0.0,0.0,4.5,0.5,0.5,5.0,13.0,46.0,79.0,75.5,18.0,0.0,0.0,45.0,1,46.501,6.6005,8500.0,450.0,0.0,10,4.5,45.0,8498.7,-12.3,8500.0,False,False,False,False,False,False,False,False,False,False,False,True,True,True,True,False,True,False,False,False,False,False,False,False
4987462,STATE_ARMED,11.8,0.0,89.0,0.0,0.0,0.0,4.5,0.5,0.5,5.0,13.0,46.0,79.0,75.5,18.0,0.0,0.0,45.0,1,46.501,6.6005,8500.0,450.0,0.0,10,4.5,45.0,8498.7,-12.3,8500.0,False,False,False,False,False,False,False,False,False,False,False,True,True,True,True,False,True,False,False,False,False,False,False,False
4987968,STATE_ARMED,11.8,0.0,89.0,0.0,0.0,0.0,4.5,0.5,0.5,5.0,13.0,46.0,79.0,75.5,18.0,0.0,0.0,45.0,1,46.501,6.6005,8500.0,450.0,0.0,10,4.5,45.0,8498.7,-12.3,8500.0,False,False,False,False,False,False,False,False,False,False,False,True,True,True,True,False,True,False,False,False,False,False,False,False
4988470,STATE_ARMED,11.8,0.0,89.0,0.0,0.0,0.0,4.5,0.5,0.5,5.0,13.0,46.0,79.0,75.5,18.0,0.0,0.0,45.0,1,46.501,6.6005,8500.0,450.0,0.0,10,4.5,45.0,8498.7,-12.3,8500.0,False,False,False,False,False,False,False,False,False,False,False,True,True,True,True,False,True,False,False,False,False,False,False,False
4988976,STATE_ARMED,11.8,0.0,89.0,0.0,0.0,0.0,4.5,0.5,0.5,5.0,13.0,46.0,79.0,75.5,18.0,0.0,0.0,45.0,1,46.501,6.6005,8500.0,450.0,0.0,10,4.5,45.0,8498.7,-12.3,8500.0,False,False,False,False,False,False,False,False,False,False,False,True,True,True,True,False,True,False,False,False,False,False,False,False
4989478,STATE_ARMED,11.8,0.0,89.0,0.0,0.0,0.0,4.5,0.5,0.5,5.0,13.0,46.0,79.0,75.5,18.0,0.0,0.0,45.0,1,46.501,6.6005,8500.0,450.0,0.0,10,4.5,45.0,8498.7,-12.3,8500.0,False,False,False,False,False,False,False,False,False,False,False,True,True,True,True,False,True,False,False,False,False,False,False,False
4989980,STATE_ARMED,11.8,0.0,89.0,0.0,0.0,0.0,4.5,0.5,0.5,5.0,13.0,46.0,79.0,75.5,18.0,0.0,0.0,45.0,1,46.501,6.6005,8500.0,450.0,0.0,10,4.5,45.0,8498.7,-12.3,8500.0,False,False,False,False,False,False,False,False,False,False,False,True,True,True,True,False,True,False,False,False,False,False,False,False
4990491,STATE_ARMED,11.8,0.0,89.0,0.0,0.0,0.0,4.5,0.5,0.5,5.0,13.0,46.0,79.0,75.5,18.0,0.0,0.0,45.0,1,46.501,6.6005,8500.0,450.0,0.0,10,4.5,45.0,8498.7,-12.3,8500.0,False,False,False,False,False,False,False,False,False,False,False,True,True,True,True,False,True,False,False,False,False,False,False,False
4990993,STATE_ARMED,11.8,0.0,89.0,0.0,0.0,0.0,4.5,0.5,0.5,5.0,13.0,46.0,79.0,75.5,18.0,0.0,0.0,45.0,1,46.501,6.6005,8500.0,450.0,0.0,10,4.5,45.0,8498.7,-12.3,8500.0,False,False,False,False,False,False,False,False,False,False,False,True,True,True,True,False,True,False,False,False,False,False,False,False
4991500,STATE_ARMED,11.8,0.0,89.0,0.0,0.0,0.0,4.5,0.5,0.5,5.0,13.0,46.0,79.0,75.5,18.0,0.0,0.0,45.0,1,46.501,6.6005,8500.0,450.0,0.0,10,4.5,45.0,8498.7,-12.3,8500.0,False,False,False,False,False,False,False,False,False,False,False,True,True,True,True,False,True,False,False,False,False,False,False,False
4992002,STATE_ARMED,11.8,0.0,89.0,0.0,0.0,0.0,4.5,0.5,0.5,5.0,13.0,46.0,79.0,75.5,18.0,0.0,0.0,45.0,1,46.501,6.6005,8500.0,450.0,0.0,10,4.5,45.0,8498.7,-12.3,8500.0,False,False,False,False,False,False,False,False,False,False,False,True,True,True,True,False,True,False,False,False,False,False,False,False
4992505,STATE_ARMED,11.8,0.0,89.0,0.0,0.0,0.0,4.5,0.5,0.5,5.0,13.0,46.0,79.0,75.5,18.0,0.0,0.0,45.0,1,46.501,6.6005,8500.0,450.0,0.0,10,4.5,45.0,8498.7,-12.3,8500.0,False,False,False,False,False,False,False,False,False,False,False,True,True,True,True,False,True,False,False,False,False,False,False,False
4993007,STATE_ARMED,11.8,0.0,89.0,0.0,0.0,0.0,4.5,0.5,0.5,5.0,13.0,46.0,79.0,75.5,18.0,0.0,0.0,45.0,1,46.501,6.6005,8500.0,450.0,0.0,10,4.5,45.0,8498.7,-12.3,8500.0,False,False,False,False,False,False,False,False,False,False,False,True,True,True,True,False,True,False,False,False,False,False,False,False
4993513,STATE_ARMED,11.8,0.0,89.0,0.0,0.0,0.0,4.5,0.5,0.5,5.0,13.0,46.0,79.0,75.5,18.0,0.0,0.0,45.0,1,46.501,6.6005,8500.0,450.0,0.0,10,4.5,45.0,8498.7,-12.3,8500.0,False,False,False,False,False,False,False,False,False,False,False,True,True,True,True,False,True,False,False,False,False,False,False,False
4994015,STATE_ARMED,11.8,0.0,89.0,0.0,0.0,0.0,4.5,0.5,0.5,5.0,13.0,46.0,79.0,75.5,18.0,0.0,0.0,45.0,1,46.501,6.6005,8500.0,450.0,0.0,10,4.5,45.0,8498.7,-12.3,8500.0,False,False,False,False,False,False,False,False,False,False,False,True,True,True,True,False,True,False,False,False,False,False,False,False
4994517,STATE_ARMED,11.8,0.0,89.0,0.0,0.0,0.0,4.5,0.5,0.5,5.0,13.0,46.0,79.0,75.5,18.0,0.0,0.0,45.0,1,46.501,6.6005,8500.0,450.0,0.0,10,4.5,45.0,8498.7,-12.3,8500.0,False,False,False,False,False,False,False,False,False,False,False,True,True,True,True,False,True,False,False,False,False,False,False,False
4995021,STATE_ARMED,11.8,0.0,89.0,0.0,0.0,0.0,4.5,0.5,0.5,5.0,13.0,46.0,79.0,75.5,18.0,0.0,0.0,45.0,1,46.501,6.6005,8500.0,450.0,0.0,10,4.5,45.0,8498.7,-12.3,8500.0,False,False,False,False,False,False,False,False,False,False,False,True,True,True,True,False,True,False,False,False,False,False,False,False
4995523,STATE_ARMED,11.8,0.0,89.0,0.0,0.0,0.0,4.5,0.5,0.5,5.0,13.0,46.0,79.0,75.5,18.0,0.0,0.0,45.0,1,46.501,6.6005,8500.0,450.0,0.0,10,4.5,45.0,8498.7,-12.3,8500.0,False,False,False,False,False,False,False,False,False,False,False,True,True,True,True,False,True,False,False,False,False,False,False,False
4996026,STATE_ARMED,11.8,0.0,89.0,0.0,0.0,0.0,4.5,0.5,0.5,5.0,13.0,46.0,79.0,75.5,18.0,0.0,0.0,45.0,1,46.501,6.6005,8500.0,450.0,0.0,10,4.5,45.0,8498.7,-12.3,8500.0,False,False,False,False,False,False,False,False,False,False,False,True,True,True,True,False,True,False,False,False,False,False,False,False
4996529,STATE_ARMED,11.8,0.0,89.0,0.0,0.0,0.0,4.5,0.5,0.5,5.0,13.0,46.0,79.0,75.5,18.0,0.0,0.0,45.0,1,46.501,6.6005,8500.0,450.0,0.0,10,4.5,45.0,8498.7,-12.3,8500.0,False,False,False,False,False,False,False,False,False,False,False,True,True,True,True,False,True,False,False,False,False,False,False,False
4997036,STATE_ARMED,11.8,0.0,89.0,0.0,0.0,0.0,4.5,0.5,0.5,5.0,13.0,46.0,79.0,75.5,18.0,0.0,0.0,45.0,1,46.501,6.6005,8500.0,450.0,0.0,10,4.5,45.0,8498.7,-12.3,8500.0,False,False,False,False,False,False,False,False,False,False,False,True,True,True,True,False,True,False,False,False,False,False,False,False
4997539,STATE_ARMED,11.8,0.0,89.0,0.0,0.0,0.0,4.5,0.5,0.5,5.0,13.0,46.0,79.0,75.5,18.0,0.0,0.0,45.0,1,46.501,6.6005,8500.0,450.0,0.0,10,4.5,45.0,8498.7,-12.3,8500.0,False,False,False,False,False,False,False,False,False,False,False,True,True,True,True,False,True,False,False,False,False,False,False,False
4998044,STATE_ARMED,11.8,0.0,89.0,0.0,0.0,0.0,4.5,0.5,0.5,5.0,13.0,46.0,79.0,75.5,18.0,0.0,0.0,45.0,1,46.501,6.6005,8500.0,450.0,0.0,10,4.5,45.0,8498.7,-12.3,8500.0,False,False,False,False,False,False,False,False,False,False,False,True,True,True,True,False,True,False,False,False,False,False,False,False
4998547,STATE_ARMED,11.8,0.0,89.0,0.0,0.0,0.0,4.5,0.5,0.5,5.0,13.0,46.0,79.0,75.5,18.0,0.0,0.0,45.0,1,46.501,6.6005,8500.0,450.0,0.0,10,4.5,45.0,8498.7,-12.3,8500.0,False,False,False,False,False,False,False,False,False,False,False,True,True,True,True,False,True,False,False,False,False,False,False,False
4999050,STATE_ARMED,11.8,0.0,89.0,0.0,0.0,0.0,4.5,0.5,0.5,5.0,13.0,46.0,79.0,75.5,18.0,0.0,0.0,45.0,1,46.501,6.6005,8500.0,450.0,0.0,10,4.5,45.0,8498.7,-12.3,8500.0,False,False,False,False,False,False,False,False,False,False,False,True,True,True,True,False,True,False,False,False,False,False,False,False
4999553,STATE_ARMED,11.8,0.0,89.0,0.0,0.0,0.0,4.5,0.5,0.5,5.0,13.0,46.0,79.0,75.5,18.0,0.0,0.0,45.0,1,46.501,6.6005,8500.0,450.0,0.0,10,4.5,45.0,8498.7,-12.3,8500.0,False,False,False,False,False,False,False,False,False,False,False,True,True,True,True,False,True,False,False,False,False,False,False,False
5000060,STATE_ARMED,11.8,0.0,89.0,0.0,0.0,0.0,4.5,0.5,0.5,5.0,13.0,46.0,79.0,75.5,18.0,0.0,0.0,45.0,1,46.501,6.6005,8500.0,450.0,0.0,10,4.5,45.0,8498.7,-12.3,8500.0,False,False,False,False,False,False,False,False,False,False,False,True,True,True,True,False,True,False,False,False,False,False,False,False
5000563,STATE_ARMED,11.8,0.0,89.0,0.0,0.0,0.0,4.5,0.5,0.5,5.0,13.0,46.0,79.0,75.5,18.0,0.0,0.0,45.0,1,46.501,6.6005,8500.0,450.0,0.0,10,4.5,45.0,8498.7,-12.3,8500.0,False,False,False,False,False,False,False,False,False,False,False,True,True,True,True,False,True,False,False,False,False,False,False,False
5001069,STATE_ARMED,11.8,0.0,89.0,0.0,0.0,0.0,4.5,0.5,0.5,5.0,13.0,46.0,79.0,75.5,18.0,0.0,0.0,45.0,1,46.501,6.6005,8500.0,450.0,0.0,10,4.5,45.0,8498.7,-12.3,8500.0,False,False,False,False,False,False,False,False,False,False,False,True,True,True,True,False,True,False,False,False,False,False,False,False
5001573,STATE_ARMED,11.8,0.0,89.0,0.0,0.0,0.0,4.5,0.5,0.5,5.0,13.0,46.0,79.0,75.5,18.0,0.0,0.0,45.0,1,46.501,6.6005,8500.0,450.0,0.0,10,4.5,45.0,8498.7,-12.3,8500.0,False,False,False,False,False,False,False,False,False,False,False,True,True,True,True,False,True,False,False,False,False,False,False,False
5002076,STATE_ARMED,11.8,0.0,89.0,0.0,0.0,0.0,4.5,0.5,0.5,5.0,13.0,46.0,79.0,75.5,18.0,0.0,0.0,45.0,1,46.501,6.6005,8500.0,450.0,0.0,10,4.5,45.0,8498.7,-12.3,8500.0,False,False,False,False,False,False,False,False,False,False,False,True,True,True,True,False,True,False,False,False,False,False,False,False
5002579,STATE_ARMED,11.8,0.0,89.0,0.0,0.0,0.0,4.5,0.5,0.5,5.0,13.0,46.0,79.0,75.5,18.0,0.0,0.0,45.0,1,46.501,6.6005,8500.0,450.0,0.0,10,4.5,45.0,8498.7,-12.3,8500.0,False,False,False,False,False,False,False,False,False,False,False,True,True,True,True,False,True,False,False,False,False,False,False,False
5003083,STATE_ARMED,11.8,0.0,89.0,0.0,0.0,0.0,4.5,0.5,0.5,5.0,13.0,46.0,79.0,75.5,18.0,0.0,0.0,45.0,1,46.501,6.6005,8500.0,450.0,0.0,10,4.5,45.0,8498.7,-12.3,8500.0,False,False,False,False,False,False,False,False,False,False,False,True,True,True,True,False,True,False,False,False,False,False,False,False
5003588,STATE_ARMED,11.8,0.0,89.0,0.0,0.0,0.0,4.5,0.5,0.5,5.0,13.0,46.0,79.0,75.5,18.0,0.0,0.0,45.0,1,46.501,6.6005,8500.0,450.0,0.0,10,4.5,45.0,8498.7,-12.3,8500.0,False,False,False,False,False,False,False,False,False,False,False,True,True,True,True,False,True,False,False,False,False,False,False,False
5004089,STATE_ARMED,11.8,0.0,89.0,0.0,0.0,0.0,4.5,0.5,0.5,5.0,13.0,46.0,79.0,75.5,18.0,0.0,0.0,45.0,1,46.501,6.6005,8500.0,450.0,0.0,10,4.5,45.0,8498.7,-12.3,8500.0,False,False,False,False,False,False,False,False,False,False,False,True,True,True,True,False,True,False,False,False,False,False,False,False
5004592,STATE_ARMED,11.8,0.0,89.0,0.0,0.0,0.0,4.5,0.5,0.5,5.0,13.0,46.0,79.0,75.5,18.0,0.0,0.0,45.0,1,46.501,6.6005,8500.0,450.0,0.0,10,4.5,45.0,8498.7,-12.3,8500.0,False,False,False,False,False,False,False,False,False,False,False,True,True,True,True,False,True,False,False,False,False,False,False,False
5005094,STATE_ARMED,11.8,0.0,89.0,0.0,0.0,0.0,4.5,0.5,0.5,5.0,13.0,46.0,79.0,75.5,18.0,0.0,0.0,45.0,1,46.501,6.6005,8500.0,450.0,0.0,10,4.5,45.0,8498.7,-12.3,8500.0,False,False,False,False,False,False,False,False,False,False,False,True,True,True,True,False,True,False,False,False,False,False,False,False
5005597,STATE_ARMED,11.8,0.0,89.0,0.0,0.0,0.0,4.5,0.5,0.5,5.0,13.0,46.0,79.0,75.5,18.0,0.0,0.0,45.0,1,46.501,6.6005,8500.0,450.0,0.0,10,4.5,45.0,8498.7,-12.3,8500.0,False,False,False,False,False,False,False,False,False,False,False,True,True,True,True,False,True,False,False,False,False,False,False,False
5006101,STATE_ARMED,11.8,0.0,89.0,0.0,0.0,0.0,4.5,0.5,0.5,5.0,13.0,46.0,79.0,75.5,18.0,0.0,0.0,45.0,1,46.501,6.6005,8500.0,450.0,0.0,10,4.5,45.0,8498.7,-12.3,8500.0,False,False,False,False,False,False,False,False,False,False,False,True,True,True,True,False,True,False,False,False,False,False,False,False
5006604,STATE_ARMED,11.8,0.0,89.0,0.0,0.0,0.0,4.5,0.5,0.5,5.0,13.0,46.0,79.0,75.5,18.0,0.0,0.0,45.0,1,46.501,6.6005,8500.0,450.0,0.0,10,4.5,45.0,8498.7,-12.3,8500.0,False,False,False,False,False,False,False,False,False,False,False,True,True,True,True,False,True,False,False,False,False,False,False,False
5007106,STATE_ARMED,11.8,0.0,89.0,0.0,0.0,0.0,4.5,0.5,0.5,5.0,13.0,46.0,79.0,75.5,18.0,0.0,0.0,45.0,1,46.501,6.6005,8500.0,450.0,0.0,10,4.5,45.0,8498.7,-12.3,8500.0,False,False,False,False,False,False,False,False,False,False,False,True,True,True,True,False,True,False,False,False,False,False,False,False
5007610,STATE_ARMED,11.8,0.0,89.0,0.0,0.0,0.0,4.5,0.5,0.5,5.0,13.0,46.0,79.0,75.5,18.0,0.0,0.0,45.0,1,46.501,6.6005,8500.0,450.0,0.0,10,4.5,45.0,8498.7,-12.3,8500.0,False,False,False,False,False,False,False,False,False,False,False,True,True,True,True,False,True,False,False,False,False,False,False,False
5008113,STATE_ARMED,11.8,0.0,89.0,0.0,0.0,0.0,4.5,0.5,0.5,5.0,13.0,46.0,79.0,75.5,18.0,0.0,0.0,45.0,1,46.501,6.6005,8500.0,450.0,0.0,10,4.5,45.0,8498.7,-12.3,8500.0,False,False,False,False,False,False,False,False,False,False,False,True,True,True,True,False,True,False,False,False,False,False,False,False
5008617,STATE_ARMED,11.8,0.0,89.0,0.0,0.0,0.0,4.5,0.5,0.5,5.0,13.0,46.0,79.0,75.5,18.0,0.0,0.0,45.0,1,46.501,6.6005,8500.0,450.0,0.0,10,4.5,45.0,8498.7,-12.3,8500.0,False,False,False,False,False,False,False,False,False,False,False,True,True,True,True,False,True,False,False,False,False,False,False,False
5009121,STATE_ARMED,11.8,0.0,89.0,0.0,0.0,0.0,4.5,0.5,0.5,5.0,13.0,46.0,79.0,75.5,18.0,0.0,0.0,45.0,1,46.501,6.6005,8500.0,450.0,0.0,10,4.5,45.0,8498.7,-12.3,8500.0,False,False,False,False,False,False,False,False,False,False,False,True,True,True,True,False,True,False,False,False,False,False,False,False
5009625,STATE_ARMED,11.8,0.0,89.0,0.0,0.0,0.0,4.5,0.5,0.5,5.0,13.0,46.0,79.0,75.5,18.0,0.0,0.0,45.0,1,46.501,6.6005,8500.0,450.0,0.0,10,4.5,45.0,8498.7,-12.3,8500.0,False,False,False,False,False,False,False,False,False,False,False,True,True,True,True,False,True,False,False,False,False,False,False,False
5010127,STATE_ARMED,11.8,0.0,89.0,0.0,0.0,0.0,4.5,0.5,0.5,5.0,13.0,46.0,79.0,75.5,18.0,0.0,0.0,45.0,1,46.501,6.6005,8500.0,450.0,0.0,10,4.5,45.0,8498.7,-12.3,8500.0,False,False,False,False,False,False,False,False,False,False,False,True,True,True,True,False,True,False,False,False,False,False,False,False
5010628,STATE_ARMED,11.8,0.0,89.0,0.0,0.0,0.0,4.5,0.5,0.5,5.0,13.0,46.0,79.0,75.5,18.0,0.0,0.0,45.0,1,46.501,6.6005,8500.0,450.0,0.0,10,4.5,45.0,8498.7,-12.3,8500.0,False,False,False,False,False,False,False,False,False,False,False,True,True,True,True,False,True,False,False,False,False,False,False,False
5011130,STATE_ARMED,11.8,0.0,89.0,0.0,0.0,0.0,4.5,0.5,0.5,5.0,13.0,46.0,79.0,75.5,18.0,0.0,0.0,45.0,1,46.501,6.6005,8500.0,450.0,0.0,10,4.5,45.0,8498.7,-12.3,8500.0,False,False,False,False,False,False,False,False,False,False,False,True,True,True,True,False,True,False,False,False,False,False,False,False
5011637,STATE_ARMED,11.8,0.0,89.0,0.0,0.0,0.0,4.5,0.5,0.5,5.0,13.0,46.0,79.0,75.5,18.0,0.0,0.0,45.0,1,46.501,6.6005,8500.0,450.0,0.0,10,4.5,45.0,8498.7,-12.3,8500.0,False,False,False,False,False,False,False,False,False,False,False,True,True,True,True,False,True,False,False,False,False,False,False,False
5012139,STATE_ARMED,11.8,0.0,89.0,0.0,0.0,0.0,4.5,0.5,0.5,5.0,13.0,46.0,79.0,75.5,18.0,0.0,0.0,45.0,1,46.501,6.6005,8500.0,450.0,0.0,10,4.5,45.0,8498.7,-12.3,8500.0,False,False,False,False,False,False,False,False,False,False,False,True,True,True,True,False,True,False,False,False,False,False,False,False
5012643,STATE_ARMED,11.8,0.0,89.0,0.0,0.0,0.0,4.5,0.5,0.5,5.0,13.0,46.0,79.0,75.5,18.0,0.0,0.0,45.0,1,46.501,6.6005,8500.0,450.0,0.0,10,4.5,45.0,8498.7,-12.3,8500.0,False,False,False,False,False,False,False,False,False,False,False,True,True,True,True,False,True,False,False,False,False,False,False,False
5013146,STATE_ARMED,11.8,0.0,89.0,0.0,0.0,0.0,4.5,0.5,0.5,5.0,13.0,46.0,79.0,75.5,18.0,0.0,0.0,45.0,1,46.501,6.6005,8500.0,450.0,0.0,10,4.5,45.0,8498.7,-12.3,8500.0,False,False,False,False,False,False,False,False,False,False,False,True,True,True,True,False,True,False,False,False,False,False,False,False
5013652,STATE_ARMED,11.8,0.0,89.0,0.0,0.0,0.0,4.5,0.5,0.5,5.0,13.0,46.0,79.0,75.5,18.0,0.0,0.0,45.0,1,46.501,6.6005,8500.0,450.0,0.0,10,4.5,45.0,8498.7,-12.3,8500.0,False,False,False,False,False,False,False,False,False,False,False,True,True,True,True,False,True,False,False,False,False,False,False,False
5014155,STATE_ARMED,11.8,0.0,89.0,0.0,0.0,0.0,4.5,0.5,0.5,5.0,13.0,46.0,79.0,75.5,18.0,0.0,0.0,45.0,1,46.501,6.6005,8500.0,450.0,0.0,10,4.5,45.0,8498.7,-12.3,8500.0,False,False,False,False,False,False,False,False,False,False,False,True,True,True,True,False,True,False,False,False,False,False,False,False
5014661,STATE_ARMED,11.8,0.0,89.0,0.0,0.0,0.0,4.5,0.5,0.5,5.0,13.0,46.0,79.0,75.5,18.0,0.0,0.0,45.0,1,46.501,6.6005,8500.0,450.0,0.0,10,4.5,45.0,8498.7,-12.3,8500.0,False,False,False,False,False,False,False,False,False,False,False,True,True,True,True,False,True,False,False,False,False,False,False,False
5015162,STATE_ARMED,11.8,0.0,89.0,0.0,0.0,0.0,4.5,0.5,0.5,5.0,13.0,46.0,79.0,75.5,18.0,0.0,0.0,45.0,1,46.501,6.6005,8500.0,450.0,0.0,10,4.5,45.0,8498.7,-12.3,8500.0,False,False,False,False,False,False,False,False,False,False,False,True,True,True,True,False,True,False,False,False,False,False,False,False
5015665,STATE_ARMED,11.8,0.0,89.0,0.0,0.0,0.0,4.5,0.5,0.5,5.0,13.0,46.0,79.0,75.5,18.0,0.0,0.0,45.0,1,46.501,6.6005,8500.0,450.0,0.0,10,4.5,45.0,8498.7,-12.3,8500.0,False,False,False,False,False,False,False,False,False,False,False,True,True,True,True,False,True,False,False,False,False,False,False,False
5016169,STATE_ARMED,11.8,0.0,89.0,0.0,0.0,0.0,4.5,0.5,0.5,5.0,13.0,46.0,79.0,75.5,18.0,0.0,0.0,45.0,1,46.501,6.6005,8500.0,450.0,0.0,10,4.5,45.0,8498.7,-12.3,8500.0,False,False,False,False,False,False,False,False,False,False,False,True,True,True,True,False,True,False,False,False,False,False,False,False
5016673,STATE_ARMED,11.8,0.0,89.0,0.0,0.0,0.0,4.5,0.5,0.5,5.0,13.0,46.0,79.0,75.5,18.0,0.0,0.0,45.0,1,46.501,6.6005,8500.0,450.0,0.0,10,4.5,45.0,8498.7,-12.3,8500.0,False,False,False,False,False,False,False,False,False,False,False,True,True,True,True,False,True,False,False,False,False,False,False,False
5017177,STATE_ARMED,11.8,0.0,89.0,0.0,0.0,0.0,4.5,0.5,0.5,5.0,13.0,46.0,79.0,75.5,18.0,0.0,0.0,45.0,1,46.501,6.6005,8500.0,450.0,0.0,10,4.5,45.0,8498.7,-12.3,8500.0,False,False,False,False,False,False,False,False,False,False,False,True,True,True,True,False,True,False,False,False,False,False,False,False
5017683,STATE_ARMED,11.8,0.0,89.0,0.0,0.0,0.0,4.5,0.5,0.5,5.0,13.0,46.0,79.0,75.5,18.0,0.0,0.0,45.0,1,46.501,6.6005,8500.0,450.0,0.0,10,4.5,45.0,8498.7,-12.3,8500.0,False,False,False,False,False,False,False,False,False,False,False,True,True,True,True,False,True,False,False,False,False,False,False,False
5018186,STATE_ARMED,11.8,0.0,89.0,0.0,0.0,0.0,4.5,0.5,0.5,5.0,13.0,46.0,79.0,75.5,18.0,0.0,0.0,45.0,1,46.501,6.6005,8500.0,450.0,0.0,10,4.5,45.0,8498.7,-12.3,8500.0,False,False,False,False,False,False,False,False,False,False,False,True,True,True,True,False,True,False,False,False,False,False,False,False
5018688,STATE_ARMED,11.8,0.0,89.0,0.0,0.0,0.0,4.5,0.5,0.5,5.0,13.0,46.0,79.0,75.5,18.0,0.0,0.0,45.0,1,46.501,6.6005,8500.0,450.0,0.0,10,4.5,45.0,8498.7,-12.3,8500.0,False,False,False,False,False,False,False,False,False,False,False,True,True,True,True,False,True,False,False,False,False,False,False,False
5019192,STATE_ARMED,11.8,0.0,89.0,0.0,0.0,0.0,4.5,0.5,0.5,5.0,13.0,46.0,79.0,75.5,18.0,0.0,0.0,45.0,1,46.501,6.6005,8500.0,450.0,0.0,10,4.5,45.0,8498.7,-12.3,8500.0,False,False,False,False,False,False,False,False,False,False,False,True,True,True,True,False,True,False,False,False,False,False,False,False
5019698,STATE_ARMED,11.8,0.0,89.0,0.0,0.0,0.0,4.5,0.5,0.5,5.0,13.0,46.0,79.0,75.5,18.0,0.0,0.0,45.0,1,46.501,6.6005,8500.0,450.0,0.0,10,4.5,45.0,8498.7,-12.3,8500.0,False,False,False,False,False,False,False,False,False,False,False,True,True,True,True,False,True,False,False,False,False,False,False,False
5020202,STATE_ARMED,11.8,0.0,89.0,0.0,0.0,0.0,4.5,0.5,0.5,5.0,13.0,46.0,79.0,75.5,18.0,0.0,0.0,45.0,1,46.501,6.6005,8500.0,450.0,0.0,10,4.5,45.0,8498.7,-12.3,8500.0,False,False,False,False,False,False,False,False,False,False,False,True,True,True,True,False,True,False,False,False,False,False,False,False
5020705,STATE_ARMED,11.8,0.0,89.0,0.0,0.0,0.0,4.5,0.5,0.5,5.0,13.0,46.0,79.0,75.5,18.0,0.0,0.0,45.0,1,46.501,6.6005,8500.0,450.0,0.0,10,4.5,45.0,8498.7,-12.3,8500.0,False,False,False,False,False,False,False,False,False,False,False,True,True,True,True,False,True,False,False,False,False,False,False,False
5021209,STATE_ARMED,11.8,0.0,89.0,0.0,0.0,0.0,4.5,0.5,0.5,5.0,13.0,46.0,79.0,75.5,18.0,0.0,0.0,45.0,1,46.501,6.6005,8500.0,450.0,0.0,10,4.5,45.0,8498.7,-12.3,8500.0,False,False,False,False,False,False,False,False,False,False,False,True,True,True,True,False,True,False,False,False,False,False,False,False
5021711,STATE_ARMED,11.8,0.0,89.0,0.0,0.0,0.0,4.5,0.5,0.5,5.0,13.0,46.0,79.0,75.5,18.0,0.0,0.0,45.0,1,46.501,6.6005,8500.0,450.0,0.0,10,4.5,45.0,8498.7,-12.3,8500.0,False,False,False,False,False,False,False,False,False,False,False,True,True,True,True,False,True,False,False,False,False,False,False,False
5022215,STATE_ARMED,11.8,0.0,89.0,0.0,0.0,0.0,4.5,0.5,0.5,5.0,13.0,46.0,79.0,75.5,18.0,0.0,0.0,45.0,1,46.501,6.6005,8500.0,450.0,0.0,10,4.5,45.0,8498.7,-12.3,8500.0,False,False,False,False,False,False,False,False,False,False,False,True,True,True,True,False,True,False,False,False,False,False,False,False
5022721,STATE_ARMED,11.8,0.0,89.0,0.0,0.0,0.0,4.5,0.5,0.5,5.0,13.0,46.0,79.0,75.5,18.0,0.0,0.0,45.0,1,46.501,6.6005,8500.0,450.0,0.0,10,4.5,45.0,8498.7,-12.3,8500.0,False,False,False,False,False,False,False,False,False,False,False,True,True,True,True,False,True,False,False,False,False,False,False,False
5023225,STATE_ARMED,11.8,0.0,89.0,0.0,0.0,0.0,4.5,0.5,0.5,5.0,13.0,46.0,79.0,75.5,18.0,0.0,0.0,45.0,1,46.501,6.6005,8500.0,450.0,0.0,10,4.5,45.0,8498.7,-12.3,8500.0,False,False,False,False,False,False,False,False,False,False,False,True,True,True,True,False,True,False,False,False,False,False,False,False
5023729,STATE_ARMED,11.8,0.0,89.0,0.0,0.0,0.0,4.5,0.5,0.5,5.0,13.0,46.0,79.0,75.5,18.0,0.0,0.0,45.0,1,46.501,6.6005,8500.0,450.0,0.0,10,4.5,45.0,8498.7,-12.3,8500.0,False,False,False,False,False,False,False,False,False,False,False,True,True,True,True,False,True,False,False,False,False,False,False,False
5024231,STATE_ARMED,11.8,0.0,89.0,0.0,0.0,0.0,4.5,0.5,0.5,5.0,13.0,46.0,79.0,75.5,18.0,0.0,0.0,45.0,1,46.501,6.6005,8500.0,450.0,0.0,10,4.5,45.0,8498.7,-12.3,8500.0,False,False,False,False,False,False,False,False,False,False,False,True,True,True,True,False,True,False,False,False,False,False,False,False
5024735,STATE_ARMED,11.8,0.0,89.0,0.0,0.0,0.0,4.5,0.5,0.5,5.0,13.0,46.0,79.0,75.5,18.0,0.0,0.0,45.0,1,46.501,6.6005,8500.0,450.0,0.0,10,4.5,45.0,8498.7,-12.3,8500.0,False,False,False,False,False,False,False,False,False,False,False,True,True,True,True,False,True,False,False,False,False,False,False,False
5025239,STATE_ARMED,11.8,0.0,89.0,0.0,0.0,0.0,4.5,0.5,0.5,5.0,13.0,46.0,79.0,75.5,18.0,0.0,0.0,45.0,1,46.501,6.6005,8500.0,450.0,0.0,10,4.5,45.0,8498.7,-12.3,8500.0,False,False,False,False,False,False,False,False,False,False,False,True,True,True,True,False,True,False,False,False,False,False,False,False
5025742,STATE_ARMED,11.8,0.0,89.0,0.0,0.0,0.0,4.5,0.5,0.5,5.0,13.0,46.0,79.0,75.5,18.0,0.0,0.0,45.0,1,46.501,6.6005,8500.0,450.0,0.0,10,4.5,45.0,8498.7,-12.3,8500.0,False,False,False,False,False,False,False,False,False,False,False,True,True,True,True,False,True,False,False,False,False,False,False,False
5026247,STATE_ARMED,11.8,0.0,89.0,0.0,0.0,0.0,4.5,0.5,0.5,5.0,13.0,46.0,79.0,75.5,18.0,0.0,0.0,45.0,1,46.501,6.6005,8500.0,450.0,0.0,10,4.5,45.0,8498.7,-12.3,8500.0,False,False,False,False,False,False,False,False,False,False,False,True,True,True,True,False,True,False,False,False,False,False,False,False
5026750,STATE_ARMED,11.8,0.0,89.0,0.0,0.0,0.0,4.5,0.5,0.5,5.0,13.0,46.0,79.0,75.5,18.0,0.0,0.0,45.0,1,46.501,6.6005,8500.0,450.0,0.0,10,4.5,45.0,8498.7,-12.3,8500.0,False,False,False,False,False,False,False,False,False,False,False,True,True,True,True,False,True,False,False,False,False,False,False,False
5027253,STATE_ARMED,11.8,0.0,89.0,0.0,0.0,0.0,4.5,0.5,0.5,5.0,13.0,46.0,79.0,75.5,18.0,0.0,0.0,45.0,1,46.501,6.6005,8500.0,450.0,0.0,10,4.5,45.0,8498.7,-12.3,8500.0,False,False,False,False,False,False,False,False,False,False,False,True,True,True,True,False,True,False,False,False,False,False,False,False
5027756,STATE_ARMED,11.8,0.0,89.0,0.0,0.0,0.0,4.5,0.5,0.5,5.0,13.0,46.0,79.0,75.5,18.0,0.0,0.0,45.0,1,46.501,6.6005,8500.0,450.0,0.0,10,4.5,45.0,8498.7,-12.3,8500.0,False,False,False,False,False,False,False,False,False,False,False,True,True,True,True,False,True,False,False,False,False,False,False,False
5028261,STATE_ARMED,11.8,0.0,89.0,0.0,0.0,0.0,4.5,0.5,0.5,5.0,13.0,46.0,79.0,75.5,18.0,0.0,0.0,45.0,1,46.501,6.6005,8500.0,450.0,0.0,10,4.5,45.0,8498.7,-12.3,8500.0,False,False,False,False,False,False,False,False,False,False,False,True,True,True,True,False,True,False,False,False,False,False,False,False
5028764,STATE_ARMED,11.8,0.0,89.0,0.0,0.0,0.0,4.5,0.5,0.5,5.0,13.0,46.0,79.0,75.5,18.0,0.0,0.0,45.0,1,46.501,6.6005,8500.0,450.0,0.0,10,4.5,45.0,8498.7,-12.3,8500.0,False,False,False,False,False,False,False,False,False,False,False,True,True,True,True,False,True,False,False,False,False,False,False,False
5029271,STATE_ARMED,11.8,0.0,89.0,0.0,0.0,0.0,4.5,0.5,0.5,5.0,13.0,46.0,79.0,75.5,18.0,0.0,0.0,45.0,1,46.501,6.6005,8500.0,450.0,0.0,10,4.5,45.0,8498.7,-12.3,8500.0,False,False,False,False,False,False,False,False,False,False,False,True,True,True,True,False,True,False,False,False,False,False,False,False
5029774,STATE_ARMED,11.8,0.0,89.0,0.0,0.0,0.0,4.5,0.5,0.5,5.0,13.0,46.0,79.0,75.5,18.0,0.0,0.0,45.0,1,46.501,6.6005,8500.0,450.0,0.0,10,4.5,45.0,8498.7,-12.3,8500.0,False,False,False,False,False,False,False,False,False,False,False,True,True,True,True,False,True,False,False,False,False,False,False,False
5030276,STATE_ARMED,11.8,0.0,89.0,0.0,0.0,0.0,4.5,0.5,0.5,5.0,13.0,46.0,79.0,75.5,18.0,0.0,0.0,45.0,1,46.501,6.6005,8500.0,450.0,0.0,10,4.5,45.0,8498.7,-12.3,8500.0,False,False,False,False,False,False,False,False,False,False,False,True,True,True,True,False,True,False,False,False,False,False,False,False
5030780,STATE_ARMED,11.8,0.0,89.0,0.0,0.0,0.0,4.5,0.5,0.5,5.0,13.0,46.0,79.0,75.5,18.0,0.0,0.0,45.0,1,46.501,6.6005,8500.0,450.0,0.0,10,4.5,45.0,8498.7,-12.3,8500.0,False,False,False,False,False,False,False,False,False,False,False,True,True,True,True,False,True,False,False,False,False,False,False,False
5031285,STATE_ARMED,11.8,0.0,89.0,0.0,0.0,0.0,4.5,0.5,0.5,5.0,13.0,46.0,79.0,75.5,18.0,0.0,0.0,45.0,1,46.501,6.6005,8500.0,450.0,0.0,10,4.5,45.0,8498.7,-12.3,8500.0,False,False,False,False,False,False,False,False,False,False,False,True,True,True,True,False,True,False,False,False,False,False,False,False
5031788,STATE_ARMED,11.8,0.0,89.0,0.0,0.0,0.0,4.5,0.5,0.5,5.0,13.0,46.0,79.0,75.5,18.0,0.0,0.0,45.0,1,46.501,6.6005,8500.0,450.0,0.0,10,4.5,45.0,8498.7,-12.3,8500.0,False,False,False,False,False,False,False,False,False,False,False,True,True,True,True,False,True,False,False,False,False,False,False,False
5032289,STATE_ARMED,11.8,0.0,89.0,0.0,0.0,0.0,4.5,0.5,0.5,5.0,13.0,46.0,79.0,75.5,18.0,0.0,0.0,45.0,1,46.501,6.6005,8500.0,450.0,0.0,10,4.5,45.0,8498.7,-12.3,8500.0,False,False,False,False,False,False,False,False,False,False,False,True,True,True,True,False,True,False,False,False,False,False,False,False
5032793,STATE_ARMED,11.8,0.0,89.0,0.0,0.0,0.0,4.5,0.5,0.5,5.0,13.0,46.0,79.0,75.5,18.0,0.0,0.0,45.0,1,46.501,6.6005,8500.0,450.0,0.0,10,4.5,45.0,8498.7,-12.3,8500.0,False,False,False,False,False,False,False,False,False,False,False,True,True,True,True,False,True,False,False,False,False,False,False,False
5033297,STATE_ARMED,11.8,0.0,89.0,0.0,0.0,0.0,4.5,0.5,0.5,5.0,13.0,46.0,79.0,75.5,18.0,0.0,0.0,45.0,1,46.501,6.6005,8500.0,450.0,0.0,10,4.5,45.0,8498.7,-12.3,8500.0,False,False,False,False,False,False,False,False,False,False,False,True,True,True,True,False,True,False,False,False,False,False,False,False
5033799,STATE_ARMED,11.8,0.0,89.0,0.0,0.0,0.0,4.5,0.5,0.5,5.0,13.0,46.0,79.0,75.5,18.0,0.0,0.0,45.0,1,46.501,6.6005,8500.0,450.0,0.0,10,4.5,45.0,8498.7,-12.3,8500.0,False,False,False,False,False,False,False,False,False,False,False,True,True,True,True,False,True,False,False,False,False,False,False,False
5034308,STATE_ARMED,11.8,0.0,89.0,0.0,0.0,0.0,4.5,0.5,0.5,5.0,13.0,46.0,79.0,75.5,18.0,0.0,0.0,45.0,1,46.501,6.6005,8500.0,450.0,0.0,10,4.5,45.0,8498.7,-12.3,8500.0,False,False,False,False,False,False,False,False,False,False,False,True,True,True,True,False,True,False,False,False,False,False,False,False
5034810,STATE_ARMED,11.8,0.0,89.0,0.0,0.0,0.0,4.5,0.5,0.5,5.0,13.0,46.0,79.0,75.5,18.0,0.0,0.0,45.0,1,46.501,6.6005,8500.0,450.0,0.0,10,4.5,45.0,8498.7,-12.3,8500.0,False,False,False,False,False,False,False,False,False,False,False,True,True,True,True,False,True,False,False,False,False,False,False,False
5035313,STATE_ARMED,11.8,0.0,89.0,0.0,0.0,0.0,4.5,0.5,0.5,5.0,13.0,46.0,79.0,75.5,18.0,0.0,0.0,45.0,1,46.501,6.6005,8500.0,450.0,0.0,10,4.5,45.0,8498.7,-12.3,8500.0,False,False,False,False,False,False,False,False,False,False,False,True,True,True,True,False,True,False,False,False,False,False,False,False
5035816,STATE_ARMED,11.8,0.0,89.0,0.0,0.0,0.0,4.5,0.5,0.5,5.0,13.0,46.0,79.0,75.5,18.0,0.0,0.0,45.0,1,46.501,6.6005,8500.0,450.0,0.0,10,4.5,45.0,8498.7,-12.3,8500.0,False,False,False,False,False,False,False,False,False,False,False,True,True,True,True,False,True,False,False,False,False,False,False,False
5036318,STATE_ARMED,11.8,0.0,89.0,0.0,0.0,0.0,4.5,0.5,0.5,5.0,13.0,46.0,79.0,75.5,18.0,0.0,0.0,45.0,1,46.501,6.6005,8500.0,450.0,0.0,10,4.5,45.0,8498.7,-12.3,8500.0,False,False,False,False,False,False,False,False,False,False,False,True,True,True,True,False,True,False,False,False,False,False,False,False
5036823,STATE_ARMED,11.8,0.0,89.0,0.0,0.0,0.0,4.5,0.5,0.5,5.0,13.0,46.0,79.0,75.5,18.0,0.0,0.0,45.0,1,46.501,6.6005,8500.0,450.0,0.0,10,4.5,45.0,8498.7,-12.3,8500.0,False,False,False,False,False,False,False,False,False,False,False,True,True,True,True,False,True,False,False,False,False,False,False,False
5037326,STATE_ARMED,11.8,0.0,89.0,0.0,0.0,0.0,4.5,0.5,0.5,5.0,13.0,46.0,79.0,75.5,18.0,0.0,0.0,45.0,1,46.501,6.6005,8500.0,450.0,0.0,10,4.5,45.0,8498.7,-12.3,8500.0,False,False,False,False,False,False,False,False,False,False,False,True,True,True,True,False,True,False,False,False,False,False,False,False
5037832,STATE_ARMED,11.8,0.0,89.0,0.0,0.0,0.0,4.5,0.5,0.5,5.0,13.0,46.0,79.0,75.5,18.0,0.0,0.0,45.0,1,46.501,6.6005,8500.0,450.0,0.0,10,4.5,45.0,8498.7,-12.3,8500.0,False,False,False,False,False,False,False,False,False,False,False,True,True,True,True,False,True,False,False,False,False,False,False,False
5038335,STATE_ARMED,11.8,0.0,89.0,0.0,0.0,0.0,4.5,0.5,0.5,5.0,13.0,46.0,79.0,75.5,18.0,0.0,0.0,45.0,1,46.501,6.6005,8500.0,450.0,0.0,10,4.5,45.0,8498.7,-12.3,8500.0,False,False,False,False,False,False,False,False,False,False,False,True,True,True,True,False,True,False,False,False,False,False,False,False
5038845,STATE_ARMED,11.8,0.0,89.0,0.0,0.0,0.0,4.5,0.5,0.5,5.0,13.0,46.0,79.0,75.5,18.0,0.0,0.0,45.0,1,46.501,6.6005,8500.0,450.0,0.0,10,4.5,45.0,8498.7,-12.3,8500.0,False,False,False,False,False,False,False,False,False,False,False,True,True,True,True,False,True,False,False,False,False,False,False,False
5039348,STATE_ARMED,11.8,0.0,89.0,0.0,0.0,0.0,4.5,0.5,0.5,5.0,13.0,46.0,79.0,75.5,18.0,0.0,0.0,45.0,1,46.501,6.6005,8500.0,450.0,0.0,10,4.5,45.0,8498.7,-12.3,8500.0,False,False,False,False,False,False,False,False,False,False,False,True,True,True,True,False,True,False,False,False,False,False,False,False
5039851,STATE_ARMED,11.8,0.0,89.0,0.0,0.0,0.0,4.5,0.5,0.5,5.0,13.0,46.0,79.0,75.5,18.0,0.0,0.0,45.0,1,46.501,6.6005,8500.0,450.0,0.0,10,4.5,45.0,8498.7,-12.3,8500.0,False,False,False,False,False,False,False,False,False,False,False,True,True,True,True,False,True,False,False,False,False,False,False,False
5040354,STATE_ARMED,11.8,0.0,89.0,0.0,0.0,0.0,4.5,0.5,0.5,5.0,13.0,46.0,79.0,75.5,18.0,0.0,0.0,45.0,1,46.501,6.6005,8500.0,450.0,0.0,10,4.5,45.0,8498.7,-12.3,8500.0,False,False,False,False,False,False,False,False,False,False,False,True,True,True,True,False,True,False,False,False,False,False,False,False
5040860,STATE_ARMED,11.8,0.0,89.0,0.0,0.0,0.0,4.5,0.5,0.5,5.0,13.0,46.0,79.0,75.5,18.0,0.0,0.0,45.0,1,46.501,6.6005,8500.0,450.0,0.0,10,4.5,45.0,8498.7,-12.3,8500.0,False,False,False,False,False,False,False,False,False,False,False,True,True,True,True,False,True,False,False,False,False,False,False,False
5041365,STATE_ARMED,11.8,0.0,89.0,0.0,0.0,0.0,4.5,0.5,0.5,5.0,13.0,46.0,79.0,75.5,18.0,0.0,0.0,45.0,1,46.501,6.6005,8500.0,450.0,0.0,10,4.5,45.0,8498.7,-12.3,8500.0,False,False,False,False,False,False,False,False,False,False,False,True,True,True,True,False,True,False,False,False,False,False,False,False
5041870,STATE_ARMED,11.8,0.0,89.0,0.0,0.0,0.0,4.5,0.5,0.5,5.0,13.0,46.0,79.0,75.5,18.0,0.0,0.0,45.0,1,46.501,6.6005,8500.0,450.0,0.0,10,4.5,45.0,8498.7,-12.3,8500.0,False,False,False,False,False,False,False,False,False,False,False,True,True,True,True,False,True,False,False,False,False,False,False,False
5042373,STATE_ARMED,11.8,0.0,89.0,0.0,0.0,0.0,4.5,0.5,0.5,5.0,13.0,46.0,79.0,75.5,18.0,0.0,0.0,45.0,1,46.501,6.6005,8500.0,450.0,0.0,10,4.5,45.0,8498.7,-12.3,8500.0,False,False,False,False,False,False,False,False,False,False,False,True,True,True,True,False,True,False,False,False,False,False,False,False
5042876,STATE_ARMED,11.8,0.0,89.0,0.0,0.0,0.0,4.5,0.5,0.5,5.0,13.0,46.0,79.0,75.5,18.0,0.0,0.0,45.0,1,46.501,6.6005,8500.0,450.0,0.0,10,4.5,45.0,8498.7,-12.3,8500.0,False,False,False,False,False,False,False,False,False,False,False,True,True,True,True,False,True,False,False,False,False,False,False,False
5043380,STATE_ARMED,11.8,0.0,89.0,0.0,0.0,0.0,4.5,0.5,0.5,5.0,13.0,46.0,79.0,75.5,18.0,0.0,0.0,45.0,1,46.501,6.6005,8500.0,450.0,0.0,10,4.5,45.0,8498.7,-12.3,8500.0,False,False,False,False,False,False,False,False,False,False,False,True,True,True,True,False,True,False,False,False,False,False,False,False
5043884,STATE_ARMED,11.8,0.0,89.0,0.0,0.0,0.0,4.5,0.5,0.5,5.0,13.0,46.0,79.0,75.5,18.0,0.0,0.0,45.0,1,46.501,6.6005,8500.0,450.0,0.0,10,4.5,45.0,8498.7,-12.3,8500.0,False,False,False,False,False,False,False,False,False,False,False,True,True,True,True,False,True,False,False,False,False,False,False,False
5044386,STATE_ARMED,11.8,0.0,89.0,0.0,0.0,0.0,4.5,0.5,0.5,5.0,13.0,46.0,79.0,75.5,18.0,0.0,0.0,45.0,1,46.501,6.6005,8500.0,450.0,0.0,10,4.5,45.0,8498.7,-12.3,8500.0,False,False,False,False,False,False,False,False,False,False,False,True,True,True,True,False,True,False,False,False,False,False,False,False
5044890,STATE_ARMED,11.8,0.0,89.0,0.0,0.0,0.0,4.5,0.5,0.5,5.0,13.0,46.0,79.0,75.5,18.0,0.0,0.0,45.0,1,46.501,6.6005,8500.0,450.0,0.0,10,4.5,45.0,8498.7,-12.3,8500.0,False,False,False,False,False,False,False,False,False,False,False,True,True,True,True,False,True,False,False,False,False,False,False,False
5045393,STATE_ARMED,11.8,0.0,89.0,0.0,0.0,0.0,4.5,0.5,0.5,5.0,13.0,46.0,79.0,75.5,18.0,0.0,0.0,45.0,1,46.501,6.6005,8500.0,450.0,0.0,10,4.5,45.0,8498.7,-12.3,8500.0,False,False,False,False,False,False,False,False,False,False,False,True,True,True,True,False,True,False,False,False,False,False,False,False
5045897,STATE_ARMED,11.8,0.0,89.0,0.0,0.0,0.0,4.5,0.5,0.5,5.0,13.0,46.0,79.0,75.5,18.0,0.0,0.0,45.0,1,46.501,6.6005,8500.0,450.0,0.0,10,4.5,45.0,8498.7,-12.3,8500.0,False,False,False,False,False,False,False,False,False,False,False,True,True,True,True,False,True,False,False,False,False,False,False,False
5046400,STATE_ARMED,11.8,0.0,89.0,0.0,0.0,0.0,4.5,0.5,0.5,5.0,13.0,46.0,79.0,75.5,18.0,0.0,0.0,45.0,1,46.501,6.6005,8500.0,450.0,0.0,10,4.5,45.0,8498.7,-12.3,8500.0,False,False,False,False,False,False,False,False,False,False,False,True,True,True,True,False,True,False,False,False,False,False,False,False
5046903,STATE_ARMED,11.8,0.0,89.0,0.0,0.0,0.0,4.5,0.5,0.5,5.0,13.0,46.0,79.0,75.5,18.0,0.0,0.0,45.0,1,46.501,6.6005,8500.0,450.0,0.0,10,4.5,45.0,8498.7,-12.3,8500.0,False,False,False,False,False,False,False,False,False,False,False,True,True,True,True,False,True,False,False,False,False,False,False,False
5047406,STATE_ARMED,11.8,0.0,89.0,0.0,0.0,0.0,4.5,0.5,0.5,5.0,13.0,46.0,79.0,75.5,18.0,0.0,0.0,45.0,1,46.501,6.6005,8500.0,450.0,0.0,10,4.5,45.0,8498.7,-12.3,8500.0,False,False,False,False,False,False,False,False,False,False,False,True,True,True,True,False,True,False,False,False,False,False,False,False
5047909,STATE_ARMED,11.8,0.0,89.0,0.0,0.0,0.0,4.5,0.5,0.5,5.0,13.0,46.0,79.0,75.5,18.0,0.0,0.0,45.0,1,46.501,6.6005,8500.0,450.0,0.0,10,4.5,45.0,8498.7,-12.3,8500.0,False,False,False,False,False,False,False,False,False,False,False,True,True,True,True,False,True,False,False,False,False,False,False,False
5048412,STATE_ARMED,11.8,0.0,89.0,0.0,0.0,0.0,4.5,0.5,0.5,5.0,13.0,46.0,79.0,75.5,18.0,0.0,0.0,45.0,1,46.501,6.6005,8500.0,450.0,0.0,10,4.5,45.0,8498.7,-12.3,8500.0,False,False,False,False,False,False,False,False,False,False,False,True,True,True,True,False,True,False,False,False,False,False,False,False
5048914,STATE_ARMED,11.8,0.0,89.0,0.0,0.0,0.0,4.5,0.5,0.5,5.0,13.0,46.0,79.0,75.5,18.0,0.0,0.0,45.0,1,46.501,6.6005,8500.0,450.0,0.0,10,4.5,45.0,8498.7,-12.3,8500.0,False,False,False,False,False,False,False,False,False,False,False,True,True,True,True,False,True,False,False,False,False,False,False,False
5049419,STATE_ARMED,11.8,0.0,89.0,0.0,0.0,0.0,4.5,0.5,0.5,5.0,13.0,46.0,79.0,75.5,18.0,0.0,0.0,45.0,1,46.501,6.6005,8500.0,450.0,0.0,10,4.5,45.0,8498.7,-12.3,8500.0,False,False,False,False,False,False,False,False,False,False,False,True,True,True,True,False,True,False,False,False,False,False,False,False
5049927,STATE_ARMED,11.8,0.0,89.0,0.0,0.0,0.0,4.5,0.5,0.5,5.0,13.0,46.0,79.0,75.5,18.0,0.0,0.0,45.0,1,46.501,6.6005,8500.0,450.0,0.0,10,4.5,45.0,8498.7,-12.3,8500.0,False,False,False,False,False,False,False,False,False,False,False,True,True,True,True,False,True,False,False,False,False,False,False,False
5050430,STATE_ARMED,11.8,0.0,89.0,0.0,0.0,0.0,4.5,0.5,0.5,5.0,13.0,46.0,79.0,75.5,18.0,0.0,0.0,45.0,1,46.501,6.6005,8500.0,450.0,0.0,10,4.5,45.0,8498.7,-12.3,8500.0,False,False,False,False,False,False,False,False,False,False,False,True,True,True,True,False,True,False,False,False,False,False,False,False
5050935,STATE_ARMED,11.8,0.0,89.0,0.0,0.0,0.0,4.5,0.5,0.5,5.0,13.0,46.0,79.0,75.5,18.0,0.0,0.0,45.0,1,46.501,6.6005,8500.0,450.0,0.0,10,4.5,45.0,8498.7,-12.3,8500.0,False,False,False,False,False,False,False,False,False,False,False,True,True,True,True,False,True,False,False,False,False,False,False,False
5051437,STATE_ARMED,11.8,0.0,89.0,0.0,0.0,0.0,4.5,0.5,0.5,5.0,13.0,46.0,79.0,75.5,18.0,0.0,0.0,45.0,1,46.501,6.6005,8500.0,450.0,0.0,10,4.5,45.0,8498.7,-12.3,8500.0,False,False,False,False,False,False,False,False,False,False,False,True,True,True,True,False,True,False,False,False,False,False,False,False
5051939,STATE_ARMED,11.8,0.0,89.0,0.0,0.0,0.0,4.5,0.5,0.5,5.0,13.0,46.0,79.0,75.5,18.0,0.0,0.0,45.0,1,46.501,6.6005,8500.0,450.0,0.0,10,4.5,45.0,8498.7,-12.3,8500.0,False,False,False,False,False,False,False,False,False,False,False,True,True,True,True,False,True,False,False,False,False,False,False,False
5052441,STATE_ARMED,11.8,0.0,89.0,0.0,0.0,0.0,4.5,0.5,0.5,5.0,13.0,46.0,79.0,75.5,18.0,0.0,0.0,45.0,1,46.501,6.6005,8500.0,450.0,0.0,10,4.5,45.0,8498.7,-12.3,8500.0,False,False,False,False,False,False,False,False,False,False,False,True,True,True,True,False,True,False,False,False,False,False,False,False
5052945,STATE_ARMED,11.8,0.0,89.0,0.0,0.0,0.0,4.5,0.5,0.5,5.0,13.0,46.0,79.0,75.5,18.0,0.0,0.0,45.0,1,46.501,6.6005,8500.0,450.0,0.0,10,4.5,45.0,8498.7,-12.3,8500.0,False,False,False,False,False,False,False,False,False,False,False,True,True,True,True,False,True,False,False,False,False,False,False,False
5053448,STATE_ARMED,11.8,0.0,89.0,0.0,0.0,0.0,4.5,0.5,0.5,5.0,13.0,46.0,79.0,75.5,18.0,0.0,0.0,45.0,1,46.501,6.6005,8500.0,450.0,0.0,10,4.5,45.0,8498.7,-12.3,8500.0,False,False,False,False,False,False,False,False,False,False,False,True,True,True,True,False,True,False,False,False,False,False,False,False
5053951,STATE_ARMED,11.8,0.0,89.0,0.0,0.0,0.0,4.5,0.5,0.5,5.0,13.0,46.0,79.0,75.5,18.0,0.0,0.0,45.0,1,46.501,6.6005,8500.0,450.0,0.0,10,4.5,45.0,8498.7,-12.3,8500.0,False,False,False,False,False,False,False,False,False,False,False,True,True,True,True,False,True,False,False,False,False,False,False,False
5054454,STATE_ARMED,11.8,0.0,89.0,0.0,0.0,0.0,4.5,0.5,0.5,5.0,13.0,46.0,79.0,75.5,18.0,0.0,0.0,45.0,1,46.501,6.6005,8500.0,450.0,0.0,10,4.5,45.0,8498.7,-12.3,8500.0,False,False,False,False,False,False,False,False,False,False,False,True,True,True,True,False,True,False,False,False,False,False,False,False
5054956,STATE_ARMED,11.8,0.0,89.0,0.0,0.0,0.0,4.5,0.5,0.5,5.0,13.0,46.0,79.0,75.5,18.0,0.0,0.0,45.0,1,46.501,6.6005,8500.0,450.0,0.0,10,4.5,45.0,8498.7,-12.3,8500.0,False,False,False,False,False,False,False,False,False,False,False,True,True,True,True,False,True,False,False,False,False,False,False,False
5055458,STATE_ARMED,11.8,0.0,89.0,0.0,0.0,0.0,4.5,0.5,0.5,5.0,13.0,46.0,79.0,75.5,18.0,0.0,0.0,45.0,1,46.501,6.6005,8500.0,450.0,0.0,10,4.5,45.0,8498.7,-12.3,8500.0,False,False,False,False,False,False,False,False,False,False,False,True,True,True,True,False,True,False,False,False,False,False,False,False
5055964,STATE_ARMED,11.8,0.0,89.0,0.0,0.0,0.0,4.5,0.5,0.5,5.0,13.0,46.0,79.0,75.5,18.0,0.0,0.0,45.0,1,46.501,6.6005,8500.0,450.0,0.0,10,4.5,45.0,8498.7,-12.3,8500.0,False,False,False,False,False,False,False,False,False,False,False,True,True,True,True,False,True,False,False,False,False,False,False,False
5056466,STATE_ARMED,11.8,0.0,89.0,0.0,0.0,0.0,4.5,0.5,0.5,5.0,13.0,46.0,79.0,75.5,18.0,0.0,0.0,45.0,1,46.501,6.6005,8500.0,450.0,0.0,10,4.5,45.0,8498.7,-12.3,8500.0,False,False,False,False,False,False,False,False,False,False,False,True,True,True,True,False,True,False,False,False,False,False,False,False
5056967,STATE_ARMED,11.8,0.0,89.0,0.0,0.0,0.0,4.5,0.5,0.5,5.0,13.0,46.0,79.0,75.5,18.0,0.0,0.0,45.0,1,46.501,6.6005,8500.0,450.0,0.0,10,4.5,45.0,8498.7,-12.3,8500.0,False,False,False,False,False,False,False,False,False,False,False,True,True,True,True,False,True,False,False,False,False,False,False,False
5057473,STATE_ARMED,11.8,0.0,89.0,0.0,0.0,0.0,4.5,0.5,0.5,5.0,13.0,46.0,79.0,75.5,18.0,0.0,0.0,45.0,1,46.501,6.6005,8500.0,450.0,0.0,10,4.5,45.0,8498.7,-12.3,8500.0,False,False,False,False,False,False,False,False,False,False,False,True,True,True,True,False,True,False,False,False,False,False,False,False
5057975,STATE_ARMED,11.8,0.0,89.0,0.0,0.0,0.0,4.5,0.5,0.5,5.0,13.0,46.0,79.0,75.5,18.0,0.0,0.0,45.0,1,46.501,6.6005,8500.0,450.0,0.0,10,4.5,45.0,8498.7,-12.3,8500.0,False,False,False,False,False,False,False,False,False,False,False,True,True,True,True,False,True,False,False,False,False,False,False,False
5058481,STATE_ARMED,11.8,0.0,89.0,0.0,0.0,0.0,4.5,0.5,0.5,5.0,13.0,46.0,79.0,75.5,18.0,0.0,0.0,45.0,1,46.501,6.6005,8500.0,450.0,0.0,10,4.5,45.0,8498.7,-12.3,8500.0,False,False,False,False,False,False,False,False,False,False,False,True,True,True,True,False,True,False,False,False,False,False,False,False
5058983,STATE_ARMED,11.8,0.0,89.0,0.0,0.0,0.0,4.5,0.5,0.5,5.0,13.0,46.0,79.0,75.5,18.0,0.0,0.0,45.0,1,46.501,6.6005,8500.0,450.0,0.0,10,4.5,45.0,8498.7,-12.3,8500.0,False,False,False,False,False,False,False,False,False,False,False,True,True,True,True,False,True,False,False,False,False,False,False,False
5059486,STATE_ARMED,11.8,0.0,89.0,0.0,0.0,0.0,4.5,0.5,0.5,5.0,13.0,46.0,79.0,75.5,18.0,0.0,0.0,45.0,1,46.501,6.6005,8500.0,450.0,0.0,10,4.5,45.0,8498.7,-12.3,8500.0,False,False,False,False,False,False,False,False,False,False,False,True,True,True,True,False,True,False,False,False,False,False,False,False
5059990,STATE_ARMED,11.8,0.0,89.0,0.0,0.0,0.0,4.5,0.5,0.5,5.0,13.0,46.0,79.0,75.5,18.0,0.0,0.0,45.0,1,46.501,6.6005,8500.0,450.0,0.0,10,4.5,45.0,8498.7,-12.3,8500.0,False,False,False,False,False,False,False,False,False,False,False,True,True,True,True,False,True,False,False,False,False,False,False,False
5060495,STATE_ARMED,11.8,0.0,89.0,0.0,0.0,0.0,4.5,0.5,0.5,5.0,13.0,46.0,79.0,75.5,18.0,0.0,0.0,45.0,1,46.501,6.6005,8500.0,450.0,0.0,10,4.5,45.0,8498.7,-12.3,8500.0,False,False,False,False,False,False,False,False,False,False,False,True,True,True,True,False,True,False,False,False,False,False,False,False
5061000,STATE_ARMED,11.8,0.0,89.0,0.0,0.0,0.0,4.5,0.5,0.5,5.0,13.0,46.0,79.0,75.5,18.0,0.0,0.0,45.0,1,46.501,6.6005,8500.0,450.0,0.0,10,4.5,45.0,8498.7,-12.3,8500.0,False,False,False,False,False,False,False,False,False,False,False,True,True,True,True,False,True,False,False,False,False,False,False,False
5061505,STATE_ARMED,11.8,0.0,89.0,0.0,0.0,0.0,4.5,0.5,0.5,5.0,13.0,46.0,79.0,75.5,18.0,0.0,0.0,45.0,1,46.501,6.6005,8500.0,450.0,0.0,10,4.5,45.0,8498.7,-12.3,8500.0,False,False,False,False,False,False,False,False,False,False,False,True,True,True,True,False,True,False,False,False,False,False,False,False
5062010,STATE_ARMED,11.8,0.0,89.0,0.0,0.0,0.0,4.5,0.5,0.5,5.0,13.0,46.0,79.0,75.5,18.0,0.0,0.0,45.0,1,46.501,6.6005,8500.0,450.0,0.0,10,4.5,45.0,8498.7,-12.3,8500.0,False,False,False,False,False,False,False,False,False,False,False,True,True,True,True,False,True,False,False,False,False,False,False,False
5062513,STATE_ARMED,11.8,0.0,89.0,0.0,0.0,0.0,4.5,0.5,0.5,5.0,13.0,46.0,79.0,75.5,18.0,0.0,0.0,45.0,1,46.501,6.6005,8500.0,450.0,0.0,10,4.5,45.0,8498.7,-12.3,8500.0,False,False,False,False,False,False,False,False,False,False,False,True,True,True,True,False,True,False,False,False,False,False,False,False
5063015,STATE_ARMED,11.8,0.0,89.0,0.0,0.0,0.0,4.5,0.5,0.5,5.0,13.0,46.0,79.0,75.5,18.0,0.0,0.0,45.0,1,46.501,6.6005,8500.0,450.0,0.0,10,4.5,45.0,8498.7,-12.3,8500.0,False,False,False,False,False,False,False,False,False,False,False,True,True,True,True,False,True,False,False,False,False,False,False,False
5063519,STATE_ARMED,11.8,0.0,89.0,0.0,0.0,0.0,4.5,0.5,0.5,5.0,13.0,46.0,79.0,75.5,18.0,0.0,0.0,45.0,1,46.501,6.6005,8500.0,450.0,0.0,10,4.5,45.0,8498.7,-12.3,8500.0,False,False,False,False,False,False,False,False,False,False,False,True,True,True,True,False,True,False,False,False,False,False,False,False
5064021,STATE_ARMED,11.8,0.0,89.0,0.0,0.0,0.0,4.5,0.5,0.5,5.0,13.0,46.0,79.0,75.5,18.0,0.0,0.0,45.0,1,46.501,6.6005,8500.0,450.0,0.0,10,4.5,45.0,8498.7,-12.3,8500.0,False,False,False,False,False,False,False,False,False,False,False,True,True,True,True,False,True,False,False,False,False,False,False,False
5064525,STATE_ARMED,11.8,0.0,89.0,0.0,0.0,0.0,4.5,0.5,0.5,5.0,13.0,46.0,79.0,75.5,18.0,0.0,0.0,45.0,1,46.501,6.6005,8500.0,450.0,0.0,10,4.5,45.0,8498.7,-12.3,8500.0,False,False,False,False,False,False,False,False,False,False,False,True,True,True,True,False,True,False,False,False,False,False,False,False
5065028,STATE_ARMED,11.8,0.0,89.0,0.0,0.0,0.0,4.5,0.5,0.5,5.0,13.0,46.0,79.0,75.5,18.0,0.0,0.0,45.0,1,46.501,6.6005,8500.0,450.0,0.0,10,4.5,45.0,8498.7,-12.3,8500.0,False,False,False,False,False,False,False,False,False,False,False,True,True,True,True,False,True,False,False,False,False,False,False,False
5065530,STATE_ARMED,11.8,0.0,89.0,0.0,0.0,0.0,4.5,0.5,0.5,5.0,13.0,46.0,79.0,75.5,18.0,0.0,0.0,45.0,1,46.501,6.6005,8500.0,450.0,0.0,10,4.5,45.0,8498.7,-12.3,8500.0,False,False,False,False,False,False,False,False,False,False,False,True,True,True,True,False,True,False,False,False,False,False,False,False
5066034,STATE_ARMED,11.8,0.0,89.0,0.0,0.0,0.0,4.5,0.5,0.5,5.0,13.0,46.0,79.0,75.5,18.0,0.0,0.0,45.0,1,46.501,6.6005,8500.0,450.0,0.0,10,4.5,45.0,8498.7,-12.3,8500.0,False,False,False,False,False,False,False,False,False,False,False,True,True,True,True,False,True,False,False,False,False,False,False,False
5066537,STATE_ARMED,11.8,0.0,89.0,0.0,0.0,0.0,4.5,0.5,0.5,5.0,13.0,46.0,79.0,75.5,18.0,0.0,0.0,45.0,1,46.501,6.6005,8500.0,450.0,0.0,10,4.5,45.0,8498.7,-12.3,8500.0,False,False,False,False,False,False,False,False,False,False,False,True,True,True,True,False,True,False,False,False,False,False,False,False
5067040,STATE_ARMED,11.8,0.0,89.0,0.0,0.0,0.0,4.5,0.5,0.5,5.0,13.0,46.0,79.0,75.5,18.0,0.0,0.0,45.0,1,46.501,6.6005,8500.0,450.0,0.0,10,4.5,45.0,8498.7,-12.3,8500.0,False,False,False,False,False,False,False,False,False,False,False,True,True,True,True,False,True,False,False,False,False,False,False,False
5067543,STATE_ARMED,11.8,0.0,89.0,0.0,0.0,0.0,4.5,0.5,0.5,5.0,13.0,46.0,79.0,75.5,18.0,0.0,0.0,45.0,1,46.501,6.6005,8500.0,450.0,0.0,10,4.5,45.0,8498.7,-12.3,8500.0,False,False,False,False,False,False,False,False,False,False,False,True,True,True,True,False,True,False,False,False,False,False,False,False
5068046,STATE_ARMED,11.8,0.0,89.0,0.0,0.0,0.0,4.5,0.5,0.5,5.0,13.0,46.0,79.0,75.5,18.0,0.0,0.0,45.0,1,46.501,6.6005,8500.0,450.0,0.0,10,4.5,45.0,8498.7,-12.3,8500.0,False,False,False,False,False,False,False,False,False,False,False,True,True,True,True,False,True,False,False,False,False,False,False,False
5068552,STATE_ARMED,11.8,0.0,89.0,0.0,0.0,0.0,4.5,0.5,0.5,5.0,13.0,46.0,79.0,75.5,18.0,0.0,0.0,45.0,1,46.501,6.6005,8500.0,450.0,0.0,10,4.5,45.0,8498.7,-12.3,8500.0,False,False,False,False,False,False,False,False,False,False,False,True,True,True,True,False,True,False,False,False,False,False,False,False
5069056,STATE_ARMED,11.8,0.0,89.0,0.0,0.0,0.0,4.5,0.5,0.5,5.0,13.0,46.0,79.0,75.5,18.0,0.0,0.0,45.0,1,46.501,6.6005,8500.0,450.0,0.0,10,4.5,45.0,8498.7,-12.3,8500.0,False,False,False,False,False,False,False,False,False,False,False,True,True,True,True,False,True,False,False,False,False,False,False,False
5069559,STATE_ARMED,11.8,0.0,89.0,0.0,0.0,0.0,4.5,0.5,0.5,5.0,13.0,46.0,79.0,75.5,18.0,0.0,0.0,45.0,1,46.501,6.6005,8500.0,450.0,0.0,10,4.5,45.0,8498.7,-12.3,8500.0,False,False,False,False,False,False,False,False,False,False,False,True,True,True,True,False,True,False,False,False,False,False,False,False
5070062,STATE_ARMED,11.8,0.0,89.0,0.0,0.0,0.0,4.5,0.5,0.5,5.0,13.0,46.0,79.0,75.5,18.0,0.0,0.0,45.0,1,46.501,6.6005,8500.0,450.0,0.0,10,4.5,45.0,8498.7,-12.3,8500.0,False,False,False,False,False,False,False,False,False,False,False,True,True,True,True,False,True,False,False,False,False,False,False,False
5070565,STATE_ARMED,11.8,0.0,89.0,0.0,0.0,0.0,4.5,0.5,0.5,5.0,13.0,46.0,79.0,75.5,18.0,0.0,0.0,45.0,1,46.501,6.6005,8500.0,450.0,0.0,10,4.5,45.0,8498.7,-12.3,8500.0,False,False,False,False,False,False,False,False,False,False,False,True,True,True,True,False,True,False,False,False,False,False,False,False
5071067,STATE_ARMED,11.8,0.0,89.0,0.0,0.0,0.0,4.5,0.5,0.5,5.0,13.0,46.0,79.0,75.5,18.0,0.0,0.0,45.0,1,46.501,6.6005,8500.0,450.0,0.0,10,4.5,45.0,8498.7,-12.3,8500.0,False,False,False,False,False,False,False,False,False,False,False,True,True,True,True,False,True,False,False,False,False,False,False,False
5071570,STATE_ARMED,11.8,0.0,89.0,0.0,0.0,0.0,4.5,0.5,0.5,5.0,13.0,46.0,79.0,75.5,18.0,0.0,0.0,45.0,1,46.501,6.6005,8500.0,450.0,0.0,10,4.5,45.0,8498.7,-12.3,8500.0,False,False,False,False,False,False,False,False,False,False,False,True,True,True,True,False,True,False,False,False,False,False,False,False
5072072,STATE_ARMED,11.8,0.0,89.0,0.0,0.0,0.0,4.5,0.5,0.5,5.0,13.0,46.0,79.0,75.5,18.0,0.0,0.0,45.0,1,46.501,6.6005,8500.0,450.0,0.0,10,4.5,45.0,8498.7,-12.3,8500.0,False,False,False,False,False,False,False,False,False,False,False,True,True,True,True,False,True,False,False,False,False,False,False,False
5072574,STATE_ARMED,11.8,0.0,89.0,0.0,0.0,0.0,4.5,0.5,0.5,5.0,13.0,46.0,79.0,75.5,18.0,0.0,0.0,45.0,1,46.501,6.6005,8500.0,450.0,0.0,10,4.5,45.0,8498.7,-12.3,8500.0,False,False,False,False,False,False,False,False,False,False,False,True,True,True,True,False,True,False,False,False,False,False,False,False
5073077,STATE_ARMED,11.8,0.0,89.0,0.0,0.0,0.0,4.5,0.5,0.5,5.0,13.0,46.0,79.0,75.5,18.0,0.0,0.0,45.0,1,46.501,6.6005,8500.0,450.0,0.0,10,4.5,45.0,8498.7,-12.3,8500.0,False,False,False,False,False,False,False,False,False,False,False,True,True,True,True,False,True,False,False,False,False,False,False,False
5073580,STATE_ARMED,11.8,0.0,89.0,0.0,0.0,0.0,4.5,0.5,0.5,5.0,13.0,46.0,79.0,75.5,18.0,0.0,0.0,45.0,1,46.501,6.6005,8500.0,450.0,0.0,10,4.5,45.0,8498.7,-12.3,8500.0,False,False,False,False,False,False,False,False,False,False,False,True,True,True,True,False,True,False,False,False,False,False,False,False
5074084,STATE_ARMED,11.8,0.0,89.0,0.0,0.0,0.0,4.5,0.5,0.5,5.0,13.0,46.0,79.0,75.5,18.0,0.0,0.0,45.0,1,46.501,6.6005,8500.0,450.0,0.0,10,4.5,45.0,8498.7,-12.3,8500.0,False,False,False,False,False,False,False,False,False,False,False,True,True,True,True,False,True,False,False,False,False,False,False,False
5074588,STATE_ARMED,11.8,0.0,89.0,0.0,0.0,0.0,4.5,0.5,0.5,5.0,13.0,46.0,79.0,75.5,18.0,0.0,0.0,45.0,1,46.501,6.6005,8500.0,450.0,0.0,10,4.5,45.0,8498.7,-12.3,8500.0,False,False,False,False,False,False,False,False,False,False,False,True,True,True,True,False,True,False,False,False,False,False,False,False
5075094,STATE_ARMED,11.8,0.0,89.0,0.0,0.0,0.0,4.5,0.5,0.5,5.0,13.0,46.0,79.0,75.5,18.0,0.0,0.0,45.0,1,46.501,6.6005,8500.0,450.0,0.0,10,4.5,45.0,8498.7,-12.3,8500.0,False,False,False,False,False,False,False,False,False,False,False,True,True,True,True,False,True,False,False,False,False,False,False,False
5075597,STATE_ARMED,11.8,0.0,89.0,0.0,0.0,0.0,4.5,0.5,0.5,5.0,13.0,46.0,79.0,75.5,18.0,0.0,0.0,45.0,1,46.501,6.6005,8500.0,450.0,0.0,10,4.5,45.0,8498.7,-12.3,8500.0,False,False,False,False,False,False,False,False,False,False,False,True,True,True,True,False,True,False,False,False,False,False,False,False
5076101,STATE_ARMED,11.8,0.0,89.0,0.0,0.0,0.0,4.5,0.5,0.5,5.0,13.0,46.0,79.0,75.5,18.0,0.0,0.0,45.0,1,46.501,6.6005,8500.0,450.0,0.0,10,4.5,45.0,8498.7,-12.3,8500.0,False,False,False,False,False,False,False,False,False,False,False,True,True,True,True,False,True,False,False,False,False,False,False,False
5076605,STATE_ARMED,11.8,0.0,89.0,0.0,0.0,0.0,4.5,0.5,0.5,5.0,13.0,46.0,79.0,75.5,18.0,0.0,0.0,45.0,1,46.501,6.6005,8500.0,450.0,0.0,10,4.5,45.0,8498.7,-12.3,8500.0,False,False,False,False,False,False,False,False,False,False,False,True,True,True,True,False,True,False,False,False,False,False,False,False
5077112,STATE_ARMED,11.8,0.0,89.0,0.0,0.0,0.0,4.5,0.5,0.5,5.0,13.0,46.0,79.0,75.5,18.0,0.0,0.0,45.0,1,46.501,6.6005,8500.0,450.0,0.0,10,4.5,45.0,8498.7,-12.3,8500.0,False,False,False,False,False,False,False,False,False,False,False,True,True,True,True,False,True,False,False,False,False,False,False,False
5077616,STATE_ARMED,11.8,0.0,89.0,0.0,0.0,0.0,4.5,0.5,0.5,5.0,13.0,46.0,79.0,75.5,18.0,0.0,0.0,45.0,1,46.501,6.6005,8500.0,450.0,0.0,10,4.5,45.0,8498.7,-12.3,8500.0,False,False,False,False,False,False,False,False,False,False,False,True,True,True,True,False,True,False,False,False,False,False,False,False
5078122,STATE_ARMED,11.8,0.0,89.0,0.0,0.0,0.0,4.5,0.5,0.5,5.0,13.0,46.0,79.0,75.5,18.0,0.0,0.0,45.0,1,46.501,6.6005,8500.0,450.0,0.0,10,4.5,45.0,8498.7,-12.3,8500.0,False,False,False,False,False,False,False,False,False,False,False,True,True,True,True,False,True,False,False,False,False,False,False,False
5078625,STATE_ARMED,11.8,0.0,89.0,0.0,0.0,0.0,4.5,0.5,0.5,5.0,13.0,46.0,79.0,75.5,18.0,0.0,0.0,45.0,1,46.501,6.6005,8500.0,450.0,0.0,10,4.5,45.0,8498.7,-12.3,8500.0,False,False,False,False,False,False,False,False,False,False,False,True,True,True,True,False,True,False,False,False,False,False,False,False
5079128,STATE_ARMED,11.8,0.0,89.0,0.0,0.0,0.0,4.5,0.5,0.5,5.0,13.0,46.0,79.0,75.5,18.0,0.0,0.0,45.0,1,46.501,6.6005,8500.0,450.0,0.0,10,4.5,45.0,8498.7,-12.3,8500.0,False,False,False,False,False,False,False,False,False,False,False,True,True,True,True,False,True,False,False,False,False,False,False,False
5079632,STATE_ARMED,11.8,0.0,89.0,0.0,0.0,0.0,4.5,0.5,0.5,5.0,13.0,46.0,79.0,75.5,18.0,0.0,0.0,45.0,1,46.501,6.6005,8500.0,450.0,0.0,10,4.5,45.0,8498.7,-12.3,8500.0,False,False,False,False,False,False,False,False,False,False,False,True,True,True,True,False,True,False,False,False,False,False,False,False
5080136,STATE_ARMED,11.8,0.0,89.0,0.0,0.0,0.0,4.5,0.5,0.5,5.0,13.0,46.0,79.0,75.5,18.0,0.0,0.0,45.0,1,46.501,6.6005,8500.0,450.0,0.0,10,4.5,45.0,8498.7,-12.3,8500.0,False,False,False,False,False,False,False,False,False,False,False,True,True,True,True,False,True,False,False,False,False,False,False,False
5080638,STATE_ARMED,11.8,0.0,89.0,0.0,0.0,0.0,4.5,0.5,0.5,5.0,13.0,46.0,79.0,75.5,18.0,0.0,0.0,45.0,1,46.501,6.6005,8500.0,450.0,0.0,10,4.5,45.0,8498.7,-12.3,8500.0,False,False,False,False,False,False,False,False,False,False,False,True,True,True,True,False,True,False,False,False,False,False,False,False
5081140,STATE_ARMED,11.8,0.0,89.0,0.0,0.0,0.0,4.5,0.5,0.5,5.0,13.0,46.0,79.0,75.5,18.0,0.0,0.0,45.0,1,46.501,6.6005,8500.0,450.0,0.0,10,4.5,45.0,8498.7,-12.3,8500.0,False,False,False,False,False,False,False,False,False,False,False,True,True,True,True,False,True,False,False,False,False,False,False,False
5081642,STATE_ARMED,11.8,0.0,89.0,0.0,0.0,0.0,4.5,0.5,0.5,5.0,13.0,46.0,79.0,75.5,18.0,0.0,0.0,45.0,1,46.501,6.6005,8500.0,450.0,0.0,10,4.5,45.0,8498.7,-12.3,8500.0,False,False,False,False,False,False,False,False,False,False,False,True,True,True,True,False,True,False,False,False,False,False,False,False
5082143,STATE_ARMED,11.8,0.0,89.0,0.0,0.0,0.0,4.5,0.5,0.5,5.0,13.0,46.0,79.0,75.5,18.0,0.0,0.0,45.0,1,46.501,6.6005,8500.0,450.0,0.0,10,4.5,45.0,8498.7,-12.3,8500.0,False,False,False,False,False,False,False,False,False,False,False,True,True,True,True,False,True,False,False,False,False,False,False,False
5082647,STATE_ARMED,11.8,0.0,89.0,0.0,0.0,0.0,4.5,0.5,0.5,5.0,13.0,46.0,79.0,75.5,18.0,0.0,0.0,45.0,1,46.501,6.6005,8500.0,450.0,0.0,10,4.5,45.0,8498.7,-12.3,8500.0,False,False,False,False,False,False,False,False,False,False,False,True,True,True,True,False,True,False,False,False,False,False,False,False
5083150,STATE_ARMED,11.8,0.0,89.0,0.0,0.0,0.0,4.5,0.5,0.5,5.0,13.0,46.0,79.0,75.5,18.0,0.0,0.0,45.0,1,46.501,6.6005,8500.0,450.0,0.0,10,4.5,45.0,8498.7,-12.3,8500.0,False,False,False,False,False,False,False,False,False,False,False,True,True,True,True,False,True,False,False,False,False,False,False,False
5083652,STATE_ARMED,11.8,0.0,89.0,0.0,0.0,0.0,4.5,0.5,0.5,5.0,13.0,46.0,79.0,75.5,18.0,0.0,0.0,45.0,1,46.501,6.6005,8500.0,450.0,0.0,10,4.5,45.0,8498.7,-12.3,8500.0,False,False,False,False,False,False,False,False,False,False,False,True,True,True,True,False,True,False,False,False,False,False,False,False
5084155,STATE_ARMED,11.8,0.0,89.0,0.0,0.0,0.0,4.5,0.5,0.5,5.0,13.0,46.0,79.0,75.5,18.0,0.0,0.0,45.0,1,46.501,6.6005,8500.0,450.0,0.0,10,4.5,45.0,8498.7,-12.3,8500.0,False,False,False,False,False,False,False,False,False,False,False,True,True,True,True,False,True,False,False,False,False,False,False,False
5084657,STATE_ARMED,11.8,0.0,89.0,0.0,0.0,0.0,4.5,0.5,0.5,5.0,13.0,46.0,79.0,75.5,18.0,0.0,0.0,45.0,1,46.501,6.6005,8500.0,450.0,0.0,10,4.5,45.0,8498.7,-12.3,8500.0,False,False,False,False,False,False,False,False,False,False,False,True,True,True,True,False,True,False,False,False,False,False,False,False
5085158,STATE_ARMED,11.8,0.0,89.0,0.0,0.0,0.0,4.5,0.5,0.5,5.0,13.0,46.0,79.0,75.5,18.0,0.0,0.0,45.0,1,46.501,6.6005,8500.0,450.0,0.0,10,4.5,45.0,8498.7,-12.3,8500.0,False,False,False,False,False,False,False,False,False,False,False,True,True,True,True,False,True,False,False,False,False,False,False,False
5085661,STATE_ARMED,11.8,0.0,89.0,0.0,0.0,0.0,4.5,0.5,0.5,5.0,13.0,46.0,79.0,75.5,18.0,0.0,0.0,45.0,1,46.501,6.6005,8500.0,450.0,0.0,10,4.5,45.0,8498.7,-12.3,8500.0,False,False,False,False,False,False,False,False,False,False,False,True,True,True,True,False,True,False,False,False,False,False,False,False
5086164,STATE_ARMED,11.8,0.0,89.0,0.0,0.0,0.0,4.5,0.5,0.5,5.0,13.0,46.0,79.0,75.5,18.0,0.0,0.0,45.0,1,46.501,6.6005,8500.0,450.0,0.0,10,4.5,45.0,8498.7,-12.3,8500.0,False,False,False,False,False,False,False,False,False,False,False,True,True,True,True,False,True,False,False,False,False,False,False,False
5086666,STATE_ARMED,11.8,0.0,89.0,0.0,0.0,0.0,4.5,0.5,0.5,5.0,13.0,46.0,79.0,75.5,18.0,0.0,0.0,45.0,1,46.501,6.6005,8500.0,450.0,0.0,10,4.5,45.0,8498.7,-12.3,8500.0,False,False,False,False,False,False,False,False,False,False,False,True,True,True,True,False,True,False,False,False,False,False,False,False
5087169,STATE_ARMED,11.8,0.0,89.0,0.0,0.0,0.0,4.5,0.5,0.5,5.0,13.0,46.0,79.0,75.5,18.0,0.0,0.0,45.0,1,46.501,6.6005,8500.0,450.0,0.0,10,4.5,45.0,8498.7,-12.3,8500.0,False,False,False,False,False,False,False,False,False,False,False,True,True,True,True,False,True,False,False,False,False,False,False,False
5087671,STATE_ARMED,11.8,0.0,89.0,0.0,0.0,0.0,4.5,0.5,0.5,5.0,13.0,46.0,79.0,75.5,18.0,0.0,0.0,45.0,1,46.501,6.6005,8500.0,450.0,0.0,10,4.5,45.0,8498.7,-12.3,8500.0,False,False,False,False,False,False,False,False,False,False,False,True,True,True,True,False,True,False,False,False,False,False,False,False
5088174,STATE_ARMED,11.8,0.0,89.0,0.0,0.0,0.0,4.5,0.5,0.5,5.0,13.0,46.0,79.0,75.5,18.0,0.0,0.0,45.0,1,46.501,6.6005,8500.0,450.0,0.0,10,4.5,45.0,8498.7,-12.3,8500.0,False,False,False,False,False,False,False,False,False,False,False,True,True,True,True,False,True,False,False,False,False,False,False,False
5088678,STATE_ARMED,11.8,0.0,89.0,0.0,0.0,0.0,4.5,0.5,0.5,5.0,13.0,46.0,79.0,75.5,18.0,0.0,0.0,45.0,1,46.501,6.6005,8500.0,450.0,0.0,10,4.5,45.0,8498.7,-12.3,8500.0,False,False,False,False,False,False,False,False,False,False,False,True,True,True,True,False,True,False,False,False,False,False,False,False
5089184,STATE_ARMED,11.8,0.0,89.0,0.0,0.0,0.0,4.5,0.5,0.5,5.0,13.0,46.0,79.0,75.5,18.0,0.0,0.0,45.0,1,46.501,6.6005,8500.0,450.0,0.0,10,4.5,45.0,8498.7,-12.3,8500.0,False,False,False,False,False,False,False,False,False,False,False,True,True,True,True,False,True,False,False,False,False,False,False,False
5089686,STATE_ARMED,11.8,0.0,89.0,0.0,0.0,0.0,4.5,0.5,0.5,5.0,13.0,46.0,79.0,75.5,18.0,0.0,0.0,45.0,1,46.501,6.6005,8500.0,450.0,0.0,10,4.5,45.0,8498.7,-12.3,8500.0,False,False,False,False,False,False,False,False,False,False,False,True,True,True,True,False,True,False,False,False,False,False,False,False
5090192,STATE_ARMED,11.8,0.0,89.0,0.0,0.0,0.0,4.5,0.5,0.5,5.0,13.0,46.0,79.0,75.5,18.0,0.0,0.0,45.0,1,46.501,6.6005,8500.0,450.0,0.0,10,4.5,45.0,8498.7,-12.3,8500.0,False,False,False,False,False,False,False,False,False,False,False,True,True,True,True,False,True,False,False,False,False,False,False,False
5090694,STATE_ARMED,11.8,0.0,89.0,0.0,0.0,0.0,4.5,0.5,0.5,5.0,13.0,46.0,79.0,75.5,18.0,0.0,0.0,45.0,1,46.501,6.6005,8500.0,450.0,0.0,10,4.5,45.0,8498.7,-12.3,8500.0,False,False,False,False,False,False,False,False,False,False,False,True,True,True,True,False,True,False,False,False,False,False,False,False
5091200,STATE_ARMED,11.8,0.0,89.0,0.0,0.0,0.0,4.5,0.5,0.5,5.0,13.0,46.0,79.0,75.5,18.0,0.0,0.0,45.0,1,46.501,6.6005,8500.0,450.0,0.0,10,4.5,45.0,8498.7,-12.3,8500.0,False,False,False,False,False,False,False,False,False,False,False,True,True,True,True,False,True,False,False,False,False,False,False,False
5091702,STATE_ARMED,11.8,0.0,89.0,0.0,0.0,0.0,4.5,0.5,0.5,5.0,13.0,46.0,79.0,75.5,18.0,0.0,0.0,45.0,1,46.501,6.6005,8500.0,450.0,0.0,10,4.5,45.0,8498.7,-12.3,8500.0,False,False,False,False,False,False,False,False,False,False,False,True,True,True,True,False,True,False,False,False,False,False,False,False
5092208,STATE_ARMED,11.8,0.0,89.0,0.0,0.0,0.0,4.5,0.5,0.5,5.0,13.0,46.0,79.0,75.5,18.0,0.0,0.0,45.0,1,46.501,6.6005,8500.0,450.0,0.0,10,4.5,45.0,8498.7,-12.3,8500.0,False,False,False,False,False,False,False,False,False,False,False,True,True,True,True,False,True,False,False,False,False,False,False,False
5092710,STATE_ARMED,11.8,0.0,89.0,0.0,0.0,0.0,4.5,0.5,0.5,5.0,13.0,46.0,79.0,75.5,18.0,0.0,0.0,45.0,1,46.501,6.6005,8500.0,450.0,0.0,10,4.5,45.0,8498.7,-12.3,8500.0,False,False,False,False,False,False,False,False,False,False,False,True,True,True,True,False,True,False,False,False,False,False,False,False
5093213,STATE_ARMED,11.8,0.0,89.0,0.0,0.0,0.0,4.5,0.5,0.5,5.0,13.0,46.0,79.0,75.5,18.0,0.0,0.0,45.0,1,46.501,6.6005,8500.0,450.0,0.0,10,4.5,45.0,8498.7,-12.3,8500.0,False,False,False,False,False,False,False,False,False,False,False,True,True,True,True,False,True,False,False,False,False,False,False,False
5093715,STATE_ARMED,11.8,0.0,89.0,0.0,0.0,0.0,4.5,0.5,0.5,5.0,13.0,46.0,79.0,75.5,18.0,0.0,0.0,45.0,1,46.501,6.6005,8500.0,450.0,0.0,10,4.5,45.0,8498.7,-12.3,8500.0,False,False,False,False,False,False,False,False,False,False,False,True,True,True,True,False,True,False,False,False,False,False,False,False
5094217,STATE_ARMED,11.8,0.0,89.0,0.0,0.0,0.0,4.5,0.5,0.5,5.0,13.0,46.0,79.0,75.5,18.0,0.0,0.0,45.0,1,46.501,6.6005,8500.0,450.0,0.0,10,4.5,45.0,8498.7,-12.3,8500.0,False,False,False,False,False,False,False,False,False,False,False,True,True,True,True,False,True,False,False,False,False,False,False,False
5094720,STATE_ARMED,11.8,0.0,89.0,0.0,0.0,0.0,4.5,0.5,0.5,5.0,13.0,46.0,79.0,75.5,18.0,0.0,0.0,45.0,1,46.501,6.6005,8500.0,450.0,0.0,10,4.5,45.0,8498.7,-12.3,8500.0,False,False,False,False,False,False,False,False,False,False,False,True,True,True,True,False,True,False,False,False,False,False,False,False
5095222,STATE_ARMED,11.8,0.0,89.0,0.0,0.0,0.0,4.5,0.5,0.5,5.0,13.0,46.0,79.0,75.5,18.0,0.0,0.0,45.0,1,46.501,6.6005,8500.0,450.0,0.0,10,4.5,45.0,8498.7,-12.3,8500.0,False,False,False,False,False,False,False,False,False,False,False,True,True,True,True,False,True,False,False,False,False,False,False,False
5095728,STATE_ARMED,11.8,0.0,89.0,0.0,0.0,0.0,4.5,0.5,0.5,5.0,13.0,46.0,79.0,75.5,18.0,0.0,0.0,45.0,1,46.501,6.6005,8500.0,450.0,0.0,10,4.5,45.0,8498.7,-12.3,8500.0,False,False,False,False,False,False,False,False,False,False,False,True,True,True,True,False,True,False,False,False,False,False,False,False
5096231,STATE_ARMED,11.8,0.0,89.0,0.0,0.0,0.0,4.5,0.5,0.5,5.0,13.0,46.0,79.0,75.5,18.0,0.0,0.0,45.0,1,46.501,6.6005,8500.0,450.0,0.0,10,4.5,45.0,8498.7,-12.3,8500.0,False,False,False,False,False,False,False,False,False,False,False,True,True,True,True,False,True,False,False,False,False,False,False,False
5096738,STATE_ARMED,11.8,0.0,89.0,0.0,0.0,0.0,4.5,0.5,0.5,5.0,13.0,46.0,79.0,75.5,18.0,0.0,0.0,45.0,1,46.501,6.6005,8500.0,450.0,0.0,10,4.5,45.0,8498.7,-12.3,8500.0,False,False,False,False,False,False,False,False,False,False,False,True,True,True,True,False,True,False,False,False,False,False,False,False
5097241,STATE_ARMED,11.8,0.0,89.0,0.0,0.0,0.0,4.5,0.5,0.5,5.0,13.0,46.0,79.0,75.5,18.0,0.0,0.0,45.0,1,46.501,6.6005,8500.0,450.0,0.0,10,4.5,45.0,8498.7,-12.3,8500.0,False,False,False,False,False,False,False,False,False,False,False,True,True,True,True,False,True,False,False,False,False,False,False,False
5097748,STATE_ARMED,11.8,0.0,89.0,0.0,0.0,0.0,4.5,0.5,0.5,5.0,13.0,46.0,79.0,75.5,18.0,0.0,0.0,45.0,1,46.501,6.6005,8500.0,450.0,0.0,10,4.5,45.0,8498.7,-12.3,8500.0,False,False,False,False,False,False,False,False,False,False,False,True,True,True,True,False,True,False,False,False,False,False,False,False
5098253,STATE_ARMED,11.8,0.0,89.0,0.0,0.0,0.0,4.5,0.5,0.5,5.0,13.0,46.0,79.0,75.5,18.0,0.0,0.0,45.0,1,46.501,6.6005,8500.0,450.0,0.0,10,4.5,45.0,8498.7,-12.3,8500.0,False,False,False,False,False,False,False,False,False,False,False,True,True,True,True,False,True,False,False,False,False,False,False,False
5098757,STATE_ARMED,11.8,0.0,89.0,0.0,0.0,0.0,4.5,0.5,0.5,5.0,13.0,46.0,79.0,75.5,18.0,0.0,0.0,45.0,1,46.501,6.6005,8500.0,450.0,0.0,10,4.5,45.0,8498.7,-12.3,8500.0,False,False,False,False,False,False,False,False,False,False,False,True,True,True,True,False,True,False,False,False,False,False,False,False
5099263,STATE_ARMED,11.8,0.0,89.0,0.0,0.0,0.0,4.5,0.5,0.5,5.0,13.0,46.0,79.0,75.5,18.0,0.0,0.0,45.0,1,46.501,6.6005,8500.0,450.0,0.0,10,4.5,45.0,8498.7,-12.3,8500.0,False,False,False,False,False,False,False,False,False,False,False,True,True,True,True,False,True,False,False,False,False,False,False,False
5099768,STATE_ARMED,11.8,0.0,89.0,0.0,0.0,0.0,4.5,0.5,0.5,5.0,13.0,46.0,79.0,75.5,18.0,0.0,0.0,45.0,1,46.501,6.6005,8500.0,450.0,0.0,10,4.5,45.0,8498.7,-12.3,8500.0,False,False,False,False,False,False,False,False,False,False,False,True,True,True,True,False,True,False,False,False,False,False,False,False
5100271,STATE_ARMED,11.8,0.0,89.0,0.0,0.0,0.0,4.5,0.5,0.5,5.0,13.0,46.0,79.0,75.5,18.0,0.0,0.0,45.0,1,46.501,6.6005,8500.0,450.0,0.0,10,4.5,45.0,8498.7,-12.3,8500.0,False,False,False,False,False,False,False,False,False,False,False,True,True,True,True,False,True,False,False,False,False,False,False,False
5100774,STATE_ARMED,11.8,0.0,89.0,0.0,0.0,0.0,4.5,0.5,0.5,5.0,13.0,46.0,79.0,75.5,18.0,0.0,0.0,45.0,1,46.501,6.6005,8500.0,450.0,0.0,10,4.5,45.0,8498.7,-12.3,8500.0,False,False,False,False,False,False,False,False,False,False,False,True,True,True,True,False,True,False,False,False,False,False,False,False
5101276,STATE_ARMED,11.8,0.0,89.0,0.0,0.0,0.0,4.5,0.5,0.5,5.0,13.0,46.0,79.0,75.5,18.0,0.0,0.0,45.0,1,46.501,6.6005,8500.0,450.0,0.0,10,4.5,45.0,8498.7,-12.3,8500.0,False,False,False,False,False,False,False,False,False,False,False,True,True,True,True,False,True,False,False,False,False,False,False,False
5101780,STATE_ARMED,11.8,0.0,89.0,0.0,0.0,0.0,4.5,0.5,0.5,5.0,13.0,46.0,79.0,75.5,18.0,0.0,0.0,45.0,1,46.501,6.6005,8500.0,450.0,0.0,10,4.5,45.0,8498.7,-12.3,8500.0,False,False,False,False,False,False,False,False,False,False,False,True,True,True,True,False,True,False,False,False,False,False,False,False
5102289,STATE_ARMED,11.8,0.0,89.0,0.0,0.0,0.0,4.5,0.5,0.5,5.0,13.0,46.0,79.0,75.5,18.0,0.0,0.0,45.0,1,46.501,6.6005,8500.0,450.0,0.0,10,4.5,45.0,8498.7,-12.3,8500.0,False,False,False,False,False,False,False,False,False,False,False,True,True,True,True,False,True,False,False,False,False,False,False,False
5102796,STATE_ARMED,11.8,0.0,89.0,0.0,0.0,0.0,4.5,0.5,0.5,5.0,13.0,46.0,79.0,75.5,18.0,0.0,0.0,45.0,1,46.501,6.6005,8500.0,450.0,0.0,10,4.5,45.0,8498.7,-12.3,8500.0,False,False,False,False,False,False,False,False,False,False,False,True,True,True,True,False,True,False,False,False,False,False,False,False
5103301,STATE_ARMED,11.8,0.0,89.0,0.0,0.0,0.0,4.5,0.5,0.5,5.0,13.0,46.0,79.0,75.5,18.0,0.0,0.0,45.0,1,46.501,6.6005,8500.0,450.0,0.0,10,4.5,45.0,8498.7,-12.3,8500.0,False,False,False,False,False,False,False,False,False,False,False,True,True,True,True,False,True,False,False,False,False,False,False,False
5103804,STATE_ARMED,11.8,0.0,89.0,0.0,0.0,0.0,4.5,0.5,0.5,5.0,13.0,46.0,79.0,75.5,18.0,0.0,0.0,45.0,1,46.501,6.6005,8500.0,450.0,0.0,10,4.5,45.0,8498.7,-12.3,8500.0,False,False,False,False,False,False,False,False,False,False,False,True,True,True,True,False,True,False,False,False,False,False,False,False
5104307,STATE_ARMED,11.8,0.0,89.0,0.0,0.0,0.0,4.5,0.5,0.5,5.0,13.0,46.0,79.0,75.5,18.0,0.0,0.0,45.0,1,46.501,6.6005,8500.0,450.0,0.0,10,4.5,45.0,8498.7,-12.3,8500.0,False,False,False,False,False,False,False,False,False,False,False,True,True,True,True,False,True,False,False,False,False,False,False,False
5104809,STATE_ARMED,11.8,0.0,89.0,0.0,0.0,0.0,4.5,0.5,0.5,5.0,13.0,46.0,79.0,75.5,18.0,0.0,0.0,45.0,1,46.501,6.6005,8500.0,450.0,0.0,10,4.5,45.0,8498.7,-12.3,8500.0,False,False,False,False,False,False,False,False,False,False,False,True,True,True,True,False,True,False,False,False,False,False,False,False
5105312,STATE_ARMED,11.8,0.0,89.0,0.0,0.0,0.0,4.5,0.5,0.5,5.0,13.0,46.0,79.0,75.5,18.0,0.0,0.0,45.0,1,46.501,6.6005,8500.0,450.0,0.0,10,4.5,45.0,8498.7,-12.3,8500.0,False,False,False,False,False,False,False,False,False,False,False,True,True,True,True,False,True,False,False,False,False,False,False,False
5105815,STATE_ARMED,11.8,0.0,89.0,0.0,0.0,0.0,4.5,0.5,0.5,5.0,13.0,46.0,79.0,75.5,18.0,0.0,0.0,45.0,1,46.501,6.6005,8500.0,450.0,0.0,10,4.5,45.0,8498.7,-12.3,8500.0,False,False,False,False,False,False,False,False,False,False,False,True,True,True,True,False,True,False,False,False,False,False,False,False
5106317,STATE_ARMED,11.8,0.0,89.0,0.0,0.0,0.0,4.5,0.5,0.5,5.0,13.0,46.0,79.0,75.5,18.0,0.0,0.0,45.0,1,46.501,6.6005,8500.0,450.0,0.0,10,4.5,45.0,8498.7,-12.3,8500.0,False,False,False,False,False,False,False,False,False,False,False,True,True,True,True,False,True,False,False,False,False,False,False,False
5106820,STATE_ARMED,11.8,0.0,89.0,0.0,0.0,0.0,4.5,0.5,0.5,5.0,13.0,46.0,79.0,75.5,18.0,0.0,0.0,45.0,1,46.501,6.6005,8500.0,450.0,0.0,10,4.5,45.0,8498.7,-12.3,8500.0,False,False,False,False,False,False,False,False,False,False,False,True,True,True,True,False,True,False,False,False,False,False,False,False
5107323,STATE_ARMED,11.8,0.0,89.0,0.0,0.0,0.0,4.5,0.5,0.5,5.0,13.0,46.0,79.0,75.5,18.0,0.0,0.0,45.0,1,46.501,6.6005,8500.0,450.0,0.0,10,4.5,45.0,8498.7,-12.3,8500.0,False,False,False,False,False,False,False,False,False,False,False,True,True,True,True,False,True,False,False,False,False,False,False,False
5107828,STATE_ARMED,11.8,0.0,89.0,0.0,0.0,0.0,4.5,0.5,0.5,5.0,13.0,46.0,79.0,75.5,18.0,0.0,0.0,45.0,1,46.501,6.6005,8500.0,450.0,0.0,10,4.5,45.0,8498.7,-12.3,8500.0,False,False,False,False,False,False,False,False,False,False,False,True,True,True,True,False,True,False,False,False,False,False,False,False
5108331,STATE_ARMED,11.8,0.0,89.0,0.0,0.0,0.0,4.5,0.5,0.5,5.0,13.0,46.0,79.0,75.5,18.0,0.0,0.0,45.0,1,46.501,6.6005,8500.0,450.0,0.0,10,4.5,45.0,8498.7,-12.3,8500.0,False,False,False,False,False,False,False,False,False,False,False,True,True,True,True,False,True,False,False,False,False,False,False,False
5108834,STATE_ARMED,11.8,0.0,89.0,0.0,0.0,0.0,4.5,0.5,0.5,5.0,13.0,46.0,79.0,75.5,18.0,0.0,0.0,45.0,1,46.501,6.6005,8500.0,450.0,0.0,10,4.5,45.0,8498.7,-12.3,8500.0,False,False,False,False,False,False,False,False,False,False,False,True,True,True,True,False,True,False,False,False,False,False,False,False
5109336,STATE_ARMED,11.8,0.0,89.0,0.0,0.0,0.0,4.5,0.5,0.5,5.0,13.0,46.0,79.0,75.5,18.0,0.0,0.0,45.0,1,46.501,6.6005,8500.0,450.0,0.0,10,4.5,45.0,8498.7,-12.3,8500.0,False,False,False,False,False,False,False,False,False,False,False,True,True,True,True,False,True,False,False,False,False,False,False,False
5109838,STATE_ARMED,11.8,0.0,89.0,0.0,0.0,0.0,4.5,0.5,0.5,5.0,13.0,46.0,79.0,75.5,18.0,0.0,0.0,45.0,1,46.501,6.6005,8500.0,450.0,0.0,10,4.5,45.0,8498.7,-12.3,8500.0,False,False,False,False,False,False,False,False,False,False,False,True,True,True,True,False,True,False,False,False,False,False,False,False
5110340,STATE_ARMED,11.8,0.0,89.0,0.0,0.0,0.0,4.5,0.5,0.5,5.0,13.0,46.0,79.0,75.5,18.0,0.0,0.0,45.0,1,46.501,6.6005,8500.0,450.0,0.0,10,4.5,45.0,8498.7,-12.3,8500.0,False,False,False,False,False,False,False,False,False,False,False,True,True,True,True,False,True,False,False,False,False,False,False,False
5110843,STATE_ARMED,11.8,0.0,89.0,0.0,0.0,0.0,4.5,0.5,0.5,5.0,13.0,46.0,79.0,75.5,18.0,0.0,0.0,45.0,1,46.501,6.6005,8500.0,450.0,0.0,10,4.5,45.0,8498.7,-12.3,8500.0,False,False,False,False,False,False,False,False,False,False,False,True,True,True,True,False,True,False,False,False,False,False,False,False
5111346,STATE_ARMED,11.8,0.0,89.0,0.0,0.0,0.0,4.5,0.5,0.5,5.0,13.0,46.0,79.0,75.5,18.0,0.0,0.0,45.0,1,46.501,6.6005,8500.0,450.0,0.0,10,4.5,45.0,8498.7,-12.3,8500.0,False,False,False,False,False,False,False,False,False,False,False,True,True,True,True,False,True,False,False,False,False,False,False,False
5111847,STATE_ARMED,11.8,0.0,89.0,0.0,0.0,0.0,4.5,0.5,0.5,5.0,13.0,46.0,79.0,75.5,18.0,0.0,0.0,45.0,1,46.501,6.6005,8500.0,450.0,0.0,10,4.5,45.0,8498.7,-12.3,8500.0,False,False,False,False,False,False,False,False,False,False,False,True,True,True,True,False,True,False,False,False,False,False,False,False
5112352,STATE_ARMED,11.8,0.0,89.0,0.0,0.0,0.0,4.5,0.5,0.5,5.0,13.0,46.0,79.0,75.5,18.0,0.0,0.0,45.0,1,46.501,6.6005,8500.0,450.0,0.0,10,4.5,45.0,8498.7,-12.3,8500.0,False,False,False,False,False,False,False,False,False,False,False,True,True,True,True,False,True,False,False,False,False,False,False,False
5112857,STATE_ARMED,11.8,0.0,89.0,0.0,0.0,0.0,4.5,0.5,0.5,5.0,13.0,46.0,79.0,75.5,18.0,0.0,0.0,45.0,1,46.501,6.6005,8500.0,450.0,0.0,10,4.5,45.0,8498.7,-12.3,8500.0,False,False,False,False,False,False,False,False,False,False,False,True,True,True,True,False,True,False,False,False,False,False,False,False
5113360,STATE_ARMED,11.8,0.0,89.0,0.0,0.0,0.0,4.5,0.5,0.5,5.0,13.0,46.0,79.0,75.5,18.0,0.0,0.0,45.0,1,46.501,6.6005,8500.0,450.0,0.0,10,4.5,45.0,8498.7,-12.3,8500.0,False,False,False,False,False,False,False,False,False,False,False,True,True,True,True,False,True,False,False,False,False,False,False,False
5113866,STATE_ARMED,11.8,0.0,89.0,0.0,0.0,0.0,4.5,0.5,0.5,5.0,13.0,46.0,79.0,75.5,18.0,0.0,0.0,45.0,1,46.501,6.6005,8500.0,450.0,0.0,10,4.5,45.0,8498.7,-12.3,8500.0,False,False,False,False,False,False,False,False,False,False,False,True,True,True,True,False,True,False,False,False,False,False,False,False
5114369,STATE_ARMED,11.8,0.0,89.0,0.0,0.0,0.0,4.5,0.5,0.5,5.0,13.0,46.0,79.0,75.5,18.0,0.0,0.0,45.0,1,46.501,6.6005,8500.0,450.0,0.0,10,4.5,45.0,8498.7,-12.3,8500.0,False,False,False,False,False,False,False,False,False,False,False,True,True,True,True,False,True,False,False,False,False,False,False,False
5114874,STATE_ARMED,11.8,0.0,89.0,0.0,0.0,0.0,4.5,0.5,0.5,5.0,13.0,46.0,79.0,75.5,18.0,0.0,0.0,45.0,1,46.501,6.6005,8500.0,450.0,0.0,10,4.5,45.0,8498.7,-12.3,8500.0,False,False,False,False,False,False,False,False,False,False,False,True,True,True,True,False,True,False,False,False,False,False,False,False
5115377,STATE_ARMED,11.8,0.0,89.0,0.0,0.0,0.0,4.5,0.5,0.5,5.0,13.0,46.0,79.0,75.5,18.0,0.0,0.0,45.0,1,46.501,6.6005,8500.0,450.0,0.0,10,4.5,45.0,8498.7,-12.3,8500.0,False,False,False,False,False,False,False,False,False,False,False,True,True,True,True,False,True,False,False,False,False,False,False,False
5115884,STATE_ARMED,11.8,0.0,89.0,0.0,0.0,0.0,4.5,0.5,0.5,5.0,13.0,46.0,79.0,75.5,18.0,0.0,0.0,45.0,1,46.501,6.6005,8500.0,450.0,0.0,10,4.5,45.0,8498.7,-12.3,8500.0,False,False,False,False,False,False,False,False,False,False,False,True,True,True,True,False,True,False,False,False,False,False,False,False
5116386,STATE_ARMED,11.8,0.0,89.0,0.0,0.0,0.0,4.5,0.5,0.5,5.0,13.0,46.0,79.0,75.5,18.0,0.0,0.0,45.0,1,46.501,6.6005,8500.0,450.0,0.0,10,4.5,45.0,8498.7,-12.3,8500.0,False,False,False,False,False,False,False,False,False,False,False,True,True,True,True,False,True,False,False,False,False,False,False,False
5116888,STATE_ARMED,11.8,0.0,89.0,0.0,0.0,0.0,4.5,0.5,0.5,5.0,13.0,46.0,79.0,75.5,18.0,0.0,0.0,45.0,1,46.501,6.6005,8500.0,450.0,0.0,10,4.5,45.0,8498.7,-12.3,8500.0,False,False,False,False,False,False,False,False,False,False,False,True,True,True,True,False,True,False,False,False,False,False,False,False
5117392,STATE_ARMED,11.8,0.0,89.0,0.0,0.0,0.0,4.5,0.5,0.5,5.0,13.0,46.0,79.0,75.5,18.0,0.0,0.0,45.0,1,46.501,6.6005,8500.0,450.0,0.0,10,4.5,45.0,8498.7,-12.3,8500.0,False,False,False,False,False,False,False,False,False,False,False,True,True,True,True,False,True,False,False,False,False,False,False,False
5117895,STATE_ARMED,11.8,0.0,89.0,0.0,0.0,0.0,4.5,0.5,0.5,5.0,13.0,46.0,79.0,75.5,18.0,0.0,0.0,45.0,1,46.501,6.6005,8500.0,450.0,0.0,10,4.5,45.0,8498.7,-12.3,8500.0,False,False,False,False,False,False,False,False,False,False,False,True,True,True,True,False,True,False,False,False,False,False,False,False
5118396,STATE_ARMED,11.8,0.0,89.0,0.0,0.0,0.0,4.5,0.5,0.5,5.0,13.0,46.0,79.0,75.5,18.0,0.0,0.0,45.0,1,46.501,6.6005,8500.0,450.0,0.0,10,4.5,45.0,8498.7,-12.3,8500.0,False,False,False,False,False,False,False,False,False,False,False,True,True,True,True,False,True,False,False,False,False,False,False,False
5118899,STATE_ARMED,11.8,0.0,89.0,0.0,0.0,0.0,4.5,0.5,0.5,5.0,13.0,46.0,79.0,75.5,18.0,0.0,0.0,45.0,1,46.501,6.6005,8500.0,450.0,0.0,10,4.5,45.0,8498.7,-12.3,8500.0,False,False,False,False,False,False,False,False,False,False,False,True,True,True,True,False,True,False,False,False,False,False,False,False
5119401,STATE_ARMED,11.8,0.0,89.0,0.0,0.0,0.0,4.5,0.5,0.5,5.0,13.0,46.0,79.0,75.5,18.0,0.0,0.0,45.0,1,46.501,6.6005,8500.0,450.0,0.0,10,4.5,45.0,8498.7,-12.3,8500.0,False,False,False,False,False,False,False,False,False,False,False,True,True,True,True,False,True,False,False,False,False,False,False,False
5119908,STATE_ARMED,11.8,0.0,89.0,0.0,0.0,0.0,4.5,0.5,0.5,5.0,13.0,46.0,79.0,75.5,18.0,0.0,0.0,45.0,1,46.501,6.6005,8500.0,450.0,0.0,10,4.5,45.0,8498.7,-12.3,8500.0,False,False,False,False,False,False,False,False,False,False,False,True,True,True,True,False,True,False,False,False,False,False,False,False
5120416,STATE_ARMED,11.8,0.0,89.0,0.0,0.0,0.0,4.5,0.5,0.5,5.0,13.0,46.0,79.0,75.5,18.0,0.0,0.0,45.0,1,46.501,6.6005,8500.0,450.0,0.0,10,4.5,45.0,8498.7,-12.3,8500.0,False,False,False,False,False,False,False,False,False,False,False,True,True,True,True,False,True,False,False,False,False,False,False,False
5120917,STATE_ARMED,11.8,0.0,89.0,0.0,0.0,0.0,4.5,0.5,0.5,5.0,13.0,46.0,79.0,75.5,18.0,0.0,0.0,45.0,1,46.501,6.6005,8500.0,450.0,0.0,10,4.5,45.0,8498.7,-12.3,8500.0,False,False,False,False,False,False,False,False,False,False,False,True,True,True,True,False,True,False,False,False,False,False,False,False
5121419,STATE_ARMED,11.8,0.0,89.0,0.0,0.0,0.0,4.5,0.5,0.5,5.0,13.0,46.0,79.0,75.5,18.0,0.0,0.0,45.0,1,46.501,6.6005,8500.0,450.0,0.0,10,4.5,45.0,8498.7,-12.3,8500.0,False,False,False,False,False,False,False,False,False,False,False,True,True,True,True,False,True,False,False,False,False,False,False,False
5121926,STATE_ARMED,11.8,0.0,89.0,0.0,0.0,0.0,4.5,0.5,0.5,5.0,13.0,46.0,79.0,75.5,18.0,0.0,0.0,45.0,1,46.501,6.6005,8500.0,450.0,0.0,10,4.5,45.0,8498.7,-12.3,8500.0,False,False,False,False,False,False,False,False,False,False,False,True,True,True,True,False,True,False,False,False,False,False,False,False
5122427,STATE_ARMED,11.8,0.0,89.0,0.0,0.0,0.0,4.5,0.5,0.5,5.0,13.0,46.0,79.0,75.5,18.0,0.0,0.0,45.0,1,46.501,6.6005,8500.0,450.0,0.0,10,4.5,45.0,8498.7,-12.3,8500.0,False,False,False,False,False,False,False,False,False,False,False,True,True,True,True,False,True,False,False,False,False,False,False,False
5122930,STATE_ARMED,11.8,0.0,89.0,0.0,0.0,0.0,4.5,0.5,0.5,5.0,13.0,46.0,79.0,75.5,18.0,0.0,0.0,45.0,1,46.501,6.6005,8500.0,450.0,0.0,10,4.5,45.0,8498.7,-12.3,8500.0,False,False,False,False,False,False,False,False,False,False,False,True,True,True,True,False,True,False,False,False,False,False,False,False
5123434,STATE_ARMED,11.8,0.0,89.0,0.0,0.0,0.0,4.5,0.5,0.5,5.0,13.0,46.0,79.0,75.5,18.0,0.0,0.0,45.0,1,46.501,6.6005,8500.0,450.0,0.0,10,4.5,45.0,8498.7,-12.3,8500.0,False,False,False,False,False,False,False,False,False,False,False,True,True,True,True,False,True,False,False,False,False,False,False,False
5123938,STATE_ARMED,11.8,0.0,89.0,0.0,0.0,0.0,4.5,0.5,0.5,5.0,13.0,46.0,79.0,75.5,18.0,0.0,0.0,45.0,1,46.501,6.6005,8500.0,450.0,0.0,10,4.5,45.0,8498.7,-12.3,8500.0,False,False,False,False,False,False,False,False,False,False,False,True,True,True,True,False,True,False,False,False,False,False,False,False
5124440,STATE_ARMED,11.8,0.0,89.0,0.0,0.0,0.0,4.5,0.5,0.5,5.0,13.0,46.0,79.0,75.5,18.0,0.0,0.0,45.0,1,46.501,6.6005,8500.0,450.0,0.0,10,4.5,45.0,8498.7,-12.3,8500.0,False,False,False,False,False,False,False,False,False,False,False,True,True,True,True,False,True,False,False,False,False,False,False,False
5124942,STATE_ARMED,11.8,0.0,89.0,0.0,0.0,0.0,4.5,0.5,0.5,5.0,13.0,46.0,79.0,75.5,18.0,0.0,0.0,45.0,1,46.501,6.6005,8500.0,450.0,0.0,10,4.5,45.0,8498.7,-12.3,8500.0,False,False,False,False,False,False,False,False,False,False,False,True,True,True,True,False,True,False,False,False,False,False,False,False
5125444,STATE_ARMED,11.8,0.0,89.0,0.0,0.0,0.0,4.5,0.5,0.5,5.0,13.0,46.0,79.0,75.5,18.0,0.0,0.0,45.0,1,46.501,6.6005,8500.0,450.0,0.0,10,4.5,45.0,8498.7,-12.3,8500.0,False,False,False,False,False,False,False,False,False,False,False,True,True,True,True,False,True,False,False,False,False,False,False,False
5125947,STATE_ARMED,11.8,0.0,89.0,0.0,0.0,0.0,4.5,0.5,0.5,5.0,13.0,46.0,79.0,75.5,18.0,0.0,0.0,45.0,1,46.501,6.6005,8500.0,450.0,0.0,10,4.5,45.0,8498.7,-12.3,8500.0,False,False,False,False,False,False,False,False,False,False,False,True,True,True,True,False,True,False,False,False,False,False,False,False
5126450,STATE_ARMED,11.8,0.0,89.0,0.0,0.0,0.0,4.5,0.5,0.5,5.0,13.0,46.0,79.0,75.5,18.0,0.0,0.0,45.0,1,46.501,6.6005,8500.0,450.0,0.0,10,4.5,45.0,8498.7,-12.3,8500.0,False,False,False,False,False,False,False,False,False,False,False,True,True,True,True,False,True,False,False,False,False,False,False,False
5126952,STATE_ARMED,11.8,0.0,89.0,0.0,0.0,0.0,4.5,0.5,0.5,5.0,13.0,46.0,79.0,75.5,18.0,0.0,0.0,45.0,1,46.501,6.6005,8500.0,450.0,0.0,10,4.5,45.0,8498.7,-12.3,8500.0,False,False,False,False,False,False,False,False,False,False,False,True,True,True,True,False,True,False,False,False,False,False,False,False
5127453,STATE_ARMED,11.8,0.0,89.0,0.0,0.0,0.0,4.5,0.5,0.5,5.0,13.0,46.0,79.0,75.5,18.0,0.0,0.0,45.0,1,46.501,6.6005,8500.0,450.0,0.0,10,4.5,45.0,8498.7,-12.3,8500.0,False,False,False,False,False,False,False,False,False,False,False,True,True,True,True,False,True,False,False,False,False,False,False,False
5127957,STATE_ARMED,11.8,0.0,89.0,0.0,0.0,0.0,4.5,0.5,0.5,5.0,13.0,46.0,79.0,75.5,18.0,0.0,0.0,45.0,1,46.501,6.6005,8500.0,450.0,0.0,10,4.5,45.0,8498.7,-12.3,8500.0,False,False,False,False,False,False,False,False,False,False,False,True,True,True,True,False,True,False,False,False,False,False,False,False
5128460,STATE_ARMED,11.8,0.0,89.0,0.0,0.0,0.0,4.5,0.5,0.5,5.0,13.0,46.0,79.0,75.5,18.0,0.0,0.0,45.0,1,46.501,6.6005,8500.0,450.0,0.0,10,4.5,45.0,8498.7,-12.3,8500.0,False,False,False,False,False,False,False,False,False,False,False,True,True,True,True,False,True,False,False,False,False,False,False,False
5128963,STATE_ARMED,11.8,0.0,89.0,0.0,0.0,0.0,4.5,0.5,0.5,5.0,13.0,46.0,79.0,75.5,18.0,0.0,0.0,45.0,1,46.501,6.6005,8500.0,450.0,0.0,10,4.5,45.0,8498.7,-12.3,8500.0,False,False,False,False,False,False,False,False,False,False,False,True,True,True,True,False,True,False,False,False,False,False,False,False
5129469,STATE_ARMED,11.8,0.0,89.0,0.0,0.0,0.0,4.5,0.5,0.5,5.0,13.0,46.0,79.0,75.5,18.0,0.0,0.0,45.0,1,46.501,6.6005,8500.0,450.0,0.0,10,4.5,45.0,8498.7,-12.3,8500.0,False,False,False,False,False,False,False,False,False,False,False,True,True,True,True,False,True,False,False,False,False,False,False,False
5129973,STATE_ARMED,11.8,0.0,89.0,0.0,0.0,0.0,4.5,0.5,0.5,5.0,13.0,46.0,79.0,75.5,18.0,0.0,0.0,45.0,1,46.501,6.6005,8500.0,450.0,0.0,10,4.5,45.0,8498.7,-12.3,8500.0,False,False,False,False,False,False,False,False,False,False,False,True,True,True,True,False,True,False,False,False,False,False,False,False
5130476,STATE_ARMED,11.8,0.0,89.0,0.0,0.0,0.0,4.5,0.5,0.5,5.0,13.0,46.0,79.0,75.5,18.0,0.0,0.0,45.0,1,46.501,6.6005,8500.0,450.0,0.0,10,4.5,45.0,8498.7,-12.3,8500.0,False,False,False,False,False,False,False,False,False,False,False,True,True,True,True,False,True,False,False,False,False,False,False,False
5130981,STATE_ARMED,11.8,0.0,89.0,0.0,0.0,0.0,4.5,0.5,0.5,5.0,13.0,46.0,79.0,75.5,18.0,0.0,0.0,45.0,1,46.501,6.6005,8500.0,450.0,0.0,10,4.5,45.0,8498.7,-12.3,8500.0,False,False,False,False,False,False,False,False,False,False,False,True,True,True,True,False,True,False,False,False,False,False,False,False
5131483,STATE_ARMED,11.8,0.0,89.0,0.0,0.0,0.0,4.5,0.5,0.5,5.0,13.0,46.0,79.0,75.5,18.0,0.0,0.0,45.0,1,46.501,6.6005,8500.0,450.0,0.0,10,4.5,45.0,8498.7,-12.3,8500.0,False,False,False,False,False,False,False,False,False,False,False,True,True,True,True,False,True,False,False,False,False,False,False,False
5131986,STATE_ARMED,11.8,0.0,89.0,0.0,0.0,0.0,4.5,0.5,0.5,5.0,13.0,46.0,79.0,75.5,18.0,0.0,0.0,45.0,1,46.501,6.6005,8500.0,450.0,0.0,10,4.5,45.0,8498.7,-12.3,8500.0,False,False,False,False,False,False,False,False,False,False,False,True,True,True,True,False,True,False,False,False,False,False,False,False
5132492,STATE_ARMED,11.8,0.0,89.0,0.0,0.0,0.0,4.5,0.5,0.5,5.0,13.0,46.0,79.0,75.5,18.0,0.0,0.0,45.0,1,46.501,6.6005,8500.0,450.0,0.0,10,4.5,45.0,8498.7,-12.3,8500.0,False,False,False,False,False,False,False,False,False,False,False,True,True,True,True,False,True,False,False,False,False,False,False,False
5132995,STATE_ARMED,11.8,0.0,89.0,0.0,0.0,0.0,4.5,0.5,0.5,5.0,13.0,46.0,79.0,75.5,18.0,0.0,0.0,45.0,1,46.501,6.6005,8500.0,450.0,0.0,10,4.5,45.0,8498.7,-12.3,8500.0,False,False,False,False,False,False,False,False,False,False,False,True,True,True,True,False,True,False,False,False,False,False,False,False
5133497,STATE_ARMED,11.8,0.0,89.0,0.0,0.0,0.0,4.5,0.5,0.5,5.0,13.0,46.0,79.0,75.5,18.0,0.0,0.0,45.0,1,46.501,6.6005,8500.0,450.0,0.0,10,4.5,45.0,8498.7,-12.3,8500.0,False,False,False,False,False,False,False,False,False,False,False,True,True,True,True,False,True,False,False,False,False,False,False,False
5134000,STATE_ARMED,11.8,0.0,89.0,0.0,0.0,0.0,4.5,0.5,0.5,5.0,13.0,46.0,79.0,75.5,18.0,0.0,0.0,45.0,1,46.501,6.6005,8500.0,450.0,0.0,10,4.5,45.0,8498.7,-12.3,8500.0,False,False,False,False,False,False,False,False,False,False,False,True,True,True,True,False,True,False,False,False,False,False,False,False
5134503,STATE_ARMED,11.8,0.0,89.0,0.0,0.0,0.0,4.5,0.5,0.5,5.0,13.0,46.0,79.0,75.5,18.0,0.0,0.0,45.0,1,46.501,6.6005,8500.0,450.0,0.0,10,4.5,45.0,8498.7,-12.3,8500.0,False,False,False,False,False,False,False,False,False,False,False,True,True,True,True,False,True,False,False,False,False,False,False,False
5135007,STATE_ARMED,11.8,0.0,89.0,0.0,0.0,0.0,4.5,0.5,0.5,5.0,13.0,46.0,79.0,75.5,18.0,0.0,0.0,45.0,1,46.501,6.6005,8500.0,450.0,0.0,10,4.5,45.0,8498.7,-12.3,8500.0,False,False,False,False,False,False,False,False,False,False,False,True,True,True,True,False,True,False,False,False,False,False,False,False
5135511,STATE_ARMED,11.8,0.0,89.0,0.0,0.0,0.0,4.5,0.5,0.5,5.0,13.0,46.0,79.0,75.5,18.0,0.0,0.0,45.0,1,46.501,6.6005,8500.0,450.0,0.0,10,4.5,45.0,8498.7,-12.3,8500.0,False,False,False,False,False,False,False,False,False,False,False,True,True,True,True,False,True,False,False,False,False,False,False,False
5136013,STATE_ARMED,11.8,0.0,89.0,0.0,0.0,0.0,4.5,0.5,0.5,5.0,13.0,46.0,79.0,75.5,18.0,0.0,0.0,45.0,1,46.501,6.6005,8500.0,450.0,0.0,10,4.5,45.0,8498.7,-12.3,8500.0,False,False,False,False,False,False,False,False,False,False,False,True,True,True,True,False,True,False,False,False,False,False,False,False
5136522,STATE_ARMED,11.8,0.0,89.0,0.0,0.0,0.0,4.5,0.5,0.5,5.0,13.0,46.0,79.0,75.5,18.0,0.0,0.0,45.0,1,46.501,6.6005,8500.0,450.0,0.0,10,4.5,45.0,8498.7,-12.3,8500.0,False,False,False,False,False,False,False,False,False,False,False,True,True,True,True,False,True,False,False,False,False,False,False,False
5137024,STATE_ARMED,11.8,0.0,89.0,0.0,0.0,0.0,4.5,0.5,0.5,5.0,13.0,46.0,79.0,75.5,18.0,0.0,0.0,45.0,1,46.501,6.6005,8500.0,450.0,0.0,10,4.5,45.0,8498.7,-12.3,8500.0,False,False,False,False,False,False,False,False,False,False,False,True,True,True,True,False,True,False,False,False,False,False,False,False
5137525,STATE_ARMED,11.8,0.0,89.0,0.0,0.0,0.0,4.5,0.5,0.5,5.0,13.0,46.0,79.0,75.5,18.0,0.0,0.0,45.0,1,46.501,6.6005,8500.0,450.0,0.0,10,4.5,45.0,8498.7,-12.3,8500.0,False,False,False,False,False,False,False,False,False,False,False,True,True,True,True,False,True,False,False,False,False,False,False,False
5138027,STATE_ARMED,11.8,0.0,89.0,0.0,0.0,0.0,4.5,0.5,0.5,5.0,13.0,46.0,79.0,75.5,18.0,0.0,0.0,45.0,1,46.501,6.6005,8500.0,450.0,0.0,10,4.5,45.0,8498.7,-12.3,8500.0,False,False,False,False,False,False,False,False,False,False,False,True,True,True,True,False,True,False,False,False,False,False,False,False
5138530,STATE_ARMED,11.8,0.0,89.0,0.0,0.0,0.0,4.5,0.5,0.5,5.0,13.0,46.0,79.0,75.5,18.0,0.0,0.0,45.0,1,46.501,6.6005,8500.0,450.0,0.0,10,4.5,45.0,8498.7,-12.3,8500.0,False,False,False,False,False,False,False,False,False,False,False,True,True,True,True,False,True,False,False,False,False,False,False,False
5139032,STATE_ARMED,11.8,0.0,89.0,0.0,0.0,0.0,4.5,0.5,0.5,5.0,13.0,46.0,79.0,75.5,18.0,0.0,0.0,45.0,1,46.501,6.6005,8500.0,450.0,0.0,10,4.5,45.0,8498.7,-12.3,8500.0,False,False,False,False,False,False,False,False,False,False,False,True,True,True,True,False,True,False,False,False,False,False,False,False
5139537,STATE_ARMED,11.8,0.0,89.0,0.0,0.0,0.0,4.5,0.5,0.5,5.0,13.0,46.0,79.0,75.5,18.0,0.0,0.0,45.0,1,46.501,6.6005,8500.0,450.0,0.0,10,4.5,45.0,8498.7,-12.3,8500.0,False,False,False,False,False,False,False,False,False,False,False,True,True,True,True,False,True,False,False,False,False,False,False,False
5140038,STATE_ARMED,11.8,0.0,89.0,0.0,0.0,0.0,4.5,0.5,0.5,5.0,13.0,46.0,79.0,75.5,18.0,0.0,0.0,45.0,1,46.501,6.6005,8500.0,450.0,0.0,10,4.5,45.0,8498.7,-12.3,8500.0,False,False,False,False,False,False,False,False,False,False,False,True,True,True,True,False,True,False,False,False,False,False,False,False
5140548,STATE_ARMED,11.8,0.0,89.0,0.0,0.0,0.0,4.5,0.5,0.5,5.0,13.0,46.0,79.0,75.5,18.0,0.0,0.0,45.0,1,46.501,6.6005,8500.0,450.0,0.0,10,4.5,45.0,8498.7,-12.3,8500.0,False,False,False,False,False,False,False,False,False,False,False,True,True,True,True,False,True,False,False,False,False,False,False,False
5141050,STATE_ARMED,11.8,0.0,89.0,0.0,0.0,0.0,4.5,0.5,0.5,5.0,13.0,46.0,79.0,75.5,18.0,0.0,0.0,45.0,1,46.501,6.6005,8500.0,450.0,0.0,10,4.5,45.0,8498.7,-12.3,8500.0,False,False,False,False,False,False,False,False,False,False,False,True,True,True,True,False,True,False,False,False,False,False,False,False
5141552,STATE_ARMED,11.8,0.0,89.0,0.0,0.0,0.0,4.5,0.5,0.5,5.0,13.0,46.0,79.0,75.5,18.0,0.0,0.0,45.0,1,46.501,6.6005,8500.0,450.0,0.0,10,4.5,45.0,8498.7,-12.3,8500.0,False,False,False,False,False,False,False,False,False,False,False,True,True,True,True,False,True,False,False,False,False,False,False,False
5142055,STATE_ARMED,11.8,0.0,89.0,0.0,0.0,0.0,4.5,0.5,0.5,5.0,13.0,46.0,79.0,75.5,18.0,0.0,0.0,45.0,1,46.501,6.6005,8500.0,450.0,0.0,10,4.5,45.0,8498.7,-12.3,8500.0,False,False,False,False,False,False,False,False,False,False,False,True,True,True,True,False,True,False,False,False,False,False,False,False
5142558,STATE_ARMED,11.8,0.0,89.0,0.0,0.0,0.0,4.5,0.5,0.5,5.0,13.0,46.0,79.0,75.5,18.0,0.0,0.0,45.0,1,46.501,6.6005,8500.0,450.0,0.0,10,4.5,45.0,8498.7,-12.3,8500.0,False,False,False,False,False,False,False,False,False,False,False,True,True,True,True,False,True,False,False,False,False,False,False,False
5143068,STATE_ARMED,11.8,0.0,89.0,0.0,0.0,0.0,4.5,0.5,0.5,5.0,13.0,46.0,79.0,75.5,18.0,0.0,0.0,45.0,1,46.501,6.6005,8500.0,450.0,0.0,10,4.5,45.0,8498.7,-12.3,8500.0,False,False,False,False,False,False,False,False,False,False,False,True,True,True,True,False,True,False,False,False,False,False,False,False
5143576,STATE_ARMED,11.8,0.0,89.0,0.0,0.0,0.0,4.5,0.5,0.5,5.0,13.0,46.0,79.0,75.5,18.0,0.0,0.0,45.0,1,46.501,6.6005,8500.0,450.0,0.0,10,4.5,45.0,8498.7,-12.3,8500.0,False,False,False,False,False,False,False,False,False,False,False,True,True,True,True,False,True,False,False,False,False,False,False,False
5144078,STATE_ARMED,11.8,0.0,89.0,0.0,0.0,0.0,4.5,0.5,0.5,5.0,13.0,46.0,79.0,75.5,18.0,0.0,0.0,45.0,1,46.501,6.6005,8500.0,450.0,0.0,10,4.5,45.0,8498.7,-12.3,8500.0,False,False,False,False,False,False,False,False,False,False,False,True,True,True,True,False,True,False,False,False,False,False,False,False
5144580,STATE_ARMED,11.8,0.0,89.0,0.0,0.0,0.0,4.5,0.5,0.5,5.0,13.0,46.0,79.0,75.5,18.0,0.0,0.0,45.0,1,46.501,6.6005,8500.0,450.0,0.0,10,4.5,45.0,8498.7,-12.3,8500.0,False,False,False,False,False,False,False,False,False,False,False,True,True,True,True,False,True,False,False,False,False,False,False,False
5145085,STATE_ARMED,11.8,0.0,89.0,0.0,0.0,0.0,4.5,0.5,0.5,5.0,13.0,46.0,79.0,75.5,18.0,0.0,0.0,45.0,1,46.501,6.6005,8500.0,450.0,0.0,10,4.5,45.0,8498.7,-12.3,8500.0,False,False,False,False,False,False,False,False,False,False,False,True,True,True,True,False,True,False,False,False,False,False,False,False
5145587,STATE_ARMED,11.8,0.0,89.0,0.0,0.0,0.0,4.5,0.5,0.5,5.0,13.0,46.0,79.0,75.5,18.0,0.0,0.0,45.0,1,46.501,6.6005,8500.0,450.0,0.0,10,4.5,45.0,8498.7,-12.3,8500.0,False,False,False,False,False,False,False,False,False,False,False,True,True,True,True,False,True,False,False,False,False,False,False,False
5146089,STATE_ARMED,11.8,0.0,89.0,0.0,0.0,0.0,4.5,0.5,0.5,5.0,13.0,46.0,79.0,75.5,18.0,0.0,0.0,45.0,1,46.501,6.6005,8500.0,450.0,0.0,10,4.5,45.0,8498.7,-12.3,8500.0,False,False,False,False,False,False,False,False,False,False,False,True,True,True,True,False,True,False,False,False,False,False,False,False
5146594,STATE_ARMED,11.8,0.0,89.0,0.0,0.0,0.0,4.5,0.5,0.5,5.0,13.0,46.0,79.0,75.5,18.0,0.0,0.0,45.0,1,46.501,6.6005,8500.0,450.0,0.0,10,4.5,45.0,8498.7,-12.3,8500.0,False,False,False,False,False,False,False,False,False,False,False,True,True,True,True,False,True,False,False,False,False,False,False,False
5147100,STATE_ARMED,11.8,0.0,89.0,0.0,0.0,0.0,4.5,0.5,0.5,5.0,13.0,46.0,79.0,75.5,18.0,0.0,0.0,45.0,1,46.501,6.6005,8500.0,450.0,0.0,10,4.5,45.0,8498.7,-12.3,8500.0,False,False,False,False,False,False,False,False,False,False,False,True,True,True,True,False,True,False,False,False,False,False,False,False
5147603,STATE_ARMED,11.8,0.0,89.0,0.0,0.0,0.0,4.5,0.5,0.5,5.0,13.0,46.0,79.0,75.5,18.0,0.0,0.0,45.0,1,46.501,6.6005,8500.0,450.0,0.0,10,4.5,45.0,8498.7,-12.3,8500.0,False,False,False,False,False,False,False,False,False,False,False,True,True,True,True,False,True,False,False,False,False,False,False,False
5148108,STATE_ARMED,11.8,0.0,89.0,0.0,0.0,0.0,4.5,0.5,0.5,5.0,13.0,46.0,79.0,75.5,18.0,0.0,0.0,45.0,1,46.501,6.6005,8500.0,450.0,0.0,10,4.5,45.0,8498.7,-12.3,8500.0,False,False,False,False,False,False,False,False,False,False,False,True,True,True,True,False,True,False,False,False,False,False,False,False
5148612,STATE_ARMED,11.8,0.0,89.0,0.0,0.0,0.0,4.5,0.5,0.5,5.0,13.0,46.0,79.0,75.5,18.0,0.0,0.0,45.0,1,46.501,6.6005,8500.0,450.0,0.0,10,4.5,45.0,8498.7,-12.3,8500.0,False,False,False,False,False,False,False,False,False,False,False,True,True,True,True,False,True,False,False,False,False,False,False,False
5149117,STATE_ARMED,11.8,0.0,89.0,0.0,0.0,0.0,4.5,0.5,0.5,5.0,13.0,46.0,79.0,75.5,18.0,0.0,0.0,45.0,1,46.501,6.6005,8500.0,450.0,0.0,10,4.5,45.0,8498.7,-12.3,8500.0,False,False,False,False,False,False,False,False,False,False,False,True,True,True,True,False,True,False,False,False,False,False,False,False
5149618,STATE_ARMED,11.8,0.0,89.0,0.0,0.0,0.0,4.5,0.5,0.5,5.0,13.0,46.0,79.0,75.5,18.0,0.0,0.0,45.0,1,46.501,6.6005,8500.0,450.0,0.0,10,4.5,45.0,8498.7,-12.3,8500.0,False,False,False,False,False,False,False,False,False,False,False,True,True,True,True,False,True,False,False,False,False,False,False,False
5150122,STATE_ARMED,11.8,0.0,89.0,0.0,0.0,0.0,4.5,0.5,0.5,5.0,13.0,46.0,79.0,75.5,18.0,0.0,0.0,45.0,1,46.501,6.6005,8500.0,450.0,0.0,10,4.5,45.0,8498.7,-12.3,8500.0,False,False,False,False,False,False,False,False,False,False,False,True,True,True,True,False,True,False,False,False,False,False,False,False
5150626,STATE_ARMED,11.8,0.0,89.0,0.0,0.0,0.0,4.5,0.5,0.5,5.0,13.0,46.0,79.0,75.5,18.0,0.0,0.0,45.0,1,46.501,6.6005,8500.0,450.0,0.0,10,4.5,45.0,8498.7,-12.3,8500.0,False,False,False,False,False,False,False,False,False,False,False,True,True,True,True,False,True,False,False,False,False,False,False,False
5151128,STATE_ARMED,11.8,0.0,89.0,0.0,0.0,0.0,4.5,0.5,0.5,5.0,13.0,46.0,79.0,75.5,18.0,0.0,0.0,45.0,1,46.501,6.6005,8500.0,450.0,0.0,10,4.5,45.0,8498.7,-12.3,8500.0,False,False,False,False,False,False,False,False,False,False,False,True,True,True,True,False,True,False,False,False,False,False,False,False
5151630,STATE_ARMED,11.8,0.0,89.0,0.0,0.0,0.0,4.5,0.5,0.5,5.0,13.0,46.0,79.0,75.5,18.0,0.0,0.0,45.0,1,46.501,6.6005,8500.0,450.0,0.0,10,4.5,45.0,8498.7,-12.3,8500.0,False,False,False,False,False,False,False,False,False,False,False,True,True,True,True,False,True,False,False,False,False,False,False,False
5152134,STATE_ARMED,11.8,0.0,89.0,0.0,0.0,0.0,4.5,0.5,0.5,5.0,13.0,46.0,79.0,75.5,18.0,0.0,0.0,45.0,1,46.501,6.6005,8500.0,450.0,0.0,10,4.5,45.0,8498.7,-12.3,8500.0,False,False,False,False,False,False,False,False,False,False,False,True,True,True,True,False,True,False,False,False,False,False,False,False
5152636,STATE_ARMED,11.8,0.0,89.0,0.0,0.0,0.0,4.5,0.5,0.5,5.0,13.0,46.0,79.0,75.5,18.0,0.0,0.0,45.0,1,46.501,6.6005,8500.0,450.0,0.0,10,4.5,45.0,8498.7,-12.3,8500.0,False,False,False,False,False,False,False,False,False,False,False,True,True,True,True,False,True,False,False,False,False,False,False,False
5153141,STATE_ARMED,11.8,0.0,89.0,0.0,0.0,0.0,4.5,0.5,0.5,5.0,13.0,46.0,79.0,75.5,18.0,0.0,0.0,45.0,1,46.501,6.6005,8500.0,450.0,0.0,10,4.5,45.0,8498.7,-12.3,8500.0,False,False,False,False,False,False,False,False,False,False,False,True,True,True,True,False,True,False,False,False,False,False,False,False
5153645,STATE_ARMED,11.8,0.0,89.0,0.0,0.0,0.0,4.5,0.5,0.5,5.0,13.0,46.0,79.0,75.5,18.0,0.0,0.0,45.0,1,46.501,6.6005,8500.0,450.0,0.0,10,4.5,45.0,8498.7,-12.3,8500.0,False,False,False,False,False,False,False,False,False,False,False,True,True,True,True,False,True,False,False,False,False,False,False,False
5154149,STATE_ARMED,11.8,0.0,89.0,0.0,0.0,0.0,4.5,0.5,0.5,5.0,13.0,46.0,79.0,75.5,18.0,0.0,0.0,45.0,1,46.501,6.6005,8500.0,450.0,0.0,10,4.5,45.0,8498.7,-12.3,8500.0,False,False,False,False,False,False,False,False,False,False,False,True,True,True,True,False,True,False,False,False,False,False,False,False
5154652,STATE_ARMED,11.8,0.0,89.0,0.0,0.0,0.0,4.5,0.5,0.5,5.0,13.0,46.0,79.0,75.5,18.0,0.0,0.0,45.0,1,46.501,6.6005,8500.0,450.0,0.0,10,4.5,45.0,8498.7,-12.3,8500.0,False,False,False,False,False,False,False,False,False,False,False,True,True,True,True,False,True,False,False,False,False,False,False,False
5155157,STATE_ARMED,11.8,0.0,89.0,0.0,0.0,0.0,4.5,0.5,0.5,5.0,13.0,46.0,79.0,75.5,18.0,0.0,0.0,45.0,1,46.501,6.6005,8500.0,450.0,0.0,10,4.5,45.0,8498.7,-12.3,8500.0,False,False,False,False,False,False,False,False,False,False,False,True,True,True,True,False,True,False,False,False,False,False,False,False
5155660,STATE_ARMED,11.8,0.0,89.0,0.0,0.0,0.0,4.5,0.5,0.5,5.0,13.0,46.0,79.0,75.5,18.0,0.0,0.0,45.0,1,46.501,6.6005,8500.0,450.0,0.0,10,4.5,45.0,8498.7,-12.3,8500.0,False,False,False,False,False,False,False,False,False,False,False,True,True,True,True,False,True,False,False,False,False,False,False,False
5156170,STATE_ARMED,11.8,0.0,89.0,0.0,0.0,0.0,4.5,0.5,0.5,5.0,13.0,46.0,79.0,75.5,18.0,0.0,0.0,45.0,1,46.501,6.6005,8500.0,450.0,0.0,10,4.5,45.0,8498.7,-12.3,8500.0,False,False,False,False,False,False,False,False,False,False,False,True,True,True,True,False,True,False,False,False,False,False,False,False
5156673,STATE_ARMED,11.8,0.0,89.0,0.0,0.0,0.0,4.5,0.5,0.5,5.0,13.0,46.0,79.0,75.5,18.0,0.0,0.0,45.0,1,46.501,6.6005,8500.0,450.0,0.0,10,4.5,45.0,8498.7,-12.3,8500.0,False,False,False,False,False,False,False,False,False,False,False,True,True,True,True,False,True,False,False,False,False,False,False,False
5157176,STATE_ARMED,11.8,0.0,89.0,0.0,0.0,0.0,4.5,0.5,0.5,5.0,13.0,46.0,79.0,75.5,18.0,0.0,0.0,45.0,1,46.501,6.6005,8500.0,450.0,0.0,10,4.5,45.0,8498.7,-12.3,8500.0,False,False,False,False,False,False,False,False,False,False,False,True,True,True,True,False,True,False,False,False,False,False,False,False
5157681,STATE_ARMED,11.8,0.0,89.0,0.0,0.0,0.0,4.5,0.5,0.5,5.0,13.0,46.0,79.0,75.5,18.0,0.0,0.0,45.0,1,46.501,6.6005,8500.0,450.0,0.0,10,4.5,45.0,8498.7,-12.3,8500.0,False,False,False,False,False,False,False,False,False,False,False,True,True,True,True,False,True,False,False,False,False,False,False,False
5158186,STATE_ARMED,11.8,0.0,89.0,0.0,0.0,0.0,4.5,0.5,0.5,5.0,13.0,46.0,79.0,75.5,18.0,0.0,0.0,45.0,1,46.501,6.6005,8500.0,450.0,0.0,10,4.5,45.0,8498.7,-12.3,8500.0,False,False,False,False,False,False,False,False,False,False,False,True,True,True,True,False,True,False,False,False,False,False,False,False
5158693,STATE_ARMED,11.8,0.0,89.0,0.0,0.0,0.0,4.5,0.5,0.5,5.0,13.0,46.0,79.0,75.5,18.0,0.0,0.0,45.0,1,46.501,6.6005,8500.0,450.0,0.0,10,4.5,45.0,8498.7,-12.3,8500.0,False,False,False,False,False,False,False,False,False,False,False,True,True,True,True,False,True,False,False,False,False,False,False,False
5159197,STATE_ARMED,11.8,0.0,89.0,0.0,0.0,0.0,4.5,0.5,0.5,5.0,13.0,46.0,79.0,75.5,18.0,0.0,0.0,45.0,1,46.501,6.6005,8500.0,450.0,0.0,10,4.5,45.0,8498.7,-12.3,8500.0,False,False,False,False,False,False,False,False,False,False,False,True,True,True,True,False,True,False,False,False,False,False,False,False
5159700,STATE_ARMED,11.8,0.0,89.0,0.0,0.0,0.0,4.5,0.5,0.5,5.0,13.0,46.0,79.0,75.5,18.0,0.0,0.0,45.0,1,46.501,6.6005,8500.0,450.0,0.0,10,4.5,45.0,8498.7,-12.3,8500.0,False,False,False,False,False,False,False,False,False,False,False,True,True,True,True,False,True,False,False,False,False,False,False,False
5160204,STATE_ARMED,11.8,0.0,89.0,0.0,0.0,0.0,4.5,0.5,0.5,5.0,13.0,46.0,79.0,75.5,18.0,0.0,0.0,45.0,1,46.501,6.6005,8500.0,450.0,0.0,10,4.5,45.0,8498.7,-12.3,8500.0,False,False,False,False,False,False,False,False,False,False,False,True,True,True,True,False,True,False,False,False,False,False,False,False
5160706,STATE_ARMED,11.8,0.0,89.0,0.0,0.0,0.0,4.5,0.5,0.5,5.0,13.0,46.0,79.0,75.5,18.0,0.0,0.0,45.0,1,46.501,6.6005,8500.0,450.0,0.0,10,4.5,45.0,8498.7,-12.3,8500.0,False,False,False,False,False,False,False,False,False,False,False,True,True,True,True,False,True,False,False,False,False,False,False,False
5161210,STATE_ARMED,11.8,0.0,89.0,0.0,0.0,0.0,4.5,0.5,0.5,5.0,13.0,46.0,79.0,75.5,18.0,0.0,0.0,45.0,1,46.501,6.6005,8500.0,450.0,0.0,10,4.5,45.0,8498.7,-12.3,8500.0,False,False,False,False,False,False,False,False,False,False,False,True,True,True,True,False,True,False,False,False,False,False,False,False
5161711,STATE_ARMED,11.8,0.0,89.0,0.0,0.0,0.0,4.5,0.5,0.5,5.0,13.0,46.0,79.0,75.5,18.0,0.0,0.0,45.0,1,46.501,6.6005,8500.0,450.0,0.0,10,4.5,45.0,8498.7,-12.3,8500.0,False,False,False,False,False,False,False,False,False,False,False,True,True,True,True,False,True,False,False,False,False,False,False,False
5162215,STATE_ARMED,11.8,0.0,89.0,0.0,0.0,0.0,4.5,0.5,0.5,5.0,13.0,46.0,79.0,75.5,18.0,0.0,0.0,45.0,1,46.501,6.6005,8500.0,450.0,0.0,10,4.5,45.0,8498.7,-12.3,8500.0,False,False,False,False,False,False,False,False,False,False,False,True,True,True,True,False,True,False,False,False,False,False,False,False
5162717,STATE_ARMED,11.8,0.0,89.0,0.0,0.0,0.0,4.5,0.5,0.5,5.0,13.0,46.0,79.0,75.5,18.0,0.0,0.0,45.0,1,46.501,6.6005,8500.0,450.0,0.0,10,4.5,45.0,8498.7,-12.3,8500.0,False,False,False,False,False,False,False,False,False,False,False,True,True,True,True,False,True,False,False,False,False,False,False,False
5163221,STATE_ARMED,11.8,0.0,89.0,0.0,0.0,0.0,4.5,0.5,0.5,5.0,13.0,46.0,79.0,75.5,18.0,0.0,0.0,45.0,1,46.501,6.6005,8500.0,450.0,0.0,10,4.5,45.0,8498.7,-12.3,8500.0,False,False,False,False,False,False,False,False,False,False,False,True,True,True,True,False,True,False,False,False,False,False,False,False
5163728,STATE_ARMED,11.8,0.0,89.0,0.0,0.0,0.0,4.5,0.5,0.5,5.0,13.0,46.0,79.0,75.5,18.0,0.0,0.0,45.0,1,46.501,6.6005,8500.0,450.0,0.0,10,4.5,45.0,8498.7,-12.3,8500.0,False,False,False,False,False,False,False,False,False,False,False,True,True,True,True,False,True,False,False,False,False,False,False,False
5164229,STATE_ARMED,11.8,0.0,89.0,0.0,0.0,0.0,4.5,0.5,0.5,5.0,13.0,46.0,79.0,75.5,18.0,0.0,0.0,45.0,1,46.501,6.6005,8500.0,450.0,0.0,10,4.5,45.0,8498.7,-12.3,8500.0,False,False,False,False,False,False,False,False,False,False,False,True,True,True,True,False,True,False,False,False,False,False,False,False
5164731,STATE_ARMED,11.8,0.0,89.0,0.0,0.0,0.0,4.5,0.5,0.5,5.0,13.0,46.0,79.0,75.5,18.0,0.0,0.0,45.0,1,46.501,6.6005,8500.0,450.0,0.0,10,4.5,45.0,8498.7,-12.3,8500.0,False,False,False,False,False,False,False,False,False,False,False,True,True,True,True,False,True,False,False,False,False,False,False,False
5165235,STATE_ARMED,11.8,0.0,89.0,0.0,0.0,0.0,4.5,0.5,0.5,5.0,13.0,46.0,79.0,75.5,18.0,0.0,0.0,45.0,1,46.501,6.6005,8500.0,450.0,0.0,10,4.5,45.0,8498.7,-12.3,8500.0,False,False,False,False,False,False,False,False,False,False,False,True,True,True,True,False,True,False,False,False,False,False,False,False
5165740,STATE_ARMED,11.8,0.0,89.0,0.0,0.0,0.0,4.5,0.5,0.5,5.0,13.0,46.0,79.0,75.5,18.0,0.0,0.0,45.0,1,46.501,6.6005,8500.0,450.0,0.0,10,4.5,45.0,8498.7,-12.3,8500.0,False,False,False,False,False,False,False,False,False,False,False,True,True,True,True,False,True,False,False,False,False,False,False,False
5166244,STATE_ARMED,11.8,0.0,89.0,0.0,0.0,0.0,4.5,0.5,0.5,5.0,13.0,46.0,79.0,75.5,18.0,0.0,0.0,45.0,1,46.501,6.6005,8500.0,450.0,0.0,10,4.5,45.0,8498.7,-12.3,8500.0,False,False,False,False,False,False,False,False,False,False,False,True,True,True,True,False,True,False,False,False,False,False,False,False
5166747,STATE_ARMED,11.8,0.0,89.0,0.0,0.0,0.0,4.5,0.5,0.5,5.0,13.0,46.0,79.0,75.5,18.0,0.0,0.0,45.0,1,46.501,6.6005,8500.0,450.0,0.0,10,4.5,45.0,8498.7,-12.3,8500.0,False,False,False,False,False,False,False,False,False,False,False,True,True,True,True,False,True,False,False,False,False,False,False,False
5167251,STATE_ARMED,11.8,0.0,89.0,0.0,0.0,0.0,4.5,0.5,0.5,5.0,13.0,46.0,79.0,75.5,18.0,0.0,0.0,45.0,1,46.501,6.6005,8500.0,450.0,0.0,10,4.5,45.0,8498.7,-12.3,8500.0,False,False,False,False,False,False,False,False,False,False,False,True,True,True,True,False,True,False,False,False,False,False,False,False
5167755,STATE_ARMED,11.8,0.0,89.0,0.0,0.0,0.0,4.5,0.5,0.5,5.0,13.0,46.0,79.0,75.5,18.0,0.0,0.0,45.0,1,46.501,6.6005,8500.0,450.0,0.0,10,4.5,45.0,8498.7,-12.3,8500.0,False,False,False,False,False,False,False,False,False,False,False,True,True,True,True,False,True,False,False,False,False,False,False,False
5168264,STATE_ARMED,11.8,0.0,89.0,0.0,0.0,0.0,4.5,0.5,0.5,5.0,13.0,46.0,79.0,75.5,18.0,0.0,0.0,45.0,1,46.501,6.6005,8500.0,450.0,0.0,10,4.5,45.0,8498.7,-12.3,8500.0,False,False,False,False,False,False,False,False,False,False,False,True,True,True,True,False,True,False,False,False,False,False,False,False
5168766,STATE_ARMED,11.8,0.0,89.0,0.0,0.0,0.0,4.5,0.5,0.5,5.0,13.0,46.0,79.0,75.5,18.0,0.0,0.0,45.0,1,46.501,6.6005,8500.0,450.0,0.0,10,4.5,45.0,8498.7,-12.3,8500.0,False,False,False,False,False,False,False,False,False,False,False,True,True,True,True,False,True,False,False,False,False,False,False,False
5169272,STATE_ARMED,11.8,0.0,89.0,0.0,0.0,0.0,4.5,0.5,0.5,5.0,13.0,46.0,79.0,75.5,18.0,0.0,0.0,45.0,1,46.501,6.6005,8500.0,450.0,0.0,10,4.5,45.0,8498.7,-12.3,8500.0,False,False,False,False,False,False,False,False,False,False,False,True,True,True,True,False,True,False,False,False,False,False,False,False
5169776,STATE_ARMED,11.8,0.0,89.0,0.0,0.0,0.0,4.5,0.5,0.5,5.0,13.0,46.0,79.0,75.5,18.0,0.0,0.0,45.0,1,46.501,6.6005,8500.0,450.0,0.0,10,4.5,45.0,8498.7,-12.3,8500.0,False,False,False,False,False,False,False,False,False,False,False,True,True,True,True,False,True,False,False,False,False,False,False,False
5170282,STATE_ARMED,11.8,0.0,89.0,0.0,0.0,0.0,4.5,0.5,0.5,5.0,13.0,46.0,79.0,75.5,18.0,0.0,0.0,45.0,1,46.501,6.6005,8500.0,450.0,0.0,10,4.5,45.0,8498.7,-12.3,8500.0,False,False,False,False,False,False,False,False,False,False,False,True,True,True,True,False,True,False,False,False,False,False,False,False
5170787,STATE_ARMED,11.8,0.0,89.0,0.0,0.0,0.0,4.5,0.5,0.5,5.0,13.0,46.0,79.0,75.5,18.0,0.0,0.0,45.0,1,46.501,6.6005,8500.0,450.0,0.0,10,4.5,45.0,8498.7,-12.3,8500.0,False,False,False,False,False,False,False,False,False,False,False,True,True,True,True,False,True,False,False,False,False,False,False,False
5171294,STATE_ARMED,11.8,0.0,89.0,0.0,0.0,0.0,4.5,0.5,0.5,5.0,13.0,46.0,79.0,75.5,18.0,0.0,0.0,45.0,1,46.501,6.6005,8500.0,450.0,0.0,10,4.5,45.0,8498.7,-12.3,8500.0,False,False,False,False,False,False,False,False,False,False,False,True,True,True,True,False,True,False,False,False,False,False,False,False
5171800,STATE_ARMED,11.8,0.0,89.0,0.0,0.0,0.0,4.5,0.5,0.5,5.0,13.0,46.0,79.0,75.5,18.0,0.0,0.0,45.0,1,46.501,6.6005,8500.0,450.0,0.0,10,4.5,45.0,8498.7,-12.3,8500.0,False,False,False,False,False,False,False,False,False,False,False,True,True,True,True,False,True,False,False,False,False,False,False,False
5172302,STATE_ARMED,11.8,0.0,89.0,0.0,0.0,0.0,4.5,0.5,0.5,5.0,13.0,46.0,79.0,75.5,18.0,0.0,0.0,45.0,1,46.501,6.6005,8500.0,450.0,0.0,10,4.5,45.0,8498.7,-12.3,8500.0,False,False,False,False,False,False,False,False,False,False,False,True,True,True,True,False,True,False,False,False,False,False,False,False
5172808,STATE_ARMED,11.8,0.0,89.0,0.0,0.0,0.0,4.5,0.5,0.5,5.0,13.0,46.0,79.0,75.5,18.0,0.0,0.0,45.0,1,46.501,6.6005,8500.0,450.0,0.0,10,4.5,45.0,8498.7,-12.3,8500.0,False,False,False,False,False,False,False,False,False,False,False,True,True,True,True,False,True,False,False,False,False,False,False,False
5173310,STATE_ARMED,11.8,0.0,89.0,0.0,0.0,0.0,4.5,0.5,0.5,5.0,13.0,46.0,79.0,75.5,18.0,0.0,0.0,45.0,1,46.501,6.6005,8500.0,450.0,0.0,10,4.5,45.0,8498.7,-12.3,8500.0,False,False,False,False,False,False,False,False,False,False,False,True,True,True,True,False,True,False,False,False,False,False,False,False
5173813,STATE_ARMED,11.8,0.0,89.0,0.0,0.0,0.0,4.5,0.5,0.5,5.0,13.0,46.0,79.0,75.5,18.0,0.0,0.0,45.0,1,46.501,6.6005,8500.0,450.0,0.0,10,4.5,45.0,8498.7,-12.3,8500.0,False,False,False,False,False,False,False,False,False,False,False,True,True,True,True,False,True,False,False,False,False,False,False,False
5174320,STATE_ARMED,11.8,0.0,89.0,0.0,0.0,0.0,4.5,0.5,0.5,5.0,13.0,46.0,79.0,75.5,18.0,0.0,0.0,45.0,1,46.501,6.6005,8500.0,450.0,0.0,10,4.5,45.0,8498.7,-12.3,8500.0,False,False,False,False,False,False,False,False,False,False,False,True,True,True,True,False,True,False,False,False,False,False,False,False
5174824,STATE_ARMED,11.8,0.0,89.0,0.0,0.0,0.0,4.5,0.5,0.5,5.0,13.0,46.0,79.0,75.5,18.0,0.0,0.0,45.0,1,46.501,6.6005,8500.0,450.0,0.0,10,4.5,45.0,8498.7,-12.3,8500.0,False,False,False,False,False,False,False,False,False,False,False,True,True,True,True,False,True,False,False,False,False,False,False,False
5175328,STATE_ARMED,11.8,0.0,89.0,0.0,0.0,0.0,4.5,0.5,0.5,5.0,13.0,46.0,79.0,75.5,18.0,0.0,0.0,45.0,1,46.501,6.6005,8500.0,450.0,0.0,10,4.5,45.0,8498.7,-12.3,8500.0,False,False,False,False,False,False,False,False,False,False,False,True,True,True,True,False,True,False,False,False,False,False,False,False
5175832,STATE_ARMED,11.8,0.0,89.0,0.0,0.0,0.0,4.5,0.5,0.5,5.0,13.0,46.0,79.0,75.5,18.0,0.0,0.0,45.0,1,46.501,6.6005,8500.0,450.0,0.0,10,4.5,45.0,8498.7,-12.3,8500.0,False,False,False,False,False,False,False,False,False,False,False,True,True,True,True,False,True,False,False,False,False,False,False,False
5176335,STATE_ARMED,11.8,0.0,89.0,0.0,0.0,0.0,4.5,0.5,0.5,5.0,13.0,46.0,79.0,75.5,18.0,0.0,0.0,45.0,1,46.501,6.6005,8500.0,450.0,0.0,10,4.5,45.0,8498.7,-12.3,8500.0,False,False,False,False,False,False,False,False,False,False,False,True,True,True,True,False,True,False,False,False,False,False,False,False
5176840,STATE_ARMED,11.8,0.0,89.0,0.0,0.0,0.0,4.5,0.5,0.5,5.0,13.0,46.0,79.0,75.5,18.0,0.0,0.0,45.0,1,46.501,6.6005,8500.0,450.0,0.0,10,4.5,45.0,8498.7,-12.3,8500.0,False,False,False,False,False,False,False,False,False,False,False,True,True,True,True,False,True,False,False,False,False,False,False,False
5177348,STATE_ARMED,11.8,0.0,89.0,0.0,0.0,0.0,4.5,0.5,0.5,5.0,13.0,46.0,79.0,75.5,18.0,0.0,0.0,45.0,1,46.501,6.6005,8500.0,450.0,0.0,10,4.5,45.0,8498.7,-12.3,8500.0,False,False,False,False,False,False,False,False,False,False,False,True,True,True,True,False,True,False,False,False,False,False,False,False
5177853,STATE_ARMED,11.8,0.0,89.0,0.0,0.0,0.0,4.5,0.5,0.5,5.0,13.0,46.0,79.0,75.5,18.0,0.0,0.0,45.0,1,46.501,6.6005,8500.0,450.0,0.0,10,4.5,45.0,8498.7,-12.3,8500.0,False,False,False,False,False,False,False,False,False,False,False,True,True,True,True,False,True,False,False,False,False,False,False,False
5178360,STATE_ARMED,11.8,0.0,89.0,0.0,0.0,0.0,4.5,0.5,0.5,5.0,13.0,46.0,79.0,75.5,18.0,0.0,0.0,45.0,1,46.501,6.6005,8500.0,450.0,0.0,10,4.5,45.0,8498.7,-12.3,8500.0,False,False,False,False,False,False,False,False,False,False,False,True,True,True,True,False,True,False,False,False,False,False,False,False
5178862,STATE_ARMED,11.8,0.0,89.0,0.0,0.0,0.0,4.5,0.5,0.5,5.0,13.0,46.0,79.0,75.5,18.0,0.0,0.0,45.0,1,46.501,6.6005,8500.0,450.0,0.0,10,4.5,45.0,8498.7,-12.3,8500.0,False,False,False,False,False,False,False,False,False,False,False,True,True,True,True,False,True,False,False,False,False,False,False,False
5179367,STATE_ARMED,11.8,0.0,89.0,0.0,0.0,0.0,4.5,0.5,0.5,5.0,13.0,46.0,79.0,75.5,18.0,0.0,0.0,45.0,1,46.501,6.6005,8500.0,450.0,0.0,10,4.5,45.0,8498.7,-12.3,8500.0,False,False,False,False,False,False,False,False,False,False,False,True,True,True,True,False,True,False,False,False,False,False,False,False
5179871,STATE_ARMED,11.8,0.0,89.0,0.0,0.0,0.0,4.5,0.5,0.5,5.0,13.0,46.0,79.0,75.5,18.0,0.0,0.0,45.0,1,46.501,6.6005,8500.0,450.0,0.0,10,4.5,45.0,8498.7,-12.3,8500.0,False,False,False,False,False,False,False,False,False,False,False,True,True,True,True,False,True,False,False,False,False,False,False,False
5180377,STATE_ARMED,11.8,0.0,89.0,0.0,0.0,0.0,4.5,0.5,0.5,5.0,13.0,46.0,79.0,75.5,18.0,0.0,0.0,45.0,1,46.501,6.6005,8500.0,450.0,0.0,10,4.5,45.0,8498.7,-12.3,8500.0,False,False,False,False,False,False,False,False,False,False,False,True,True,True,True,False,True,False,False,False,False,False,False,False
5180884,STATE_ARMED,11.8,0.0,89.0,0.0,0.0,0.0,4.5,0.5,0.5,5.0,13.0,46.0,79.0,75.5,18.0,0.0,0.0,45.0,1,46.501,6.6005,8500.0,450.0,0.0,10,4.5,45.0,8498.7,-12.3,8500.0,False,False,False,False,False,False,False,False,False,False,False,True,True,True,True,False,True,False,False,False,False,False,False,False
5181387,STATE_ARMED,11.8,0.0,89.0,0.0,0.0,0.0,4.5,0.5,0.5,5.0,13.0,46.0,79.0,75.5,18.0,0.0,0.0,45.0,1,46.501,6.6005,8500.0,450.0,0.0,10,4.5,45.0,8498.7,-12.3,8500.0,False,False,False,False,False,False,False,False,False,False,False,True,True,True,True,False,True,False,False,False,False,False,False,False
5181890,STATE_ARMED,11.8,0.0,89.0,0.0,0.0,0.0,4.5,0.5,0.5,5.0,13.0,46.0,79.0,75.5,18.0,0.0,0.0,45.0,1,46.501,6.6005,8500.0,450.0,0.0,10,4.5,45.0,8498.7,-12.3,8500.0,False,False,False,False,False,False,False,False,False,False,False,True,True,True,True,False,True,False,False,False,False,False,False,False
5182394,STATE_ARMED,11.8,0.0,89.0,0.0,0.0,0.0,4.5,0.5,0.5,5.0,13.0,46.0,79.0,75.5,18.0,0.0,0.0,45.0,1,46.501,6.6005,8500.0,450.0,0.0,10,4.5,45.0,8498.7,-12.3,8500.0,False,False,False,False,False,False,False,False,False,False,False,True,True,True,True,False,True,False,False,False,False,False,False,False
5182898,STATE_ARMED,11.8,0.0,89.0,0.0,0.0,0.0,4.5,0.5,0.5,5.0,13.0,46.0,79.0,75.5,18.0,0.0,0.0,45.0,1,46.501,6.6005,8500.0,450.0,0.0,10,4.5,45.0,8498.7,-12.3,8500.0,False,False,False,False,False,False,False,False,False,False,False,True,True,True,True,False,True,False,False,False,False,False,False,False
5183403,STATE_ARMED,11.8,0.0,89.0,0.0,0.0,0.0,4.5,0.5,0.5,5.0,13.0,46.0,79.0,75.5,18.0,0.0,0.0,45.0,1,46.501,6.6005,8500.0,450.0,0.0,10,4.5,45.0,8498.7,-12.3,8500.0,False,False,False,False,False,False,False,False,False,False,False,True,True,True,True,False,True,False,False,False,False,False,False,False
5183910,STATE_ARMED,11.8,0.0,89.0,0.0,0.0,0.0,4.5,0.5,0.5,5.0,13.0,46.0,79.0,75.5,18.0,0.0,0.0,45.0,1,46.501,6.6005,8500.0,450.0,0.0,10,4.5,45.0,8498.7,-12.3,8500.0,False,False,False,False,False,False,False,False,False,False,False,True,True,True,True,False,True,False,False,False,False,False,False,False
5184416,STATE_ARMED,11.8,0.0,89.0,0.0,0.0,0.0,4.5,0.5,0.5,5.0,13.0,46.0,79.0,75.5,18.0,0.0,0.0,45.0,1,46.501,6.6005,8500.0,450.0,0.0,10,4.5,45.0,8498.7,-12.3,8500.0,False,False,False,False,False,False,False,False,False,False,False,True,True,True,True,False,True,False,False,False,False,False,False,False
5184920,STATE_ARMED,11.8,0.0,89.0,0.0,0.0,0.0,4.5,0.5,0.5,5.0,13.0,46.0,79.0,75.5,18.0,0.0,0.0,45.0,1,46.501,6.6005,8500.0,450.0,0.0,10,4.5,45.0,8498.7,-12.3,8500.0,False,False,False,False,False,False,False,False,False,False,False,True,True,True,True,False,True,False,False,False,False,False,False,False
5185425,STATE_ARMED,11.8,0.0,89.0,0.0,0.0,0.0,4.5,0.5,0.5,5.0,13.0,46.0,79.0,75.5,18.0,0.0,0.0,45.0,1,46.501,6.6005,8500.0,450.0,0.0,10,4.5,45.0,8498.7,-12.3,8500.0,False,False,False,False,False,False,False,False,False,False,False,True,True,True,True,False,True,False,False,False,False,False,False,False
5185927,STATE_ARMED,11.8,0.0,89.0,0.0,0.0,0.0,4.5,0.5,0.5,5.0,13.0,46.0,79.0,75.5,18.0,0.0,0.0,45.0,1,46.501,6.6005,8500.0,450.0,0.0,10,4.5,45.0,8498.7,-12.3,8500.0,False,False,False,False,False,False,False,False,False,False,False,True,True,True,True,False,True,False,False,False,False,False,False,False
5186431,STATE_ARMED,11.8,0.0,89.0,0.0,0.0,0.0,4.5,0.5,0.5,5.0,13.0,46.0,79.0,75.5,18.0,0.0,0.0,45.0,1,46.501,6.6005,8500.0,450.0,0.0,10,4.5,45.0,8498.7,-12.3,8500.0,False,False,False,False,False,False,False,False,False,False,False,True,True,True,True,False,True,False,False,False,False,False,False,False
5186935,STATE_ARMED,11.8,0.0,89.0,0.0,0.0,0.0,4.5,0.5,0.5,5.0,13.0,46.0,79.0,75.5,18.0,0.0,0.0,45.0,1,46.501,6.6005,8500.0,450.0,0.0,10,4.5,45.0,8498.7,-12.3,8500.0,False,False,False,False,False,False,False,False,False,False,False,True,True,True,True,False,True,False,False,False,False,False,False,False
5187439,STATE_ARMED,11.8,0.0,89.0,0.0,0.0,0.0,4.5,0.5,0.5,5.0,13.0,46.0,79.0,75.5,18.0,0.0,0.0,45.0,1,46.501,6.6005,8500.0,450.0,0.0,10,4.5,45.0,8498.7,-12.3,8500.0,False,False,False,False,False,False,False,False,False,False,False,True,True,True,True,False,True,False,False,False,False,False,False,False
5187943,STATE_ARMED,11.8,0.0,89.0,0.0,0.0,0.0,4.5,0.5,0.5,5.0,13.0,46.0,79.0,75.5,18.0,0.0,0.0,45.0,1,46.501,6.6005,8500.0,450.0,0.0,10,4.5,45.0,8498.7,-12.3,8500.0,False,False,False,False,False,False,False,False,False,False,False,True,True,True,True,False,True,False,False,False,False,False,False,False
5188448,STATE_ARMED,11.8,0.0,89.0,0.0,0.0,0.0,4.5,0.5,0.5,5.0,13.0,46.0,79.0,75.5,18.0,0.0,0.0,45.0,1,46.501,6.6005,8500.0,450.0,0.0,10,4.5,45.0,8498.7,-12.3,8500.0,False,False,False,False,False,False,False,False,False,False,False,True,True,True,True,False,True,False,False,False,False,False,False,False
5188953,STATE_ARMED,11.8,0.0,89.0,0.0,0.0,0.0,4.5,0.5,0.5,5.0,13.0,46.0,79.0,75.5,18.0,0.0,0.0,45.0,1,46.501,6.6005,8500.0,450.0,0.0,10,4.5,45.0,8498.7,-12.3,8500.0,False,False,False,False,False,False,False,False,False,False,False,True,True,True,True,False,True,False,False,False,False,False,False,False
5189455,STATE_ARMED,11.8,0.0,89.0,0.0,0.0,0.0,4.5,0.5,0.5,5.0,13.0,46.0,79.0,75.5,18.0,0.0,0.0,45.0,1,46.501,6.6005,8500.0,450.0,0.0,10,4.5,45.0,8498.7,-12.3,8500.0,False,False,False,False,False,False,False,False,False,False,False,True,True,True,True,False,True,False,False,False,False,False,False,False
5189961,STATE_ARMED,11.8,0.0,89.0,0.0,0.0,0.0,4.5,0.5,0.5,5.0,13.0,46.0,79.0,75.5,18.0,0.0,0.0,45.0,1,46.501,6.6005,8500.0,450.0,0.0,10,4.5,45.0,8498.7,-12.3,8500.0,False,False,False,False,False,False,False,False,False,False,False,True,True,True,True,False,True,False,False,False,False,False,False,False
5190464,STATE_ARMED,11.8,0.0,89.0,0.0,0.0,0.0,4.5,0.5,0.5,5.0,13.0,46.0,79.0,75.5,18.0,0.0,0.0,45.0,1,46.501,6.6005,8500.0,450.0,0.0,10,4.5,45.0,8498.7,-12.3,8500.0,False,False,False,False,False,False,False,False,False,False,False,True,True,True,True,False,True,False,False,False,False,False,False,False
5190968,STATE_ARMED,11.8,0.0,89.0,0.0,0.0,0.0,4.5,0.5,0.5,5.0,13.0,46.0,79.0,75.5,18.0,0.0,0.0,45.0,1,46.501,6.6005,8500.0,450.0,0.0,10,4.5,45.0,8498.7,-12.3,8500.0,False,False,False,False,False,False,False,False,False,False,False,True,True,True,True,False,True,False,False,False,False,False,False,False
5191472,STATE_ARMED,11.8,0.0,89.0,0.0,0.0,0.0,4.5,0.5,0.5,5.0,13.0,46.0,79.0,75.5,18.0,0.0,0.0,45.0,1,46.501,6.6005,8500.0,450.0,0.0,10,4.5,45.0,8498.7,-12.3,8500.0,False,False,False,False,False,False,False,False,False,False,False,True,True,True,True,False,True,False,False,False,False,False,False,False
5191980,STATE_ARMED,11.8,0.0,89.0,0.0,0.0,0.0,4.5,0.5,0.5,5.0,13.0,46.0,79.0,75.5,18.0,0.0,0.0,45.0,1,46.501,6.6005,8500.0,450.0,0.0,10,4.5,45.0,8498.7,-12.3,8500.0,False,False,False,False,False,False,False,False,False,False,False,True,True,True,True,False,True,False,False,False,False,False,False,False
5192482,STATE_ARMED,11.8,0.0,89.0,0.0,0.0,0.0,4.5,0.5,0.5,5.0,13.0,46.0,79.0,75.5,18.0,0.0,0.0,45.0,1,46.501,6.6005,8500.0,450.0,0.0,10,4.5,45.0,8498.7,-12.3,8500.0,False,False,False,False,False,False,False,False,False,False,False,True,True,True,True,False,True,False,False,False,False,False,False,False
5192992,STATE_ARMED,11.8,0.0,89.0,0.0,0.0,0.0,4.5,0.5,0.5,5.0,13.0,46.0,79.0,75.5,18.0,0.0,0.0,45.0,1,46.501,6.6005,8500.0,450.0,0.0,10,4.5,45.0,8498.7,-12.3,8500.0,False,False,False,False,False,False,False,False,False,False,False,True,True,True,True,False,True,False,False,False,False,False,False,False
5193495,STATE_ARMED,11.8,0.0,89.0,0.0,0.0,0.0,4.5,0.5,0.5,5.0,13.0,46.0,79.0,75.5,18.0,0.0,0.0,45.0,1,46.501,6.6005,8500.0,450.0,0.0,10,4.5,45.0,8498.7,-12.3,8500.0,False,False,False,False,False,False,False,False,False,False,False,True,True,True,True,False,True,False,False,False,False,False,False,False
5194001,STATE_ARMED,11.8,0.0,89.0,0.0,0.0,0.0,4.5,0.5,0.5,5.0,13.0,46.0,79.0,75.5,18.0,0.0,0.0,45.0,1,46.501,6.6005,8500.0,450.0,0.0,10,4.5,45.0,8498.7,-12.3,8500.0,False,False,False,False,False,False,False,False,False,False,False,True,True,True,True,False,True,False,False,False,False,False,False,False
5194504,STATE_ARMED,11.8,0.0,89.0,0.0,0.0,0.0,4.5,0.5,0.5,5.0,13.0,46.0,79.0,75.5,18.0,0.0,0.0,45.0,1,46.501,6.6005,8500.0,450.0,0.0,10,4.5,45.0,8498.7,-12.3,8500.0,False,False,False,False,False,False,False,False,False,False,False,True,True,True,True,False,True,False,False,False,False,False,False,False
5195009,STATE_ARMED,11.8,0.0,89.0,0.0,0.0,0.0,4.5,0.5,0.5,5.0,13.0,46.0,79.0,75.5,18.0,0.0,0.0,45.0,1,46.501,6.6005,8500.0,450.0,0.0,10,4.5,45.0,8498.7,-12.3,8500.0,False,False,False,False,False,False,False,False,False,False,False,True,True,True,True,False,True,False,False,False,False,False,False,False
5195513,STATE_ARMED,11.8,0.0,89.0,0.0,0.0,0.0,4.5,0.5,0.5,5.0,13.0,46.0,79.0,75.5,18.0,0.0,0.0,45.0,1,46.501,6.6005,8500.0,450.0,0.0,10,4.5,45.0,8498.7,-12.3,8500.0,False,False,False,False,False,False,False,False,False,False,False,True,True,True,True,False,True,False,False,False,False,False,False,False
5196017,STATE_ARMED,11.8,0.0,89.0,0.0,0.0,0.0,4.5,0.5,0.5,5.0,13.0,46.0,79.0,75.5,18.0,0.0,0.0,45.0,1,46.501,6.6005,8500.0,450.0,0.0,10,4.5,45.0,8498.7,-12.3,8500.0,False,False,False,False,False,False,False,False,False,False,False,True,True,True,True,False,True,False,False,False,False,False,False,False
5196522,STATE_ARMED,11.8,0.0,89.0,0.0,0.0,0.0,4.5,0.5,0.5,5.0,13.0,46.0,79.0,75.5,18.0,0.0,0.0,45.0,1,46.501,6.6005,8500.0,450.0,0.0,10,4.5,45.0,8498.7,-12.3,8500.0,False,False,False,False,False,False,False,False,False,False,False,True,True,True,True,False,True,False,False,False,False,False,False,False
5197027,STATE_ARMED,11.8,0.0,89.0,0.0,0.0,0.0,4.5,0.5,0.5,5.0,13.0,46.0,79.0,75.5,18.0,0.0,0.0,45.0,1,46.501,6.6005,8500.0,450.0,0.0,10,4.5,45.0,8498.7,-12.3,8500.0,False,False,False,False,False,False,False,False,False,False,False,True,True,True,True,False,True,False,False,False,False,False,False,False
5197531,STATE_ARMED,11.8,0.0,89.0,0.0,0.0,0.0,4.5,0.5,0.5,5.0,13.0,46.0,79.0,75.5,18.0,0.0,0.0,45.0,1,46.501,6.6005,8500.0,450.0,0.0,10,4.5,45.0,8498.7,-12.3,8500.0,False,False,False,False,False,False,False,False,False,False,False,True,True,True,True,False,True,False,False,False,False,False,False,False
5198037,STATE_ARMED,11.8,0.0,89.0,0.0,0.0,0.0,4.5,0.5,0.5,5.0,13.0,46.0,79.0,75.5,18.0,0.0,0.0,45.0,1,46.501,6.6005,8500.0,450.0,0.0,10,4.5,45.0,8498.7,-12.3,8500.0,False,False,False,False,False,False,False,False,False,False,False,True,True,True,True,False,True,False,False,False,False,False,False,False
5198540,STATE_ARMED,11.8,0.0,89.0,0.0,0.0,0.0,4.5,0.5,0.5,5.0,13.0,46.0,79.0,75.5,18.0,0.0,0.0,45.0,1,46.501,6.6005,8500.0,450.0,0.0,10,4.5,45.0,8498.7,-12.3,8500.0,False,False,False,False,False,False,False,False,False,False,False,True,True,True,True,False,True,False,False,False,False,False,False,False
5199044,STATE_ARMED,11.8,0.0,89.0,0.0,0.0,0.0,4.5,0.5,0.5,5.0,13.0,46.0,79.0,75.5,18.0,0.0,0.0,45.0,1,46.501,6.6005,8500.0,450.0,0.0,10,4.5,45.0,8498.7,-12.3,8500.0,False,False,False,False,False,False,False,False,False,False,False,True,True,True,True,False,True,False,False,False,False,False,False,False
5199547,STATE_ARMED,11.8,0.0,89.0,0.0,0.0,0.0,4.5,0.5,0.5,5.0,13.0,46.0,79.0,75.5,18.0,0.0,0.0,45.0,1,46.501,6.6005,8500.0,450.0,0.0,10,4.5,45.0,8498.7,-12.3,8500.0,False,False,False,False,False,False,False,False,False,False,False,True,True,True,True,False,True,False,False,False,False,False,False,False
5200054,STATE_ARMED,11.8,0.0,89.0,0.0,0.0,0.0,4.5,0.5,0.5,5.0,13.0,46.0,79.0,75.5,18.0,0.0,0.0,45.0,1,46.501,6.6005,8500.0,450.0,0.0,10,4.5,45.0,8498.7,-12.3,8500.0,False,False,False,False,False,False,False,False,False,False,False,True,True,True,True,False,True,False,False,False,False,False,False,False
5200559,STATE_ARMED,11.8,0.0,89.0,0.0,0.0,0.0,4.5,0.5,0.5,5.0,13.0,46.0,79.0,75.5,18.0,0.0,0.0,45.0,1,46.501,6.6005,8500.0,450.0,0.0,10,4.5,45.0,8498.7,-12.3,8500.0,False,False,False,False,False,False,False,False,False,False,False,True,True,True,True,False,True,False,False,False,False,False,False,False
5201062,STATE_ARMED,11.8,0.0,89.0,0.0,0.0,0.0,4.5,0.5,0.5,5.0,13.0,46.0,79.0,75.5,18.0,0.0,0.0,45.0,1,46.501,6.6005,8500.0,450.0,0.0,10,4.5,45.0,8498.7,-12.3,8500.0,False,False,False,False,False,False,False,False,False,False,False,True,True,True,True,False,True,False,False,False,False,False,False,False
5201568,STATE_ARMED,11.8,0.0,89.0,0.0,0.0,0.0,4.5,0.5,0.5,5.0,13.0,46.0,79.0,75.5,18.0,0.0,0.0,45.0,1,46.501,6.6005,8500.0,450.0,0.0,10,4.5,45.0,8498.7,-12.3,8500.0,False,False,False,False,False,False,False,False,False,False,False,True,True,True,True,False,True,False,False,False,False,False,False,False
5202074,STATE_ARMED,11.8,0.0,89.0,0.0,0.0,0.0,4.5,0.5,0.5,5.0,13.0,46.0,79.0,75.5,18.0,0.0,0.0,45.0,1,46.501,6.6005,8500.0,450.0,0.0,10,4.5,45.0,8498.7,-12.3,8500.0,False,False,False,False,False,False,False,False,False,False,False,True,True,True,True,False,True,False,False,False,False,False,False,False
5202579,STATE_ARMED,11.8,0.0,89.0,0.0,0.0,0.0,4.5,0.5,0.5,5.0,13.0,46.0,79.0,75.5,18.0,0.0,0.0,45.0,1,46.501,6.6005,8500.0,450.0,0.0,10,4.5,45.0,8498.7,-12.3,8500.0,False,False,False,False,False,False,False,False,False,False,False,True,True,True,True,False,True,False,False,False,False,False,False,False
5203083,STATE_ARMED,11.8,0.0,89.0,0.0,0.0,0.0,4.5,0.5,0.5,5.0,13.0,46.0,79.0,75.5,18.0,0.0,0.0,45.0,1,46.501,6.6005,8500.0,450.0,0.0,10,4.5,45.0,8498.7,-12.3,8500.0,False,False,False,False,False,False,False,False,False,False,False,True,True,True,True,False,True,False,False,False,False,False,False,False
5203589,STATE_ARMED,11.8,0.0,89.0,0.0,0.0,0.0,4.5,0.5,0.5,5.0,13.0,46.0,79.0,75.5,18.0,0.0,0.0,45.0,1,46.501,6.6005,8500.0,450.0,0.0,10,4.5,45.0,8498.7,-12.3,8500.0,False,False,False,False,False,False,False,False,False,False,False,True,True,True,True,False,True,False,False,False,False,False,False,False
5204091,STATE_ARMED,11.8,0.0,89.0,0.0,0.0,0.0,4.5,0.5,0.5,5.0,13.0,46.0,79.0,75.5,18.0,0.0,0.0,45.0,1,46.501,6.6005,8500.0,450.0,0.0,10,4.5,45.0,8498.7,-12.3,8500.0,False,False,False,False,False,False,False,False,False,False,False,True,True,True,True,False,True,False,False,False,False,False,False,False
5204597,STATE_ARMED,11.8,0.0,89.0,0.0,0.0,0.0,4.5,0.5,0.5,5.0,13.0,46.0,79.0,75.5,18.0,0.0,0.0,45.0,1,46.501,6.6005,8500.0,450.0,0.0,10,4.5,45.0,8498.7,-12.3,8500.0,False,False,False,False,False,False,False,False,False,False,False,True,True,True,True,False,True,False,False,False,False,False,False,False
5205100,STATE_ARMED,11.8,0.0,89.0,0.0,0.0,0.0,4.5,0.5,0.5,5.0,13.0,46.0,79.0,75.5,18.0,0.0,0.0,45.0,1,46.501,6.6005,8500.0,450.0,0.0,10,4.5,45.0,8498.7,-12.3,8500.0,False,False,False,False,False,False,False,False,False,False,False,True,True,True,True,False,True,False,False,False,False,False,False,False
5205605,STATE_ARMED,11.8,0.0,89.0,0.0,0.0,0.0,4.5,0.5,0.5,5.0,13.0,46.0,79.0,75.5,18.0,0.0,0.0,45.0,1,46.501,6.6005,8500.0,450.0,0.0,10,4.5,45.0,8498.7,-12.3,8500.0,False,False,False,False,False,False,False,False,False,False,False,True,True,True,True,False,True,False,False,False,False,False,False,False
5206112,STATE_ARMED,11.8,0.0,89.0,0.0,0.0,0.0,4.5,0.5,0.5,5.0,13.0,46.0,79.0,75.5,18.0,0.0,0.0,45.0,1,46.501,6.6005,8500.0,450.0,0.0,10,4.5,45.0,8498.7,-12.3,8500.0,False,False,False,False,False,False,False,False,False,False,False,True,True,True,True,False,True,False,False,False,False,False,False,False
5206620,STATE_ARMED,11.8,0.0,89.0,0.0,0.0,0.0,4.5,0.5,0.5,5.0,13.0,46.0,79.0,75.5,18.0,0.0,0.0,45.0,1,46.501,6.6005,8500.0,450.0,0.0,10,4.5,45.0,8498.7,-12.3,8500.0,False,False,False,False,False,False,False,False,False,False,False,True,True,True,True,False,True,False,False,False,False,False,False,False
5207122,STATE_ARMED,11.8,0.0,89.0,0.0,0.0,0.0,4.5,0.5,0.5,5.0,13.0,46.0,79.0,75.5,18.0,0.0,0.0,45.0,1,46.501,6.6005,8500.0,450.0,0.0,10,4.5,45.0,8498.7,-12.3,8500.0,False,False,False,False,False,False,False,False,False,False,False,True,True,True,True,False,True,False,False,False,False,False,False,False
5207628,STATE_ARMED,11.8,0.0,89.0,0.0,0.0,0.0,4.5,0.5,0.5,5.0,13.0,46.0,79.0,75.5,18.0,0.0,0.0,45.0,1,46.501,6.6005,8500.0,450.0,0.0,10,4.5,45.0,8498.7,-12.3,8500.0,False,False,False,False,False,False,False,False,False,False,False,True,True,True,True,False,True,False,False,False,False,False,False,False
5208131,STATE_ARMED,11.8,0.0,89.0,0.0,0.0,0.0,4.5,0.5,0.5,5.0,13.0,46.0,79.0,75.5,18.0,0.0,0.0,45.0,1,46.501,6.6005,8500.0,450.0,0.0,10,4.5,45.0,8498.7,-12.3,8500.0,False,False,False,False,False,False,False,False,False,False,False,True,True,True,True,False,True,False,False,False,False,False,False,False
5208635,STATE_ARMED,11.8,0.0,89.0,0.0,0.0,0.0,4.5,0.5,0.5,5.0,13.0,46.0,79.0,75.5,18.0,0.0,0.0,45.0,1,46.501,6.6005,8500.0,450.0,0.0,10,4.5,45.0,8498.7,-12.3,8500.0,False,False,False,False,False,False,False,False,False,False,False,True,True,True,True,False,True,False,False,False,False,False,False,False
5209142,STATE_ARMED,11.8,0.0,89.0,0.0,0.0,0.0,4.5,0.5,0.5,5.0,13.0,46.0,79.0,75.5,18.0,0.0,0.0,45.0,1,46.501,6.6005,8500.0,450.0,0.0,10,4.5,45.0,8498.7,-12.3,8500.0,False,False,False,False,False,False,False,False,False,False,False,True,True,True,True,False,True,False,False,False,False,False,False,False
5209652,STATE_ARMED,11.8,0.0,89.0,0.0,0.0,0.0,4.5,0.5,0.5,5.0,13.0,46.0,79.0,75.5,18.0,0.0,0.0,45.0,1,46.501,6.6005,8500.0,450.0,0.0,10,4.5,45.0,8498.7,-12.3,8500.0,False,False,False,False,False,False,False,False,False,False,False,True,True,True,True,False,True,False,False,False,False,False,False,False
5210154,STATE_ARMED,11.8,0.0,89.0,0.0,0.0,0.0,4.5,0.5,0.5,5.0,13.0,46.0,79.0,75.5,18.0,0.0,0.0,45.0,1,46.501,6.6005,8500.0,450.0,0.0,10,4.5,45.0,8498.7,-12.3,8500.0,False,False,False,False,False,False,False,False,False,False,False,True,True,True,True,False,True,False,False,False,False,False,False,False
5210660,STATE_ARMED,11.8,0.0,89.0,0.0,0.0,0.0,4.5,0.5,0.5,5.0,13.0,46.0,79.0,75.5,18.0,0.0,0.0,45.0,1,46.501,6.6005,8500.0,450.0,0.0,10,4.5,45.0,8498.7,-12.3,8500.0,False,False,False,False,False,False,False,False,False,False,False,True,True,True,True,False,True,False,False,False,False,False,False,False
5211165,STATE_ARMED,11.8,0.0,89.0,0.0,0.0,0.0,4.5,0.5,0.5,5.0,13.0,46.0,79.0,75.5,18.0,0.0,0.0,45.0,1,46.501,6.6005,8500.0,450.0,0.0,10,4.5,45.0,8498.7,-12.3,8500.0,False,False,False,False,False,False,False,False,False,False,False,True,True,True,True,False,True,False,False,False,False,False,False,False
5211673,STATE_ARMED,11.8,0.0,89.0,0.0,0.0,0.0,4.5,0.5,0.5,5.0,13.0,46.0,79.0,75.5,18.0,0.0,0.0,45.0,1,46.501,6.6005,8500.0,450.0,0.0,10,4.5,45.0,8498.7,-12.3,8500.0,False,False,False,False,False,False,False,False,False,False,False,True,True,True,True,False,True,False,False,False,False,False,False,False
5212175,STATE_ARMED,11.8,0.0,89.0,0.0,0.0,0.0,4.5,0.5,0.5,5.0,13.0,46.0,79.0,75.5,18.0,0.0,0.0,45.0,1,46.501,6.6005,8500.0,450.0,0.0,10,4.5,45.0,8498.7,-12.3,8500.0,False,False,False,False,False,False,False,False,False,False,False,True,True,True,True,False,True,False,False,False,False,False,False,False
5212677,STATE_ARMED,11.8,0.0,89.0,0.0,0.0,0.0,4.5,0.5,0.5,5.0,13.0,46.0,79.0,75.5,18.0,0.0,0.0,45.0,1,46.501,6.6005,8500.0,450.0,0.0,10,4.5,45.0,8498.7,-12.3,8500.0,False,False,False,False,False,False,False,False,False,False,False,True,True,True,True,False,True,False,False,False,False,False,False,False
5213186,STATE_ARMED,11.8,0.0,89.0,0.0,0.0,0.0,4.5,0.5,0.5,5.0,13.0,46.0,79.0,75.5,18.0,0.0,0.0,45.0,1,46.501,6.6005,8500.0,450.0,0.0,10,4.5,45.0,8498.7,-12.3,8500.0,False,False,False,False,False,False,False,False,False,False,False,True,True,True,True,False,True,False,False,False,False,False,False,False
5213691,STATE_ARMED,11.8,0.0,89.0,0.0,0.0,0.0,4.5,0.5,0.5,5.0,13.0,46.0,79.0,75.5,18.0,0.0,0.0,45.0,1,46.501,6.6005,8500.0,450.0,0.0,10,4.5,45.0,8498.7,-12.3,8500.0,False,False,False,False,False,False,False,False,False,False,False,True,True,True,True,False,True,False,False,False,False,False,False,False
5214194,STATE_ARMED,11.8,0.0,89.0,0.0,0.0,0.0,4.5,0.5,0.5,5.0,13.0,46.0,79.0,75.5,18.0,0.0,0.0,45.0,1,46.501,6.6005,8500.0,450.0,0.0,10,4.5,45.0,8498.7,-12.3,8500.0,False,False,False,False,False,False,False,False,False,False,False,True,True,True,True,False,True,False,False,False,False,False,False,False
5214703,STATE_ARMED,11.8,0.0,89.0,0.0,0.0,0.0,4.5,0.5,0.5,5.0,13.0,46.0,79.0,75.5,18.0,0.0,0.0,45.0,1,46.501,6.6005,8500.0,450.0,0.0,10,4.5,45.0,8498.7,-12.3,8500.0,False,False,False,False,False,False,False,False,False,False,False,True,True,True,True,False,True,False,False,False,False,False,False,False
5215208,STATE_ARMED,11.8,0.0,89.0,0.0,0.0,0.0,4.5,0.5,0.5,5.0,13.0,46.0,79.0,75.5,18.0,0.0,0.0,45.0,1,46.501,6.6005,8500.0,450.0,0.0,10,4.5,45.0,8498.7,-12.3,8500.0,False,False,False,False,False,False,False,False,False,False,False,True,True,True,True,False,True,False,False,False,False,False,False,False
5215712,STATE_ARMED,11.8,0.0,89.0,0.0,0.0,0.0,4.5,0.5,0.5,5.0,13.0,46.0,79.0,75.5,18.0,0.0,0.0,45.0,1,46.501,6.6005,8500.0,450.0,0.0,10,4.5,45.0,8498.7,-12.3,8500.0,False,False,False,False,False,False,False,False,False,False,False,True,True,True,True,False,True,False,False,False,False,False,False,False
5216217,STATE_ARMED,11.8,0.0,89.0,0.0,0.0,0.0,4.5,0.5,0.5,5.0,13.0,46.0,79.0,75.5,18.0,0.0,0.0,45.0,1,46.501,6.6005,8500.0,450.0,0.0,10,4.5,45.0,8498.7,-12.3,8500.0,False,False,False,False,False,False,False,False,False,False,False,True,True,True,True,False,True,False,False,False,False,False,False,False
5216724,STATE_ARMED,11.8,0.0,89.0,0.0,0.0,0.0,4.5,0.5,0.5,5.0,13.0,46.0,79.0,75.5,18.0,0.0,0.0,45.0,1,46.501,6.6005,8500.0,450.0,0.0,10,4.5,45.0,8498.7,-12.3,8500.0,False,False,False,False,False,False,False,False,False,False,False,True,True,True,True,False,True,False,False,False,False,False,False,False
5217226,STATE_ARMED,11.8,0.0,89.0,0.0,0.0,0.0,4.5,0.5,0.5,5.0,13.0,46.0,79.0,75.5,18.0,0.0,0.0,45.0,1,46.501,6.6005,8500.0,450.0,0.0,10,4.5,45.0,8498.7,-12.3,8500.0,False,False,False,False,False,False,False,False,False,False,False,True,True,True,True,False,True,False,False,False,False,False,False,False
5217734,STATE_ARMED,11.8,0.0,89.0,0.0,0.0,0.0,4.5,0.5,0.5,5.0,13.0,46.0,79.0,75.5,18.0,0.0,0.0,45.0,1,46.501,6.6005,8500.0,450.0,0.0,10,4.5,45.0,8498.7,-12.3,8500.0,False,False,False,False,False,False,False,False,False,False,False,True,True,True,True,False,True,False,False,False,False,False,False,False
5218242,STATE_ARMED,11.8,0.0,89.0,0.0,0.0,0.0,4.5,0.5,0.5,5.0,13.0,46.0,79.0,75.5,18.0,0.0,0.0,45.0,1,46.501,6.6005,8500.0,450.0,0.0,10,4.5,45.0,8498.7,-12.3,8500.0,False,False,False,False,False,False,False,False,False,False,False,True,True,True,True,False,True,False,False,False,False,False,False,False
5218747,STATE_ARMED,11.8,0.0,89.0,0.0,0.0,0.0,4.5,0.5,0.5,5.0,13.0,46.0,79.0,75.5,18.0,0.0,0.0,45.0,1,46.501,6.6005,8500.0,450.0,0.0,10,4.5,45.0,8498.7,-12.3,8500.0,False,False,False,False,False,False,False,False,False,False,False,True,True,True,True,False,True,False,False,False,False,False,False,False
5219250,STATE_ARMED,11.8,0.0,89.0,0.0,0.0,0.0,4.5,0.5,0.5,5.0,13.0,46.0,79.0,75.5,18.0,0.0,0.0,45.0,1,46.501,6.6005,8500.0,450.0,0.0,10,4.5,45.0,8498.7,-12.3,8500.0,False,False,False,False,False,False,False,False,False,False,False,True,True,True,True,False,True,False,False,False,False,False,False,False
5219753,STATE_ARMED,11.8,0.0,89.0,0.0,0.0,0.0,4.5,0.5,0.5,5.0,13.0,46.0,79.0,75.5,18.0,0.0,0.0,45.0,1,46.501,6.6005,8500.0,450.0,0.0,10,4.5,45.0,8498.7,-12.3,8500.0,False,False,False,False,False,False,False,False,False,False,False,True,True,True,True,False,True,False,False,False,False,False,False,False
5220257,STATE_ARMED,11.8,0.0,89.0,0.0,0.0,0.0,4.5,0.5,0.5,5.0,13.0,46.0,79.0,75.5,18.0,0.0,0.0,45.0,1,46.501,6.6005,8500.0,450.0,0.0,10,4.5,45.0,8498.7,-12.3,8500.0,False,False,False,False,False,False,False,False,False,False,False,True,True,True,True,False,True,False,False,False,False,False,False,False
5220763,STATE_ARMED,11.8,0.0,89.0,0.0,0.0,0.0,4.5,0.5,0.5,5.0,13.0,46.0,79.0,75.5,18.0,0.0,0.0,45.0,1,46.501,6.6005,8500.0,450.0,0.0,10,4.5,45.0,8498.7,-12.3,8500.0,False,False,False,False,False,False,False,False,False,False,False,True,True,True,True,False,True,False,False,False,False,False,False,False
5221266,STATE_ARMED,11.8,0.0,89.0,0.0,0.0,0.0,4.5,0.5,0.5,5.0,13.0,46.0,79.0,75.5,18.0,0.0,0.0,45.0,1,46.501,6.6005,8500.0,450.0,0.0,10,4.5,45.0,8498.7,-12.3,8500.0,False,False,False,False,False,False,False,False,False,False,False,True,True,True,True,False,True,False,False,False,False,False,False,False
5221771,STATE_ARMED,11.8,0.0,89.0,0.0,0.0,0.0,4.5,0.5,0.5,5.0,13.0,46.0,79.0,75.5,18.0,0.0,0.0,45.0,1,46.501,6.6005,8500.0,450.0,0.0,10,4.5,45.0,8498.7,-12.3,8500.0,False,False,False,False,False,False,False,False,False,False,False,True,True,True,True,False,True,False,False,False,False,False,False,False
5222277,STATE_ARMED,11.8,0.0,89.0,0.0,0.0,0.0,4.5,0.5,0.5,5.0,13.0,46.0,79.0,75.5,18.0,0.0,0.0,45.0,1,46.501,6.6005,8500.0,450.0,0.0,10,4.5,45.0,8498.7,-12.3,8500.0,False,False,False,False,False,False,False,False,False,False,False,True,True,True,True,False,True,False,False,False,False,False,False,False
5222783,STATE_ARMED,11.8,0.0,89.0,0.0,0.0,0.0,4.5,0.5,0.5,5.0,13.0,46.0,79.0,75.5,18.0,0.0,0.0,45.0,1,46.501,6.6005,8500.0,450.0,0.0,10,4.5,45.0,8498.7,-12.3,8500.0,False,False,False,False,False,False,False,False,False,False,False,True,True,True,True,False,True,False,False,False,False,False,False,False
5223286,STATE_ARMED,11.8,0.0,89.0,0.0,0.0,0.0,4.5,0.5,0.5,5.0,13.0,46.0,79.0,75.5,18.0,0.0,0.0,45.0,1,46.501,6.6005,8500.0,450.0,0.0,10,4.5,45.0,8498.7,-12.3,8500.0,False,False,False,False,False,False,False,False,False,False,False,True,True,True,True,False,True,False,False,False,False,False,False,False
5223787,STATE_ARMED,11.8,0.0,89.0,0.0,0.0,0.0,4.5,0.5,0.5,5.0,13.0,46.0,79.0,75.5,18.0,0.0,0.0,45.0,1,46.501,6.6005,8500.0,450.0,0.0,10,4.5,45.0,8498.7,-12.3,8500.0,False,False,False,False,False,False,False,False,False,False,False,True,True,True,True,False,True,False,False,False,False,False,False,False
5224289,STATE_ARMED,11.8,0.0,89.0,0.0,0.0,0.0,4.5,0.5,0.5,5.0,13.0,46.0,79.0,75.5,18.0,0.0,0.0,45.0,1,46.501,6.6005,8500.0,450.0,0.0,10,4.5,45.0,8498.7,-12.3,8500.0,False,False,False,False,False,False,False,False,False,False,False,True,True,True,True,False,True,False,False,False,False,False,False,False
5224793,STATE_ARMED,11.8,0.0,89.0,0.0,0.0,0.0,4.5,0.5,0.5,5.0,13.0,46.0,79.0,75.5,18.0,0.0,0.0,45.0,1,46.501,6.6005,8500.0,450.0,0.0,10,4.5,45.0,8498.7,-12.3,8500.0,False,False,False,False,False,False,False,False,False,False,False,True,True,True,True,False,True,False,False,False,False,False,False,False
5225294,STATE_ARMED,11.8,0.0,89.0,0.0,0.0,0.0,4.5,0.5,0.5,5.0,13.0,46.0,79.0,75.5,18.0,0.0,0.0,45.0,1,46.501,6.6005,8500.0,450.0,0.0,10,4.5,45.0,8498.7,-12.3,8500.0,False,False,False,False,False,False,False,False,False,False,False,True,True,True,True,False,True,False,False,False,False,False,False,False
5225804,STATE_ARMED,11.8,0.0,89.0,0.0,0.0,0.0,4.5,0.5,0.5,5.0,13.0,46.0,79.0,75.5,18.0,0.0,0.0,45.0,1,46.501,6.6005,8500.0,450.0,0.0,10,4.5,45.0,8498.7,-12.3,8500.0,False,False,False,False,False,False,False,False,False,False,False,True,True,True,True,False,True,False,False,False,False,False,False,False
5226306,STATE_ARMED,11.8,0.0,89.0,0.0,0.0,0.0,4.5,0.5,0.5,5.0,13.0,46.0,79.0,75.5,18.0,0.0,0.0,45.0,1,46.501,6.6005,8500.0,450.0,0.0,10,4.5,45.0,8498.7,-12.3,8500.0,False,False,False,False,False,False,False,False,False,False,False,True,True,True,True,False,True,False,False,False,False,False,False,False
5226813,STATE_ARMED,11.8,0.0,89.0,0.0,0.0,0.0,4.5,0.5,0.5,5.0,13.0,46.0,79.0,75.5,18.0,0.0,0.0,45.0,1,46.501,6.6005,8500.0,450.0,0.0,10,4.5,45.0,8498.7,-12.3,8500.0,False,False,False,False,False,False,False,False,False,False,False,True,True,True,True,False,True,False,False,False,False,False,False,False
5227318,STATE_ARMED,11.8,0.0,89.0,0.0,0.0,0.0,4.5,0.5,0.5,5.0,13.0,46.0,79.0,75.5,18.0,0.0,0.0,45.0,1,46.501,6.6005,8500.0,450.0,0.0,10,4.5,45.0,8498.7,-12.3,8500.0,False,False,False,False,False,False,False,False,False,False,False,True,True,True,True,False,True,False,False,False,False,False,False,False
5227824,STATE_ARMED,11.8,0.0,89.0,0.0,0.0,0.0,4.5,0.5,0.5,5.0,13.0,46.0,79.0,75.5,18.0,0.0,0.0,45.0,1,46.501,6.6005,8500.0,450.0,0.0,10,4.5,45.0,8498.7,-12.3,8500.0,False,False,False,False,False,False,False,False,False,False,False,True,True,True,True,False,True,False,False,False,False,False,False,False
5228326,STATE_ARMED,11.8,0.0,89.0,0.0,0.0,0.0,4.5,0.5,0.5,5.0,13.0,46.0,79.0,75.5,18.0,0.0,0.0,45.0,1,46.501,6.6005,8500.0,450.0,0.0,10,4.5,45.0,8498.7,-12.3,8500.0,False,False,False,False,False,False,False,False,False,False,False,True,True,True,True,False,True,False,False,False,False,False,False,False
5228832,STATE_ARMED,11.8,0.0,89.0,0.0,0.0,0.0,4.5,0.5,0.5,5.0,13.0,46.0,79.0,75.5,18.0,0.0,0.0,45.0,1,46.501,6.6005,8500.0,450.0,0.0,10,4.5,45.0,8498.7,-12.3,8500.0,False,False,False,False,False,False,False,False,False,False,False,True,True,True,True,False,True,False,False,False,False,False,False,False
5229335,STATE_ARMED,11.8,0.0,89.0,0.0,0.0,0.0,4.5,0.5,0.5,5.0,13.0,46.0,79.0,75.5,18.0,0.0,0.0,45.0,1,46.501,6.6005,8500.0,450.0,0.0,10,4.5,45.0,8498.7,-12.3,8500.0,False,False,False,False,False,False,False,False,False,False,False,True,True,True,True,False,True,False,False,False,False,False,False,False
5229838,STATE_ARMED,11.8,0.0,89.0,0.0,0.0,0.0,4.5,0.5,0.5,5.0,13.0,46.0,79.0,75.5,18.0,0.0,0.0,45.0,1,46.501,6.6005,8500.0,450.0,0.0,10,4.5,45.0,8498.7,-12.3,8500.0,False,False,False,False,False,False,False,False,False,False,False,True,True,True,True,False,True,False,False,False,False,False,False,False
5230340,STATE_ARMED,11.8,0.0,89.0,0.0,0.0,0.0,4.5,0.5,0.5,5.0,13.0,46.0,79.0,75.5,18.0,0.0,0.0,45.0,1,46.501,6.6005,8500.0,450.0,0.0,10,4.5,45.0,8498.7,-12.3,8500.0,False,False,False,False,False,False,False,False,False,False,False,True,True,True,True,False,True,False,False,False,False,False,False,False
5230842,STATE_ARMED,11.8,0.0,89.0,0.0,0.0,0.0,4.5,0.5,0.5,5.0,13.0,46.0,79.0,75.5,18.0,0.0,0.0,45.0,1,46.501,6.6005,8500.0,450.0,0.0,10,4.5,45.0,8498.7,-12.3,8500.0,False,False,False,False,False,False,False,False,False,False,False,True,True,True,True,False,True,False,False,False,False,False,False,False
5231344,STATE_ARMED,11.8,0.0,89.0,0.0,0.0,0.0,4.5,0.5,0.5,5.0,13.0,46.0,79.0,75.5,18.0,0.0,0.0,45.0,1,46.501,6.6005,8500.0,450.0,0.0,10,4.5,45.0,8498.7,-12.3,8500.0,False,False,False,False,False,False,False,False,False,False,False,True,True,True,True,False,True,False,False,False,False,False,False,False
5231846,STATE_ARMED,11.8,0.0,89.0,0.0,0.0,0.0,4.5,0.5,0.5,5.0,13.0,46.0,79.0,75.5,18.0,0.0,0.0,45.0,1,46.501,6.6005,8500.0,450.0,0.0,10,4.5,45.0,8498.7,-12.3,8500.0,False,False,False,False,False,False,False,False,False,False,False,True,True,True,True,False,True,False,False,False,False,False,False,False
5232349,STATE_ARMED,11.8,0.0,89.0,0.0,0.0,0.0,4.5,0.5,0.5,5.0,13.0,46.0,79.0,75.5,18.0,0.0,0.0,45.0,1,46.501,6.6005,8500.0,450.0,0.0,10,4.5,45.0,8498.7,-12.3,8500.0,False,False,False,False,False,False,False,False,False,False,False,True,True,True,True,False,True,False,False,False,False,False,False,False
5232853,STATE_ARMED,11.8,0.0,89.0,0.0,0.0,0.0,4.5,0.5,0.5,5.0,13.0,46.0,79.0,75.5,18.0,0.0,0.0,45.0,1,46.501,6.6005,8500.0,450.0,0.0,10,4.5,45.0,8498.7,-12.3,8500.0,False,False,False,False,False,False,False,False,False,False,False,True,True,True,True,False,True,False,False,False,False,False,False,False
5233360,STATE_ARMED,11.8,0.0,89.0,0.0,0.0,0.0,4.5,0.5,0.5,5.0,13.0,46.0,79.0,75.5,18.0,0.0,0.0,45.0,1,46.501,6.6005,8500.0,450.0,0.0,10,4.5,45.0,8498.7,-12.3,8500.0,False,False,False,False,False,False,False,False,False,False,False,True,True,True,True,False,True,False,False,False,False,False,False,False
5233862,STATE_ARMED,11.8,0.0,89.0,0.0,0.0,0.0,4.5,0.5,0.5,5.0,13.0,46.0,79.0,75.5,18.0,0.0,0.0,45.0,1,46.501,6.6005,8500.0,450.0,0.0,10,4.5,45.0,8498.7,-12.3,8500.0,False,False,False,False,False,False,False,False,False,False,False,True,True,True,True,False,True,False,False,False,False,False,False,False
5234368,STATE_ARMED,11.8,0.0,89.0,0.0,0.0,0.0,4.5,0.5,0.5,5.0,13.0,46.0,79.0,75.5,18.0,0.0,0.0,45.0,1,46.501,6.6005,8500.0,450.0,0.0,10,4.5,45.0,8498.7,-12.3,8500.0,False,False,False,False,False,False,False,False,False,False,False,True,True,True,True,False,True,False,False,False,False,False,False,False
5234870,STATE_ARMED,11.8,0.0,89.0,0.0,0.0,0.0,4.5,0.5,0.5,5.0,13.0,46.0,79.0,75.5,18.0,0.0,0.0,45.0,1,46.501,6.6005,8500.0,450.0,0.0,10,4.5,45.0,8498.7,-12.3,8500.0,False,False,False,False,False,False,False,False,False,False,False,True,True,True,True,False,True,False,False,False,False,False,False,False
5235373,STATE_ARMED,11.8,0.0,89.0,0.0,0.0,0.0,4.5,0.5,0.5,5.0,13.0,46.0,79.0,75.5,18.0,0.0,0.0,45.0,1,46.501,6.6005,8500.0,450.0,0.0,10,4.5,45.0,8498.7,-12.3,8500.0,False,False,False,False,False,False,False,False,False,False,False,True,True,True,True,False,True,False,False,False,False,False,False,False
5235879,STATE_ARMED,11.8,0.0,89.0,0.0,0.0,0.0,4.5,0.5,0.5,5.0,13.0,46.0,79.0,75.5,18.0,0.0,0.0,45.0,1,46.501,6.6005,8500.0,450.0,0.0,10,4.5,45.0,8498.7,-12.3,8500.0,False,False,False,False,False,False,False,False,False,False,False,True,True,True,True,False,True,False,False,False,False,False,False,False
5236381,STATE_ARMED,11.8,0.0,89.0,0.0,0.0,0.0,4.5,0.5,0.5,5.0,13.0,46.0,79.0,75.5,18.0,0.0,0.0,45.0,1,46.501,6.6005,8500.0,450.0,0.0,10,4.5,45.0,8498.7,-12.3,8500.0,False,False,False,False,False,False,False,False,False,False,False,True,True,True,True,False,True,False,False,False,False,False,False,False
5236887,STATE_ARMED,11.8,0.0,89.0,0.0,0.0,0.0,4.5,0.5,0.5,5.0,13.0,46.0,79.0,75.5,18.0,0.0,0.0,45.0,1,46.501,6.6005,8500.0,450.0,0.0,10,4.5,45.0,8498.7,-12.3,8500.0,False,False,False,False,False,False,False,False,False,False,False,True,True,True,True,False,True,False,False,False,False,False,False,False
5237392,STATE_ARMED,11.8,0.0,89.0,0.0,0.0,0.0,4.5,0.5,0.5,5.0,13.0,46.0,79.0,75.5,18.0,0.0,0.0,45.0,1,46.501,6.6005,8500.0,450.0,0.0,10,4.5,45.0,8498.7,-12.3,8500.0,False,False,False,False,False,False,False,False,False,False,False,True,True,True,True,False,True,False,False,False,False,False,False,False
5237897,STATE_ARMED,11.8,0.0,89.0,0.0,0.0,0.0,4.5,0.5,0.5,5.0,13.0,46.0,79.0,75.5,18.0,0.0,0.0,45.0,1,46.501,6.6005,8500.0,450.0,0.0,10,4.5,45.0,8498.7,-12.3,8500.0,False,False,False,False,False,False,False,False,False,False,False,True,True,True,True,False,True,False,False,False,False,False,False,False
5238402,STATE_ARMED,11.8,0.0,89.0,0.0,0.0,0.0,4.5,0.5,0.5,5.0,13.0,46.0,79.0,75.5,18.0,0.0,0.0,45.0,1,46.501,6.6005,8500.0,450.0,0.0,10,4.5,45.0,8498.7,-12.3,8500.0,False,False,False,False,False,False,False,False,False,False,False,True,True,True,True,False,True,False,False,False,False,False,False,False
5238906,STATE_ARMED,11.8,0.0,89.0,0.0,0.0,0.0,4.5,0.5,0.5,5.0,13.0,46.0,79.0,75.5,18.0,0.0,0.0,45.0,1,46.501,6.6005,8500.0,450.0,0.0,10,4.5,45.0,8498.7,-12.3,8500.0,False,False,False,False,False,False,False,False,False,False,False,True,True,True,True,False,True,False,False,False,False,False,False,False
5239408,STATE_ARMED,11.8,0.0,89.0,0.0,0.0,0.0,4.5,0.5,0.5,5.0,13.0,46.0,79.0,75.5,18.0,0.0,0.0,45.0,1,46.501,6.6005,8500.0,450.0,0.0,10,4.5,45.0,8498.7,-12.3,8500.0,False,False,False,False,False,False,False,False,False,False,False,True,True,True,True,False,True,False,False,False,False,False,False,False
5239912,STATE_ARMED,11.8,0.0,89.0,0.0,0.0,0.0,4.5,0.5,0.5,5.0,13.0,46.0,79.0,75.5,18.0,0.0,0.0,45.0,1,46.501,6.6005,8500.0,450.0,0.0,10,4.5,45.0,8498.7,-12.3,8500.0,False,False,False,False,False,False,False,False,False,False,False,True,True,True,True,False,True,False,False,False,False,False,False,False
5240415,STATE_ARMED,11.8,0.0,89.0,0.0,0.0,0.0,4.5,0.5,0.5,5.0,13.0,46.0,79.0,75.5,18.0,0.0,0.0,45.0,1,46.501,6.6005,8500.0,450.0,0.0,10,4.5,45.0,8498.7,-12.3,8500.0,False,False,False,False,False,False,False,False,False,False,False,True,True,True,True,False,True,False,False,False,False,False,False,False
5240918,STATE_ARMED,11.8,0.0,89.0,0.0,0.0,0.0,4.5,0.5,0.5,5.0,13.0,46.0,79.0,75.5,18.0,0.0,0.0,45.0,1,46.501,6.6005,8500.0,450.0,0.0,10,4.5,45.0,8498.7,-12.3,8500.0,False,False,False,False,False,False,False,False,False,False,False,True,True,True,True,False,True,False,False,False,False,False,False,False
5241425,STATE_ARMED,11.8,0.0,89.0,0.0,0.0,0.0,4.5,0.5,0.5,5.0,13.0,46.0,79.0,75.5,18.0,0.0,0.0,45.0,1,46.501,6.6005,8500.0,450.0,0.0,10,4.5,45.0,8498.7,-12.3,8500.0,False,False,False,False,False,False,False,False,False,False,False,True,True,True,True,False,True,False,False,False,False,False,False,False
5241932,STATE_ARMED,11.8,0.0,89.0,0.0,0.0,0.0,4.5,0.5,0.5,5.0,13.0,46.0,79.0,75.5,18.0,0.0,0.0,45.0,1,46.501,6.6005,8500.0,450.0,0.0,10,4.5,45.0,8498.7,-12.3,8500.0,False,False,False,False,False,False,False,False,False,False,False,True,True,True,True,False,True,False,False,False,False,False,False,False
5242440,STATE_ARMED,11.8,0.0,89.0,0.0,0.0,0.0,4.5,0.5,0.5,5.0,13.0,46.0,79.0,75.5,18.0,0.0,0.0,45.0,1,46.501,6.6005,8500.0,450.0,0.0,10,4.5,45.0,8498.7,-12.3,8500.0,False,False,False,False,False,False,False,False,False,False,False,True,True,True,True,False,True,False,False,False,False,False,False,False
5242944,STATE_ARMED,11.8,0.0,89.0,0.0,0.0,0.0,4.5,0.5,0.5,5.0,13.0,46.0,79.0,75.5,18.0,0.0,0.0,45.0,1,46.501,6.6005,8500.0,450.0,0.0,10,4.5,45.0,8498.7,-12.3,8500.0,False,False,False,False,False,False,False,False,False,False,False,True,True,True,True,False,True,False,False,False,False,False,False,False
5243451,STATE_ARMED,11.8,0.0,89.0,0.0,0.0,0.0,4.5,0.5,0.5,5.0,13.0,46.0,79.0,75.5,18.0,0.0,0.0,45.0,1,46.501,6.6005,8500.0,450.0,0.0,10,4.5,45.0,8498.7,-12.3,8500.0,False,False,False,False,False,False,False,False,False,False,False,True,True,True,True,False,True,False,False,False,False,False,False,False
5243957,STATE_ARMED,11.8,0.0,89.0,0.0,0.0,0.0,4.5,0.5,0.5,5.0,13.0,46.0,79.0,75.5,18.0,0.0,0.0,45.0,1,46.501,6.6005,8500.0,450.0,0.0,10,4.5,45.0,8498.7,-12.3,8500.0,False,False,False,False,False,False,False,False,False,False,False,True,True,True,True,False,True,False,False,False,False,False,False,False
5244462,STATE_ARMED,11.8,0.0,89.0,0.0,0.0,0.0,4.5,0.5,0.5,5.0,13.0,46.0,79.0,75.5,18.0,0.0,0.0,45.0,1,46.501,6.6005,8500.0,450.0,0.0,10,4.5,45.0,8498.7,-12.3,8500.0,False,False,False,False,False,False,False,False,False,False,False,True,True,True,True,False,True,False,False,False,False,False,False,False
5244968,STATE_ARMED,11.8,0.0,89.0,0.0,0.0,0.0,4.5,0.5,0.5,5.0,13.0,46.0,79.0,75.5,18.0,0.0,0.0,45.0,1,46.501,6.6005,8500.0,450.0,0.0,10,4.5,45.0,8498.7,-12.3,8500.0,False,False,False,False,False,False,False,False,False,False,False,True,True,True,True,False,True,False,False,False,False,False,False,False
5245472,STATE_ARMED,11.8,0.0,89.0,0.0,0.0,0.0,4.5,0.5,0.5,5.0,13.0,46.0,79.0,75.5,18.0,0.0,0.0,45.0,1,46.501,6.6005,8500.0,450.0,0.0,10,4.5,45.0,8498.7,-12.3,8500.0,False,False,False,False,False,False,False,False,False,False,False,True,True,True,True,False,True,False,False,False,False,False,False,False
5245974,STATE_ARMED,11.8,0.0,89.0,0.0,0.0,0.0,4.5,0.5,0.5,5.0,13.0,46.0,79.0,75.5,18.0,0.0,0.0,45.0,1,46.501,6.6005,8500.0,450.0,0.0,10,4.5,45.0,8498.7,-12.3,8500.0,False,False,False,False,False,False,False,False,False,False,False,True,True,True,True,False,True,False,False,False,False,False,False,False
5246476,STATE_ARMED,11.8,0.0,89.0,0.0,0.0,0.0,4.5,0.5,0.5,5.0,13.0,46.0,79.0,75.5,18.0,0.0,0.0,45.0,1,46.501,6.6005,8500.0,450.0,0.0,10,4.5,45.0,8498.7,-12.3,8500.0,False,False,False,False,False,False,False,False,False,False,False,True,True,True,True,False,True,False,False,False,False,False,False,False
5246982,STATE_ARMED,11.8,0.0,89.0,0.0,0.0,0.0,4.5,0.5,0.5,5.0,13.0,46.0,79.0,75.5,18.0,0.0,0.0,45.0,1,46.501,6.6005,8500.0,450.0,0.0,10,4.5,45.0,8498.7,-12.3,8500.0,False,False,False,False,False,False,False,False,False,False,False,True,True,True,True,False,True,False,False,False,False,False,False,False
5247484,STATE_ARMED,11.8,0.0,89.0,0.0,0.0,0.0,4.5,0.5,0.5,5.0,13.0,46.0,79.0,75.5,18.0,0.0,0.0,45.0,1,46.501,6.6005,8500.0,450.0,0.0,10,4.5,45.0,8498.7,-12.3,8500.0,False,False,False,False,False,False,False,False,False,False,False,True,True,True,True,False,True,False,False,False,False,False,False,False
5247986,STATE_ARMED,11.8,0.0,89.0,0.0,0.0,0.0,4.5,0.5,0.5,5.0,13.0,46.0,79.0,75.5,18.0,0.0,0.0,45.0,1,46.501,6.6005,8500.0,450.0,0.0,10,4.5,45.0,8498.7,-12.3,8500.0,False,False,False,False,False,False,False,False,False,False,False,True,True,True,True,False,True,False,False,False,False,False,False,False
5248489,STATE_ARMED,11.8,0.0,89.0,0.0,0.0,0.0,4.5,0.5,0.5,5.0,13.0,46.0,79.0,75.5,18.0,0.0,0.0,45.0,1,46.501,6.6005,8500.0,450.0,0.0,10,4.5,45.0,8498.7,-12.3,8500.0,False,False,False,False,False,False,False,False,False,False,False,True,True,True,True,False,True,False,False,False,False,False,False,False
5248993,STATE_ARMED,11.8,0.0,89.0,0.0,0.0,0.0,4.5,0.5,0.5,5.0,13.0,46.0,79.0,75.5,18.0,0.0,0.0,45.0,1,46.501,6.6005,8500.0,450.0,0.0,10,4.5,45.0,8498.7,-12.3,8500.0,False,False,False,False,False,False,False,False,False,False,False,True,True,True,True,False,True,False,False,False,False,False,False,False
5249495,STATE_ARMED,11.8,0.0,89.0,0.0,0.0,0.0,4.5,0.5,0.5,5.0,13.0,46.0,79.0,75.5,18.0,0.0,0.0,45.0,1,46.501,6.6005,8500.0,450.0,0.0,10,4.5,45.0,8498.7,-12.3,8500.0,False,False,False,False,False,False,False,False,False,False,False,True,True,True,True,False,True,False,False,False,False,False,False,False
5250009,STATE_ARMED,11.8,0.0,89.0,0.0,0.0,0.0,4.5,0.5,0.5,5.0,13.0,46.0,79.0,75.5,18.0,0.0,0.0,45.0,1,46.501,6.6005,8500.0,450.0,0.0,10,4.5,45.0,8498.7,-12.3,8500.0,False,False,False,False,False,False,False,False,False,False,False,True,True,True,True,False,True,False,False,False,False,False,False,False
5250512,STATE_ARMED,11.8,0.0,89.0,0.0,0.0,0.0,4.5,0.5,0.5,5.0,13.0,46.0,79.0,75.5,18.0,0.0,0.0,45.0,1,46.501,6.6005,8500.0,450.0,0.0,10,4.5,45.0,8498.7,-12.3,8500.0,False,False,False,False,False,False,False,False,False,False,False,True,True,True,True,False,True,False,False,False,False,False,False,False
5251014,STATE_ARMED,11.8,0.0,89.0,0.0,0.0,0.0,4.5,0.5,0.5,5.0,13.0,46.0,79.0,75.5,18.0,0.0,0.0,45.0,1,46.501,6.6005,8500.0,450.0,0.0,10,4.5,45.0,8498.7,-12.3,8500.0,False,False,False,False,False,False,False,False,False,False,False,True,True,True,True,False,True,False,False,False,False,False,False,False
5251518,STATE_ARMED,11.8,0.0,89.0,0.0,0.0,0.0,4.5,0.5,0.5,5.0,13.0,46.0,79.0,75.5,18.0,0.0,0.0,45.0,1,46.501,6.6005,8500.0,450.0,0.0,10,4.5,45.0,8498.7,-12.3,8500.0,False,False,False,False,False,False,False,False,False,False,False,True,True,True,True,False,True,False,False,False,False,False,False,False
5252022,STATE_ARMED,11.8,0.0,89.0,0.0,0.0,0.0,4.5,0.5,0.5,5.0,13.0,46.0,79.0,75.5,18.0,0.0,0.0,45.0,1,46.501,6.6005,8500.0,450.0,0.0,10,4.5,45.0,8498.7,-12.3,8500.0,False,False,False,False,False,False,False,False,False,False,False,True,True,True,True,False,True,False,False,False,False,False,False,False
5252525,STATE_ARMED,11.8,0.0,89.0,0.0,0.0,0.0,4.5,0.5,0.5,5.0,13.0,46.0,79.0,75.5,18.0,0.0,0.0,45.0,1,46.501,6.6005,8500.0,450.0,0.0,10,4.5,45.0,8498.7,-12.3,8500.0,False,False,False,False,False,False,False,False,False,False,False,True,True,True,True,False,True,False,False,False,False,False,False,False
5253027,STATE_ARMED,11.8,0.0,89.0,0.0,0.0,0.0,4.5,0.5,0.5,5.0,13.0,46.0,79.0,75.5,18.0,0.0,0.0,45.0,1,46.501,6.6005,8500.0,450.0,0.0,10,4.5,45.0,8498.7,-12.3,8500.0,False,False,False,False,False,False,False,False,False,False,False,True,True,True,True,False,True,False,False,False,False,False,False,False
5253529,STATE_ARMED,11.8,0.0,89.0,0.0,0.0,0.0,4.5,0.5,0.5,5.0,13.0,46.0,79.0,75.5,18.0,0.0,0.0,45.0,1,46.501,6.6005,8500.0,450.0,0.0,10,4.5,45.0,8498.7,-12.3,8500.0,False,False,False,False,False,False,False,False,False,False,False,True,True,True,True,False,True,False,False,False,False,False,False,False
5254034,STATE_ARMED,11.8,0.0,89.0,0.0,0.0,0.0,4.5,0.5,0.5,5.0,13.0,46.0,79.0,75.5,18.0,0.0,0.0,45.0,1,46.501,6.6005,8500.0,450.0,0.0,10,4.5,45.0,8498.7,-12.3,8500.0,False,False,False,False,False,False,False,False,False,False,False,True,True,True,True,False,True,False,False,False,False,False,False,False
5254537,STATE_ARMED,11.8,0.0,89.0,0.0,0.0,0.0,4.5,0.5,0.5,5.0,13.0,46.0,79.0,75.5,18.0,0.0,0.0,45.0,1,46.501,6.6005,8500.0,450.0,0.0,10,4.5,45.0,8498.7,-12.3,8500.0,False,False,False,False,False,False,False,False,False,False,False,True,True,True,True,False,True,False,False,False,False,False,False,False
5255039,STATE_ARMED,11.8,0.0,89.0,0.0,0.0,0.0,4.5,0.5,0.5,5.0,13.0,46.0,79.0,75.5,18.0,0.0,0.0,45.0,1,46.501,6.6005,8500.0,450.0,0.0,10,4.5,45.0,8498.7,-12.3,8500.0,False,False,False,False,False,False,False,False,False,False,False,True,True,True,True,False,True,False,False,False,False,False,False,False
5255541,STATE_ARMED,11.8,0.0,89.0,0.0,0.0,0.0,4.5,0.5,0.5,5.0,13.0,46.0,79.0,75.5,18.0,0.0,0.0,45.0,1,46.501,6.6005,8500.0,450.0,0.0,10,4.5,45.0,8498.7,-12.3,8500.0,False,False,False,False,False,False,False,False,False,False,False,True,True,True,True,False,True,False,False,False,False,False,False,False
5256046,STATE_ARMED,11.8,0.0,89.0,0.0,0.0,0.0,4.5,0.5,0.5,5.0,13.0,46.0,79.0,75.5,18.0,0.0,0.0,45.0,1,46.501,6.6005,8500.0,450.0,0.0,10,4.5,45.0,8498.7,-12.3,8500.0,False,False,False,False,False,False,False,False,False,False,False,True,True,True,True,False,True,False,False,False,False,False,False,False
5256548,STATE_ARMED,11.8,0.0,89.0,0.0,0.0,0.0,4.5,0.5,0.5,5.0,13.0,46.0,79.0,75.5,18.0,0.0,0.0,45.0,1,46.501,6.6005,8500.0,450.0,0.0,10,4.5,45.0,8498.7,-12.3,8500.0,False,False,False,False,False,False,False,False,False,False,False,True,True,True,True,False,True,False,False,False,False,False,False,False
5257050,STATE_ARMED,11.8,0.0,89.0,0.0,0.0,0.0,4.5,0.5,0.5,5.0,13.0,46.0,79.0,75.5,18.0,0.0,0.0,45.0,1,46.501,6.6005,8500.0,450.0,0.0,10,4.5,45.0,8498.7,-12.3,8500.0,False,False,False,False,False,False,False,False,False,False,False,True,True,True,True,False,True,False,False,False,False,False,False,False
5257554,STATE_ARMED,11.8,0.0,89.0,0.0,0.0,0.0,4.5,0.5,0.5,5.0,13.0,46.0,79.0,75.5,18.0,0.0,0.0,45.0,1,46.501,6.6005,8500.0,450.0,0.0,10,4.5,45.0,8498.7,-12.3,8500.0,False,False,False,False,False,False,False,False,False,False,False,True,True,True,True,False,True,False,False,False,False,False,False,False
5258064,STATE_ARMED,11.8,0.0,89.0,0.0,0.0,0.0,4.5,0.5,0.5,5.0,13.0,46.0,79.0,75.5,18.0,0.0,0.0,45.0,1,46.501,6.6005,8500.0,450.0,0.0,10,4.5,45.0,8498.7,-12.3,8500.0,False,False,False,False,False,False,False,False,False,False,False,True,True,True,True,False,True,False,False,False,False,False,False,False
5258565,STATE_ARMED,11.8,0.0,89.0,0.0,0.0,0.0,4.5,0.5,0.5,5.0,13.0,46.0,79.0,75.5,18.0,0.0,0.0,45.0,1,46.501,6.6005,8500.0,450.0,0.0,10,4.5,45.0,8498.7,-12.3,8500.0,False,False,False,False,False,False,False,False,False,False,False,True,True,True,True,False,True,False,False,False,False,False,False,False
5259067,STATE_ARMED,11.8,0.0,89.0,0.0,0.0,0.0,4.5,0.5,0.5,5.0,13.0,46.0,79.0,75.5,18.0,0.0,0.0,45.0,1,46.501,6.6005,8500.0,450.0,0.0,10,4.5,45.0,8498.7,-12.3,8500.0,False,False,False,False,False,False,False,False,False,False,False,True,True,True,True,False,True,False,False,False,False,False,False,False
5259570,STATE_ARMED,11.8,0.0,89.0,0.0,0.0,0.0,4.5,0.5,0.5,5.0,13.0,46.0,79.0,75.5,18.0,0.0,0.0,45.0,1,46.501,6.6005,8500.0,450.0,0.0,10,4.5,45.0,8498.7,-12.3,8500.0,False,False,False,False,False,False,False,False,False,False,False,True,True,True,True,False,True,False,False,False,False,False,False,False
5260074,STATE_ARMED,11.8,0.0,89.0,0.0,0.0,0.0,4.5,0.5,0.5,5.0,13.0,46.0,79.0,75.5,18.0,0.0,0.0,45.0,1,46.501,6.6005,8500.0,450.0,0.0,10,4.5,45.0,8498.7,-12.3,8500.0,False,False,False,False,False,False,False,False,False,False,False,True,True,True,True,False,True,False,False,False,False,False,False,False
5260581,STATE_ARMED,11.8,0.0,89.0,0.0,0.0,0.0,4.5,0.5,0.5,5.0,13.0,46.0,79.0,75.5,18.0,0.0,0.0,45.0,1,46.501,6.6005,8500.0,450.0,0.0,10,4.5,45.0,8498.7,-12.3,8500.0,False,False,False,False,False,False,False,False,False,False,False,True,True,True,True,False,True,False,False,False,False,False,False,False
5261084,STATE_ARMED,11.8,0.0,89.0,0.0,0.0,0.0,4.5,0.5,0.5,5.0,13.0,46.0,79.0,75.5,18.0,0.0,0.0,45.0,1,46.501,6.6005,8500.0,450.0,0.0,10,4.5,45.0,8498.7,-12.3,8500.0,False,False,False,False,False,False,False,False,False,False,False,True,True,True,True,False,True,False,False,False,False,False,False,False
5261588,STATE_ARMED,11.8,0.0,89.0,0.0,0.0,0.0,4.5,0.5,0.5,5.0,13.0,46.0,79.0,75.5,18.0,0.0,0.0,45.0,1,46.501,6.6005,8500.0,450.0,0.0,10,4.5,45.0,8498.7,-12.3,8500.0,False,False,False,False,False,False,False,False,False,False,False,True,True,True,True,False,True,False,False,False,False,False,False,False
5262092,STATE_ARMED,11.8,0.0,89.0,0.0,0.0,0.0,4.5,0.5,0.5,5.0,13.0,46.0,79.0,75.5,18.0,0.0,0.0,45.0,1,46.501,6.6005,8500.0,450.0,0.0,10,4.5,45.0,8498.7,-12.3,8500.0,False,False,False,False,False,False,False,False,False,False,False,True,True,True,True,False,True,False,False,False,False,False,False,False
5262594,STATE_ARMED,11.8,0.0,89.0,0.0,0.0,0.0,4.5,0.5,0.5,5.0,13.0,46.0,79.0,75.5,18.0,0.0,0.0,45.0,1,46.501,6.6005,8500.0,450.0,0.0,10,4.5,45.0,8498.7,-12.3,8500.0,False,False,False,False,False,False,False,False,False,False,False,True,True,True,True,False,True,False,False,False,False,False,False,False
5263096,STATE_ARMED,11.8,0.0,89.0,0.0,0.0,0.0,4.5,0.5,0.5,5.0,13.0,46.0,79.0,75.5,18.0,0.0,0.0,45.0,1,46.501,6.6005,8500.0,450.0,0.0,10,4.5,45.0,8498.7,-12.3,8500.0,False,False,False,False,False,False,False,False,False,False,False,True,True,True,True,False,True,False,False,False,False,False,False,False
5263599,STATE_ARMED,11.8,0.0,89.0,0.0,0.0,0.0,4.5,0.5,0.5,5.0,13.0,46.0,79.0,75.5,18.0,0.0,0.0,45.0,1,46.501,6.6005,8500.0,450.0,0.0,10,4.5,45.0,8498.7,-12.3,8500.0,False,False,False,False,False,False,False,False,False,False,False,True,True,True,True,False,True,False,False,False,False,False,False,False
5264101,STATE_ARMED,11.8,0.0,89.0,0.0,0.0,0.0,4.5,0.5,0.5,5.0,13.0,46.0,79.0,75.5,18.0,0.0,0.0,45.0,1,46.501,6.6005,8500.0,450.0,0.0,10,4.5,45.0,8498.7,-12.3,8500.0,False,False,False,False,False,False,False,False,False,False,False,True,True,True,True,False,True,False,False,False,False,False,False,False
5264604,STATE_ARMED,11.8,0.0,89.0,0.0,0.0,0.0,4.5,0.5,0.5,5.0,13.0,46.0,79.0,75.5,18.0,0.0,0.0,45.0,1,46.501,6.6005,8500.0,450.0,0.0,10,4.5,45.0,8498.7,-12.3,8500.0,False,False,False,False,False,False,False,False,False,False,False,True,True,True,True,False,True,False,False,False,False,False,False,False
5265106,STATE_ARMED,11.8,0.0,89.0,0.0,0.0,0.0,4.5,0.5,0.5,5.0,13.0,46.0,79.0,75.5,18.0,0.0,0.0,45.0,1,46.501,6.6005,8500.0,450.0,0.0,10,4.5,45.0,8498.7,-12.3,8500.0,False,False,False,False,False,False,False,False,False,False,False,True,True,True,True,False,True,False,False,False,False,False,False,False
5265609,STATE_ARMED,11.8,0.0,89.0,0.0,0.0,0.0,4.5,0.5,0.5,5.0,13.0,46.0,79.0,75.5,18.0,0.0,0.0,45.0,1,46.501,6.6005,8500.0,450.0,0.0,10,4.5,45.0,8498.7,-12.3,8500.0,False,False,False,False,False,False,False,False,False,False,False,True,True,True,True,False,True,False,False,False,False,False,False,False
5266113,STATE_ARMED,11.8,0.0,89.0,0.0,0.0,0.0,4.5,0.5,0.5,5.0,13.0,46.0,79.0,75.5,18.0,0.0,0.0,45.0,1,46.501,6.6005,8500.0,450.0,0.0,10,4.5,45.0,8498.7,-12.3,8500.0,False,False,False,False,False,False,False,False,False,False,False,True,True,True,True,False,True,False,False,False,False,False,False,False
5266616,STATE_ARMED,11.8,0.0,89.0,0.0,0.0,0.0,4.5,0.5,0.5,5.0,13.0,46.0,79.0,75.5,18.0,0.0,0.0,45.0,1,46.501,6.6005,8500.0,450.0,0.0,10,4.5,45.0,8498.7,-12.3,8500.0,False,False,False,False,False,False,False,False,False,False,False,True,True,True,True,False,True,False,False,False,False,False,False,False
5267118,STATE_ARMED,11.8,0.0,89.0,0.0,0.0,0.0,4.5,0.5,0.5,5.0,13.0,46.0,79.0,75.5,18.0,0.0,0.0,45.0,1,46.501,6.6005,8500.0,450.0,0.0,10,4.5,45.0,8498.7,-12.3,8500.0,False,False,False,False,False,False,False,False,False,False,False,True,True,True,True,False,True,False,False,False,False,False,False,False
5267624,STATE_ARMED,11.8,0.0,89.0,0.0,0.0,0.0,4.5,0.5,0.5,5.0,13.0,46.0,79.0,75.5,18.0,0.0,0.0,45.0,1,46.501,6.6005,8500.0,450.0,0.0,10,4.5,45.0,8498.7,-12.3,8500.0,False,False,False,False,False,False,False,False,False,False,False,True,True,True,True,False,True,False,False,False,False,False,False,False
5268129,STATE_ARMED,11.8,0.0,89.0,0.0,0.0,0.0,4.5,0.5,0.5,5.0,13.0,46.0,79.0,75.5,18.0,0.0,0.0,45.0,1,46.501,6.6005,8500.0,450.0,0.0,10,4.5,45.0,8498.7,-12.3,8500.0,False,False,False,False,False,False,False,False,False,False,False,True,True,True,True,False,True,False,False,False,False,False,False,False
5268633,STATE_ARMED,11.8,0.0,89.0,0.0,0.0,0.0,4.5,0.5,0.5,5.0,13.0,46.0,79.0,75.5,18.0,0.0,0.0,45.0,1,46.501,6.6005,8500.0,450.0,0.0,10,4.5,45.0,8498.7,-12.3,8500.0,False,False,False,False,False,False,False,False,False,False,False,True,True,True,True,False,True,False,False,False,False,False,False,False
5269136,STATE_ARMED,11.8,0.0,89.0,0.0,0.0,0.0,4.5,0.5,0.5,5.0,13.0,46.0,79.0,75.5,18.0,0.0,0.0,45.0,1,46.501,6.6005,8500.0,450.0,0.0,10,4.5,45.0,8498.7,-12.3,8500.0,False,False,False,False,False,False,False,False,False,False,False,True,True,True,True,False,True,False,False,False,False,False,False,False
5269639,STATE_ARMED,11.8,0.0,89.0,0.0,0.0,0.0,4.5,0.5,0.5,5.0,13.0,46.0,79.0,75.5,18.0,0.0,0.0,45.0,1,46.501,6.6005,8500.0,450.0,0.0,10,4.5,45.0,8498.7,-12.3,8500.0,False,False,False,False,False,False,False,False,False,False,False,True,True,True,True,False,True,False,False,False,False,False,False,False
5270143,STATE_ARMED,11.8,0.0,89.0,0.0,0.0,0.0,4.5,0.5,0.5,5.0,13.0,46.0,79.0,75.5,18.0,0.0,0.0,45.0,1,46.501,6.6005,8500.0,450.0,0.0,10,4.5,45.0,8498.7,-12.3,8500.0,False,False,False,False,False,False,False,False,False,False,False,True,True,True,True,False,True,False,False,False,False,False,False,False
5270653,STATE_ARMED,11.8,0.0,89.0,0.0,0.0,0.0,4.5,0.5,0.5,5.0,13.0,46.0,79.0,75.5,18.0,0.0,0.0,45.0,1,46.501,6.6005,8500.0,450.0,0.0,10,4.5,45.0,8498.7,-12.3,8500.0,False,False,False,False,False,False,False,False,False,False,False,True,True,True,True,False,True,False,False,False,False,False,False,False
5271160,STATE_ARMED,11.8,0.0,89.0,0.0,0.0,0.0,4.5,0.5,0.5,5.0,13.0,46.0,79.0,75.5,18.0,0.0,0.0,45.0,1,46.501,6.6005,8500.0,450.0,0.0,10,4.5,45.0,8498.7,-12.3,8500.0,False,False,False,False,False,False,False,False,False,False,False,True,True,True,True,False,True,False,False,False,False,False,False,False
5271662,STATE_ARMED,11.8,0.0,89.0,0.0,0.0,0.0,4.5,0.5,0.5,5.0,13.0,46.0,79.0,75.5,18.0,0.0,0.0,45.0,1,46.501,6.6005,8500.0,450.0,0.0,10,4.5,45.0,8498.7,-12.3,8500.0,False,False,False,False,False,False,False,False,False,False,False,True,True,True,True,False,True,False,False,False,False,False,False,False
5272168,STATE_ARMED,11.8,0.0,89.0,0.0,0.0,0.0,4.5,0.5,0.5,5.0,13.0,46.0,79.0,75.5,18.0,0.0,0.0,45.0,1,46.501,6.6005,8500.0,450.0,0.0,10,4.5,45.0,8498.7,-12.3,8500.0,False,False,False,False,False,False,False,False,False,False,False,True,True,True,True,False,True,False,False,False,False,False,False,False
5272670,STATE_ARMED,11.8,0.0,89.0,0.0,0.0,0.0,4.5,0.5,0.5,5.0,13.0,46.0,79.0,75.5,18.0,0.0,0.0,45.0,1,46.501,6.6005,8500.0,450.0,0.0,10,4.5,45.0,8498.7,-12.3,8500.0,False,False,False,False,False,False,False,False,False,False,False,True,True,True,True,False,True,False,False,False,False,False,False,False
5273176,STATE_ARMED,11.8,0.0,89.0,0.0,0.0,0.0,4.5,0.5,0.5,5.0,13.0,46.0,79.0,75.5,18.0,0.0,0.0,45.0,1,46.501,6.6005,8500.0,450.0,0.0,10,4.5,45.0,8498.7,-12.3,8500.0,False,False,False,False,False,False,False,False,False,False,False,True,True,True,True,False,True,False,False,False,False,False,False,False
5273680,STATE_ARMED,11.8,0.0,89.0,0.0,0.0,0.0,4.5,0.5,0.5,5.0,13.0,46.0,79.0,75.5,18.0,0.0,0.0,45.0,1,46.501,6.6005,8500.0,450.0,0.0,10,4.5,45.0,8498.7,-12.3,8500.0,False,False,False,False,False,False,False,False,False,False,False,True,True,True,True,False,True,False,False,False,False,False,False,False
5274185,STATE_ARMED,11.8,0.0,89.0,0.0,0.0,0.0,4.5,0.5,0.5,5.0,13.0,46.0,79.0,75.5,18.0,0.0,0.0,45.0,1,46.501,6.6005,8500.0,450.0,0.0,10,4.5,45.0,8498.7,-12.3,8500.0,False,False,False,False,False,False,False,False,False,False,False,True,True,True,True,False,True,False,False,False,False,False,False,False
5274688,STATE_ARMED,11.8,0.0,89.0,0.0,0.0,0.0,4.5,0.5,0.5,5.0,13.0,46.0,79.0,75.5,18.0,0.0,0.0,45.0,1,46.501,6.6005,8500.0,450.0,0.0,10,4.5,45.0,8498.7,-12.3,8500.0,False,False,False,False,False,False,False,False,False,False,False,True,True,True,True,False,True,False,False,False,False,False,False,False
5275193,STATE_ARMED,11.8,0.0,89.0,0.0,0.0,0.0,4.5,0.5,0.5,5.0,13.0,46.0,79.0,75.5,18.0,0.0,0.0,45.0,1,46.501,6.6005,8500.0,450.0,0.0,10,4.5,45.0,8498.7,-12.3,8500.0,False,False,False,False,False,False,False,False,False,False,False,True,True,True,True,False,True,False,False,False,False,False,False,False
5275701,STATE_ARMED,11.8,0.0,89.0,0.0,0.0,0.0,4.5,0.5,0.5,5.0,13.0,46.0,79.0,75.5,18.0,0.0,0.0,45.0,1,46.501,6.6005,8500.0,450.0,0.0,10,4.5,45.0,8498.7,-12.3,8500.0,False,False,False,False,False,False,False,False,False,False,False,True,True,True,True,False,True,False,False,False,False,False,False,False
5276203,STATE_ARMED,11.8,0.0,89.0,0.0,0.0,0.0,4.5,0.5,0.5,5.0,13.0,46.0,79.0,75.5,18.0,0.0,0.0,45.0,1,46.501,6.6005,8500.0,450.0,0.0,10,4.5,45.0,8498.7,-12.3,8500.0,False,False,False,False,False,False,False,False,False,False,False,True,True,True,True,False,True,False,False,False,False,False,False,False
5276709,STATE_ARMED,11.8,0.0,89.0,0.0,0.0,0.0,4.5,0.5,0.5,5.0,13.0,46.0,79.0,75.5,18.0,0.0,0.0,45.0,1,46.501,6.6005,8500.0,450.0,0.0,10,4.5,45.0,8498.7,-12.3,8500.0,False,False,False,False,False,False,False,False,False,False,False,True,True,True,True,False,True,False,False,False,False,False,False,False
5277215,STATE_ARMED,11.8,0.0,89.0,0.0,0.0,0.0,4.5,0.5,0.5,5.0,13.0,46.0,79.0,75.5,18.0,0.0,0.0,45.0,1,46.501,6.6005,8500.0,450.0,0.0,10,4.5,45.0,8498.7,-12.3,8500.0,False,False,False,False,False,False,False,False,False,False,False,True,True,True,True,False,True,False,False,False,False,False,False,False
5277719,STATE_ARMED,11.8,0.0,89.0,0.0,0.0,0.0,4.5,0.5,0.5,5.0,13.0,46.0,79.0,75.5,18.0,0.0,0.0,45.0,1,46.501,6.6005,8500.0,450.0,0.0,10,4.5,45.0,8498.7,-12.3,8500.0,False,False,False,False,False,False,False,False,False,False,False,True,True,True,True,False,True,False,False,False,False,False,False,False
5278224,STATE_ARMED,11.8,0.0,89.0,0.0,0.0,0.0,4.5,0.5,0.5,5.0,13.0,46.0,79.0,75.5,18.0,0.0,0.0,45.0,1,46.501,6.6005,8500.0,450.0,0.0,10,4.5,45.0,8498.7,-12.3,8500.0,False,False,False,False,False,False,False,False,False,False,False,True,True,True,True,False,True,False,False,False,False,False,False,False
5278727,STATE_ARMED,11.8,0.0,89.0,0.0,0.0,0.0,4.5,0.5,0.5,5.0,13.0,46.0,79.0,75.5,18.0,0.0,0.0,45.0,1,46.501,6.6005,8500.0,450.0,0.0,10,4.5,45.0,8498.7,-12.3,8500.0,False,False,False,False,False,False,False,False,False,False,False,True,True,True,True,False,True,False,False,False,False,False,False,False
5279231,STATE_ARMED,11.8,0.0,89.0,0.0,0.0,0.0,4.5,0.5,0.5,5.0,13.0,46.0,79.0,75.5,18.0,0.0,0.0,45.0,1,46.501,6.6005,8500.0,450.0,0.0,10,4.5,45.0,8498.7,-12.3,8500.0,False,False,False,False,False,False,False,False,False,False,False,True,True,True,True,False,True,False,False,False,False,False,False,False
5279736,STATE_ARMED,11.8,0.0,89.0,0.0,0.0,0.0,4.5,0.5,0.5,5.0,13.0,46.0,79.0,75.5,18.0,0.0,0.0,45.0,1,46.501,6.6005,8500.0,450.0,0.0,10,4.5,45.0,8498.7,-12.3,8500.0,False,False,False,False,False,False,False,False,False,False,False,True,True,True,True,False,True,False,False,False,False,False,False,False
5280240,STATE_ARMED,11.8,0.0,89.0,0.0,0.0,0.0,4.5,0.5,0.5,5.0,13.0,46.0,79.0,75.5,18.0,0.0,0.0,45.0,1,46.501,6.6005,8500.0,450.0,0.0,10,4.5,45.0,8498.7,-12.3,8500.0,False,False,False,False,False,False,False,False,False,False,False,True,True,True,True,False,True,False,False,False,False,False,False,False
5280744,STATE_ARMED,11.8,0.0,89.0,0.0,0.0,0.0,4.5,0.5,0.5,5.0,13.0,46.0,79.0,75.5,18.0,0.0,0.0,45.0,1,46.501,6.6005,8500.0,450.0,0.0,10,4.5,45.0,8498.7,-12.3,8500.0,False,False,False,False,False,False,False,False,False,False,False,True,True,True,True,False,True,False,False,False,False,False,False,False
5281247,STATE_ARMED,11.8,0.0,89.0,0.0,0.0,0.0,4.5,0.5,0.5,5.0,13.0,46.0,79.0,75.5,18.0,0.0,0.0,45.0,1,46.501,6.6005,8500.0,450.0,0.0,10,4.5,45.0,8498.7,-12.3,8500.0,False,False,False,False,False,False,False,False,False,False,False,True,True,True,True,False,True,False,False,False,False,False,False,False
5281751,STATE_ARMED,11.8,0.0,89.0,0.0,0.0,0.0,4.5,0.5,0.5,5.0,13.0,46.0,79.0,75.5,18.0,0.0,0.0,45.0,1,46.501,6.6005,8500.0,450.0,0.0,10,4.5,45.0,8498.7,-12.3,8500.0,False,False,False,False,False,False,False,False,False,False,False,True,True,True,True,False,True,False,False,False,False,False,False,False
5282258,STATE_ARMED,11.8,0.0,89.0,0.0,0.0,0.0,4.5,0.5,0.5,5.0,13.0,46.0,79.0,75.5,18.0,0.0,0.0,45.0,1,46.501,6.6005,8500.0,450.0,0.0,10,4.5,45.0,8498.7,-12.3,8500.0,False,False,False,False,False,False,False,False,False,False,False,True,True,True,True,False,True,False,False,False,False,False,False,False
5282763,STATE_ARMED,11.8,0.0,89.0,0.0,0.0,0.0,4.5,0.5,0.5,5.0,13.0,46.0,79.0,75.5,18.0,0.0,0.0,45.0,1,46.501,6.6005,8500.0,450.0,0.0,10,4.5,45.0,8498.7,-12.3,8500.0,False,False,False,False,False,False,False,False,False,False,False,True,True,True,True,False,True,False,False,False,False,False,False,False
5283268,STATE_ARMED,11.8,0.0,89.0,0.0,0.0,0.0,4.5,0.5,0.5,5.0,13.0,46.0,79.0,75.5,18.0,0.0,0.0,45.0,1,46.501,6.6005,8500.0,450.0,0.0,10,4.5,45.0,8498.7,-12.3,8500.0,False,False,False,False,False,False,False,False,False,False,False,True,True,True,True,False,True,False,False,False,False,False,False,False
5283775,STATE_ARMED,11.8,0.0,89.0,0.0,0.0,0.0,4.5,0.5,0.5,5.0,13.0,46.0,79.0,75.5,18.0,0.0,0.0,45.0,1,46.501,6.6005,8500.0,450.0,0.0,10,4.5,45.0,8498.7,-12.3,8500.0,False,False,False,False,False,False,False,False,False,False,False,True,True,True,True,False,True,False,False,False,False,False,False,False
5284279,STATE_ARMED,11.8,0.0,89.0,0.0,0.0,0.0,4.5,0.5,0.5,5.0,13.0,46.0,79.0,75.5,18.0,0.0,0.0,45.0,1,46.501,6.6005,8500.0,450.0,0.0,10,4.5,45.0,8498.7,-12.3,8500.0,False,False,False,False,False,False,False,False,False,False,False,True,True,True,True,False,True,False,False,False,False,False,False,False
5284783,STATE_ARMED,11.8,0.0,89.0,0.0,0.0,0.0,4.5,0.5,0.5,5.0,13.0,46.0,79.0,75.5,18.0,0.0,0.0,45.0,1,46.501,6.6005,8500.0,450.0,0.0,10,4.5,45.0,8498.7,-12.3,8500.0,False,False,False,False,False,False,False,False,False,False,False,True,True,True,True,False,True,False,False,False,False,False,False,False
5285293,STATE_ARMED,11.8,0.0,89.0,0.0,0.0,0.0,4.5,0.5,0.5,5.0,13.0,46.0,79.0,75.5,18.0,0.0,0.0,45.0,1,46.501,6.6005,8500.0,450.0,0.0,10,4.5,45.0,8498.7,-12.3,8500.0,False,False,False,False,False,False,False,False,False,False,False,True,True,True,True,False,True,False,False,False,False,False,False,False
5285800,STATE_ARMED,11.8,0.0,89.0,0.0,0.0,0.0,4.5,0.5,0.5,5.0,13.0,46.0,79.0,75.5,18.0,0.0,0.0,45.0,1,46.501,6.6005,8500.0,450.0,0.0,10,4.5,45.0,8498.7,-12.3,8500.0,False,False,False,False,False,False,False,False,False,False,False,True,True,True,True,False,True,False,False,False,False,False,False,False
5286307,STATE_ARMED,11.8,0.0,89.0,0.0,0.0,0.0,4.5,0.5,0.5,5.0,13.0,46.0,79.0,75.5,18.0,0.0,0.0,45.0,1,46.501,6.6005,8500.0,450.0,0.0,10,4.5,45.0,8498.7,-12.3,8500.0,False,False,False,False,False,False,False,False,False,False,False,True,True,True,True,False,True,False,False,False,False,False,False,False
5286810,STATE_ARMED,11.8,0.0,89.0,0.0,0.0,0.0,4.5,0.5,0.5,5.0,13.0,46.0,79.0,75.5,18.0,0.0,0.0,45.0,1,46.501,6.6005,8500.0,450.0,0.0,10,4.5,45.0,8498.7,-12.3,8500.0,False,False,False,False,False,False,False,False,False,False,False,True,True,True,True,False,True,False,False,False,False,False,False,False
5287312,STATE_ARMED,11.8,0.0,89.0,0.0,0.0,0.0,4.5,0.5,0.5,5.0,13.0,46.0,79.0,75.5,18.0,0.0,0.0,45.0,1,46.501,6.6005,8500.0,450.0,0.0,10,4.5,45.0,8498.7,-12.3,8500.0,False,False,False,False,False,False,False,False,False,False,False,True,True,True,True,False,True,False,False,False,False,False,False,False
5287817,STATE_ARMED,11.8,0.0,89.0,0.0,0.0,0.0,4.5,0.5,0.5,5.0,13.0,46.0,79.0,75.5,18.0,0.0,0.0,45.0,1,46.501,6.6005,8500.0,450.0,0.0,10,4.5,45.0,8498.7,-12.3,8500.0,False,False,False,False,False,False,False,False,False,False,False,True,True,True,True,False,True,False,False,False,False,False,False,False
5288319,STATE_ARMED,11.8,0.0,89.0,0.0,0.0,0.0,4.5,0.5,0.5,5.0,13.0,46.0,79.0,75.5,18.0,0.0,0.0,45.0,1,46.501,6.6005,8500.0,450.0,0.0,10,4.5,45.0,8498.7,-12.3,8500.0,False,False,False,False,False,False,False,False,False,False,False,True,True,True,True,False,True,False,False,False,False,False,False,False
5288823,STATE_ARMED,11.8,0.0,89.0,0.0,0.0,0.0,4.5,0.5,0.5,5.0,13.0,46.0,79.0,75.5,18.0,0.0,0.0,45.0,1,46.501,6.6005,8500.0,450.0,0.0,10,4.5,45.0,8498.7,-12.3,8500.0,False,False,False,False,False,False,False,False,False,False,False,True,True,True,True,False,True,False,False,False,False,False,False,False
5289326,STATE_ARMED,11.8,0.0,89.0,0.0,0.0,0.0,4.5,0.5,0.5,5.0,13.0,46.0,79.0,75.5,18.0,0.0,0.0,45.0,1,46.501,6.6005,8500.0,450.0,0.0,10,4.5,45.0,8498.7,-12.3,8500.0,False,False,False,False,False,False,False,False,False,False,False,True,True,True,True,False,True,False,False,False,False,False,False,False
5289832,STATE_ARMED,11.8,0.0,89.0,0.0,0.0,0.0,4.5,0.5,0.5,5.0,13.0,46.0,79.0,75.5,18.0,0.0,0.0,45.0,1,46.501,6.6005,8500.0,450.0,0.0,10,4.5,45.0,8498.7,-12.3,8500.0,False,False,False,False,False,False,False,False,False,False,False,True,True,True,True,False,True,False,False,False,False,False,False,False
5290336,STATE_ARMED,11.8,0.0,89.0,0.0,0.0,0.0,4.5,0.5,0.5,5.0,13.0,46.0,79.0,75.5,18.0,0.0,0.0,45.0,1,46.501,6.6005,8500.0,450.0,0.0,10,4.5,45.0,8498.7,-12.3,8500.0,False,False,False,False,False,False,False,False,False,False,False,True,True,True,True,False,True,False,False,False,False,False,False,False
5290840,STATE_ARMED,11.8,0.0,89.0,0.0,0.0,0.0,4.5,0.5,0.5,5.0,13.0,46.0,79.0,75.5,18.0,0.0,0.0,45.0,1,46.501,6.6005,8500.0,450.0,0.0,10,4.5,45.0,8498.7,-12.3,8500.0,False,False,False,False,False,False,False,False,False,False,False,True,True,True,True,False,True,False,False,False,False,False,False,False
5291343,STATE_ARMED,11.8,0.0,89.0,0.0,0.0,0.0,4.5,0.5,0.5,5.0,13.0,46.0,79.0,75.5,18.0,0.0,0.0,45.0,1,46.501,6.6005,8500.0,450.0,0.0,10,4.5,45.0,8498.7,-12.3,8500.0,False,False,False,False,False,False,False,False,False,False,False,True,True,True,True,False,True,False,False,False,False,False,False,False
5291852,STATE_ARMED,11.8,0.0,89.0,0.0,0.0,0.0,4.5,0.5,0.5,5.0,13.0,46.0,79.0,75.5,18.0,0.0,0.0,45.0,1,46.501,6.6005,8500.0,450.0,0.0,10,4.5,45.0,8498.7,-12.3,8500.0,False,False,False,False,False,False,False,False,False,False,False,True,True,True,True,False,True,False,False,False,False,False,False,False
5292356,STATE_ARMED,11.8,0.0,89.0,0.0,0.0,0.0,4.5,0.5,0.5,5.0,13.0,46.0,79.0,75.5,18.0,0.0,0.0,45.0,1,46.501,6.6005,8500.0,450.0,0.0,10,4.5,45.0,8498.7,-12.3,8500.0,False,False,False,False,False,False,False,False,False,False,False,True,True,True,True,False,True,False,False,False,False,False,False,False
5292858,STATE_ARMED,11.8,0.0,89.0,0.0,0.0,0.0,4.5,0.5,0.5,5.0,13.0,46.0,79.0,75.5,18.0,0.0,0.0,45.0,1,46.501,6.6005,8500.0,450.0,0.0,10,4.5,45.0,8498.7,-12.3,8500.0,False,False,False,False,False,False,False,False,False,False,False,True,True,True,True,False,True,False,False,False,False,False,False,False
5293364,STATE_ARMED,11.8,0.0,89.0,0.0,0.0,0.0,4.5,0.5,0.5,5.0,13.0,46.0,79.0,75.5,18.0,0.0,0.0,45.0,1,46.501,6.6005,8500.0,450.0,0.0,10,4.5,45.0,8498.7,-12.3,8500.0,False,False,False,False,False,False,False,False,False,False,False,True,True,True,True,False,True,False,False,False,False,False,False,False
5293865,STATE_ARMED,11.8,0.0,89.0,0.0,0.0,0.0,4.5,0.5,0.5,5.0,13.0,46.0,79.0,75.5,18.0,0.0,0.0,45.0,1,46.501,6.6005,8500.0,450.0,0.0,10,4.5,45.0,8498.7,-12.3,8500.0,False,False,False,False,False,False,False,False,False,False,False,True,True,True,True,False,True,False,False,False,False,False,False,False
5294372,STATE_ARMED,11.8,0.0,89.0,0.0,0.0,0.0,4.5,0.5,0.5,5.0,13.0,46.0,79.0,75.5,18.0,0.0,0.0,45.0,1,46.501,6.6005,8500.0,450.0,0.0,10,4.5,45.0,8498.7,-12.3,8500.0,False,False,False,False,False,False,False,False,False,False,False,True,True,True,True,False,True,False,False,False,False,False,False,False
5294877,STATE_ARMED,11.8,0.0,89.0,0.0,0.0,0.0,4.5,0.5,0.5,5.0,13.0,46.0,79.0,75.5,18.0,0.0,0.0,45.0,1,46.501,6.6005,8500.0,450.0,0.0,10,4.5,45.0,8498.7,-12.3,8500.0,False,False,False,False,False,False,False,False,False,False,False,True,True,True,True,False,True,False,False,False,False,False,False,False
5295387,STATE_ARMED,11.8,0.0,89.0,0.0,0.0,0.0,4.5,0.5,0.5,5.0,13.0,46.0,79.0,75.5,18.0,0.0,0.0,45.0,1,46.501,6.6005,8500.0,450.0,0.0,10,4.5,45.0,8498.7,-12.3,8500.0,False,False,False,False,False,False,False,False,False,False,False,True,True,True,True,False,True,False,False,False,False,False,False,False
5295889,STATE_ARMED,11.8,0.0,89.0,0.0,0.0,0.0,4.5,0.5,0.5,5.0,13.0,46.0,79.0,75.5,18.0,0.0,0.0,45.0,1,46.501,6.6005,8500.0,450.0,0.0,10,4.5,45.0,8498.7,-12.3,8500.0,False,False,False,False,False,False,False,False,False,False,False,True,True,True,True,False,True,False,False,False,False,False,False,False
5296395,STATE_ARMED,11.8,0.0,89.0,0.0,0.0,0.0,4.5,0.5,0.5,5.0,13.0,46.0,79.0,75.5,18.0,0.0,0.0,45.0,1,46.501,6.6005,8500.0,450.0,0.0,10,4.5,45.0,8498.7,-12.3,8500.0,False,False,False,False,False,False,False,False,False,False,False,True,True,True,True,False,True,False,False,False,False,False,False,False
5296897,STATE_ARMED,11.8,0.0,89.0,0.0,0.0,0.0,4.5,0.5,0.5,5.0,13.0,46.0,79.0,75.5,18.0,0.0,0.0,45.0,1,46.501,6.6005,8500.0,450.0,0.0,10,4.5,45.0,8498.7,-12.3,8500.0,False,False,False,False,False,False,False,False,False,False,False,True,True,True,True,False,True,False,False,False,False,False,False,False
5297405,STATE_ARMED,11.8,0.0,89.0,0.0,0.0,0.0,4.5,0.5,0.5,5.0,13.0,46.0,79.0,75.5,18.0,0.0,0.0,45.0,1,46.501,6.6005,8500.0,450.0,0.0,10,4.5,45.0,8498.7,-12.3,8500.0,False,False,False,False,False,False,False,False,False,False,False,True,True,True,True,False,True,False,False,False,False,False,False,False
5297907,STATE_ARMED,11.8,0.0,89.0,0.0,0.0,0.0,4.5,0.5,0.5,5.0,13.0,46.0,79.0,75.5,18.0,0.0,0.0,45.0,1,46.501,6.6005,8500.0,450.0,0.0,10,4.5,45.0,8498.7,-12.3,8500.0,False,False,False,False,False,False,False,False,False,False,False,True,True,True,True,False,True,False,False,False,False,False,False,False
5298410,STATE_ARMED,11.8,0.0,89.0,0.0,0.0,0.0,4.5,0.5,0.5,5.0,13.0,46.0,79.0,75.5,18.0,0.0,0.0,45.0,1,46.501,6.6005,8500.0,450.0,0.0,10,4.5,45.0,8498.7,-12.3,8500.0,False,False,False,False,False,False,False,False,False,False,False,True,True,True,True,False,True,False,False,False,False,False,False,False
5298915,STATE_ARMED,11.8,0.0,89.0,0.0,0.0,0.0,4.5,0.5,0.5,5.0,13.0,46.0,79.0,75.5,18.0,0.0,0.0,45.0,1,46.501,6.6005,8500.0,450.0,0.0,10,4.5,45.0,8498.7,-12.3,8500.0,False,False,False,False,False,False,False,False,False,False,False,True,True,True,True,False,True,False,False,False,False,False,False,False
5299418,STATE_ARMED,11.8,0.0,89.0,0.0,0.0,0.0,4.5,0.5,0.5,5.0,13.0,46.0,79.0,75.5,18.0,0.0,0.0,45.0,1,46.501,6.6005,8500.0,450.0,0.0,10,4.5,45.0,8498.7,-12.3,8500.0,False,False,False,False,False,False,False,False,False,False,False,True,True,True,True,False,True,False,False,False,False,False,False,False
5299921,STATE_ARMED,11.8,0.0,89.0,0.0,0.0,0.0,4.5,0.5,0.5,5.0,13.0,46.0,79.0,75.5,18.0,0.0,0.0,45.0,1,46.501,6.6005,8500.0,450.0,0.0,10,4.5,45.0,8498.7,-12.3,8500.0,False,False,False,False,False,False,False,False,False,False,False,True,True,True,True,False,True,False,False,False,False,False,False,False
5300423,STATE_ARMED,11.8,0.0,89.0,0.0,0.0,0.0,4.5,0.5,0.5,5.0,13.0,46.0,79.0,75.5,18.0,0.0,0.0,45.0,1,46.501,6.6005,8500.0,450.0,0.0,10,4.5,45.0,8498.7,-12.3,8500.0,False,False,False,False,False,False,False,False,False,False,False,True,True,True,True,False,True,False,False,False,False,False,False,False
5300928,STATE_ARMED,11.8,0.0,89.0,0.0,0.0,0.0,4.5,0.5,0.5,5.0,13.0,46.0,79.0,75.5,18.0,0.0,0.0,45.0,1,46.501,6.6005,8500.0,450.0,0.0,10,4.5,45.0,8498.7,-12.3,8500.0,False,False,False,False,False,False,False,False,False,False,False,True,True,True,True,False,True,False,False,False,False,False,False,False
5301435,STATE_ARMED,11.8,0.0,89.0,0.0,0.0,0.0,4.5,0.5,0.5,5.0,13.0,46.0,79.0,75.5,18.0,0.0,0.0,45.0,1,46.501,6.6005,8500.0,450.0,0.0,10,4.5,45.0,8498.7,-12.3,8500.0,False,False,False,False,False,False,False,False,False,False,False,True,True,True,True,False,True,False,False,False,False,False,False,False
5301940,STATE_ARMED,11.8,0.0,89.0,0.0,0.0,0.0,4.5,0.5,0.5,5.0,13.0,46.0,79.0,75.5,18.0,0.0,0.0,45.0,1,46.501,6.6005,8500.0,450.0,0.0,10,4.5,45.0,8498.7,-12.3,8500.0,False,False,False,False,False,False,False,False,False,False,False,True,True,True,True,False,True,False,False,False,False,False,False,False
5302445,STATE_ARMED,11.8,0.0,89.0,0.0,0.0,0.0,4.5,0.5,0.5,5.0,13.0,46.0,79.0,75.5,18.0,0.0,0.0,45.0,1,46.501,6.6005,8500.0,450.0,0.0,10,4.5,45.0,8498.7,-12.3,8500.0,False,False,False,False,False,False,False,False,False,False,False,True,True,True,True,False,True,False,False,False,False,False,False,False
5302948,STATE_ARMED,11.8,0.0,89.0,0.0,0.0,0.0,4.5,0.5,0.5,5.0,13.0,46.0,79.0,75.5,18.0,0.0,0.0,45.0,1,46.501,6.6005,8500.0,450.0,0.0,10,4.5,45.0,8498.7,-12.3,8500.0,False,False,False,False,False,False,False,False,False,False,False,True,True,True,True,False,True,False,False,False,False,False,False,False
5303450,STATE_ARMED,11.8,0.0,89.0,0.0,0.0,0.0,4.5,0.5,0.5,5.0,13.0,46.0,79.0,75.5,18.0,0.0,0.0,45.0,1,46.501,6.6005,8500.0,450.0,0.0,10,4.5,45.0,8498.7,-12.3,8500.0,False,False,False,False,False,False,False,False,False,False,False,True,True,True,True,False,True,False,False,False,False,False,False,False
5303955,STATE_ARMED,11.8,0.0,89.0,0.0,0.0,0.0,4.5,0.5,0.5,5.0,13.0,46.0,79.0,75.5,18.0,0.0,0.0,45.0,1,46.501,6.6005,8500.0,450.0,0.0,10,4.5,45.0,8498.7,-12.3,8500.0,False,False,False,False,False,False,False,False,False,False,False,True,True,True,True,False,True,False,False,False,False,False,False,False
5304458,STATE_ARMED,11.8,0.0,89.0,0.0,0.0,0.0,4.5,0.5,0.5,5.0,13.0,46.0,79.0,75.5,18.0,0.0,0.0,45.0,1,46.501,6.6005,8500.0,450.0,0.0,10,4.5,45.0,8498.7,-12.3,8500.0,False,False,False,False,False,False,False,False,False,False,False,True,True,True,True,False,True,False,False,False,False,False,False,False
5304964,STATE_ARMED,11.8,0.0,89.0,0.0,0.0,0.0,4.5,0.5,0.5,5.0,13.0,46.0,79.0,75.5,18.0,0.0,0.0,45.0,1,46.501,6.6005,8500.0,450.0,0.0,10,4.5,45.0,8498.7,-12.3,8500.0,False,False,False,False,False,False,False,False,False,False,False,True,True,True,True,False,True,False,False,False,False,False,False,False
5305468,STATE_ARMED,11.8,0.0,89.0,0.0,0.0,0.0,4.5,0.5,0.5,5.0,13.0,46.0,79.0,75.5,18.0,0.0,0.0,45.0,1,46.501,6.6005,8500.0,450.0,0.0,10,4.5,45.0,8498.7,-12.3,8500.0,False,False,False,False,False,False,False,False,False,False,False,True,True,True,True,False,True,False,False,False,False,False,False,False
5305970,STATE_ARMED,11.8,0.0,89.0,0.0,0.0,0.0,4.5,0.5,0.5,5.0,13.0,46.0,79.0,75.5,18.0,0.0,0.0,45.0,1,46.501,6.6005,8500.0,450.0,0.0,10,4.5,45.0,8498.7,-12.3,8500.0,False,False,False,False,False,False,False,False,False,False,False,True,True,True,True,False,True,False,False,False,False,False,False,False
5306476,STATE_ARMED,11.8,0.0,89.0,0.0,0.0,0.0,4.5,0.5,0.5,5.0,13.0,46.0,79.0,75.5,18.0,0.0,0.0,45.0,1,46.501,6.6005,8500.0,450.0,0.0,10,4.5,45.0,8498.7,-12.3,8500.0,False,False,False,False,False,False,False,False,False,False,False,True,True,True,True,False,True,False,False,False,False,False,False,False
5306978,STATE_ARMED,11.8,0.0,89.0,0.0,0.0,0.0,4.5,0.5,0.5,5.0,13.0,46.0,79.0,75.5,18.0,0.0,0.0,45.0,1,46.501,6.6005,8500.0,450.0,0.0,10,4.5,45.0,8498.7,-12.3,8500.0,False,False,False,False,False,False,False,False,False,False,False,True,True,True,True,False,True,False,False,False,False,False,False,False
5307480,STATE_ARMED,11.8,0.0,89.0,0.0,0.0,0.0,4.5,0.5,0.5,5.0,13.0,46.0,79.0,75.5,18.0,0.0,0.0,45.0,1,46.501,6.6005,8500.0,450.0,0.0,10,4.5,45.0,8498.7,-12.3,8500.0,False,False,False,False,False,False,False,False,False,False,False,True,True,True,True,False,True,False,False,False,False,False,False,False
5307985,STATE_ARMED,11.8,0.0,89.0,0.0,0.0,0.0,4.5,0.5,0.5,5.0,13.0,46.0,79.0,75.5,18.0,0.0,0.0,45.0,1,46.501,6.6005,8500.0,450.0,0.0,10,4.5,45.0,8498.7,-12.3,8500.0,False,False,False,False,False,False,False,False,False,False,False,True,True,True,True,False,True,False,False,False,False,False,False,False
5308489,STATE_ARMED,11.8,0.0,89.0,0.0,0.0,0.0,4.5,0.5,0.5,5.0,13.0,46.0,79.0,75.5,18.0,0.0,0.0,45.0,1,46.501,6.6005,8500.0,450.0,0.0,10,4.5,45.0,8498.7,-12.3,8500.0,False,False,False,False,False,False,False,False,False,False,False,True,True,True,True,False,True,False,False,False,False,False,False,False
5308992,STATE_ARMED,11.8,0.0,89.0,0.0,0.0,0.0,4.5,0.5,0.5,5.0,13.0,46.0,79.0,75.5,18.0,0.0,0.0,45.0,1,46.501,6.6005,8500.0,450.0,0.0,10,4.5,45.0,8498.7,-12.3,8500.0,False,False,False,False,False,False,False,False,False,False,False,True,True,True,True,False,True,False,False,False,False,False,False,False
5309500,STATE_ARMED,11.8,0.0,89.0,0.0,0.0,0.0,4.5,0.5,0.5,5.0,13.0,46.0,79.0,75.5,18.0,0.0,0.0,45.0,1,46.501,6.6005,8500.0,450.0,0.0,10,4.5,45.0,8498.7,-12.3,8500.0,False,False,False,False,False,False,False,False,False,False,False,True,True,True,True,False,True,False,False,False,False,False,False,False
5310005,STATE_ARMED,11.8,0.0,89.0,0.0,0.0,0.0,4.5,0.5,0.5,5.0,13.0,46.0,79.0,75.5,18.0,0.0,0.0,45.0,1,46.501,6.6005,8500.0,450.0,0.0,10,4.5,45.0,8498.7,-12.3,8500.0,False,False,False,False,False,False,False,False,False,False,False,True,True,True,True,False,True,False,False,False,False,False,False,False
5310512,STATE_ARMED,11.8,0.0,89.0,0.0,0.0,0.0,4.5,0.5,0.5,5.0,13.0,46.0,79.0,75.5,18.0,0.0,0.0,45.0,1,46.501,6.6005,8500.0,450.0,0.0,10,4.5,45.0,8498.7,-12.3,8500.0,False,False,False,False,False,False,False,False,False,False,False,True,True,True,True,False,True,False,False,False,False,False,False,False
5311017,STATE_ARMED,11.8,0.0,89.0,0.0,0.0,0.0,4.5,0.5,0.5,5.0,13.0,46.0,79.0,75.5,18.0,0.0,0.0,45.0,1,46.501,6.6005,8500.0,450.0,0.0,10,4.5,45.0,8498.7,-12.3,8500.0,False,False,False,False,False,False,False,False,False,False,False,True,True,True,True,False,True,False,False,False,False,False,False,False
5311521,STATE_ARMED,11.8,0.0,89.0,0.0,0.0,0.0,4.5,0.5,0.5,5.0,13.0,46.0,79.0,75.5,18.0,0.0,0.0,45.0,1,46.501,6.6005,8500.0,450.0,0.0,10,4.5,45.0,8498.7,-12.3,8500.0,False,False,False,False,False,False,False,False,False,False,False,True,True,True,True,False,True,False,False,False,False,False,False,False
5312024,STATE_ARMED,11.8,0.0,89.0,0.0,0.0,0.0,4.5,0.5,0.5,5.0,13.0,46.0,79.0,75.5,18.0,0.0,0.0,45.0,1,46.501,6.6005,8500.0,450.0,0.0,10,4.5,45.0,8498.7,-12.3,8500.0,False,False,False,False,False,False,False,False,False,False,False,True,True,True,True,False,True,False,False,False,False,False,False,False
5312530,STATE_ARMED,11.8,0.0,89.0,0.0,0.0,0.0,4.5,0.5,0.5,5.0,13.0,46.0,79.0,75.5,18.0,0.0,0.0,45.0,1,46.501,6.6005,8500.0,450.0,0.0,10,4.5,45.0,8498.7,-12.3,8500.0,False,False,False,False,False,False,False,False,False,False,False,True,True,True,True,False,True,False,False,False,False,False,False,False
5313036,STATE_ARMED,11.8,0.0,89.0,0.0,0.0,0.0,4.5,0.5,0.5,5.0,13.0,46.0,79.0,75.5,18.0,0.0,0.0,45.0,1,46.501,6.6005,8500.0,450.0,0.0,10,4.5,45.0,8498.7,-12.3,8500.0,False,False,False,False,False,False,False,False,False,False,False,True,True,True,True,False,True,False,False,False,False,False,False,False
5313544,STATE_ARMED,11.8,0.0,89.0,0.0,0.0,0.0,4.5,0.5,0.5,5.0,13.0,46.0,79.0,75.5,18.0,0.0,0.0,45.0,1,46.501,6.6005,8500.0,450.0,0.0,10,4.5,45.0,8498.7,-12.3,8500.0,False,False,False,False,False,False,False,False,False,False,False,True,True,True,True,False,True,False,False,False,False,False,False,False
5314046,STATE_ARMED,11.8,0.0,89.0,0.0,0.0,0.0,4.5,0.5,0.5,5.0,13.0,46.0,79.0,75.5,18.0,0.0,0.0,45.0,1,46.501,6.6005,8500.0,450.0,0.0,10,4.5,45.0,8498.7,-12.3,8500.0,False,False,False,False,False,False,False,False,False,False,False,True,True,True,True,False,True,False,False,False,False,False,False,False
5314551,STATE_ARMED,11.8,0.0,89.0,0.0,0.0,0.0,4.5,0.5,0.5,5.0,13.0,46.0,79.0,75.5,18.0,0.0,0.0,45.0,1,46.501,6.6005,8500.0,450.0,0.0,10,4.5,45.0,8498.7,-12.3,8500.0,False,False,False,False,False,False,False,False,False,False,False,True,True,True,True,False,True,False,False,False,False,False,False,False
5315058,STATE_ARMED,11.8,0.0,89.0,0.0,0.0,0.0,4.5,0.5,0.5,5.0,13.0,46.0,79.0,75.5,18.0,0.0,0.0,45.0,1,46.501,6.6005,8500.0,450.0,0.0,10,4.5,45.0,8498.7,-12.3,8500.0,False,False,False,False,False,False,False,False,False,False,False,True,True,True,True,False,True,False,False,False,False,False,False,False
5315563,STATE_ARMED,11.8,0.0,89.0,0.0,0.0,0.0,4.5,0.5,0.5,5.0,13.0,46.0,79.0,75.5,18.0,0.0,0.0,45.0,1,46.501,6.6005,8500.0,450.0,0.0,10,4.5,45.0,8498.7,-12.3,8500.0,False,False,False,False,False,False,False,False,False,False,False,True,True,True,True,False,True,False,False,False,False,False,False,False
5316068,STATE_ARMED,11.8,0.0,89.0,0.0,0.0,0.0,4.5,0.5,0.5,5.0,13.0,46.0,79.0,75.5,18.0,0.0,0.0,45.0,1,46.501,6.6005,8500.0,450.0,0.0,10,4.5,45.0,8498.7,-12.3,8500.0,False,False,False,False,False,False,False,False,False,False,False,True,True,True,True,False,True,False,False,False,False,False,False,False
5316571,STATE_ARMED,11.8,0.0,89.0,0.0,0.0,0.0,4.5,0.5,0.5,5.0,13.0,46.0,79.0,75.5,18.0,0.0,0.0,45.0,1,46.501,6.6005,8500.0,450.0,0.0,10,4.5,45.0,8498.7,-12.3,8500.0,False,False,False,False,False,False,False,False,False,False,False,True,True,True,True,False,True,False,False,False,False,False,False,False
5317076,STATE_ARMED,11.8,0.0,89.0,0.0,0.0,0.0,4.5,0.5,0.5,5.0,13.0,46.0,79.0,75.5,18.0,0.0,0.0,45.0,1,46.501,6.6005,8500.0,450.0,0.0,10,4.5,45.0,8498.7,-12.3,8500.0,False,False,False,False,False,False,False,False,False,False,False,True,True,True,True,False,True,False,False,False,False,False,False,False
5317585,STATE_ARMED,11.8,0.0,89.0,0.0,0.0,0.0,4.5,0.5,0.5,5.0,13.0,46.0,79.0,75.5,18.0,0.0,0.0,45.0,1,46.501,6.6005,8500.0,450.0,0.0,10,4.5,45.0,8498.7,-12.3,8500.0,False,False,False,False,False,False,False,False,False,False,False,True,True,True,True,False,True,False,False,False,False,False,False,False
5318089,STATE_ARMED,11.8,0.0,89.0,0.0,0.0,0.0,4.5,0.5,0.5,5.0,13.0,46.0,79.0,75.5,18.0,0.0,0.0,45.0,1,46.501,6.6005,8500.0,450.0,0.0,10,4.5,45.0,8498.7,-12.3,8500.0,False,False,False,False,False,False,False,False,False,False,False,True,True,True,True,False,True,False,False,False,False,False,False,False
5318594,STATE_ARMED,11.8,0.0,89.0,0.0,0.0,0.0,4.5,0.5,0.5,5.0,13.0,46.0,79.0,75.5,18.0,0.0,0.0,45.0,1,46.501,6.6005,8500.0,450.0,0.0,10,4.5,45.0,8498.7,-12.3,8500.0,False,False,False,False,False,False,False,False,False,False,False,True,True,True,True,False,True,False,False,False,False,False,False,False
5319105,STATE_ARMED,11.8,0.0,89.0,0.0,0.0,0.0,4.5,0.5,0.5,5.0,13.0,46.0,79.0,75.5,18.0,0.0,0.0,45.0,1,46.501,6.6005,8500.0,450.0,0.0,10,4.5,45.0,8498.7,-12.3,8500.0,False,False,False,False,False,False,False,False,False,False,False,True,True,True,True,False,True,False,False,False,False,False,False,False
5319612,STATE_ARMED,11.8,0.0,89.0,0.0,0.0,0.0,4.5,0.5,0.5,5.0,13.0,46.0,79.0,75.5,18.0,0.0,0.0,45.0,1,46.501,6.6005,8500.0,450.0,0.0,10,4.5,45.0,8498.7,-12.3,8500.0,False,False,False,False,False,False,False,False,False,False,False,True,True,True,True,False,True,False,False,False,False,False,False,False
5320117,STATE_ARMED,11.8,0.0,89.0,0.0,0.0,0.0,4.5,0.5,0.5,5.0,13.0,46.0,79.0,75.5,18.0,0.0,0.0,45.0,1,46.501,6.6005,8500.0,450.0,0.0,10,4.5,45.0,8498.7,-12.3,8500.0,False,False,False,False,False,False,False,False,False,False,False,True,True,True,True,False,True,False,False,False,False,False,False,False
5320621,STATE_ARMED,11.8,0.0,89.0,0.0,0.0,0.0,4.5,0.5,0.5,5.0,13.0,46.0,79.0,75.5,18.0,0.0,0.0,45.0,1,46.501,6.6005,8500.0,450.0,0.0,10,4.5,45.0,8498.7,-12.3,8500.0,False,False,False,False,False,False,False,False,False,False,False,True,True,True,True,False,True,False,False,False,False,False,False,False
5321127,STATE_ARMED,11.8,0.0,89.0,0.0,0.0,0.0,4.5,0.5,0.5,5.0,13.0,46.0,79.0,75.5,18.0,0.0,0.0,45.0,1,46.501,6.6005,8500.0,450.0,0.0,10,4.5,45.0,8498.7,-12.3,8500.0,False,False,False,False,False,False,False,False,False,False,False,True,True,True,True,False,True,False,False,False,False,False,False,False
5321630,STATE_ARMED,11.8,0.0,89.0,0.0,0.0,0.0,4.5,0.5,0.5,5.0,13.0,46.0,79.0,75.5,18.0,0.0,0.0,45.0,1,46.501,6.6005,8500.0,450.0,0.0,10,4.5,45.0,8498.7,-12.3,8500.0,False,False,False,False,False,False,False,False,False,False,False,True,True,True,True,False,True,False,False,False,False,False,False,False
5322132,STATE_ARMED,11.8,0.0,89.0,0.0,0.0,0.0,4.5,0.5,0.5,5.0,13.0,46.0,79.0,75.5,18.0,0.0,0.0,45.0,1,46.501,6.6005,8500.0,450.0,0.0,10,4.5,45.0,8498.7,-12.3,8500.0,False,False,False,False,False,False,False,False,False,False,False,True,True,True,True,False,True,False,False,False,False,False,False,False
5322635,STATE_ARMED,11.8,0.0,89.0,0.0,0.0,0.0,4.5,0.5,0.5,5.0,13.0,46.0,79.0,75.5,18.0,0.0,0.0,45.0,1,46.501,6.6005,8500.0,450.0,0.0,10,4.5,45.0,8498.7,-12.3,8500.0,False,False,False,False,False,False,False,False,False,False,False,True,True,True,True,False,True,False,False,False,False,False,False,False
5323137,STATE_ARMED,11.8,0.0,89.0,0.0,0.0,0.0,4.5,0.5,0.5,5.0,13.0,46.0,79.0,75.5,18.0,0.0,0.0,45.0,1,46.501,6.6005,8500.0,450.0,0.0,10,4.5,45.0,8498.7,-12.3,8500.0,False,False,False,False,False,False,False,False,False,False,False,True,True,True,True,False,True,False,False,False,False,False,False,False
