time_boot_ms,mission_state,battery_mv,roll,pitch,yaw,imu_acc_x,imu_acc_y,imu_acc_z,imu_gyro_x,imu_gyro_y,imu_gyro_z,imu_mag_x,imu_mag_y,imu_mag_z,pressure_pa,temp_celsius,highg_acc_x,highg_acc_y,highg_acc_z,gps_fix,lat,lon,gps_alt,vel,cog,satellites_nb,imu_acc_vertical,highg_acc_vertical,kalman_z,kalman_v,altitude_msl_cm,FLAG_IDEFIX_OK,FLAG_BT_OK,FLAG_FLASH_OK,FLAG_SD_OK,FLAG_TEMP_OK,FLAG_HIGHG_OK,FLAG_GPS_OK,FLAG_BARO_OK,FLAG_IMU_OK,FLAG_RADIO_OK,FLAG_PYROS_ARMED_OK,FLAG_PYRO1_CONN,FLAG_PYRO2_CONN,FLAG_PYRO3_CONN,FLAG_PYRO4_CONN,FLAG_PYROS_ARMED,FLAG_PYRO1_FIRED,FLAG_PYRO2_FIRED,FLAG_PYRO3_FIRED,FLAG_PYRO4_FIRED,FLAG_APOGEE_DETECTED,FLAG_MAIN_DEPLOYED,FLAG_DROGUE_DEPLOYED,FLAG_MACH_LOCK_ENABLED
39137,STATE_ARMED,11.8,0.0,89.0,0.0,0.0,0.0,4.5,0.5,0.5,5.0,13.0,46.0,79.0,75.5,18.0,0.0,0.0,45.0,1,46.501,6.6005,8500.0,450.0,0.0,10,4.5,45.0,8498.7,-12.3,8500.0,False,False,False,False,False,False,False,False,False,False,False,True,True,True,True,False,True,False,False,False,False,False,False,False
39639,STATE_ARMED,11.8,0.0,89.0,0.0,0.0,0.0,4.5,0.5,0.5,5.0,13.0,46.0,79.0,75.5,18.0,0.0,0.0,45.0,1,46.501,6.6005,8500.0,450.0,0.0,10,4.5,45.0,8498.7,-12.3,8500.0,False,False,False,False,False,False,False,False,False,False,False,True,True,True,True,False,True,False,False,False,False,False,False,False
40141,STATE_ARMED,11.8,0.0,89.0,0.0,0.0,0.0,4.5,0.5,0.5,5.0,13.0,46.0,79.0,75.5,18.0,0.0,0.0,45.0,1,46.501,6.6005,8500.0,450.0,0.0,10,4.5,45.0,8498.7,-12.3,8500.0,False,False,False,False,False,False,False,False,False,False,False,True,True,True,True,False,True,False,False,False,False,False,False,False
40642,STATE_ARMED,11.8,0.0,89.0,0.0,0.0,0.0,4.5,0.5,0.5,5.0,13.0,46.0,79.0,75.5,18.0,0.0,0.0,45.0,1,46.501,6.6005,8500.0,450.0,0.0,10,4.5,45.0,8498.7,-12.3,8500.0,False,False,False,False,False,False,False,False,False,False,False,True,True,True,True,False,True,False,False,False,False,False,False,False
41144,STATE_ARMED,11.8,0.0,89.0,0.0,0.0,0.0,4.5,0.5,0.5,5.0,13.0,46.0,79.0,75.5,18.0,0.0,0.0,45.0,1,46.501,6.6005,8500.0,450.0,0.0,10,4.5,45.0,8498.7,-12.3,8500.0,False,False,False,False,False,False,False,False,False,False,False,True,True,True,True,False,True,False,False,False,False,False,False,False
41645,STATE_ARMED,11.8,0.0,89.0,0.0,0.0,0.0,4.5,0.5,0.5,5.0,13.0,46.0,79.0,75.5,18.0,0.0,0.0,45.0,1,46.501,6.6005,8500.0,450.0,0.0,10,4.5,45.0,8498.7,-12.3,8500.0,False,False,False,False,False,False,False,False,False,False,False,True,True,True,True,False,True,False,False,False,False,False,False,False
42147,STATE_ARMED,11.8,0.0,89.0,0.0,0.0,0.0,4.5,0.5,0.5,5.0,13.0,46.0,79.0,75.5,18.0,0.0,0.0,45.0,1,46.501,6.6005,8500.0,450.0,0.0,10,4.5,45.0,8498.7,-12.3,8500.0,False,False,False,False,False,False,False,False,False,False,False,True,True,True,True,False,True,False,False,False,False,False,False,False
42648,STATE_ARMED,11.8,0.0,89.0,0.0,0.0,0.0,4.5,0.5,0.5,5.0,13.0,46.0,79.0,75.5,18.0,0.0,0.0,45.0,1,46.501,6.6005,8500.0,450.0,0.0,10,4.5,45.0,8498.7,-12.3,8500.0,False,False,False,False,False,False,False,False,False,False,False,True,True,True,True,False,True,False,False,False,False,False,False,False
43150,STATE_ARMED,11.8,0.0,89.0,0.0,0.0,0.0,4.5,0.5,0.5,5.0,13.0,46.0,79.0,75.5,18.0,0.0,0.0,45.0,1,46.501,6.6005,8500.0,450.0,0.0,10,4.5,45.0,8498.7,-12.3,8500.0,False,False,False,False,False,False,False,False,False,False,False,True,True,True,True,False,True,False,False,False,False,False,False,False
43652,STATE_ARMED,11.8,0.0,89.0,0.0,0.0,0.0,4.5,0.5,0.5,5.0,13.0,46.0,79.0,75.5,18.0,0.0,0.0,45.0,1,46.501,6.6005,8500.0,450.0,0.0,10,4.5,45.0,8498.7,-12.3,8500.0,False,False,False,False,False,False,False,False,False,False,False,True,True,True,True,False,True,False,False,False,False,False,False,False
44154,STATE_ARMED,11.8,0.0,89.0,0.0,0.0,0.0,4.5,0.5,0.5,5.0,13.0,46.0,79.0,75.5,18.0,0.0,0.0,45.0,1,46.501,6.6005,8500.0,450.0,0.0,10,4.5,45.0,8498.7,-12.3,8500.0,False,False,False,False,False,False,False,False,False,False,False,True,True,True,True,False,True,False,False,False,False,False,False,False
44657,STATE_ARMED,11.8,0.0,89.0,0.0,0.0,0.0,4.5,0.5,0.5,5.0,13.0,46.0,79.0,75.5,18.0,0.0,0.0,45.0,1,46.501,6.6005,8500.0,450.0,0.0,10,4.5,45.0,8498.7,-12.3,8500.0,False,False,False,False,False,False,False,False,False,False,False,True,True,True,True,False,True,False,False,False,False,False,False,False
45159,STATE_ARMED,11.8,0.0,89.0,0.0,0.0,0.0,4.5,0.5,0.5,5.0,13.0,46.0,79.0,75.5,18.0,0.0,0.0,45.0,1,46.501,6.6005,8500.0,450.0,0.0,10,4.5,45.0,8498.7,-12.3,8500.0,False,False,False,False,False,False,False,False,False,False,False,True,True,True,True,False,True,False,False,False,False,False,False,False
45660,STATE_ARMED,11.8,0.0,89.0,0.0,0.0,0.0,4.5,0.5,0.5,5.0,13.0,46.0,79.0,75.5,18.0,0.0,0.0,45.0,1,46.501,6.6005,8500.0,450.0,0.0,10,4.5,45.0,8498.7,-12.3,8500.0,False,False,False,False,False,False,False,False,False,False,False,True,True,True,True,False,True,False,False,False,False,False,False,False
46161,STATE_ARMED,11.8,0.0,89.0,0.0,0.0,0.0,4.5,0.5,0.5,5.0,13.0,46.0,79.0,75.5,18.0,0.0,0.0,45.0,1,46.501,6.6005,8500.0,450.0,0.0,10,4.5,45.0,8498.7,-12.3,8500.0,False,False,False,False,False,False,False,False,False,False,False,True,True,True,True,False,True,False,False,False,False,False,False,False
46663,STATE_ARMED,11.8,0.0,89.0,0.0,0.0,0.0,4.5,0.5,0.5,5.0,13.0,46.0,79.0,75.5,18.0,0.0,0.0,45.0,1,46.501,6.6005,8500.0,450.0,0.0,10,4.5,45.0,8498.7,-12.3,8500.0,False,False,False,False,False,False,False,False,False,False,False,True,True,True,True,False,True,False,False,False,False,False,False,False
47164,STATE_ARMED,11.8,0.0,89.0,0.0,0.0,0.0,4.5,0.5,0.5,5.0,13.0,46.0,79.0,75.5,18.0,0.0,0.0,45.0,1,46.501,6.6005,8500.0,450.0,0.0,10,4.5,45.0,8498.7,-12.3,8500.0,False,False,False,False,False,False,False,False,False,False,False,True,True,True,True,False,True,False,False,False,False,False,False,False
47666,STATE_ARMED,11.8,0.0,89.0,0.0,0.0,0.0,4.5,0.5,0.5,5.0,13.0,46.0,79.0,75.5,18.0,0.0,0.0,45.0,1,46.501,6.6005,8500.0,450.0,0.0,10,4.5,45.0,8498.7,-12.3,8500.0,False,False,False,False,False,False,False,False,False,False,False,True,True,True,True,False,True,False,False,False,False,False,False,False
48168,STATE_ARMED,11.8,0.0,89.0,0.0,0.0,0.0,4.5,0.5,0.5,5.0,13.0,46.0,79.0,75.5,18.0,0.0,0.0,45.0,1,46.501,6.6005,8500.0,450.0,0.0,10,4.5,45.0,8498.7,-12.3,8500.0,False,False,False,False,False,False,False,False,False,False,False,True,True,True,True,False,True,False,False,False,False,False,False,False
48670,STATE_ARMED,11.8,0.0,89.0,0.0,0.0,0.0,4.5,0.5,0.5,5.0,13.0,46.0,79.0,75.5,18.0,0.0,0.0,45.0,1,46.501,6.6005,8500.0,450.0,0.0,10,4.5,45.0,8498.7,-12.3,8500.0,False,False,False,False,False,False,False,False,False,False,False,True,True,True,True,False,True,False,False,False,False,False,False,False
49171,STATE_ARMED,11.8,0.0,89.0,0.0,0.0,0.0,4.5,0.5,0.5,5.0,13.0,46.0,79.0,75.5,18.0,0.0,0.0,45.0,1,46.501,6.6005,8500.0,450.0,0.0,10,4.5,45.0,8498.7,-12.3,8500.0,False,False,False,False,False,False,False,False,False,False,False,True,True,True,True,False,True,False,False,False,False,False,False,False
49673,STATE_ARMED,11.8,0.0,89.0,0.0,0.0,0.0,4.5,0.5,0.5,5.0,13.0,46.0,79.0,75.5,18.0,0.0,0.0,45.0,1,46.501,6.6005,8500.0,450.0,0.0,10,4.5,45.0,8498.7,-12.3,8500.0,False,False,False,False,False,False,False,False,False,False,False,True,True,True,True,False,True,False,False,False,False,False,False,False
50175,STATE_ARMED,11.8,0.0,89.0,0.0,0.0,0.0,4.5,0.5,0.5,5.0,13.0,46.0,79.0,75.5,18.0,0.0,0.0,45.0,1,46.501,6.6005,8500.0,450.0,0.0,10,4.5,45.0,8498.7,-12.3,8500.0,False,False,False,False,False,False,False,False,False,False,False,True,True,True,True,False,True,False,False,False,False,False,False,False
50677,STATE_ARMED,11.8,0.0,89.0,0.0,0.0,0.0,4.5,0.5,0.5,5.0,13.0,46.0,79.0,75.5,18.0,0.0,0.0,45.0,1,46.501,6.6005,8500.0,450.0,0.0,10,4.5,45.0,8498.7,-12.3,8500.0,False,False,False,False,False,False,False,False,False,False,False,True,True,True,True,False,True,False,False,False,False,False,False,False
51179,STATE_ARMED,11.8,0.0,89.0,0.0,0.0,0.0,4.5,0.5,0.5,5.0,13.0,46.0,79.0,75.5,18.0,0.0,0.0,45.0,1,46.501,6.6005,8500.0,450.0,0.0,10,4.5,45.0,8498.7,-12.3,8500.0,False,False,False,False,False,False,False,False,False,False,False,True,True,True,True,False,True,False,False,False,False,False,False,False
51681,STATE_ARMED,11.8,0.0,89.0,0.0,0.0,0.0,4.5,0.5,0.5,5.0,13.0,46.0,79.0,75.5,18.0,0.0,0.0,45.0,1,46.501,6.6005,8500.0,450.0,0.0,10,4.5,45.0,8498.7,-12.3,8500.0,False,False,False,False,False,False,False,False,False,False,False,True,True,True,True,False,True,False,False,False,False,False,False,False
52183,STATE_ARMED,11.8,0.0,89.0,0.0,0.0,0.0,4.5,0.5,0.5,5.0,13.0,46.0,79.0,75.5,18.0,0.0,0.0,45.0,1,46.501,6.6005,8500.0,450.0,0.0,10,4.5,45.0,8498.7,-12.3,8500.0,False,False,False,False,False,False,False,False,False,False,False,True,True,True,True,False,True,False,False,False,False,False,False,False
52685,STATE_ARMED,11.8,0.0,89.0,0.0,0.0,0.0,4.5,0.5,0.5,5.0,13.0,46.0,79.0,75.5,18.0,0.0,0.0,45.0,1,46.501,6.6005,8500.0,450.0,0.0,10,4.5,45.0,8498.7,-12.3,8500.0,False,False,False,False,False,False,False,False,False,False,False,True,True,True,True,False,True,False,False,False,False,False,False,False
53187,STATE_ARMED,11.8,0.0,89.0,0.0,0.0,0.0,4.5,0.5,0.5,5.0,13.0,46.0,79.0,75.5,18.0,0.0,0.0,45.0,1,46.501,6.6005,8500.0,450.0,0.0,10,4.5,45.0,8498.7,-12.3,8500.0,False,False,False,False,False,False,False,False,False,False,False,True,True,True,True,False,True,False,False,False,False,False,False,False
53689,STATE_ARMED,11.8,0.0,89.0,0.0,0.0,0.0,4.5,0.5,0.5,5.0,13.0,46.0,79.0,75.5,18.0,0.0,0.0,45.0,1,46.501,6.6005,8500.0,450.0,0.0,10,4.5,45.0,8498.7,-12.3,8500.0,False,False,False,False,False,False,False,False,False,False,False,True,True,True,True,False,True,False,False,False,False,False,False,False
54190,STATE_ARMED,11.8,0.0,89.0,0.0,0.0,0.0,4.5,0.5,0.5,5.0,13.0,46.0,79.0,75.5,18.0,0.0,0.0,45.0,1,46.501,6.6005,8500.0,450.0,0.0,10,4.5,45.0,8498.7,-12.3,8500.0,False,False,False,False,False,False,False,False,False,False,False,True,True,True,True,False,True,False,False,False,False,False,False,False
54693,STATE_ARMED,11.8,0.0,89.0,0.0,0.0,0.0,4.5,0.5,0.5,5.0,13.0,46.0,79.0,75.5,18.0,0.0,0.0,45.0,1,46.501,6.6005,8500.0,450.0,0.0,10,4.5,45.0,8498.7,-12.3,8500.0,False,False,False,False,False,False,False,False,False,False,False,True,True,True,True,False,True,False,False,False,False,False,False,False
55195,STATE_ARMED,11.8,0.0,89.0,0.0,0.0,0.0,4.5,0.5,0.5,5.0,13.0,46.0,79.0,75.5,18.0,0.0,0.0,45.0,1,46.501,6.6005,8500.0,450.0,0.0,10,4.5,45.0,8498.7,-12.3,8500.0,False,False,False,False,False,False,False,False,False,False,False,True,True,True,True,False,True,False,False,False,False,False,False,False
55697,STATE_ARMED,11.8,0.0,89.0,0.0,0.0,0.0,4.5,0.5,0.5,5.0,13.0,46.0,79.0,75.5,18.0,0.0,0.0,45.0,1,46.501,6.6005,8500.0,450.0,0.0,10,4.5,45.0,8498.7,-12.3,8500.0,False,False,False,False,False,False,False,False,False,False,False,True,True,True,True,False,True,False,False,False,False,False,False,False
56199,STATE_ARMED,11.8,0.0,89.0,0.0,0.0,0.0,4.5,0.5,0.5,5.0,13.0,46.0,79.0,75.5,18.0,0.0,0.0,45.0,1,46.501,6.6005,8500.0,450.0,0.0,10,4.5,45.0,8498.7,-12.3,8500.0,False,False,False,False,False,False,False,False,False,False,False,True,True,True,True,False,True,False,False,False,False,False,False,False
56702,STATE_ARMED,11.8,0.0,89.0,0.0,0.0,0.0,4.5,0.5,0.5,5.0,13.0,46.0,79.0,75.5,18.0,0.0,0.0,45.0,1,46.501,6.6005,8500.0,450.0,0.0,10,4.5,45.0,8498.7,-12.3,8500.0,False,False,False,False,False,False,False,False,False,False,False,True,True,True,True,False,True,False,False,False,False,False,False,False
57206,STATE_ARMED,11.8,0.0,89.0,0.0,0.0,0.0,4.5,0.5,0.5,5.0,13.0,46.0,79.0,75.5,18.0,0.0,0.0,45.0,1,46.501,6.6005,8500.0,450.0,0.0,10,4.5,45.0,8498.7,-12.3,8500.0,False,False,False,False,False,False,False,False,False,False,False,True,True,True,True,False,True,False,False,False,False,False,False,False
57708,STATE_ARMED,11.8,0.0,89.0,0.0,0.0,0.0,4.5,0.5,0.5,5.0,13.0,46.0,79.0,75.5,18.0,0.0,0.0,45.0,1,46.501,6.6005,8500.0,450.0,0.0,10,4.5,45.0,8498.7,-12.3,8500.0,False,False,False,False,False,False,False,False,False,False,False,True,True,True,True,False,True,False,False,False,False,False,False,False
58213,STATE_ARMED,11.8,0.0,89.0,0.0,0.0,0.0,4.5,0.5,0.5,5.0,13.0,46.0,79.0,75.5,18.0,0.0,0.0,45.0,1,46.501,6.6005,8500.0,450.0,0.0,10,4.5,45.0,8498.7,-12.3,8500.0,False,False,False,False,False,False,False,False,False,False,False,True,True,True,True,False,True,False,False,False,False,False,False,False
58714,STATE_ARMED,11.8,0.0,89.0,0.0,0.0,0.0,4.5,0.5,0.5,5.0,13.0,46.0,79.0,75.5,18.0,0.0,0.0,45.0,1,46.501,6.6005,8500.0,450.0,0.0,10,4.5,45.0,8498.7,-12.3,8500.0,False,False,False,False,False,False,False,False,False,False,False,True,True,True,True,False,True,False,False,False,False,False,False,False
59216,STATE_ARMED,11.8,0.0,89.0,0.0,0.0,0.0,4.5,0.5,0.5,5.0,13.0,46.0,79.0,75.5,18.0,0.0,0.0,45.0,1,46.501,6.6005,8500.0,450.0,0.0,10,4.5,45.0,8498.7,-12.3,8500.0,False,False,False,False,False,False,False,False,False,False,False,True,True,True,True,False,True,False,False,False,False,False,False,False
59717,STATE_ARMED,11.8,0.0,89.0,0.0,0.0,0.0,4.5,0.5,0.5,5.0,13.0,46.0,79.0,75.5,18.0,0.0,0.0,45.0,1,46.501,6.6005,8500.0,450.0,0.0,10,4.5,45.0,8498.7,-12.3,8500.0,False,False,False,False,False,False,False,False,False,False,False,True,True,True,True,False,True,False,False,False,False,False,False,False
60218,STATE_ARMED,11.8,0.0,89.0,0.0,0.0,0.0,4.5,0.5,0.5,5.0,13.0,46.0,79.0,75.5,18.0,0.0,0.0,45.0,1,46.501,6.6005,8500.0,450.0,0.0,10,4.5,45.0,8498.7,-12.3,8500.0,False,False,False,False,False,False,False,False,False,False,False,True,True,True,True,False,True,False,False,False,False,False,False,False
60720,STATE_ARMED,11.8,0.0,89.0,0.0,0.0,0.0,4.5,0.5,0.5,5.0,13.0,46.0,79.0,75.5,18.0,0.0,0.0,45.0,1,46.501,6.6005,8500.0,450.0,0.0,10,4.5,45.0,8498.7,-12.3,8500.0,False,False,False,False,False,False,False,False,False,False,False,True,True,True,True,False,True,False,False,False,False,False,False,False
61222,STATE_ARMED,11.8,0.0,89.0,0.0,0.0,0.0,4.5,0.5,0.5,5.0,13.0,46.0,79.0,75.5,18.0,0.0,0.0,45.0,1,46.501,6.6005,8500.0,450.0,0.0,10,4.5,45.0,8498.7,-12.3,8500.0,False,False,False,False,False,False,False,False,False,False,False,True,True,True,True,False,True,False,False,False,False,False,False,False
61724,STATE_ARMED,11.8,0.0,89.0,0.0,0.0,0.0,4.5,0.5,0.5,5.0,13.0,46.0,79.0,75.5,18.0,0.0,0.0,45.0,1,46.501,6.6005,8500.0,450.0,0.0,10,4.5,45.0,8498.7,-12.3,8500.0,False,False,False,False,False,False,False,False,False,False,False,True,True,True,True,False,True,False,False,False,False,False,False,False
62226,STATE_ARMED,11.8,0.0,89.0,0.0,0.0,0.0,4.5,0.5,0.5,5.0,13.0,46.0,79.0,75.5,18.0,0.0,0.0,45.0,1,46.501,6.6005,8500.0,450.0,0.0,10,4.5,45.0,8498.7,-12.3,8500.0,False,False,False,False,False,False,False,False,False,False,False,True,True,True,True,False,True,False,False,False,False,False,False,False
62727,STATE_ARMED,11.8,0.0,89.0,0.0,0.0,0.0,4.5,0.5,0.5,5.0,13.0,46.0,79.0,75.5,18.0,0.0,0.0,45.0,1,46.501,6.6005,8500.0,450.0,0.0,10,4.5,45.0,8498.7,-12.3,8500.0,False,False,False,False,False,False,False,False,False,False,False,True,True,True,True,False,True,False,False,False,False,False,False,False
63229,STATE_ARMED,11.8,0.0,89.0,0.0,0.0,0.0,4.5,0.5,0.5,5.0,13.0,46.0,79.0,75.5,18.0,0.0,0.0,45.0,1,46.501,6.6005,8500.0,450.0,0.0,10,4.5,45.0,8498.7,-12.3,8500.0,False,False,False,False,False,False,False,False,False,False,False,True,True,True,True,False,True,False,False,False,False,False,False,False
63730,STATE_ARMED,11.8,0.0,89.0,0.0,0.0,0.0,4.5,0.5,0.5,5.0,13.0,46.0,79.0,75.5,18.0,0.0,0.0,45.0,1,46.501,6.6005,8500.0,450.0,0.0,10,4.5,45.0,8498.7,-12.3,8500.0,False,False,False,False,False,False,False,False,False,False,False,True,True,True,True,False,True,False,False,False,False,False,False,False
64232,STATE_ARMED,11.8,0.0,89.0,0.0,0.0,0.0,4.5,0.5,0.5,5.0,13.0,46.0,79.0,75.5,18.0,0.0,0.0,45.0,1,46.501,6.6005,8500.0,450.0,0.0,10,4.5,45.0,8498.7,-12.3,8500.0,False,False,False,False,False,False,False,False,False,False,False,True,True,True,True,False,True,False,False,False,False,False,False,False
64733,STATE_ARMED,11.8,0.0,89.0,0.0,0.0,0.0,4.5,0.5,0.5,5.0,13.0,46.0,79.0,75.5,18.0,0.0,0.0,45.0,1,46.501,6.6005,8500.0,450.0,0.0,10,4.5,45.0,8498.7,-12.3,8500.0,False,False,False,False,False,False,False,False,False,False,False,True,True,True,True,False,True,False,False,False,False,False,False,False
65235,STATE_ARMED,11.8,0.0,89.0,0.0,0.0,0.0,4.5,0.5,0.5,5.0,13.0,46.0,79.0,75.5,18.0,0.0,0.0,45.0,1,46.501,6.6005,8500.0,450.0,0.0,10,4.5,45.0,8498.7,-12.3,8500.0,False,False,False,False,False,False,False,False,False,False,False,True,True,True,True,False,True,False,False,False,False,False,False,False
65737,STATE_ARMED,11.8,0.0,89.0,0.0,0.0,0.0,4.5,0.5,0.5,5.0,13.0,46.0,79.0,75.5,18.0,0.0,0.0,45.0,1,46.501,6.6005,8500.0,450.0,0.0,10,4.5,45.0,8498.7,-12.3,8500.0,False,False,False,False,False,False,False,False,False,False,False,True,True,True,True,False,True,False,False,False,False,False,False,False
66238,STATE_ARMED,11.8,0.0,89.0,0.0,0.0,0.0,4.5,0.5,0.5,5.0,13.0,46.0,79.0,75.5,18.0,0.0,0.0,45.0,1,46.501,6.6005,8500.0,450.0,0.0,10,4.5,45.0,8498.7,-12.3,8500.0,False,False,False,False,False,False,False,False,False,False,False,True,True,True,True,False,True,False,False,False,False,False,False,False
66739,STATE_ARMED,11.8,0.0,89.0,0.0,0.0,0.0,4.5,0.5,0.5,5.0,13.0,46.0,79.0,75.5,18.0,0.0,0.0,45.0,1,46.501,6.6005,8500.0,450.0,0.0,10,4.5,45.0,8498.7,-12.3,8500.0,False,False,False,False,False,False,False,False,False,False,False,True,True,True,True,False,True,False,False,False,False,False,False,False
67241,STATE_ARMED,11.8,0.0,89.0,0.0,0.0,0.0,4.5,0.5,0.5,5.0,13.0,46.0,79.0,75.5,18.0,0.0,0.0,45.0,1,46.501,6.6005,8500.0,450.0,0.0,10,4.5,45.0,8498.7,-12.3,8500.0,False,False,False,False,False,False,False,False,False,False,False,True,True,True,True,False,True,False,False,False,False,False,False,False
67742,STATE_ARMED,11.8,0.0,89.0,0.0,0.0,0.0,4.5,0.5,0.5,5.0,13.0,46.0,79.0,75.5,18.0,0.0,0.0,45.0,1,46.501,6.6005,8500.0,450.0,0.0,10,4.5,45.0,8498.7,-12.3,8500.0,False,False,False,False,False,False,False,False,False,False,False,True,True,True,True,False,True,False,False,False,False,False,False,False
68244,STATE_ARMED,11.8,0.0,89.0,0.0,0.0,0.0,4.5,0.5,0.5,5.0,13.0,46.0,79.0,75.5,18.0,0.0,0.0,45.0,1,46.501,6.6005,8500.0,450.0,0.0,10,4.5,45.0,8498.7,-12.3,8500.0,False,False,False,False,False,False,False,False,False,False,False,True,True,True,True,False,True,False,False,False,False,False,False,False
68746,STATE_ARMED,11.8,0.0,89.0,0.0,0.0,0.0,4.5,0.5,0.5,5.0,13.0,46.0,79.0,75.5,18.0,0.0,0.0,45.0,1,46.501,6.6005,8500.0,450.0,0.0,10,4.5,45.0,8498.7,-12.3,8500.0,False,False,False,False,False,False,False,False,False,False,False,True,True,True,True,False,True,False,False,False,False,False,False,False
69247,STATE_ARMED,11.8,0.0,89.0,0.0,0.0,0.0,4.5,0.5,0.5,5.0,13.0,46.0,79.0,75.5,18.0,0.0,0.0,45.0,1,46.501,6.6005,8500.0,450.0,0.0,10,4.5,45.0,8498.7,-12.3,8500.0,False,False,False,False,False,False,False,False,False,False,False,True,True,True,True,False,True,False,False,False,False,False,False,False
69750,STATE_ARMED,11.8,0.0,89.0,0.0,0.0,0.0,4.5,0.5,0.5,5.0,13.0,46.0,79.0,75.5,18.0,0.0,0.0,45.0,1,46.501,6.6005,8500.0,450.0,0.0,10,4.5,45.0,8498.7,-12.3,8500.0,False,False,False,False,False,False,False,False,False,False,False,True,True,True,True,False,True,False,False,False,False,False,False,False
70251,STATE_ARMED,11.8,0.0,89.0,0.0,0.0,0.0,4.5,0.5,0.5,5.0,13.0,46.0,79.0,75.5,18.0,0.0,0.0,45.0,1,46.501,6.6005,8500.0,450.0,0.0,10,4.5,45.0,8498.7,-12.3,8500.0,False,False,False,False,False,False,False,False,False,False,False,True,True,True,True,False,True,False,False,False,False,False,False,False
70754,STATE_ARMED,11.8,0.0,89.0,0.0,0.0,0.0,4.5,0.5,0.5,5.0,13.0,46.0,79.0,75.5,18.0,0.0,0.0,45.0,1,46.501,6.6005,8500.0,450.0,0.0,10,4.5,45.0,8498.7,-12.3,8500.0,False,False,False,False,False,False,False,False,False,False,False,True,True,True,True,False,True,False,False,False,False,False,False,False
71255,STATE_ARMED,11.8,0.0,89.0,0.0,0.0,0.0,4.5,0.5,0.5,5.0,13.0,46.0,79.0,75.5,18.0,0.0,0.0,45.0,1,46.501,6.6005,8500.0,450.0,0.0,10,4.5,45.0,8498.7,-12.3,8500.0,False,False,False,False,False,False,False,False,False,False,False,True,True,True,True,False,True,False,False,False,False,False,False,False
71759,STATE_ARMED,11.8,0.0,89.0,0.0,0.0,0.0,4.5,0.5,0.5,5.0,13.0,46.0,79.0,75.5,18.0,0.0,0.0,45.0,1,46.501,6.6005,8500.0,450.0,0.0,10,4.5,45.0,8498.7,-12.3,8500.0,False,False,False,False,False,False,False,False,False,False,False,True,True,True,True,False,True,False,False,False,False,False,False,False
72261,STATE_ARMED,11.8,0.0,89.0,0.0,0.0,0.0,4.5,0.5,0.5,5.0,13.0,46.0,79.0,75.5,18.0,0.0,0.0,45.0,1,46.501,6.6005,8500.0,450.0,0.0,10,4.5,45.0,8498.7,-12.3,8500.0,False,False,False,False,False,False,False,False,False,False,False,True,True,True,True,False,True,False,False,False,False,False,False,False
72762,STATE_ARMED,11.8,0.0,89.0,0.0,0.0,0.0,4.5,0.5,0.5,5.0,13.0,46.0,79.0,75.5,18.0,0.0,0.0,45.0,1,46.501,6.6005,8500.0,450.0,0.0,10,4.5,45.0,8498.7,-12.3,8500.0,False,False,False,False,False,False,False,False,False,False,False,True,True,True,True,False,True,False,False,False,False,False,False,False
73264,STATE_ARMED,11.8,0.0,89.0,0.0,0.0,0.0,4.5,0.5,0.5,5.0,13.0,46.0,79.0,75.5,18.0,0.0,0.0,45.0,1,46.501,6.6005,8500.0,450.0,0.0,10,4.5,45.0,8498.7,-12.3,8500.0,False,False,False,False,False,False,False,False,False,False,False,True,True,True,True,False,True,False,False,False,False,False,False,False
73766,STATE_ARMED,11.8,0.0,89.0,0.0,0.0,0.0,4.5,0.5,0.5,5.0,13.0,46.0,79.0,75.5,18.0,0.0,0.0,45.0,1,46.501,6.6005,8500.0,450.0,0.0,10,4.5,45.0,8498.7,-12.3,8500.0,False,False,False,False,False,False,False,False,False,False,False,True,True,True,True,False,True,False,False,False,False,False,False,False
74267,STATE_ARMED,11.8,0.0,89.0,0.0,0.0,0.0,4.5,0.5,0.5,5.0,13.0,46.0,79.0,75.5,18.0,0.0,0.0,45.0,1,46.501,6.6005,8500.0,450.0,0.0,10,4.5,45.0,8498.7,-12.3,8500.0,False,False,False,False,False,False,False,False,False,False,False,True,True,True,True,False,True,False,False,False,False,False,False,False
74769,STATE_ARMED,11.8,0.0,89.0,0.0,0.0,0.0,4.5,0.5,0.5,5.0,13.0,46.0,79.0,75.5,18.0,0.0,0.0,45.0,1,46.501,6.6005,8500.0,450.0,0.0,10,4.5,45.0,8498.7,-12.3,8500.0,False,False,False,False,False,False,False,False,False,False,False,True,True,True,True,False,True,False,False,False,False,False,False,False
75270,STATE_ARMED,11.8,0.0,89.0,0.0,0.0,0.0,4.5,0.5,0.5,5.0,13.0,46.0,79.0,75.5,18.0,0.0,0.0,45.0,1,46.501,6.6005,8500.0,450.0,0.0,10,4.5,45.0,8498.7,-12.3,8500.0,False,False,False,False,False,False,False,False,False,False,False,True,True,True,True,False,True,False,False,False,False,False,False,False
75771,STATE_ARMED,11.8,0.0,89.0,0.0,0.0,0.0,4.5,0.5,0.5,5.0,13.0,46.0,79.0,75.5,18.0,0.0,0.0,45.0,1,46.501,6.6005,8500.0,450.0,0.0,10,4.5,45.0,8498.7,-12.3,8500.0,False,False,False,False,False,False,False,False,False,False,False,True,True,True,True,False,True,False,False,False,False,False,False,False
76273,STATE_ARMED,11.8,0.0,89.0,0.0,0.0,0.0,4.5,0.5,0.5,5.0,13.0,46.0,79.0,75.5,18.0,0.0,0.0,45.0,1,46.501,6.6005,8500.0,450.0,0.0,10,4.5,45.0,8498.7,-12.3,8500.0,False,False,False,False,False,False,False,False,False,False,False,True,True,True,True,False,True,False,False,False,False,False,False,False
76775,STATE_ARMED,11.8,0.0,89.0,0.0,0.0,0.0,4.5,0.5,0.5,5.0,13.0,46.0,79.0,75.5,18.0,0.0,0.0,45.0,1,46.501,6.6005,8500.0,450.0,0.0,10,4.5,45.0,8498.7,-12.3,8500.0,False,False,False,False,False,False,False,False,False,False,False,True,True,True,True,False,True,False,False,False,False,False,False,False
77276,STATE_ARMED,11.8,0.0,89.0,0.0,0.0,0.0,4.5,0.5,0.5,5.0,13.0,46.0,79.0,75.5,18.0,0.0,0.0,45.0,1,46.501,6.6005,8500.0,450.0,0.0,10,4.5,45.0,8498.7,-12.3,8500.0,False,False,False,False,False,False,False,False,False,False,False,True,True,True,True,False,True,False,False,False,False,False,False,False
77778,STATE_ARMED,11.8,0.0,89.0,0.0,0.0,0.0,4.5,0.5,0.5,5.0,13.0,46.0,79.0,75.5,18.0,0.0,0.0,45.0,1,46.501,6.6005,8500.0,450.0,0.0,10,4.5,45.0,8498.7,-12.3,8500.0,False,False,False,False,False,False,False,False,False,False,False,True,True,True,True,False,True,False,False,False,False,False,False,False
78280,STATE_ARMED,11.8,0.0,89.0,0.0,0.0,0.0,4.5,0.5,0.5,5.0,13.0,46.0,79.0,75.5,18.0,0.0,0.0,45.0,1,46.501,6.6005,8500.0,450.0,0.0,10,4.5,45.0,8498.7,-12.3,8500.0,False,False,False,False,False,False,False,False,False,False,False,True,True,True,True,False,True,False,False,False,False,False,False,False
78782,STATE_ARMED,11.8,0.0,89.0,0.0,0.0,0.0,4.5,0.5,0.5,5.0,13.0,46.0,79.0,75.5,18.0,0.0,0.0,45.0,1,46.501,6.6005,8500.0,450.0,0.0,10,4.5,45.0,8498.7,-12.3,8500.0,False,False,False,False,False,False,False,False,False,False,False,True,True,True,True,False,True,False,False,False,False,False,False,False
79283,STATE_ARMED,11.8,0.0,89.0,0.0,0.0,0.0,4.5,0.5,0.5,5.0,13.0,46.0,79.0,75.5,18.0,0.0,0.0,45.0,1,46.501,6.6005,8500.0,450.0,0.0,10,4.5,45.0,8498.7,-12.3,8500.0,False,False,False,False,False,False,False,False,False,False,False,True,True,True,True,False,True,False,False,False,False,False,False,False
79786,STATE_ARMED,11.8,0.0,89.0,0.0,0.0,0.0,4.5,0.5,0.5,5.0,13.0,46.0,79.0,75.5,18.0,0.0,0.0,45.0,1,46.501,6.6005,8500.0,450.0,0.0,10,4.5,45.0,8498.7,-12.3,8500.0,False,False,False,False,False,False,False,False,False,False,False,True,True,True,True,False,True,False,False,False,False,False,False,False
80289,STATE_ARMED,11.8,0.0,89.0,0.0,0.0,0.0,4.5,0.5,0.5,5.0,13.0,46.0,79.0,75.5,18.0,0.0,0.0,45.0,1,46.501,6.6005,8500.0,450.0,0.0,10,4.5,45.0,8498.7,-12.3,8500.0,False,False,False,False,False,False,False,False,False,False,False,True,True,True,True,False,True,False,False,False,False,False,False,False
80791,STATE_ARMED,11.8,0.0,89.0,0.0,0.0,0.0,4.5,0.5,0.5,5.0,13.0,46.0,79.0,75.5,18.0,0.0,0.0,45.0,1,46.501,6.6005,8500.0,450.0,0.0,10,4.5,45.0,8498.7,-12.3,8500.0,False,False,False,False,False,False,False,False,False,False,False,True,True,True,True,False,True,False,False,False,False,False,False,False
81293,STATE_ARMED,11.8,0.0,89.0,0.0,0.0,0.0,4.5,0.5,0.5,5.0,13.0,46.0,79.0,75.5,18.0,0.0,0.0,45.0,1,46.501,6.6005,8500.0,450.0,0.0,10,4.5,45.0,8498.7,-12.3,8500.0,False,False,False,False,False,False,False,False,False,False,False,True,True,True,True,False,True,False,False,False,False,False,False,False
81795,STATE_ARMED,11.8,0.0,89.0,0.0,0.0,0.0,4.5,0.5,0.5,5.0,13.0,46.0,79.0,75.5,18.0,0.0,0.0,45.0,1,46.501,6.6005,8500.0,450.0,0.0,10,4.5,45.0,8498.7,-12.3,8500.0,False,False,False,False,False,False,False,False,False,False,False,True,True,True,True,False,True,False,False,False,False,False,False,False
82297,STATE_ARMED,11.8,0.0,89.0,0.0,0.0,0.0,4.5,0.5,0.5,5.0,13.0,46.0,79.0,75.5,18.0,0.0,0.0,45.0,1,46.501,6.6005,8500.0,450.0,0.0,10,4.5,45.0,8498.7,-12.3,8500.0,False,False,False,False,False,False,False,False,False,False,False,True,True,True,True,False,True,False,False,False,False,False,False,False
82800,STATE_ARMED,11.8,0.0,89.0,0.0,0.0,0.0,4.5,0.5,0.5,5.0,13.0,46.0,79.0,75.5,18.0,0.0,0.0,45.0,1,46.501,6.6005,8500.0,450.0,0.0,10,4.5,45.0,8498.7,-12.3,8500.0,False,False,False,False,False,False,False,False,False,False,False,True,True,True,True,False,True,False,False,False,False,False,False,False
83302,STATE_ARMED,11.8,0.0,89.0,0.0,0.0,0.0,4.5,0.5,0.5,5.0,13.0,46.0,79.0,75.5,18.0,0.0,0.0,45.0,1,46.501,6.6005,8500.0,450.0,0.0,10,4.5,45.0,8498.7,-12.3,8500.0,False,False,False,False,False,False,False,False,False,False,False,True,True,True,True,False,True,False,False,False,False,False,False,False
83804,STATE_ARMED,11.8,0.0,89.0,0.0,0.0,0.0,4.5,0.5,0.5,5.0,13.0,46.0,79.0,75.5,18.0,0.0,0.0,45.0,1,46.501,6.6005,8500.0,450.0,0.0,10,4.5,45.0,8498.7,-12.3,8500.0,False,False,False,False,False,False,False,False,False,False,False,True,True,True,True,False,True,False,False,False,False,False,False,False
84306,STATE_ARMED,11.8,0.0,89.0,0.0,0.0,0.0,4.5,0.5,0.5,5.0,13.0,46.0,79.0,75.5,18.0,0.0,0.0,45.0,1,46.501,6.6005,8500.0,450.0,0.0,10,4.5,45.0,8498.7,-12.3,8500.0,False,False,False,False,False,False,False,False,False,False,False,True,True,True,True,False,True,False,False,False,False,False,False,False
84807,STATE_ARMED,11.8,0.0,89.0,0.0,0.0,0.0,4.5,0.5,0.5,5.0,13.0,46.0,79.0,75.5,18.0,0.0,0.0,45.0,1,46.501,6.6005,8500.0,450.0,0.0,10,4.5,45.0,8498.7,-12.3,8500.0,False,False,False,False,False,False,False,False,False,False,False,True,True,True,True,False,True,False,False,False,False,False,False,False
85309,STATE_ARMED,11.8,0.0,89.0,0.0,0.0,0.0,4.5,0.5,0.5,5.0,13.0,46.0,79.0,75.5,18.0,0.0,0.0,45.0,1,46.501,6.6005,8500.0,450.0,0.0,10,4.5,45.0,8498.7,-12.3,8500.0,False,False,False,False,False,False,False,False,False,False,False,True,True,True,True,False,True,False,False,False,False,False,False,False
85810,STATE_ARMED,11.8,0.0,89.0,0.0,0.0,0.0,4.5,0.5,0.5,5.0,13.0,46.0,79.0,75.5,18.0,0.0,0.0,45.0,1,46.501,6.6005,8500.0,450.0,0.0,10,4.5,45.0,8498.7,-12.3,8500.0,False,False,False,False,False,False,False,False,False,False,False,True,True,True,True,False,True,False,False,False,False,False,False,False
86313,STATE_ARMED,11.8,0.0,89.0,0.0,0.0,0.0,4.5,0.5,0.5,5.0,13.0,46.0,79.0,75.5,18.0,0.0,0.0,45.0,1,46.501,6.6005,8500.0,450.0,0.0,10,4.5,45.0,8498.7,-12.3,8500.0,False,False,False,False,False,False,False,False,False,False,False,True,True,True,True,False,True,False,False,False,False,False,False,False
86814,STATE_ARMED,11.8,0.0,89.0,0.0,0.0,0.0,4.5,0.5,0.5,5.0,13.0,46.0,79.0,75.5,18.0,0.0,0.0,45.0,1,46.501,6.6005,8500.0,450.0,0.0,10,4.5,45.0,8498.7,-12.3,8500.0,False,False,False,False,False,False,False,False,False,False,False,True,True,True,True,False,True,False,False,False,False,False,False,False
87317,STATE_ARMED,11.8,0.0,89.0,0.0,0.0,0.0,4.5,0.5,0.5,5.0,13.0,46.0,79.0,75.5,18.0,0.0,0.0,45.0,1,46.501,6.6005,8500.0,450.0,0.0,10,4.5,45.0,8498.7,-12.3,8500.0,False,False,False,False,False,False,False,False,False,False,False,True,True,True,True,False,True,False,False,False,False,False,False,False
87818,STATE_ARMED,11.8,0.0,89.0,0.0,0.0,0.0,4.5,0.5,0.5,5.0,13.0,46.0,79.0,75.5,18.0,0.0,0.0,45.0,1,46.501,6.6005,8500.0,450.0,0.0,10,4.5,45.0,8498.7,-12.3,8500.0,False,False,False,False,False,False,False,False,False,False,False,True,True,True,True,False,True,False,False,False,False,False,False,False
88320,STATE_ARMED,11.8,0.0,89.0,0.0,0.0,0.0,4.5,0.5,0.5,5.0,13.0,46.0,79.0,75.5,18.0,0.0,0.0,45.0,1,46.501,6.6005,8500.0,450.0,0.0,10,4.5,45.0,8498.7,-12.3,8500.0,False,False,False,False,False,False,False,False,False,False,False,True,True,True,True,False,True,False,False,False,False,False,False,False
88821,STATE_ARMED,11.8,0.0,89.0,0.0,0.0,0.0,4.5,0.5,0.5,5.0,13.0,46.0,79.0,75.5,18.0,0.0,0.0,45.0,1,46.501,6.6005,8500.0,450.0,0.0,10,4.5,45.0,8498.7,-12.3,8500.0,False,False,False,False,False,False,False,False,False,False,False,True,True,True,True,False,True,False,False,False,False,False,False,False
89323,STATE_ARMED,11.8,0.0,89.0,0.0,0.0,0.0,4.5,0.5,0.5,5.0,13.0,46.0,79.0,75.5,18.0,0.0,0.0,45.0,1,46.501,6.6005,8500.0,450.0,0.0,10,4.5,45.0,8498.7,-12.3,8500.0,False,False,False,False,False,False,False,False,False,False,False,True,True,True,True,False,True,False,False,False,False,False,False,False
89824,STATE_ARMED,11.8,0.0,89.0,0.0,0.0,0.0,4.5,0.5,0.5,5.0,13.0,46.0,79.0,75.5,18.0,0.0,0.0,45.0,1,46.501,6.6005,8500.0,450.0,0.0,10,4.5,45.0,8498.7,-12.3,8500.0,False,False,False,False,False,False,False,False,False,False,False,True,True,True,True,False,True,False,False,False,False,False,False,False
90326,STATE_ARMED,11.8,0.0,89.0,0.0,0.0,0.0,4.5,0.5,0.5,5.0,13.0,46.0,79.0,75.5,18.0,0.0,0.0,45.0,1,46.501,6.6005,8500.0,450.0,0.0,10,4.5,45.0,8498.7,-12.3,8500.0,False,False,False,False,False,False,False,False,False,False,False,True,True,True,True,False,True,False,False,False,False,False,False,False
90827,STATE_ARMED,11.8,0.0,89.0,0.0,0.0,0.0,4.5,0.5,0.5,5.0,13.0,46.0,79.0,75.5,18.0,0.0,0.0,45.0,1,46.501,6.6005,8500.0,450.0,0.0,10,4.5,45.0,8498.7,-12.3,8500.0,False,False,False,False,False,False,False,False,False,False,False,True,True,True,True,False,True,False,False,False,False,False,False,False
91329,STATE_ARMED,11.8,0.0,89.0,0.0,0.0,0.0,4.5,0.5,0.5,5.0,13.0,46.0,79.0,75.5,18.0,0.0,0.0,45.0,1,46.501,6.6005,8500.0,450.0,0.0,10,4.5,45.0,8498.7,-12.3,8500.0,False,False,False,False,False,False,False,False,False,False,False,True,True,True,True,False,True,False,False,False,False,False,False,False
91830,STATE_ARMED,11.8,0.0,89.0,0.0,0.0,0.0,4.5,0.5,0.5,5.0,13.0,46.0,79.0,75.5,18.0,0.0,0.0,45.0,1,46.501,6.6005,8500.0,450.0,0.0,10,4.5,45.0,8498.7,-12.3,8500.0,False,False,False,False,False,False,False,False,False,False,False,True,True,True,True,False,True,False,False,False,False,False,False,False
92331,STATE_ARMED,11.8,0.0,89.0,0.0,0.0,0.0,4.5,0.5,0.5,5.0,13.0,46.0,79.0,75.5,18.0,0.0,0.0,45.0,1,46.501,6.6005,8500.0,450.0,0.0,10,4.5,45.0,8498.7,-12.3,8500.0,False,False,False,False,False,False,False,False,False,False,False,True,True,True,True,False,True,False,False,False,False,False,False,False
92833,STATE_ARMED,11.8,0.0,89.0,0.0,0.0,0.0,4.5,0.5,0.5,5.0,13.0,46.0,79.0,75.5,18.0,0.0,0.0,45.0,1,46.501,6.6005,8500.0,450.0,0.0,10,4.5,45.0,8498.7,-12.3,8500.0,False,False,False,False,False,False,False,False,False,False,False,True,True,True,True,False,True,False,False,False,False,False,False,False
93334,STATE_ARMED,11.8,0.0,89.0,0.0,0.0,0.0,4.5,0.5,0.5,5.0,13.0,46.0,79.0,75.5,18.0,0.0,0.0,45.0,1,46.501,6.6005,8500.0,450.0,0.0,10,4.5,45.0,8498.7,-12.3,8500.0,False,False,False,False,False,False,False,False,False,False,False,True,True,True,True,False,True,False,False,False,False,False,False,False
93836,STATE_ARMED,11.8,0.0,89.0,0.0,0.0,0.0,4.5,0.5,0.5,5.0,13.0,46.0,79.0,75.5,18.0,0.0,0.0,45.0,1,46.501,6.6005,8500.0,450.0,0.0,10,4.5,45.0,8498.7,-12.3,8500.0,False,False,False,False,False,False,False,False,False,False,False,True,True,True,True,False,True,False,False,False,False,False,False,False
94337,STATE_ARMED,11.8,0.0,89.0,0.0,0.0,0.0,4.5,0.5,0.5,5.0,13.0,46.0,79.0,75.5,18.0,0.0,0.0,45.0,1,46.501,6.6005,8500.0,450.0,0.0,10,4.5,45.0,8498.7,-12.3,8500.0,False,False,False,False,False,False,False,False,False,False,False,True,True,True,True,False,True,False,False,False,False,False,False,False
94839,STATE_ARMED,11.8,0.0,89.0,0.0,0.0,0.0,4.5,0.5,0.5,5.0,13.0,46.0,79.0,75.5,18.0,0.0,0.0,45.0,1,46.501,6.6005,8500.0,450.0,0.0,10,4.5,45.0,8498.7,-12.3,8500.0,False,False,False,False,False,False,False,False,False,False,False,True,True,True,True,False,True,False,False,False,False,False,False,False
95340,STATE_ARMED,11.8,0.0,89.0,0.0,0.0,0.0,4.5,0.5,0.5,5.0,13.0,46.0,79.0,75.5,18.0,0.0,0.0,45.0,1,46.501,6.6005,8500.0,450.0,0.0,10,4.5,45.0,8498.7,-12.3,8500.0,False,False,False,False,False,False,False,False,False,False,False,True,True,True,True,False,True,False,False,False,False,False,False,False
95842,STATE_ARMED,11.8,0.0,89.0,0.0,0.0,0.0,4.5,0.5,0.5,5.0,13.0,46.0,79.0,75.5,18.0,0.0,0.0,45.0,1,46.501,6.6005,8500.0,450.0,0.0,10,4.5,45.0,8498.7,-12.3,8500.0,False,False,False,False,False,False,False,False,False,False,False,True,True,True,True,False,True,False,False,False,False,False,False,False
96343,STATE_ARMED,11.8,0.0,89.0,0.0,0.0,0.0,4.5,0.5,0.5,5.0,13.0,46.0,79.0,75.5,18.0,0.0,0.0,45.0,1,46.501,6.6005,8500.0,450.0,0.0,10,4.5,45.0,8498.7,-12.3,8500.0,False,False,False,False,False,False,False,False,False,False,False,True,True,True,True,False,True,False,False,False,False,False,False,False
96844,STATE_ARMED,11.8,0.0,89.0,0.0,0.0,0.0,4.5,0.5,0.5,5.0,13.0,46.0,79.0,75.5,18.0,0.0,0.0,45.0,1,46.501,6.6005,8500.0,450.0,0.0,10,4.5,45.0,8498.7,-12.3,8500.0,False,False,False,False,False,False,False,False,False,False,False,True,True,True,True,False,True,False,False,False,False,False,False,False
97346,STATE_ARMED,11.8,0.0,89.0,0.0,0.0,0.0,4.5,0.5,0.5,5.0,13.0,46.0,79.0,75.5,18.0,0.0,0.0,45.0,1,46.501,6.6005,8500.0,450.0,0.0,10,4.5,45.0,8498.7,-12.3,8500.0,False,False,False,False,False,False,False,False,False,False,False,True,True,True,True,False,True,False,False,False,False,False,False,False
97847,STATE_ARMED,11.8,0.0,89.0,0.0,0.0,0.0,4.5,0.5,0.5,5.0,13.0,46.0,79.0,75.5,18.0,0.0,0.0,45.0,1,46.501,6.6005,8500.0,450.0,0.0,10,4.5,45.0,8498.7,-12.3,8500.0,False,False,False,False,False,False,False,False,False,False,False,True,True,True,True,False,True,False,False,False,False,False,False,False
98349,STATE_ARMED,11.8,0.0,89.0,0.0,0.0,0.0,4.5,0.5,0.5,5.0,13.0,46.0,79.0,75.5,18.0,0.0,0.0,45.0,1,46.501,6.6005,8500.0,450.0,0.0,10,4.5,45.0,8498.7,-12.3,8500.0,False,False,False,False,False,False,False,False,False,False,False,True,True,True,True,False,True,False,False,False,False,False,False,False
98850,STATE_ARMED,11.8,0.0,89.0,0.0,0.0,0.0,4.5,0.5,0.5,5.0,13.0,46.0,79.0,75.5,18.0,0.0,0.0,45.0,1,46.501,6.6005,8500.0,450.0,0.0,10,4.5,45.0,8498.7,-12.3,8500.0,False,False,False,False,False,False,False,False,False,False,False,True,True,True,True,False,True,False,False,False,False,False,False,False
99352,STATE_ARMED,11.8,0.0,89.0,0.0,0.0,0.0,4.5,0.5,0.5,5.0,13.0,46.0,79.0,75.5,18.0,0.0,0.0,45.0,1,46.501,6.6005,8500.0,450.0,0.0,10,4.5,45.0,8498.7,-12.3,8500.0,False,False,False,False,False,False,False,False,False,False,False,True,True,True,True,False,True,False,False,False,False,False,False,False
99854,STATE_ARMED,11.8,0.0,89.0,0.0,0.0,0.0,4.5,0.5,0.5,5.0,13.0,46.0,79.0,75.5,18.0,0.0,0.0,45.0,1,46.501,6.6005,8500.0,450.0,0.0,10,4.5,45.0,8498.7,-12.3,8500.0,False,False,False,False,False,False,False,False,False,False,False,True,True,True,True,False,True,False,False,False,False,False,False,False
100356,STATE_ARMED,11.8,0.0,89.0,0.0,0.0,0.0,4.5,0.5,0.5,5.0,13.0,46.0,79.0,75.5,18.0,0.0,0.0,45.0,1,46.501,6.6005,8500.0,450.0,0.0,10,4.5,45.0,8498.7,-12.3,8500.0,False,False,False,False,False,False,False,False,False,False,False,True,True,True,True,False,True,False,False,False,False,False,False,False
100857,STATE_ARMED,11.8,0.0,89.0,0.0,0.0,0.0,4.5,0.5,0.5,5.0,13.0,46.0,79.0,75.5,18.0,0.0,0.0,45.0,1,46.501,6.6005,8500.0,450.0,0.0,10,4.5,45.0,8498.7,-12.3,8500.0,False,False,False,False,False,False,False,False,False,False,False,True,True,True,True,False,True,False,False,False,False,False,False,False
101359,STATE_ARMED,11.8,0.0,89.0,0.0,0.0,0.0,4.5,0.5,0.5,5.0,13.0,46.0,79.0,75.5,18.0,0.0,0.0,45.0,1,46.501,6.6005,8500.0,450.0,0.0,10,4.5,45.0,8498.7,-12.3,8500.0,False,False,False,False,False,False,False,False,False,False,False,True,True,True,True,False,True,False,False,False,False,False,False,False
101861,STATE_ARMED,11.8,0.0,89.0,0.0,0.0,0.0,4.5,0.5,0.5,5.0,13.0,46.0,79.0,75.5,18.0,0.0,0.0,45.0,1,46.501,6.6005,8500.0,450.0,0.0,10,4.5,45.0,8498.7,-12.3,8500.0,False,False,False,False,False,False,False,False,False,False,False,True,True,True,True,False,True,False,False,False,False,False,False,False
102363,STATE_ARMED,11.8,0.0,89.0,0.0,0.0,0.0,4.5,0.5,0.5,5.0,13.0,46.0,79.0,75.5,18.0,0.0,0.0,45.0,1,46.501,6.6005,8500.0,450.0,0.0,10,4.5,45.0,8498.7,-12.3,8500.0,False,False,False,False,False,False,False,False,False,False,False,True,True,True,True,False,True,False,False,False,False,False,False,False
102864,STATE_ARMED,11.8,0.0,89.0,0.0,0.0,0.0,4.5,0.5,0.5,5.0,13.0,46.0,79.0,75.5,18.0,0.0,0.0,45.0,1,46.501,6.6005,8500.0,450.0,0.0,10,4.5,45.0,8498.7,-12.3,8500.0,False,False,False,False,False,False,False,False,False,False,False,True,True,True,True,False,True,False,False,False,False,False,False,False
103366,STATE_ARMED,11.8,0.0,89.0,0.0,0.0,0.0,4.5,0.5,0.5,5.0,13.0,46.0,79.0,75.5,18.0,0.0,0.0,45.0,1,46.501,6.6005,8500.0,450.0,0.0,10,4.5,45.0,8498.7,-12.3,8500.0,False,False,False,False,False,False,False,False,False,False,False,True,True,True,True,False,True,False,False,False,False,False,False,False
103867,STATE_ARMED,11.8,0.0,89.0,0.0,0.0,0.0,4.5,0.5,0.5,5.0,13.0,46.0,79.0,75.5,18.0,0.0,0.0,45.0,1,46.501,6.6005,8500.0,450.0,0.0,10,4.5,45.0,8498.7,-12.3,8500.0,False,False,False,False,False,False,False,False,False,False,False,True,True,True,True,False,True,False,False,False,False,False,False,False
104369,STATE_ARMED,11.8,0.0,89.0,0.0,0.0,0.0,4.5,0.5,0.5,5.0,13.0,46.0,79.0,75.5,18.0,0.0,0.0,45.0,1,46.501,6.6005,8500.0,450.0,0.0,10,4.5,45.0,8498.7,-12.3,8500.0,False,False,False,False,False,False,False,False,False,False,False,True,True,True,True,False,True,False,False,False,False,False,False,False
104870,STATE_ARMED,11.8,0.0,89.0,0.0,0.0,0.0,4.5,0.5,0.5,5.0,13.0,46.0,79.0,75.5,18.0,0.0,0.0,45.0,1,46.501,6.6005,8500.0,450.0,0.0,10,4.5,45.0,8498.7,-12.3,8500.0,False,False,False,False,False,False,False,False,False,False,False,True,True,True,True,False,True,False,False,False,False,False,False,False
105372,STATE_ARMED,11.8,0.0,89.0,0.0,0.0,0.0,4.5,0.5,0.5,5.0,13.0,46.0,79.0,75.5,18.0,0.0,0.0,45.0,1,46.501,6.6005,8500.0,450.0,0.0,10,4.5,45.0,8498.7,-12.3,8500.0,False,False,False,False,False,False,False,False,False,False,False,True,True,True,True,False,True,False,False,False,False,False,False,False
105874,STATE_ARMED,11.8,0.0,89.0,0.0,0.0,0.0,4.5,0.5,0.5,5.0,13.0,46.0,79.0,75.5,18.0,0.0,0.0,45.0,1,46.501,6.6005,8500.0,450.0,0.0,10,4.5,45.0,8498.7,-12.3,8500.0,False,False,False,False,False,False,False,False,False,False,False,True,True,True,True,False,True,False,False,False,False,False,False,False
106375,STATE_ARMED,11.8,0.0,89.0,0.0,0.0,0.0,4.5,0.5,0.5,5.0,13.0,46.0,79.0,75.5,18.0,0.0,0.0,45.0,1,46.501,6.6005,8500.0,450.0,0.0,10,4.5,45.0,8498.7,-12.3,8500.0,False,False,False,False,False,False,False,False,False,False,False,True,True,True,True,False,True,False,False,False,False,False,False,False
106877,STATE_ARMED,11.8,0.0,89.0,0.0,0.0,0.0,4.5,0.5,0.5,5.0,13.0,46.0,79.0,75.5,18.0,0.0,0.0,45.0,1,46.501,6.6005,8500.0,450.0,0.0,10,4.5,45.0,8498.7,-12.3,8500.0,False,False,False,False,False,False,False,False,False,False,False,True,True,True,True,False,True,False,False,False,False,False,False,False
107379,STATE_ARMED,11.8,0.0,89.0,0.0,0.0,0.0,4.5,0.5,0.5,5.0,13.0,46.0,79.0,75.5,18.0,0.0,0.0,45.0,1,46.501,6.6005,8500.0,450.0,0.0,10,4.5,45.0,8498.7,-12.3,8500.0,False,False,False,False,False,False,False,False,False,False,False,True,True,True,True,False,True,False,False,False,False,False,False,False
107880,STATE_ARMED,11.8,0.0,89.0,0.0,0.0,0.0,4.5,0.5,0.5,5.0,13.0,46.0,79.0,75.5,18.0,0.0,0.0,45.0,1,46.501,6.6005,8500.0,450.0,0.0,10,4.5,45.0,8498.7,-12.3,8500.0,False,False,False,False,False,False,False,False,False,False,False,True,True,True,True,False,True,False,False,False,False,False,False,False
108382,STATE_ARMED,11.8,0.0,89.0,0.0,0.0,0.0,4.5,0.5,0.5,5.0,13.0,46.0,79.0,75.5,18.0,0.0,0.0,45.0,1,46.501,6.6005,8500.0,450.0,0.0,10,4.5,45.0,8498.7,-12.3,8500.0,False,False,False,False,False,False,False,False,False,False,False,True,True,True,True,False,True,False,False,False,False,False,False,False
108884,STATE_ARMED,11.8,0.0,89.0,0.0,0.0,0.0,4.5,0.5,0.5,5.0,13.0,46.0,79.0,75.5,18.0,0.0,0.0,45.0,1,46.501,6.6005,8500.0,450.0,0.0,10,4.5,45.0,8498.7,-12.3,8500.0,False,False,False,False,False,False,False,False,False,False,False,True,True,True,True,False,True,False,False,False,False,False,False,False
109385,STATE_ARMED,11.8,0.0,89.0,0.0,0.0,0.0,4.5,0.5,0.5,5.0,13.0,46.0,79.0,75.5,18.0,0.0,0.0,45.0,1,46.501,6.6005,8500.0,450.0,0.0,10,4.5,45.0,8498.7,-12.3,8500.0,False,False,False,False,False,False,False,False,False,False,False,True,True,True,True,False,True,False,False,False,False,False,False,False
109887,STATE_ARMED,11.8,0.0,89.0,0.0,0.0,0.0,4.5,0.5,0.5,5.0,13.0,46.0,79.0,75.5,18.0,0.0,0.0,45.0,1,46.501,6.6005,8500.0,450.0,0.0,10,4.5,45.0,8498.7,-12.3,8500.0,False,False,False,False,False,False,False,False,False,False,False,True,True,True,True,False,True,False,False,False,False,False,False,False
110389,STATE_ARMED,11.8,0.0,89.0,0.0,0.0,0.0,4.5,0.5,0.5,5.0,13.0,46.0,79.0,75.5,18.0,0.0,0.0,45.0,1,46.501,6.6005,8500.0,450.0,0.0,10,4.5,45.0,8498.7,-12.3,8500.0,False,False,False,False,False,False,False,False,False,False,False,True,True,True,True,False,True,False,False,False,False,False,False,False
110891,STATE_ARMED,11.8,0.0,89.0,0.0,0.0,0.0,4.5,0.5,0.5,5.0,13.0,46.0,79.0,75.5,18.0,0.0,0.0,45.0,1,46.501,6.6005,8500.0,450.0,0.0,10,4.5,45.0,8498.7,-12.3,8500.0,False,False,False,False,False,False,False,False,False,False,False,True,True,True,True,False,True,False,False,False,False,False,False,False
111392,STATE_ARMED,11.8,0.0,89.0,0.0,0.0,0.0,4.5,0.5,0.5,5.0,13.0,46.0,79.0,75.5,18.0,0.0,0.0,45.0,1,46.501,6.6005,8500.0,450.0,0.0,10,4.5,45.0,8498.7,-12.3,8500.0,False,False,False,False,False,False,False,False,False,False,False,True,True,True,True,False,True,False,False,False,False,False,False,False
111894,STATE_ARMED,11.8,0.0,89.0,0.0,0.0,0.0,4.5,0.5,0.5,5.0,13.0,46.0,79.0,75.5,18.0,0.0,0.0,45.0,1,46.501,6.6005,8500.0,450.0,0.0,10,4.5,45.0,8498.7,-12.3,8500.0,False,False,False,False,False,False,False,False,False,False,False,True,True,True,True,False,True,False,False,False,False,False,False,False
112397,STATE_ARMED,11.8,0.0,89.0,0.0,0.0,0.0,4.5,0.5,0.5,5.0,13.0,46.0,79.0,75.5,18.0,0.0,0.0,45.0,1,46.501,6.6005,8500.0,450.0,0.0,10,4.5,45.0,8498.7,-12.3,8500.0,False,False,False,False,False,False,False,False,False,False,False,True,True,True,True,False,True,False,False,False,False,False,False,False
112900,STATE_ARMED,11.8,0.0,89.0,0.0,0.0,0.0,4.5,0.5,0.5,5.0,13.0,46.0,79.0,75.5,18.0,0.0,0.0,45.0,1,46.501,6.6005,8500.0,450.0,0.0,10,4.5,45.0,8498.7,-12.3,8500.0,False,False,False,False,False,False,False,False,False,False,False,True,True,True,True,False,True,False,False,False,False,False,False,False
113402,STATE_ARMED,11.8,0.0,89.0,0.0,0.0,0.0,4.5,0.5,0.5,5.0,13.0,46.0,79.0,75.5,18.0,0.0,0.0,45.0,1,46.501,6.6005,8500.0,450.0,0.0,10,4.5,45.0,8498.7,-12.3,8500.0,False,False,False,False,False,False,False,False,False,False,False,True,True,True,True,False,True,False,False,False,False,False,False,False
113904,STATE_ARMED,11.8,0.0,89.0,0.0,0.0,0.0,4.5,0.5,0.5,5.0,13.0,46.0,79.0,75.5,18.0,0.0,0.0,45.0,1,46.501,6.6005,8500.0,450.0,0.0,10,4.5,45.0,8498.7,-12.3,8500.0,False,False,False,False,False,False,False,False,False,False,False,True,True,True,True,False,True,False,False,False,False,False,False,False
114406,STATE_ARMED,11.8,0.0,89.0,0.0,0.0,0.0,4.5,0.5,0.5,5.0,13.0,46.0,79.0,75.5,18.0,0.0,0.0,45.0,1,46.501,6.6005,8500.0,450.0,0.0,10,4.5,45.0,8498.7,-12.3,8500.0,False,False,False,False,False,False,False,False,False,False,False,True,True,True,True,False,True,False,False,False,False,False,False,False
114908,STATE_ARMED,11.8,0.0,89.0,0.0,0.0,0.0,4.5,0.5,0.5,5.0,13.0,46.0,79.0,75.5,18.0,0.0,0.0,45.0,1,46.501,6.6005,8500.0,450.0,0.0,10,4.5,45.0,8498.7,-12.3,8500.0,False,False,False,False,False,False,False,False,False,False,False,True,True,True,True,False,True,False,False,False,False,False,False,False
115410,STATE_ARMED,11.8,0.0,89.0,0.0,0.0,0.0,4.5,0.5,0.5,5.0,13.0,46.0,79.0,75.5,18.0,0.0,0.0,45.0,1,46.501,6.6005,8500.0,450.0,0.0,10,4.5,45.0,8498.7,-12.3,8500.0,False,False,False,False,False,False,False,False,False,False,False,True,True,True,True,False,True,False,False,False,False,False,False,False
115911,STATE_ARMED,11.8,0.0,89.0,0.0,0.0,0.0,4.5,0.5,0.5,5.0,13.0,46.0,79.0,75.5,18.0,0.0,0.0,45.0,1,46.501,6.6005,8500.0,450.0,0.0,10,4.5,45.0,8498.7,-12.3,8500.0,False,False,False,False,False,False,False,False,False,False,False,True,True,True,True,False,True,False,False,False,False,False,False,False
116413,STATE_ARMED,11.8,0.0,89.0,0.0,0.0,0.0,4.5,0.5,0.5,5.0,13.0,46.0,79.0,75.5,18.0,0.0,0.0,45.0,1,46.501,6.6005,8500.0,450.0,0.0,10,4.5,45.0,8498.7,-12.3,8500.0,False,False,False,False,False,False,False,False,False,False,False,True,True,True,True,False,True,False,False,False,False,False,False,False
116914,STATE_ARMED,11.8,0.0,89.0,0.0,0.0,0.0,4.5,0.5,0.5,5.0,13.0,46.0,79.0,75.5,18.0,0.0,0.0,45.0,1,46.501,6.6005,8500.0,450.0,0.0,10,4.5,45.0,8498.7,-12.3,8500.0,False,False,False,False,False,False,False,False,False,False,False,True,True,True,True,False,True,False,False,False,False,False,False,False
117416,STATE_ARMED,11.8,0.0,89.0,0.0,0.0,0.0,4.5,0.5,0.5,5.0,13.0,46.0,79.0,75.5,18.0,0.0,0.0,45.0,1,46.501,6.6005,8500.0,450.0,0.0,10,4.5,45.0,8498.7,-12.3,8500.0,False,False,False,False,False,False,False,False,False,False,False,True,True,True,True,False,True,False,False,False,False,False,False,False
117917,STATE_ARMED,11.8,0.0,89.0,0.0,0.0,0.0,4.5,0.5,0.5,5.0,13.0,46.0,79.0,75.5,18.0,0.0,0.0,45.0,1,46.501,6.6005,8500.0,450.0,0.0,10,4.5,45.0,8498.7,-12.3,8500.0,False,False,False,False,False,False,False,False,False,False,False,True,True,True,True,False,True,False,False,False,False,False,False,False
118419,STATE_ARMED,11.8,0.0,89.0,0.0,0.0,0.0,4.5,0.5,0.5,5.0,13.0,46.0,79.0,75.5,18.0,0.0,0.0,45.0,1,46.501,6.6005,8500.0,450.0,0.0,10,4.5,45.0,8498.7,-12.3,8500.0,False,False,False,False,False,False,False,False,False,False,False,True,True,True,True,False,True,False,False,False,False,False,False,False
118920,STATE_ARMED,11.8,0.0,89.0,0.0,0.0,0.0,4.5,0.5,0.5,5.0,13.0,46.0,79.0,75.5,18.0,0.0,0.0,45.0,1,46.501,6.6005,8500.0,450.0,0.0,10,4.5,45.0,8498.7,-12.3,8500.0,False,False,False,False,False,False,False,False,False,False,False,True,True,True,True,False,True,False,False,False,False,False,False,False
119422,STATE_ARMED,11.8,0.0,89.0,0.0,0.0,0.0,4.5,0.5,0.5,5.0,13.0,46.0,79.0,75.5,18.0,0.0,0.0,45.0,1,46.501,6.6005,8500.0,450.0,0.0,10,4.5,45.0,8498.7,-12.3,8500.0,False,False,False,False,False,False,False,False,False,False,False,True,True,True,True,False,True,False,False,False,False,False,False,False
119923,STATE_ARMED,11.8,0.0,89.0,0.0,0.0,0.0,4.5,0.5,0.5,5.0,13.0,46.0,79.0,75.5,18.0,0.0,0.0,45.0,1,46.501,6.6005,8500.0,450.0,0.0,10,4.5,45.0,8498.7,-12.3,8500.0,False,False,False,False,False,False,False,False,False,False,False,True,True,True,True,False,True,False,False,False,False,False,False,False
120425,STATE_ARMED,11.8,0.0,89.0,0.0,0.0,0.0,4.5,0.5,0.5,5.0,13.0,46.0,79.0,75.5,18.0,0.0,0.0,45.0,1,46.501,6.6005,8500.0,450.0,0.0,10,4.5,45.0,8498.7,-12.3,8500.0,False,False,False,False,False,False,False,False,False,False,False,True,True,True,True,False,True,False,False,False,False,False,False,False
120926,STATE_ARMED,11.8,0.0,89.0,0.0,0.0,0.0,4.5,0.5,0.5,5.0,13.0,46.0,79.0,75.5,18.0,0.0,0.0,45.0,1,46.501,6.6005,8500.0,450.0,0.0,10,4.5,45.0,8498.7,-12.3,8500.0,False,False,False,False,False,False,False,False,False,False,False,True,True,True,True,False,True,False,False,False,False,False,False,False
121428,STATE_ARMED,11.8,0.0,89.0,0.0,0.0,0.0,4.5,0.5,0.5,5.0,13.0,46.0,79.0,75.5,18.0,0.0,0.0,45.0,1,46.501,6.6005,8500.0,450.0,0.0,10,4.5,45.0,8498.7,-12.3,8500.0,False,False,False,False,False,False,False,False,False,False,False,True,True,True,True,False,True,False,False,False,False,False,False,False
121929,STATE_ARMED,11.8,0.0,89.0,0.0,0.0,0.0,4.5,0.5,0.5,5.0,13.0,46.0,79.0,75.5,18.0,0.0,0.0,45.0,1,46.501,6.6005,8500.0,450.0,0.0,10,4.5,45.0,8498.7,-12.3,8500.0,False,False,False,False,False,False,False,False,False,False,False,True,True,True,True,False,True,False,False,False,False,False,False,False
122430,STATE_ARMED,11.8,0.0,89.0,0.0,0.0,0.0,4.5,0.5,0.5,5.0,13.0,46.0,79.0,75.5,18.0,0.0,0.0,45.0,1,46.501,6.6005,8500.0,450.0,0.0,10,4.5,45.0,8498.7,-12.3,8500.0,False,False,False,False,False,False,False,False,False,False,False,True,True,True,True,False,True,False,False,False,False,False,False,False
122932,STATE_ARMED,11.8,0.0,89.0,0.0,0.0,0.0,4.5,0.5,0.5,5.0,13.0,46.0,79.0,75.5,18.0,0.0,0.0,45.0,1,46.501,6.6005,8500.0,450.0,0.0,10,4.5,45.0,8498.7,-12.3,8500.0,False,False,False,False,False,False,False,False,False,False,False,True,True,True,True,False,True,False,False,False,False,False,False,False
123433,STATE_ARMED,11.8,0.0,89.0,0.0,0.0,0.0,4.5,0.5,0.5,5.0,13.0,46.0,79.0,75.5,18.0,0.0,0.0,45.0,1,46.501,6.6005,8500.0,450.0,0.0,10,4.5,45.0,8498.7,-12.3,8500.0,False,False,False,False,False,False,False,False,False,False,False,True,True,True,True,False,True,False,False,False,False,False,False,False
123935,STATE_ARMED,11.8,0.0,89.0,0.0,0.0,0.0,4.5,0.5,0.5,5.0,13.0,46.0,79.0,75.5,18.0,0.0,0.0,45.0,1,46.501,6.6005,8500.0,450.0,0.0,10,4.5,45.0,8498.7,-12.3,8500.0,False,False,False,False,False,False,False,False,False,False,False,True,True,True,True,False,True,False,False,False,False,False,False,False
124436,STATE_ARMED,11.8,0.0,89.0,0.0,0.0,0.0,4.5,0.5,0.5,5.0,13.0,46.0,79.0,75.5,18.0,0.0,0.0,45.0,1,46.501,6.6005,8500.0,450.0,0.0,10,4.5,45.0,8498.7,-12.3,8500.0,False,False,False,False,False,False,False,False,False,False,False,True,True,True,True,False,True,False,False,False,False,False,False,False
124938,STATE_ARMED,11.8,0.0,89.0,0.0,0.0,0.0,4.5,0.5,0.5,5.0,13.0,46.0,79.0,75.5,18.0,0.0,0.0,45.0,1,46.501,6.6005,8500.0,450.0,0.0,10,4.5,45.0,8498.7,-12.3,8500.0,False,False,False,False,False,False,False,False,False,False,False,True,True,True,True,False,True,False,False,False,False,False,False,False
125439,STATE_ARMED,11.8,0.0,89.0,0.0,0.0,0.0,4.5,0.5,0.5,5.0,13.0,46.0,79.0,75.5,18.0,0.0,0.0,45.0,1,46.501,6.6005,8500.0,450.0,0.0,10,4.5,45.0,8498.7,-12.3,8500.0,False,False,False,False,False,False,False,False,False,False,False,True,True,True,True,False,True,False,False,False,False,False,False,False
125941,STATE_ARMED,11.8,0.0,89.0,0.0,0.0,0.0,4.5,0.5,0.5,5.0,13.0,46.0,79.0,75.5,18.0,0.0,0.0,45.0,1,46.501,6.6005,8500.0,450.0,0.0,10,4.5,45.0,8498.7,-12.3,8500.0,False,False,False,False,False,False,False,False,False,False,False,True,True,True,True,False,True,False,False,False,False,False,False,False
126442,STATE_ARMED,11.8,0.0,89.0,0.0,0.0,0.0,4.5,0.5,0.5,5.0,13.0,46.0,79.0,75.5,18.0,0.0,0.0,45.0,1,46.501,6.6005,8500.0,450.0,0.0,10,4.5,45.0,8498.7,-12.3,8500.0,False,False,False,False,False,False,False,False,False,False,False,True,True,True,True,False,True,False,False,False,False,False,False,False
126944,STATE_ARMED,11.8,0.0,89.0,0.0,0.0,0.0,4.5,0.5,0.5,5.0,13.0,46.0,79.0,75.5,18.0,0.0,0.0,45.0,1,46.501,6.6005,8500.0,450.0,0.0,10,4.5,45.0,8498.7,-12.3,8500.0,False,False,False,False,False,False,False,False,False,False,False,True,True,True,True,False,True,False,False,False,False,False,False,False
127445,STATE_ARMED,11.8,0.0,89.0,0.0,0.0,0.0,4.5,0.5,0.5,5.0,13.0,46.0,79.0,75.5,18.0,0.0,0.0,45.0,1,46.501,6.6005,8500.0,450.0,0.0,10,4.5,45.0,8498.7,-12.3,8500.0,False,False,False,False,False,False,False,False,False,False,False,True,True,True,True,False,True,False,False,False,False,False,False,False
127947,STATE_ARMED,11.8,0.0,89.0,0.0,0.0,0.0,4.5,0.5,0.5,5.0,13.0,46.0,79.0,75.5,18.0,0.0,0.0,45.0,1,46.501,6.6005,8500.0,450.0,0.0,10,4.5,45.0,8498.7,-12.3,8500.0,False,False,False,False,False,False,False,False,False,False,False,True,True,True,True,False,True,False,False,False,False,False,False,False
128448,STATE_ARMED,11.8,0.0,89.0,0.0,0.0,0.0,4.5,0.5,0.5,5.0,13.0,46.0,79.0,75.5,18.0,0.0,0.0,45.0,1,46.501,6.6005,8500.0,450.0,0.0,10,4.5,45.0,8498.7,-12.3,8500.0,False,False,False,False,False,False,False,False,False,False,False,True,True,True,True,False,True,False,False,False,False,False,False,False
128950,STATE_ARMED,11.8,0.0,89.0,0.0,0.0,0.0,4.5,0.5,0.5,5.0,13.0,46.0,79.0,75.5,18.0,0.0,0.0,45.0,1,46.501,6.6005,8500.0,450.0,0.0,10,4.5,45.0,8498.7,-12.3,8500.0,False,False,False,False,False,False,False,False,False,False,False,True,True,True,True,False,True,False,False,False,False,False,False,False
129451,STATE_ARMED,11.8,0.0,89.0,0.0,0.0,0.0,4.5,0.5,0.5,5.0,13.0,46.0,79.0,75.5,18.0,0.0,0.0,45.0,1,46.501,6.6005,8500.0,450.0,0.0,10,4.5,45.0,8498.7,-12.3,8500.0,False,False,False,False,False,False,False,False,False,False,False,True,True,True,True,False,True,False,False,False,False,False,False,False
129953,STATE_ARMED,11.8,0.0,89.0,0.0,0.0,0.0,4.5,0.5,0.5,5.0,13.0,46.0,79.0,75.5,18.0,0.0,0.0,45.0,1,46.501,6.6005,8500.0,450.0,0.0,10,4.5,45.0,8498.7,-12.3,8500.0,False,False,False,False,False,False,False,False,False,False,False,True,True,True,True,False,True,False,False,False,False,False,False,False
130454,STATE_ARMED,11.8,0.0,89.0,0.0,0.0,0.0,4.5,0.5,0.5,5.0,13.0,46.0,79.0,75.5,18.0,0.0,0.0,45.0,1,46.501,6.6005,8500.0,450.0,0.0,10,4.5,45.0,8498.7,-12.3,8500.0,False,False,False,False,False,False,False,False,False,False,False,True,True,True,True,False,True,False,False,False,False,False,False,False
130956,STATE_ARMED,11.8,0.0,89.0,0.0,0.0,0.0,4.5,0.5,0.5,5.0,13.0,46.0,79.0,75.5,18.0,0.0,0.0,45.0,1,46.501,6.6005,8500.0,450.0,0.0,10,4.5,45.0,8498.7,-12.3,8500.0,False,False,False,False,False,False,False,False,False,False,False,True,True,True,True,False,True,False,False,False,False,False,False,False
131457,STATE_ARMED,11.8,0.0,89.0,0.0,0.0,0.0,4.5,0.5,0.5,5.0,13.0,46.0,79.0,75.5,18.0,0.0,0.0,45.0,1,46.501,6.6005,8500.0,450.0,0.0,10,4.5,45.0,8498.7,-12.3,8500.0,False,False,False,False,False,False,False,False,False,False,False,True,True,True,True,False,True,False,False,False,False,False,False,False
131959,STATE_ARMED,11.8,0.0,89.0,0.0,0.0,0.0,4.5,0.5,0.5,5.0,13.0,46.0,79.0,75.5,18.0,0.0,0.0,45.0,1,46.501,6.6005,8500.0,450.0,0.0,10,4.5,45.0,8498.7,-12.3,8500.0,False,False,False,False,False,False,False,False,False,False,False,True,True,True,True,False,True,False,False,False,False,False,False,False
132461,STATE_ARMED,11.8,0.0,89.0,0.0,0.0,0.0,4.5,0.5,0.5,5.0,13.0,46.0,79.0,75.5,18.0,0.0,0.0,45.0,1,46.501,6.6005,8500.0,450.0,0.0,10,4.5,45.0,8498.7,-12.3,8500.0,False,False,False,False,False,False,False,False,False,False,False,True,True,True,True,False,True,False,False,False,False,False,False,False
132963,STATE_ARMED,11.8,0.0,89.0,0.0,0.0,0.0,4.5,0.5,0.5,5.0,13.0,46.0,79.0,75.5,18.0,0.0,0.0,45.0,1,46.501,6.6005,8500.0,450.0,0.0,10,4.5,45.0,8498.7,-12.3,8500.0,False,False,False,False,False,False,False,False,False,False,False,True,True,True,True,False,True,False,False,False,False,False,False,False
133465,STATE_ARMED,11.8,0.0,89.0,0.0,0.0,0.0,4.5,0.5,0.5,5.0,13.0,46.0,79.0,75.5,18.0,0.0,0.0,45.0,1,46.501,6.6005,8500.0,450.0,0.0,10,4.5,45.0,8498.7,-12.3,8500.0,False,False,False,False,False,False,False,False,False,False,False,True,True,True,True,False,True,False,False,False,False,False,False,False
133967,STATE_ARMED,11.8,0.0,89.0,0.0,0.0,0.0,4.5,0.5,0.5,5.0,13.0,46.0,79.0,75.5,18.0,0.0,0.0,45.0,1,46.501,6.6005,8500.0,450.0,0.0,10,4.5,45.0,8498.7,-12.3,8500.0,False,False,False,False,False,False,False,False,False,False,False,True,True,True,True,False,True,False,False,False,False,False,False,False
134469,STATE_ARMED,11.8,0.0,89.0,0.0,0.0,0.0,4.5,0.5,0.5,5.0,13.0,46.0,79.0,75.5,18.0,0.0,0.0,45.0,1,46.501,6.6005,8500.0,450.0,0.0,10,4.5,45.0,8498.7,-12.3,8500.0,False,False,False,False,False,False,False,False,False,False,False,True,True,True,True,False,True,False,False,False,False,False,False,False
134970,STATE_ARMED,11.8,0.0,89.0,0.0,0.0,0.0,4.5,0.5,0.5,5.0,13.0,46.0,79.0,75.5,18.0,0.0,0.0,45.0,1,46.501,6.6005,8500.0,450.0,0.0,10,4.5,45.0,8498.7,-12.3,8500.0,False,False,False,False,False,False,False,False,False,False,False,True,True,True,True,False,True,False,False,False,False,False,False,False
135472,STATE_ARMED,11.8,0.0,89.0,0.0,0.0,0.0,4.5,0.5,0.5,5.0,13.0,46.0,79.0,75.5,18.0,0.0,0.0,45.0,1,46.501,6.6005,8500.0,450.0,0.0,10,4.5,45.0,8498.7,-12.3,8500.0,False,False,False,False,False,False,False,False,False,False,False,True,True,True,True,False,True,False,False,False,False,False,False,False
135974,STATE_ARMED,11.8,0.0,89.0,0.0,0.0,0.0,4.5,0.5,0.5,5.0,13.0,46.0,79.0,75.5,18.0,0.0,0.0,45.0,1,46.501,6.6005,8500.0,450.0,0.0,10,4.5,45.0,8498.7,-12.3,8500.0,False,False,False,False,False,False,False,False,False,False,False,True,True,True,True,False,True,False,False,False,False,False,False,False
136476,STATE_ARMED,11.8,0.0,89.0,0.0,0.0,0.0,4.5,0.5,0.5,5.0,13.0,46.0,79.0,75.5,18.0,0.0,0.0,45.0,1,46.501,6.6005,8500.0,450.0,0.0,10,4.5,45.0,8498.7,-12.3,8500.0,False,False,False,False,False,False,False,False,False,False,False,True,True,True,True,False,True,False,False,False,False,False,False,False
136977,STATE_ARMED,11.8,0.0,89.0,0.0,0.0,0.0,4.5,0.5,0.5,5.0,13.0,46.0,79.0,75.5,18.0,0.0,0.0,45.0,1,46.501,6.6005,8500.0,450.0,0.0,10,4.5,45.0,8498.7,-12.3,8500.0,False,False,False,False,False,False,False,False,False,False,False,True,True,True,True,False,True,False,False,False,False,False,False,False
137479,STATE_ARMED,11.8,0.0,89.0,0.0,0.0,0.0,4.5,0.5,0.5,5.0,13.0,46.0,79.0,75.5,18.0,0.0,0.0,45.0,1,46.501,6.6005,8500.0,450.0,0.0,10,4.5,45.0,8498.7,-12.3,8500.0,False,False,False,False,False,False,False,False,False,False,False,True,True,True,True,False,True,False,False,False,False,False,False,False
137980,STATE_ARMED,11.8,0.0,89.0,0.0,0.0,0.0,4.5,0.5,0.5,5.0,13.0,46.0,79.0,75.5,18.0,0.0,0.0,45.0,1,46.501,6.6005,8500.0,450.0,0.0,10,4.5,45.0,8498.7,-12.3,8500.0,False,False,False,False,False,False,False,False,False,False,False,True,True,True,True,False,True,False,False,False,False,False,False,False
138482,STATE_ARMED,11.8,0.0,89.0,0.0,0.0,0.0,4.5,0.5,0.5,5.0,13.0,46.0,79.0,75.5,18.0,0.0,0.0,45.0,1,46.501,6.6005,8500.0,450.0,0.0,10,4.5,45.0,8498.7,-12.3,8500.0,False,False,False,False,False,False,False,False,False,False,False,True,True,True,True,False,True,False,False,False,False,False,False,False
138984,STATE_ARMED,11.8,0.0,89.0,0.0,0.0,0.0,4.5,0.5,0.5,5.0,13.0,46.0,79.0,75.5,18.0,0.0,0.0,45.0,1,46.501,6.6005,8500.0,450.0,0.0,10,4.5,45.0,8498.7,-12.3,8500.0,False,False,False,False,False,False,False,False,False,False,False,True,True,True,True,False,True,False,False,False,False,False,False,False
139486,STATE_ARMED,11.8,0.0,89.0,0.0,0.0,0.0,4.5,0.5,0.5,5.0,13.0,46.0,79.0,75.5,18.0,0.0,0.0,45.0,1,46.501,6.6005,8500.0,450.0,0.0,10,4.5,45.0,8498.7,-12.3,8500.0,False,False,False,False,False,False,False,False,False,False,False,True,True,True,True,False,True,False,False,False,False,False,False,False
139988,STATE_ARMED,11.8,0.0,89.0,0.0,0.0,0.0,4.5,0.5,0.5,5.0,13.0,46.0,79.0,75.5,18.0,0.0,0.0,45.0,1,46.501,6.6005,8500.0,450.0,0.0,10,4.5,45.0,8498.7,-12.3,8500.0,False,False,False,False,False,False,False,False,False,False,False,True,True,True,True,False,True,False,False,False,False,False,False,False
140490,STATE_ARMED,11.8,0.0,89.0,0.0,0.0,0.0,4.5,0.5,0.5,5.0,13.0,46.0,79.0,75.5,18.0,0.0,0.0,45.0,1,46.501,6.6005,8500.0,450.0,0.0,10,4.5,45.0,8498.7,-12.3,8500.0,False,False,False,False,False,False,False,False,False,False,False,True,True,True,True,False,True,False,False,False,False,False,False,False
140991,STATE_ARMED,11.8,0.0,89.0,0.0,0.0,0.0,4.5,0.5,0.5,5.0,13.0,46.0,79.0,75.5,18.0,0.0,0.0,45.0,1,46.501,6.6005,8500.0,450.0,0.0,10,4.5,45.0,8498.7,-12.3,8500.0,False,False,False,False,False,False,False,False,False,False,False,True,True,True,True,False,True,False,False,False,False,False,False,False
141493,STATE_ARMED,11.8,0.0,89.0,0.0,0.0,0.0,4.5,0.5,0.5,5.0,13.0,46.0,79.0,75.5,18.0,0.0,0.0,45.0,1,46.501,6.6005,8500.0,450.0,0.0,10,4.5,45.0,8498.7,-12.3,8500.0,False,False,False,False,False,False,False,False,False,False,False,True,True,True,True,False,True,False,False,False,False,False,False,False
141994,STATE_ARMED,11.8,0.0,89.0,0.0,0.0,0.0,4.5,0.5,0.5,5.0,13.0,46.0,79.0,75.5,18.0,0.0,0.0,45.0,1,46.501,6.6005,8500.0,450.0,0.0,10,4.5,45.0,8498.7,-12.3,8500.0,False,False,False,False,False,False,False,False,False,False,False,True,True,True,True,False,True,False,False,False,False,False,False,False
142496,STATE_ARMED,11.8,0.0,89.0,0.0,0.0,0.0,4.5,0.5,0.5,5.0,13.0,46.0,79.0,75.5,18.0,0.0,0.0,45.0,1,46.501,6.6005,8500.0,450.0,0.0,10,4.5,45.0,8498.7,-12.3,8500.0,False,False,False,False,False,False,False,False,False,False,False,True,True,True,True,False,True,False,False,False,False,False,False,False
142997,STATE_ARMED,11.8,0.0,89.0,0.0,0.0,0.0,4.5,0.5,0.5,5.0,13.0,46.0,79.0,75.5,18.0,0.0,0.0,45.0,1,46.501,6.6005,8500.0,450.0,0.0,10,4.5,45.0,8498.7,-12.3,8500.0,False,False,False,False,False,False,False,False,False,False,False,True,True,True,True,False,True,False,False,False,False,False,False,False
143499,STATE_ARMED,11.8,0.0,89.0,0.0,0.0,0.0,4.5,0.5,0.5,5.0,13.0,46.0,79.0,75.5,18.0,0.0,0.0,45.0,1,46.501,6.6005,8500.0,450.0,0.0,10,4.5,45.0,8498.7,-12.3,8500.0,False,False,False,False,False,False,False,False,False,False,False,True,True,True,True,False,True,False,False,False,False,False,False,False
144001,STATE_ARMED,11.8,0.0,89.0,0.0,0.0,0.0,4.5,0.5,0.5,5.0,13.0,46.0,79.0,75.5,18.0,0.0,0.0,45.0,1,46.501,6.6005,8500.0,450.0,0.0,10,4.5,45.0,8498.7,-12.3,8500.0,False,False,False,False,False,False,False,False,False,False,False,True,True,True,True,False,True,False,False,False,False,False,False,False
144502,STATE_ARMED,11.8,0.0,89.0,0.0,0.0,0.0,4.5,0.5,0.5,5.0,13.0,46.0,79.0,75.5,18.0,0.0,0.0,45.0,1,46.501,6.6005,8500.0,450.0,0.0,10,4.5,45.0,8498.7,-12.3,8500.0,False,False,False,False,False,False,False,False,False,False,False,True,True,True,True,False,True,False,False,False,False,False,False,False
145004,STATE_ARMED,11.8,0.0,89.0,0.0,0.0,0.0,4.5,0.5,0.5,5.0,13.0,46.0,79.0,75.5,18.0,0.0,0.0,45.0,1,46.501,6.6005,8500.0,450.0,0.0,10,4.5,45.0,8498.7,-12.3,8500.0,False,False,False,False,False,False,False,False,False,False,False,True,True,True,True,False,True,False,False,False,False,False,False,False
145505,STATE_ARMED,11.8,0.0,89.0,0.0,0.0,0.0,4.5,0.5,0.5,5.0,13.0,46.0,79.0,75.5,18.0,0.0,0.0,45.0,1,46.501,6.6005,8500.0,450.0,0.0,10,4.5,45.0,8498.7,-12.3,8500.0,False,False,False,False,False,False,False,False,False,False,False,True,True,True,True,False,True,False,False,False,False,False,False,False
146008,STATE_ARMED,11.8,0.0,89.0,0.0,0.0,0.0,4.5,0.5,0.5,5.0,13.0,46.0,79.0,75.5,18.0,0.0,0.0,45.0,1,46.501,6.6005,8500.0,450.0,0.0,10,4.5,45.0,8498.7,-12.3,8500.0,False,False,False,False,False,False,False,False,False,False,False,True,True,True,True,False,True,False,False,False,False,False,False,False
146510,STATE_ARMED,11.8,0.0,89.0,0.0,0.0,0.0,4.5,0.5,0.5,5.0,13.0,46.0,79.0,75.5,18.0,0.0,0.0,45.0,1,46.501,6.6005,8500.0,450.0,0.0,10,4.5,45.0,8498.7,-12.3,8500.0,False,False,False,False,False,False,False,False,False,False,False,True,True,True,True,False,True,False,False,False,False,False,False,False
147012,STATE_ARMED,11.8,0.0,89.0,0.0,0.0,0.0,4.5,0.5,0.5,5.0,13.0,46.0,79.0,75.5,18.0,0.0,0.0,45.0,1,46.501,6.6005,8500.0,450.0,0.0,10,4.5,45.0,8498.7,-12.3,8500.0,False,False,False,False,False,False,False,False,False,False,False,True,True,True,True,False,True,False,False,False,False,False,False,False
147514,STATE_ARMED,11.8,0.0,89.0,0.0,0.0,0.0,4.5,0.5,0.5,5.0,13.0,46.0,79.0,75.5,18.0,0.0,0.0,45.0,1,46.501,6.6005,8500.0,450.0,0.0,10,4.5,45.0,8498.7,-12.3,8500.0,False,False,False,False,False,False,False,False,False,False,False,True,True,True,True,False,True,False,False,False,False,False,False,False
148015,STATE_ARMED,11.8,0.0,89.0,0.0,0.0,0.0,4.5,0.5,0.5,5.0,13.0,46.0,79.0,75.5,18.0,0.0,0.0,45.0,1,46.501,6.6005,8500.0,450.0,0.0,10,4.5,45.0,8498.7,-12.3,8500.0,False,False,False,False,False,False,False,False,False,False,False,True,True,True,True,False,True,False,False,False,False,False,False,False
148516,STATE_ARMED,11.8,0.0,89.0,0.0,0.0,0.0,4.5,0.5,0.5,5.0,13.0,46.0,79.0,75.5,18.0,0.0,0.0,45.0,1,46.501,6.6005,8500.0,450.0,0.0,10,4.5,45.0,8498.7,-12.3,8500.0,False,False,False,False,False,False,False,False,False,False,False,True,True,True,True,False,True,False,False,False,False,False,False,False
149018,STATE_ARMED,11.8,0.0,89.0,0.0,0.0,0.0,4.5,0.5,0.5,5.0,13.0,46.0,79.0,75.5,18.0,0.0,0.0,45.0,1,46.501,6.6005,8500.0,450.0,0.0,10,4.5,45.0,8498.7,-12.3,8500.0,False,False,False,False,False,False,False,False,False,False,False,True,True,True,True,False,True,False,False,False,False,False,False,False
149520,STATE_ARMED,11.8,0.0,89.0,0.0,0.0,0.0,4.5,0.5,0.5,5.0,13.0,46.0,79.0,75.5,18.0,0.0,0.0,45.0,1,46.501,6.6005,8500.0,450.0,0.0,10,4.5,45.0,8498.7,-12.3,8500.0,False,False,False,False,False,False,False,False,False,False,False,True,True,True,True,False,True,False,False,False,False,False,False,False
150021,STATE_ARMED,11.8,0.0,89.0,0.0,0.0,0.0,4.5,0.5,0.5,5.0,13.0,46.0,79.0,75.5,18.0,0.0,0.0,45.0,1,46.501,6.6005,8500.0,450.0,0.0,10,4.5,45.0,8498.7,-12.3,8500.0,False,False,False,False,False,False,False,False,False,False,False,True,True,True,True,False,True,False,False,False,False,False,False,False
150523,STATE_ARMED,11.8,0.0,89.0,0.0,0.0,0.0,4.5,0.5,0.5,5.0,13.0,46.0,79.0,75.5,18.0,0.0,0.0,45.0,1,46.501,6.6005,8500.0,450.0,0.0,10,4.5,45.0,8498.7,-12.3,8500.0,False,False,False,False,False,False,False,False,False,False,False,True,True,True,True,False,True,False,False,False,False,False,False,False
151025,STATE_ARMED,11.8,0.0,89.0,0.0,0.0,0.0,4.5,0.5,0.5,5.0,13.0,46.0,79.0,75.5,18.0,0.0,0.0,45.0,1,46.501,6.6005,8500.0,450.0,0.0,10,4.5,45.0,8498.7,-12.3,8500.0,False,False,False,False,False,False,False,False,False,False,False,True,True,True,True,False,True,False,False,False,False,False,False,False
151526,STATE_ARMED,11.8,0.0,89.0,0.0,0.0,0.0,4.5,0.5,0.5,5.0,13.0,46.0,79.0,75.5,18.0,0.0,0.0,45.0,1,46.501,6.6005,8500.0,450.0,0.0,10,4.5,45.0,8498.7,-12.3,8500.0,False,False,False,False,False,False,False,False,False,False,False,True,True,True,True,False,True,False,False,False,False,False,False,False
152028,STATE_ARMED,11.8,0.0,89.0,0.0,0.0,0.0,4.5,0.5,0.5,5.0,13.0,46.0,79.0,75.5,18.0,0.0,0.0,45.0,1,46.501,6.6005,8500.0,450.0,0.0,10,4.5,45.0,8498.7,-12.3,8500.0,False,False,False,False,False,False,False,False,False,False,False,True,True,True,True,False,True,False,False,False,False,False,False,False
152529,STATE_ARMED,11.8,0.0,89.0,0.0,0.0,0.0,4.5,0.5,0.5,5.0,13.0,46.0,79.0,75.5,18.0,0.0,0.0,45.0,1,46.501,6.6005,8500.0,450.0,0.0,10,4.5,45.0,8498.7,-12.3,8500.0,False,False,False,False,False,False,False,False,False,False,False,True,True,True,True,False,True,False,False,False,False,False,False,False
153030,STATE_ARMED,11.8,0.0,89.0,0.0,0.0,0.0,4.5,0.5,0.5,5.0,13.0,46.0,79.0,75.5,18.0,0.0,0.0,45.0,1,46.501,6.6005,8500.0,450.0,0.0,10,4.5,45.0,8498.7,-12.3,8500.0,False,False,False,False,False,False,False,False,False,False,False,True,True,True,True,False,True,False,False,False,False,False,False,False
153532,STATE_ARMED,11.8,0.0,89.0,0.0,0.0,0.0,4.5,0.5,0.5,5.0,13.0,46.0,79.0,75.5,18.0,0.0,0.0,45.0,1,46.501,6.6005,8500.0,450.0,0.0,10,4.5,45.0,8498.7,-12.3,8500.0,False,False,False,False,False,False,False,False,False,False,False,True,True,True,True,False,True,False,False,False,False,False,False,False
154033,STATE_ARMED,11.8,0.0,89.0,0.0,0.0,0.0,4.5,0.5,0.5,5.0,13.0,46.0,79.0,75.5,18.0,0.0,0.0,45.0,1,46.501,6.6005,8500.0,450.0,0.0,10,4.5,45.0,8498.7,-12.3,8500.0,False,False,False,False,False,False,False,False,False,False,False,True,True,True,True,False,True,False,False,False,False,False,False,False
154535,STATE_ARMED,11.8,0.0,89.0,0.0,0.0,0.0,4.5,0.5,0.5,5.0,13.0,46.0,79.0,75.5,18.0,0.0,0.0,45.0,1,46.501,6.6005,8500.0,450.0,0.0,10,4.5,45.0,8498.7,-12.3,8500.0,False,False,False,False,False,False,False,False,False,False,False,True,True,True,True,False,True,False,False,False,False,False,False,False
155037,STATE_ARMED,11.8,0.0,89.0,0.0,0.0,0.0,4.5,0.5,0.5,5.0,13.0,46.0,79.0,75.5,18.0,0.0,0.0,45.0,1,46.501,6.6005,8500.0,450.0,0.0,10,4.5,45.0,8498.7,-12.3,8500.0,False,False,False,False,False,False,False,False,False,False,False,True,True,True,True,False,True,False,False,False,False,False,False,False
155539,STATE_ARMED,11.8,0.0,89.0,0.0,0.0,0.0,4.5,0.5,0.5,5.0,13.0,46.0,79.0,75.5,18.0,0.0,0.0,45.0,1,46.501,6.6005,8500.0,450.0,0.0,10,4.5,45.0,8498.7,-12.3,8500.0,False,False,False,False,False,False,False,False,False,False,False,True,True,True,True,False,True,False,False,False,False,False,False,False
156040,STATE_ARMED,11.8,0.0,89.0,0.0,0.0,0.0,4.5,0.5,0.5,5.0,13.0,46.0,79.0,75.5,18.0,0.0,0.0,45.0,1,46.501,6.6005,8500.0,450.0,0.0,10,4.5,45.0,8498.7,-12.3,8500.0,False,False,False,False,False,False,False,False,False,False,False,True,True,True,True,False,True,False,False,False,False,False,False,False
156542,STATE_ARMED,11.8,0.0,89.0,0.0,0.0,0.0,4.5,0.5,0.5,5.0,13.0,46.0,79.0,75.5,18.0,0.0,0.0,45.0,1,46.501,6.6005,8500.0,450.0,0.0,10,4.5,45.0,8498.7,-12.3,8500.0,False,False,False,False,False,False,False,False,False,False,False,True,True,True,True,False,True,False,False,False,False,False,False,False
157044,STATE_ARMED,11.8,0.0,89.0,0.0,0.0,0.0,4.5,0.5,0.5,5.0,13.0,46.0,79.0,75.5,18.0,0.0,0.0,45.0,1,46.501,6.6005,8500.0,450.0,0.0,10,4.5,45.0,8498.7,-12.3,8500.0,False,False,False,False,False,False,False,False,False,False,False,True,True,True,True,False,True,False,False,False,False,False,False,False
157545,STATE_ARMED,11.8,0.0,89.0,0.0,0.0,0.0,4.5,0.5,0.5,5.0,13.0,46.0,79.0,75.5,18.0,0.0,0.0,45.0,1,46.501,6.6005,8500.0,450.0,0.0,10,4.5,45.0,8498.7,-12.3,8500.0,False,False,False,False,False,False,False,False,False,False,False,True,True,True,True,False,True,False,False,False,False,False,False,False
158047,STATE_ARMED,11.8,0.0,89.0,0.0,0.0,0.0,4.5,0.5,0.5,5.0,13.0,46.0,79.0,75.5,18.0,0.0,0.0,45.0,1,46.501,6.6005,8500.0,450.0,0.0,10,4.5,45.0,8498.7,-12.3,8500.0,False,False,False,False,False,False,False,False,False,False,False,True,True,True,True,False,True,False,False,False,False,False,False,False
158548,STATE_ARMED,11.8,0.0,89.0,0.0,0.0,0.0,4.5,0.5,0.5,5.0,13.0,46.0,79.0,75.5,18.0,0.0,0.0,45.0,1,46.501,6.6005,8500.0,450.0,0.0,10,4.5,45.0,8498.7,-12.3,8500.0,False,False,False,False,False,False,False,False,False,False,False,True,True,True,True,False,True,False,False,False,False,False,False,False
159051,STATE_ARMED,11.8,0.0,89.0,0.0,0.0,0.0,4.5,0.5,0.5,5.0,13.0,46.0,79.0,75.5,18.0,0.0,0.0,45.0,1,46.501,6.6005,8500.0,450.0,0.0,10,4.5,45.0,8498.7,-12.3,8500.0,False,False,False,False,False,False,False,False,False,False,False,True,True,True,True,False,True,False,False,False,False,False,False,False
159553,STATE_ARMED,11.8,0.0,89.0,0.0,0.0,0.0,4.5,0.5,0.5,5.0,13.0,46.0,79.0,75.5,18.0,0.0,0.0,45.0,1,46.501,6.6005,8500.0,450.0,0.0,10,4.5,45.0,8498.7,-12.3,8500.0,False,False,False,False,False,False,False,False,False,False,False,True,True,True,True,False,True,False,False,False,False,False,False,False
160056,STATE_ARMED,11.8,0.0,89.0,0.0,0.0,0.0,4.5,0.5,0.5,5.0,13.0,46.0,79.0,75.5,18.0,0.0,0.0,45.0,1,46.501,6.6005,8500.0,450.0,0.0,10,4.5,45.0,8498.7,-12.3,8500.0,False,False,False,False,False,False,False,False,False,False,False,True,True,True,True,False,True,False,False,False,False,False,False,False
160558,STATE_ARMED,11.8,0.0,89.0,0.0,0.0,0.0,4.5,0.5,0.5,5.0,13.0,46.0,79.0,75.5,18.0,0.0,0.0,45.0,1,46.501,6.6005,8500.0,450.0,0.0,10,4.5,45.0,8498.7,-12.3,8500.0,False,False,False,False,False,False,False,False,False,False,False,True,True,True,True,False,True,False,False,False,False,False,False,False
161061,STATE_ARMED,11.8,0.0,89.0,0.0,0.0,0.0,4.5,0.5,0.5,5.0,13.0,46.0,79.0,75.5,18.0,0.0,0.0,45.0,1,46.501,6.6005,8500.0,450.0,0.0,10,4.5,45.0,8498.7,-12.3,8500.0,False,False,False,False,False,False,False,False,False,False,False,True,True,True,True,False,True,False,False,False,False,False,False,False
161564,STATE_ARMED,11.8,0.0,89.0,0.0,0.0,0.0,4.5,0.5,0.5,5.0,13.0,46.0,79.0,75.5,18.0,0.0,0.0,45.0,1,46.501,6.6005,8500.0,450.0,0.0,10,4.5,45.0,8498.7,-12.3,8500.0,False,False,False,False,False,False,False,False,False,False,False,True,True,True,True,False,True,False,False,False,False,False,False,False
162066,STATE_ARMED,11.8,0.0,89.0,0.0,0.0,0.0,4.5,0.5,0.5,5.0,13.0,46.0,79.0,75.5,18.0,0.0,0.0,45.0,1,46.501,6.6005,8500.0,450.0,0.0,10,4.5,45.0,8498.7,-12.3,8500.0,False,False,False,False,False,False,False,False,False,False,False,True,True,True,True,False,True,False,False,False,False,False,False,False
162569,STATE_ARMED,11.8,0.0,89.0,0.0,0.0,0.0,4.5,0.5,0.5,5.0,13.0,46.0,79.0,75.5,18.0,0.0,0.0,45.0,1,46.501,6.6005,8500.0,450.0,0.0,10,4.5,45.0,8498.7,-12.3,8500.0,False,False,False,False,False,False,False,False,False,False,False,True,True,True,True,False,True,False,False,False,False,False,False,False
163071,STATE_ARMED,11.8,0.0,89.0,0.0,0.0,0.0,4.5,0.5,0.5,5.0,13.0,46.0,79.0,75.5,18.0,0.0,0.0,45.0,1,46.501,6.6005,8500.0,450.0,0.0,10,4.5,45.0,8498.7,-12.3,8500.0,False,False,False,False,False,False,False,False,False,False,False,True,True,True,True,False,True,False,False,False,False,False,False,False
163574,STATE_ARMED,11.8,0.0,89.0,0.0,0.0,0.0,4.5,0.5,0.5,5.0,13.0,46.0,79.0,75.5,18.0,0.0,0.0,45.0,1,46.501,6.6005,8500.0,450.0,0.0,10,4.5,45.0,8498.7,-12.3,8500.0,False,False,False,False,False,False,False,False,False,False,False,True,True,True,True,False,True,False,False,False,False,False,False,False
164077,STATE_ARMED,11.8,0.0,89.0,0.0,0.0,0.0,4.5,0.5,0.5,5.0,13.0,46.0,79.0,75.5,18.0,0.0,0.0,45.0,1,46.501,6.6005,8500.0,450.0,0.0,10,4.5,45.0,8498.7,-12.3,8500.0,False,False,False,False,False,False,False,False,False,False,False,True,True,True,True,False,True,False,False,False,False,False,False,False
164581,STATE_ARMED,11.8,0.0,89.0,0.0,0.0,0.0,4.5,0.5,0.5,5.0,13.0,46.0,79.0,75.5,18.0,0.0,0.0,45.0,1,46.501,6.6005,8500.0,450.0,0.0,10,4.5,45.0,8498.7,-12.3,8500.0,False,False,False,False,False,False,False,False,False,False,False,True,True,True,True,False,True,False,False,False,False,False,False,False
165085,STATE_ARMED,11.8,0.0,89.0,0.0,0.0,0.0,4.5,0.5,0.5,5.0,13.0,46.0,79.0,75.5,18.0,0.0,0.0,45.0,1,46.501,6.6005,8500.0,450.0,0.0,10,4.5,45.0,8498.7,-12.3,8500.0,False,False,False,False,False,False,False,False,False,False,False,True,True,True,True,False,True,False,False,False,False,False,False,False
165588,STATE_ARMED,11.8,0.0,89.0,0.0,0.0,0.0,4.5,0.5,0.5,5.0,13.0,46.0,79.0,75.5,18.0,0.0,0.0,45.0,1,46.501,6.6005,8500.0,450.0,0.0,10,4.5,45.0,8498.7,-12.3,8500.0,False,False,False,False,False,False,False,False,False,False,False,True,True,True,True,False,True,False,False,False,False,False,False,False
166091,STATE_ARMED,11.8,0.0,89.0,0.0,0.0,0.0,4.5,0.5,0.5,5.0,13.0,46.0,79.0,75.5,18.0,0.0,0.0,45.0,1,46.501,6.6005,8500.0,450.0,0.0,10,4.5,45.0,8498.7,-12.3,8500.0,False,False,False,False,False,False,False,False,False,False,False,True,True,True,True,False,True,False,False,False,False,False,False,False
166597,STATE_ARMED,11.8,0.0,89.0,0.0,0.0,0.0,4.5,0.5,0.5,5.0,13.0,46.0,79.0,75.5,18.0,0.0,0.0,45.0,1,46.501,6.6005,8500.0,450.0,0.0,10,4.5,45.0,8498.7,-12.3,8500.0,False,False,False,False,False,False,False,False,False,False,False,True,True,True,True,False,True,False,False,False,False,False,False,False
167098,STATE_ARMED,11.8,0.0,89.0,0.0,0.0,0.0,4.5,0.5,0.5,5.0,13.0,46.0,79.0,75.5,18.0,0.0,0.0,45.0,1,46.501,6.6005,8500.0,450.0,0.0,10,4.5,45.0,8498.7,-12.3,8500.0,False,False,False,False,False,False,False,False,False,False,False,True,True,True,True,False,True,False,False,False,False,False,False,False
167601,STATE_ARMED,11.8,0.0,89.0,0.0,0.0,0.0,4.5,0.5,0.5,5.0,13.0,46.0,79.0,75.5,18.0,0.0,0.0,45.0,1,46.501,6.6005,8500.0,450.0,0.0,10,4.5,45.0,8498.7,-12.3,8500.0,False,False,False,False,False,False,False,False,False,False,False,True,True,True,True,False,True,False,False,False,False,False,False,False
168102,STATE_ARMED,11.8,0.0,89.0,0.0,0.0,0.0,4.5,0.5,0.5,5.0,13.0,46.0,79.0,75.5,18.0,0.0,0.0,45.0,1,46.501,6.6005,8500.0,450.0,0.0,10,4.5,45.0,8498.7,-12.3,8500.0,False,False,False,False,False,False,False,False,False,False,False,True,True,True,True,False,True,False,False,False,False,False,False,False
168604,STATE_ARMED,11.8,0.0,89.0,0.0,0.0,0.0,4.5,0.5,0.5,5.0,13.0,46.0,79.0,75.5,18.0,0.0,0.0,45.0,1,46.501,6.6005,8500.0,450.0,0.0,10,4.5,45.0,8498.7,-12.3,8500.0,False,False,False,False,False,False,False,False,False,False,False,True,True,True,True,False,True,False,False,False,False,False,False,False
169106,STATE_ARMED,11.8,0.0,89.0,0.0,0.0,0.0,4.5,0.5,0.5,5.0,13.0,46.0,79.0,75.5,18.0,0.0,0.0,45.0,1,46.501,6.6005,8500.0,450.0,0.0,10,4.5,45.0,8498.7,-12.3,8500.0,False,False,False,False,False,False,False,False,False,False,False,True,True,True,True,False,True,False,False,False,False,False,False,False
169609,STATE_ARMED,11.8,0.0,89.0,0.0,0.0,0.0,4.5,0.5,0.5,5.0,13.0,46.0,79.0,75.5,18.0,0.0,0.0,45.0,1,46.501,6.6005,8500.0,450.0,0.0,10,4.5,45.0,8498.7,-12.3,8500.0,False,False,False,False,False,False,False,False,False,False,False,True,True,True,True,False,True,False,False,False,False,False,False,False
170111,STATE_ARMED,11.8,0.0,89.0,0.0,0.0,0.0,4.5,0.5,0.5,5.0,13.0,46.0,79.0,75.5,18.0,0.0,0.0,45.0,1,46.501,6.6005,8500.0,450.0,0.0,10,4.5,45.0,8498.7,-12.3,8500.0,False,False,False,False,False,False,False,False,False,False,False,True,True,True,True,False,True,False,False,False,False,False,False,False
170613,STATE_ARMED,11.8,0.0,89.0,0.0,0.0,0.0,4.5,0.5,0.5,5.0,13.0,46.0,79.0,75.5,18.0,0.0,0.0,45.0,1,46.501,6.6005,8500.0,450.0,0.0,10,4.5,45.0,8498.7,-12.3,8500.0,False,False,False,False,False,False,False,False,False,False,False,True,True,True,True,False,True,False,False,False,False,False,False,False
171114,STATE_ARMED,11.8,0.0,89.0,0.0,0.0,0.0,4.5,0.5,0.5,5.0,13.0,46.0,79.0,75.5,18.0,0.0,0.0,45.0,1,46.501,6.6005,8500.0,450.0,0.0,10,4.5,45.0,8498.7,-12.3,8500.0,False,False,False,False,False,False,False,False,False,False,False,True,True,True,True,False,True,False,False,False,False,False,False,False
171616,STATE_ARMED,11.8,0.0,89.0,0.0,0.0,0.0,4.5,0.5,0.5,5.0,13.0,46.0,79.0,75.5,18.0,0.0,0.0,45.0,1,46.501,6.6005,8500.0,450.0,0.0,10,4.5,45.0,8498.7,-12.3,8500.0,False,False,False,False,False,False,False,False,False,False,False,True,True,True,True,False,True,False,False,False,False,False,False,False
172117,STATE_ARMED,11.8,0.0,89.0,0.0,0.0,0.0,4.5,0.5,0.5,5.0,13.0,46.0,79.0,75.5,18.0,0.0,0.0,45.0,1,46.501,6.6005,8500.0,450.0,0.0,10,4.5,45.0,8498.7,-12.3,8500.0,False,False,False,False,False,False,False,False,False,False,False,True,True,True,True,False,True,False,False,False,False,False,False,False
172619,STATE_ARMED,11.8,0.0,89.0,0.0,0.0,0.0,4.5,0.5,0.5,5.0,13.0,46.0,79.0,75.5,18.0,0.0,0.0,45.0,1,46.501,6.6005,8500.0,450.0,0.0,10,4.5,45.0,8498.7,-12.3,8500.0,False,False,False,False,False,False,False,False,False,False,False,True,True,True,True,False,True,False,False,False,False,False,False,False
173120,STATE_ARMED,11.8,0.0,89.0,0.0,0.0,0.0,4.5,0.5,0.5,5.0,13.0,46.0,79.0,75.5,18.0,0.0,0.0,45.0,1,46.501,6.6005,8500.0,450.0,0.0,10,4.5,45.0,8498.7,-12.3,8500.0,False,False,False,False,False,False,False,False,False,False,False,True,True,True,True,False,True,False,False,False,False,False,False,False
173622,STATE_ARMED,11.8,0.0,89.0,0.0,0.0,0.0,4.5,0.5,0.5,5.0,13.0,46.0,79.0,75.5,18.0,0.0,0.0,45.0,1,46.501,6.6005,8500.0,450.0,0.0,10,4.5,45.0,8498.7,-12.3,8500.0,False,False,False,False,False,False,False,False,False,False,False,True,True,True,True,False,True,False,False,False,False,False,False,False
174123,STATE_ARMED,11.8,0.0,89.0,0.0,0.0,0.0,4.5,0.5,0.5,5.0,13.0,46.0,79.0,75.5,18.0,0.0,0.0,45.0,1,46.501,6.6005,8500.0,450.0,0.0,10,4.5,45.0,8498.7,-12.3,8500.0,False,False,False,False,False,False,False,False,False,False,False,True,True,True,True,False,True,False,False,False,False,False,False,False
174625,STATE_ARMED,11.8,0.0,89.0,0.0,0.0,0.0,4.5,0.5,0.5,5.0,13.0,46.0,79.0,75.5,18.0,0.0,0.0,45.0,1,46.501,6.6005,8500.0,450.0,0.0,10,4.5,45.0,8498.7,-12.3,8500.0,False,False,False,False,False,False,False,False,False,False,False,True,True,True,True,False,True,False,False,False,False,False,False,False
175126,STATE_ARMED,11.8,0.0,89.0,0.0,0.0,0.0,4.5,0.5,0.5,5.0,13.0,46.0,79.0,75.5,18.0,0.0,0.0,45.0,1,46.501,6.6005,8500.0,450.0,0.0,10,4.5,45.0,8498.7,-12.3,8500.0,False,False,False,False,False,False,False,False,False,False,False,True,True,True,True,False,True,False,False,False,False,False,False,False
175627,STATE_ARMED,11.8,0.0,89.0,0.0,0.0,0.0,4.5,0.5,0.5,5.0,13.0,46.0,79.0,75.5,18.0,0.0,0.0,45.0,1,46.501,6.6005,8500.0,450.0,0.0,10,4.5,45.0,8498.7,-12.3,8500.0,False,False,False,False,False,False,False,False,False,False,False,True,True,True,True,False,True,False,False,False,False,False,False,False
176129,STATE_ARMED,11.8,0.0,89.0,0.0,0.0,0.0,4.5,0.5,0.5,5.0,13.0,46.0,79.0,75.5,18.0,0.0,0.0,45.0,1,46.501,6.6005,8500.0,450.0,0.0,10,4.5,45.0,8498.7,-12.3,8500.0,False,False,False,False,False,False,False,False,False,False,False,True,True,True,True,False,True,False,False,False,False,False,False,False
176630,STATE_ARMED,11.8,0.0,89.0,0.0,0.0,0.0,4.5,0.5,0.5,5.0,13.0,46.0,79.0,75.5,18.0,0.0,0.0,45.0,1,46.501,6.6005,8500.0,450.0,0.0,10,4.5,45.0,8498.7,-12.3,8500.0,False,False,False,False,False,False,False,False,False,False,False,True,True,True,True,False,True,False,False,False,False,False,False,False
177132,STATE_ARMED,11.8,0.0,89.0,0.0,0.0,0.0,4.5,0.5,0.5,5.0,13.0,46.0,79.0,75.5,18.0,0.0,0.0,45.0,1,46.501,6.6005,8500.0,450.0,0.0,10,4.5,45.0,8498.7,-12.3,8500.0,False,False,False,False,False,False,False,False,False,False,False,True,True,True,True,False,True,False,False,False,False,False,False,False
177633,STATE_ARMED,11.8,0.0,89.0,0.0,0.0,0.0,4.5,0.5,0.5,5.0,13.0,46.0,79.0,75.5,18.0,0.0,0.0,45.0,1,46.501,6.6005,8500.0,450.0,0.0,10,4.5,45.0,8498.7,-12.3,8500.0,False,False,False,False,False,False,False,False,False,False,False,True,True,True,True,False,True,False,False,False,False,False,False,False
178135,STATE_ARMED,11.8,0.0,89.0,0.0,0.0,0.0,4.5,0.5,0.5,5.0,13.0,46.0,79.0,75.5,18.0,0.0,0.0,45.0,1,46.501,6.6005,8500.0,450.0,0.0,10,4.5,45.0,8498.7,-12.3,8500.0,False,False,False,False,False,False,False,False,False,False,False,True,True,True,True,False,True,False,False,False,False,False,False,False
178636,STATE_ARMED,11.8,0.0,89.0,0.0,0.0,0.0,4.5,0.5,0.5,5.0,13.0,46.0,79.0,75.5,18.0,0.0,0.0,45.0,1,46.501,6.6005,8500.0,450.0,0.0,10,4.5,45.0,8498.7,-12.3,8500.0,False,False,False,False,False,False,False,False,False,False,False,True,True,True,True,False,True,False,False,False,False,False,False,False
179138,STATE_ARMED,11.8,0.0,89.0,0.0,0.0,0.0,4.5,0.5,0.5,5.0,13.0,46.0,79.0,75.5,18.0,0.0,0.0,45.0,1,46.501,6.6005,8500.0,450.0,0.0,10,4.5,45.0,8498.7,-12.3,8500.0,False,False,False,False,False,False,False,False,False,False,False,True,True,True,True,False,True,False,False,False,False,False,False,False
179639,STATE_ARMED,11.8,0.0,89.0,0.0,0.0,0.0,4.5,0.5,0.5,5.0,13.0,46.0,79.0,75.5,18.0,0.0,0.0,45.0,1,46.501,6.6005,8500.0,450.0,0.0,10,4.5,45.0,8498.7,-12.3,8500.0,False,False,False,False,False,False,False,False,False,False,False,True,True,True,True,False,True,False,False,False,False,False,False,False
180140,STATE_ARMED,11.8,0.0,89.0,0.0,0.0,0.0,4.5,0.5,0.5,5.0,13.0,46.0,79.0,75.5,18.0,0.0,0.0,45.0,1,46.501,6.6005,8500.0,450.0,0.0,10,4.5,45.0,8498.7,-12.3,8500.0,False,False,False,False,False,False,False,False,False,False,False,True,True,True,True,False,True,False,False,False,False,False,False,False
180642,STATE_ARMED,11.8,0.0,89.0,0.0,0.0,0.0,4.5,0.5,0.5,5.0,13.0,46.0,79.0,75.5,18.0,0.0,0.0,45.0,1,46.501,6.6005,8500.0,450.0,0.0,10,4.5,45.0,8498.7,-12.3,8500.0,False,False,False,False,False,False,False,False,False,False,False,True,True,True,True,False,True,False,False,False,False,False,False,False
181143,STATE_ARMED,11.8,0.0,89.0,0.0,0.0,0.0,4.5,0.5,0.5,5.0,13.0,46.0,79.0,75.5,18.0,0.0,0.0,45.0,1,46.501,6.6005,8500.0,450.0,0.0,10,4.5,45.0,8498.7,-12.3,8500.0,False,False,False,False,False,False,False,False,False,False,False,True,True,True,True,False,True,False,False,False,False,False,False,False
181645,STATE_ARMED,11.8,0.0,89.0,0.0,0.0,0.0,4.5,0.5,0.5,5.0,13.0,46.0,79.0,75.5,18.0,0.0,0.0,45.0,1,46.501,6.6005,8500.0,450.0,0.0,10,4.5,45.0,8498.7,-12.3,8500.0,False,False,False,False,False,False,False,False,False,False,False,True,True,True,True,False,True,False,False,False,False,False,False,False
182146,STATE_ARMED,11.8,0.0,89.0,0.0,0.0,0.0,4.5,0.5,0.5,5.0,13.0,46.0,79.0,75.5,18.0,0.0,0.0,45.0,1,46.501,6.6005,8500.0,450.0,0.0,10,4.5,45.0,8498.7,-12.3,8500.0,False,False,False,False,False,False,False,False,False,False,False,True,True,True,True,False,True,False,False,False,False,False,False,False
182647,STATE_ARMED,11.8,0.0,89.0,0.0,0.0,0.0,4.5,0.5,0.5,5.0,13.0,46.0,79.0,75.5,18.0,0.0,0.0,45.0,1,46.501,6.6005,8500.0,450.0,0.0,10,4.5,45.0,8498.7,-12.3,8500.0,False,False,False,False,False,False,False,False,False,False,False,True,True,True,True,False,True,False,False,False,False,False,False,False
183149,STATE_ARMED,11.8,0.0,89.0,0.0,0.0,0.0,4.5,0.5,0.5,5.0,13.0,46.0,79.0,75.5,18.0,0.0,0.0,45.0,1,46.501,6.6005,8500.0,450.0,0.0,10,4.5,45.0,8498.7,-12.3,8500.0,False,False,False,False,False,False,False,False,False,False,False,True,True,True,True,False,True,False,False,False,False,False,False,False
183650,STATE_ARMED,11.8,0.0,89.0,0.0,0.0,0.0,4.5,0.5,0.5,5.0,13.0,46.0,79.0,75.5,18.0,0.0,0.0,45.0,1,46.501,6.6005,8500.0,450.0,0.0,10,4.5,45.0,8498.7,-12.3,8500.0,False,False,False,False,False,False,False,False,False,False,False,True,True,True,True,False,True,False,False,False,False,False,False,False
184152,STATE_ARMED,11.8,0.0,89.0,0.0,0.0,0.0,4.5,0.5,0.5,5.0,13.0,46.0,79.0,75.5,18.0,0.0,0.0,45.0,1,46.501,6.6005,8500.0,450.0,0.0,10,4.5,45.0,8498.7,-12.3,8500.0,False,False,False,False,False,False,False,False,False,False,False,True,True,True,True,False,True,False,False,False,False,False,False,False
184653,STATE_ARMED,11.8,0.0,89.0,0.0,0.0,0.0,4.5,0.5,0.5,5.0,13.0,46.0,79.0,75.5,18.0,0.0,0.0,45.0,1,46.501,6.6005,8500.0,450.0,0.0,10,4.5,45.0,8498.7,-12.3,8500.0,False,False,False,False,False,False,False,False,False,False,False,True,True,True,True,False,True,False,False,False,False,False,False,False
185155,STATE_ARMED,11.8,0.0,89.0,0.0,0.0,0.0,4.5,0.5,0.5,5.0,13.0,46.0,79.0,75.5,18.0,0.0,0.0,45.0,1,46.501,6.6005,8500.0,450.0,0.0,10,4.5,45.0,8498.7,-12.3,8500.0,False,False,False,False,False,False,False,False,False,False,False,True,True,True,True,False,True,False,False,False,False,False,False,False
185656,STATE_ARMED,11.8,0.0,89.0,0.0,0.0,0.0,4.5,0.5,0.5,5.0,13.0,46.0,79.0,75.5,18.0,0.0,0.0,45.0,1,46.501,6.6005,8500.0,450.0,0.0,10,4.5,45.0,8498.7,-12.3,8500.0,False,False,False,False,False,False,False,False,False,False,False,True,True,True,True,False,True,False,False,False,False,False,False,False
186158,STATE_ARMED,11.8,0.0,89.0,0.0,0.0,0.0,4.5,0.5,0.5,5.0,13.0,46.0,79.0,75.5,18.0,0.0,0.0,45.0,1,46.501,6.6005,8500.0,450.0,0.0,10,4.5,45.0,8498.7,-12.3,8500.0,False,False,False,False,False,False,False,False,False,False,False,True,True,True,True,False,True,False,False,False,False,False,False,False
186659,STATE_ARMED,11.8,0.0,89.0,0.0,0.0,0.0,4.5,0.5,0.5,5.0,13.0,46.0,79.0,75.5,18.0,0.0,0.0,45.0,1,46.501,6.6005,8500.0,450.0,0.0,10,4.5,45.0,8498.7,-12.3,8500.0,False,False,False,False,False,False,False,False,False,False,False,True,True,True,True,False,True,False,False,False,False,False,False,False
187161,STATE_ARMED,11.8,0.0,89.0,0.0,0.0,0.0,4.5,0.5,0.5,5.0,13.0,46.0,79.0,75.5,18.0,0.0,0.0,45.0,1,46.501,6.6005,8500.0,450.0,0.0,10,4.5,45.0,8498.7,-12.3,8500.0,False,False,False,False,False,False,False,False,False,False,False,True,True,True,True,False,True,False,False,False,False,False,False,False
187663,STATE_ARMED,11.8,0.0,89.0,0.0,0.0,0.0,4.5,0.5,0.5,5.0,13.0,46.0,79.0,75.5,18.0,0.0,0.0,45.0,1,46.501,6.6005,8500.0,450.0,0.0,10,4.5,45.0,8498.7,-12.3,8500.0,False,False,False,False,False,False,False,False,False,False,False,True,True,True,True,False,True,False,False,False,False,False,False,False
188166,STATE_ARMED,11.8,0.0,89.0,0.0,0.0,0.0,4.5,0.5,0.5,5.0,13.0,46.0,79.0,75.5,18.0,0.0,0.0,45.0,1,46.501,6.6005,8500.0,450.0,0.0,10,4.5,45.0,8498.7,-12.3,8500.0,False,False,False,False,False,False,False,False,False,False,False,True,True,True,True,False,True,False,False,False,False,False,False,False
188668,STATE_ARMED,11.8,0.0,89.0,0.0,0.0,0.0,4.5,0.5,0.5,5.0,13.0,46.0,79.0,75.5,18.0,0.0,0.0,45.0,1,46.501,6.6005,8500.0,450.0,0.0,10,4.5,45.0,8498.7,-12.3,8500.0,False,False,False,False,False,False,False,False,False,False,False,True,True,True,True,False,True,False,False,False,False,False,False,False
189170,STATE_ARMED,11.8,0.0,89.0,0.0,0.0,0.0,4.5,0.5,0.5,5.0,13.0,46.0,79.0,75.5,18.0,0.0,0.0,45.0,1,46.501,6.6005,8500.0,450.0,0.0,10,4.5,45.0,8498.7,-12.3,8500.0,False,False,False,False,False,False,False,False,False,False,False,True,True,True,True,False,True,False,False,False,False,False,False,False
189671,STATE_ARMED,11.8,0.0,89.0,0.0,0.0,0.0,4.5,0.5,0.5,5.0,13.0,46.0,79.0,75.5,18.0,0.0,0.0,45.0,1,46.501,6.6005,8500.0,450.0,0.0,10,4.5,45.0,8498.7,-12.3,8500.0,False,False,False,False,False,False,False,False,False,False,False,True,True,True,True,False,True,False,False,False,False,False,False,False
190173,STATE_ARMED,11.8,0.0,89.0,0.0,0.0,0.0,4.5,0.5,0.5,5.0,13.0,46.0,79.0,75.5,18.0,0.0,0.0,45.0,1,46.501,6.6005,8500.0,450.0,0.0,10,4.5,45.0,8498.7,-12.3,8500.0,False,False,False,False,False,False,False,False,False,False,False,True,True,True,True,False,True,False,False,False,False,False,False,False
190675,STATE_ARMED,11.8,0.0,89.0,0.0,0.0,0.0,4.5,0.5,0.5,5.0,13.0,46.0,79.0,75.5,18.0,0.0,0.0,45.0,1,46.501,6.6005,8500.0,450.0,0.0,10,4.5,45.0,8498.7,-12.3,8500.0,False,False,False,False,False,False,False,False,False,False,False,True,True,True,True,False,True,False,False,False,False,False,False,False
191177,STATE_ARMED,11.8,0.0,89.0,0.0,0.0,0.0,4.5,0.5,0.5,5.0,13.0,46.0,79.0,75.5,18.0,0.0,0.0,45.0,1,46.501,6.6005,8500.0,450.0,0.0,10,4.5,45.0,8498.7,-12.3,8500.0,False,False,False,False,False,False,False,False,False,False,False,True,True,True,True,False,True,False,False,False,False,False,False,False
191678,STATE_ARMED,11.8,0.0,89.0,0.0,0.0,0.0,4.5,0.5,0.5,5.0,13.0,46.0,79.0,75.5,18.0,0.0,0.0,45.0,1,46.501,6.6005,8500.0,450.0,0.0,10,4.5,45.0,8498.7,-12.3,8500.0,False,False,False,False,False,False,False,False,False,False,False,True,True,True,True,False,True,False,False,False,False,False,False,False
192180,STATE_ARMED,11.8,0.0,89.0,0.0,0.0,0.0,4.5,0.5,0.5,5.0,13.0,46.0,79.0,75.5,18.0,0.0,0.0,45.0,1,46.501,6.6005,8500.0,450.0,0.0,10,4.5,45.0,8498.7,-12.3,8500.0,False,False,False,False,False,False,False,False,False,False,False,True,True,True,True,False,True,False,False,False,False,False,False,False
192681,STATE_ARMED,11.8,0.0,89.0,0.0,0.0,0.0,4.5,0.5,0.5,5.0,13.0,46.0,79.0,75.5,18.0,0.0,0.0,45.0,1,46.501,6.6005,8500.0,450.0,0.0,10,4.5,45.0,8498.7,-12.3,8500.0,False,False,False,False,False,False,False,False,False,False,False,True,True,True,True,False,True,False,False,False,False,False,False,False
193185,STATE_ARMED,11.8,0.0,89.0,0.0,0.0,0.0,4.5,0.5,0.5,5.0,13.0,46.0,79.0,75.5,18.0,0.0,0.0,45.0,1,46.501,6.6005,8500.0,450.0,0.0,10,4.5,45.0,8498.7,-12.3,8500.0,False,False,False,False,False,False,False,False,False,False,False,True,True,True,True,False,True,False,False,False,False,False,False,False
193688,STATE_ARMED,11.8,0.0,89.0,0.0,0.0,0.0,4.5,0.5,0.5,5.0,13.0,46.0,79.0,75.5,18.0,0.0,0.0,45.0,1,46.501,6.6005,8500.0,450.0,0.0,10,4.5,45.0,8498.7,-12.3,8500.0,False,False,False,False,False,False,False,False,False,False,False,True,True,True,True,False,True,False,False,False,False,False,False,False
194189,STATE_ARMED,11.8,0.0,89.0,0.0,0.0,0.0,4.5,0.5,0.5,5.0,13.0,46.0,79.0,75.5,18.0,0.0,0.0,45.0,1,46.501,6.6005,8500.0,450.0,0.0,10,4.5,45.0,8498.7,-12.3,8500.0,False,False,False,False,False,False,False,False,False,False,False,True,True,True,True,False,True,False,False,False,False,False,False,False
194690,STATE_ARMED,11.8,0.0,89.0,0.0,0.0,0.0,4.5,0.5,0.5,5.0,13.0,46.0,79.0,75.5,18.0,0.0,0.0,45.0,1,46.501,6.6005,8500.0,450.0,0.0,10,4.5,45.0,8498.7,-12.3,8500.0,False,False,False,False,False,False,False,False,False,False,False,True,True,True,True,False,True,False,False,False,False,False,False,False
195192,STATE_ARMED,11.8,0.0,89.0,0.0,0.0,0.0,4.5,0.5,0.5,5.0,13.0,46.0,79.0,75.5,18.0,0.0,0.0,45.0,1,46.501,6.6005,8500.0,450.0,0.0,10,4.5,45.0,8498.7,-12.3,8500.0,False,False,False,False,False,False,False,False,False,False,False,True,True,True,True,False,True,False,False,False,False,False,False,False
195693,STATE_ARMED,11.8,0.0,89.0,0.0,0.0,0.0,4.5,0.5,0.5,5.0,13.0,46.0,79.0,75.5,18.0,0.0,0.0,45.0,1,46.501,6.6005,8500.0,450.0,0.0,10,4.5,45.0,8498.7,-12.3,8500.0,False,False,False,False,False,False,False,False,False,False,False,True,True,True,True,False,True,False,False,False,False,False,False,False
196195,STATE_ARMED,11.8,0.0,89.0,0.0,0.0,0.0,4.5,0.5,0.5,5.0,13.0,46.0,79.0,75.5,18.0,0.0,0.0,45.0,1,46.501,6.6005,8500.0,450.0,0.0,10,4.5,45.0,8498.7,-12.3,8500.0,False,False,False,False,False,False,False,False,False,False,False,True,True,True,True,False,True,False,False,False,False,False,False,False
196696,STATE_ARMED,11.8,0.0,89.0,0.0,0.0,0.0,4.5,0.5,0.5,5.0,13.0,46.0,79.0,75.5,18.0,0.0,0.0,45.0,1,46.501,6.6005,8500.0,450.0,0.0,10,4.5,45.0,8498.7,-12.3,8500.0,False,False,False,False,False,False,False,False,False,False,False,True,True,True,True,False,True,False,False,False,False,False,False,False
197198,STATE_ARMED,11.8,0.0,89.0,0.0,0.0,0.0,4.5,0.5,0.5,5.0,13.0,46.0,79.0,75.5,18.0,0.0,0.0,45.0,1,46.501,6.6005,8500.0,450.0,0.0,10,4.5,45.0,8498.7,-12.3,8500.0,False,False,False,False,False,False,False,False,False,False,False,True,True,True,True,False,True,False,False,False,False,False,False,False
197699,STATE_ARMED,11.8,0.0,89.0,0.0,0.0,0.0,4.5,0.5,0.5,5.0,13.0,46.0,79.0,75.5,18.0,0.0,0.0,45.0,1,46.501,6.6005,8500.0,450.0,0.0,10,4.5,45.0,8498.7,-12.3,8500.0,False,False,False,False,False,False,False,False,False,False,False,True,True,True,True,False,True,False,False,False,False,False,False,False
198201,STATE_ARMED,11.8,0.0,89.0,0.0,0.0,0.0,4.5,0.5,0.5,5.0,13.0,46.0,79.0,75.5,18.0,0.0,0.0,45.0,1,46.501,6.6005,8500.0,450.0,0.0,10,4.5,45.0,8498.7,-12.3,8500.0,False,False,False,False,False,False,False,False,False,False,False,True,True,True,True,False,True,False,False,False,False,False,False,False
198702,STATE_ARMED,11.8,0.0,89.0,0.0,0.0,0.0,4.5,0.5,0.5,5.0,13.0,46.0,79.0,75.5,18.0,0.0,0.0,45.0,1,46.501,6.6005,8500.0,450.0,0.0,10,4.5,45.0,8498.7,-12.3,8500.0,False,False,False,False,False,False,False,False,False,False,False,True,True,True,True,False,True,False,False,False,False,False,False,False
199204,STATE_ARMED,11.8,0.0,89.0,0.0,0.0,0.0,4.5,0.5,0.5,5.0,13.0,46.0,79.0,75.5,18.0,0.0,0.0,45.0,1,46.501,6.6005,8500.0,450.0,0.0,10,4.5,45.0,8498.7,-12.3,8500.0,False,False,False,False,False,False,False,False,False,False,False,True,True,True,True,False,True,False,False,False,False,False,False,False
199706,STATE_ARMED,11.8,0.0,89.0,0.0,0.0,0.0,4.5,0.5,0.5,5.0,13.0,46.0,79.0,75.5,18.0,0.0,0.0,45.0,1,46.501,6.6005,8500.0,450.0,0.0,10,4.5,45.0,8498.7,-12.3,8500.0,False,False,False,False,False,False,False,False,False,False,False,True,True,True,True,False,True,False,False,False,False,False,False,False
200207,STATE_ARMED,11.8,0.0,89.0,0.0,0.0,0.0,4.5,0.5,0.5,5.0,13.0,46.0,79.0,75.5,18.0,0.0,0.0,45.0,1,46.501,6.6005,8500.0,450.0,0.0,10,4.5,45.0,8498.7,-12.3,8500.0,False,False,False,False,False,False,False,False,False,False,False,True,True,True,True,False,True,False,False,False,False,False,False,False
200709,STATE_ARMED,11.8,0.0,89.0,0.0,0.0,0.0,4.5,0.5,0.5,5.0,13.0,46.0,79.0,75.5,18.0,0.0,0.0,45.0,1,46.501,6.6005,8500.0,450.0,0.0,10,4.5,45.0,8498.7,-12.3,8500.0,False,False,False,False,False,False,False,False,False,False,False,True,True,True,True,False,True,False,False,False,False,False,False,False
201211,STATE_ARMED,11.8,0.0,89.0,0.0,0.0,0.0,4.5,0.5,0.5,5.0,13.0,46.0,79.0,75.5,18.0,0.0,0.0,45.0,1,46.501,6.6005,8500.0,450.0,0.0,10,4.5,45.0,8498.7,-12.3,8500.0,False,False,False,False,False,False,False,False,False,False,False,True,True,True,True,False,True,False,False,False,False,False,False,False
201713,STATE_ARMED,11.8,0.0,89.0,0.0,0.0,0.0,4.5,0.5,0.5,5.0,13.0,46.0,79.0,75.5,18.0,0.0,0.0,45.0,1,46.501,6.6005,8500.0,450.0,0.0,10,4.5,45.0,8498.7,-12.3,8500.0,False,False,False,False,False,False,False,False,False,False,False,True,True,True,True,False,True,False,False,False,False,False,False,False
202215,STATE_ARMED,11.8,0.0,89.0,0.0,0.0,0.0,4.5,0.5,0.5,5.0,13.0,46.0,79.0,75.5,18.0,0.0,0.0,45.0,1,46.501,6.6005,8500.0,450.0,0.0,10,4.5,45.0,8498.7,-12.3,8500.0,False,False,False,False,False,False,False,False,False,False,False,True,True,True,True,False,True,False,False,False,False,False,False,False
202716,STATE_ARMED,11.8,0.0,89.0,0.0,0.0,0.0,4.5,0.5,0.5,5.0,13.0,46.0,79.0,75.5,18.0,0.0,0.0,45.0,1,46.501,6.6005,8500.0,450.0,0.0,10,4.5,45.0,8498.7,-12.3,8500.0,False,False,False,False,False,False,False,False,False,False,False,True,True,True,True,False,True,False,False,False,False,False,False,False
203218,STATE_ARMED,11.8,0.0,89.0,0.0,0.0,0.0,4.5,0.5,0.5,5.0,13.0,46.0,79.0,75.5,18.0,0.0,0.0,45.0,1,46.501,6.6005,8500.0,450.0,0.0,10,4.5,45.0,8498.7,-12.3,8500.0,False,False,False,False,False,False,False,False,False,False,False,True,True,True,True,False,True,False,False,False,False,False,False,False
203719,STATE_ARMED,11.8,0.0,89.0,0.0,0.0,0.0,4.5,0.5,0.5,5.0,13.0,46.0,79.0,75.5,18.0,0.0,0.0,45.0,1,46.501,6.6005,8500.0,450.0,0.0,10,4.5,45.0,8498.7,-12.3,8500.0,False,False,False,False,False,False,False,False,False,False,False,True,True,True,True,False,True,False,False,False,False,False,False,False
204220,STATE_ARMED,11.8,0.0,89.0,0.0,0.0,0.0,4.5,0.5,0.5,5.0,13.0,46.0,79.0,75.5,18.0,0.0,0.0,45.0,1,46.501,6.6005,8500.0,450.0,0.0,10,4.5,45.0,8498.7,-12.3,8500.0,False,False,False,False,False,False,False,False,False,False,False,True,True,True,True,False,True,False,False,False,False,False,False,False
204722,STATE_ARMED,11.8,0.0,89.0,0.0,0.0,0.0,4.5,0.5,0.5,5.0,13.0,46.0,79.0,75.5,18.0,0.0,0.0,45.0,1,46.501,6.6005,8500.0,450.0,0.0,10,4.5,45.0,8498.7,-12.3,8500.0,False,False,False,False,False,False,False,False,False,False,False,True,True,True,True,False,True,False,False,False,False,False,False,False
205223,STATE_ARMED,11.8,0.0,89.0,0.0,0.0,0.0,4.5,0.5,0.5,5.0,13.0,46.0,79.0,75.5,18.0,0.0,0.0,45.0,1,46.501,6.6005,8500.0,450.0,0.0,10,4.5,45.0,8498.7,-12.3,8500.0,False,False,False,False,False,False,False,False,False,False,False,True,True,True,True,False,True,False,False,False,False,False,False,False
205724,STATE_ARMED,11.8,0.0,89.0,0.0,0.0,0.0,4.5,0.5,0.5,5.0,13.0,46.0,79.0,75.5,18.0,0.0,0.0,45.0,1,46.501,6.6005,8500.0,450.0,0.0,10,4.5,45.0,8498.7,-12.3,8500.0,False,False,False,False,False,False,False,False,False,False,False,True,True,True,True,False,True,False,False,False,False,False,False,False
206226,STATE_ARMED,11.8,0.0,89.0,0.0,0.0,0.0,4.5,0.5,0.5,5.0,13.0,46.0,79.0,75.5,18.0,0.0,0.0,45.0,1,46.501,6.6005,8500.0,450.0,0.0,10,4.5,45.0,8498.7,-12.3,8500.0,False,False,False,False,False,False,False,False,False,False,False,True,True,True,True,False,True,False,False,False,False,False,False,False
206727,STATE_ARMED,11.8,0.0,89.0,0.0,0.0,0.0,4.5,0.5,0.5,5.0,13.0,46.0,79.0,75.5,18.0,0.0,0.0,45.0,1,46.501,6.6005,8500.0,450.0,0.0,10,4.5,45.0,8498.7,-12.3,8500.0,False,False,False,False,False,False,False,False,False,False,False,True,True,True,True,False,True,False,False,False,False,False,False,False
207229,STATE_ARMED,11.8,0.0,89.0,0.0,0.0,0.0,4.5,0.5,0.5,5.0,13.0,46.0,79.0,75.5,18.0,0.0,0.0,45.0,1,46.501,6.6005,8500.0,450.0,0.0,10,4.5,45.0,8498.7,-12.3,8500.0,False,False,False,False,False,False,False,False,False,False,False,True,True,True,True,False,True,False,False,False,False,False,False,False
207730,STATE_ARMED,11.8,0.0,89.0,0.0,0.0,0.0,4.5,0.5,0.5,5.0,13.0,46.0,79.0,75.5,18.0,0.0,0.0,45.0,1,46.501,6.6005,8500.0,450.0,0.0,10,4.5,45.0,8498.7,-12.3,8500.0,False,False,False,False,False,False,False,False,False,False,False,True,True,True,True,False,True,False,False,False,False,False,False,False
208231,STATE_ARMED,11.8,0.0,89.0,0.0,0.0,0.0,4.5,0.5,0.5,5.0,13.0,46.0,79.0,75.5,18.0,0.0,0.0,45.0,1,46.501,6.6005,8500.0,450.0,0.0,10,4.5,45.0,8498.7,-12.3,8500.0,False,False,False,False,False,False,False,False,False,False,False,True,True,True,True,False,True,False,False,False,False,False,False,False
208733,STATE_ARMED,11.8,0.0,89.0,0.0,0.0,0.0,4.5,0.5,0.5,5.0,13.0,46.0,79.0,75.5,18.0,0.0,0.0,45.0,1,46.501,6.6005,8500.0,450.0,0.0,10,4.5,45.0,8498.7,-12.3,8500.0,False,False,False,False,False,False,False,False,False,False,False,True,True,True,True,False,True,False,False,False,False,False,False,False
209234,STATE_ARMED,11.8,0.0,89.0,0.0,0.0,0.0,4.5,0.5,0.5,5.0,13.0,46.0,79.0,75.5,18.0,0.0,0.0,45.0,1,46.501,6.6005,8500.0,450.0,0.0,10,4.5,45.0,8498.7,-12.3,8500.0,False,False,False,False,False,False,False,False,False,False,False,True,True,True,True,False,True,False,False,False,False,False,False,False
209736,STATE_ARMED,11.8,0.0,89.0,0.0,0.0,0.0,4.5,0.5,0.5,5.0,13.0,46.0,79.0,75.5,18.0,0.0,0.0,45.0,1,46.501,6.6005,8500.0,450.0,0.0,10,4.5,45.0,8498.7,-12.3,8500.0,False,False,False,False,False,False,False,False,False,False,False,True,True,True,True,False,True,False,False,False,False,False,False,False
210237,STATE_ARMED,11.8,0.0,89.0,0.0,0.0,0.0,4.5,0.5,0.5,5.0,13.0,46.0,79.0,75.5,18.0,0.0,0.0,45.0,1,46.501,6.6005,8500.0,450.0,0.0,10,4.5,45.0,8498.7,-12.3,8500.0,False,False,False,False,False,False,False,False,False,False,False,True,True,True,True,False,True,False,False,False,False,False,False,False
210739,STATE_ARMED,11.8,0.0,89.0,0.0,0.0,0.0,4.5,0.5,0.5,5.0,13.0,46.0,79.0,75.5,18.0,0.0,0.0,45.0,1,46.501,6.6005,8500.0,450.0,0.0,10,4.5,45.0,8498.7,-12.3,8500.0,False,False,False,False,False,False,False,False,False,False,False,True,True,True,True,False,True,False,False,False,False,False,False,False
211240,STATE_ARMED,11.8,0.0,89.0,0.0,0.0,0.0,4.5,0.5,0.5,5.0,13.0,46.0,79.0,75.5,18.0,0.0,0.0,45.0,1,46.501,6.6005,8500.0,450.0,0.0,10,4.5,45.0,8498.7,-12.3,8500.0,False,False,False,False,False,False,False,False,False,False,False,True,True,True,True,False,True,False,False,False,False,False,False,False
211742,STATE_ARMED,11.8,0.0,89.0,0.0,0.0,0.0,4.5,0.5,0.5,5.0,13.0,46.0,79.0,75.5,18.0,0.0,0.0,45.0,1,46.501,6.6005,8500.0,450.0,0.0,10,4.5,45.0,8498.7,-12.3,8500.0,False,False,False,False,False,False,False,False,False,False,False,True,True,True,True,False,True,False,False,False,False,False,False,False
212243,STATE_ARMED,11.8,0.0,89.0,0.0,0.0,0.0,4.5,0.5,0.5,5.0,13.0,46.0,79.0,75.5,18.0,0.0,0.0,45.0,1,46.501,6.6005,8500.0,450.0,0.0,10,4.5,45.0,8498.7,-12.3,8500.0,False,False,False,False,False,False,False,False,False,False,False,True,True,True,True,False,True,False,False,False,False,False,False,False
212745,STATE_ARMED,11.8,0.0,89.0,0.0,0.0,0.0,4.5,0.5,0.5,5.0,13.0,46.0,79.0,75.5,18.0,0.0,0.0,45.0,1,46.501,6.6005,8500.0,450.0,0.0,10,4.5,45.0,8498.7,-12.3,8500.0,False,False,False,False,False,False,False,False,False,False,False,True,True,True,True,False,True,False,False,False,False,False,False,False
213246,STATE_ARMED,11.8,0.0,89.0,0.0,0.0,0.0,4.5,0.5,0.5,5.0,13.0,46.0,79.0,75.5,18.0,0.0,0.0,45.0,1,46.501,6.6005,8500.0,450.0,0.0,10,4.5,45.0,8498.7,-12.3,8500.0,False,False,False,False,False,False,False,False,False,False,False,True,True,True,True,False,True,False,False,False,False,False,False,False
213747,STATE_ARMED,11.8,0.0,89.0,0.0,0.0,0.0,4.5,0.5,0.5,5.0,13.0,46.0,79.0,75.5,18.0,0.0,0.0,45.0,1,46.501,6.6005,8500.0,450.0,0.0,10,4.5,45.0,8498.7,-12.3,8500.0,False,False,False,False,False,False,False,False,False,False,False,True,True,True,True,False,True,False,False,False,False,False,False,False
214249,STATE_ARMED,11.8,0.0,89.0,0.0,0.0,0.0,4.5,0.5,0.5,5.0,13.0,46.0,79.0,75.5,18.0,0.0,0.0,45.0,1,46.501,6.6005,8500.0,450.0,0.0,10,4.5,45.0,8498.7,-12.3,8500.0,False,False,False,False,False,False,False,False,False,False,False,True,True,True,True,False,True,False,False,False,False,False,False,False
214750,STATE_ARMED,11.8,0.0,89.0,0.0,0.0,0.0,4.5,0.5,0.5,5.0,13.0,46.0,79.0,75.5,18.0,0.0,0.0,45.0,1,46.501,6.6005,8500.0,450.0,0.0,10,4.5,45.0,8498.7,-12.3,8500.0,False,False,False,False,False,False,False,False,False,False,False,True,True,True,True,False,True,False,False,False,False,False,False,False
215252,STATE_ARMED,11.8,0.0,89.0,0.0,0.0,0.0,4.5,0.5,0.5,5.0,13.0,46.0,79.0,75.5,18.0,0.0,0.0,45.0,1,46.501,6.6005,8500.0,450.0,0.0,10,4.5,45.0,8498.7,-12.3,8500.0,False,False,False,False,False,False,False,False,False,False,False,True,True,True,True,False,True,False,False,False,False,False,False,False
215753,STATE_ARMED,11.8,0.0,89.0,0.0,0.0,0.0,4.5,0.5,0.5,5.0,13.0,46.0,79.0,75.5,18.0,0.0,0.0,45.0,1,46.501,6.6005,8500.0,450.0,0.0,10,4.5,45.0,8498.7,-12.3,8500.0,False,False,False,False,False,False,False,False,False,False,False,True,True,True,True,False,True,False,False,False,False,False,False,False
216255,STATE_ARMED,11.8,0.0,89.0,0.0,0.0,0.0,4.5,0.5,0.5,5.0,13.0,46.0,79.0,75.5,18.0,0.0,0.0,45.0,1,46.501,6.6005,8500.0,450.0,0.0,10,4.5,45.0,8498.7,-12.3,8500.0,False,False,False,False,False,False,False,False,False,False,False,True,True,True,True,False,True,False,False,False,False,False,False,False
216757,STATE_ARMED,11.8,0.0,89.0,0.0,0.0,0.0,4.5,0.5,0.5,5.0,13.0,46.0,79.0,75.5,18.0,0.0,0.0,45.0,1,46.501,6.6005,8500.0,450.0,0.0,10,4.5,45.0,8498.7,-12.3,8500.0,False,False,False,False,False,False,False,False,False,False,False,True,True,True,True,False,True,False,False,False,False,False,False,False
217260,STATE_ARMED,11.8,0.0,89.0,0.0,0.0,0.0,4.5,0.5,0.5,5.0,13.0,46.0,79.0,75.5,18.0,0.0,0.0,45.0,1,46.501,6.6005,8500.0,450.0,0.0,10,4.5,45.0,8498.7,-12.3,8500.0,False,False,False,False,False,False,False,False,False,False,False,True,True,True,True,False,True,False,False,False,False,False,False,False
217763,STATE_ARMED,11.8,0.0,89.0,0.0,0.0,0.0,4.5,0.5,0.5,5.0,13.0,46.0,79.0,75.5,18.0,0.0,0.0,45.0,1,46.501,6.6005,8500.0,450.0,0.0,10,4.5,45.0,8498.7,-12.3,8500.0,False,False,False,False,False,False,False,False,False,False,False,True,True,True,True,False,True,False,False,False,False,False,False,False
218266,STATE_ARMED,11.8,0.0,89.0,0.0,0.0,0.0,4.5,0.5,0.5,5.0,13.0,46.0,79.0,75.5,18.0,0.0,0.0,45.0,1,46.501,6.6005,8500.0,450.0,0.0,10,4.5,45.0,8498.7,-12.3,8500.0,False,False,False,False,False,False,False,False,False,False,False,True,True,True,True,False,True,False,False,False,False,False,False,False
218768,STATE_ARMED,11.8,0.0,89.0,0.0,0.0,0.0,4.5,0.5,0.5,5.0,13.0,46.0,79.0,75.5,18.0,0.0,0.0,45.0,1,46.501,6.6005,8500.0,450.0,0.0,10,4.5,45.0,8498.7,-12.3,8500.0,False,False,False,False,False,False,False,False,False,False,False,True,True,True,True,False,True,False,False,False,False,False,False,False
219270,STATE_ARMED,11.8,0.0,89.0,0.0,0.0,0.0,4.5,0.5,0.5,5.0,13.0,46.0,79.0,75.5,18.0,0.0,0.0,45.0,1,46.501,6.6005,8500.0,450.0,0.0,10,4.5,45.0,8498.7,-12.3,8500.0,False,False,False,False,False,False,False,False,False,False,False,True,True,True,True,False,True,False,False,False,False,False,False,False
219771,STATE_ARMED,11.8,0.0,89.0,0.0,0.0,0.0,4.5,0.5,0.5,5.0,13.0,46.0,79.0,75.5,18.0,0.0,0.0,45.0,1,46.501,6.6005,8500.0,450.0,0.0,10,4.5,45.0,8498.7,-12.3,8500.0,False,False,False,False,False,False,False,False,False,False,False,True,True,True,True,False,True,False,False,False,False,False,False,False
220273,STATE_ARMED,11.8,0.0,89.0,0.0,0.0,0.0,4.5,0.5,0.5,5.0,13.0,46.0,79.0,75.5,18.0,0.0,0.0,45.0,1,46.501,6.6005,8500.0,450.0,0.0,10,4.5,45.0,8498.7,-12.3,8500.0,False,False,False,False,False,False,False,False,False,False,False,True,True,True,True,False,True,False,False,False,False,False,False,False
220775,STATE_ARMED,11.8,0.0,89.0,0.0,0.0,0.0,4.5,0.5,0.5,5.0,13.0,46.0,79.0,75.5,18.0,0.0,0.0,45.0,1,46.501,6.6005,8500.0,450.0,0.0,10,4.5,45.0,8498.7,-12.3,8500.0,False,False,False,False,False,False,False,False,False,False,False,True,True,True,True,False,True,False,False,False,False,False,False,False
221276,STATE_ARMED,11.8,0.0,89.0,0.0,0.0,0.0,4.5,0.5,0.5,5.0,13.0,46.0,79.0,75.5,18.0,0.0,0.0,45.0,1,46.501,6.6005,8500.0,450.0,0.0,10,4.5,45.0,8498.7,-12.3,8500.0,False,False,False,False,False,False,False,False,False,False,False,True,True,True,True,False,True,False,False,False,False,False,False,False
221778,STATE_ARMED,11.8,0.0,89.0,0.0,0.0,0.0,4.5,0.5,0.5,5.0,13.0,46.0,79.0,75.5,18.0,0.0,0.0,45.0,1,46.501,6.6005,8500.0,450.0,0.0,10,4.5,45.0,8498.7,-12.3,8500.0,False,False,False,False,False,False,False,False,False,False,False,True,True,True,True,False,True,False,False,False,False,False,False,False
222280,STATE_ARMED,11.8,0.0,89.0,0.0,0.0,0.0,4.5,0.5,0.5,5.0,13.0,46.0,79.0,75.5,18.0,0.0,0.0,45.0,1,46.501,6.6005,8500.0,450.0,0.0,10,4.5,45.0,8498.7,-12.3,8500.0,False,False,False,False,False,False,False,False,False,False,False,True,True,True,True,False,True,False,False,False,False,False,False,False
222781,STATE_ARMED,11.8,0.0,89.0,0.0,0.0,0.0,4.5,0.5,0.5,5.0,13.0,46.0,79.0,75.5,18.0,0.0,0.0,45.0,1,46.501,6.6005,8500.0,450.0,0.0,10,4.5,45.0,8498.7,-12.3,8500.0,False,False,False,False,False,False,False,False,False,False,False,True,True,True,True,False,True,False,False,False,False,False,False,False
223284,STATE_ARMED,11.8,0.0,89.0,0.0,0.0,0.0,4.5,0.5,0.5,5.0,13.0,46.0,79.0,75.5,18.0,0.0,0.0,45.0,1,46.501,6.6005,8500.0,450.0,0.0,10,4.5,45.0,8498.7,-12.3,8500.0,False,False,False,False,False,False,False,False,False,False,False,True,True,True,True,False,True,False,False,False,False,False,False,False
223786,STATE_ARMED,11.8,0.0,89.0,0.0,0.0,0.0,4.5,0.5,0.5,5.0,13.0,46.0,79.0,75.5,18.0,0.0,0.0,45.0,1,46.501,6.6005,8500.0,450.0,0.0,10,4.5,45.0,8498.7,-12.3,8500.0,False,False,False,False,False,False,False,False,False,False,False,True,True,True,True,False,True,False,False,False,False,False,False,False
224288,STATE_ARMED,11.8,0.0,89.0,0.0,0.0,0.0,4.5,0.5,0.5,5.0,13.0,46.0,79.0,75.5,18.0,0.0,0.0,45.0,1,46.501,6.6005,8500.0,450.0,0.0,10,4.5,45.0,8498.7,-12.3,8500.0,False,False,False,False,False,False,False,False,False,False,False,True,True,True,True,False,True,False,False,False,False,False,False,False
224791,STATE_ARMED,11.8,0.0,89.0,0.0,0.0,0.0,4.5,0.5,0.5,5.0,13.0,46.0,79.0,75.5,18.0,0.0,0.0,45.0,1,46.501,6.6005,8500.0,450.0,0.0,10,4.5,45.0,8498.7,-12.3,8500.0,False,False,False,False,False,False,False,False,False,False,False,True,True,True,True,False,True,False,False,False,False,False,False,False
225292,STATE_ARMED,11.8,0.0,89.0,0.0,0.0,0.0,4.5,0.5,0.5,5.0,13.0,46.0,79.0,75.5,18.0,0.0,0.0,45.0,1,46.501,6.6005,8500.0,450.0,0.0,10,4.5,45.0,8498.7,-12.3,8500.0,False,False,False,False,False,False,False,False,False,False,False,True,True,True,True,False,True,False,False,False,False,False,False,False
225794,STATE_ARMED,11.8,0.0,89.0,0.0,0.0,0.0,4.5,0.5,0.5,5.0,13.0,46.0,79.0,75.5,18.0,0.0,0.0,45.0,1,46.501,6.6005,8500.0,450.0,0.0,10,4.5,45.0,8498.7,-12.3,8500.0,False,False,False,False,False,False,False,False,False,False,False,True,True,True,True,False,True,False,False,False,False,False,False,False
226296,STATE_ARMED,11.8,0.0,89.0,0.0,0.0,0.0,4.5,0.5,0.5,5.0,13.0,46.0,79.0,75.5,18.0,0.0,0.0,45.0,1,46.501,6.6005,8500.0,450.0,0.0,10,4.5,45.0,8498.7,-12.3,8500.0,False,False,False,False,False,False,False,False,False,False,False,True,True,True,True,False,True,False,False,False,False,False,False,False
226798,STATE_ARMED,11.8,0.0,89.0,0.0,0.0,0.0,4.5,0.5,0.5,5.0,13.0,46.0,79.0,75.5,18.0,0.0,0.0,45.0,1,46.501,6.6005,8500.0,450.0,0.0,10,4.5,45.0,8498.7,-12.3,8500.0,False,False,False,False,False,False,False,False,False,False,False,True,True,True,True,False,True,False,False,False,False,False,False,False
227300,STATE_ARMED,11.8,0.0,89.0,0.0,0.0,0.0,4.5,0.5,0.5,5.0,13.0,46.0,79.0,75.5,18.0,0.0,0.0,45.0,1,46.501,6.6005,8500.0,450.0,0.0,10,4.5,45.0,8498.7,-12.3,8500.0,False,False,False,False,False,False,False,False,False,False,False,True,True,True,True,False,True,False,False,False,False,False,False,False
227803,STATE_ARMED,11.8,0.0,89.0,0.0,0.0,0.0,4.5,0.5,0.5,5.0,13.0,46.0,79.0,75.5,18.0,0.0,0.0,45.0,1,46.501,6.6005,8500.0,450.0,0.0,10,4.5,45.0,8498.7,-12.3,8500.0,False,False,False,False,False,False,False,False,False,False,False,True,True,True,True,False,True,False,False,False,False,False,False,False
228306,STATE_ARMED,11.8,0.0,89.0,0.0,0.0,0.0,4.5,0.5,0.5,5.0,13.0,46.0,79.0,75.5,18.0,0.0,0.0,45.0,1,46.501,6.6005,8500.0,450.0,0.0,10,4.5,45.0,8498.7,-12.3,8500.0,False,False,False,False,False,False,False,False,False,False,False,True,True,True,True,False,True,False,False,False,False,False,False,False
228808,STATE_ARMED,11.8,0.0,89.0,0.0,0.0,0.0,4.5,0.5,0.5,5.0,13.0,46.0,79.0,75.5,18.0,0.0,0.0,45.0,1,46.501,6.6005,8500.0,450.0,0.0,10,4.5,45.0,8498.7,-12.3,8500.0,False,False,False,False,False,False,False,False,False,False,False,True,True,True,True,False,True,False,False,False,False,False,False,False
229310,STATE_ARMED,11.8,0.0,89.0,0.0,0.0,0.0,4.5,0.5,0.5,5.0,13.0,46.0,79.0,75.5,18.0,0.0,0.0,45.0,1,46.501,6.6005,8500.0,450.0,0.0,10,4.5,45.0,8498.7,-12.3,8500.0,False,False,False,False,False,False,False,False,False,False,False,True,True,True,True,False,True,False,False,False,False,False,False,False
229813,STATE_ARMED,11.8,0.0,89.0,0.0,0.0,0.0,4.5,0.5,0.5,5.0,13.0,46.0,79.0,75.5,18.0,0.0,0.0,45.0,1,46.501,6.6005,8500.0,450.0,0.0,10,4.5,45.0,8498.7,-12.3,8500.0,False,False,False,False,False,False,False,False,False,False,False,True,True,True,True,False,True,False,False,False,False,False,False,False
230316,STATE_ARMED,11.8,0.0,89.0,0.0,0.0,0.0,4.5,0.5,0.5,5.0,13.0,46.0,79.0,75.5,18.0,0.0,0.0,45.0,1,46.501,6.6005,8500.0,450.0,0.0,10,4.5,45.0,8498.7,-12.3,8500.0,False,False,False,False,False,False,False,False,False,False,False,True,True,True,True,False,True,False,False,False,False,False,False,False
230818,STATE_ARMED,11.8,0.0,89.0,0.0,0.0,0.0,4.5,0.5,0.5,5.0,13.0,46.0,79.0,75.5,18.0,0.0,0.0,45.0,1,46.501,6.6005,8500.0,450.0,0.0,10,4.5,45.0,8498.7,-12.3,8500.0,False,False,False,False,False,False,False,False,False,False,False,True,True,True,True,False,True,False,False,False,False,False,False,False
231320,STATE_ARMED,11.8,0.0,89.0,0.0,0.0,0.0,4.5,0.5,0.5,5.0,13.0,46.0,79.0,75.5,18.0,0.0,0.0,45.0,1,46.501,6.6005,8500.0,450.0,0.0,10,4.5,45.0,8498.7,-12.3,8500.0,False,False,False,False,False,False,False,False,False,False,False,True,True,True,True,False,True,False,False,False,False,False,False,False
231821,STATE_ARMED,11.8,0.0,89.0,0.0,0.0,0.0,4.5,0.5,0.5,5.0,13.0,46.0,79.0,75.5,18.0,0.0,0.0,45.0,1,46.501,6.6005,8500.0,450.0,0.0,10,4.5,45.0,8498.7,-12.3,8500.0,False,False,False,False,False,False,False,False,False,False,False,True,True,True,True,False,True,False,False,False,False,False,False,False
232323,STATE_ARMED,11.8,0.0,89.0,0.0,0.0,0.0,4.5,0.5,0.5,5.0,13.0,46.0,79.0,75.5,18.0,0.0,0.0,45.0,1,46.501,6.6005,8500.0,450.0,0.0,10,4.5,45.0,8498.7,-12.3,8500.0,False,False,False,False,False,False,False,False,False,False,False,True,True,True,True,False,True,False,False,False,False,False,False,False
232825,STATE_ARMED,11.8,0.0,89.0,0.0,0.0,0.0,4.5,0.5,0.5,5.0,13.0,46.0,79.0,75.5,18.0,0.0,0.0,45.0,1,46.501,6.6005,8500.0,450.0,0.0,10,4.5,45.0,8498.7,-12.3,8500.0,False,False,False,False,False,False,False,False,False,False,False,True,True,True,True,False,True,False,False,False,False,False,False,False
233326,STATE_ARMED,11.8,0.0,89.0,0.0,0.0,0.0,4.5,0.5,0.5,5.0,13.0,46.0,79.0,75.5,18.0,0.0,0.0,45.0,1,46.501,6.6005,8500.0,450.0,0.0,10,4.5,45.0,8498.7,-12.3,8500.0,False,False,False,False,False,False,False,False,False,False,False,True,True,True,True,False,True,False,False,False,False,False,False,False
233828,STATE_ARMED,11.8,0.0,89.0,0.0,0.0,0.0,4.5,0.5,0.5,5.0,13.0,46.0,79.0,75.5,18.0,0.0,0.0,45.0,1,46.501,6.6005,8500.0,450.0,0.0,10,4.5,45.0,8498.7,-12.3,8500.0,False,False,False,False,False,False,False,False,False,False,False,True,True,True,True,False,True,False,False,False,False,False,False,False
234329,STATE_ARMED,11.8,0.0,89.0,0.0,0.0,0.0,4.5,0.5,0.5,5.0,13.0,46.0,79.0,75.5,18.0,0.0,0.0,45.0,1,46.501,6.6005,8500.0,450.0,0.0,10,4.5,45.0,8498.7,-12.3,8500.0,False,False,False,False,False,False,False,False,False,False,False,True,True,True,True,False,True,False,False,False,False,False,False,False
234831,STATE_ARMED,11.8,0.0,89.0,0.0,0.0,0.0,4.5,0.5,0.5,5.0,13.0,46.0,79.0,75.5,18.0,0.0,0.0,45.0,1,46.501,6.6005,8500.0,450.0,0.0,10,4.5,45.0,8498.7,-12.3,8500.0,False,False,False,False,False,False,False,False,False,False,False,True,True,True,True,False,True,False,False,False,False,False,False,False
235332,STATE_ARMED,11.8,0.0,89.0,0.0,0.0,0.0,4.5,0.5,0.5,5.0,13.0,46.0,79.0,75.5,18.0,0.0,0.0,45.0,1,46.501,6.6005,8500.0,450.0,0.0,10,4.5,45.0,8498.7,-12.3,8500.0,False,False,False,False,False,False,False,False,False,False,False,True,True,True,True,False,True,False,False,False,False,False,False,False
235833,STATE_ARMED,11.8,0.0,89.0,0.0,0.0,0.0,4.5,0.5,0.5,5.0,13.0,46.0,79.0,75.5,18.0,0.0,0.0,45.0,1,46.501,6.6005,8500.0,450.0,0.0,10,4.5,45.0,8498.7,-12.3,8500.0,False,False,False,False,False,False,False,False,False,False,False,True,True,True,True,False,True,False,False,False,False,False,False,False
236335,STATE_ARMED,11.8,0.0,89.0,0.0,0.0,0.0,4.5,0.5,0.5,5.0,13.0,46.0,79.0,75.5,18.0,0.0,0.0,45.0,1,46.501,6.6005,8500.0,450.0,0.0,10,4.5,45.0,8498.7,-12.3,8500.0,False,False,False,False,False,False,False,False,False,False,False,True,True,True,True,False,True,False,False,False,False,False,False,False
236837,STATE_ARMED,11.8,0.0,89.0,0.0,0.0,0.0,4.5,0.5,0.5,5.0,13.0,46.0,79.0,75.5,18.0,0.0,0.0,45.0,1,46.501,6.6005,8500.0,450.0,0.0,10,4.5,45.0,8498.7,-12.3,8500.0,False,False,False,False,False,False,False,False,False,False,False,True,True,True,True,False,True,False,False,False,False,False,False,False
237338,STATE_ARMED,11.8,0.0,89.0,0.0,0.0,0.0,4.5,0.5,0.5,5.0,13.0,46.0,79.0,75.5,18.0,0.0,0.0,45.0,1,46.501,6.6005,8500.0,450.0,0.0,10,4.5,45.0,8498.7,-12.3,8500.0,False,False,False,False,False,False,False,False,False,False,False,True,True,True,True,False,True,False,False,False,False,False,False,False
237840,STATE_ARMED,11.8,0.0,89.0,0.0,0.0,0.0,4.5,0.5,0.5,5.0,13.0,46.0,79.0,75.5,18.0,0.0,0.0,45.0,1,46.501,6.6005,8500.0,450.0,0.0,10,4.5,45.0,8498.7,-12.3,8500.0,False,False,False,False,False,False,False,False,False,False,False,True,True,True,True,False,True,False,False,False,False,False,False,False
238342,STATE_ARMED,11.8,0.0,89.0,0.0,0.0,0.0,4.5,0.5,0.5,5.0,13.0,46.0,79.0,75.5,18.0,0.0,0.0,45.0,1,46.501,6.6005,8500.0,450.0,0.0,10,4.5,45.0,8498.7,-12.3,8500.0,False,False,False,False,False,False,False,False,False,False,False,True,True,True,True,False,True,False,False,False,False,False,False,False
238844,STATE_ARMED,11.8,0.0,89.0,0.0,0.0,0.0,4.5,0.5,0.5,5.0,13.0,46.0,79.0,75.5,18.0,0.0,0.0,45.0,1,46.501,6.6005,8500.0,450.0,0.0,10,4.5,45.0,8498.7,-12.3,8500.0,False,False,False,False,False,False,False,False,False,False,False,True,True,True,True,False,True,False,False,False,False,False,False,False
239346,STATE_ARMED,11.8,0.0,89.0,0.0,0.0,0.0,4.5,0.5,0.5,5.0,13.0,46.0,79.0,75.5,18.0,0.0,0.0,45.0,1,46.501,6.6005,8500.0,450.0,0.0,10,4.5,45.0,8498.7,-12.3,8500.0,False,False,False,False,False,False,False,False,False,False,False,True,True,True,True,False,True,False,False,False,False,False,False,False
239847,STATE_ARMED,11.8,0.0,89.0,0.0,0.0,0.0,4.5,0.5,0.5,5.0,13.0,46.0,79.0,75.5,18.0,0.0,0.0,45.0,1,46.501,6.6005,8500.0,450.0,0.0,10,4.5,45.0,8498.7,-12.3,8500.0,False,False,False,False,False,False,False,False,False,False,False,True,True,True,True,False,True,False,False,False,False,False,False,False
240352,STATE_ARMED,11.8,0.0,89.0,0.0,0.0,0.0,4.5,0.5,0.5,5.0,13.0,46.0,79.0,75.5,18.0,0.0,0.0,45.0,1,46.501,6.6005,8500.0,450.0,0.0,10,4.5,45.0,8498.7,-12.3,8500.0,False,False,False,False,False,False,False,False,False,False,False,True,True,True,True,False,True,False,False,False,False,False,False,False
240854,STATE_ARMED,11.8,0.0,89.0,0.0,0.0,0.0,4.5,0.5,0.5,5.0,13.0,46.0,79.0,75.5,18.0,0.0,0.0,45.0,1,46.501,6.6005,8500.0,450.0,0.0,10,4.5,45.0,8498.7,-12.3,8500.0,False,False,False,False,False,False,False,False,False,False,False,True,True,True,True,False,True,False,False,False,False,False,False,False
241357,STATE_ARMED,11.8,0.0,89.0,0.0,0.0,0.0,4.5,0.5,0.5,5.0,13.0,46.0,79.0,75.5,18.0,0.0,0.0,45.0,1,46.501,6.6005,8500.0,450.0,0.0,10,4.5,45.0,8498.7,-12.3,8500.0,False,False,False,False,False,False,False,False,False,False,False,True,True,True,True,False,True,False,False,False,False,False,False,False
241859,STATE_ARMED,11.8,0.0,89.0,0.0,0.0,0.0,4.5,0.5,0.5,5.0,13.0,46.0,79.0,75.5,18.0,0.0,0.0,45.0,1,46.501,6.6005,8500.0,450.0,0.0,10,4.5,45.0,8498.7,-12.3,8500.0,False,False,False,False,False,False,False,False,False,False,False,True,True,True,True,False,True,False,False,False,False,False,False,False
242363,STATE_ARMED,11.8,0.0,89.0,0.0,0.0,0.0,4.5,0.5,0.5,5.0,13.0,46.0,79.0,75.5,18.0,0.0,0.0,45.0,1,46.501,6.6005,8500.0,450.0,0.0,10,4.5,45.0,8498.7,-12.3,8500.0,False,False,False,False,False,False,False,False,False,False,False,True,True,True,True,False,True,False,False,False,False,False,False,False
242866,STATE_ARMED,11.8,0.0,89.0,0.0,0.0,0.0,4.5,0.5,0.5,5.0,13.0,46.0,79.0,75.5,18.0,0.0,0.0,45.0,1,46.501,6.6005,8500.0,450.0,0.0,10,4.5,45.0,8498.7,-12.3,8500.0,False,False,False,False,False,False,False,False,False,False,False,True,True,True,True,False,True,False,False,False,False,False,False,False
243368,STATE_ARMED,11.8,0.0,89.0,0.0,0.0,0.0,4.5,0.5,0.5,5.0,13.0,46.0,79.0,75.5,18.0,0.0,0.0,45.0,1,46.501,6.6005,8500.0,450.0,0.0,10,4.5,45.0,8498.7,-12.3,8500.0,False,False,False,False,False,False,False,False,False,False,False,True,True,True,True,False,True,False,False,False,False,False,False,False
243869,STATE_ARMED,11.8,0.0,89.0,0.0,0.0,0.0,4.5,0.5,0.5,5.0,13.0,46.0,79.0,75.5,18.0,0.0,0.0,45.0,1,46.501,6.6005,8500.0,450.0,0.0,10,4.5,45.0,8498.7,-12.3,8500.0,False,False,False,False,False,False,False,False,False,False,False,True,True,True,True,False,True,False,False,False,False,False,False,False
244371,STATE_ARMED,11.8,0.0,89.0,0.0,0.0,0.0,4.5,0.5,0.5,5.0,13.0,46.0,79.0,75.5,18.0,0.0,0.0,45.0,1,46.501,6.6005,8500.0,450.0,0.0,10,4.5,45.0,8498.7,-12.3,8500.0,False,False,False,False,False,False,False,False,False,False,False,True,True,True,True,False,True,False,False,False,False,False,False,False
244873,STATE_ARMED,11.8,0.0,89.0,0.0,0.0,0.0,4.5,0.5,0.5,5.0,13.0,46.0,79.0,75.5,18.0,0.0,0.0,45.0,1,46.501,6.6005,8500.0,450.0,0.0,10,4.5,45.0,8498.7,-12.3,8500.0,False,False,False,False,False,False,False,False,False,False,False,True,True,True,True,False,True,False,False,False,False,False,False,False
245376,STATE_ARMED,11.8,0.0,89.0,0.0,0.0,0.0,4.5,0.5,0.5,5.0,13.0,46.0,79.0,75.5,18.0,0.0,0.0,45.0,1,46.501,6.6005,8500.0,450.0,0.0,10,4.5,45.0,8498.7,-12.3,8500.0,False,False,False,False,False,False,False,False,False,False,False,True,True,True,True,False,True,False,False,False,False,False,False,False
245878,STATE_ARMED,11.8,0.0,89.0,0.0,0.0,0.0,4.5,0.5,0.5,5.0,13.0,46.0,79.0,75.5,18.0,0.0,0.0,45.0,1,46.501,6.6005,8500.0,450.0,0.0,10,4.5,45.0,8498.7,-12.3,8500.0,False,False,False,False,False,False,False,False,False,False,False,True,True,True,True,False,True,False,False,False,False,False,False,False
246380,STATE_ARMED,11.8,0.0,89.0,0.0,0.0,0.0,4.5,0.5,0.5,5.0,13.0,46.0,79.0,75.5,18.0,0.0,0.0,45.0,1,46.501,6.6005,8500.0,450.0,0.0,10,4.5,45.0,8498.7,-12.3,8500.0,False,False,False,False,False,False,False,False,False,False,False,True,True,True,True,False,True,False,False,False,False,False,False,False
246882,STATE_ARMED,11.8,0.0,89.0,0.0,0.0,0.0,4.5,0.5,0.5,5.0,13.0,46.0,79.0,75.5,18.0,0.0,0.0,45.0,1,46.501,6.6005,8500.0,450.0,0.0,10,4.5,45.0,8498.7,-12.3,8500.0,False,False,False,False,False,False,False,False,False,False,False,True,True,True,True,False,True,False,False,False,False,False,False,False
247385,STATE_ARMED,11.8,0.0,89.0,0.0,0.0,0.0,4.5,0.5,0.5,5.0,13.0,46.0,79.0,75.5,18.0,0.0,0.0,45.0,1,46.501,6.6005,8500.0,450.0,0.0,10,4.5,45.0,8498.7,-12.3,8500.0,False,False,False,False,False,False,False,False,False,False,False,True,True,True,True,False,True,False,False,False,False,False,False,False
247888,STATE_ARMED,11.8,0.0,89.0,0.0,0.0,0.0,4.5,0.5,0.5,5.0,13.0,46.0,79.0,75.5,18.0,0.0,0.0,45.0,1,46.501,6.6005,8500.0,450.0,0.0,10,4.5,45.0,8498.7,-12.3,8500.0,False,False,False,False,False,False,False,False,False,False,False,True,True,True,True,False,True,False,False,False,False,False,False,False
248390,STATE_ARMED,11.8,0.0,89.0,0.0,0.0,0.0,4.5,0.5,0.5,5.0,13.0,46.0,79.0,75.5,18.0,0.0,0.0,45.0,1,46.501,6.6005,8500.0,450.0,0.0,10,4.5,45.0,8498.7,-12.3,8500.0,False,False,False,False,False,False,False,False,False,False,False,True,True,True,True,False,True,False,False,False,False,False,False,False
248891,STATE_ARMED,11.8,0.0,89.0,0.0,0.0,0.0,4.5,0.5,0.5,5.0,13.0,46.0,79.0,75.5,18.0,0.0,0.0,45.0,1,46.501,6.6005,8500.0,450.0,0.0,10,4.5,45.0,8498.7,-12.3,8500.0,False,False,False,False,False,False,False,False,False,False,False,True,True,True,True,False,True,False,False,False,False,False,False,False
249393,STATE_ARMED,11.8,0.0,89.0,0.0,0.0,0.0,4.5,0.5,0.5,5.0,13.0,46.0,79.0,75.5,18.0,0.0,0.0,45.0,1,46.501,6.6005,8500.0,450.0,0.0,10,4.5,45.0,8498.7,-12.3,8500.0,False,False,False,False,False,False,False,False,False,False,False,True,True,True,True,False,True,False,False,False,False,False,False,False
249895,STATE_ARMED,11.8,0.0,89.0,0.0,0.0,0.0,4.5,0.5,0.5,5.0,13.0,46.0,79.0,75.5,18.0,0.0,0.0,45.0,1,46.501,6.6005,8500.0,450.0,0.0,10,4.5,45.0,8498.7,-12.3,8500.0,False,False,False,False,False,False,False,False,False,False,False,True,True,True,True,False,True,False,False,False,False,False,False,False
250397,STATE_ARMED,11.8,0.0,89.0,0.0,0.0,0.0,4.5,0.5,0.5,5.0,13.0,46.0,79.0,75.5,18.0,0.0,0.0,45.0,1,46.501,6.6005,8500.0,450.0,0.0,10,4.5,45.0,8498.7,-12.3,8500.0,False,False,False,False,False,False,False,False,False,False,False,True,True,True,True,False,True,False,False,False,False,False,False,False
250899,STATE_ARMED,11.8,0.0,89.0,0.0,0.0,0.0,4.5,0.5,0.5,5.0,13.0,46.0,79.0,75.5,18.0,0.0,0.0,45.0,1,46.501,6.6005,8500.0,450.0,0.0,10,4.5,45.0,8498.7,-12.3,8500.0,False,False,False,False,False,False,False,False,False,False,False,True,True,True,True,False,True,False,False,False,False,False,False,False
251401,STATE_ARMED,11.8,0.0,89.0,0.0,0.0,0.0,4.5,0.5,0.5,5.0,13.0,46.0,79.0,75.5,18.0,0.0,0.0,45.0,1,46.501,6.6005,8500.0,450.0,0.0,10,4.5,45.0,8498.7,-12.3,8500.0,False,False,False,False,False,False,False,False,False,False,False,True,True,True,True,False,True,False,False,False,False,False,False,False
251903,STATE_ARMED,11.8,0.0,89.0,0.0,0.0,0.0,4.5,0.5,0.5,5.0,13.0,46.0,79.0,75.5,18.0,0.0,0.0,45.0,1,46.501,6.6005,8500.0,450.0,0.0,10,4.5,45.0,8498.7,-12.3,8500.0,False,False,False,False,False,False,False,False,False,False,False,True,True,True,True,False,True,False,False,False,False,False,False,False
252405,STATE_ARMED,11.8,0.0,89.0,0.0,0.0,0.0,4.5,0.5,0.5,5.0,13.0,46.0,79.0,75.5,18.0,0.0,0.0,45.0,1,46.501,6.6005,8500.0,450.0,0.0,10,4.5,45.0,8498.7,-12.3,8500.0,False,False,False,False,False,False,False,False,False,False,False,True,True,True,True,False,True,False,False,False,False,False,False,False
252906,STATE_ARMED,11.8,0.0,89.0,0.0,0.0,0.0,4.5,0.5,0.5,5.0,13.0,46.0,79.0,75.5,18.0,0.0,0.0,45.0,1,46.501,6.6005,8500.0,450.0,0.0,10,4.5,45.0,8498.7,-12.3,8500.0,False,False,False,False,False,False,False,False,False,False,False,True,True,True,True,False,True,False,False,False,False,False,False,False
253408,STATE_ARMED,11.8,0.0,89.0,0.0,0.0,0.0,4.5,0.5,0.5,5.0,13.0,46.0,79.0,75.5,18.0,0.0,0.0,45.0,1,46.501,6.6005,8500.0,450.0,0.0,10,4.5,45.0,8498.7,-12.3,8500.0,False,False,False,False,False,False,False,False,False,False,False,True,True,True,True,False,True,False,False,False,False,False,False,False
253911,STATE_ARMED,11.8,0.0,89.0,0.0,0.0,0.0,4.5,0.5,0.5,5.0,13.0,46.0,79.0,75.5,18.0,0.0,0.0,45.0,1,46.501,6.6005,8500.0,450.0,0.0,10,4.5,45.0,8498.7,-12.3,8500.0,False,False,False,False,False,False,False,False,False,False,False,True,True,True,True,False,True,False,False,False,False,False,False,False
254413,STATE_ARMED,11.8,0.0,89.0,0.0,0.0,0.0,4.5,0.5,0.5,5.0,13.0,46.0,79.0,75.5,18.0,0.0,0.0,45.0,1,46.501,6.6005,8500.0,450.0,0.0,10,4.5,45.0,8498.7,-12.3,8500.0,False,False,False,False,False,False,False,False,False,False,False,True,True,True,True,False,True,False,False,False,False,False,False,False
254914,STATE_ARMED,11.8,0.0,89.0,0.0,0.0,0.0,4.5,0.5,0.5,5.0,13.0,46.0,79.0,75.5,18.0,0.0,0.0,45.0,1,46.501,6.6005,8500.0,450.0,0.0,10,4.5,45.0,8498.7,-12.3,8500.0,False,False,False,False,False,False,False,False,False,False,False,True,True,True,True,False,True,False,False,False,False,False,False,False
255416,STATE_ARMED,11.8,0.0,89.0,0.0,0.0,0.0,4.5,0.5,0.5,5.0,13.0,46.0,79.0,75.5,18.0,0.0,0.0,45.0,1,46.501,6.6005,8500.0,450.0,0.0,10,4.5,45.0,8498.7,-12.3,8500.0,False,False,False,False,False,False,False,False,False,False,False,True,True,True,True,False,True,False,False,False,False,False,False,False
255917,STATE_ARMED,11.8,0.0,89.0,0.0,0.0,0.0,4.5,0.5,0.5,5.0,13.0,46.0,79.0,75.5,18.0,0.0,0.0,45.0,1,46.501,6.6005,8500.0,450.0,0.0,10,4.5,45.0,8498.7,-12.3,8500.0,False,False,False,False,False,False,False,False,False,False,False,True,True,True,True,False,True,False,False,False,False,False,False,False
256419,STATE_ARMED,11.8,0.0,89.0,0.0,0.0,0.0,4.5,0.5,0.5,5.0,13.0,46.0,79.0,75.5,18.0,0.0,0.0,45.0,1,46.501,6.6005,8500.0,450.0,0.0,10,4.5,45.0,8498.7,-12.3,8500.0,False,False,False,False,False,False,False,False,False,False,False,True,True,True,True,False,True,False,False,False,False,False,False,False
256921,STATE_ARMED,11.8,0.0,89.0,0.0,0.0,0.0,4.5,0.5,0.5,5.0,13.0,46.0,79.0,75.5,18.0,0.0,0.0,45.0,1,46.501,6.6005,8500.0,450.0,0.0,10,4.5,45.0,8498.7,-12.3,8500.0,False,False,False,False,False,False,False,False,False,False,False,True,True,True,True,False,True,False,False,False,False,False,False,False
257423,STATE_ARMED,11.8,0.0,89.0,0.0,0.0,0.0,4.5,0.5,0.5,5.0,13.0,46.0,79.0,75.5,18.0,0.0,0.0,45.0,1,46.501,6.6005,8500.0,450.0,0.0,10,4.5,45.0,8498.7,-12.3,8500.0,False,False,False,False,False,False,False,False,False,False,False,True,True,True,True,False,True,False,False,False,False,False,False,False
257924,STATE_ARMED,11.8,0.0,89.0,0.0,0.0,0.0,4.5,0.5,0.5,5.0,13.0,46.0,79.0,75.5,18.0,0.0,0.0,45.0,1,46.501,6.6005,8500.0,450.0,0.0,10,4.5,45.0,8498.7,-12.3,8500.0,False,False,False,False,False,False,False,False,False,False,False,True,True,True,True,False,True,False,False,False,False,False,False,False
258426,STATE_ARMED,11.8,0.0,89.0,0.0,0.0,0.0,4.5,0.5,0.5,5.0,13.0,46.0,79.0,75.5,18.0,0.0,0.0,45.0,1,46.501,6.6005,8500.0,450.0,0.0,10,4.5,45.0,8498.7,-12.3,8500.0,False,False,False,False,False,False,False,False,False,False,False,True,True,True,True,False,True,False,False,False,False,False,False,False
258929,STATE_ARMED,11.8,0.0,89.0,0.0,0.0,0.0,4.5,0.5,0.5,5.0,13.0,46.0,79.0,75.5,18.0,0.0,0.0,45.0,1,46.501,6.6005,8500.0,450.0,0.0,10,4.5,45.0,8498.7,-12.3,8500.0,False,False,False,False,False,False,False,False,False,False,False,True,True,True,True,False,True,False,False,False,False,False,False,False
259430,STATE_ARMED,11.8,0.0,89.0,0.0,0.0,0.0,4.5,0.5,0.5,5.0,13.0,46.0,79.0,75.5,18.0,0.0,0.0,45.0,1,46.501,6.6005,8500.0,450.0,0.0,10,4.5,45.0,8498.7,-12.3,8500.0,False,False,False,False,False,False,False,False,False,False,False,True,True,True,True,False,True,False,False,False,False,False,False,False
259932,STATE_ARMED,11.8,0.0,89.0,0.0,0.0,0.0,4.5,0.5,0.5,5.0,13.0,46.0,79.0,75.5,18.0,0.0,0.0,45.0,1,46.501,6.6005,8500.0,450.0,0.0,10,4.5,45.0,8498.7,-12.3,8500.0,False,False,False,False,False,False,False,False,False,False,False,True,True,True,True,False,True,False,False,False,False,False,False,False
260434,STATE_ARMED,11.8,0.0,89.0,0.0,0.0,0.0,4.5,0.5,0.5,5.0,13.0,46.0,79.0,75.5,18.0,0.0,0.0,45.0,1,46.501,6.6005,8500.0,450.0,0.0,10,4.5,45.0,8498.7,-12.3,8500.0,False,False,False,False,False,False,False,False,False,False,False,True,True,True,True,False,True,False,False,False,False,False,False,False
260936,STATE_ARMED,11.8,0.0,89.0,0.0,0.0,0.0,4.5,0.5,0.5,5.0,13.0,46.0,79.0,75.5,18.0,0.0,0.0,45.0,1,46.501,6.6005,8500.0,450.0,0.0,10,4.5,45.0,8498.7,-12.3,8500.0,False,False,False,False,False,False,False,False,False,False,False,True,True,True,True,False,True,False,False,False,False,False,False,False
261438,STATE_ARMED,11.8,0.0,89.0,0.0,0.0,0.0,4.5,0.5,0.5,5.0,13.0,46.0,79.0,75.5,18.0,0.0,0.0,45.0,1,46.501,6.6005,8500.0,450.0,0.0,10,4.5,45.0,8498.7,-12.3,8500.0,False,False,False,False,False,False,False,False,False,False,False,True,True,True,True,False,True,False,False,False,False,False,False,False
261940,STATE_ARMED,11.8,0.0,89.0,0.0,0.0,0.0,4.5,0.5,0.5,5.0,13.0,46.0,79.0,75.5,18.0,0.0,0.0,45.0,1,46.501,6.6005,8500.0,450.0,0.0,10,4.5,45.0,8498.7,-12.3,8500.0,False,False,False,False,False,False,False,False,False,False,False,True,True,True,True,False,True,False,False,False,False,False,False,False
262442,STATE_ARMED,11.8,0.0,89.0,0.0,0.0,0.0,4.5,0.5,0.5,5.0,13.0,46.0,79.0,75.5,18.0,0.0,0.0,45.0,1,46.501,6.6005,8500.0,450.0,0.0,10,4.5,45.0,8498.7,-12.3,8500.0,False,False,False,False,False,False,False,False,False,False,False,True,True,True,True,False,True,False,False,False,False,False,False,False
262944,STATE_ARMED,11.8,0.0,89.0,0.0,0.0,0.0,4.5,0.5,0.5,5.0,13.0,46.0,79.0,75.5,18.0,0.0,0.0,45.0,1,46.501,6.6005,8500.0,450.0,0.0,10,4.5,45.0,8498.7,-12.3,8500.0,False,False,False,False,False,False,False,False,False,False,False,True,True,True,True,False,True,False,False,False,False,False,False,False
263446,STATE_ARMED,11.8,0.0,89.0,0.0,0.0,0.0,4.5,0.5,0.5,5.0,13.0,46.0,79.0,75.5,18.0,0.0,0.0,45.0,1,46.501,6.6005,8500.0,450.0,0.0,10,4.5,45.0,8498.7,-12.3,8500.0,False,False,False,False,False,False,False,False,False,False,False,True,True,True,True,False,True,False,False,False,False,False,False,False
263947,STATE_ARMED,11.8,0.0,89.0,0.0,0.0,0.0,4.5,0.5,0.5,5.0,13.0,46.0,79.0,75.5,18.0,0.0,0.0,45.0,1,46.501,6.6005,8500.0,450.0,0.0,10,4.5,45.0,8498.7,-12.3,8500.0,False,False,False,False,False,False,False,False,False,False,False,True,True,True,True,False,True,False,False,False,False,False,False,False
264449,STATE_ARMED,11.8,0.0,89.0,0.0,0.0,0.0,4.5,0.5,0.5,5.0,13.0,46.0,79.0,75.5,18.0,0.0,0.0,45.0,1,46.501,6.6005,8500.0,450.0,0.0,10,4.5,45.0,8498.7,-12.3,8500.0,False,False,False,False,False,False,False,False,False,False,False,True,True,True,True,False,True,False,False,False,False,False,False,False
264950,STATE_ARMED,11.8,0.0,89.0,0.0,0.0,0.0,4.5,0.5,0.5,5.0,13.0,46.0,79.0,75.5,18.0,0.0,0.0,45.0,1,46.501,6.6005,8500.0,450.0,0.0,10,4.5,45.0,8498.7,-12.3,8500.0,False,False,False,False,False,False,False,False,False,False,False,True,True,True,True,False,True,False,False,False,False,False,False,False
265452,STATE_ARMED,11.8,0.0,89.0,0.0,0.0,0.0,4.5,0.5,0.5,5.0,13.0,46.0,79.0,75.5,18.0,0.0,0.0,45.0,1,46.501,6.6005,8500.0,450.0,0.0,10,4.5,45.0,8498.7,-12.3,8500.0,False,False,False,False,False,False,False,False,False,False,False,True,True,True,True,False,True,False,False,False,False,False,False,False
265953,STATE_ARMED,11.8,0.0,89.0,0.0,0.0,0.0,4.5,0.5,0.5,5.0,13.0,46.0,79.0,75.5,18.0,0.0,0.0,45.0,1,46.501,6.6005,8500.0,450.0,0.0,10,4.5,45.0,8498.7,-12.3,8500.0,False,False,False,False,False,False,False,False,False,False,False,True,True,True,True,False,True,False,False,False,False,False,False,False
266455,STATE_ARMED,11.8,0.0,89.0,0.0,0.0,0.0,4.5,0.5,0.5,5.0,13.0,46.0,79.0,75.5,18.0,0.0,0.0,45.0,1,46.501,6.6005,8500.0,450.0,0.0,10,4.5,45.0,8498.7,-12.3,8500.0,False,False,False,False,False,False,False,False,False,False,False,True,True,True,True,False,True,False,False,False,False,False,False,False
266957,STATE_ARMED,11.8,0.0,89.0,0.0,0.0,0.0,4.5,0.5,0.5,5.0,13.0,46.0,79.0,75.5,18.0,0.0,0.0,45.0,1,46.501,6.6005,8500.0,450.0,0.0,10,4.5,45.0,8498.7,-12.3,8500.0,False,False,False,False,False,False,False,False,False,False,False,True,True,True,True,False,True,False,False,False,False,False,False,False
267459,STATE_ARMED,11.8,0.0,89.0,0.0,0.0,0.0,4.5,0.5,0.5,5.0,13.0,46.0,79.0,75.5,18.0,0.0,0.0,45.0,1,46.501,6.6005,8500.0,450.0,0.0,10,4.5,45.0,8498.7,-12.3,8500.0,False,False,False,False,False,False,False,False,False,False,False,True,True,True,True,False,True,False,False,False,False,False,False,False
267961,STATE_ARMED,11.8,0.0,89.0,0.0,0.0,0.0,4.5,0.5,0.5,5.0,13.0,46.0,79.0,75.5,18.0,0.0,0.0,45.0,1,46.501,6.6005,8500.0,450.0,0.0,10,4.5,45.0,8498.7,-12.3,8500.0,False,False,False,False,False,False,False,False,False,False,False,True,True,True,True,False,True,False,False,False,False,False,False,False
268462,STATE_ARMED,11.8,0.0,89.0,0.0,0.0,0.0,4.5,0.5,0.5,5.0,13.0,46.0,79.0,75.5,18.0,0.0,0.0,45.0,1,46.501,6.6005,8500.0,450.0,0.0,10,4.5,45.0,8498.7,-12.3,8500.0,False,False,False,False,False,False,False,False,False,False,False,True,True,True,True,False,True,False,False,False,False,False,False,False
268964,STATE_ARMED,11.8,0.0,89.0,0.0,0.0,0.0,4.5,0.5,0.5,5.0,13.0,46.0,79.0,75.5,18.0,0.0,0.0,45.0,1,46.501,6.6005,8500.0,450.0,0.0,10,4.5,45.0,8498.7,-12.3,8500.0,False,False,False,False,False,False,False,False,False,False,False,True,True,True,True,False,True,False,False,False,False,False,False,False
269466,STATE_ARMED,11.8,0.0,89.0,0.0,0.0,0.0,4.5,0.5,0.5,5.0,13.0,46.0,79.0,75.5,18.0,0.0,0.0,45.0,1,46.501,6.6005,8500.0,450.0,0.0,10,4.5,45.0,8498.7,-12.3,8500.0,False,False,False,False,False,False,False,False,False,False,False,True,True,True,True,False,True,False,False,False,False,False,False,False
269968,STATE_ARMED,11.8,0.0,89.0,0.0,0.0,0.0,4.5,0.5,0.5,5.0,13.0,46.0,79.0,75.5,18.0,0.0,0.0,45.0,1,46.501,6.6005,8500.0,450.0,0.0,10,4.5,45.0,8498.7,-12.3,8500.0,False,False,False,False,False,False,False,False,False,False,False,True,True,True,True,False,True,False,False,False,False,False,False,False
270470,STATE_ARMED,11.8,0.0,89.0,0.0,0.0,0.0,4.5,0.5,0.5,5.0,13.0,46.0,79.0,75.5,18.0,0.0,0.0,45.0,1,46.501,6.6005,8500.0,450.0,0.0,10,4.5,45.0,8498.7,-12.3,8500.0,False,False,False,False,False,False,False,False,False,False,False,True,True,True,True,False,True,False,False,False,False,False,False,False
270971,STATE_ARMED,11.8,0.0,89.0,0.0,0.0,0.0,4.5,0.5,0.5,5.0,13.0,46.0,79.0,75.5,18.0,0.0,0.0,45.0,1,46.501,6.6005,8500.0,450.0,0.0,10,4.5,45.0,8498.7,-12.3,8500.0,False,False,False,False,False,False,False,False,False,False,False,True,True,True,True,False,True,False,False,False,False,False,False,False
271474,STATE_ARMED,11.8,0.0,89.0,0.0,0.0,0.0,4.5,0.5,0.5,5.0,13.0,46.0,79.0,75.5,18.0,0.0,0.0,45.0,1,46.501,6.6005,8500.0,450.0,0.0,10,4.5,45.0,8498.7,-12.3,8500.0,False,False,False,False,False,False,False,False,False,False,False,True,True,True,True,False,True,False,False,False,False,False,False,False
271976,STATE_ARMED,11.8,0.0,89.0,0.0,0.0,0.0,4.5,0.5,0.5,5.0,13.0,46.0,79.0,75.5,18.0,0.0,0.0,45.0,1,46.501,6.6005,8500.0,450.0,0.0,10,4.5,45.0,8498.7,-12.3,8500.0,False,False,False,False,False,False,False,False,False,False,False,True,True,True,True,False,True,False,False,False,False,False,False,False
272479,STATE_ARMED,11.8,0.0,89.0,0.0,0.0,0.0,4.5,0.5,0.5,5.0,13.0,46.0,79.0,75.5,18.0,0.0,0.0,45.0,1,46.501,6.6005,8500.0,450.0,0.0,10,4.5,45.0,8498.7,-12.3,8500.0,False,False,False,False,False,False,False,False,False,False,False,True,True,True,True,False,True,False,False,False,False,False,False,False
272981,STATE_ARMED,11.8,0.0,89.0,0.0,0.0,0.0,4.5,0.5,0.5,5.0,13.0,46.0,79.0,75.5,18.0,0.0,0.0,45.0,1,46.501,6.6005,8500.0,450.0,0.0,10,4.5,45.0,8498.7,-12.3,8500.0,False,False,False,False,False,False,False,False,False,False,False,True,True,True,True,False,True,False,False,False,False,False,False,False
273483,STATE_ARMED,11.8,0.0,89.0,0.0,0.0,0.0,4.5,0.5,0.5,5.0,13.0,46.0,79.0,75.5,18.0,0.0,0.0,45.0,1,46.501,6.6005,8500.0,450.0,0.0,10,4.5,45.0,8498.7,-12.3,8500.0,False,False,False,False,False,False,False,False,False,False,False,True,True,True,True,False,True,False,False,False,False,False,False,False
273985,STATE_ARMED,11.8,0.0,89.0,0.0,0.0,0.0,4.5,0.5,0.5,5.0,13.0,46.0,79.0,75.5,18.0,0.0,0.0,45.0,1,46.501,6.6005,8500.0,450.0,0.0,10,4.5,45.0,8498.7,-12.3,8500.0,False,False,False,False,False,False,False,False,False,False,False,True,True,True,True,False,True,False,False,False,False,False,False,False
274487,STATE_ARMED,11.8,0.0,89.0,0.0,0.0,0.0,4.5,0.5,0.5,5.0,13.0,46.0,79.0,75.5,18.0,0.0,0.0,45.0,1,46.501,6.6005,8500.0,450.0,0.0,10,4.5,45.0,8498.7,-12.3,8500.0,False,False,False,False,False,False,False,False,False,False,False,True,True,True,True,False,True,False,False,False,False,False,False,False
274990,STATE_ARMED,11.8,0.0,89.0,0.0,0.0,0.0,4.5,0.5,0.5,5.0,13.0,46.0,79.0,75.5,18.0,0.0,0.0,45.0,1,46.501,6.6005,8500.0,450.0,0.0,10,4.5,45.0,8498.7,-12.3,8500.0,False,False,False,False,False,False,False,False,False,False,False,True,True,True,True,False,True,False,False,False,False,False,False,False
275491,STATE_ARMED,11.8,0.0,89.0,0.0,0.0,0.0,4.5,0.5,0.5,5.0,13.0,46.0,79.0,75.5,18.0,0.0,0.0,45.0,1,46.501,6.6005,8500.0,450.0,0.0,10,4.5,45.0,8498.7,-12.3,8500.0,False,False,False,False,False,False,False,False,False,False,False,True,True,True,True,False,True,False,False,False,False,False,False,False
275993,STATE_ARMED,11.8,0.0,89.0,0.0,0.0,0.0,4.5,0.5,0.5,5.0,13.0,46.0,79.0,75.5,18.0,0.0,0.0,45.0,1,46.501,6.6005,8500.0,450.0,0.0,10,4.5,45.0,8498.7,-12.3,8500.0,False,False,False,False,False,False,False,False,False,False,False,True,True,True,True,False,True,False,False,False,False,False,False,False
276495,STATE_ARMED,11.8,0.0,89.0,0.0,0.0,0.0,4.5,0.5,0.5,5.0,13.0,46.0,79.0,75.5,18.0,0.0,0.0,45.0,1,46.501,6.6005,8500.0,450.0,0.0,10,4.5,45.0,8498.7,-12.3,8500.0,False,False,False,False,False,False,False,False,False,False,False,True,True,True,True,False,True,False,False,False,False,False,False,False
276996,STATE_ARMED,11.8,0.0,89.0,0.0,0.0,0.0,4.5,0.5,0.5,5.0,13.0,46.0,79.0,75.5,18.0,0.0,0.0,45.0,1,46.501,6.6005,8500.0,450.0,0.0,10,4.5,45.0,8498.7,-12.3,8500.0,False,False,False,False,False,False,False,False,False,False,False,True,True,True,True,False,True,False,False,False,False,False,False,False
277498,STATE_ARMED,11.8,0.0,89.0,0.0,0.0,0.0,4.5,0.5,0.5,5.0,13.0,46.0,79.0,75.5,18.0,0.0,0.0,45.0,1,46.501,6.6005,8500.0,450.0,0.0,10,4.5,45.0,8498.7,-12.3,8500.0,False,False,False,False,False,False,False,False,False,False,False,True,True,True,True,False,True,False,False,False,False,False,False,False
278000,STATE_ARMED,11.8,0.0,89.0,0.0,0.0,0.0,4.5,0.5,0.5,5.0,13.0,46.0,79.0,75.5,18.0,0.0,0.0,45.0,1,46.501,6.6005,8500.0,450.0,0.0,10,4.5,45.0,8498.7,-12.3,8500.0,False,False,False,False,False,False,False,False,False,False,False,True,True,True,True,False,True,False,False,False,False,False,False,False
278502,STATE_ARMED,11.8,0.0,89.0,0.0,0.0,0.0,4.5,0.5,0.5,5.0,13.0,46.0,79.0,75.5,18.0,0.0,0.0,45.0,1,46.501,6.6005,8500.0,450.0,0.0,10,4.5,45.0,8498.7,-12.3,8500.0,False,False,False,False,False,False,False,False,False,False,False,True,True,True,True,False,True,False,False,False,False,False,False,False
279003,STATE_ARMED,11.8,0.0,89.0,0.0,0.0,0.0,4.5,0.5,0.5,5.0,13.0,46.0,79.0,75.5,18.0,0.0,0.0,45.0,1,46.501,6.6005,8500.0,450.0,0.0,10,4.5,45.0,8498.7,-12.3,8500.0,False,False,False,False,False,False,False,False,False,False,False,True,True,True,True,False,True,False,False,False,False,False,False,False
279505,STATE_ARMED,11.8,0.0,89.0,0.0,0.0,0.0,4.5,0.5,0.5,5.0,13.0,46.0,79.0,75.5,18.0,0.0,0.0,45.0,1,46.501,6.6005,8500.0,450.0,0.0,10,4.5,45.0,8498.7,-12.3,8500.0,False,False,False,False,False,False,False,False,False,False,False,True,True,True,True,False,True,False,False,False,False,False,False,False
280006,STATE_ARMED,11.8,0.0,89.0,0.0,0.0,0.0,4.5,0.5,0.5,5.0,13.0,46.0,79.0,75.5,18.0,0.0,0.0,45.0,1,46.501,6.6005,8500.0,450.0,0.0,10,4.5,45.0,8498.7,-12.3,8500.0,False,False,False,False,False,False,False,False,False,False,False,True,True,True,True,False,True,False,False,False,False,False,False,False
280508,STATE_ARMED,11.8,0.0,89.0,0.0,0.0,0.0,4.5,0.5,0.5,5.0,13.0,46.0,79.0,75.5,18.0,0.0,0.0,45.0,1,46.501,6.6005,8500.0,450.0,0.0,10,4.5,45.0,8498.7,-12.3,8500.0,False,False,False,False,False,False,False,False,False,False,False,True,True,True,True,False,True,False,False,False,False,False,False,False
281009,STATE_ARMED,11.8,0.0,89.0,0.0,0.0,0.0,4.5,0.5,0.5,5.0,13.0,46.0,79.0,75.5,18.0,0.0,0.0,45.0,1,46.501,6.6005,8500.0,450.0,0.0,10,4.5,45.0,8498.7,-12.3,8500.0,False,False,False,False,False,False,False,False,False,False,False,True,True,True,True,False,True,False,False,False,False,False,False,False
281511,STATE_ARMED,11.8,0.0,89.0,0.0,0.0,0.0,4.5,0.5,0.5,5.0,13.0,46.0,79.0,75.5,18.0,0.0,0.0,45.0,1,46.501,6.6005,8500.0,450.0,0.0,10,4.5,45.0,8498.7,-12.3,8500.0,False,False,False,False,False,False,False,False,False,False,False,True,True,True,True,False,True,False,False,False,False,False,False,False
282013,STATE_ARMED,11.8,0.0,89.0,0.0,0.0,0.0,4.5,0.5,0.5,5.0,13.0,46.0,79.0,75.5,18.0,0.0,0.0,45.0,1,46.501,6.6005,8500.0,450.0,0.0,10,4.5,45.0,8498.7,-12.3,8500.0,False,False,False,False,False,False,False,False,False,False,False,True,True,True,True,False,True,False,False,False,False,False,False,False
282515,STATE_ARMED,11.8,0.0,89.0,0.0,0.0,0.0,4.5,0.5,0.5,5.0,13.0,46.0,79.0,75.5,18.0,0.0,0.0,45.0,1,46.501,6.6005,8500.0,450.0,0.0,10,4.5,45.0,8498.7,-12.3,8500.0,False,False,False,False,False,False,False,False,False,False,False,True,True,True,True,False,True,False,False,False,False,False,False,False
283018,STATE_ARMED,11.8,0.0,89.0,0.0,0.0,0.0,4.5,0.5,0.5,5.0,13.0,46.0,79.0,75.5,18.0,0.0,0.0,45.0,1,46.501,6.6005,8500.0,450.0,0.0,10,4.5,45.0,8498.7,-12.3,8500.0,False,False,False,False,False,False,False,False,False,False,False,True,True,True,True,False,True,False,False,False,False,False,False,False
283519,STATE_ARMED,11.8,0.0,89.0,0.0,0.0,0.0,4.5,0.5,0.5,5.0,13.0,46.0,79.0,75.5,18.0,0.0,0.0,45.0,1,46.501,6.6005,8500.0,450.0,0.0,10,4.5,45.0,8498.7,-12.3,8500.0,False,False,False,False,False,False,False,False,False,False,False,True,True,True,True,False,True,False,False,False,False,False,False,False
284020,STATE_ARMED,11.8,0.0,89.0,0.0,0.0,0.0,4.5,0.5,0.5,5.0,13.0,46.0,79.0,75.5,18.0,0.0,0.0,45.0,1,46.501,6.6005,8500.0,450.0,0.0,10,4.5,45.0,8498.7,-12.3,8500.0,False,False,False,False,False,False,False,False,False,False,False,True,True,True,True,False,True,False,False,False,False,False,False,False
284522,STATE_ARMED,11.8,0.0,89.0,0.0,0.0,0.0,4.5,0.5,0.5,5.0,13.0,46.0,79.0,75.5,18.0,0.0,0.0,45.0,1,46.501,6.6005,8500.0,450.0,0.0,10,4.5,45.0,8498.7,-12.3,8500.0,False,False,False,False,False,False,False,False,False,False,False,True,True,True,True,False,True,False,False,False,False,False,False,False
285023,STATE_ARMED,11.8,0.0,89.0,0.0,0.0,0.0,4.5,0.5,0.5,5.0,13.0,46.0,79.0,75.5,18.0,0.0,0.0,45.0,1,46.501,6.6005,8500.0,450.0,0.0,10,4.5,45.0,8498.7,-12.3,8500.0,False,False,False,False,False,False,False,False,False,False,False,True,True,True,True,False,True,False,False,False,False,False,False,False
285525,STATE_ARMED,11.8,0.0,89.0,0.0,0.0,0.0,4.5,0.5,0.5,5.0,13.0,46.0,79.0,75.5,18.0,0.0,0.0,45.0,1,46.501,6.6005,8500.0,450.0,0.0,10,4.5,45.0,8498.7,-12.3,8500.0,False,False,False,False,False,False,False,False,False,False,False,True,True,True,True,False,True,False,False,False,False,False,False,False
286026,STATE_ARMED,11.8,0.0,89.0,0.0,0.0,0.0,4.5,0.5,0.5,5.0,13.0,46.0,79.0,75.5,18.0,0.0,0.0,45.0,1,46.501,6.6005,8500.0,450.0,0.0,10,4.5,45.0,8498.7,-12.3,8500.0,False,False,False,False,False,False,False,False,False,False,False,True,True,True,True,False,True,False,False,False,False,False,False,False
286528,STATE_ARMED,11.8,0.0,89.0,0.0,0.0,0.0,4.5,0.5,0.5,5.0,13.0,46.0,79.0,75.5,18.0,0.0,0.0,45.0,1,46.501,6.6005,8500.0,450.0,0.0,10,4.5,45.0,8498.7,-12.3,8500.0,False,False,False,False,False,False,False,False,False,False,False,True,True,True,True,False,True,False,False,False,False,False,False,False
287030,STATE_ARMED,11.8,0.0,89.0,0.0,0.0,0.0,4.5,0.5,0.5,5.0,13.0,46.0,79.0,75.5,18.0,0.0,0.0,45.0,1,46.501,6.6005,8500.0,450.0,0.0,10,4.5,45.0,8498.7,-12.3,8500.0,False,False,False,False,False,False,False,False,False,False,False,True,True,True,True,False,True,False,False,False,False,False,False,False
287532,STATE_ARMED,11.8,0.0,89.0,0.0,0.0,0.0,4.5,0.5,0.5,5.0,13.0,46.0,79.0,75.5,18.0,0.0,0.0,45.0,1,46.501,6.6005,8500.0,450.0,0.0,10,4.5,45.0,8498.7,-12.3,8500.0,False,False,False,False,False,False,False,False,False,False,False,True,True,True,True,False,True,False,False,False,False,False,False,False
288034,STATE_ARMED,11.8,0.0,89.0,0.0,0.0,0.0,4.5,0.5,0.5,5.0,13.0,46.0,79.0,75.5,18.0,0.0,0.0,45.0,1,46.501,6.6005,8500.0,450.0,0.0,10,4.5,45.0,8498.7,-12.3,8500.0,False,False,False,False,False,False,False,False,False,False,False,True,True,True,True,False,True,False,False,False,False,False,False,False
288536,STATE_ARMED,11.8,0.0,89.0,0.0,0.0,0.0,4.5,0.5,0.5,5.0,13.0,46.0,79.0,75.5,18.0,0.0,0.0,45.0,1,46.501,6.6005,8500.0,450.0,0.0,10,4.5,45.0,8498.7,-12.3,8500.0,False,False,False,False,False,False,False,False,False,False,False,True,True,True,True,False,True,False,False,False,False,False,False,False
289038,STATE_ARMED,11.8,0.0,89.0,0.0,0.0,0.0,4.5,0.5,0.5,5.0,13.0,46.0,79.0,75.5,18.0,0.0,0.0,45.0,1,46.501,6.6005,8500.0,450.0,0.0,10,4.5,45.0,8498.7,-12.3,8500.0,False,False,False,False,False,False,False,False,False,False,False,True,True,True,True,False,True,False,False,False,False,False,False,False
289540,STATE_ARMED,11.8,0.0,89.0,0.0,0.0,0.0,4.5,0.5,0.5,5.0,13.0,46.0,79.0,75.5,18.0,0.0,0.0,45.0,1,46.501,6.6005,8500.0,450.0,0.0,10,4.5,45.0,8498.7,-12.3,8500.0,False,False,False,False,False,False,False,False,False,False,False,True,True,True,True,False,True,False,False,False,False,False,False,False
290042,STATE_ARMED,11.8,0.0,89.0,0.0,0.0,0.0,4.5,0.5,0.5,5.0,13.0,46.0,79.0,75.5,18.0,0.0,0.0,45.0,1,46.501,6.6005,8500.0,450.0,0.0,10,4.5,45.0,8498.7,-12.3,8500.0,False,False,False,False,False,False,False,False,False,False,False,True,True,True,True,False,True,False,False,False,False,False,False,False
290544,STATE_ARMED,11.8,0.0,89.0,0.0,0.0,0.0,4.5,0.5,0.5,5.0,13.0,46.0,79.0,75.5,18.0,0.0,0.0,45.0,1,46.501,6.6005,8500.0,450.0,0.0,10,4.5,45.0,8498.7,-12.3,8500.0,False,False,False,False,False,False,False,False,False,False,False,True,True,True,True,False,True,False,False,False,False,False,False,False
291047,STATE_ARMED,11.8,0.0,89.0,0.0,0.0,0.0,4.5,0.5,0.5,5.0,13.0,46.0,79.0,75.5,18.0,0.0,0.0,45.0,1,46.501,6.6005,8500.0,450.0,0.0,10,4.5,45.0,8498.7,-12.3,8500.0,False,False,False,False,False,False,False,False,False,False,False,True,True,True,True,False,True,False,False,False,False,False,False,False
291548,STATE_ARMED,11.8,0.0,89.0,0.0,0.0,0.0,4.5,0.5,0.5,5.0,13.0,46.0,79.0,75.5,18.0,0.0,0.0,45.0,1,46.501,6.6005,8500.0,450.0,0.0,10,4.5,45.0,8498.7,-12.3,8500.0,False,False,False,False,False,False,False,False,False,False,False,True,True,True,True,False,True,False,False,False,False,False,False,False
292050,STATE_ARMED,11.8,0.0,89.0,0.0,0.0,0.0,4.5,0.5,0.5,5.0,13.0,46.0,79.0,75.5,18.0,0.0,0.0,45.0,1,46.501,6.6005,8500.0,450.0,0.0,10,4.5,45.0,8498.7,-12.3,8500.0,False,False,False,False,False,False,False,False,False,False,False,True,True,True,True,False,True,False,False,False,False,False,False,False
292552,STATE_ARMED,11.8,0.0,89.0,0.0,0.0,0.0,4.5,0.5,0.5,5.0,13.0,46.0,79.0,75.5,18.0,0.0,0.0,45.0,1,46.501,6.6005,8500.0,450.0,0.0,10,4.5,45.0,8498.7,-12.3,8500.0,False,False,False,False,False,False,False,False,False,False,False,True,True,True,True,False,True,False,False,False,False,False,False,False
293053,STATE_ARMED,11.8,0.0,89.0,0.0,0.0,0.0,4.5,0.5,0.5,5.0,13.0,46.0,79.0,75.5,18.0,0.0,0.0,45.0,1,46.501,6.6005,8500.0,450.0,0.0,10,4.5,45.0,8498.7,-12.3,8500.0,False,False,False,False,False,False,False,False,False,False,False,True,True,True,True,False,True,False,False,False,False,False,False,False
293557,STATE_ARMED,11.8,0.0,89.0,0.0,0.0,0.0,4.5,0.5,0.5,5.0,13.0,46.0,79.0,75.5,18.0,0.0,0.0,45.0,1,46.501,6.6005,8500.0,450.0,0.0,10,4.5,45.0,8498.7,-12.3,8500.0,False,False,False,False,False,False,False,False,False,False,False,True,True,True,True,False,True,False,False,False,False,False,False,False
294059,STATE_ARMED,11.8,0.0,89.0,0.0,0.0,0.0,4.5,0.5,0.5,5.0,13.0,46.0,79.0,75.5,18.0,0.0,0.0,45.0,1,46.501,6.6005,8500.0,450.0,0.0,10,4.5,45.0,8498.7,-12.3,8500.0,False,False,False,False,False,False,False,False,False,False,False,True,True,True,True,False,True,False,False,False,False,False,False,False
294564,STATE_ARMED,11.8,0.0,89.0,0.0,0.0,0.0,4.5,0.5,0.5,5.0,13.0,46.0,79.0,75.5,18.0,0.0,0.0,45.0,1,46.501,6.6005,8500.0,450.0,0.0,10,4.5,45.0,8498.7,-12.3,8500.0,False,False,False,False,False,False,False,False,False,False,False,True,True,True,True,False,True,False,False,False,False,False,False,False
295066,STATE_ARMED,11.8,0.0,89.0,0.0,0.0,0.0,4.5,0.5,0.5,5.0,13.0,46.0,79.0,75.5,18.0,0.0,0.0,45.0,1,46.501,6.6005,8500.0,450.0,0.0,10,4.5,45.0,8498.7,-12.3,8500.0,False,False,False,False,False,False,False,False,False,False,False,True,True,True,True,False,True,False,False,False,False,False,False,False
295569,STATE_ARMED,11.8,0.0,89.0,0.0,0.0,0.0,4.5,0.5,0.5,5.0,13.0,46.0,79.0,75.5,18.0,0.0,0.0,45.0,1,46.501,6.6005,8500.0,450.0,0.0,10,4.5,45.0,8498.7,-12.3,8500.0,False,False,False,False,False,False,False,False,False,False,False,True,True,True,True,False,True,False,False,False,False,False,False,False
296071,STATE_ARMED,11.8,0.0,89.0,0.0,0.0,0.0,4.5,0.5,0.5,5.0,13.0,46.0,79.0,75.5,18.0,0.0,0.0,45.0,1,46.501,6.6005,8500.0,450.0,0.0,10,4.5,45.0,8498.7,-12.3,8500.0,False,False,False,False,False,False,False,False,False,False,False,True,True,True,True,False,True,False,False,False,False,False,False,False
296574,STATE_ARMED,11.8,0.0,89.0,0.0,0.0,0.0,4.5,0.5,0.5,5.0,13.0,46.0,79.0,75.5,18.0,0.0,0.0,45.0,1,46.501,6.6005,8500.0,450.0,0.0,10,4.5,45.0,8498.7,-12.3,8500.0,False,False,False,False,False,False,False,False,False,False,False,True,True,True,True,False,True,False,False,False,False,False,False,False
297076,STATE_ARMED,11.8,0.0,89.0,0.0,0.0,0.0,4.5,0.5,0.5,5.0,13.0,46.0,79.0,75.5,18.0,0.0,0.0,45.0,1,46.501,6.6005,8500.0,450.0,0.0,10,4.5,45.0,8498.7,-12.3,8500.0,False,False,False,False,False,False,False,False,False,False,False,True,True,True,True,False,True,False,False,False,False,False,False,False
297579,STATE_ARMED,11.8,0.0,89.0,0.0,0.0,0.0,4.5,0.5,0.5,5.0,13.0,46.0,79.0,75.5,18.0,0.0,0.0,45.0,1,46.501,6.6005,8500.0,450.0,0.0,10,4.5,45.0,8498.7,-12.3,8500.0,False,False,False,False,False,False,False,False,False,False,False,True,True,True,True,False,True,False,False,False,False,False,False,False
298081,STATE_ARMED,11.8,0.0,89.0,0.0,0.0,0.0,4.5,0.5,0.5,5.0,13.0,46.0,79.0,75.5,18.0,0.0,0.0,45.0,1,46.501,6.6005,8500.0,450.0,0.0,10,4.5,45.0,8498.7,-12.3,8500.0,False,False,False,False,False,False,False,False,False,False,False,True,True,True,True,False,True,False,False,False,False,False,False,False
298582,STATE_ARMED,11.8,0.0,89.0,0.0,0.0,0.0,4.5,0.5,0.5,5.0,13.0,46.0,79.0,75.5,18.0,0.0,0.0,45.0,1,46.501,6.6005,8500.0,450.0,0.0,10,4.5,45.0,8498.7,-12.3,8500.0,False,False,False,False,False,False,False,False,False,False,False,True,True,True,True,False,True,False,False,False,False,False,False,False
299085,STATE_ARMED,11.8,0.0,89.0,0.0,0.0,0.0,4.5,0.5,0.5,5.0,13.0,46.0,79.0,75.5,18.0,0.0,0.0,45.0,1,46.501,6.6005,8500.0,450.0,0.0,10,4.5,45.0,8498.7,-12.3,8500.0,False,False,False,False,False,False,False,False,False,False,False,True,True,True,True,False,True,False,False,False,False,False,False,False
299589,STATE_ARMED,11.8,0.0,89.0,0.0,0.0,0.0,4.5,0.5,0.5,5.0,13.0,46.0,79.0,75.5,18.0,0.0,0.0,45.0,1,46.501,6.6005,8500.0,450.0,0.0,10,4.5,45.0,8498.7,-12.3,8500.0,False,False,False,False,False,False,False,False,False,False,False,True,True,True,True,False,True,False,False,False,False,False,False,False
300091,STATE_ARMED,11.8,0.0,89.0,0.0,0.0,0.0,4.5,0.5,0.5,5.0,13.0,46.0,79.0,75.5,18.0,0.0,0.0,45.0,1,46.501,6.6005,8500.0,450.0,0.0,10,4.5,45.0,8498.7,-12.3,8500.0,False,False,False,False,False,False,False,False,False,False,False,True,True,True,True,False,True,False,False,False,False,False,False,False
300593,STATE_ARMED,11.8,0.0,89.0,0.0,0.0,0.0,4.5,0.5,0.5,5.0,13.0,46.0,79.0,75.5,18.0,0.0,0.0,45.0,1,46.501,6.6005,8500.0,450.0,0.0,10,4.5,45.0,8498.7,-12.3,8500.0,False,False,False,False,False,False,False,False,False,False,False,True,True,True,True,False,True,False,False,False,False,False,False,False
301094,STATE_ARMED,11.8,0.0,89.0,0.0,0.0,0.0,4.5,0.5,0.5,5.0,13.0,46.0,79.0,75.5,18.0,0.0,0.0,45.0,1,46.501,6.6005,8500.0,450.0,0.0,10,4.5,45.0,8498.7,-12.3,8500.0,False,False,False,False,False,False,False,False,False,False,False,True,True,True,True,False,True,False,False,False,False,False,False,False
301596,STATE_ARMED,11.8,0.0,89.0,0.0,0.0,0.0,4.5,0.5,0.5,5.0,13.0,46.0,79.0,75.5,18.0,0.0,0.0,45.0,1,46.501,6.6005,8500.0,450.0,0.0,10,4.5,45.0,8498.7,-12.3,8500.0,False,False,False,False,False,False,False,False,False,False,False,True,True,True,True,False,True,False,False,False,False,False,False,False
302098,STATE_ARMED,11.8,0.0,89.0,0.0,0.0,0.0,4.5,0.5,0.5,5.0,13.0,46.0,79.0,75.5,18.0,0.0,0.0,45.0,1,46.501,6.6005,8500.0,450.0,0.0,10,4.5,45.0,8498.7,-12.3,8500.0,False,False,False,False,False,False,False,False,False,False,False,True,True,True,True,False,True,False,False,False,False,False,False,False
302600,STATE_ARMED,11.8,0.0,89.0,0.0,0.0,0.0,4.5,0.5,0.5,5.0,13.0,46.0,79.0,75.5,18.0,0.0,0.0,45.0,1,46.501,6.6005,8500.0,450.0,0.0,10,4.5,45.0,8498.7,-12.3,8500.0,False,False,False,False,False,False,False,False,False,False,False,True,True,True,True,False,True,False,False,False,False,False,False,False
303102,STATE_ARMED,11.8,0.0,89.0,0.0,0.0,0.0,4.5,0.5,0.5,5.0,13.0,46.0,79.0,75.5,18.0,0.0,0.0,45.0,1,46.501,6.6005,8500.0,450.0,0.0,10,4.5,45.0,8498.7,-12.3,8500.0,False,False,False,False,False,False,False,False,False,False,False,True,True,True,True,False,True,False,False,False,False,False,False,False
303604,STATE_ARMED,11.8,0.0,89.0,0.0,0.0,0.0,4.5,0.5,0.5,5.0,13.0,46.0,79.0,75.5,18.0,0.0,0.0,45.0,1,46.501,6.6005,8500.0,450.0,0.0,10,4.5,45.0,8498.7,-12.3,8500.0,False,False,False,False,False,False,False,False,False,False,False,True,True,True,True,False,True,False,False,False,False,False,False,False
304106,STATE_ARMED,11.8,0.0,89.0,0.0,0.0,0.0,4.5,0.5,0.5,5.0,13.0,46.0,79.0,75.5,18.0,0.0,0.0,45.0,1,46.501,6.6005,8500.0,450.0,0.0,10,4.5,45.0,8498.7,-12.3,8500.0,False,False,False,False,False,False,False,False,False,False,False,True,True,True,True,False,True,False,False,False,False,False,False,False
304608,STATE_ARMED,11.8,0.0,89.0,0.0,0.0,0.0,4.5,0.5,0.5,5.0,13.0,46.0,79.0,75.5,18.0,0.0,0.0,45.0,1,46.501,6.6005,8500.0,450.0,0.0,10,4.5,45.0,8498.7,-12.3,8500.0,False,False,False,False,False,False,False,False,False,False,False,True,True,True,True,False,True,False,False,False,False,False,False,False
305110,STATE_ARMED,11.8,0.0,89.0,0.0,0.0,0.0,4.5,0.5,0.5,5.0,13.0,46.0,79.0,75.5,18.0,0.0,0.0,45.0,1,46.501,6.6005,8500.0,450.0,0.0,10,4.5,45.0,8498.7,-12.3,8500.0,False,False,False,False,False,False,False,False,False,False,False,True,True,True,True,False,True,False,False,False,False,False,False,False
305613,STATE_ARMED,11.8,0.0,89.0,0.0,0.0,0.0,4.5,0.5,0.5,5.0,13.0,46.0,79.0,75.5,18.0,0.0,0.0,45.0,1,46.501,6.6005,8500.0,450.0,0.0,10,4.5,45.0,8498.7,-12.3,8500.0,False,False,False,False,False,False,False,False,False,False,False,True,True,True,True,False,True,False,False,False,False,False,False,False
306115,STATE_ARMED,11.8,0.0,89.0,0.0,0.0,0.0,4.5,0.5,0.5,5.0,13.0,46.0,79.0,75.5,18.0,0.0,0.0,45.0,1,46.501,6.6005,8500.0,450.0,0.0,10,4.5,45.0,8498.7,-12.3,8500.0,False,False,False,False,False,False,False,False,False,False,False,True,True,True,True,False,True,False,False,False,False,False,False,False
306617,STATE_ARMED,11.8,0.0,89.0,0.0,0.0,0.0,4.5,0.5,0.5,5.0,13.0,46.0,79.0,75.5,18.0,0.0,0.0,45.0,1,46.501,6.6005,8500.0,450.0,0.0,10,4.5,45.0,8498.7,-12.3,8500.0,False,False,False,False,False,False,False,False,False,False,False,True,True,True,True,False,True,False,False,False,False,False,False,False
307119,STATE_ARMED,11.8,0.0,89.0,0.0,0.0,0.0,4.5,0.5,0.5,5.0,13.0,46.0,79.0,75.5,18.0,0.0,0.0,45.0,1,46.501,6.6005,8500.0,450.0,0.0,10,4.5,45.0,8498.7,-12.3,8500.0,False,False,False,False,False,False,False,False,False,False,False,True,True,True,True,False,True,False,False,False,False,False,False,False
307621,STATE_ARMED,11.8,0.0,89.0,0.0,0.0,0.0,4.5,0.5,0.5,5.0,13.0,46.0,79.0,75.5,18.0,0.0,0.0,45.0,1,46.501,6.6005,8500.0,450.0,0.0,10,4.5,45.0,8498.7,-12.3,8500.0,False,False,False,False,False,False,False,False,False,False,False,True,True,True,True,False,True,False,False,False,False,False,False,False
308123,STATE_ARMED,11.8,0.0,89.0,0.0,0.0,0.0,4.5,0.5,0.5,5.0,13.0,46.0,79.0,75.5,18.0,0.0,0.0,45.0,1,46.501,6.6005,8500.0,450.0,0.0,10,4.5,45.0,8498.7,-12.3,8500.0,False,False,False,False,False,False,False,False,False,False,False,True,True,True,True,False,True,False,False,False,False,False,False,False
308625,STATE_ARMED,11.8,0.0,89.0,0.0,0.0,0.0,4.5,0.5,0.5,5.0,13.0,46.0,79.0,75.5,18.0,0.0,0.0,45.0,1,46.501,6.6005,8500.0,450.0,0.0,10,4.5,45.0,8498.7,-12.3,8500.0,False,False,False,False,False,False,False,False,False,False,False,True,True,True,True,False,True,False,False,False,False,False,False,False
309127,STATE_ARMED,11.8,0.0,89.0,0.0,0.0,0.0,4.5,0.5,0.5,5.0,13.0,46.0,79.0,75.5,18.0,0.0,0.0,45.0,1,46.501,6.6005,8500.0,450.0,0.0,10,4.5,45.0,8498.7,-12.3,8500.0,False,False,False,False,False,False,False,False,False,False,False,True,True,True,True,False,True,False,False,False,False,False,False,False
309629,STATE_ARMED,11.8,0.0,89.0,0.0,0.0,0.0,4.5,0.5,0.5,5.0,13.0,46.0,79.0,75.5,18.0,0.0,0.0,45.0,1,46.501,6.6005,8500.0,450.0,0.0,10,4.5,45.0,8498.7,-12.3,8500.0,False,False,False,False,False,False,False,False,False,False,False,True,True,True,True,False,True,False,False,False,False,False,False,False
310130,STATE_ARMED,11.8,0.0,89.0,0.0,0.0,0.0,4.5,0.5,0.5,5.0,13.0,46.0,79.0,75.5,18.0,0.0,0.0,45.0,1,46.501,6.6005,8500.0,450.0,0.0,10,4.5,45.0,8498.7,-12.3,8500.0,False,False,False,False,False,False,False,False,False,False,False,True,True,True,True,False,True,False,False,False,False,False,False,False
310632,STATE_ARMED,11.8,0.0,89.0,0.0,0.0,0.0,4.5,0.5,0.5,5.0,13.0,46.0,79.0,75.5,18.0,0.0,0.0,45.0,1,46.501,6.6005,8500.0,450.0,0.0,10,4.5,45.0,8498.7,-12.3,8500.0,False,False,False,False,False,False,False,False,False,False,False,True,True,True,True,False,True,False,False,False,False,False,False,False
311134,STATE_ARMED,11.8,0.0,89.0,0.0,0.0,0.0,4.5,0.5,0.5,5.0,13.0,46.0,79.0,75.5,18.0,0.0,0.0,45.0,1,46.501,6.6005,8500.0,450.0,0.0,10,4.5,45.0,8498.7,-12.3,8500.0,False,False,False,False,False,False,False,False,False,False,False,True,True,True,True,False,True,False,False,False,False,False,False,False
311636,STATE_ARMED,11.8,0.0,89.0,0.0,0.0,0.0,4.5,0.5,0.5,5.0,13.0,46.0,79.0,75.5,18.0,0.0,0.0,45.0,1,46.501,6.6005,8500.0,450.0,0.0,10,4.5,45.0,8498.7,-12.3,8500.0,False,False,False,False,False,False,False,False,False,False,False,True,True,True,True,False,True,False,False,False,False,False,False,False
312138,STATE_ARMED,11.8,0.0,89.0,0.0,0.0,0.0,4.5,0.5,0.5,5.0,13.0,46.0,79.0,75.5,18.0,0.0,0.0,45.0,1,46.501,6.6005,8500.0,450.0,0.0,10,4.5,45.0,8498.7,-12.3,8500.0,False,False,False,False,False,False,False,False,False,False,False,True,True,True,True,False,True,False,False,False,False,False,False,False
312640,STATE_ARMED,11.8,0.0,89.0,0.0,0.0,0.0,4.5,0.5,0.5,5.0,13.0,46.0,79.0,75.5,18.0,0.0,0.0,45.0,1,46.501,6.6005,8500.0,450.0,0.0,10,4.5,45.0,8498.7,-12.3,8500.0,False,False,False,False,False,False,False,False,False,False,False,True,True,True,True,False,True,False,False,False,False,False,False,False
313142,STATE_ARMED,11.8,0.0,89.0,0.0,0.0,0.0,4.5,0.5,0.5,5.0,13.0,46.0,79.0,75.5,18.0,0.0,0.0,45.0,1,46.501,6.6005,8500.0,450.0,0.0,10,4.5,45.0,8498.7,-12.3,8500.0,False,False,False,False,False,False,False,False,False,False,False,True,True,True,True,False,True,False,False,False,False,False,False,False
313644,STATE_ARMED,11.8,0.0,89.0,0.0,0.0,0.0,4.5,0.5,0.5,5.0,13.0,46.0,79.0,75.5,18.0,0.0,0.0,45.0,1,46.501,6.6005,8500.0,450.0,0.0,10,4.5,45.0,8498.7,-12.3,8500.0,False,False,False,False,False,False,False,False,False,False,False,True,True,True,True,False,True,False,False,False,False,False,False,False
314146,STATE_ARMED,11.8,0.0,89.0,0.0,0.0,0.0,4.5,0.5,0.5,5.0,13.0,46.0,79.0,75.5,18.0,0.0,0.0,45.0,1,46.501,6.6005,8500.0,450.0,0.0,10,4.5,45.0,8498.7,-12.3,8500.0,False,False,False,False,False,False,False,False,False,False,False,True,True,True,True,False,True,False,False,False,False,False,False,False
314648,STATE_ARMED,11.8,0.0,89.0,0.0,0.0,0.0,4.5,0.5,0.5,5.0,13.0,46.0,79.0,75.5,18.0,0.0,0.0,45.0,1,46.501,6.6005,8500.0,450.0,0.0,10,4.5,45.0,8498.7,-12.3,8500.0,False,False,False,False,False,False,False,False,False,False,False,True,True,True,True,False,True,False,False,False,False,False,False,False
315150,STATE_ARMED,11.8,0.0,89.0,0.0,0.0,0.0,4.5,0.5,0.5,5.0,13.0,46.0,79.0,75.5,18.0,0.0,0.0,45.0,1,46.501,6.6005,8500.0,450.0,0.0,10,4.5,45.0,8498.7,-12.3,8500.0,False,False,False,False,False,False,False,False,False,False,False,True,True,True,True,False,True,False,False,False,False,False,False,False
315652,STATE_ARMED,11.8,0.0,89.0,0.0,0.0,0.0,4.5,0.5,0.5,5.0,13.0,46.0,79.0,75.5,18.0,0.0,0.0,45.0,1,46.501,6.6005,8500.0,450.0,0.0,10,4.5,45.0,8498.7,-12.3,8500.0,False,False,False,False,False,False,False,False,False,False,False,True,True,True,True,False,True,False,False,False,False,False,False,False
316154,STATE_ARMED,11.8,0.0,89.0,0.0,0.0,0.0,4.5,0.5,0.5,5.0,13.0,46.0,79.0,75.5,18.0,0.0,0.0,45.0,1,46.501,6.6005,8500.0,450.0,0.0,10,4.5,45.0,8498.7,-12.3,8500.0,False,False,False,False,False,False,False,False,False,False,False,True,True,True,True,False,True,False,False,False,False,False,False,False
316657,STATE_ARMED,11.8,0.0,89.0,0.0,0.0,0.0,4.5,0.5,0.5,5.0,13.0,46.0,79.0,75.5,18.0,0.0,0.0,45.0,1,46.501,6.6005,8500.0,450.0,0.0,10,4.5,45.0,8498.7,-12.3,8500.0,False,False,False,False,False,False,False,False,False,False,False,True,True,True,True,False,True,False,False,False,False,False,False,False
317158,STATE_ARMED,11.8,0.0,89.0,0.0,0.0,0.0,4.5,0.5,0.5,5.0,13.0,46.0,79.0,75.5,18.0,0.0,0.0,45.0,1,46.501,6.6005,8500.0,450.0,0.0,10,4.5,45.0,8498.7,-12.3,8500.0,False,False,False,False,False,False,False,False,False,False,False,True,True,True,True,False,True,False,False,False,False,False,False,False
317660,STATE_ARMED,11.8,0.0,89.0,0.0,0.0,0.0,4.5,0.5,0.5,5.0,13.0,46.0,79.0,75.5,18.0,0.0,0.0,45.0,1,46.501,6.6005,8500.0,450.0,0.0,10,4.5,45.0,8498.7,-12.3,8500.0,False,False,False,False,False,False,False,False,False,False,False,True,True,True,True,False,True,False,False,False,False,False,False,False
318163,STATE_ARMED,11.8,0.0,89.0,0.0,0.0,0.0,4.5,0.5,0.5,5.0,13.0,46.0,79.0,75.5,18.0,0.0,0.0,45.0,1,46.501,6.6005,8500.0,450.0,0.0,10,4.5,45.0,8498.7,-12.3,8500.0,False,False,False,False,False,False,False,False,False,False,False,True,True,True,True,False,True,False,False,False,False,False,False,False
318665,STATE_ARMED,11.8,0.0,89.0,0.0,0.0,0.0,4.5,0.5,0.5,5.0,13.0,46.0,79.0,75.5,18.0,0.0,0.0,45.0,1,46.501,6.6005,8500.0,450.0,0.0,10,4.5,45.0,8498.7,-12.3,8500.0,False,False,False,False,False,False,False,False,False,False,False,True,True,True,True,False,True,False,False,False,False,False,False,False
319168,STATE_ARMED,11.8,0.0,89.0,0.0,0.0,0.0,4.5,0.5,0.5,5.0,13.0,46.0,79.0,75.5,18.0,0.0,0.0,45.0,1,46.501,6.6005,8500.0,450.0,0.0,10,4.5,45.0,8498.7,-12.3,8500.0,False,False,False,False,False,False,False,False,False,False,False,True,True,True,True,False,True,False,False,False,False,False,False,False
319670,STATE_ARMED,11.8,0.0,89.0,0.0,0.0,0.0,4.5,0.5,0.5,5.0,13.0,46.0,79.0,75.5,18.0,0.0,0.0,45.0,1,46.501,6.6005,8500.0,450.0,0.0,10,4.5,45.0,8498.7,-12.3,8500.0,False,False,False,False,False,False,False,False,False,False,False,True,True,True,True,False,True,False,False,False,False,False,False,False
320172,STATE_ARMED,11.8,0.0,89.0,0.0,0.0,0.0,4.5,0.5,0.5,5.0,13.0,46.0,79.0,75.5,18.0,0.0,0.0,45.0,1,46.501,6.6005,8500.0,450.0,0.0,10,4.5,45.0,8498.7,-12.3,8500.0,False,False,False,False,False,False,False,False,False,False,False,True,True,True,True,False,True,False,False,False,False,False,False,False
320674,STATE_ARMED,11.8,0.0,89.0,0.0,0.0,0.0,4.5,0.5,0.5,5.0,13.0,46.0,79.0,75.5,18.0,0.0,0.0,45.0,1,46.501,6.6005,8500.0,450.0,0.0,10,4.5,45.0,8498.7,-12.3,8500.0,False,False,False,False,False,False,False,False,False,False,False,True,True,True,True,False,True,False,False,False,False,False,False,False
321176,STATE_ARMED,11.8,0.0,89.0,0.0,0.0,0.0,4.5,0.5,0.5,5.0,13.0,46.0,79.0,75.5,18.0,0.0,0.0,45.0,1,46.501,6.6005,8500.0,450.0,0.0,10,4.5,45.0,8498.7,-12.3,8500.0,False,False,False,False,False,False,False,False,False,False,False,True,True,True,True,False,True,False,False,False,False,False,False,False
321678,STATE_ARMED,11.8,0.0,89.0,0.0,0.0,0.0,4.5,0.5,0.5,5.0,13.0,46.0,79.0,75.5,18.0,0.0,0.0,45.0,1,46.501,6.6005,8500.0,450.0,0.0,10,4.5,45.0,8498.7,-12.3,8500.0,False,False,False,False,False,False,False,False,False,False,False,True,True,True,True,False,True,False,False,False,False,False,False,False
322180,STATE_ARMED,11.8,0.0,89.0,0.0,0.0,0.0,4.5,0.5,0.5,5.0,13.0,46.0,79.0,75.5,18.0,0.0,0.0,45.0,1,46.501,6.6005,8500.0,450.0,0.0,10,4.5,45.0,8498.7,-12.3,8500.0,False,False,False,False,False,False,False,False,False,False,False,True,True,True,True,False,True,False,False,False,False,False,False,False
322682,STATE_ARMED,11.8,0.0,89.0,0.0,0.0,0.0,4.5,0.5,0.5,5.0,13.0,46.0,79.0,75.5,18.0,0.0,0.0,45.0,1,46.501,6.6005,8500.0,450.0,0.0,10,4.5,45.0,8498.7,-12.3,8500.0,False,False,False,False,False,False,False,False,False,False,False,True,True,True,True,False,True,False,False,False,False,False,False,False
323184,STATE_ARMED,11.8,0.0,89.0,0.0,0.0,0.0,4.5,0.5,0.5,5.0,13.0,46.0,79.0,75.5,18.0,0.0,0.0,45.0,1,46.501,6.6005,8500.0,450.0,0.0,10,4.5,45.0,8498.7,-12.3,8500.0,False,False,False,False,False,False,False,False,False,False,False,True,True,True,True,False,True,False,False,False,False,False,False,False
323686,STATE_ARMED,11.8,0.0,89.0,0.0,0.0,0.0,4.5,0.5,0.5,5.0,13.0,46.0,79.0,75.5,18.0,0.0,0.0,45.0,1,46.501,6.6005,8500.0,450.0,0.0,10,4.5,45.0,8498.7,-12.3,8500.0,False,False,False,False,False,False,False,False,False,False,False,True,True,True,True,False,True,False,False,False,False,False,False,False
324188,STATE_ARMED,11.8,0.0,89.0,0.0,0.0,0.0,4.5,0.5,0.5,5.0,13.0,46.0,79.0,75.5,18.0,0.0,0.0,45.0,1,46.501,6.6005,8500.0,450.0,0.0,10,4.5,45.0,8498.7,-12.3,8500.0,False,False,False,False,False,False,False,False,False,False,False,True,True,True,True,False,True,False,False,False,False,False,False,False
324690,STATE_ARMED,11.8,0.0,89.0,0.0,0.0,0.0,4.5,0.5,0.5,5.0,13.0,46.0,79.0,75.5,18.0,0.0,0.0,45.0,1,46.501,6.6005,8500.0,450.0,0.0,10,4.5,45.0,8498.7,-12.3,8500.0,False,False,False,False,False,False,False,False,False,False,False,True,True,True,True,False,True,False,False,False,False,False,False,False
325193,STATE_ARMED,11.8,0.0,89.0,0.0,0.0,0.0,4.5,0.5,0.5,5.0,13.0,46.0,79.0,75.5,18.0,0.0,0.0,45.0,1,46.501,6.6005,8500.0,450.0,0.0,10,4.5,45.0,8498.7,-12.3,8500.0,False,False,False,False,False,False,False,False,False,False,False,True,True,True,True,False,True,False,False,False,False,False,False,False
325695,STATE_ARMED,11.8,0.0,89.0,0.0,0.0,0.0,4.5,0.5,0.5,5.0,13.0,46.0,79.0,75.5,18.0,0.0,0.0,45.0,1,46.501,6.6005,8500.0,450.0,0.0,10,4.5,45.0,8498.7,-12.3,8500.0,False,False,False,False,False,False,False,False,False,False,False,True,True,True,True,False,True,False,False,False,False,False,False,False
326197,STATE_ARMED,11.8,0.0,89.0,0.0,0.0,0.0,4.5,0.5,0.5,5.0,13.0,46.0,79.0,75.5,18.0,0.0,0.0,45.0,1,46.501,6.6005,8500.0,450.0,0.0,10,4.5,45.0,8498.7,-12.3,8500.0,False,False,False,False,False,False,False,False,False,False,False,True,True,True,True,False,True,False,False,False,False,False,False,False
326698,STATE_ARMED,11.8,0.0,89.0,0.0,0.0,0.0,4.5,0.5,0.5,5.0,13.0,46.0,79.0,75.5,18.0,0.0,0.0,45.0,1,46.501,6.6005,8500.0,450.0,0.0,10,4.5,45.0,8498.7,-12.3,8500.0,False,False,False,False,False,False,False,False,False,False,False,True,True,True,True,False,True,False,False,False,False,False,False,False
327200,STATE_ARMED,11.8,0.0,89.0,0.0,0.0,0.0,4.5,0.5,0.5,5.0,13.0,46.0,79.0,75.5,18.0,0.0,0.0,45.0,1,46.501,6.6005,8500.0,450.0,0.0,10,4.5,45.0,8498.7,-12.3,8500.0,False,False,False,False,False,False,False,False,False,False,False,True,True,True,True,False,True,False,False,False,False,False,False,False
327701,STATE_ARMED,11.8,0.0,89.0,0.0,0.0,0.0,4.5,0.5,0.5,5.0,13.0,46.0,79.0,75.5,18.0,0.0,0.0,45.0,1,46.501,6.6005,8500.0,450.0,0.0,10,4.5,45.0,8498.7,-12.3,8500.0,False,False,False,False,False,False,False,False,False,False,False,True,True,True,True,False,True,False,False,False,False,False,False,False
328203,STATE_ARMED,11.8,0.0,89.0,0.0,0.0,0.0,4.5,0.5,0.5,5.0,13.0,46.0,79.0,75.5,18.0,0.0,0.0,45.0,1,46.501,6.6005,8500.0,450.0,0.0,10,4.5,45.0,8498.7,-12.3,8500.0,False,False,False,False,False,False,False,False,False,False,False,True,True,True,True,False,True,False,False,False,False,False,False,False
328705,STATE_ARMED,11.8,0.0,89.0,0.0,0.0,0.0,4.5,0.5,0.5,5.0,13.0,46.0,79.0,75.5,18.0,0.0,0.0,45.0,1,46.501,6.6005,8500.0,450.0,0.0,10,4.5,45.0,8498.7,-12.3,8500.0,False,False,False,False,False,False,False,False,False,False,False,True,True,True,True,False,True,False,False,False,False,False,False,False
329207,STATE_ARMED,11.8,0.0,89.0,0.0,0.0,0.0,4.5,0.5,0.5,5.0,13.0,46.0,79.0,75.5,18.0,0.0,0.0,45.0,1,46.501,6.6005,8500.0,450.0,0.0,10,4.5,45.0,8498.7,-12.3,8500.0,False,False,False,False,False,False,False,False,False,False,False,True,True,True,True,False,True,False,False,False,False,False,False,False
329708,STATE_ARMED,11.8,0.0,89.0,0.0,0.0,0.0,4.5,0.5,0.5,5.0,13.0,46.0,79.0,75.5,18.0,0.0,0.0,45.0,1,46.501,6.6005,8500.0,450.0,0.0,10,4.5,45.0,8498.7,-12.3,8500.0,False,False,False,False,False,False,False,False,False,False,False,True,True,True,True,False,True,False,False,False,False,False,False,False
330210,STATE_ARMED,11.8,0.0,89.0,0.0,0.0,0.0,4.5,0.5,0.5,5.0,13.0,46.0,79.0,75.5,18.0,0.0,0.0,45.0,1,46.501,6.6005,8500.0,450.0,0.0,10,4.5,45.0,8498.7,-12.3,8500.0,False,False,False,False,False,False,False,False,False,False,False,True,True,True,True,False,True,False,False,False,False,False,False,False
330712,STATE_ARMED,11.8,0.0,89.0,0.0,0.0,0.0,4.5,0.5,0.5,5.0,13.0,46.0,79.0,75.5,18.0,0.0,0.0,45.0,1,46.501,6.6005,8500.0,450.0,0.0,10,4.5,45.0,8498.7,-12.3,8500.0,False,False,False,False,False,False,False,False,False,False,False,True,True,True,True,False,True,False,False,False,False,False,False,False
331213,STATE_ARMED,11.8,0.0,89.0,0.0,0.0,0.0,4.5,0.5,0.5,5.0,13.0,46.0,79.0,75.5,18.0,0.0,0.0,45.0,1,46.501,6.6005,8500.0,450.0,0.0,10,4.5,45.0,8498.7,-12.3,8500.0,False,False,False,False,False,False,False,False,False,False,False,True,True,True,True,False,True,False,False,False,False,False,False,False
331715,STATE_ARMED,11.8,0.0,89.0,0.0,0.0,0.0,4.5,0.5,0.5,5.0,13.0,46.0,79.0,75.5,18.0,0.0,0.0,45.0,1,46.501,6.6005,8500.0,450.0,0.0,10,4.5,45.0,8498.7,-12.3,8500.0,False,False,False,False,False,False,False,False,False,False,False,True,True,True,True,False,True,False,False,False,False,False,False,False
332217,STATE_ARMED,11.8,0.0,89.0,0.0,0.0,0.0,4.5,0.5,0.5,5.0,13.0,46.0,79.0,75.5,18.0,0.0,0.0,45.0,1,46.501,6.6005,8500.0,450.0,0.0,10,4.5,45.0,8498.7,-12.3,8500.0,False,False,False,False,False,False,False,False,False,False,False,True,True,True,True,False,True,False,False,False,False,False,False,False
332718,STATE_ARMED,11.8,0.0,89.0,0.0,0.0,0.0,4.5,0.5,0.5,5.0,13.0,46.0,79.0,75.5,18.0,0.0,0.0,45.0,1,46.501,6.6005,8500.0,450.0,0.0,10,4.5,45.0,8498.7,-12.3,8500.0,False,False,False,False,False,False,False,False,False,False,False,True,True,True,True,False,True,False,False,False,False,False,False,False
333220,STATE_ARMED,11.8,0.0,89.0,0.0,0.0,0.0,4.5,0.5,0.5,5.0,13.0,46.0,79.0,75.5,18.0,0.0,0.0,45.0,1,46.501,6.6005,8500.0,450.0,0.0,10,4.5,45.0,8498.7,-12.3,8500.0,False,False,False,False,False,False,False,False,False,False,False,True,True,True,True,False,True,False,False,False,False,False,False,False
333721,STATE_ARMED,11.8,0.0,89.0,0.0,0.0,0.0,4.5,0.5,0.5,5.0,13.0,46.0,79.0,75.5,18.0,0.0,0.0,45.0,1,46.501,6.6005,8500.0,450.0,0.0,10,4.5,45.0,8498.7,-12.3,8500.0,False,False,False,False,False,False,False,False,False,False,False,True,True,True,True,False,True,False,False,False,False,False,False,False
334223,STATE_ARMED,11.8,0.0,89.0,0.0,0.0,0.0,4.5,0.5,0.5,5.0,13.0,46.0,79.0,75.5,18.0,0.0,0.0,45.0,1,46.501,6.6005,8500.0,450.0,0.0,10,4.5,45.0,8498.7,-12.3,8500.0,False,False,False,False,False,False,False,False,False,False,False,True,True,True,True,False,True,False,False,False,False,False,False,False
334724,STATE_ARMED,11.8,0.0,89.0,0.0,0.0,0.0,4.5,0.5,0.5,5.0,13.0,46.0,79.0,75.5,18.0,0.0,0.0,45.0,1,46.501,6.6005,8500.0,450.0,0.0,10,4.5,45.0,8498.7,-12.3,8500.0,False,False,False,False,False,False,False,False,False,False,False,True,True,True,True,False,True,False,False,False,False,False,False,False
335226,STATE_ARMED,11.8,0.0,89.0,0.0,0.0,0.0,4.5,0.5,0.5,5.0,13.0,46.0,79.0,75.5,18.0,0.0,0.0,45.0,1,46.501,6.6005,8500.0,450.0,0.0,10,4.5,45.0,8498.7,-12.3,8500.0,False,False,False,False,False,False,False,False,False,False,False,True,True,True,True,False,True,False,False,False,False,False,False,False
335727,STATE_ARMED,11.8,0.0,89.0,0.0,0.0,0.0,4.5,0.5,0.5,5.0,13.0,46.0,79.0,75.5,18.0,0.0,0.0,45.0,1,46.501,6.6005,8500.0,450.0,0.0,10,4.5,45.0,8498.7,-12.3,8500.0,False,False,False,False,False,False,False,False,False,False,False,True,True,True,True,False,True,False,False,False,False,False,False,False
336228,STATE_ARMED,11.8,0.0,89.0,0.0,0.0,0.0,4.5,0.5,0.5,5.0,13.0,46.0,79.0,75.5,18.0,0.0,0.0,45.0,1,46.501,6.6005,8500.0,450.0,0.0,10,4.5,45.0,8498.7,-12.3,8500.0,False,False,False,False,False,False,False,False,False,False,False,True,True,True,True,False,True,False,False,False,False,False,False,False
336730,STATE_ARMED,11.8,0.0,89.0,0.0,0.0,0.0,4.5,0.5,0.5,5.0,13.0,46.0,79.0,75.5,18.0,0.0,0.0,45.0,1,46.501,6.6005,8500.0,450.0,0.0,10,4.5,45.0,8498.7,-12.3,8500.0,False,False,False,False,False,False,False,False,False,False,False,True,True,True,True,False,True,False,False,False,False,False,False,False
337231,STATE_ARMED,11.8,0.0,89.0,0.0,0.0,0.0,4.5,0.5,0.5,5.0,13.0,46.0,79.0,75.5,18.0,0.0,0.0,45.0,1,46.501,6.6005,8500.0,450.0,0.0,10,4.5,45.0,8498.7,-12.3,8500.0,False,False,False,False,False,False,False,False,False,False,False,True,True,True,True,False,True,False,False,False,False,False,False,False
337734,STATE_ARMED,11.8,0.0,89.0,0.0,0.0,0.0,4.5,0.5,0.5,5.0,13.0,46.0,79.0,75.5,18.0,0.0,0.0,45.0,1,46.501,6.6005,8500.0,450.0,0.0,10,4.5,45.0,8498.7,-12.3,8500.0,False,False,False,False,False,False,False,False,False,False,False,True,True,True,True,False,True,False,False,False,False,False,False,False
338237,STATE_ARMED,11.8,0.0,89.0,0.0,0.0,0.0,4.5,0.5,0.5,5.0,13.0,46.0,79.0,75.5,18.0,0.0,0.0,45.0,1,46.501,6.6005,8500.0,450.0,0.0,10,4.5,45.0,8498.7,-12.3,8500.0,False,False,False,False,False,False,False,False,False,False,False,True,True,True,True,False,True,False,False,False,False,False,False,False
338740,STATE_ARMED,11.8,0.0,89.0,0.0,0.0,0.0,4.5,0.5,0.5,5.0,13.0,46.0,79.0,75.5,18.0,0.0,0.0,45.0,1,46.501,6.6005,8500.0,450.0,0.0,10,4.5,45.0,8498.7,-12.3,8500.0,False,False,False,False,False,False,False,False,False,False,False,True,True,True,True,False,True,False,False,False,False,False,False,False
339244,STATE_ARMED,11.8,0.0,89.0,0.0,0.0,0.0,4.5,0.5,0.5,5.0,13.0,46.0,79.0,75.5,18.0,0.0,0.0,45.0,1,46.501,6.6005,8500.0,450.0,0.0,10,4.5,45.0,8498.7,-12.3,8500.0,False,False,False,False,False,False,False,False,False,False,False,True,True,True,True,False,True,False,False,False,False,False,False,False
339746,STATE_ARMED,11.8,0.0,89.0,0.0,0.0,0.0,4.5,0.5,0.5,5.0,13.0,46.0,79.0,75.5,18.0,0.0,0.0,45.0,1,46.501,6.6005,8500.0,450.0,0.0,10,4.5,45.0,8498.7,-12.3,8500.0,False,False,False,False,False,False,False,False,False,False,False,True,True,True,True,False,True,False,False,False,False,False,False,False
340247,STATE_ARMED,11.8,0.0,89.0,0.0,0.0,0.0,4.5,0.5,0.5,5.0,13.0,46.0,79.0,75.5,18.0,0.0,0.0,45.0,1,46.501,6.6005,8500.0,450.0,0.0,10,4.5,45.0,8498.7,-12.3,8500.0,False,False,False,False,False,False,False,False,False,False,False,True,True,True,True,False,True,False,False,False,False,False,False,False
340748,STATE_ARMED,11.8,0.0,89.0,0.0,0.0,0.0,4.5,0.5,0.5,5.0,13.0,46.0,79.0,75.5,18.0,0.0,0.0,45.0,1,46.501,6.6005,8500.0,450.0,0.0,10,4.5,45.0,8498.7,-12.3,8500.0,False,False,False,False,False,False,False,False,False,False,False,True,True,True,True,False,True,False,False,False,False,False,False,False
341250,STATE_ARMED,11.8,0.0,89.0,0.0,0.0,0.0,4.5,0.5,0.5,5.0,13.0,46.0,79.0,75.5,18.0,0.0,0.0,45.0,1,46.501,6.6005,8500.0,450.0,0.0,10,4.5,45.0,8498.7,-12.3,8500.0,False,False,False,False,False,False,False,False,False,False,False,True,True,True,True,False,True,False,False,False,False,False,False,False
341751,STATE_ARMED,11.8,0.0,89.0,0.0,0.0,0.0,4.5,0.5,0.5,5.0,13.0,46.0,79.0,75.5,18.0,0.0,0.0,45.0,1,46.501,6.6005,8500.0,450.0,0.0,10,4.5,45.0,8498.7,-12.3,8500.0,False,False,False,False,False,False,False,False,False,False,False,True,True,True,True,False,True,False,False,False,False,False,False,False
342253,STATE_ARMED,11.8,0.0,89.0,0.0,0.0,0.0,4.5,0.5,0.5,5.0,13.0,46.0,79.0,75.5,18.0,0.0,0.0,45.0,1,46.501,6.6005,8500.0,450.0,0.0,10,4.5,45.0,8498.7,-12.3,8500.0,False,False,False,False,False,False,False,False,False,False,False,True,True,True,True,False,True,False,False,False,False,False,False,False
342754,STATE_ARMED,11.8,0.0,89.0,0.0,0.0,0.0,4.5,0.5,0.5,5.0,13.0,46.0,79.0,75.5,18.0,0.0,0.0,45.0,1,46.501,6.6005,8500.0,450.0,0.0,10,4.5,45.0,8498.7,-12.3,8500.0,False,False,False,False,False,False,False,False,False,False,False,True,True,True,True,False,True,False,False,False,False,False,False,False
343256,STATE_ARMED,11.8,0.0,89.0,0.0,0.0,0.0,4.5,0.5,0.5,5.0,13.0,46.0,79.0,75.5,18.0,0.0,0.0,45.0,1,46.501,6.6005,8500.0,450.0,0.0,10,4.5,45.0,8498.7,-12.3,8500.0,False,False,False,False,False,False,False,False,False,False,False,True,True,True,True,False,True,False,False,False,False,False,False,False
343757,STATE_ARMED,11.8,0.0,89.0,0.0,0.0,0.0,4.5,0.5,0.5,5.0,13.0,46.0,79.0,75.5,18.0,0.0,0.0,45.0,1,46.501,6.6005,8500.0,450.0,0.0,10,4.5,45.0,8498.7,-12.3,8500.0,False,False,False,False,False,False,False,False,False,False,False,True,True,True,True,False,True,False,False,False,False,False,False,False
344259,STATE_ARMED,11.8,0.0,89.0,0.0,0.0,0.0,4.5,0.5,0.5,5.0,13.0,46.0,79.0,75.5,18.0,0.0,0.0,45.0,1,46.501,6.6005,8500.0,450.0,0.0,10,4.5,45.0,8498.7,-12.3,8500.0,False,False,False,False,False,False,False,False,False,False,False,True,True,True,True,False,True,False,False,False,False,False,False,False
344760,STATE_ARMED,11.8,0.0,89.0,0.0,0.0,0.0,4.5,0.5,0.5,5.0,13.0,46.0,79.0,75.5,18.0,0.0,0.0,45.0,1,46.501,6.6005,8500.0,450.0,0.0,10,4.5,45.0,8498.7,-12.3,8500.0,False,False,False,False,False,False,False,False,False,False,False,True,True,True,True,False,True,False,False,False,False,False,False,False
345262,STATE_ARMED,11.8,0.0,89.0,0.0,0.0,0.0,4.5,0.5,0.5,5.0,13.0,46.0,79.0,75.5,18.0,0.0,0.0,45.0,1,46.501,6.6005,8500.0,450.0,0.0,10,4.5,45.0,8498.7,-12.3,8500.0,False,False,False,False,False,False,False,False,False,False,False,True,True,True,True,False,True,False,False,False,False,False,False,False
345763,STATE_ARMED,11.8,0.0,89.0,0.0,0.0,0.0,4.5,0.5,0.5,5.0,13.0,46.0,79.0,75.5,18.0,0.0,0.0,45.0,1,46.501,6.6005,8500.0,450.0,0.0,10,4.5,45.0,8498.7,-12.3,8500.0,False,False,False,False,False,False,False,False,False,False,False,True,True,True,True,False,True,False,False,False,False,False,False,False
346264,STATE_ARMED,11.8,0.0,89.0,0.0,0.0,0.0,4.5,0.5,0.5,5.0,13.0,46.0,79.0,75.5,18.0,0.0,0.0,45.0,1,46.501,6.6005,8500.0,450.0,0.0,10,4.5,45.0,8498.7,-12.3,8500.0,False,False,False,False,False,False,False,False,False,False,False,True,True,True,True,False,True,False,False,False,False,False,False,False
346766,STATE_ARMED,11.8,0.0,89.0,0.0,0.0,0.0,4.5,0.5,0.5,5.0,13.0,46.0,79.0,75.5,18.0,0.0,0.0,45.0,1,46.501,6.6005,8500.0,450.0,0.0,10,4.5,45.0,8498.7,-12.3,8500.0,False,False,False,False,False,False,False,False,False,False,False,True,True,True,True,False,True,False,False,False,False,False,False,False
347267,STATE_ARMED,11.8,0.0,89.0,0.0,0.0,0.0,4.5,0.5,0.5,5.0,13.0,46.0,79.0,75.5,18.0,0.0,0.0,45.0,1,46.501,6.6005,8500.0,450.0,0.0,10,4.5,45.0,8498.7,-12.3,8500.0,False,False,False,False,False,False,False,False,False,False,False,True,True,True,True,False,True,False,False,False,False,False,False,False
347769,STATE_ARMED,11.8,0.0,89.0,0.0,0.0,0.0,4.5,0.5,0.5,5.0,13.0,46.0,79.0,75.5,18.0,0.0,0.0,45.0,1,46.501,6.6005,8500.0,450.0,0.0,10,4.5,45.0,8498.7,-12.3,8500.0,False,False,False,False,False,False,False,False,False,False,False,True,True,True,True,False,True,False,False,False,False,False,False,False
348271,STATE_ARMED,11.8,0.0,89.0,0.0,0.0,0.0,4.5,0.5,0.5,5.0,13.0,46.0,79.0,75.5,18.0,0.0,0.0,45.0,1,46.501,6.6005,8500.0,450.0,0.0,10,4.5,45.0,8498.7,-12.3,8500.0,False,False,False,False,False,False,False,False,False,False,False,True,True,True,True,False,True,False,False,False,False,False,False,False
348772,STATE_ARMED,11.8,0.0,89.0,0.0,0.0,0.0,4.5,0.5,0.5,5.0,13.0,46.0,79.0,75.5,18.0,0.0,0.0,45.0,1,46.501,6.6005,8500.0,450.0,0.0,10,4.5,45.0,8498.7,-12.3,8500.0,False,False,False,False,False,False,False,False,False,False,False,True,True,True,True,False,True,False,False,False,False,False,False,False
349274,STATE_ARMED,11.8,0.0,89.0,0.0,0.0,0.0,4.5,0.5,0.5,5.0,13.0,46.0,79.0,75.5,18.0,0.0,0.0,45.0,1,46.501,6.6005,8500.0,450.0,0.0,10,4.5,45.0,8498.7,-12.3,8500.0,False,False,False,False,False,False,False,False,False,False,False,True,True,True,True,False,True,False,False,False,False,False,False,False
349776,STATE_ARMED,11.8,0.0,89.0,0.0,0.0,0.0,4.5,0.5,0.5,5.0,13.0,46.0,79.0,75.5,18.0,0.0,0.0,45.0,1,46.501,6.6005,8500.0,450.0,0.0,10,4.5,45.0,8498.7,-12.3,8500.0,False,False,False,False,False,False,False,False,False,False,False,True,True,True,True,False,True,False,False,False,False,False,False,False
350277,STATE_ARMED,11.8,0.0,89.0,0.0,0.0,0.0,4.5,0.5,0.5,5.0,13.0,46.0,79.0,75.5,18.0,0.0,0.0,45.0,1,46.501,6.6005,8500.0,450.0,0.0,10,4.5,45.0,8498.7,-12.3,8500.0,False,False,False,False,False,False,False,False,False,False,False,True,True,True,True,False,True,False,False,False,False,False,False,False
350779,STATE_ARMED,11.8,0.0,89.0,0.0,0.0,0.0,4.5,0.5,0.5,5.0,13.0,46.0,79.0,75.5,18.0,0.0,0.0,45.0,1,46.501,6.6005,8500.0,450.0,0.0,10,4.5,45.0,8498.7,-12.3,8500.0,False,False,False,False,False,False,False,False,False,False,False,True,True,True,True,False,True,False,False,False,False,False,False,False
351280,STATE_ARMED,11.8,0.0,89.0,0.0,0.0,0.0,4.5,0.5,0.5,5.0,13.0,46.0,79.0,75.5,18.0,0.0,0.0,45.0,1,46.501,6.6005,8500.0,450.0,0.0,10,4.5,45.0,8498.7,-12.3,8500.0,False,False,False,False,False,False,False,False,False,False,False,True,True,True,True,False,True,False,False,False,False,False,False,False
351782,STATE_ARMED,11.8,0.0,89.0,0.0,0.0,0.0,4.5,0.5,0.5,5.0,13.0,46.0,79.0,75.5,18.0,0.0,0.0,45.0,1,46.501,6.6005,8500.0,450.0,0.0,10,4.5,45.0,8498.7,-12.3,8500.0,False,False,False,False,False,False,False,False,False,False,False,True,True,True,True,False,True,False,False,False,False,False,False,False
352283,STATE_ARMED,11.8,0.0,89.0,0.0,0.0,0.0,4.5,0.5,0.5,5.0,13.0,46.0,79.0,75.5,18.0,0.0,0.0,45.0,1,46.501,6.6005,8500.0,450.0,0.0,10,4.5,45.0,8498.7,-12.3,8500.0,False,False,False,False,False,False,False,False,False,False,False,True,True,True,True,False,True,False,False,False,False,False,False,False
352785,STATE_ARMED,11.8,0.0,89.0,0.0,0.0,0.0,4.5,0.5,0.5,5.0,13.0,46.0,79.0,75.5,18.0,0.0,0.0,45.0,1,46.501,6.6005,8500.0,450.0,0.0,10,4.5,45.0,8498.7,-12.3,8500.0,False,False,False,False,False,False,False,False,False,False,False,True,True,True,True,False,True,False,False,False,False,False,False,False
353287,STATE_ARMED,11.8,0.0,89.0,0.0,0.0,0.0,4.5,0.5,0.5,5.0,13.0,46.0,79.0,75.5,18.0,0.0,0.0,45.0,1,46.501,6.6005,8500.0,450.0,0.0,10,4.5,45.0,8498.7,-12.3,8500.0,False,False,False,False,False,False,False,False,False,False,False,True,True,True,True,False,True,False,False,False,False,False,False,False
353789,STATE_ARMED,11.8,0.0,89.0,0.0,0.0,0.0,4.5,0.5,0.5,5.0,13.0,46.0,79.0,75.5,18.0,0.0,0.0,45.0,1,46.501,6.6005,8500.0,450.0,0.0,10,4.5,45.0,8498.7,-12.3,8500.0,False,False,False,False,False,False,False,False,False,False,False,True,True,True,True,False,True,False,False,False,False,False,False,False
354290,STATE_ARMED,11.8,0.0,89.0,0.0,0.0,0.0,4.5,0.5,0.5,5.0,13.0,46.0,79.0,75.5,18.0,0.0,0.0,45.0,1,46.501,6.6005,8500.0,450.0,0.0,10,4.5,45.0,8498.7,-12.3,8500.0,False,False,False,False,False,False,False,False,False,False,False,True,True,True,True,False,True,False,False,False,False,False,False,False
354792,STATE_ARMED,11.8,0.0,89.0,0.0,0.0,0.0,4.5,0.5,0.5,5.0,13.0,46.0,79.0,75.5,18.0,0.0,0.0,45.0,1,46.501,6.6005,8500.0,450.0,0.0,10,4.5,45.0,8498.7,-12.3,8500.0,False,False,False,False,False,False,False,False,False,False,False,True,True,True,True,False,True,False,False,False,False,False,False,False
355293,STATE_ARMED,11.8,0.0,89.0,0.0,0.0,0.0,4.5,0.5,0.5,5.0,13.0,46.0,79.0,75.5,18.0,0.0,0.0,45.0,1,46.501,6.6005,8500.0,450.0,0.0,10,4.5,45.0,8498.7,-12.3,8500.0,False,False,False,False,False,False,False,False,False,False,False,True,True,True,True,False,True,False,False,False,False,False,False,False
355795,STATE_ARMED,11.8,0.0,89.0,0.0,0.0,0.0,4.5,0.5,0.5,5.0,13.0,46.0,79.0,75.5,18.0,0.0,0.0,45.0,1,46.501,6.6005,8500.0,450.0,0.0,10,4.5,45.0,8498.7,-12.3,8500.0,False,False,False,False,False,False,False,False,False,False,False,True,True,True,True,False,True,False,False,False,False,False,False,False
356296,STATE_ARMED,11.8,0.0,89.0,0.0,0.0,0.0,4.5,0.5,0.5,5.0,13.0,46.0,79.0,75.5,18.0,0.0,0.0,45.0,1,46.501,6.6005,8500.0,450.0,0.0,10,4.5,45.0,8498.7,-12.3,8500.0,False,False,False,False,False,False,False,False,False,False,False,True,True,True,True,False,True,False,False,False,False,False,False,False
356797,STATE_ARMED,11.8,0.0,89.0,0.0,0.0,0.0,4.5,0.5,0.5,5.0,13.0,46.0,79.0,75.5,18.0,0.0,0.0,45.0,1,46.501,6.6005,8500.0,450.0,0.0,10,4.5,45.0,8498.7,-12.3,8500.0,False,False,False,False,False,False,False,False,False,False,False,True,True,True,True,False,True,False,False,False,False,False,False,False
357299,STATE_ARMED,11.8,0.0,89.0,0.0,0.0,0.0,4.5,0.5,0.5,5.0,13.0,46.0,79.0,75.5,18.0,0.0,0.0,45.0,1,46.501,6.6005,8500.0,450.0,0.0,10,4.5,45.0,8498.7,-12.3,8500.0,False,False,False,False,False,False,False,False,False,False,False,True,True,True,True,False,True,False,False,False,False,False,False,False
357801,STATE_ARMED,11.8,0.0,89.0,0.0,0.0,0.0,4.5,0.5,0.5,5.0,13.0,46.0,79.0,75.5,18.0,0.0,0.0,45.0,1,46.501,6.6005,8500.0,450.0,0.0,10,4.5,45.0,8498.7,-12.3,8500.0,False,False,False,False,False,False,False,False,False,False,False,True,True,True,True,False,True,False,False,False,False,False,False,False
358302,STATE_ARMED,11.8,0.0,89.0,0.0,0.0,0.0,4.5,0.5,0.5,5.0,13.0,46.0,79.0,75.5,18.0,0.0,0.0,45.0,1,46.501,6.6005,8500.0,450.0,0.0,10,4.5,45.0,8498.7,-12.3,8500.0,False,False,False,False,False,False,False,False,False,False,False,True,True,True,True,False,True,False,False,False,False,False,False,False
358808,STATE_ARMED,11.8,0.0,89.0,0.0,0.0,0.0,4.5,0.5,0.5,5.0,13.0,46.0,79.0,75.5,18.0,0.0,0.0,45.0,1,46.501,6.6005,8500.0,450.0,0.0,10,4.5,45.0,8498.7,-12.3,8500.0,False,False,False,False,False,False,False,False,False,False,False,True,True,True,True,False,True,False,False,False,False,False,False,False
359311,STATE_ARMED,11.8,0.0,89.0,0.0,0.0,0.0,4.5,0.5,0.5,5.0,13.0,46.0,79.0,75.5,18.0,0.0,0.0,45.0,1,46.501,6.6005,8500.0,450.0,0.0,10,4.5,45.0,8498.7,-12.3,8500.0,False,False,False,False,False,False,False,False,False,False,False,True,True,True,True,False,True,False,False,False,False,False,False,False
359813,STATE_ARMED,11.8,0.0,89.0,0.0,0.0,0.0,4.5,0.5,0.5,5.0,13.0,46.0,79.0,75.5,18.0,0.0,0.0,45.0,1,46.501,6.6005,8500.0,450.0,0.0,10,4.5,45.0,8498.7,-12.3,8500.0,False,False,False,False,False,False,False,False,False,False,False,True,True,True,True,False,True,False,False,False,False,False,False,False
360315,STATE_ARMED,11.8,0.0,89.0,0.0,0.0,0.0,4.5,0.5,0.5,5.0,13.0,46.0,79.0,75.5,18.0,0.0,0.0,45.0,1,46.501,6.6005,8500.0,450.0,0.0,10,4.5,45.0,8498.7,-12.3,8500.0,False,False,False,False,False,False,False,False,False,False,False,True,True,True,True,False,True,False,False,False,False,False,False,False
360817,STATE_ARMED,11.8,0.0,89.0,0.0,0.0,0.0,4.5,0.5,0.5,5.0,13.0,46.0,79.0,75.5,18.0,0.0,0.0,45.0,1,46.501,6.6005,8500.0,450.0,0.0,10,4.5,45.0,8498.7,-12.3,8500.0,False,False,False,False,False,False,False,False,False,False,False,True,True,True,True,False,True,False,False,False,False,False,False,False
361318,STATE_ARMED,11.8,0.0,89.0,0.0,0.0,0.0,4.5,0.5,0.5,5.0,13.0,46.0,79.0,75.5,18.0,0.0,0.0,45.0,1,46.501,6.6005,8500.0,450.0,0.0,10,4.5,45.0,8498.7,-12.3,8500.0,False,False,False,False,False,False,False,False,False,False,False,True,True,True,True,False,True,False,False,False,False,False,False,False
361820,STATE_ARMED,11.8,0.0,89.0,0.0,0.0,0.0,4.5,0.5,0.5,5.0,13.0,46.0,79.0,75.5,18.0,0.0,0.0,45.0,1,46.501,6.6005,8500.0,450.0,0.0,10,4.5,45.0,8498.7,-12.3,8500.0,False,False,False,False,False,False,False,False,False,False,False,True,True,True,True,False,True,False,False,False,False,False,False,False
362321,STATE_ARMED,11.8,0.0,89.0,0.0,0.0,0.0,4.5,0.5,0.5,5.0,13.0,46.0,79.0,75.5,18.0,0.0,0.0,45.0,1,46.501,6.6005,8500.0,450.0,0.0,10,4.5,45.0,8498.7,-12.3,8500.0,False,False,False,False,False,False,False,False,False,False,False,True,True,True,True,False,True,False,False,False,False,False,False,False
362823,STATE_ARMED,11.8,0.0,89.0,0.0,0.0,0.0,4.5,0.5,0.5,5.0,13.0,46.0,79.0,75.5,18.0,0.0,0.0,45.0,1,46.501,6.6005,8500.0,450.0,0.0,10,4.5,45.0,8498.7,-12.3,8500.0,False,False,False,False,False,False,False,False,False,False,False,True,True,True,True,False,True,False,False,False,False,False,False,False
363324,STATE_ARMED,11.8,0.0,89.0,0.0,0.0,0.0,4.5,0.5,0.5,5.0,13.0,46.0,79.0,75.5,18.0,0.0,0.0,45.0,1,46.501,6.6005,8500.0,450.0,0.0,10,4.5,45.0,8498.7,-12.3,8500.0,False,False,False,False,False,False,False,False,False,False,False,True,True,True,True,False,True,False,False,False,False,False,False,False
363826,STATE_ARMED,11.8,0.0,89.0,0.0,0.0,0.0,4.5,0.5,0.5,5.0,13.0,46.0,79.0,75.5,18.0,0.0,0.0,45.0,1,46.501,6.6005,8500.0,450.0,0.0,10,4.5,45.0,8498.7,-12.3,8500.0,False,False,False,False,False,False,False,False,False,False,False,True,True,True,True,False,True,False,False,False,False,False,False,False
364327,STATE_ARMED,11.8,0.0,89.0,0.0,0.0,0.0,4.5,0.5,0.5,5.0,13.0,46.0,79.0,75.5,18.0,0.0,0.0,45.0,1,46.501,6.6005,8500.0,450.0,0.0,10,4.5,45.0,8498.7,-12.3,8500.0,False,False,False,False,False,False,False,False,False,False,False,True,True,True,True,False,True,False,False,False,False,False,False,False
364829,STATE_ARMED,11.8,0.0,89.0,0.0,0.0,0.0,4.5,0.5,0.5,5.0,13.0,46.0,79.0,75.5,18.0,0.0,0.0,45.0,1,46.501,6.6005,8500.0,450.0,0.0,10,4.5,45.0,8498.7,-12.3,8500.0,False,False,False,False,False,False,False,False,False,False,False,True,True,True,True,False,True,False,False,False,False,False,False,False
365330,STATE_ARMED,11.8,0.0,89.0,0.0,0.0,0.0,4.5,0.5,0.5,5.0,13.0,46.0,79.0,75.5,18.0,0.0,0.0,45.0,1,46.501,6.6005,8500.0,450.0,0.0,10,4.5,45.0,8498.7,-12.3,8500.0,False,False,False,False,False,False,False,False,False,False,False,True,True,True,True,False,True,False,False,False,False,False,False,False
365832,STATE_ARMED,11.8,0.0,89.0,0.0,0.0,0.0,4.5,0.5,0.5,5.0,13.0,46.0,79.0,75.5,18.0,0.0,0.0,45.0,1,46.501,6.6005,8500.0,450.0,0.0,10,4.5,45.0,8498.7,-12.3,8500.0,False,False,False,False,False,False,False,False,False,False,False,True,True,True,True,False,True,False,False,False,False,False,False,False
366333,STATE_ARMED,11.8,0.0,89.0,0.0,0.0,0.0,4.5,0.5,0.5,5.0,13.0,46.0,79.0,75.5,18.0,0.0,0.0,45.0,1,46.501,6.6005,8500.0,450.0,0.0,10,4.5,45.0,8498.7,-12.3,8500.0,False,False,False,False,False,False,False,False,False,False,False,True,True,True,True,False,True,False,False,False,False,False,False,False
366835,STATE_ARMED,11.8,0.0,89.0,0.0,0.0,0.0,4.5,0.5,0.5,5.0,13.0,46.0,79.0,75.5,18.0,0.0,0.0,45.0,1,46.501,6.6005,8500.0,450.0,0.0,10,4.5,45.0,8498.7,-12.3,8500.0,False,False,False,False,False,False,False,False,False,False,False,True,True,True,True,False,True,False,False,False,False,False,False,False
367336,STATE_ARMED,11.8,0.0,89.0,0.0,0.0,0.0,4.5,0.5,0.5,5.0,13.0,46.0,79.0,75.5,18.0,0.0,0.0,45.0,1,46.501,6.6005,8500.0,450.0,0.0,10,4.5,45.0,8498.7,-12.3,8500.0,False,False,False,False,False,False,False,False,False,False,False,True,True,True,True,False,True,False,False,False,False,False,False,False
367838,STATE_ARMED,11.8,0.0,89.0,0.0,0.0,0.0,4.5,0.5,0.5,5.0,13.0,46.0,79.0,75.5,18.0,0.0,0.0,45.0,1,46.501,6.6005,8500.0,450.0,0.0,10,4.5,45.0,8498.7,-12.3,8500.0,False,False,False,False,False,False,False,False,False,False,False,True,True,True,True,False,True,False,False,False,False,False,False,False
368339,STATE_ARMED,11.8,0.0,89.0,0.0,0.0,0.0,4.5,0.5,0.5,5.0,13.0,46.0,79.0,75.5,18.0,0.0,0.0,45.0,1,46.501,6.6005,8500.0,450.0,0.0,10,4.5,45.0,8498.7,-12.3,8500.0,False,False,False,False,False,False,False,False,False,False,False,True,True,True,True,False,True,False,False,False,False,False,False,False
368841,STATE_ARMED,11.8,0.0,89.0,0.0,0.0,0.0,4.5,0.5,0.5,5.0,13.0,46.0,79.0,75.5,18.0,0.0,0.0,45.0,1,46.501,6.6005,8500.0,450.0,0.0,10,4.5,45.0,8498.7,-12.3,8500.0,False,False,False,False,False,False,False,False,False,False,False,True,True,True,True,False,True,False,False,False,False,False,False,False
369342,STATE_ARMED,11.8,0.0,89.0,0.0,0.0,0.0,4.5,0.5,0.5,5.0,13.0,46.0,79.0,75.5,18.0,0.0,0.0,45.0,1,46.501,6.6005,8500.0,450.0,0.0,10,4.5,45.0,8498.7,-12.3,8500.0,False,False,False,False,False,False,False,False,False,False,False,True,True,True,True,False,True,False,False,False,False,False,False,False
369843,STATE_ARMED,11.8,0.0,89.0,0.0,0.0,0.0,4.5,0.5,0.5,5.0,13.0,46.0,79.0,75.5,18.0,0.0,0.0,45.0,1,46.501,6.6005,8500.0,450.0,0.0,10,4.5,45.0,8498.7,-12.3,8500.0,False,False,False,False,False,False,False,False,False,False,False,True,True,True,True,False,True,False,False,False,False,False,False,False
370345,STATE_ARMED,11.8,0.0,89.0,0.0,0.0,0.0,4.5,0.5,0.5,5.0,13.0,46.0,79.0,75.5,18.0,0.0,0.0,45.0,1,46.501,6.6005,8500.0,450.0,0.0,10,4.5,45.0,8498.7,-12.3,8500.0,False,False,False,False,False,False,False,False,False,False,False,True,True,True,True,False,True,False,False,False,False,False,False,False
370846,STATE_ARMED,11.8,0.0,89.0,0.0,0.0,0.0,4.5,0.5,0.5,5.0,13.0,46.0,79.0,75.5,18.0,0.0,0.0,45.0,1,46.501,6.6005,8500.0,450.0,0.0,10,4.5,45.0,8498.7,-12.3,8500.0,False,False,False,False,False,False,False,False,False,False,False,True,True,True,True,False,True,False,False,False,False,False,False,False
371348,STATE_ARMED,11.8,0.0,89.0,0.0,0.0,0.0,4.5,0.5,0.5,5.0,13.0,46.0,79.0,75.5,18.0,0.0,0.0,45.0,1,46.501,6.6005,8500.0,450.0,0.0,10,4.5,45.0,8498.7,-12.3,8500.0,False,False,False,False,False,False,False,False,False,False,False,True,True,True,True,False,True,False,False,False,False,False,False,False
371849,STATE_ARMED,11.8,0.0,89.0,0.0,0.0,0.0,4.5,0.5,0.5,5.0,13.0,46.0,79.0,75.5,18.0,0.0,0.0,45.0,1,46.501,6.6005,8500.0,450.0,0.0,10,4.5,45.0,8498.7,-12.3,8500.0,False,False,False,False,False,False,False,False,False,False,False,True,True,True,True,False,True,False,False,False,False,False,False,False
372351,STATE_ARMED,11.8,0.0,89.0,0.0,0.0,0.0,4.5,0.5,0.5,5.0,13.0,46.0,79.0,75.5,18.0,0.0,0.0,45.0,1,46.501,6.6005,8500.0,450.0,0.0,10,4.5,45.0,8498.7,-12.3,8500.0,False,False,False,False,False,False,False,False,False,False,False,True,True,True,True,False,True,False,False,False,False,False,False,False
372856,STATE_ARMED,11.8,0.0,89.0,0.0,0.0,0.0,4.5,0.5,0.5,5.0,13.0,46.0,79.0,75.5,18.0,0.0,0.0,45.0,1,46.501,6.6005,8500.0,450.0,0.0,10,4.5,45.0,8498.7,-12.3,8500.0,False,False,False,False,False,False,False,False,False,False,False,True,True,True,True,False,True,False,False,False,False,False,False,False
373360,STATE_ARMED,11.8,0.0,89.0,0.0,0.0,0.0,4.5,0.5,0.5,5.0,13.0,46.0,79.0,75.5,18.0,0.0,0.0,45.0,1,46.501,6.6005,8500.0,450.0,0.0,10,4.5,45.0,8498.7,-12.3,8500.0,False,False,False,False,False,False,False,False,False,False,False,True,True,True,True,False,True,False,False,False,False,False,False,False
373861,STATE_ARMED,11.8,0.0,89.0,0.0,0.0,0.0,4.5,0.5,0.5,5.0,13.0,46.0,79.0,75.5,18.0,0.0,0.0,45.0,1,46.501,6.6005,8500.0,450.0,0.0,10,4.5,45.0,8498.7,-12.3,8500.0,False,False,False,False,False,False,False,False,False,False,False,True,True,True,True,False,True,False,False,False,False,False,False,False
374363,STATE_ARMED,11.8,0.0,89.0,0.0,0.0,0.0,4.5,0.5,0.5,5.0,13.0,46.0,79.0,75.5,18.0,0.0,0.0,45.0,1,46.501,6.6005,8500.0,450.0,0.0,10,4.5,45.0,8498.7,-12.3,8500.0,False,False,False,False,False,False,False,False,False,False,False,True,True,True,True,False,True,False,False,False,False,False,False,False
374864,STATE_ARMED,11.8,0.0,89.0,0.0,0.0,0.0,4.5,0.5,0.5,5.0,13.0,46.0,79.0,75.5,18.0,0.0,0.0,45.0,1,46.501,6.6005,8500.0,450.0,0.0,10,4.5,45.0,8498.7,-12.3,8500.0,False,False,False,False,False,False,False,False,False,False,False,True,True,True,True,False,True,False,False,False,False,False,False,False
375366,STATE_ARMED,11.8,0.0,89.0,0.0,0.0,0.0,4.5,0.5,0.5,5.0,13.0,46.0,79.0,75.5,18.0,0.0,0.0,45.0,1,46.501,6.6005,8500.0,450.0,0.0,10,4.5,45.0,8498.7,-12.3,8500.0,False,False,False,False,False,False,False,False,False,False,False,True,True,True,True,False,True,False,False,False,False,False,False,False
375867,STATE_ARMED,11.8,0.0,89.0,0.0,0.0,0.0,4.5,0.5,0.5,5.0,13.0,46.0,79.0,75.5,18.0,0.0,0.0,45.0,1,46.501,6.6005,8500.0,450.0,0.0,10,4.5,45.0,8498.7,-12.3,8500.0,False,False,False,False,False,False,False,False,False,False,False,True,True,True,True,False,True,False,False,False,False,False,False,False
376369,STATE_ARMED,11.8,0.0,89.0,0.0,0.0,0.0,4.5,0.5,0.5,5.0,13.0,46.0,79.0,75.5,18.0,0.0,0.0,45.0,1,46.501,6.6005,8500.0,450.0,0.0,10,4.5,45.0,8498.7,-12.3,8500.0,False,False,False,False,False,False,False,False,False,False,False,True,True,True,True,False,True,False,False,False,False,False,False,False
376870,STATE_ARMED,11.8,0.0,89.0,0.0,0.0,0.0,4.5,0.5,0.5,5.0,13.0,46.0,79.0,75.5,18.0,0.0,0.0,45.0,1,46.501,6.6005,8500.0,450.0,0.0,10,4.5,45.0,8498.7,-12.3,8500.0,False,False,False,False,False,False,False,False,False,False,False,True,True,True,True,False,True,False,False,False,False,False,False,False
377371,STATE_ARMED,11.8,0.0,89.0,0.0,0.0,0.0,4.5,0.5,0.5,5.0,13.0,46.0,79.0,75.5,18.0,0.0,0.0,45.0,1,46.501,6.6005,8500.0,450.0,0.0,10,4.5,45.0,8498.7,-12.3,8500.0,False,False,False,False,False,False,False,False,False,False,False,True,True,True,True,False,True,False,False,False,False,False,False,False
377873,STATE_ARMED,11.8,0.0,89.0,0.0,0.0,0.0,4.5,0.5,0.5,5.0,13.0,46.0,79.0,75.5,18.0,0.0,0.0,45.0,1,46.501,6.6005,8500.0,450.0,0.0,10,4.5,45.0,8498.7,-12.3,8500.0,False,False,False,False,False,False,False,False,False,False,False,True,True,True,True,False,True,False,False,False,False,False,False,False
378374,STATE_ARMED,11.8,0.0,89.0,0.0,0.0,0.0,4.5,0.5,0.5,5.0,13.0,46.0,79.0,75.5,18.0,0.0,0.0,45.0,1,46.501,6.6005,8500.0,450.0,0.0,10,4.5,45.0,8498.7,-12.3,8500.0,False,False,False,False,False,False,False,False,False,False,False,True,True,True,True,False,True,False,False,False,False,False,False,False
378876,STATE_ARMED,11.8,0.0,89.0,0.0,0.0,0.0,4.5,0.5,0.5,5.0,13.0,46.0,79.0,75.5,18.0,0.0,0.0,45.0,1,46.501,6.6005,8500.0,450.0,0.0,10,4.5,45.0,8498.7,-12.3,8500.0,False,False,False,False,False,False,False,False,False,False,False,True,True,True,True,False,True,False,False,False,False,False,False,False
379377,STATE_ARMED,11.8,0.0,89.0,0.0,0.0,0.0,4.5,0.5,0.5,5.0,13.0,46.0,79.0,75.5,18.0,0.0,0.0,45.0,1,46.501,6.6005,8500.0,450.0,0.0,10,4.5,45.0,8498.7,-12.3,8500.0,False,False,False,False,False,False,False,False,False,False,False,True,True,True,True,False,True,False,False,False,False,False,False,False
379879,STATE_ARMED,11.8,0.0,89.0,0.0,0.0,0.0,4.5,0.5,0.5,5.0,13.0,46.0,79.0,75.5,18.0,0.0,0.0,45.0,1,46.501,6.6005,8500.0,450.0,0.0,10,4.5,45.0,8498.7,-12.3,8500.0,False,False,False,False,False,False,False,False,False,False,False,True,True,True,True,False,True,False,False,False,False,False,False,False
380380,STATE_ARMED,11.8,0.0,89.0,0.0,0.0,0.0,4.5,0.5,0.5,5.0,13.0,46.0,79.0,75.5,18.0,0.0,0.0,45.0,1,46.501,6.6005,8500.0,450.0,0.0,10,4.5,45.0,8498.7,-12.3,8500.0,False,False,False,False,False,False,False,False,False,False,False,True,True,True,True,False,True,False,False,False,False,False,False,False
380882,STATE_ARMED,11.8,0.0,89.0,0.0,0.0,0.0,4.5,0.5,0.5,5.0,13.0,46.0,79.0,75.5,18.0,0.0,0.0,45.0,1,46.501,6.6005,8500.0,450.0,0.0,10,4.5,45.0,8498.7,-12.3,8500.0,False,False,False,False,False,False,False,False,False,False,False,True,True,True,True,False,True,False,False,False,False,False,False,False
381383,STATE_ARMED,11.8,0.0,89.0,0.0,0.0,0.0,4.5,0.5,0.5,5.0,13.0,46.0,79.0,75.5,18.0,0.0,0.0,45.0,1,46.501,6.6005,8500.0,450.0,0.0,10,4.5,45.0,8498.7,-12.3,8500.0,False,False,False,False,False,False,False,False,False,False,False,True,True,True,True,False,True,False,False,False,False,False,False,False
381885,STATE_ARMED,11.8,0.0,89.0,0.0,0.0,0.0,4.5,0.5,0.5,5.0,13.0,46.0,79.0,75.5,18.0,0.0,0.0,45.0,1,46.501,6.6005,8500.0,450.0,0.0,10,4.5,45.0,8498.7,-12.3,8500.0,False,False,False,False,False,False,False,False,False,False,False,True,True,True,True,False,True,False,False,False,False,False,False,False
382386,STATE_ARMED,11.8,0.0,89.0,0.0,0.0,0.0,4.5,0.5,0.5,5.0,13.0,46.0,79.0,75.5,18.0,0.0,0.0,45.0,1,46.501,6.6005,8500.0,450.0,0.0,10,4.5,45.0,8498.7,-12.3,8500.0,False,False,False,False,False,False,False,False,False,False,False,True,True,True,True,False,True,False,False,False,False,False,False,False
382888,STATE_ARMED,11.8,0.0,89.0,0.0,0.0,0.0,4.5,0.5,0.5,5.0,13.0,46.0,79.0,75.5,18.0,0.0,0.0,45.0,1,46.501,6.6005,8500.0,450.0,0.0,10,4.5,45.0,8498.7,-12.3,8500.0,False,False,False,False,False,False,False,False,False,False,False,True,True,True,True,False,True,False,False,False,False,False,False,False
383391,STATE_ARMED,11.8,0.0,89.0,0.0,0.0,0.0,4.5,0.5,0.5,5.0,13.0,46.0,79.0,75.5,18.0,0.0,0.0,45.0,1,46.501,6.6005,8500.0,450.0,0.0,10,4.5,45.0,8498.7,-12.3,8500.0,False,False,False,False,False,False,False,False,False,False,False,True,True,True,True,False,True,False,False,False,False,False,False,False
383892,STATE_ARMED,11.8,0.0,89.0,0.0,0.0,0.0,4.5,0.5,0.5,5.0,13.0,46.0,79.0,75.5,18.0,0.0,0.0,45.0,1,46.501,6.6005,8500.0,450.0,0.0,10,4.5,45.0,8498.7,-12.3,8500.0,False,False,False,False,False,False,False,False,False,False,False,True,True,True,True,False,True,False,False,False,False,False,False,False
384394,STATE_ARMED,11.8,0.0,89.0,0.0,0.0,0.0,4.5,0.5,0.5,5.0,13.0,46.0,79.0,75.5,18.0,0.0,0.0,45.0,1,46.501,6.6005,8500.0,450.0,0.0,10,4.5,45.0,8498.7,-12.3,8500.0,False,False,False,False,False,False,False,False,False,False,False,True,True,True,True,False,True,False,False,False,False,False,False,False
384896,STATE_ARMED,11.8,0.0,89.0,0.0,0.0,0.0,4.5,0.5,0.5,5.0,13.0,46.0,79.0,75.5,18.0,0.0,0.0,45.0,1,46.501,6.6005,8500.0,450.0,0.0,10,4.5,45.0,8498.7,-12.3,8500.0,False,False,False,False,False,False,False,False,False,False,False,True,True,True,True,False,True,False,False,False,False,False,False,False
385400,STATE_ARMED,11.8,0.0,89.0,0.0,0.0,0.0,4.5,0.5,0.5,5.0,13.0,46.0,79.0,75.5,18.0,0.0,0.0,45.0,1,46.501,6.6005,8500.0,450.0,0.0,10,4.5,45.0,8498.7,-12.3,8500.0,False,False,False,False,False,False,False,False,False,False,False,True,True,True,True,False,True,False,False,False,False,False,False,False
385901,STATE_ARMED,11.8,0.0,89.0,0.0,0.0,0.0,4.5,0.5,0.5,5.0,13.0,46.0,79.0,75.5,18.0,0.0,0.0,45.0,1,46.501,6.6005,8500.0,450.0,0.0,10,4.5,45.0,8498.7,-12.3,8500.0,False,False,False,False,False,False,False,False,False,False,False,True,True,True,True,False,True,False,False,False,False,False,False,False
386403,STATE_ARMED,11.8,0.0,89.0,0.0,0.0,0.0,4.5,0.5,0.5,5.0,13.0,46.0,79.0,75.5,18.0,0.0,0.0,45.0,1,46.501,6.6005,8500.0,450.0,0.0,10,4.5,45.0,8498.7,-12.3,8500.0,False,False,False,False,False,False,False,False,False,False,False,True,True,True,True,False,True,False,False,False,False,False,False,False
386904,STATE_ARMED,11.8,0.0,89.0,0.0,0.0,0.0,4.5,0.5,0.5,5.0,13.0,46.0,79.0,75.5,18.0,0.0,0.0,45.0,1,46.501,6.6005,8500.0,450.0,0.0,10,4.5,45.0,8498.7,-12.3,8500.0,False,False,False,False,False,False,False,False,False,False,False,True,True,True,True,False,True,False,False,False,False,False,False,False
387408,STATE_ARMED,11.8,0.0,89.0,0.0,0.0,0.0,4.5,0.5,0.5,5.0,13.0,46.0,79.0,75.5,18.0,0.0,0.0,45.0,1,46.501,6.6005,8500.0,450.0,0.0,10,4.5,45.0,8498.7,-12.3,8500.0,False,False,False,False,False,False,False,False,False,False,False,True,True,True,True,False,True,False,False,False,False,False,False,False
387910,STATE_ARMED,11.8,0.0,89.0,0.0,0.0,0.0,4.5,0.5,0.5,5.0,13.0,46.0,79.0,75.5,18.0,0.0,0.0,45.0,1,46.501,6.6005,8500.0,450.0,0.0,10,4.5,45.0,8498.7,-12.3,8500.0,False,False,False,False,False,False,False,False,False,False,False,True,True,True,True,False,True,False,False,False,False,False,False,False
388412,STATE_ARMED,11.8,0.0,89.0,0.0,0.0,0.0,4.5,0.5,0.5,5.0,13.0,46.0,79.0,75.5,18.0,0.0,0.0,45.0,1,46.501,6.6005,8500.0,450.0,0.0,10,4.5,45.0,8498.7,-12.3,8500.0,False,False,False,False,False,False,False,False,False,False,False,True,True,True,True,False,True,False,False,False,False,False,False,False
388914,STATE_ARMED,11.8,0.0,89.0,0.0,0.0,0.0,4.5,0.5,0.5,5.0,13.0,46.0,79.0,75.5,18.0,0.0,0.0,45.0,1,46.501,6.6005,8500.0,450.0,0.0,10,4.5,45.0,8498.7,-12.3,8500.0,False,False,False,False,False,False,False,False,False,False,False,True,True,True,True,False,True,False,False,False,False,False,False,False
389417,STATE_ARMED,11.8,0.0,89.0,0.0,0.0,0.0,4.5,0.5,0.5,5.0,13.0,46.0,79.0,75.5,18.0,0.0,0.0,45.0,1,46.501,6.6005,8500.0,450.0,0.0,10,4.5,45.0,8498.7,-12.3,8500.0,False,False,False,False,False,False,False,False,False,False,False,True,True,True,True,False,True,False,False,False,False,False,False,False
389919,STATE_ARMED,11.8,0.0,89.0,0.0,0.0,0.0,4.5,0.5,0.5,5.0,13.0,46.0,79.0,75.5,18.0,0.0,0.0,45.0,1,46.501,6.6005,8500.0,450.0,0.0,10,4.5,45.0,8498.7,-12.3,8500.0,False,False,False,False,False,False,False,False,False,False,False,True,True,True,True,False,True,False,False,False,False,False,False,False
390421,STATE_ARMED,11.8,0.0,89.0,0.0,0.0,0.0,4.5,0.5,0.5,5.0,13.0,46.0,79.0,75.5,18.0,0.0,0.0,45.0,1,46.501,6.6005,8500.0,450.0,0.0,10,4.5,45.0,8498.7,-12.3,8500.0,False,False,False,False,False,False,False,False,False,False,False,True,True,True,True,False,True,False,False,False,False,False,False,False
390924,STATE_ARMED,11.8,0.0,89.0,0.0,0.0,0.0,4.5,0.5,0.5,5.0,13.0,46.0,79.0,75.5,18.0,0.0,0.0,45.0,1,46.501,6.6005,8500.0,450.0,0.0,10,4.5,45.0,8498.7,-12.3,8500.0,False,False,False,False,False,False,False,False,False,False,False,True,True,True,True,False,True,False,False,False,False,False,False,False
391426,STATE_ARMED,11.8,0.0,89.0,0.0,0.0,0.0,4.5,0.5,0.5,5.0,13.0,46.0,79.0,75.5,18.0,0.0,0.0,45.0,1,46.501,6.6005,8500.0,450.0,0.0,10,4.5,45.0,8498.7,-12.3,8500.0,False,False,False,False,False,False,False,False,False,False,False,True,True,True,True,False,True,False,False,False,False,False,False,False
391927,STATE_ARMED,11.8,0.0,89.0,0.0,0.0,0.0,4.5,0.5,0.5,5.0,13.0,46.0,79.0,75.5,18.0,0.0,0.0,45.0,1,46.501,6.6005,8500.0,450.0,0.0,10,4.5,45.0,8498.7,-12.3,8500.0,False,False,False,False,False,False,False,False,False,False,False,True,True,True,True,False,True,False,False,False,False,False,False,False
392429,STATE_ARMED,11.8,0.0,89.0,0.0,0.0,0.0,4.5,0.5,0.5,5.0,13.0,46.0,79.0,75.5,18.0,0.0,0.0,45.0,1,46.501,6.6005,8500.0,450.0,0.0,10,4.5,45.0,8498.7,-12.3,8500.0,False,False,False,False,False,False,False,False,False,False,False,True,True,True,True,False,True,False,False,False,False,False,False,False
392932,STATE_ARMED,11.8,0.0,89.0,0.0,0.0,0.0,4.5,0.5,0.5,5.0,13.0,46.0,79.0,75.5,18.0,0.0,0.0,45.0,1,46.501,6.6005,8500.0,450.0,0.0,10,4.5,45.0,8498.7,-12.3,8500.0,False,False,False,False,False,False,False,False,False,False,False,True,True,True,True,False,True,False,False,False,False,False,False,False
393435,STATE_ARMED,11.8,0.0,89.0,0.0,0.0,0.0,4.5,0.5,0.5,5.0,13.0,46.0,79.0,75.5,18.0,0.0,0.0,45.0,1,46.501,6.6005,8500.0,450.0,0.0,10,4.5,45.0,8498.7,-12.3,8500.0,False,False,False,False,False,False,False,False,False,False,False,True,True,True,True,False,True,False,False,False,False,False,False,False
393937,STATE_ARMED,11.8,0.0,89.0,0.0,0.0,0.0,4.5,0.5,0.5,5.0,13.0,46.0,79.0,75.5,18.0,0.0,0.0,45.0,1,46.501,6.6005,8500.0,450.0,0.0,10,4.5,45.0,8498.7,-12.3,8500.0,False,False,False,False,False,False,False,False,False,False,False,True,True,True,True,False,True,False,False,False,False,False,False,False
394438,STATE_ARMED,11.8,0.0,89.0,0.0,0.0,0.0,4.5,0.5,0.5,5.0,13.0,46.0,79.0,75.5,18.0,0.0,0.0,45.0,1,46.501,6.6005,8500.0,450.0,0.0,10,4.5,45.0,8498.7,-12.3,8500.0,False,False,False,False,False,False,False,False,False,False,False,True,True,True,True,False,True,False,False,False,False,False,False,False
394940,STATE_ARMED,11.8,0.0,89.0,0.0,0.0,0.0,4.5,0.5,0.5,5.0,13.0,46.0,79.0,75.5,18.0,0.0,0.0,45.0,1,46.501,6.6005,8500.0,450.0,0.0,10,4.5,45.0,8498.7,-12.3,8500.0,False,False,False,False,False,False,False,False,False,False,False,True,True,True,True,False,True,False,False,False,False,False,False,False
395441,STATE_ARMED,11.8,0.0,89.0,0.0,0.0,0.0,4.5,0.5,0.5,5.0,13.0,46.0,79.0,75.5,18.0,0.0,0.0,45.0,1,46.501,6.6005,8500.0,450.0,0.0,10,4.5,45.0,8498.7,-12.3,8500.0,False,False,False,False,False,False,False,False,False,False,False,True,True,True,True,False,True,False,False,False,False,False,False,False
395943,STATE_ARMED,11.8,0.0,89.0,0.0,0.0,0.0,4.5,0.5,0.5,5.0,13.0,46.0,79.0,75.5,18.0,0.0,0.0,45.0,1,46.501,6.6005,8500.0,450.0,0.0,10,4.5,45.0,8498.7,-12.3,8500.0,False,False,False,False,False,False,False,False,False,False,False,True,True,True,True,False,True,False,False,False,False,False,False,False
396445,STATE_ARMED,11.8,0.0,89.0,0.0,0.0,0.0,4.5,0.5,0.5,5.0,13.0,46.0,79.0,75.5,18.0,0.0,0.0,45.0,1,46.501,6.6005,8500.0,450.0,0.0,10,4.5,45.0,8498.7,-12.3,8500.0,False,False,False,False,False,False,False,False,False,False,False,True,True,True,True,False,True,False,False,False,False,False,False,False
396947,STATE_ARMED,11.8,0.0,89.0,0.0,0.0,0.0,4.5,0.5,0.5,5.0,13.0,46.0,79.0,75.5,18.0,0.0,0.0,45.0,1,46.501,6.6005,8500.0,450.0,0.0,10,4.5,45.0,8498.7,-12.3,8500.0,False,False,False,False,False,False,False,False,False,False,False,True,True,True,True,False,True,False,False,False,False,False,False,False
397448,STATE_ARMED,11.8,0.0,89.0,0.0,0.0,0.0,4.5,0.5,0.5,5.0,13.0,46.0,79.0,75.5,18.0,0.0,0.0,45.0,1,46.501,6.6005,8500.0,450.0,0.0,10,4.5,45.0,8498.7,-12.3,8500.0,False,False,False,False,False,False,False,False,False,False,False,True,True,True,True,False,True,False,False,False,False,False,False,False
397951,STATE_ARMED,11.8,0.0,89.0,0.0,0.0,0.0,4.5,0.5,0.5,5.0,13.0,46.0,79.0,75.5,18.0,0.0,0.0,45.0,1,46.501,6.6005,8500.0,450.0,0.0,10,4.5,45.0,8498.7,-12.3,8500.0,False,False,False,False,False,False,False,False,False,False,False,True,True,True,True,False,True,False,False,False,False,False,False,False
398452,STATE_ARMED,11.8,0.0,89.0,0.0,0.0,0.0,4.5,0.5,0.5,5.0,13.0,46.0,79.0,75.5,18.0,0.0,0.0,45.0,1,46.501,6.6005,8500.0,450.0,0.0,10,4.5,45.0,8498.7,-12.3,8500.0,False,False,False,False,False,False,False,False,False,False,False,True,True,True,True,False,True,False,False,False,False,False,False,False
398954,STATE_ARMED,11.8,0.0,89.0,0.0,0.0,0.0,4.5,0.5,0.5,5.0,13.0,46.0,79.0,75.5,18.0,0.0,0.0,45.0,1,46.501,6.6005,8500.0,450.0,0.0,10,4.5,45.0,8498.7,-12.3,8500.0,False,False,False,False,False,False,False,False,False,False,False,True,True,True,True,False,True,False,False,False,False,False,False,False
399456,STATE_ARMED,11.8,0.0,89.0,0.0,0.0,0.0,4.5,0.5,0.5,5.0,13.0,46.0,79.0,75.5,18.0,0.0,0.0,45.0,1,46.501,6.6005,8500.0,450.0,0.0,10,4.5,45.0,8498.7,-12.3,8500.0,False,False,False,False,False,False,False,False,False,False,False,True,True,True,True,False,True,False,False,False,False,False,False,False
399958,STATE_ARMED,11.8,0.0,89.0,0.0,0.0,0.0,4.5,0.5,0.5,5.0,13.0,46.0,79.0,75.5,18.0,0.0,0.0,45.0,1,46.501,6.6005,8500.0,450.0,0.0,10,4.5,45.0,8498.7,-12.3,8500.0,False,False,False,False,False,False,False,False,False,False,False,True,True,True,True,False,True,False,False,False,False,False,False,False
400461,STATE_ARMED,11.8,0.0,89.0,0.0,0.0,0.0,4.5,0.5,0.5,5.0,13.0,46.0,79.0,75.5,18.0,0.0,0.0,45.0,1,46.501,6.6005,8500.0,450.0,0.0,10,4.5,45.0,8498.7,-12.3,8500.0,False,False,False,False,False,False,False,False,False,False,False,True,True,True,True,False,True,False,False,False,False,False,False,False
400963,STATE_ARMED,11.8,0.0,89.0,0.0,0.0,0.0,4.5,0.5,0.5,5.0,13.0,46.0,79.0,75.5,18.0,0.0,0.0,45.0,1,46.501,6.6005,8500.0,450.0,0.0,10,4.5,45.0,8498.7,-12.3,8500.0,False,False,False,False,False,False,False,False,False,False,False,True,True,True,True,False,True,False,False,False,False,False,False,False
401465,STATE_ARMED,11.8,0.0,89.0,0.0,0.0,0.0,4.5,0.5,0.5,5.0,13.0,46.0,79.0,75.5,18.0,0.0,0.0,45.0,1,46.501,6.6005,8500.0,450.0,0.0,10,4.5,45.0,8498.7,-12.3,8500.0,False,False,False,False,False,False,False,False,False,False,False,True,True,True,True,False,True,False,False,False,False,False,False,False
401967,STATE_ARMED,11.8,0.0,89.0,0.0,0.0,0.0,4.5,0.5,0.5,5.0,13.0,46.0,79.0,75.5,18.0,0.0,0.0,45.0,1,46.501,6.6005,8500.0,450.0,0.0,10,4.5,45.0,8498.7,-12.3,8500.0,False,False,False,False,False,False,False,False,False,False,False,True,True,True,True,False,True,False,False,False,False,False,False,False
402469,STATE_ARMED,11.8,0.0,89.0,0.0,0.0,0.0,4.5,0.5,0.5,5.0,13.0,46.0,79.0,75.5,18.0,0.0,0.0,45.0,1,46.501,6.6005,8500.0,450.0,0.0,10,4.5,45.0,8498.7,-12.3,8500.0,False,False,False,False,False,False,False,False,False,False,False,True,True,True,True,False,True,False,False,False,False,False,False,False
402970,STATE_ARMED,11.8,0.0,89.0,0.0,0.0,0.0,4.5,0.5,0.5,5.0,13.0,46.0,79.0,75.5,18.0,0.0,0.0,45.0,1,46.501,6.6005,8500.0,450.0,0.0,10,4.5,45.0,8498.7,-12.3,8500.0,False,False,False,False,False,False,False,False,False,False,False,True,True,True,True,False,True,False,False,False,False,False,False,False
403472,STATE_ARMED,11.8,0.0,89.0,0.0,0.0,0.0,4.5,0.5,0.5,5.0,13.0,46.0,79.0,75.5,18.0,0.0,0.0,45.0,1,46.501,6.6005,8500.0,450.0,0.0,10,4.5,45.0,8498.7,-12.3,8500.0,False,False,False,False,False,False,False,False,False,False,False,True,True,True,True,False,True,False,False,False,False,False,False,False
403974,STATE_ARMED,11.8,0.0,89.0,0.0,0.0,0.0,4.5,0.5,0.5,5.0,13.0,46.0,79.0,75.5,18.0,0.0,0.0,45.0,1,46.501,6.6005,8500.0,450.0,0.0,10,4.5,45.0,8498.7,-12.3,8500.0,False,False,False,False,False,False,False,False,False,False,False,True,True,True,True,False,True,False,False,False,False,False,False,False
404476,STATE_ARMED,11.8,0.0,89.0,0.0,0.0,0.0,4.5,0.5,0.5,5.0,13.0,46.0,79.0,75.5,18.0,0.0,0.0,45.0,1,46.501,6.6005,8500.0,450.0,0.0,10,4.5,45.0,8498.7,-12.3,8500.0,False,False,False,False,False,False,False,False,False,False,False,True,True,True,True,False,True,False,False,False,False,False,False,False
404979,STATE_ARMED,11.8,0.0,89.0,0.0,0.0,0.0,4.5,0.5,0.5,5.0,13.0,46.0,79.0,75.5,18.0,0.0,0.0,45.0,1,46.501,6.6005,8500.0,450.0,0.0,10,4.5,45.0,8498.7,-12.3,8500.0,False,False,False,False,False,False,False,False,False,False,False,True,True,True,True,False,True,False,False,False,False,False,False,False
405481,STATE_ARMED,11.8,0.0,89.0,0.0,0.0,0.0,4.5,0.5,0.5,5.0,13.0,46.0,79.0,75.5,18.0,0.0,0.0,45.0,1,46.501,6.6005,8500.0,450.0,0.0,10,4.5,45.0,8498.7,-12.3,8500.0,False,False,False,False,False,False,False,False,False,False,False,True,True,True,True,False,True,False,False,False,False,False,False,False
405982,STATE_ARMED,11.8,0.0,89.0,0.0,0.0,0.0,4.5,0.5,0.5,5.0,13.0,46.0,79.0,75.5,18.0,0.0,0.0,45.0,1,46.501,6.6005,8500.0,450.0,0.0,10,4.5,45.0,8498.7,-12.3,8500.0,False,False,False,False,False,False,False,False,False,False,False,True,True,True,True,False,True,False,False,False,False,False,False,False
406484,STATE_ARMED,11.8,0.0,89.0,0.0,0.0,0.0,4.5,0.5,0.5,5.0,13.0,46.0,79.0,75.5,18.0,0.0,0.0,45.0,1,46.501,6.6005,8500.0,450.0,0.0,10,4.5,45.0,8498.7,-12.3,8500.0,False,False,False,False,False,False,False,False,False,False,False,True,True,True,True,False,True,False,False,False,False,False,False,False
406986,STATE_ARMED,11.8,0.0,89.0,0.0,0.0,0.0,4.5,0.5,0.5,5.0,13.0,46.0,79.0,75.5,18.0,0.0,0.0,45.0,1,46.501,6.6005,8500.0,450.0,0.0,10,4.5,45.0,8498.7,-12.3,8500.0,False,False,False,False,False,False,False,False,False,False,False,True,True,True,True,False,True,False,False,False,False,False,False,False
407488,STATE_ARMED,11.8,0.0,89.0,0.0,0.0,0.0,4.5,0.5,0.5,5.0,13.0,46.0,79.0,75.5,18.0,0.0,0.0,45.0,1,46.501,6.6005,8500.0,450.0,0.0,10,4.5,45.0,8498.7,-12.3,8500.0,False,False,False,False,False,False,False,False,False,False,False,True,True,True,True,False,True,False,False,False,False,False,False,False
407989,STATE_ARMED,11.8,0.0,89.0,0.0,0.0,0.0,4.5,0.5,0.5,5.0,13.0,46.0,79.0,75.5,18.0,0.0,0.0,45.0,1,46.501,6.6005,8500.0,450.0,0.0,10,4.5,45.0,8498.7,-12.3,8500.0,False,False,False,False,False,False,False,False,False,False,False,True,True,True,True,False,True,False,False,False,False,False,False,False
408491,STATE_ARMED,11.8,0.0,89.0,0.0,0.0,0.0,4.5,0.5,0.5,5.0,13.0,46.0,79.0,75.5,18.0,0.0,0.0,45.0,1,46.501,6.6005,8500.0,450.0,0.0,10,4.5,45.0,8498.7,-12.3,8500.0,False,False,False,False,False,False,False,False,False,False,False,True,True,True,True,False,True,False,False,False,False,False,False,False
408992,STATE_ARMED,11.8,0.0,89.0,0.0,0.0,0.0,4.5,0.5,0.5,5.0,13.0,46.0,79.0,75.5,18.0,0.0,0.0,45.0,1,46.501,6.6005,8500.0,450.0,0.0,10,4.5,45.0,8498.7,-12.3,8500.0,False,False,False,False,False,False,False,False,False,False,False,True,True,True,True,False,True,False,False,False,False,False,False,False
409496,STATE_ARMED,11.8,0.0,89.0,0.0,0.0,0.0,4.5,0.5,0.5,5.0,13.0,46.0,79.0,75.5,18.0,0.0,0.0,45.0,1,46.501,6.6005,8500.0,450.0,0.0,10,4.5,45.0,8498.7,-12.3,8500.0,False,False,False,False,False,False,False,False,False,False,False,True,True,True,True,False,True,False,False,False,False,False,False,False
409997,STATE_ARMED,11.8,0.0,89.0,0.0,0.0,0.0,4.5,0.5,0.5,5.0,13.0,46.0,79.0,75.5,18.0,0.0,0.0,45.0,1,46.501,6.6005,8500.0,450.0,0.0,10,4.5,45.0,8498.7,-12.3,8500.0,False,False,False,False,False,False,False,False,False,False,False,True,True,True,True,False,True,False,False,False,False,False,False,False
410499,STATE_ARMED,11.8,0.0,89.0,0.0,0.0,0.0,4.5,0.5,0.5,5.0,13.0,46.0,79.0,75.5,18.0,0.0,0.0,45.0,1,46.501,6.6005,8500.0,450.0,0.0,10,4.5,45.0,8498.7,-12.3,8500.0,False,False,False,False,False,False,False,False,False,False,False,True,True,True,True,False,True,False,False,False,False,False,False,False
411000,STATE_ARMED,11.8,0.0,89.0,0.0,0.0,0.0,4.5,0.5,0.5,5.0,13.0,46.0,79.0,75.5,18.0,0.0,0.0,45.0,1,46.501,6.6005,8500.0,450.0,0.0,10,4.5,45.0,8498.7,-12.3,8500.0,False,False,False,False,False,False,False,False,False,False,False,True,True,True,True,False,True,False,False,False,False,False,False,False
411502,STATE_ARMED,11.8,0.0,89.0,0.0,0.0,0.0,4.5,0.5,0.5,5.0,13.0,46.0,79.0,75.5,18.0,0.0,0.0,45.0,1,46.501,6.6005,8500.0,450.0,0.0,10,4.5,45.0,8498.7,-12.3,8500.0,False,False,False,False,False,False,False,False,False,False,False,True,True,True,True,False,True,False,False,False,False,False,False,False
412004,STATE_ARMED,11.8,0.0,89.0,0.0,0.0,0.0,4.5,0.5,0.5,5.0,13.0,46.0,79.0,75.5,18.0,0.0,0.0,45.0,1,46.501,6.6005,8500.0,450.0,0.0,10,4.5,45.0,8498.7,-12.3,8500.0,False,False,False,False,False,False,False,False,False,False,False,True,True,True,True,False,True,False,False,False,False,False,False,False
412505,STATE_ARMED,11.8,0.0,89.0,0.0,0.0,0.0,4.5,0.5,0.5,5.0,13.0,46.0,79.0,75.5,18.0,0.0,0.0,45.0,1,46.501,6.6005,8500.0,450.0,0.0,10,4.5,45.0,8498.7,-12.3,8500.0,False,False,False,False,False,False,False,False,False,False,False,True,True,True,True,False,True,False,False,False,False,False,False,False
413007,STATE_ARMED,11.8,0.0,89.0,0.0,0.0,0.0,4.5,0.5,0.5,5.0,13.0,46.0,79.0,75.5,18.0,0.0,0.0,45.0,1,46.501,6.6005,8500.0,450.0,0.0,10,4.5,45.0,8498.7,-12.3,8500.0,False,False,False,False,False,False,False,False,False,False,False,True,True,True,True,False,True,False,False,False,False,False,False,False
413508,STATE_ARMED,11.8,0.0,89.0,0.0,0.0,0.0,4.5,0.5,0.5,5.0,13.0,46.0,79.0,75.5,18.0,0.0,0.0,45.0,1,46.501,6.6005,8500.0,450.0,0.0,10,4.5,45.0,8498.7,-12.3,8500.0,False,False,False,False,False,False,False,False,False,False,False,True,True,True,True,False,True,False,False,False,False,False,False,False
414010,STATE_ARMED,11.8,0.0,89.0,0.0,0.0,0.0,4.5,0.5,0.5,5.0,13.0,46.0,79.0,75.5,18.0,0.0,0.0,45.0,1,46.501,6.6005,8500.0,450.0,0.0,10,4.5,45.0,8498.7,-12.3,8500.0,False,False,False,False,False,False,False,False,False,False,False,True,True,True,True,False,True,False,False,False,False,False,False,False
414511,STATE_ARMED,11.8,0.0,89.0,0.0,0.0,0.0,4.5,0.5,0.5,5.0,13.0,46.0,79.0,75.5,18.0,0.0,0.0,45.0,1,46.501,6.6005,8500.0,450.0,0.0,10,4.5,45.0,8498.7,-12.3,8500.0,False,False,False,False,False,False,False,False,False,False,False,True,True,True,True,False,True,False,False,False,False,False,False,False
415013,STATE_ARMED,11.8,0.0,89.0,0.0,0.0,0.0,4.5,0.5,0.5,5.0,13.0,46.0,79.0,75.5,18.0,0.0,0.0,45.0,1,46.501,6.6005,8500.0,450.0,0.0,10,4.5,45.0,8498.7,-12.3,8500.0,False,False,False,False,False,False,False,False,False,False,False,True,True,True,True,False,True,False,False,False,False,False,False,False
415514,STATE_ARMED,11.8,0.0,89.0,0.0,0.0,0.0,4.5,0.5,0.5,5.0,13.0,46.0,79.0,75.5,18.0,0.0,0.0,45.0,1,46.501,6.6005,8500.0,450.0,0.0,10,4.5,45.0,8498.7,-12.3,8500.0,False,False,False,False,False,False,False,False,False,False,False,True,True,True,True,False,True,False,False,False,False,False,False,False
416016,STATE_ARMED,11.8,0.0,89.0,0.0,0.0,0.0,4.5,0.5,0.5,5.0,13.0,46.0,79.0,75.5,18.0,0.0,0.0,45.0,1,46.501,6.6005,8500.0,450.0,0.0,10,4.5,45.0,8498.7,-12.3,8500.0,False,False,False,False,False,False,False,False,False,False,False,True,True,True,True,False,True,False,False,False,False,False,False,False
416518,STATE_ARMED,11.8,0.0,89.0,0.0,0.0,0.0,4.5,0.5,0.5,5.0,13.0,46.0,79.0,75.5,18.0,0.0,0.0,45.0,1,46.501,6.6005,8500.0,450.0,0.0,10,4.5,45.0,8498.7,-12.3,8500.0,False,False,False,False,False,False,False,False,False,False,False,True,True,True,True,False,True,False,False,False,False,False,False,False
417020,STATE_ARMED,11.8,0.0,89.0,0.0,0.0,0.0,4.5,0.5,0.5,5.0,13.0,46.0,79.0,75.5,18.0,0.0,0.0,45.0,1,46.501,6.6005,8500.0,450.0,0.0,10,4.5,45.0,8498.7,-12.3,8500.0,False,False,False,False,False,False,False,False,False,False,False,True,True,True,True,False,True,False,False,False,False,False,False,False
417522,STATE_ARMED,11.8,0.0,89.0,0.0,0.0,0.0,4.5,0.5,0.5,5.0,13.0,46.0,79.0,75.5,18.0,0.0,0.0,45.0,1,46.501,6.6005,8500.0,450.0,0.0,10,4.5,45.0,8498.7,-12.3,8500.0,False,False,False,False,False,False,False,False,False,False,False,True,True,True,True,False,True,False,False,False,False,False,False,False
418023,STATE_ARMED,11.8,0.0,89.0,0.0,0.0,0.0,4.5,0.5,0.5,5.0,13.0,46.0,79.0,75.5,18.0,0.0,0.0,45.0,1,46.501,6.6005,8500.0,450.0,0.0,10,4.5,45.0,8498.7,-12.3,8500.0,False,False,False,False,False,False,False,False,False,False,False,True,True,True,True,False,True,False,False,False,False,False,False,False
418525,STATE_ARMED,11.8,0.0,89.0,0.0,0.0,0.0,4.5,0.5,0.5,5.0,13.0,46.0,79.0,75.5,18.0,0.0,0.0,45.0,1,46.501,6.6005,8500.0,450.0,0.0,10,4.5,45.0,8498.7,-12.3,8500.0,False,False,False,False,False,False,False,False,False,False,False,True,True,True,True,False,True,False,False,False,False,False,False,False
419026,STATE_ARMED,11.8,0.0,89.0,0.0,0.0,0.0,4.5,0.5,0.5,5.0,13.0,46.0,79.0,75.5,18.0,0.0,0.0,45.0,1,46.501,6.6005,8500.0,450.0,0.0,10,4.5,45.0,8498.7,-12.3,8500.0,False,False,False,False,False,False,False,False,False,False,False,True,True,True,True,False,True,False,False,False,False,False,False,False
419527,STATE_ARMED,11.8,0.0,89.0,0.0,0.0,0.0,4.5,0.5,0.5,5.0,13.0,46.0,79.0,75.5,18.0,0.0,0.0,45.0,1,46.501,6.6005,8500.0,450.0,0.0,10,4.5,45.0,8498.7,-12.3,8500.0,False,False,False,False,False,False,False,False,False,False,False,True,True,True,True,False,True,False,False,False,False,False,False,False
420029,STATE_ARMED,11.8,0.0,89.0,0.0,0.0,0.0,4.5,0.5,0.5,5.0,13.0,46.0,79.0,75.5,18.0,0.0,0.0,45.0,1,46.501,6.6005,8500.0,450.0,0.0,10,4.5,45.0,8498.7,-12.3,8500.0,False,False,False,False,False,False,False,False,False,False,False,True,True,True,True,False,True,False,False,False,False,False,False,False
420530,STATE_ARMED,11.8,0.0,89.0,0.0,0.0,0.0,4.5,0.5,0.5,5.0,13.0,46.0,79.0,75.5,18.0,0.0,0.0,45.0,1,46.501,6.6005,8500.0,450.0,0.0,10,4.5,45.0,8498.7,-12.3,8500.0,False,False,False,False,False,False,False,False,False,False,False,True,True,True,True,False,True,False,False,False,False,False,False,False
421032,STATE_ARMED,11.8,0.0,89.0,0.0,0.0,0.0,4.5,0.5,0.5,5.0,13.0,46.0,79.0,75.5,18.0,0.0,0.0,45.0,1,46.501,6.6005,8500.0,450.0,0.0,10,4.5,45.0,8498.7,-12.3,8500.0,False,False,False,False,False,False,False,False,False,False,False,True,True,True,True,False,True,False,False,False,False,False,False,False
421533,STATE_ARMED,11.8,0.0,89.0,0.0,0.0,0.0,4.5,0.5,0.5,5.0,13.0,46.0,79.0,75.5,18.0,0.0,0.0,45.0,1,46.501,6.6005,8500.0,450.0,0.0,10,4.5,45.0,8498.7,-12.3,8500.0,False,False,False,False,False,False,False,False,False,False,False,True,True,True,True,False,True,False,False,False,False,False,False,False
422035,STATE_ARMED,11.8,0.0,89.0,0.0,0.0,0.0,4.5,0.5,0.5,5.0,13.0,46.0,79.0,75.5,18.0,0.0,0.0,45.0,1,46.501,6.6005,8500.0,450.0,0.0,10,4.5,45.0,8498.7,-12.3,8500.0,False,False,False,False,False,False,False,False,False,False,False,True,True,True,True,False,True,False,False,False,False,False,False,False
422536,STATE_ARMED,11.8,0.0,89.0,0.0,0.0,0.0,4.5,0.5,0.5,5.0,13.0,46.0,79.0,75.5,18.0,0.0,0.0,45.0,1,46.501,6.6005,8500.0,450.0,0.0,10,4.5,45.0,8498.7,-12.3,8500.0,False,False,False,False,False,False,False,False,False,False,False,True,True,True,True,False,True,False,False,False,False,False,False,False
423038,STATE_ARMED,11.8,0.0,89.0,0.0,0.0,0.0,4.5,0.5,0.5,5.0,13.0,46.0,79.0,75.5,18.0,0.0,0.0,45.0,1,46.501,6.6005,8500.0,450.0,0.0,10,4.5,45.0,8498.7,-12.3,8500.0,False,False,False,False,False,False,False,False,False,False,False,True,True,True,True,False,True,False,False,False,False,False,False,False
423539,STATE_ARMED,11.8,0.0,89.0,0.0,0.0,0.0,4.5,0.5,0.5,5.0,13.0,46.0,79.0,75.5,18.0,0.0,0.0,45.0,1,46.501,6.6005,8500.0,450.0,0.0,10,4.5,45.0,8498.7,-12.3,8500.0,False,False,False,False,False,False,False,False,False,False,False,True,True,True,True,False,True,False,False,False,False,False,False,False
424041,STATE_ARMED,11.8,0.0,89.0,0.0,0.0,0.0,4.5,0.5,0.5,5.0,13.0,46.0,79.0,75.5,18.0,0.0,0.0,45.0,1,46.501,6.6005,8500.0,450.0,0.0,10,4.5,45.0,8498.7,-12.3,8500.0,False,False,False,False,False,False,False,False,False,False,False,True,True,True,True,False,True,False,False,False,False,False,False,False
424542,STATE_ARMED,11.8,0.0,89.0,0.0,0.0,0.0,4.5,0.5,0.5,5.0,13.0,46.0,79.0,75.5,18.0,0.0,0.0,45.0,1,46.501,6.6005,8500.0,450.0,0.0,10,4.5,45.0,8498.7,-12.3,8500.0,False,False,False,False,False,False,False,False,False,False,False,True,True,True,True,False,True,False,False,False,False,False,False,False
425044,STATE_ARMED,11.8,0.0,89.0,0.0,0.0,0.0,4.5,0.5,0.5,5.0,13.0,46.0,79.0,75.5,18.0,0.0,0.0,45.0,1,46.501,6.6005,8500.0,450.0,0.0,10,4.5,45.0,8498.7,-12.3,8500.0,False,False,False,False,False,False,False,False,False,False,False,True,True,True,True,False,True,False,False,False,False,False,False,False
425545,STATE_ARMED,11.8,0.0,89.0,0.0,0.0,0.0,4.5,0.5,0.5,5.0,13.0,46.0,79.0,75.5,18.0,0.0,0.0,45.0,1,46.501,6.6005,8500.0,450.0,0.0,10,4.5,45.0,8498.7,-12.3,8500.0,False,False,False,False,False,False,False,False,False,False,False,True,True,True,True,False,True,False,False,False,False,False,False,False
426047,STATE_ARMED,11.8,0.0,89.0,0.0,0.0,0.0,4.5,0.5,0.5,5.0,13.0,46.0,79.0,75.5,18.0,0.0,0.0,45.0,1,46.501,6.6005,8500.0,450.0,0.0,10,4.5,45.0,8498.7,-12.3,8500.0,False,False,False,False,False,False,False,False,False,False,False,True,True,True,True,False,True,False,False,False,False,False,False,False
426549,STATE_ARMED,11.8,0.0,89.0,0.0,0.0,0.0,4.5,0.5,0.5,5.0,13.0,46.0,79.0,75.5,18.0,0.0,0.0,45.0,1,46.501,6.6005,8500.0,450.0,0.0,10,4.5,45.0,8498.7,-12.3,8500.0,False,False,False,False,False,False,False,False,False,False,False,True,True,True,True,False,True,False,False,False,False,False,False,False
427050,STATE_ARMED,11.8,0.0,89.0,0.0,0.0,0.0,4.5,0.5,0.5,5.0,13.0,46.0,79.0,75.5,18.0,0.0,0.0,45.0,1,46.501,6.6005,8500.0,450.0,0.0,10,4.5,45.0,8498.7,-12.3,8500.0,False,False,False,False,False,False,False,False,False,False,False,True,True,True,True,False,True,False,False,False,False,False,False,False
427552,STATE_ARMED,11.8,0.0,89.0,0.0,0.0,0.0,4.5,0.5,0.5,5.0,13.0,46.0,79.0,75.5,18.0,0.0,0.0,45.0,1,46.501,6.6005,8500.0,450.0,0.0,10,4.5,45.0,8498.7,-12.3,8500.0,False,False,False,False,False,False,False,False,False,False,False,True,True,True,True,False,True,False,False,False,False,False,False,False
428054,STATE_ARMED,11.8,0.0,89.0,0.0,0.0,0.0,4.5,0.5,0.5,5.0,13.0,46.0,79.0,75.5,18.0,0.0,0.0,45.0,1,46.501,6.6005,8500.0,450.0,0.0,10,4.5,45.0,8498.7,-12.3,8500.0,False,False,False,False,False,False,False,False,False,False,False,True,True,True,True,False,True,False,False,False,False,False,False,False
428557,STATE_ARMED,11.8,0.0,89.0,0.0,0.0,0.0,4.5,0.5,0.5,5.0,13.0,46.0,79.0,75.5,18.0,0.0,0.0,45.0,1,46.501,6.6005,8500.0,450.0,0.0,10,4.5,45.0,8498.7,-12.3,8500.0,False,False,False,False,False,False,False,False,False,False,False,True,True,True,True,False,True,False,False,False,False,False,False,False
429059,STATE_ARMED,11.8,0.0,89.0,0.0,0.0,0.0,4.5,0.5,0.5,5.0,13.0,46.0,79.0,75.5,18.0,0.0,0.0,45.0,1,46.501,6.6005,8500.0,450.0,0.0,10,4.5,45.0,8498.7,-12.3,8500.0,False,False,False,False,False,False,False,False,False,False,False,True,True,True,True,False,True,False,False,False,False,False,False,False
429562,STATE_ARMED,11.8,0.0,89.0,0.0,0.0,0.0,4.5,0.5,0.5,5.0,13.0,46.0,79.0,75.5,18.0,0.0,0.0,45.0,1,46.501,6.6005,8500.0,450.0,0.0,10,4.5,45.0,8498.7,-12.3,8500.0,False,False,False,False,False,False,False,False,False,False,False,True,True,True,True,False,True,False,False,False,False,False,False,False
430064,STATE_ARMED,11.8,0.0,89.0,0.0,0.0,0.0,4.5,0.5,0.5,5.0,13.0,46.0,79.0,75.5,18.0,0.0,0.0,45.0,1,46.501,6.6005,8500.0,450.0,0.0,10,4.5,45.0,8498.7,-12.3,8500.0,False,False,False,False,False,False,False,False,False,False,False,True,True,True,True,False,True,False,False,False,False,False,False,False
430567,STATE_ARMED,11.8,0.0,89.0,0.0,0.0,0.0,4.5,0.5,0.5,5.0,13.0,46.0,79.0,75.5,18.0,0.0,0.0,45.0,1,46.501,6.6005,8500.0,450.0,0.0,10,4.5,45.0,8498.7,-12.3,8500.0,False,False,False,False,False,False,False,False,False,False,False,True,True,True,True,False,True,False,False,False,False,False,False,False
431069,STATE_ARMED,11.8,0.0,89.0,0.0,0.0,0.0,4.5,0.5,0.5,5.0,13.0,46.0,79.0,75.5,18.0,0.0,0.0,45.0,1,46.501,6.6005,8500.0,450.0,0.0,10,4.5,45.0,8498.7,-12.3,8500.0,False,False,False,False,False,False,False,False,False,False,False,True,True,True,True,False,True,False,False,False,False,False,False,False
431570,STATE_ARMED,11.8,0.0,89.0,0.0,0.0,0.0,4.5,0.5,0.5,5.0,13.0,46.0,79.0,75.5,18.0,0.0,0.0,45.0,1,46.501,6.6005,8500.0,450.0,0.0,10,4.5,45.0,8498.7,-12.3,8500.0,False,False,False,False,False,False,False,False,False,False,False,True,True,True,True,False,True,False,False,False,False,False,False,False
432072,STATE_ARMED,11.8,0.0,89.0,0.0,0.0,0.0,4.5,0.5,0.5,5.0,13.0,46.0,79.0,75.5,18.0,0.0,0.0,45.0,1,46.501,6.6005,8500.0,450.0,0.0,10,4.5,45.0,8498.7,-12.3,8500.0,False,False,False,False,False,False,False,False,False,False,False,True,True,True,True,False,True,False,False,False,False,False,False,False
432573,STATE_ARMED,11.8,0.0,89.0,0.0,0.0,0.0,4.5,0.5,0.5,5.0,13.0,46.0,79.0,75.5,18.0,0.0,0.0,45.0,1,46.501,6.6005,8500.0,450.0,0.0,10,4.5,45.0,8498.7,-12.3,8500.0,False,False,False,False,False,False,False,False,False,False,False,True,True,True,True,False,True,False,False,False,False,False,False,False
433075,STATE_ARMED,11.8,0.0,89.0,0.0,0.0,0.0,4.5,0.5,0.5,5.0,13.0,46.0,79.0,75.5,18.0,0.0,0.0,45.0,1,46.501,6.6005,8500.0,450.0,0.0,10,4.5,45.0,8498.7,-12.3,8500.0,False,False,False,False,False,False,False,False,False,False,False,True,True,True,True,False,True,False,False,False,False,False,False,False
433576,STATE_ARMED,11.8,0.0,89.0,0.0,0.0,0.0,4.5,0.5,0.5,5.0,13.0,46.0,79.0,75.5,18.0,0.0,0.0,45.0,1,46.501,6.6005,8500.0,450.0,0.0,10,4.5,45.0,8498.7,-12.3,8500.0,False,False,False,False,False,False,False,False,False,False,False,True,True,True,True,False,True,False,False,False,False,False,False,False
434077,STATE_ARMED,11.8,0.0,89.0,0.0,0.0,0.0,4.5,0.5,0.5,5.0,13.0,46.0,79.0,75.5,18.0,0.0,0.0,45.0,1,46.501,6.6005,8500.0,450.0,0.0,10,4.5,45.0,8498.7,-12.3,8500.0,False,False,False,False,False,False,False,False,False,False,False,True,True,True,True,False,True,False,False,False,False,False,False,False
434579,STATE_ARMED,11.8,0.0,89.0,0.0,0.0,0.0,4.5,0.5,0.5,5.0,13.0,46.0,79.0,75.5,18.0,0.0,0.0,45.0,1,46.501,6.6005,8500.0,450.0,0.0,10,4.5,45.0,8498.7,-12.3,8500.0,False,False,False,False,False,False,False,False,False,False,False,True,True,True,True,False,True,False,False,False,False,False,False,False
435080,STATE_ARMED,11.8,0.0,89.0,0.0,0.0,0.0,4.5,0.5,0.5,5.0,13.0,46.0,79.0,75.5,18.0,0.0,0.0,45.0,1,46.501,6.6005,8500.0,450.0,0.0,10,4.5,45.0,8498.7,-12.3,8500.0,False,False,False,False,False,False,False,False,False,False,False,True,True,True,True,False,True,False,False,False,False,False,False,False
435582,STATE_ARMED,11.8,0.0,89.0,0.0,0.0,0.0,4.5,0.5,0.5,5.0,13.0,46.0,79.0,75.5,18.0,0.0,0.0,45.0,1,46.501,6.6005,8500.0,450.0,0.0,10,4.5,45.0,8498.7,-12.3,8500.0,False,False,False,False,False,False,False,False,False,False,False,True,True,True,True,False,True,False,False,False,False,False,False,False
436085,STATE_ARMED,11.8,0.0,89.0,0.0,0.0,0.0,4.5,0.5,0.5,5.0,13.0,46.0,79.0,75.5,18.0,0.0,0.0,45.0,1,46.501,6.6005,8500.0,450.0,0.0,10,4.5,45.0,8498.7,-12.3,8500.0,False,False,False,False,False,False,False,False,False,False,False,True,True,True,True,False,True,False,False,False,False,False,False,False
436587,STATE_ARMED,11.8,0.0,89.0,0.0,0.0,0.0,4.5,0.5,0.5,5.0,13.0,46.0,79.0,75.5,18.0,0.0,0.0,45.0,1,46.501,6.6005,8500.0,450.0,0.0,10,4.5,45.0,8498.7,-12.3,8500.0,False,False,False,False,False,False,False,False,False,False,False,True,True,True,True,False,True,False,False,False,False,False,False,False
437089,STATE_ARMED,11.8,0.0,89.0,0.0,0.0,0.0,4.5,0.5,0.5,5.0,13.0,46.0,79.0,75.5,18.0,0.0,0.0,45.0,1,46.501,6.6005,8500.0,450.0,0.0,10,4.5,45.0,8498.7,-12.3,8500.0,False,False,False,False,False,False,False,False,False,False,False,True,True,True,True,False,True,False,False,False,False,False,False,False
437591,STATE_ARMED,11.8,0.0,89.0,0.0,0.0,0.0,4.5,0.5,0.5,5.0,13.0,46.0,79.0,75.5,18.0,0.0,0.0,45.0,1,46.501,6.6005,8500.0,450.0,0.0,10,4.5,45.0,8498.7,-12.3,8500.0,False,False,False,False,False,False,False,False,False,False,False,True,True,True,True,False,True,False,False,False,False,False,False,False
438092,STATE_ARMED,11.8,0.0,89.0,0.0,0.0,0.0,4.5,0.5,0.5,5.0,13.0,46.0,79.0,75.5,18.0,0.0,0.0,45.0,1,46.501,6.6005,8500.0,450.0,0.0,10,4.5,45.0,8498.7,-12.3,8500.0,False,False,False,False,False,False,False,False,False,False,False,True,True,True,True,False,True,False,False,False,False,False,False,False
438594,STATE_ARMED,11.8,0.0,89.0,0.0,0.0,0.0,4.5,0.5,0.5,5.0,13.0,46.0,79.0,75.5,18.0,0.0,0.0,45.0,1,46.501,6.6005,8500.0,450.0,0.0,10,4.5,45.0,8498.7,-12.3,8500.0,False,False,False,False,False,False,False,False,False,False,False,True,True,True,True,False,True,False,False,False,False,False,False,False
439096,STATE_ARMED,11.8,0.0,89.0,0.0,0.0,0.0,4.5,0.5,0.5,5.0,13.0,46.0,79.0,75.5,18.0,0.0,0.0,45.0,1,46.501,6.6005,8500.0,450.0,0.0,10,4.5,45.0,8498.7,-12.3,8500.0,False,False,False,False,False,False,False,False,False,False,False,True,True,True,True,False,True,False,False,False,False,False,False,False
439597,STATE_ARMED,11.8,0.0,89.0,0.0,0.0,0.0,4.5,0.5,0.5,5.0,13.0,46.0,79.0,75.5,18.0,0.0,0.0,45.0,1,46.501,6.6005,8500.0,450.0,0.0,10,4.5,45.0,8498.7,-12.3,8500.0,False,False,False,False,False,False,False,False,False,False,False,True,True,True,True,False,True,False,False,False,False,False,False,False
440099,STATE_ARMED,11.8,0.0,89.0,0.0,0.0,0.0,4.5,0.5,0.5,5.0,13.0,46.0,79.0,75.5,18.0,0.0,0.0,45.0,1,46.501,6.6005,8500.0,450.0,0.0,10,4.5,45.0,8498.7,-12.3,8500.0,False,False,False,False,False,False,False,False,False,False,False,True,True,True,True,False,True,False,False,False,False,False,False,False
440600,STATE_ARMED,11.8,0.0,89.0,0.0,0.0,0.0,4.5,0.5,0.5,5.0,13.0,46.0,79.0,75.5,18.0,0.0,0.0,45.0,1,46.501,6.6005,8500.0,450.0,0.0,10,4.5,45.0,8498.7,-12.3,8500.0,False,False,False,False,False,False,False,False,False,False,False,True,True,True,True,False,True,False,False,False,False,False,False,False
441102,STATE_ARMED,11.8,0.0,89.0,0.0,0.0,0.0,4.5,0.5,0.5,5.0,13.0,46.0,79.0,75.5,18.0,0.0,0.0,45.0,1,46.501,6.6005,8500.0,450.0,0.0,10,4.5,45.0,8498.7,-12.3,8500.0,False,False,False,False,False,False,False,False,False,False,False,True,True,True,True,False,True,False,False,False,False,False,False,False
441604,STATE_ARMED,11.8,0.0,89.0,0.0,0.0,0.0,4.5,0.5,0.5,5.0,13.0,46.0,79.0,75.5,18.0,0.0,0.0,45.0,1,46.501,6.6005,8500.0,450.0,0.0,10,4.5,45.0,8498.7,-12.3,8500.0,False,False,False,False,False,False,False,False,False,False,False,True,True,True,True,False,True,False,False,False,False,False,False,False
442106,STATE_ARMED,11.8,0.0,89.0,0.0,0.0,0.0,4.5,0.5,0.5,5.0,13.0,46.0,79.0,75.5,18.0,0.0,0.0,45.0,1,46.501,6.6005,8500.0,450.0,0.0,10,4.5,45.0,8498.7,-12.3,8500.0,False,False,False,False,False,False,False,False,False,False,False,True,True,True,True,False,True,False,False,False,False,False,False,False
442609,STATE_ARMED,11.8,0.0,89.0,0.0,0.0,0.0,4.5,0.5,0.5,5.0,13.0,46.0,79.0,75.5,18.0,0.0,0.0,45.0,1,46.501,6.6005,8500.0,450.0,0.0,10,4.5,45.0,8498.7,-12.3,8500.0,False,False,False,False,False,False,False,False,False,False,False,True,True,True,True,False,True,False,False,False,False,False,False,False
443111,STATE_ARMED,11.8,0.0,89.0,0.0,0.0,0.0,4.5,0.5,0.5,5.0,13.0,46.0,79.0,75.5,18.0,0.0,0.0,45.0,1,46.501,6.6005,8500.0,450.0,0.0,10,4.5,45.0,8498.7,-12.3,8500.0,False,False,False,False,False,False,False,False,False,False,False,True,True,True,True,False,True,False,False,False,False,False,False,False
443613,STATE_ARMED,11.8,0.0,89.0,0.0,0.0,0.0,4.5,0.5,0.5,5.0,13.0,46.0,79.0,75.5,18.0,0.0,0.0,45.0,1,46.501,6.6005,8500.0,450.0,0.0,10,4.5,45.0,8498.7,-12.3,8500.0,False,False,False,False,False,False,False,False,False,False,False,True,True,True,True,False,True,False,False,False,False,False,False,False
444115,STATE_ARMED,11.8,0.0,89.0,0.0,0.0,0.0,4.5,0.5,0.5,5.0,13.0,46.0,79.0,75.5,18.0,0.0,0.0,45.0,1,46.501,6.6005,8500.0,450.0,0.0,10,4.5,45.0,8498.7,-12.3,8500.0,False,False,False,False,False,False,False,False,False,False,False,True,True,True,True,False,True,False,False,False,False,False,False,False
444616,STATE_ARMED,11.8,0.0,89.0,0.0,0.0,0.0,4.5,0.5,0.5,5.0,13.0,46.0,79.0,75.5,18.0,0.0,0.0,45.0,1,46.501,6.6005,8500.0,450.0,0.0,10,4.5,45.0,8498.7,-12.3,8500.0,False,False,False,False,False,False,False,False,False,False,False,True,True,True,True,False,True,False,False,False,False,False,False,False
445118,STATE_ARMED,11.8,0.0,89.0,0.0,0.0,0.0,4.5,0.5,0.5,5.0,13.0,46.0,79.0,75.5,18.0,0.0,0.0,45.0,1,46.501,6.6005,8500.0,450.0,0.0,10,4.5,45.0,8498.7,-12.3,8500.0,False,False,False,False,False,False,False,False,False,False,False,True,True,True,True,False,True,False,False,False,False,False,False,False
445619,STATE_ARMED,11.8,0.0,89.0,0.0,0.0,0.0,4.5,0.5,0.5,5.0,13.0,46.0,79.0,75.5,18.0,0.0,0.0,45.0,1,46.501,6.6005,8500.0,450.0,0.0,10,4.5,45.0,8498.7,-12.3,8500.0,False,False,False,False,False,False,False,False,False,False,False,True,True,True,True,False,True,False,False,False,False,False,False,False
446122,STATE_ARMED,11.8,0.0,89.0,0.0,0.0,0.0,4.5,0.5,0.5,5.0,13.0,46.0,79.0,75.5,18.0,0.0,0.0,45.0,1,46.501,6.6005,8500.0,450.0,0.0,10,4.5,45.0,8498.7,-12.3,8500.0,False,False,False,False,False,False,False,False,False,False,False,True,True,True,True,False,True,False,False,False,False,False,False,False
446625,STATE_ARMED,11.8,0.0,89.0,0.0,0.0,0.0,4.5,0.5,0.5,5.0,13.0,46.0,79.0,75.5,18.0,0.0,0.0,45.0,1,46.501,6.6005,8500.0,450.0,0.0,10,4.5,45.0,8498.7,-12.3,8500.0,False,False,False,False,False,False,False,False,False,False,False,True,True,True,True,False,True,False,False,False,False,False,False,False
447126,STATE_ARMED,11.8,0.0,89.0,0.0,0.0,0.0,4.5,0.5,0.5,5.0,13.0,46.0,79.0,75.5,18.0,0.0,0.0,45.0,1,46.501,6.6005,8500.0,450.0,0.0,10,4.5,45.0,8498.7,-12.3,8500.0,False,False,False,False,False,False,False,False,False,False,False,True,True,True,True,False,True,False,False,False,False,False,False,False
447630,STATE_ARMED,11.8,0.0,89.0,0.0,0.0,0.0,4.5,0.5,0.5,5.0,13.0,46.0,79.0,75.5,18.0,0.0,0.0,45.0,1,46.501,6.6005,8500.0,450.0,0.0,10,4.5,45.0,8498.7,-12.3,8500.0,False,False,False,False,False,False,False,False,False,False,False,True,True,True,True,False,True,False,False,False,False,False,False,False
448134,STATE_ARMED,11.8,0.0,89.0,0.0,0.0,0.0,4.5,0.5,0.5,5.0,13.0,46.0,79.0,75.5,18.0,0.0,0.0,45.0,1,46.501,6.6005,8500.0,450.0,0.0,10,4.5,45.0,8498.7,-12.3,8500.0,False,False,False,False,False,False,False,False,False,False,False,True,True,True,True,False,True,False,False,False,False,False,False,False
448636,STATE_ARMED,11.8,0.0,89.0,0.0,0.0,0.0,4.5,0.5,0.5,5.0,13.0,46.0,79.0,75.5,18.0,0.0,0.0,45.0,1,46.501,6.6005,8500.0,450.0,0.0,10,4.5,45.0,8498.7,-12.3,8500.0,False,False,False,False,False,False,False,False,False,False,False,True,True,True,True,False,True,False,False,False,False,False,False,False
449137,STATE_ARMED,11.8,0.0,89.0,0.0,0.0,0.0,4.5,0.5,0.5,5.0,13.0,46.0,79.0,75.5,18.0,0.0,0.0,45.0,1,46.501,6.6005,8500.0,450.0,0.0,10,4.5,45.0,8498.7,-12.3,8500.0,False,False,False,False,False,False,False,False,False,False,False,True,True,True,True,False,True,False,False,False,False,False,False,False
449640,STATE_ARMED,11.8,0.0,89.0,0.0,0.0,0.0,4.5,0.5,0.5,5.0,13.0,46.0,79.0,75.5,18.0,0.0,0.0,45.0,1,46.501,6.6005,8500.0,450.0,0.0,10,4.5,45.0,8498.7,-12.3,8500.0,False,False,False,False,False,False,False,False,False,False,False,True,True,True,True,False,True,False,False,False,False,False,False,False
450141,STATE_ARMED,11.8,0.0,89.0,0.0,0.0,0.0,4.5,0.5,0.5,5.0,13.0,46.0,79.0,75.5,18.0,0.0,0.0,45.0,1,46.501,6.6005,8500.0,450.0,0.0,10,4.5,45.0,8498.7,-12.3,8500.0,False,False,False,False,False,False,False,False,False,False,False,True,True,True,True,False,True,False,False,False,False,False,False,False
450643,STATE_ARMED,11.8,0.0,89.0,0.0,0.0,0.0,4.5,0.5,0.5,5.0,13.0,46.0,79.0,75.5,18.0,0.0,0.0,45.0,1,46.501,6.6005,8500.0,450.0,0.0,10,4.5,45.0,8498.7,-12.3,8500.0,False,False,False,False,False,False,False,False,False,False,False,True,True,True,True,False,True,False,False,False,False,False,False,False
451144,STATE_ARMED,11.8,0.0,89.0,0.0,0.0,0.0,4.5,0.5,0.5,5.0,13.0,46.0,79.0,75.5,18.0,0.0,0.0,45.0,1,46.501,6.6005,8500.0,450.0,0.0,10,4.5,45.0,8498.7,-12.3,8500.0,False,False,False,False,False,False,False,False,False,False,False,True,True,True,True,False,True,False,False,False,False,False,False,False
451646,STATE_ARMED,11.8,0.0,89.0,0.0,0.0,0.0,4.5,0.5,0.5,5.0,13.0,46.0,79.0,75.5,18.0,0.0,0.0,45.0,1,46.501,6.6005,8500.0,450.0,0.0,10,4.5,45.0,8498.7,-12.3,8500.0,False,False,False,False,False,False,False,False,False,False,False,True,True,True,True,False,True,False,False,False,False,False,False,False
452148,STATE_ARMED,11.8,0.0,89.0,0.0,0.0,0.0,4.5,0.5,0.5,5.0,13.0,46.0,79.0,75.5,18.0,0.0,0.0,45.0,1,46.501,6.6005,8500.0,450.0,0.0,10,4.5,45.0,8498.7,-12.3,8500.0,False,False,False,False,False,False,False,False,False,False,False,True,True,True,True,False,True,False,False,False,False,False,False,False
452649,STATE_ARMED,11.8,0.0,89.0,0.0,0.0,0.0,4.5,0.5,0.5,5.0,13.0,46.0,79.0,75.5,18.0,0.0,0.0,45.0,1,46.501,6.6005,8500.0,450.0,0.0,10,4.5,45.0,8498.7,-12.3,8500.0,False,False,False,False,False,False,False,False,False,False,False,True,True,True,True,False,True,False,False,False,False,False,False,False
453151,STATE_ARMED,11.8,0.0,89.0,0.0,0.0,0.0,4.5,0.5,0.5,5.0,13.0,46.0,79.0,75.5,18.0,0.0,0.0,45.0,1,46.501,6.6005,8500.0,450.0,0.0,10,4.5,45.0,8498.7,-12.3,8500.0,False,False,False,False,False,False,False,False,False,False,False,True,True,True,True,False,True,False,False,False,False,False,False,False
453652,STATE_ARMED,11.8,0.0,89.0,0.0,0.0,0.0,4.5,0.5,0.5,5.0,13.0,46.0,79.0,75.5,18.0,0.0,0.0,45.0,1,46.501,6.6005,8500.0,450.0,0.0,10,4.5,45.0,8498.7,-12.3,8500.0,False,False,False,False,False,False,False,False,False,False,False,True,True,True,True,False,True,False,False,False,False,False,False,False
454153,STATE_ARMED,11.8,0.0,89.0,0.0,0.0,0.0,4.5,0.5,0.5,5.0,13.0,46.0,79.0,75.5,18.0,0.0,0.0,45.0,1,46.501,6.6005,8500.0,450.0,0.0,10,4.5,45.0,8498.7,-12.3,8500.0,False,False,False,False,False,False,False,False,False,False,False,True,True,True,True,False,True,False,False,False,False,False,False,False
454655,STATE_ARMED,11.8,0.0,89.0,0.0,0.0,0.0,4.5,0.5,0.5,5.0,13.0,46.0,79.0,75.5,18.0,0.0,0.0,45.0,1,46.501,6.6005,8500.0,450.0,0.0,10,4.5,45.0,8498.7,-12.3,8500.0,False,False,False,False,False,False,False,False,False,False,False,True,True,True,True,False,True,False,False,False,False,False,False,False
455156,STATE_ARMED,11.8,0.0,89.0,0.0,0.0,0.0,4.5,0.5,0.5,5.0,13.0,46.0,79.0,75.5,18.0,0.0,0.0,45.0,1,46.501,6.6005,8500.0,450.0,0.0,10,4.5,45.0,8498.7,-12.3,8500.0,False,False,False,False,False,False,False,False,False,False,False,True,True,True,True,False,True,False,False,False,False,False,False,False
455660,STATE_ARMED,11.8,0.0,89.0,0.0,0.0,0.0,4.5,0.5,0.5,5.0,13.0,46.0,79.0,75.5,18.0,0.0,0.0,45.0,1,46.501,6.6005,8500.0,450.0,0.0,10,4.5,45.0,8498.7,-12.3,8500.0,False,False,False,False,False,False,False,False,False,False,False,True,True,True,True,False,True,False,False,False,False,False,False,False
456161,STATE_ARMED,11.8,0.0,89.0,0.0,0.0,0.0,4.5,0.5,0.5,5.0,13.0,46.0,79.0,75.5,18.0,0.0,0.0,45.0,1,46.501,6.6005,8500.0,450.0,0.0,10,4.5,45.0,8498.7,-12.3,8500.0,False,False,False,False,False,False,False,False,False,False,False,True,True,True,True,False,True,False,False,False,False,False,False,False
456663,STATE_ARMED,11.8,0.0,89.0,0.0,0.0,0.0,4.5,0.5,0.5,5.0,13.0,46.0,79.0,75.5,18.0,0.0,0.0,45.0,1,46.501,6.6005,8500.0,450.0,0.0,10,4.5,45.0,8498.7,-12.3,8500.0,False,False,False,False,False,False,False,False,False,False,False,True,True,True,True,False,True,False,False,False,False,False,False,False
457168,STATE_ARMED,11.8,0.0,89.0,0.0,0.0,0.0,4.5,0.5,0.5,5.0,13.0,46.0,79.0,75.5,18.0,0.0,0.0,45.0,1,46.501,6.6005,8500.0,450.0,0.0,10,4.5,45.0,8498.7,-12.3,8500.0,False,False,False,False,False,False,False,False,False,False,False,True,True,True,True,False,True,False,False,False,False,False,False,False
457672,STATE_ARMED,11.8,0.0,89.0,0.0,0.0,0.0,4.5,0.5,0.5,5.0,13.0,46.0,79.0,75.5,18.0,0.0,0.0,45.0,1,46.501,6.6005,8500.0,450.0,0.0,10,4.5,45.0,8498.7,-12.3,8500.0,False,False,False,False,False,False,False,False,False,False,False,True,True,True,True,False,True,False,False,False,False,False,False,False
458174,STATE_ARMED,11.8,0.0,89.0,0.0,0.0,0.0,4.5,0.5,0.5,5.0,13.0,46.0,79.0,75.5,18.0,0.0,0.0,45.0,1,46.501,6.6005,8500.0,450.0,0.0,10,4.5,45.0,8498.7,-12.3,8500.0,False,False,False,False,False,False,False,False,False,False,False,True,True,True,True,False,True,False,False,False,False,False,False,False
458675,STATE_ARMED,11.8,0.0,89.0,0.0,0.0,0.0,4.5,0.5,0.5,5.0,13.0,46.0,79.0,75.5,18.0,0.0,0.0,45.0,1,46.501,6.6005,8500.0,450.0,0.0,10,4.5,45.0,8498.7,-12.3,8500.0,False,False,False,False,False,False,False,False,False,False,False,True,True,True,True,False,True,False,False,False,False,False,False,False
459177,STATE_ARMED,11.8,0.0,89.0,0.0,0.0,0.0,4.5,0.5,0.5,5.0,13.0,46.0,79.0,75.5,18.0,0.0,0.0,45.0,1,46.501,6.6005,8500.0,450.0,0.0,10,4.5,45.0,8498.7,-12.3,8500.0,False,False,False,False,False,False,False,False,False,False,False,True,True,True,True,False,True,False,False,False,False,False,False,False
459679,STATE_ARMED,11.8,0.0,89.0,0.0,0.0,0.0,4.5,0.5,0.5,5.0,13.0,46.0,79.0,75.5,18.0,0.0,0.0,45.0,1,46.501,6.6005,8500.0,450.0,0.0,10,4.5,45.0,8498.7,-12.3,8500.0,False,False,False,False,False,False,False,False,False,False,False,True,True,True,True,False,True,False,False,False,False,False,False,False
460180,STATE_ARMED,11.8,0.0,89.0,0.0,0.0,0.0,4.5,0.5,0.5,5.0,13.0,46.0,79.0,75.5,18.0,0.0,0.0,45.0,1,46.501,6.6005,8500.0,450.0,0.0,10,4.5,45.0,8498.7,-12.3,8500.0,False,False,False,False,False,False,False,False,False,False,False,True,True,True,True,False,True,False,False,False,False,False,False,False
460682,STATE_ARMED,11.8,0.0,89.0,0.0,0.0,0.0,4.5,0.5,0.5,5.0,13.0,46.0,79.0,75.5,18.0,0.0,0.0,45.0,1,46.501,6.6005,8500.0,450.0,0.0,10,4.5,45.0,8498.7,-12.3,8500.0,False,False,False,False,False,False,False,False,False,False,False,True,True,True,True,False,True,False,False,False,False,False,False,False
461184,STATE_ARMED,11.8,0.0,89.0,0.0,0.0,0.0,4.5,0.5,0.5,5.0,13.0,46.0,79.0,75.5,18.0,0.0,0.0,45.0,1,46.501,6.6005,8500.0,450.0,0.0,10,4.5,45.0,8498.7,-12.3,8500.0,False,False,False,False,False,False,False,False,False,False,False,True,True,True,True,False,True,False,False,False,False,False,False,False
461685,STATE_ARMED,11.8,0.0,89.0,0.0,0.0,0.0,4.5,0.5,0.5,5.0,13.0,46.0,79.0,75.5,18.0,0.0,0.0,45.0,1,46.501,6.6005,8500.0,450.0,0.0,10,4.5,45.0,8498.7,-12.3,8500.0,False,False,False,False,False,False,False,False,False,False,False,True,True,True,True,False,True,False,False,False,False,False,False,False
462187,STATE_ARMED,11.8,0.0,89.0,0.0,0.0,0.0,4.5,0.5,0.5,5.0,13.0,46.0,79.0,75.5,18.0,0.0,0.0,45.0,1,46.501,6.6005,8500.0,450.0,0.0,10,4.5,45.0,8498.7,-12.3,8500.0,False,False,False,False,False,False,False,False,False,False,False,True,True,True,True,False,True,False,False,False,False,False,False,False
462689,STATE_ARMED,11.8,0.0,89.0,0.0,0.0,0.0,4.5,0.5,0.5,5.0,13.0,46.0,79.0,75.5,18.0,0.0,0.0,45.0,1,46.501,6.6005,8500.0,450.0,0.0,10,4.5,45.0,8498.7,-12.3,8500.0,False,False,False,False,False,False,False,False,False,False,False,True,True,True,True,False,True,False,False,False,False,False,False,False
463191,STATE_ARMED,11.8,0.0,89.0,0.0,0.0,0.0,4.5,0.5,0.5,5.0,13.0,46.0,79.0,75.5,18.0,0.0,0.0,45.0,1,46.501,6.6005,8500.0,450.0,0.0,10,4.5,45.0,8498.7,-12.3,8500.0,False,False,False,False,False,False,False,False,False,False,False,True,True,True,True,False,True,False,False,False,False,False,False,False
463693,STATE_ARMED,11.8,0.0,89.0,0.0,0.0,0.0,4.5,0.5,0.5,5.0,13.0,46.0,79.0,75.5,18.0,0.0,0.0,45.0,1,46.501,6.6005,8500.0,450.0,0.0,10,4.5,45.0,8498.7,-12.3,8500.0,False,False,False,False,False,False,False,False,False,False,False,True,True,True,True,False,True,False,False,False,False,False,False,False
464195,STATE_ARMED,11.8,0.0,89.0,0.0,0.0,0.0,4.5,0.5,0.5,5.0,13.0,46.0,79.0,75.5,18.0,0.0,0.0,45.0,1,46.501,6.6005,8500.0,450.0,0.0,10,4.5,45.0,8498.7,-12.3,8500.0,False,False,False,False,False,False,False,False,False,False,False,True,True,True,True,False,True,False,False,False,False,False,False,False
464696,STATE_ARMED,11.8,0.0,89.0,0.0,0.0,0.0,4.5,0.5,0.5,5.0,13.0,46.0,79.0,75.5,18.0,0.0,0.0,45.0,1,46.501,6.6005,8500.0,450.0,0.0,10,4.5,45.0,8498.7,-12.3,8500.0,False,False,False,False,False,False,False,False,False,False,False,True,True,True,True,False,True,False,False,False,False,False,False,False
465197,STATE_ARMED,11.8,0.0,89.0,0.0,0.0,0.0,4.5,0.5,0.5,5.0,13.0,46.0,79.0,75.5,18.0,0.0,0.0,45.0,1,46.501,6.6005,8500.0,450.0,0.0,10,4.5,45.0,8498.7,-12.3,8500.0,False,False,False,False,False,False,False,False,False,False,False,True,True,True,True,False,True,False,False,False,False,False,False,False
465699,STATE_ARMED,11.8,0.0,89.0,0.0,0.0,0.0,4.5,0.5,0.5,5.0,13.0,46.0,79.0,75.5,18.0,0.0,0.0,45.0,1,46.501,6.6005,8500.0,450.0,0.0,10,4.5,45.0,8498.7,-12.3,8500.0,False,False,False,False,False,False,False,False,False,False,False,True,True,True,True,False,True,False,False,False,False,False,False,False
466200,STATE_ARMED,11.8,0.0,89.0,0.0,0.0,0.0,4.5,0.5,0.5,5.0,13.0,46.0,79.0,75.5,18.0,0.0,0.0,45.0,1,46.501,6.6005,8500.0,450.0,0.0,10,4.5,45.0,8498.7,-12.3,8500.0,False,False,False,False,False,False,False,False,False,False,False,True,True,True,True,False,True,False,False,False,False,False,False,False
466702,STATE_ARMED,11.8,0.0,89.0,0.0,0.0,0.0,4.5,0.5,0.5,5.0,13.0,46.0,79.0,75.5,18.0,0.0,0.0,45.0,1,46.501,6.6005,8500.0,450.0,0.0,10,4.5,45.0,8498.7,-12.3,8500.0,False,False,False,False,False,False,False,False,False,False,False,True,True,True,True,False,True,False,False,False,False,False,False,False
467204,STATE_ARMED,11.8,0.0,89.0,0.0,0.0,0.0,4.5,0.5,0.5,5.0,13.0,46.0,79.0,75.5,18.0,0.0,0.0,45.0,1,46.501,6.6005,8500.0,450.0,0.0,10,4.5,45.0,8498.7,-12.3,8500.0,False,False,False,False,False,False,False,False,False,False,False,True,True,True,True,False,True,False,False,False,False,False,False,False
467705,STATE_ARMED,11.8,0.0,89.0,0.0,0.0,0.0,4.5,0.5,0.5,5.0,13.0,46.0,79.0,75.5,18.0,0.0,0.0,45.0,1,46.501,6.6005,8500.0,450.0,0.0,10,4.5,45.0,8498.7,-12.3,8500.0,False,False,False,False,False,False,False,False,False,False,False,True,True,True,True,False,True,False,False,False,False,False,False,False
468207,STATE_ARMED,11.8,0.0,89.0,0.0,0.0,0.0,4.5,0.5,0.5,5.0,13.0,46.0,79.0,75.5,18.0,0.0,0.0,45.0,1,46.501,6.6005,8500.0,450.0,0.0,10,4.5,45.0,8498.7,-12.3,8500.0,False,False,False,False,False,False,False,False,False,False,False,True,True,True,True,False,True,False,False,False,False,False,False,False
468708,STATE_ARMED,11.8,0.0,89.0,0.0,0.0,0.0,4.5,0.5,0.5,5.0,13.0,46.0,79.0,75.5,18.0,0.0,0.0,45.0,1,46.501,6.6005,8500.0,450.0,0.0,10,4.5,45.0,8498.7,-12.3,8500.0,False,False,False,False,False,False,False,False,False,False,False,True,True,True,True,False,True,False,False,False,False,False,False,False
469211,STATE_ARMED,11.8,0.0,89.0,0.0,0.0,0.0,4.5,0.5,0.5,5.0,13.0,46.0,79.0,75.5,18.0,0.0,0.0,45.0,1,46.501,6.6005,8500.0,450.0,0.0,10,4.5,45.0,8498.7,-12.3,8500.0,False,False,False,False,False,False,False,False,False,False,False,True,True,True,True,False,True,False,False,False,False,False,False,False
469712,STATE_ARMED,11.8,0.0,89.0,0.0,0.0,0.0,4.5,0.5,0.5,5.0,13.0,46.0,79.0,75.5,18.0,0.0,0.0,45.0,1,46.501,6.6005,8500.0,450.0,0.0,10,4.5,45.0,8498.7,-12.3,8500.0,False,False,False,False,False,False,False,False,False,False,False,True,True,True,True,False,True,False,False,False,False,False,False,False
470216,STATE_ARMED,11.8,0.0,89.0,0.0,0.0,0.0,4.5,0.5,0.5,5.0,13.0,46.0,79.0,75.5,18.0,0.0,0.0,45.0,1,46.501,6.6005,8500.0,450.0,0.0,10,4.5,45.0,8498.7,-12.3,8500.0,False,False,False,False,False,False,False,False,False,False,False,True,True,True,True,False,True,False,False,False,False,False,False,False
470718,STATE_ARMED,11.8,0.0,89.0,0.0,0.0,0.0,4.5,0.5,0.5,5.0,13.0,46.0,79.0,75.5,18.0,0.0,0.0,45.0,1,46.501,6.6005,8500.0,450.0,0.0,10,4.5,45.0,8498.7,-12.3,8500.0,False,False,False,False,False,False,False,False,False,False,False,True,True,True,True,False,True,False,False,False,False,False,False,False
471220,STATE_ARMED,11.8,0.0,89.0,0.0,0.0,0.0,4.5,0.5,0.5,5.0,13.0,46.0,79.0,75.5,18.0,0.0,0.0,45.0,1,46.501,6.6005,8500.0,450.0,0.0,10,4.5,45.0,8498.7,-12.3,8500.0,False,False,False,False,False,False,False,False,False,False,False,True,True,True,True,False,True,False,False,False,False,False,False,False
471722,STATE_ARMED,11.8,0.0,89.0,0.0,0.0,0.0,4.5,0.5,0.5,5.0,13.0,46.0,79.0,75.5,18.0,0.0,0.0,45.0,1,46.501,6.6005,8500.0,450.0,0.0,10,4.5,45.0,8498.7,-12.3,8500.0,False,False,False,False,False,False,False,False,False,False,False,True,True,True,True,False,True,False,False,False,False,False,False,False
472223,STATE_ARMED,11.8,0.0,89.0,0.0,0.0,0.0,4.5,0.5,0.5,5.0,13.0,46.0,79.0,75.5,18.0,0.0,0.0,45.0,1,46.501,6.6005,8500.0,450.0,0.0,10,4.5,45.0,8498.7,-12.3,8500.0,False,False,False,False,False,False,False,False,False,False,False,True,True,True,True,False,True,False,False,False,False,False,False,False
472725,STATE_ARMED,11.8,0.0,89.0,0.0,0.0,0.0,4.5,0.5,0.5,5.0,13.0,46.0,79.0,75.5,18.0,0.0,0.0,45.0,1,46.501,6.6005,8500.0,450.0,0.0,10,4.5,45.0,8498.7,-12.3,8500.0,False,False,False,False,False,False,False,False,False,False,False,True,True,True,True,False,True,False,False,False,False,False,False,False
473226,STATE_ARMED,11.8,0.0,89.0,0.0,0.0,0.0,4.5,0.5,0.5,5.0,13.0,46.0,79.0,75.5,18.0,0.0,0.0,45.0,1,46.501,6.6005,8500.0,450.0,0.0,10,4.5,45.0,8498.7,-12.3,8500.0,False,False,False,False,False,False,False,False,False,False,False,True,True,True,True,False,True,False,False,False,False,False,False,False
473728,STATE_ARMED,11.8,0.0,89.0,0.0,0.0,0.0,4.5,0.5,0.5,5.0,13.0,46.0,79.0,75.5,18.0,0.0,0.0,45.0,1,46.501,6.6005,8500.0,450.0,0.0,10,4.5,45.0,8498.7,-12.3,8500.0,False,False,False,False,False,False,False,False,False,False,False,True,True,True,True,False,True,False,False,False,False,False,False,False
474232,STATE_ARMED,11.8,0.0,89.0,0.0,0.0,0.0,4.5,0.5,0.5,5.0,13.0,46.0,79.0,75.5,18.0,0.0,0.0,45.0,1,46.501,6.6005,8500.0,450.0,0.0,10,4.5,45.0,8498.7,-12.3,8500.0,False,False,False,False,False,False,False,False,False,False,False,True,True,True,True,False,True,False,False,False,False,False,False,False
474735,STATE_ARMED,11.8,0.0,89.0,0.0,0.0,0.0,4.5,0.5,0.5,5.0,13.0,46.0,79.0,75.5,18.0,0.0,0.0,45.0,1,46.501,6.6005,8500.0,450.0,0.0,10,4.5,45.0,8498.7,-12.3,8500.0,False,False,False,False,False,False,False,False,False,False,False,True,True,True,True,False,True,False,False,False,False,False,False,False
475237,STATE_ARMED,11.8,0.0,89.0,0.0,0.0,0.0,4.5,0.5,0.5,5.0,13.0,46.0,79.0,75.5,18.0,0.0,0.0,45.0,1,46.501,6.6005,8500.0,450.0,0.0,10,4.5,45.0,8498.7,-12.3,8500.0,False,False,False,False,False,False,False,False,False,False,False,True,True,True,True,False,True,False,False,False,False,False,False,False
475740,STATE_ARMED,11.8,0.0,89.0,0.0,0.0,0.0,4.5,0.5,0.5,5.0,13.0,46.0,79.0,75.5,18.0,0.0,0.0,45.0,1,46.501,6.6005,8500.0,450.0,0.0,10,4.5,45.0,8498.7,-12.3,8500.0,False,False,False,False,False,False,False,False,False,False,False,True,True,True,True,False,True,False,False,False,False,False,False,False
476244,STATE_ARMED,11.8,0.0,89.0,0.0,0.0,0.0,4.5,0.5,0.5,5.0,13.0,46.0,79.0,75.5,18.0,0.0,0.0,45.0,1,46.501,6.6005,8500.0,450.0,0.0,10,4.5,45.0,8498.7,-12.3,8500.0,False,False,False,False,False,False,False,False,False,False,False,True,True,True,True,False,True,False,False,False,False,False,False,False
476747,STATE_ARMED,11.8,0.0,89.0,0.0,0.0,0.0,4.5,0.5,0.5,5.0,13.0,46.0,79.0,75.5,18.0,0.0,0.0,45.0,1,46.501,6.6005,8500.0,450.0,0.0,10,4.5,45.0,8498.7,-12.3,8500.0,False,False,False,False,False,False,False,False,False,False,False,True,True,True,True,False,True,False,False,False,False,False,False,False
477250,STATE_ARMED,11.8,0.0,89.0,0.0,0.0,0.0,4.5,0.5,0.5,5.0,13.0,46.0,79.0,75.5,18.0,0.0,0.0,45.0,1,46.501,6.6005,8500.0,450.0,0.0,10,4.5,45.0,8498.7,-12.3,8500.0,False,False,False,False,False,False,False,False,False,False,False,True,True,True,True,False,True,False,False,False,False,False,False,False
477752,STATE_ARMED,11.8,0.0,89.0,0.0,0.0,0.0,4.5,0.5,0.5,5.0,13.0,46.0,79.0,75.5,18.0,0.0,0.0,45.0,1,46.501,6.6005,8500.0,450.0,0.0,10,4.5,45.0,8498.7,-12.3,8500.0,False,False,False,False,False,False,False,False,False,False,False,True,True,True,True,False,True,False,False,False,False,False,False,False
478254,STATE_ARMED,11.8,0.0,89.0,0.0,0.0,0.0,4.5,0.5,0.5,5.0,13.0,46.0,79.0,75.5,18.0,0.0,0.0,45.0,1,46.501,6.6005,8500.0,450.0,0.0,10,4.5,45.0,8498.7,-12.3,8500.0,False,False,False,False,False,False,False,False,False,False,False,True,True,True,True,False,True,False,False,False,False,False,False,False
478755,STATE_ARMED,11.8,0.0,89.0,0.0,0.0,0.0,4.5,0.5,0.5,5.0,13.0,46.0,79.0,75.5,18.0,0.0,0.0,45.0,1,46.501,6.6005,8500.0,450.0,0.0,10,4.5,45.0,8498.7,-12.3,8500.0,False,False,False,False,False,False,False,False,False,False,False,True,True,True,True,False,True,False,False,False,False,False,False,False
479257,STATE_ARMED,11.8,0.0,89.0,0.0,0.0,0.0,4.5,0.5,0.5,5.0,13.0,46.0,79.0,75.5,18.0,0.0,0.0,45.0,1,46.501,6.6005,8500.0,450.0,0.0,10,4.5,45.0,8498.7,-12.3,8500.0,False,False,False,False,False,False,False,False,False,False,False,True,True,True,True,False,True,False,False,False,False,False,False,False
479759,STATE_ARMED,11.8,0.0,89.0,0.0,0.0,0.0,4.5,0.5,0.5,5.0,13.0,46.0,79.0,75.5,18.0,0.0,0.0,45.0,1,46.501,6.6005,8500.0,450.0,0.0,10,4.5,45.0,8498.7,-12.3,8500.0,False,False,False,False,False,False,False,False,False,False,False,True,True,True,True,False,True,False,False,False,False,False,False,False
480261,STATE_ARMED,11.8,0.0,89.0,0.0,0.0,0.0,4.5,0.5,0.5,5.0,13.0,46.0,79.0,75.5,18.0,0.0,0.0,45.0,1,46.501,6.6005,8500.0,450.0,0.0,10,4.5,45.0,8498.7,-12.3,8500.0,False,False,False,False,False,False,False,False,False,False,False,True,True,True,True,False,True,False,False,False,False,False,False,False
480763,STATE_ARMED,11.8,0.0,89.0,0.0,0.0,0.0,4.5,0.5,0.5,5.0,13.0,46.0,79.0,75.5,18.0,0.0,0.0,45.0,1,46.501,6.6005,8500.0,450.0,0.0,10,4.5,45.0,8498.7,-12.3,8500.0,False,False,False,False,False,False,False,False,False,False,False,True,True,True,True,False,True,False,False,False,False,False,False,False
481264,STATE_ARMED,11.8,0.0,89.0,0.0,0.0,0.0,4.5,0.5,0.5,5.0,13.0,46.0,79.0,75.5,18.0,0.0,0.0,45.0,1,46.501,6.6005,8500.0,450.0,0.0,10,4.5,45.0,8498.7,-12.3,8500.0,False,False,False,False,False,False,False,False,False,False,False,True,True,True,True,False,True,False,False,False,False,False,False,False
481767,STATE_ARMED,11.8,0.0,89.0,0.0,0.0,0.0,4.5,0.5,0.5,5.0,13.0,46.0,79.0,75.5,18.0,0.0,0.0,45.0,1,46.501,6.6005,8500.0,450.0,0.0,10,4.5,45.0,8498.7,-12.3,8500.0,False,False,False,False,False,False,False,False,False,False,False,True,True,True,True,False,True,False,False,False,False,False,False,False
482269,STATE_ARMED,11.8,0.0,89.0,0.0,0.0,0.0,4.5,0.5,0.5,5.0,13.0,46.0,79.0,75.5,18.0,0.0,0.0,45.0,1,46.501,6.6005,8500.0,450.0,0.0,10,4.5,45.0,8498.7,-12.3,8500.0,False,False,False,False,False,False,False,False,False,False,False,True,True,True,True,False,True,False,False,False,False,False,False,False
482771,STATE_ARMED,11.8,0.0,89.0,0.0,0.0,0.0,4.5,0.5,0.5,5.0,13.0,46.0,79.0,75.5,18.0,0.0,0.0,45.0,1,46.501,6.6005,8500.0,450.0,0.0,10,4.5,45.0,8498.7,-12.3,8500.0,False,False,False,False,False,False,False,False,False,False,False,True,True,True,True,False,True,False,False,False,False,False,False,False
483273,STATE_ARMED,11.8,0.0,89.0,0.0,0.0,0.0,4.5,0.5,0.5,5.0,13.0,46.0,79.0,75.5,18.0,0.0,0.0,45.0,1,46.501,6.6005,8500.0,450.0,0.0,10,4.5,45.0,8498.7,-12.3,8500.0,False,False,False,False,False,False,False,False,False,False,False,True,True,True,True,False,True,False,False,False,False,False,False,False
483776,STATE_ARMED,11.8,0.0,89.0,0.0,0.0,0.0,4.5,0.5,0.5,5.0,13.0,46.0,79.0,75.5,18.0,0.0,0.0,45.0,1,46.501,6.6005,8500.0,450.0,0.0,10,4.5,45.0,8498.7,-12.3,8500.0,False,False,False,False,False,False,False,False,False,False,False,True,True,True,True,False,True,False,False,False,False,False,False,False
484278,STATE_ARMED,11.8,0.0,89.0,0.0,0.0,0.0,4.5,0.5,0.5,5.0,13.0,46.0,79.0,75.5,18.0,0.0,0.0,45.0,1,46.501,6.6005,8500.0,450.0,0.0,10,4.5,45.0,8498.7,-12.3,8500.0,False,False,False,False,False,False,False,False,False,False,False,True,True,True,True,False,True,False,False,False,False,False,False,False
484780,STATE_ARMED,11.8,0.0,89.0,0.0,0.0,0.0,4.5,0.5,0.5,5.0,13.0,46.0,79.0,75.5,18.0,0.0,0.0,45.0,1,46.501,6.6005,8500.0,450.0,0.0,10,4.5,45.0,8498.7,-12.3,8500.0,False,False,False,False,False,False,False,False,False,False,False,True,True,True,True,False,True,False,False,False,False,False,False,False
485282,STATE_ARMED,11.8,0.0,89.0,0.0,0.0,0.0,4.5,0.5,0.5,5.0,13.0,46.0,79.0,75.5,18.0,0.0,0.0,45.0,1,46.501,6.6005,8500.0,450.0,0.0,10,4.5,45.0,8498.7,-12.3,8500.0,False,False,False,False,False,False,False,False,False,False,False,True,True,True,True,False,True,False,False,False,False,False,False,False
