time_boot_ms,mission_state,battery_mv,roll,pitch,yaw,imu_acc_x,imu_acc_y,imu_acc_z,imu_gyro_x,imu_gyro_y,imu_gyro_z,imu_mag_x,imu_mag_y,imu_mag_z,pressure_hpa,temp_celsius,highg_acc_x,highg_acc_y,highg_acc_z,gps_fix,lat,lon,gps_alt,vel,cog,satellites_nb,imu_acc_vertical,highg_acc_vertical,kalman_z,kalman_v,altitude_msl_m,FLAG_IDEFIX_OK,FLAG_BT_OK,FLAG_FLASH_OK,FLAG_SD_OK,FLAG_TEMP_OK,FLAG_HIGHG_OK,FLAG_GPS_OK,FLAG_BARO_OK,FLAG_IMU_OK,FLAG_RADIO_OK,FLAG_PYROS_ARMED_OK,FLAG_PYRO1_CONN,FLAG_PYRO2_CONN,FLAG_PYRO3_CONN,FLAG_PYRO4_CONN,FLAG_PYRO1_FIRED,FLAG_PYRO2_FIRED,FLAG_PYRO3_FIRED,FLAG_PYRO4_FIRED,FLAG_APOGEE_DETECTED,FLAG_MAIN_DEPLOYED,FLAG_DROGUE_DEPLOYED,FLAG_MACH_LOCK_ENABLED
11873020,STATE_ARMED,11.8,0.0,0.89,0.0,0.0,0.0,0.045,0.005,0.005,0.05,0.13,0.46,0.79,750.2000122070312,18.0,0.0,0.0,0.45,1,46.501,6.6005,8500.0,450.0,0.0,10,4.5,45.0,84.987001953125,-0.12300000190734864,8500.0,False,False,False,False,False,False,False,False,False,False,False,True,True,True,True,False,True,False,False,False,False,False,False
11873524,STATE_ARMED,11.8,0.0,0.89,0.0,0.0,0.0,0.045,0.005,0.005,0.05,0.13,0.46,0.79,750.2000122070312,18.0,0.0,0.0,0.45,1,46.501,6.6005,8500.0,450.0,0.0,10,4.5,45.0,84.987001953125,-0.12300000190734864,8500.0,False,False,False,False,False,False,False,False,False,False,False,True,True,True,True,False,True,False,False,False,False,False,False
11874032,STATE_ARMED,11.8,0.0,0.89,0.0,0.0,0.0,0.045,0.005,0.005,0.05,0.13,0.46,0.79,750.2000122070312,18.0,0.0,0.0,0.45,1,46.501,6.6005,8500.0,450.0,0.0,10,4.5,45.0,84.987001953125,-0.12300000190734864,8500.0,False,False,False,False,False,False,False,False,False,False,False,True,True,True,True,False,True,False,False,False,False,False,False
11874538,STATE_ARMED,11.8,0.0,0.89,0.0,0.0,0.0,0.045,0.005,0.005,0.05,0.13,0.46,0.79,750.2000122070312,18.0,0.0,0.0,0.45,1,46.501,6.6005,8500.0,450.0,0.0,10,4.5,45.0,84.987001953125,-0.12300000190734864,8500.0,False,False,False,False,False,False,False,False,False,False,False,True,True,True,True,False,True,False,False,False,False,False,False
11875047,STATE_ARMED,11.8,0.0,0.89,0.0,0.0,0.0,0.045,0.005,0.005,0.05,0.13,0.46,0.79,750.2000122070312,18.0,0.0,0.0,0.45,1,46.501,6.6005,8500.0,450.0,0.0,10,4.5,45.0,84.987001953125,-0.12300000190734864,8500.0,False,False,False,False,False,False,False,False,False,False,False,True,True,True,True,False,True,False,False,False,False,False,False
11875557,STATE_ARMED,11.8,0.0,0.89,0.0,0.0,0.0,0.045,0.005,0.005,0.05,0.13,0.46,0.79,750.2000122070312,18.0,0.0,0.0,0.45,1,46.501,6.6005,8500.0,450.0,0.0,10,4.5,45.0,84.987001953125,-0.12300000190734864,8500.0,False,False,False,False,False,False,False,False,False,False,False,True,True,True,True,False,True,False,False,False,False,False,False
11876068,STATE_ARMED,11.8,0.0,0.89,0.0,0.0,0.0,0.045,0.005,0.005,0.05,0.13,0.46,0.79,750.2000122070312,18.0,0.0,0.0,0.45,1,46.501,6.6005,8500.0,450.0,0.0,10,4.5,45.0,84.987001953125,-0.12300000190734864,8500.0,False,False,False,False,False,False,False,False,False,False,False,True,True,True,True,False,True,False,False,False,False,False,False
11876576,STATE_ARMED,11.8,0.0,0.89,0.0,0.0,0.0,0.045,0.005,0.005,0.05,0.13,0.46,0.79,750.2000122070312,18.0,0.0,0.0,0.45,1,46.501,6.6005,8500.0,450.0,0.0,10,4.5,45.0,84.987001953125,-0.12300000190734864,8500.0,False,False,False,False,False,False,False,False,False,False,False,True,True,True,True,False,True,False,False,False,False,False,False
11877086,STATE_ARMED,11.8,0.0,0.89,0.0,0.0,0.0,0.045,0.005,0.005,0.05,0.13,0.46,0.79,750.2000122070312,18.0,0.0,0.0,0.45,1,46.501,6.6005,8500.0,450.0,0.0,10,4.5,45.0,84.987001953125,-0.12300000190734864,8500.0,False,False,False,False,False,False,False,False,False,False,False,True,True,True,True,False,True,False,False,False,False,False,False
11877594,STATE_ARMED,11.8,0.0,0.89,0.0,0.0,0.0,0.045,0.005,0.005,0.05,0.13,0.46,0.79,750.2000122070312,18.0,0.0,0.0,0.45,1,46.501,6.6005,8500.0,450.0,0.0,10,4.5,45.0,84.987001953125,-0.12300000190734864,8500.0,False,False,False,False,False,False,False,False,False,False,False,True,True,True,True,False,True,False,False,False,False,False,False
11878100,STATE_ARMED,11.8,0.0,0.89,0.0,0.0,0.0,0.045,0.005,0.005,0.05,0.13,0.46,0.79,750.2000122070312,18.0,0.0,0.0,0.45,1,46.501,6.6005,8500.0,450.0,0.0,10,4.5,45.0,84.987001953125,-0.12300000190734864,8500.0,False,False,False,False,False,False,False,False,False,False,False,True,True,True,True,False,True,False,False,False,False,False,False
11878610,STATE_ARMED,11.8,0.0,0.89,0.0,0.0,0.0,0.045,0.005,0.005,0.05,0.13,0.46,0.79,750.2000122070312,18.0,0.0,0.0,0.45,1,46.501,6.6005,8500.0,450.0,0.0,10,4.5,45.0,84.987001953125,-0.12300000190734864,8500.0,False,False,False,False,False,False,False,False,False,False,False,True,True,True,True,False,True,False,False,False,False,False,False
11879116,STATE_ARMED,11.8,0.0,0.89,0.0,0.0,0.0,0.045,0.005,0.005,0.05,0.13,0.46,0.79,750.2000122070312,18.0,0.0,0.0,0.45,1,46.501,6.6005,8500.0,450.0,0.0,10,4.5,45.0,84.987001953125,-0.12300000190734864,8500.0,False,False,False,False,False,False,False,False,False,False,False,True,True,True,True,False,True,False,False,False,False,False,False
11879627,STATE_ARMED,11.8,0.0,0.89,0.0,0.0,0.0,0.045,0.005,0.005,0.05,0.13,0.46,0.79,750.2000122070312,18.0,0.0,0.0,0.45,1,46.501,6.6005,8500.0,450.0,0.0,10,4.5,45.0,84.987001953125,-0.12300000190734864,8500.0,False,False,False,False,False,False,False,False,False,False,False,True,True,True,True,False,True,False,False,False,False,False,False
11880135,STATE_ARMED,11.8,0.0,0.89,0.0,0.0,0.0,0.045,0.005,0.005,0.05,0.13,0.46,0.79,750.2000122070312,18.0,0.0,0.0,0.45,1,46.501,6.6005,8500.0,450.0,0.0,10,4.5,45.0,84.987001953125,-0.12300000190734864,8500.0,False,False,False,False,False,False,False,False,False,False,False,True,True,True,True,False,True,False,False,False,False,False,False
11880642,STATE_ARMED,11.8,0.0,0.89,0.0,0.0,0.0,0.045,0.005,0.005,0.05,0.13,0.46,0.79,750.2000122070312,18.0,0.0,0.0,0.45,1,46.501,6.6005,8500.0,450.0,0.0,10,4.5,45.0,84.987001953125,-0.12300000190734864,8500.0,False,False,False,False,False,False,False,False,False,False,False,True,True,True,True,False,True,False,False,False,False,False,False
11881153,STATE_ARMED,11.8,0.0,0.89,0.0,0.0,0.0,0.045,0.005,0.005,0.05,0.13,0.46,0.79,750.2000122070312,18.0,0.0,0.0,0.45,1,46.501,6.6005,8500.0,450.0,0.0,10,4.5,45.0,84.987001953125,-0.12300000190734864,8500.0,False,False,False,False,False,False,False,False,False,False,False,True,True,True,True,False,True,False,False,False,False,False,False
11881664,STATE_ARMED,11.8,0.0,0.89,0.0,0.0,0.0,0.045,0.005,0.005,0.05,0.13,0.46,0.79,750.2000122070312,18.0,0.0,0.0,0.45,1,46.501,6.6005,8500.0,450.0,0.0,10,4.5,45.0,84.987001953125,-0.12300000190734864,8500.0,False,False,False,False,False,False,False,False,False,False,False,True,True,True,True,False,True,False,False,False,False,False,False
11882172,STATE_ARMED,11.8,0.0,0.89,0.0,0.0,0.0,0.045,0.005,0.005,0.05,0.13,0.46,0.79,750.2000122070312,18.0,0.0,0.0,0.45,1,46.501,6.6005,8500.0,450.0,0.0,10,4.5,45.0,84.987001953125,-0.12300000190734864,8500.0,False,False,False,False,False,False,False,False,False,False,False,True,True,True,True,False,True,False,False,False,False,False,False
11882681,STATE_ARMED,11.8,0.0,0.89,0.0,0.0,0.0,0.045,0.005,0.005,0.05,0.13,0.46,0.79,750.2000122070312,18.0,0.0,0.0,0.45,1,46.501,6.6005,8500.0,450.0,0.0,10,4.5,45.0,84.987001953125,-0.12300000190734864,8500.0,False,False,False,False,False,False,False,False,False,False,False,True,True,True,True,False,True,False,False,False,False,False,False
11883189,STATE_ARMED,11.8,0.0,0.89,0.0,0.0,0.0,0.045,0.005,0.005,0.05,0.13,0.46,0.79,750.2000122070312,18.0,0.0,0.0,0.45,1,46.501,6.6005,8500.0,450.0,0.0,10,4.5,45.0,84.987001953125,-0.12300000190734864,8500.0,False,False,False,False,False,False,False,False,False,False,False,True,True,True,True,False,True,False,False,False,False,False,False
11883691,STATE_ARMED,11.8,0.0,0.89,0.0,0.0,0.0,0.045,0.005,0.005,0.05,0.13,0.46,0.79,750.2000122070312,18.0,0.0,0.0,0.45,1,46.501,6.6005,8500.0,450.0,0.0,10,4.5,45.0,84.987001953125,-0.12300000190734864,8500.0,False,False,False,False,False,False,False,False,False,False,False,True,True,True,True,False,True,False,False,False,False,False,False
11884201,STATE_ARMED,11.8,0.0,0.89,0.0,0.0,0.0,0.045,0.005,0.005,0.05,0.13,0.46,0.79,750.2000122070312,18.0,0.0,0.0,0.45,1,46.501,6.6005,8500.0,450.0,0.0,10,4.5,45.0,84.987001953125,-0.12300000190734864,8500.0,False,False,False,False,False,False,False,False,False,False,False,True,True,True,True,False,True,False,False,False,False,False,False
11884708,STATE_ARMED,11.8,0.0,0.89,0.0,0.0,0.0,0.045,0.005,0.005,0.05,0.13,0.46,0.79,750.2000122070312,18.0,0.0,0.0,0.45,1,46.501,6.6005,8500.0,450.0,0.0,10,4.5,45.0,84.987001953125,-0.12300000190734864,8500.0,False,False,False,False,False,False,False,False,False,False,False,True,True,True,True,False,True,False,False,False,False,False,False
11885219,STATE_ARMED,11.8,0.0,0.89,0.0,0.0,0.0,0.045,0.005,0.005,0.05,0.13,0.46,0.79,750.2000122070312,18.0,0.0,0.0,0.45,1,46.501,6.6005,8500.0,450.0,0.0,10,4.5,45.0,84.987001953125,-0.12300000190734864,8500.0,False,False,False,False,False,False,False,False,False,False,False,True,True,True,True,False,True,False,False,False,False,False,False
11885729,STATE_ARMED,11.8,0.0,0.89,0.0,0.0,0.0,0.045,0.005,0.005,0.05,0.13,0.46,0.79,750.2000122070312,18.0,0.0,0.0,0.45,1,46.501,6.6005,8500.0,450.0,0.0,10,4.5,45.0,84.987001953125,-0.12300000190734864,8500.0,False,False,False,False,False,False,False,False,False,False,False,True,True,True,True,False,True,False,False,False,False,False,False
11886239,STATE_ARMED,11.8,0.0,0.89,0.0,0.0,0.0,0.045,0.005,0.005,0.05,0.13,0.46,0.79,750.2000122070312,18.0,0.0,0.0,0.45,1,46.501,6.6005,8500.0,450.0,0.0,10,4.5,45.0,84.987001953125,-0.12300000190734864,8500.0,False,False,False,False,False,False,False,False,False,False,False,True,True,True,True,False,True,False,False,False,False,False,False
11886747,STATE_ARMED,11.8,0.0,0.89,0.0,0.0,0.0,0.045,0.005,0.005,0.05,0.13,0.46,0.79,750.2000122070312,18.0,0.0,0.0,0.45,1,46.501,6.6005,8500.0,450.0,0.0,10,4.5,45.0,84.987001953125,-0.12300000190734864,8500.0,False,False,False,False,False,False,False,False,False,False,False,True,True,True,True,False,True,False,False,False,False,False,False
11887250,STATE_ARMED,11.8,0.0,0.89,0.0,0.0,0.0,0.045,0.005,0.005,0.05,0.13,0.46,0.79,750.2000122070312,18.0,0.0,0.0,0.45,1,46.501,6.6005,8500.0,450.0,0.0,10,4.5,45.0,84.987001953125,-0.12300000190734864,8500.0,False,False,False,False,False,False,False,False,False,False,False,True,True,True,True,False,True,False,False,False,False,False,False
11887760,STATE_ARMED,11.8,0.0,0.89,0.0,0.0,0.0,0.045,0.005,0.005,0.05,0.13,0.46,0.79,750.2000122070312,18.0,0.0,0.0,0.45,1,46.501,6.6005,8500.0,450.0,0.0,10,4.5,45.0,84.987001953125,-0.12300000190734864,8500.0,False,False,False,False,False,False,False,False,False,False,False,True,True,True,True,False,True,False,False,False,False,False,False
11888269,STATE_ARMED,11.8,0.0,0.89,0.0,0.0,0.0,0.045,0.005,0.005,0.05,0.13,0.46,0.79,750.2000122070312,18.0,0.0,0.0,0.45,1,46.501,6.6005,8500.0,450.0,0.0,10,4.5,45.0,84.987001953125,-0.12300000190734864,8500.0,False,False,False,False,False,False,False,False,False,False,False,True,True,True,True,False,True,False,False,False,False,False,False
11888779,STATE_ARMED,11.8,0.0,0.89,0.0,0.0,0.0,0.045,0.005,0.005,0.05,0.13,0.46,0.79,750.2000122070312,18.0,0.0,0.0,0.45,1,46.501,6.6005,8500.0,450.0,0.0,10,4.5,45.0,84.987001953125,-0.12300000190734864,8500.0,False,False,False,False,False,False,False,False,False,False,False,True,True,True,True,False,True,False,False,False,False,False,False
11889290,STATE_ARMED,11.8,0.0,0.89,0.0,0.0,0.0,0.045,0.005,0.005,0.05,0.13,0.46,0.79,750.2000122070312,18.0,0.0,0.0,0.45,1,46.501,6.6005,8500.0,450.0,0.0,10,4.5,45.0,84.987001953125,-0.12300000190734864,8500.0,False,False,False,False,False,False,False,False,False,False,False,True,True,True,True,False,True,False,False,False,False,False,False
11889801,STATE_ARMED,11.8,0.0,0.89,0.0,0.0,0.0,0.045,0.005,0.005,0.05,0.13,0.46,0.79,750.2000122070312,18.0,0.0,0.0,0.45,1,46.501,6.6005,8500.0,450.0,0.0,10,4.5,45.0,84.987001953125,-0.12300000190734864,8500.0,False,False,False,False,False,False,False,False,False,False,False,True,True,True,True,False,True,False,False,False,False,False,False
11890312,STATE_ARMED,11.8,0.0,0.89,0.0,0.0,0.0,0.045,0.005,0.005,0.05,0.13,0.46,0.79,750.2000122070312,18.0,0.0,0.0,0.45,1,46.501,6.6005,8500.0,450.0,0.0,10,4.5,45.0,84.987001953125,-0.12300000190734864,8500.0,False,False,False,False,False,False,False,False,False,False,False,True,True,True,True,False,True,False,False,False,False,False,False
11890819,STATE_ARMED,11.8,0.0,0.89,0.0,0.0,0.0,0.045,0.005,0.005,0.05,0.13,0.46,0.79,750.2000122070312,18.0,0.0,0.0,0.45,1,46.501,6.6005,8500.0,450.0,0.0,10,4.5,45.0,84.987001953125,-0.12300000190734864,8500.0,False,False,False,False,False,False,False,False,False,False,False,True,True,True,True,False,True,False,False,False,False,False,False
11891326,STATE_ARMED,11.8,0.0,0.89,0.0,0.0,0.0,0.045,0.005,0.005,0.05,0.13,0.46,0.79,750.2000122070312,18.0,0.0,0.0,0.45,1,46.501,6.6005,8500.0,450.0,0.0,10,4.5,45.0,84.987001953125,-0.12300000190734864,8500.0,False,False,False,False,False,False,False,False,False,False,False,True,True,True,True,False,True,False,False,False,False,False,False
11891833,STATE_ARMED,11.8,0.0,0.89,0.0,0.0,0.0,0.045,0.005,0.005,0.05,0.13,0.46,0.79,750.2000122070312,18.0,0.0,0.0,0.45,1,46.501,6.6005,8500.0,450.0,0.0,10,4.5,45.0,84.987001953125,-0.12300000190734864,8500.0,False,False,False,False,False,False,False,False,False,False,False,True,True,True,True,False,True,False,False,False,False,False,False
11892343,STATE_ARMED,11.8,0.0,0.89,0.0,0.0,0.0,0.045,0.005,0.005,0.05,0.13,0.46,0.79,750.2000122070312,18.0,0.0,0.0,0.45,1,46.501,6.6005,8500.0,450.0,0.0,10,4.5,45.0,84.987001953125,-0.12300000190734864,8500.0,False,False,False,False,False,False,False,False,False,False,False,True,True,True,True,False,True,False,False,False,False,False,False
11892854,STATE_ARMED,11.8,0.0,0.89,0.0,0.0,0.0,0.045,0.005,0.005,0.05,0.13,0.46,0.79,750.2000122070312,18.0,0.0,0.0,0.45,1,46.501,6.6005,8500.0,450.0,0.0,10,4.5,45.0,84.987001953125,-0.12300000190734864,8500.0,False,False,False,False,False,False,False,False,False,False,False,True,True,True,True,False,True,False,False,False,False,False,False
11893364,STATE_ARMED,11.8,0.0,0.89,0.0,0.0,0.0,0.045,0.005,0.005,0.05,0.13,0.46,0.79,750.2000122070312,18.0,0.0,0.0,0.45,1,46.501,6.6005,8500.0,450.0,0.0,10,4.5,45.0,84.987001953125,-0.12300000190734864,8500.0,False,False,False,False,False,False,False,False,False,False,False,True,True,True,True,False,True,False,False,False,False,False,False
11893875,STATE_ARMED,11.8,0.0,0.89,0.0,0.0,0.0,0.045,0.005,0.005,0.05,0.13,0.46,0.79,750.2000122070312,18.0,0.0,0.0,0.45,1,46.501,6.6005,8500.0,450.0,0.0,10,4.5,45.0,84.987001953125,-0.12300000190734864,8500.0,False,False,False,False,False,False,False,False,False,False,False,True,True,True,True,False,True,False,False,False,False,False,False
11894383,STATE_ARMED,11.8,0.0,0.89,0.0,0.0,0.0,0.045,0.005,0.005,0.05,0.13,0.46,0.79,750.2000122070312,18.0,0.0,0.0,0.45,1,46.501,6.6005,8500.0,450.0,0.0,10,4.5,45.0,84.987001953125,-0.12300000190734864,8500.0,False,False,False,False,False,False,False,False,False,False,False,True,True,True,True,False,True,False,False,False,False,False,False
11894890,STATE_ARMED,11.8,0.0,0.89,0.0,0.0,0.0,0.045,0.005,0.005,0.05,0.13,0.46,0.79,750.2000122070312,18.0,0.0,0.0,0.45,1,46.501,6.6005,8500.0,450.0,0.0,10,4.5,45.0,84.987001953125,-0.12300000190734864,8500.0,False,False,False,False,False,False,False,False,False,False,False,True,True,True,True,False,True,False,False,False,False,False,False
11895398,STATE_ARMED,11.8,0.0,0.89,0.0,0.0,0.0,0.045,0.005,0.005,0.05,0.13,0.46,0.79,750.2000122070312,18.0,0.0,0.0,0.45,1,46.501,6.6005,8500.0,450.0,0.0,10,4.5,45.0,84.987001953125,-0.12300000190734864,8500.0,False,False,False,False,False,False,False,False,False,False,False,True,True,True,True,False,True,False,False,False,False,False,False
11895908,STATE_ARMED,11.8,0.0,0.89,0.0,0.0,0.0,0.045,0.005,0.005,0.05,0.13,0.46,0.79,750.2000122070312,18.0,0.0,0.0,0.45,1,46.501,6.6005,8500.0,450.0,0.0,10,4.5,45.0,84.987001953125,-0.12300000190734864,8500.0,False,False,False,False,False,False,False,False,False,False,False,True,True,True,True,False,True,False,False,False,False,False,False
11896416,STATE_ARMED,11.8,0.0,0.89,0.0,0.0,0.0,0.045,0.005,0.005,0.05,0.13,0.46,0.79,750.2000122070312,18.0,0.0,0.0,0.45,1,46.501,6.6005,8500.0,450.0,0.0,10,4.5,45.0,84.987001953125,-0.12300000190734864,8500.0,False,False,False,False,False,False,False,False,False,False,False,True,True,True,True,False,True,False,False,False,False,False,False
11896922,STATE_ARMED,11.8,0.0,0.89,0.0,0.0,0.0,0.045,0.005,0.005,0.05,0.13,0.46,0.79,750.2000122070312,18.0,0.0,0.0,0.45,1,46.501,6.6005,8500.0,450.0,0.0,10,4.5,45.0,84.987001953125,-0.12300000190734864,8500.0,False,False,False,False,False,False,False,False,False,False,False,True,True,True,True,False,True,False,False,False,False,False,False
11897433,STATE_ARMED,11.8,0.0,0.89,0.0,0.0,0.0,0.045,0.005,0.005,0.05,0.13,0.46,0.79,750.2000122070312,18.0,0.0,0.0,0.45,1,46.501,6.6005,8500.0,450.0,0.0,10,4.5,45.0,84.987001953125,-0.12300000190734864,8500.0,False,False,False,False,False,False,False,False,False,False,False,True,True,True,True,False,True,False,False,False,False,False,False
11897969,STATE_ARMED,11.8,0.0,0.89,0.0,0.0,0.0,0.045,0.005,0.005,0.05,0.13,0.46,0.79,750.2000122070312,18.0,0.0,0.0,0.45,1,46.501,6.6005,8500.0,450.0,0.0,10,4.5,45.0,84.987001953125,-0.12300000190734864,8500.0,False,False,False,False,False,False,False,False,False,False,False,True,True,True,True,False,True,False,False,False,False,False,False
11898485,STATE_ARMED,11.8,0.0,0.89,0.0,0.0,0.0,0.045,0.005,0.005,0.05,0.13,0.46,0.79,750.2000122070312,18.0,0.0,0.0,0.45,1,46.501,6.6005,8500.0,450.0,0.0,10,4.5,45.0,84.987001953125,-0.12300000190734864,8500.0,False,False,False,False,False,False,False,False,False,False,False,True,True,True,True,False,True,False,False,False,False,False,False
11898994,STATE_ARMED,11.8,0.0,0.89,0.0,0.0,0.0,0.045,0.005,0.005,0.05,0.13,0.46,0.79,750.2000122070312,18.0,0.0,0.0,0.45,1,46.501,6.6005,8500.0,450.0,0.0,10,4.5,45.0,84.987001953125,-0.12300000190734864,8500.0,False,False,False,False,False,False,False,False,False,False,False,True,True,True,True,False,True,False,False,False,False,False,False
11899503,STATE_ARMED,11.8,0.0,0.89,0.0,0.0,0.0,0.045,0.005,0.005,0.05,0.13,0.46,0.79,750.2000122070312,18.0,0.0,0.0,0.45,1,46.501,6.6005,8500.0,450.0,0.0,10,4.5,45.0,84.987001953125,-0.12300000190734864,8500.0,False,False,False,False,False,False,False,False,False,False,False,True,True,True,True,False,True,False,False,False,False,False,False
11900009,STATE_ARMED,11.8,0.0,0.89,0.0,0.0,0.0,0.045,0.005,0.005,0.05,0.13,0.46,0.79,750.2000122070312,18.0,0.0,0.0,0.45,1,46.501,6.6005,8500.0,450.0,0.0,10,4.5,45.0,84.987001953125,-0.12300000190734864,8500.0,False,False,False,False,False,False,False,False,False,False,False,True,True,True,True,False,True,False,False,False,False,False,False
11900516,STATE_ARMED,11.8,0.0,0.89,0.0,0.0,0.0,0.045,0.005,0.005,0.05,0.13,0.46,0.79,750.2000122070312,18.0,0.0,0.0,0.45,1,46.501,6.6005,8500.0,450.0,0.0,10,4.5,45.0,84.987001953125,-0.12300000190734864,8500.0,False,False,False,False,False,False,False,False,False,False,False,True,True,True,True,False,True,False,False,False,False,False,False
11901022,STATE_ARMED,11.8,0.0,0.89,0.0,0.0,0.0,0.045,0.005,0.005,0.05,0.13,0.46,0.79,750.2000122070312,18.0,0.0,0.0,0.45,1,46.501,6.6005,8500.0,450.0,0.0,10,4.5,45.0,84.987001953125,-0.12300000190734864,8500.0,False,False,False,False,False,False,False,False,False,False,False,True,True,True,True,False,True,False,False,False,False,False,False
11901531,STATE_ARMED,11.8,0.0,0.89,0.0,0.0,0.0,0.045,0.005,0.005,0.05,0.13,0.46,0.79,750.2000122070312,18.0,0.0,0.0,0.45,1,46.501,6.6005,8500.0,450.0,0.0,10,4.5,45.0,84.987001953125,-0.12300000190734864,8500.0,False,False,False,False,False,False,False,False,False,False,False,True,True,True,True,False,True,False,False,False,False,False,False
11902038,STATE_ARMED,11.8,0.0,0.89,0.0,0.0,0.0,0.045,0.005,0.005,0.05,0.13,0.46,0.79,750.2000122070312,18.0,0.0,0.0,0.45,1,46.501,6.6005,8500.0,450.0,0.0,10,4.5,45.0,84.987001953125,-0.12300000190734864,8500.0,False,False,False,False,False,False,False,False,False,False,False,True,True,True,True,False,True,False,False,False,False,False,False
11902549,STATE_ARMED,11.8,0.0,0.89,0.0,0.0,0.0,0.045,0.005,0.005,0.05,0.13,0.46,0.79,750.2000122070312,18.0,0.0,0.0,0.45,1,46.501,6.6005,8500.0,450.0,0.0,10,4.5,45.0,84.987001953125,-0.12300000190734864,8500.0,False,False,False,False,False,False,False,False,False,False,False,True,True,True,True,False,True,False,False,False,False,False,False
11903060,STATE_ARMED,11.8,0.0,0.89,0.0,0.0,0.0,0.045,0.005,0.005,0.05,0.13,0.46,0.79,750.2000122070312,18.0,0.0,0.0,0.45,1,46.501,6.6005,8500.0,450.0,0.0,10,4.5,45.0,84.987001953125,-0.12300000190734864,8500.0,False,False,False,False,False,False,False,False,False,False,False,True,True,True,True,False,True,False,False,False,False,False,False
11903571,STATE_ARMED,11.8,0.0,0.89,0.0,0.0,0.0,0.045,0.005,0.005,0.05,0.13,0.46,0.79,750.2000122070312,18.0,0.0,0.0,0.45,1,46.501,6.6005,8500.0,450.0,0.0,10,4.5,45.0,84.987001953125,-0.12300000190734864,8500.0,False,False,False,False,False,False,False,False,False,False,False,True,True,True,True,False,True,False,False,False,False,False,False
11904078,STATE_ARMED,11.8,0.0,0.89,0.0,0.0,0.0,0.045,0.005,0.005,0.05,0.13,0.46,0.79,750.2000122070312,18.0,0.0,0.0,0.45,1,46.501,6.6005,8500.0,450.0,0.0,10,4.5,45.0,84.987001953125,-0.12300000190734864,8500.0,False,False,False,False,False,False,False,False,False,False,False,True,True,True,True,False,True,False,False,False,False,False,False
11904584,STATE_ARMED,11.8,0.0,0.89,0.0,0.0,0.0,0.045,0.005,0.005,0.05,0.13,0.46,0.79,750.2000122070312,18.0,0.0,0.0,0.45,1,46.501,6.6005,8500.0,450.0,0.0,10,4.5,45.0,84.987001953125,-0.12300000190734864,8500.0,False,False,False,False,False,False,False,False,False,False,False,True,True,True,True,False,True,False,False,False,False,False,False
11905094,STATE_ARMED,11.8,0.0,0.89,0.0,0.0,0.0,0.045,0.005,0.005,0.05,0.13,0.46,0.79,750.2000122070312,18.0,0.0,0.0,0.45,1,46.501,6.6005,8500.0,450.0,0.0,10,4.5,45.0,84.987001953125,-0.12300000190734864,8500.0,False,False,False,False,False,False,False,False,False,False,False,True,True,True,True,False,True,False,False,False,False,False,False
11905600,STATE_ARMED,11.8,0.0,0.89,0.0,0.0,0.0,0.045,0.005,0.005,0.05,0.13,0.46,0.79,750.2000122070312,18.0,0.0,0.0,0.45,1,46.501,6.6005,8500.0,450.0,0.0,10,4.5,45.0,84.987001953125,-0.12300000190734864,8500.0,False,False,False,False,False,False,False,False,False,False,False,True,True,True,True,False,True,False,False,False,False,False,False
11906107,STATE_ARMED,11.8,0.0,0.89,0.0,0.0,0.0,0.045,0.005,0.005,0.05,0.13,0.46,0.79,750.2000122070312,18.0,0.0,0.0,0.45,1,46.501,6.6005,8500.0,450.0,0.0,10,4.5,45.0,84.987001953125,-0.12300000190734864,8500.0,False,False,False,False,False,False,False,False,False,False,False,True,True,True,True,False,True,False,False,False,False,False,False
11906619,STATE_ARMED,11.8,0.0,0.89,0.0,0.0,0.0,0.045,0.005,0.005,0.05,0.13,0.46,0.79,750.2000122070312,18.0,0.0,0.0,0.45,1,46.501,6.6005,8500.0,450.0,0.0,10,4.5,45.0,84.987001953125,-0.12300000190734864,8500.0,False,False,False,False,False,False,False,False,False,False,False,True,True,True,True,False,True,False,False,False,False,False,False
11907128,STATE_ARMED,11.8,0.0,0.89,0.0,0.0,0.0,0.045,0.005,0.005,0.05,0.13,0.46,0.79,750.2000122070312,18.0,0.0,0.0,0.45,1,46.501,6.6005,8500.0,450.0,0.0,10,4.5,45.0,84.987001953125,-0.12300000190734864,8500.0,False,False,False,False,False,False,False,False,False,False,False,True,True,True,True,False,True,False,False,False,False,False,False
11907639,STATE_ARMED,11.8,0.0,0.89,0.0,0.0,0.0,0.045,0.005,0.005,0.05,0.13,0.46,0.79,750.2000122070312,18.0,0.0,0.0,0.45,1,46.501,6.6005,8500.0,450.0,0.0,10,4.5,45.0,84.987001953125,-0.12300000190734864,8500.0,False,False,False,False,False,False,False,False,False,False,False,True,True,True,True,False,True,False,False,False,False,False,False
11908150,STATE_ARMED,11.8,0.0,0.89,0.0,0.0,0.0,0.045,0.005,0.005,0.05,0.13,0.46,0.79,750.2000122070312,18.0,0.0,0.0,0.45,1,46.501,6.6005,8500.0,450.0,0.0,10,4.5,45.0,84.987001953125,-0.12300000190734864,8500.0,False,False,False,False,False,False,False,False,False,False,False,True,True,True,True,False,True,False,False,False,False,False,False
11908656,STATE_ARMED,11.8,0.0,0.89,0.0,0.0,0.0,0.045,0.005,0.005,0.05,0.13,0.46,0.79,750.2000122070312,18.0,0.0,0.0,0.45,1,46.501,6.6005,8500.0,450.0,0.0,10,4.5,45.0,84.987001953125,-0.12300000190734864,8500.0,False,False,False,False,False,False,False,False,False,False,False,True,True,True,True,False,True,False,False,False,False,False,False
11909167,STATE_ARMED,11.8,0.0,0.89,0.0,0.0,0.0,0.045,0.005,0.005,0.05,0.13,0.46,0.79,750.2000122070312,18.0,0.0,0.0,0.45,1,46.501,6.6005,8500.0,450.0,0.0,10,4.5,45.0,84.987001953125,-0.12300000190734864,8500.0,False,False,False,False,False,False,False,False,False,False,False,True,True,True,True,False,True,False,False,False,False,False,False
11909675,STATE_ARMED,11.8,0.0,0.89,0.0,0.0,0.0,0.045,0.005,0.005,0.05,0.13,0.46,0.79,750.2000122070312,18.0,0.0,0.0,0.45,1,46.501,6.6005,8500.0,450.0,0.0,10,4.5,45.0,84.987001953125,-0.12300000190734864,8500.0,False,False,False,False,False,False,False,False,False,False,False,True,True,True,True,False,True,False,False,False,False,False,False
11910186,STATE_ARMED,11.8,0.0,0.89,0.0,0.0,0.0,0.045,0.005,0.005,0.05,0.13,0.46,0.79,750.2000122070312,18.0,0.0,0.0,0.45,1,46.501,6.6005,8500.0,450.0,0.0,10,4.5,45.0,84.987001953125,-0.12300000190734864,8500.0,False,False,False,False,False,False,False,False,False,False,False,True,True,True,True,False,True,False,False,False,False,False,False
11910694,STATE_ARMED,11.8,0.0,0.89,0.0,0.0,0.0,0.045,0.005,0.005,0.05,0.13,0.46,0.79,750.2000122070312,18.0,0.0,0.0,0.45,1,46.501,6.6005,8500.0,450.0,0.0,10,4.5,45.0,84.987001953125,-0.12300000190734864,8500.0,False,False,False,False,False,False,False,False,False,False,False,True,True,True,True,False,True,False,False,False,False,False,False
11911200,STATE_ARMED,11.8,0.0,0.89,0.0,0.0,0.0,0.045,0.005,0.005,0.05,0.13,0.46,0.79,750.2000122070312,18.0,0.0,0.0,0.45,1,46.501,6.6005,8500.0,450.0,0.0,10,4.5,45.0,84.987001953125,-0.12300000190734864,8500.0,False,False,False,False,False,False,False,False,False,False,False,True,True,True,True,False,True,False,False,False,False,False,False
11911708,STATE_ARMED,11.8,0.0,0.89,0.0,0.0,0.0,0.045,0.005,0.005,0.05,0.13,0.46,0.79,750.2000122070312,18.0,0.0,0.0,0.45,1,46.501,6.6005,8500.0,450.0,0.0,10,4.5,45.0,84.987001953125,-0.12300000190734864,8500.0,False,False,False,False,False,False,False,False,False,False,False,True,True,True,True,False,True,False,False,False,False,False,False
11912217,STATE_ARMED,11.8,0.0,0.89,0.0,0.0,0.0,0.045,0.005,0.005,0.05,0.13,0.46,0.79,750.2000122070312,18.0,0.0,0.0,0.45,1,46.501,6.6005,8500.0,450.0,0.0,10,4.5,45.0,84.987001953125,-0.12300000190734864,8500.0,False,False,False,False,False,False,False,False,False,False,False,True,True,True,True,False,True,False,False,False,False,False,False
11912725,STATE_ARMED,11.8,0.0,0.89,0.0,0.0,0.0,0.045,0.005,0.005,0.05,0.13,0.46,0.79,750.2000122070312,18.0,0.0,0.0,0.45,1,46.501,6.6005,8500.0,450.0,0.0,10,4.5,45.0,84.987001953125,-0.12300000190734864,8500.0,False,False,False,False,False,False,False,False,False,False,False,True,True,True,True,False,True,False,False,False,False,False,False
11913232,STATE_ARMED,11.8,0.0,0.89,0.0,0.0,0.0,0.045,0.005,0.005,0.05,0.13,0.46,0.79,750.2000122070312,18.0,0.0,0.0,0.45,1,46.501,6.6005,8500.0,450.0,0.0,10,4.5,45.0,84.987001953125,-0.12300000190734864,8500.0,False,False,False,False,False,False,False,False,False,False,False,True,True,True,True,False,True,False,False,False,False,False,False
11913744,STATE_ARMED,11.8,0.0,0.89,0.0,0.0,0.0,0.045,0.005,0.005,0.05,0.13,0.46,0.79,750.2000122070312,18.0,0.0,0.0,0.45,1,46.501,6.6005,8500.0,450.0,0.0,10,4.5,45.0,84.987001953125,-0.12300000190734864,8500.0,False,False,False,False,False,False,False,False,False,False,False,True,True,True,True,False,True,False,False,False,False,False,False
11914254,STATE_ARMED,11.8,0.0,0.89,0.0,0.0,0.0,0.045,0.005,0.005,0.05,0.13,0.46,0.79,750.2000122070312,18.0,0.0,0.0,0.45,1,46.501,6.6005,8500.0,450.0,0.0,10,4.5,45.0,84.987001953125,-0.12300000190734864,8500.0,False,False,False,False,False,False,False,False,False,False,False,True,True,True,True,False,True,False,False,False,False,False,False
11914763,STATE_ARMED,11.8,0.0,0.89,0.0,0.0,0.0,0.045,0.005,0.005,0.05,0.13,0.46,0.79,750.2000122070312,18.0,0.0,0.0,0.45,1,46.501,6.6005,8500.0,450.0,0.0,10,4.5,45.0,84.987001953125,-0.12300000190734864,8500.0,False,False,False,False,False,False,False,False,False,False,False,True,True,True,True,False,True,False,False,False,False,False,False
11915274,STATE_ARMED,11.8,0.0,0.89,0.0,0.0,0.0,0.045,0.005,0.005,0.05,0.13,0.46,0.79,750.2000122070312,18.0,0.0,0.0,0.45,1,46.501,6.6005,8500.0,450.0,0.0,10,4.5,45.0,84.987001953125,-0.12300000190734864,8500.0,False,False,False,False,False,False,False,False,False,False,False,True,True,True,True,False,True,False,False,False,False,False,False
11915782,STATE_ARMED,11.8,0.0,0.89,0.0,0.0,0.0,0.045,0.005,0.005,0.05,0.13,0.46,0.79,750.2000122070312,18.0,0.0,0.0,0.45,1,46.501,6.6005,8500.0,450.0,0.0,10,4.5,45.0,84.987001953125,-0.12300000190734864,8500.0,False,False,False,False,False,False,False,False,False,False,False,True,True,True,True,False,True,False,False,False,False,False,False
11916293,STATE_ARMED,11.8,0.0,0.89,0.0,0.0,0.0,0.045,0.005,0.005,0.05,0.13,0.46,0.79,750.2000122070312,18.0,0.0,0.0,0.45,1,46.501,6.6005,8500.0,450.0,0.0,10,4.5,45.0,84.987001953125,-0.12300000190734864,8500.0,False,False,False,False,False,False,False,False,False,False,False,True,True,True,True,False,True,False,False,False,False,False,False
11916801,STATE_ARMED,11.8,0.0,0.89,0.0,0.0,0.0,0.045,0.005,0.005,0.05,0.13,0.46,0.79,750.2000122070312,18.0,0.0,0.0,0.45,1,46.501,6.6005,8500.0,450.0,0.0,10,4.5,45.0,84.987001953125,-0.12300000190734864,8500.0,False,False,False,False,False,False,False,False,False,False,False,True,True,True,True,False,True,False,False,False,False,False,False
11917309,STATE_ARMED,11.8,0.0,0.89,0.0,0.0,0.0,0.045,0.005,0.005,0.05,0.13,0.46,0.79,750.2000122070312,18.0,0.0,0.0,0.45,1,46.501,6.6005,8500.0,450.0,0.0,10,4.5,45.0,84.987001953125,-0.12300000190734864,8500.0,False,False,False,False,False,False,False,False,False,False,False,True,True,True,True,False,True,False,False,False,False,False,False
11917819,STATE_ARMED,11.8,0.0,0.89,0.0,0.0,0.0,0.045,0.005,0.005,0.05,0.13,0.46,0.79,750.2000122070312,18.0,0.0,0.0,0.45,1,46.501,6.6005,8500.0,450.0,0.0,10,4.5,45.0,84.987001953125,-0.12300000190734864,8500.0,False,False,False,False,False,False,False,False,False,False,False,True,True,True,True,False,True,False,False,False,False,False,False
11918331,STATE_ARMED,11.8,0.0,0.89,0.0,0.0,0.0,0.045,0.005,0.005,0.05,0.13,0.46,0.79,750.2000122070312,18.0,0.0,0.0,0.45,1,46.501,6.6005,8500.0,450.0,0.0,10,4.5,45.0,84.987001953125,-0.12300000190734864,8500.0,False,False,False,False,False,False,False,False,False,False,False,True,True,True,True,False,True,False,False,False,False,False,False
11918839,STATE_ARMED,11.8,0.0,0.89,0.0,0.0,0.0,0.045,0.005,0.005,0.05,0.13,0.46,0.79,750.2000122070312,18.0,0.0,0.0,0.45,1,46.501,6.6005,8500.0,450.0,0.0,10,4.5,45.0,84.987001953125,-0.12300000190734864,8500.0,False,False,False,False,False,False,False,False,False,False,False,True,True,True,True,False,True,False,False,False,False,False,False
11919345,STATE_ARMED,11.8,0.0,0.89,0.0,0.0,0.0,0.045,0.005,0.005,0.05,0.13,0.46,0.79,750.2000122070312,18.0,0.0,0.0,0.45,1,46.501,6.6005,8500.0,450.0,0.0,10,4.5,45.0,84.987001953125,-0.12300000190734864,8500.0,False,False,False,False,False,False,False,False,False,False,False,True,True,True,True,False,True,False,False,False,False,False,False
11919855,STATE_ARMED,11.8,0.0,0.89,0.0,0.0,0.0,0.045,0.005,0.005,0.05,0.13,0.46,0.79,750.2000122070312,18.0,0.0,0.0,0.45,1,46.501,6.6005,8500.0,450.0,0.0,10,4.5,45.0,84.987001953125,-0.12300000190734864,8500.0,False,False,False,False,False,False,False,False,False,False,False,True,True,True,True,False,True,False,False,False,False,False,False
11920364,STATE_ARMED,11.8,0.0,0.89,0.0,0.0,0.0,0.045,0.005,0.005,0.05,0.13,0.46,0.79,750.2000122070312,18.0,0.0,0.0,0.45,1,46.501,6.6005,8500.0,450.0,0.0,10,4.5,45.0,84.987001953125,-0.12300000190734864,8500.0,False,False,False,False,False,False,False,False,False,False,False,True,True,True,True,False,True,False,False,False,False,False,False
11920876,STATE_ARMED,11.8,0.0,0.89,0.0,0.0,0.0,0.045,0.005,0.005,0.05,0.13,0.46,0.79,750.2000122070312,18.0,0.0,0.0,0.45,1,46.501,6.6005,8500.0,450.0,0.0,10,4.5,45.0,84.987001953125,-0.12300000190734864,8500.0,False,False,False,False,False,False,False,False,False,False,False,True,True,True,True,False,True,False,False,False,False,False,False
11921382,STATE_ARMED,11.8,0.0,0.89,0.0,0.0,0.0,0.045,0.005,0.005,0.05,0.13,0.46,0.79,750.2000122070312,18.0,0.0,0.0,0.45,1,46.501,6.6005,8500.0,450.0,0.0,10,4.5,45.0,84.987001953125,-0.12300000190734864,8500.0,False,False,False,False,False,False,False,False,False,False,False,True,True,True,True,False,True,False,False,False,False,False,False
11921893,STATE_ARMED,11.8,0.0,0.89,0.0,0.0,0.0,0.045,0.005,0.005,0.05,0.13,0.46,0.79,750.2000122070312,18.0,0.0,0.0,0.45,1,46.501,6.6005,8500.0,450.0,0.0,10,4.5,45.0,84.987001953125,-0.12300000190734864,8500.0,False,False,False,False,False,False,False,False,False,False,False,True,True,True,True,False,True,False,False,False,False,False,False
11922398,STATE_ARMED,11.8,0.0,0.89,0.0,0.0,0.0,0.045,0.005,0.005,0.05,0.13,0.46,0.79,750.2000122070312,18.0,0.0,0.0,0.45,1,46.501,6.6005,8500.0,450.0,0.0,10,4.5,45.0,84.987001953125,-0.12300000190734864,8500.0,False,False,False,False,False,False,False,False,False,False,False,True,True,True,True,False,True,False,False,False,False,False,False
11922910,STATE_ARMED,11.8,0.0,0.89,0.0,0.0,0.0,0.045,0.005,0.005,0.05,0.13,0.46,0.79,750.2000122070312,18.0,0.0,0.0,0.45,1,46.501,6.6005,8500.0,450.0,0.0,10,4.5,45.0,84.987001953125,-0.12300000190734864,8500.0,False,False,False,False,False,False,False,False,False,False,False,True,True,True,True,False,True,False,False,False,False,False,False
11923419,STATE_ARMED,11.8,0.0,0.89,0.0,0.0,0.0,0.045,0.005,0.005,0.05,0.13,0.46,0.79,750.2000122070312,18.0,0.0,0.0,0.45,1,46.501,6.6005,8500.0,450.0,0.0,10,4.5,45.0,84.987001953125,-0.12300000190734864,8500.0,False,False,False,False,False,False,False,False,False,False,False,True,True,True,True,False,True,False,False,False,False,False,False
11923931,STATE_ARMED,11.8,0.0,0.89,0.0,0.0,0.0,0.045,0.005,0.005,0.05,0.13,0.46,0.79,750.2000122070312,18.0,0.0,0.0,0.45,1,46.501,6.6005,8500.0,450.0,0.0,10,4.5,45.0,84.987001953125,-0.12300000190734864,8500.0,False,False,False,False,False,False,False,False,False,False,False,True,True,True,True,False,True,False,False,False,False,False,False
11924442,STATE_ARMED,11.8,0.0,0.89,0.0,0.0,0.0,0.045,0.005,0.005,0.05,0.13,0.46,0.79,750.2000122070312,18.0,0.0,0.0,0.45,1,46.501,6.6005,8500.0,450.0,0.0,10,4.5,45.0,84.987001953125,-0.12300000190734864,8500.0,False,False,False,False,False,False,False,False,False,False,False,True,True,True,True,False,True,False,False,False,False,False,False
11924950,STATE_ARMED,11.8,0.0,0.89,0.0,0.0,0.0,0.045,0.005,0.005,0.05,0.13,0.46,0.79,750.2000122070312,18.0,0.0,0.0,0.45,1,46.501,6.6005,8500.0,450.0,0.0,10,4.5,45.0,84.987001953125,-0.12300000190734864,8500.0,False,False,False,False,False,False,False,False,False,False,False,True,True,True,True,False,True,False,False,False,False,False,False
11925459,STATE_ARMED,11.8,0.0,0.89,0.0,0.0,0.0,0.045,0.005,0.005,0.05,0.13,0.46,0.79,750.2000122070312,18.0,0.0,0.0,0.45,1,46.501,6.6005,8500.0,450.0,0.0,10,4.5,45.0,84.987001953125,-0.12300000190734864,8500.0,False,False,False,False,False,False,False,False,False,False,False,True,True,True,True,False,True,False,False,False,False,False,False
11925969,STATE_ARMED,11.8,0.0,0.89,0.0,0.0,0.0,0.045,0.005,0.005,0.05,0.13,0.46,0.79,750.2000122070312,18.0,0.0,0.0,0.45,1,46.501,6.6005,8500.0,450.0,0.0,10,4.5,45.0,84.987001953125,-0.12300000190734864,8500.0,False,False,False,False,False,False,False,False,False,False,False,True,True,True,True,False,True,False,False,False,False,False,False
11926475,STATE_ARMED,11.8,0.0,0.89,0.0,0.0,0.0,0.045,0.005,0.005,0.05,0.13,0.46,0.79,750.2000122070312,18.0,0.0,0.0,0.45,1,46.501,6.6005,8500.0,450.0,0.0,10,4.5,45.0,84.987001953125,-0.12300000190734864,8500.0,False,False,False,False,False,False,False,False,False,False,False,True,True,True,True,False,True,False,False,False,False,False,False
11926987,STATE_ARMED,11.8,0.0,0.89,0.0,0.0,0.0,0.045,0.005,0.005,0.05,0.13,0.46,0.79,750.2000122070312,18.0,0.0,0.0,0.45,1,46.501,6.6005,8500.0,450.0,0.0,10,4.5,45.0,84.987001953125,-0.12300000190734864,8500.0,False,False,False,False,False,False,False,False,False,False,False,True,True,True,True,False,True,False,False,False,False,False,False
11927497,STATE_ARMED,11.8,0.0,0.89,0.0,0.0,0.0,0.045,0.005,0.005,0.05,0.13,0.46,0.79,750.2000122070312,18.0,0.0,0.0,0.45,1,46.501,6.6005,8500.0,450.0,0.0,10,4.5,45.0,84.987001953125,-0.12300000190734864,8500.0,False,False,False,False,False,False,False,False,False,False,False,True,True,True,True,False,True,False,False,False,False,False,False
11928006,STATE_ARMED,11.8,0.0,0.89,0.0,0.0,0.0,0.045,0.005,0.005,0.05,0.13,0.46,0.79,750.2000122070312,18.0,0.0,0.0,0.45,1,46.501,6.6005,8500.0,450.0,0.0,10,4.5,45.0,84.987001953125,-0.12300000190734864,8500.0,False,False,False,False,False,False,False,False,False,False,False,True,True,True,True,False,True,False,False,False,False,False,False
11928513,STATE_ARMED,11.8,0.0,0.89,0.0,0.0,0.0,0.045,0.005,0.005,0.05,0.13,0.46,0.79,750.2000122070312,18.0,0.0,0.0,0.45,1,46.501,6.6005,8500.0,450.0,0.0,10,4.5,45.0,84.987001953125,-0.12300000190734864,8500.0,False,False,False,False,False,False,False,False,False,False,False,True,True,True,True,False,True,False,False,False,False,False,False
11929024,STATE_ARMED,11.8,0.0,0.89,0.0,0.0,0.0,0.045,0.005,0.005,0.05,0.13,0.46,0.79,750.2000122070312,18.0,0.0,0.0,0.45,1,46.501,6.6005,8500.0,450.0,0.0,10,4.5,45.0,84.987001953125,-0.12300000190734864,8500.0,False,False,False,False,False,False,False,False,False,False,False,True,True,True,True,False,True,False,False,False,False,False,False
11929531,STATE_ARMED,11.8,0.0,0.89,0.0,0.0,0.0,0.045,0.005,0.005,0.05,0.13,0.46,0.79,750.2000122070312,18.0,0.0,0.0,0.45,1,46.501,6.6005,8500.0,450.0,0.0,10,4.5,45.0,84.987001953125,-0.12300000190734864,8500.0,False,False,False,False,False,False,False,False,False,False,False,True,True,True,True,False,True,False,False,False,False,False,False
11930039,STATE_ARMED,11.8,0.0,0.89,0.0,0.0,0.0,0.045,0.005,0.005,0.05,0.13,0.46,0.79,750.2000122070312,18.0,0.0,0.0,0.45,1,46.501,6.6005,8500.0,450.0,0.0,10,4.5,45.0,84.987001953125,-0.12300000190734864,8500.0,False,False,False,False,False,False,False,False,False,False,False,True,True,True,True,False,True,False,False,False,False,False,False
11930548,STATE_ARMED,11.8,0.0,0.89,0.0,0.0,0.0,0.045,0.005,0.005,0.05,0.13,0.46,0.79,750.2000122070312,18.0,0.0,0.0,0.45,1,46.501,6.6005,8500.0,450.0,0.0,10,4.5,45.0,84.987001953125,-0.12300000190734864,8500.0,False,False,False,False,False,False,False,False,False,False,False,True,True,True,True,False,True,False,False,False,False,False,False
11931057,STATE_ARMED,11.8,0.0,0.89,0.0,0.0,0.0,0.045,0.005,0.005,0.05,0.13,0.46,0.79,750.2000122070312,18.0,0.0,0.0,0.45,1,46.501,6.6005,8500.0,450.0,0.0,10,4.5,45.0,84.987001953125,-0.12300000190734864,8500.0,False,False,False,False,False,False,False,False,False,False,False,True,True,True,True,False,True,False,False,False,False,False,False
11931563,STATE_ARMED,11.8,0.0,0.89,0.0,0.0,0.0,0.045,0.005,0.005,0.05,0.13,0.46,0.79,750.2000122070312,18.0,0.0,0.0,0.45,1,46.501,6.6005,8500.0,450.0,0.0,10,4.5,45.0,84.987001953125,-0.12300000190734864,8500.0,False,False,False,False,False,False,False,False,False,False,False,True,True,True,True,False,True,False,False,False,False,False,False
11932072,STATE_ARMED,11.8,0.0,0.89,0.0,0.0,0.0,0.045,0.005,0.005,0.05,0.13,0.46,0.79,750.2000122070312,18.0,0.0,0.0,0.45,1,46.501,6.6005,8500.0,450.0,0.0,10,4.5,45.0,84.987001953125,-0.12300000190734864,8500.0,False,False,False,False,False,False,False,False,False,False,False,True,True,True,True,False,True,False,False,False,False,False,False
11932579,STATE_ARMED,11.8,0.0,0.89,0.0,0.0,0.0,0.045,0.005,0.005,0.05,0.13,0.46,0.79,750.2000122070312,18.0,0.0,0.0,0.45,1,46.501,6.6005,8500.0,450.0,0.0,10,4.5,45.0,84.987001953125,-0.12300000190734864,8500.0,False,False,False,False,False,False,False,False,False,False,False,True,True,True,True,False,True,False,False,False,False,False,False
11933089,STATE_ARMED,11.8,0.0,0.89,0.0,0.0,0.0,0.045,0.005,0.005,0.05,0.13,0.46,0.79,750.2000122070312,18.0,0.0,0.0,0.45,1,46.501,6.6005,8500.0,450.0,0.0,10,4.5,45.0,84.987001953125,-0.12300000190734864,8500.0,False,False,False,False,False,False,False,False,False,False,False,True,True,True,True,False,True,False,False,False,False,False,False
11933596,STATE_ARMED,11.8,0.0,0.89,0.0,0.0,0.0,0.045,0.005,0.005,0.05,0.13,0.46,0.79,750.2000122070312,18.0,0.0,0.0,0.45,1,46.501,6.6005,8500.0,450.0,0.0,10,4.5,45.0,84.987001953125,-0.12300000190734864,8500.0,False,False,False,False,False,False,False,False,False,False,False,True,True,True,True,False,True,False,False,False,False,False,False
11934104,STATE_ARMED,11.8,0.0,0.89,0.0,0.0,0.0,0.045,0.005,0.005,0.05,0.13,0.46,0.79,750.2000122070312,18.0,0.0,0.0,0.45,1,46.501,6.6005,8500.0,450.0,0.0,10,4.5,45.0,84.987001953125,-0.12300000190734864,8500.0,False,False,False,False,False,False,False,False,False,False,False,True,True,True,True,False,True,False,False,False,False,False,False
11934614,STATE_ARMED,11.8,0.0,0.89,0.0,0.0,0.0,0.045,0.005,0.005,0.05,0.13,0.46,0.79,750.2000122070312,18.0,0.0,0.0,0.45,1,46.501,6.6005,8500.0,450.0,0.0,10,4.5,45.0,84.987001953125,-0.12300000190734864,8500.0,False,False,False,False,False,False,False,False,False,False,False,True,True,True,True,False,True,False,False,False,False,False,False
11935126,STATE_ARMED,11.8,0.0,0.89,0.0,0.0,0.0,0.045,0.005,0.005,0.05,0.13,0.46,0.79,750.2000122070312,18.0,0.0,0.0,0.45,1,46.501,6.6005,8500.0,450.0,0.0,10,4.5,45.0,84.987001953125,-0.12300000190734864,8500.0,False,False,False,False,False,False,False,False,False,False,False,True,True,True,True,False,True,False,False,False,False,False,False
11935632,STATE_ARMED,11.8,0.0,0.89,0.0,0.0,0.0,0.045,0.005,0.005,0.05,0.13,0.46,0.79,750.2000122070312,18.0,0.0,0.0,0.45,1,46.501,6.6005,8500.0,450.0,0.0,10,4.5,45.0,84.987001953125,-0.12300000190734864,8500.0,False,False,False,False,False,False,False,False,False,False,False,True,True,True,True,False,True,False,False,False,False,False,False
11936144,STATE_ARMED,11.8,0.0,0.89,0.0,0.0,0.0,0.045,0.005,0.005,0.05,0.13,0.46,0.79,750.2000122070312,18.0,0.0,0.0,0.45,1,46.501,6.6005,8500.0,450.0,0.0,10,4.5,45.0,84.987001953125,-0.12300000190734864,8500.0,False,False,False,False,False,False,False,False,False,False,False,True,True,True,True,False,True,False,False,False,False,False,False
11936655,STATE_ARMED,11.8,0.0,0.89,0.0,0.0,0.0,0.045,0.005,0.005,0.05,0.13,0.46,0.79,750.2000122070312,18.0,0.0,0.0,0.45,1,46.501,6.6005,8500.0,450.0,0.0,10,4.5,45.0,84.987001953125,-0.12300000190734864,8500.0,False,False,False,False,False,False,False,False,False,False,False,True,True,True,True,False,True,False,False,False,False,False,False
11937162,STATE_ARMED,11.8,0.0,0.89,0.0,0.0,0.0,0.045,0.005,0.005,0.05,0.13,0.46,0.79,750.2000122070312,18.0,0.0,0.0,0.45,1,46.501,6.6005,8500.0,450.0,0.0,10,4.5,45.0,84.987001953125,-0.12300000190734864,8500.0,False,False,False,False,False,False,False,False,False,False,False,True,True,True,True,False,True,False,False,False,False,False,False
11937674,STATE_ARMED,11.8,0.0,0.89,0.0,0.0,0.0,0.045,0.005,0.005,0.05,0.13,0.46,0.79,750.2000122070312,18.0,0.0,0.0,0.45,1,46.501,6.6005,8500.0,450.0,0.0,10,4.5,45.0,84.987001953125,-0.12300000190734864,8500.0,False,False,False,False,False,False,False,False,False,False,False,True,True,True,True,False,True,False,False,False,False,False,False
11938182,STATE_ARMED,11.8,0.0,0.89,0.0,0.0,0.0,0.045,0.005,0.005,0.05,0.13,0.46,0.79,750.2000122070312,18.0,0.0,0.0,0.45,1,46.501,6.6005,8500.0,450.0,0.0,10,4.5,45.0,84.987001953125,-0.12300000190734864,8500.0,False,False,False,False,False,False,False,False,False,False,False,True,True,True,True,False,True,False,False,False,False,False,False
11938693,STATE_ARMED,11.8,0.0,0.89,0.0,0.0,0.0,0.045,0.005,0.005,0.05,0.13,0.46,0.79,750.2000122070312,18.0,0.0,0.0,0.45,1,46.501,6.6005,8500.0,450.0,0.0,10,4.5,45.0,84.987001953125,-0.12300000190734864,8500.0,False,False,False,False,False,False,False,False,False,False,False,True,True,True,True,False,True,False,False,False,False,False,False
11939204,STATE_ARMED,11.8,0.0,0.89,0.0,0.0,0.0,0.045,0.005,0.005,0.05,0.13,0.46,0.79,750.2000122070312,18.0,0.0,0.0,0.45,1,46.501,6.6005,8500.0,450.0,0.0,10,4.5,45.0,84.987001953125,-0.12300000190734864,8500.0,False,False,False,False,False,False,False,False,False,False,False,True,True,True,True,False,True,False,False,False,False,False,False
11939713,STATE_ARMED,11.8,0.0,0.89,0.0,0.0,0.0,0.045,0.005,0.005,0.05,0.13,0.46,0.79,750.2000122070312,18.0,0.0,0.0,0.45,1,46.501,6.6005,8500.0,450.0,0.0,10,4.5,45.0,84.987001953125,-0.12300000190734864,8500.0,False,False,False,False,False,False,False,False,False,False,False,True,True,True,True,False,True,False,False,False,False,False,False
11940222,STATE_ARMED,11.8,0.0,0.89,0.0,0.0,0.0,0.045,0.005,0.005,0.05,0.13,0.46,0.79,750.2000122070312,18.0,0.0,0.0,0.45,1,46.501,6.6005,8500.0,450.0,0.0,10,4.5,45.0,84.987001953125,-0.12300000190734864,8500.0,False,False,False,False,False,False,False,False,False,False,False,True,True,True,True,False,True,False,False,False,False,False,False
11940733,STATE_ARMED,11.8,0.0,0.89,0.0,0.0,0.0,0.045,0.005,0.005,0.05,0.13,0.46,0.79,750.2000122070312,18.0,0.0,0.0,0.45,1,46.501,6.6005,8500.0,450.0,0.0,10,4.5,45.0,84.987001953125,-0.12300000190734864,8500.0,False,False,False,False,False,False,False,False,False,False,False,True,True,True,True,False,True,False,False,False,False,False,False
11941245,STATE_ARMED,11.8,0.0,0.89,0.0,0.0,0.0,0.045,0.005,0.005,0.05,0.13,0.46,0.79,750.2000122070312,18.0,0.0,0.0,0.45,1,46.501,6.6005,8500.0,450.0,0.0,10,4.5,45.0,84.987001953125,-0.12300000190734864,8500.0,False,False,False,False,False,False,False,False,False,False,False,True,True,True,True,False,True,False,False,False,False,False,False
11941753,STATE_ARMED,11.8,0.0,0.89,0.0,0.0,0.0,0.045,0.005,0.005,0.05,0.13,0.46,0.79,750.2000122070312,18.0,0.0,0.0,0.45,1,46.501,6.6005,8500.0,450.0,0.0,10,4.5,45.0,84.987001953125,-0.12300000190734864,8500.0,False,False,False,False,False,False,False,False,False,False,False,True,True,True,True,False,True,False,False,False,False,False,False
11942264,STATE_ARMED,11.8,0.0,0.89,0.0,0.0,0.0,0.045,0.005,0.005,0.05,0.13,0.46,0.79,750.2000122070312,18.0,0.0,0.0,0.45,1,46.501,6.6005,8500.0,450.0,0.0,10,4.5,45.0,84.987001953125,-0.12300000190734864,8500.0,False,False,False,False,False,False,False,False,False,False,False,True,True,True,True,False,True,False,False,False,False,False,False
11942774,STATE_ARMED,11.8,0.0,0.89,0.0,0.0,0.0,0.045,0.005,0.005,0.05,0.13,0.46,0.79,750.2000122070312,18.0,0.0,0.0,0.45,1,46.501,6.6005,8500.0,450.0,0.0,10,4.5,45.0,84.987001953125,-0.12300000190734864,8500.0,False,False,False,False,False,False,False,False,False,False,False,True,True,True,True,False,True,False,False,False,False,False,False
11943279,STATE_ARMED,11.8,0.0,0.89,0.0,0.0,0.0,0.045,0.005,0.005,0.05,0.13,0.46,0.79,750.2000122070312,18.0,0.0,0.0,0.45,1,46.501,6.6005,8500.0,450.0,0.0,10,4.5,45.0,84.987001953125,-0.12300000190734864,8500.0,False,False,False,False,False,False,False,False,False,False,False,True,True,True,True,False,True,False,False,False,False,False,False
11943788,STATE_ARMED,11.8,0.0,0.89,0.0,0.0,0.0,0.045,0.005,0.005,0.05,0.13,0.46,0.79,750.2000122070312,18.0,0.0,0.0,0.45,1,46.501,6.6005,8500.0,450.0,0.0,10,4.5,45.0,84.987001953125,-0.12300000190734864,8500.0,False,False,False,False,False,False,False,False,False,False,False,True,True,True,True,False,True,False,False,False,False,False,False
11944299,STATE_ARMED,11.8,0.0,0.89,0.0,0.0,0.0,0.045,0.005,0.005,0.05,0.13,0.46,0.79,750.2000122070312,18.0,0.0,0.0,0.45,1,46.501,6.6005,8500.0,450.0,0.0,10,4.5,45.0,84.987001953125,-0.12300000190734864,8500.0,False,False,False,False,False,False,False,False,False,False,False,True,True,True,True,False,True,False,False,False,False,False,False
11944806,STATE_ARMED,11.8,0.0,0.89,0.0,0.0,0.0,0.045,0.005,0.005,0.05,0.13,0.46,0.79,750.2000122070312,18.0,0.0,0.0,0.45,1,46.501,6.6005,8500.0,450.0,0.0,10,4.5,45.0,84.987001953125,-0.12300000190734864,8500.0,False,False,False,False,False,False,False,False,False,False,False,True,True,True,True,False,True,False,False,False,False,False,False
11945317,STATE_ARMED,11.8,0.0,0.89,0.0,0.0,0.0,0.045,0.005,0.005,0.05,0.13,0.46,0.79,750.2000122070312,18.0,0.0,0.0,0.45,1,46.501,6.6005,8500.0,450.0,0.0,10,4.5,45.0,84.987001953125,-0.12300000190734864,8500.0,False,False,False,False,False,False,False,False,False,False,False,True,True,True,True,False,True,False,False,False,False,False,False
11945826,STATE_ARMED,11.8,0.0,0.89,0.0,0.0,0.0,0.045,0.005,0.005,0.05,0.13,0.46,0.79,750.2000122070312,18.0,0.0,0.0,0.45,1,46.501,6.6005,8500.0,450.0,0.0,10,4.5,45.0,84.987001953125,-0.12300000190734864,8500.0,False,False,False,False,False,False,False,False,False,False,False,True,True,True,True,False,True,False,False,False,False,False,False
11946336,STATE_ARMED,11.8,0.0,0.89,0.0,0.0,0.0,0.045,0.005,0.005,0.05,0.13,0.46,0.79,750.2000122070312,18.0,0.0,0.0,0.45,1,46.501,6.6005,8500.0,450.0,0.0,10,4.5,45.0,84.987001953125,-0.12300000190734864,8500.0,False,False,False,False,False,False,False,False,False,False,False,True,True,True,True,False,True,False,False,False,False,False,False
11946845,STATE_ARMED,11.8,0.0,0.89,0.0,0.0,0.0,0.045,0.005,0.005,0.05,0.13,0.46,0.79,750.2000122070312,18.0,0.0,0.0,0.45,1,46.501,6.6005,8500.0,450.0,0.0,10,4.5,45.0,84.987001953125,-0.12300000190734864,8500.0,False,False,False,False,False,False,False,False,False,False,False,True,True,True,True,False,True,False,False,False,False,False,False
11947353,STATE_ARMED,11.8,0.0,0.89,0.0,0.0,0.0,0.045,0.005,0.005,0.05,0.13,0.46,0.79,750.2000122070312,18.0,0.0,0.0,0.45,1,46.501,6.6005,8500.0,450.0,0.0,10,4.5,45.0,84.987001953125,-0.12300000190734864,8500.0,False,False,False,False,False,False,False,False,False,False,False,True,True,True,True,False,True,False,False,False,False,False,False
11947860,STATE_ARMED,11.8,0.0,0.89,0.0,0.0,0.0,0.045,0.005,0.005,0.05,0.13,0.46,0.79,750.2000122070312,18.0,0.0,0.0,0.45,1,46.501,6.6005,8500.0,450.0,0.0,10,4.5,45.0,84.987001953125,-0.12300000190734864,8500.0,False,False,False,False,False,False,False,False,False,False,False,True,True,True,True,False,True,False,False,False,False,False,False
11948371,STATE_ARMED,11.8,0.0,0.89,0.0,0.0,0.0,0.045,0.005,0.005,0.05,0.13,0.46,0.79,750.2000122070312,18.0,0.0,0.0,0.45,1,46.501,6.6005,8500.0,450.0,0.0,10,4.5,45.0,84.987001953125,-0.12300000190734864,8500.0,False,False,False,False,False,False,False,False,False,False,False,True,True,True,True,False,True,False,False,False,False,False,False
11948881,STATE_ARMED,11.8,0.0,0.89,0.0,0.0,0.0,0.045,0.005,0.005,0.05,0.13,0.46,0.79,750.2000122070312,18.0,0.0,0.0,0.45,1,46.501,6.6005,8500.0,450.0,0.0,10,4.5,45.0,84.987001953125,-0.12300000190734864,8500.0,False,False,False,False,False,False,False,False,False,False,False,True,True,True,True,False,True,False,False,False,False,False,False
11949392,STATE_ARMED,11.8,0.0,0.89,0.0,0.0,0.0,0.045,0.005,0.005,0.05,0.13,0.46,0.79,750.2000122070312,18.0,0.0,0.0,0.45,1,46.501,6.6005,8500.0,450.0,0.0,10,4.5,45.0,84.987001953125,-0.12300000190734864,8500.0,False,False,False,False,False,False,False,False,False,False,False,True,True,True,True,False,True,False,False,False,False,False,False
11949899,STATE_ARMED,11.8,0.0,0.89,0.0,0.0,0.0,0.045,0.005,0.005,0.05,0.13,0.46,0.79,750.2000122070312,18.0,0.0,0.0,0.45,1,46.501,6.6005,8500.0,450.0,0.0,10,4.5,45.0,84.987001953125,-0.12300000190734864,8500.0,False,False,False,False,False,False,False,False,False,False,False,True,True,True,True,False,True,False,False,False,False,False,False
11950410,STATE_ARMED,11.8,0.0,0.89,0.0,0.0,0.0,0.045,0.005,0.005,0.05,0.13,0.46,0.79,750.2000122070312,18.0,0.0,0.0,0.45,1,46.501,6.6005,8500.0,450.0,0.0,10,4.5,45.0,84.987001953125,-0.12300000190734864,8500.0,False,False,False,False,False,False,False,False,False,False,False,True,True,True,True,False,True,False,False,False,False,False,False
11950918,STATE_ARMED,11.8,0.0,0.89,0.0,0.0,0.0,0.045,0.005,0.005,0.05,0.13,0.46,0.79,750.2000122070312,18.0,0.0,0.0,0.45,1,46.501,6.6005,8500.0,450.0,0.0,10,4.5,45.0,84.987001953125,-0.12300000190734864,8500.0,False,False,False,False,False,False,False,False,False,False,False,True,True,True,True,False,True,False,False,False,False,False,False
11951428,STATE_ARMED,11.8,0.0,0.89,0.0,0.0,0.0,0.045,0.005,0.005,0.05,0.13,0.46,0.79,750.2000122070312,18.0,0.0,0.0,0.45,1,46.501,6.6005,8500.0,450.0,0.0,10,4.5,45.0,84.987001953125,-0.12300000190734864,8500.0,False,False,False,False,False,False,False,False,False,False,False,True,True,True,True,False,True,False,False,False,False,False,False
11951938,STATE_ARMED,11.8,0.0,0.89,0.0,0.0,0.0,0.045,0.005,0.005,0.05,0.13,0.46,0.79,750.2000122070312,18.0,0.0,0.0,0.45,1,46.501,6.6005,8500.0,450.0,0.0,10,4.5,45.0,84.987001953125,-0.12300000190734864,8500.0,False,False,False,False,False,False,False,False,False,False,False,True,True,True,True,False,True,False,False,False,False,False,False
11952449,STATE_ARMED,11.8,0.0,0.89,0.0,0.0,0.0,0.045,0.005,0.005,0.05,0.13,0.46,0.79,750.2000122070312,18.0,0.0,0.0,0.45,1,46.501,6.6005,8500.0,450.0,0.0,10,4.5,45.0,84.987001953125,-0.12300000190734864,8500.0,False,False,False,False,False,False,False,False,False,False,False,True,True,True,True,False,True,False,False,False,False,False,False
11952960,STATE_ARMED,11.8,0.0,0.89,0.0,0.0,0.0,0.045,0.005,0.005,0.05,0.13,0.46,0.79,750.2000122070312,18.0,0.0,0.0,0.45,1,46.501,6.6005,8500.0,450.0,0.0,10,4.5,45.0,84.987001953125,-0.12300000190734864,8500.0,False,False,False,False,False,False,False,False,False,False,False,True,True,True,True,False,True,False,False,False,False,False,False
11953472,STATE_ARMED,11.8,0.0,0.89,0.0,0.0,0.0,0.045,0.005,0.005,0.05,0.13,0.46,0.79,750.2000122070312,18.0,0.0,0.0,0.45,1,46.501,6.6005,8500.0,450.0,0.0,10,4.5,45.0,84.987001953125,-0.12300000190734864,8500.0,False,False,False,False,False,False,False,False,False,False,False,True,True,True,True,False,True,False,False,False,False,False,False
11953980,STATE_ARMED,11.8,0.0,0.89,0.0,0.0,0.0,0.045,0.005,0.005,0.05,0.13,0.46,0.79,750.2000122070312,18.0,0.0,0.0,0.45,1,46.501,6.6005,8500.0,450.0,0.0,10,4.5,45.0,84.987001953125,-0.12300000190734864,8500.0,False,False,False,False,False,False,False,False,False,False,False,True,True,True,True,False,True,False,False,False,False,False,False
11954488,STATE_ARMED,11.8,0.0,0.89,0.0,0.0,0.0,0.045,0.005,0.005,0.05,0.13,0.46,0.79,750.2000122070312,18.0,0.0,0.0,0.45,1,46.501,6.6005,8500.0,450.0,0.0,10,4.5,45.0,84.987001953125,-0.12300000190734864,8500.0,False,False,False,False,False,False,False,False,False,False,False,True,True,True,True,False,True,False,False,False,False,False,False
11954998,STATE_ARMED,11.8,0.0,0.89,0.0,0.0,0.0,0.045,0.005,0.005,0.05,0.13,0.46,0.79,750.2000122070312,18.0,0.0,0.0,0.45,1,46.501,6.6005,8500.0,450.0,0.0,10,4.5,45.0,84.987001953125,-0.12300000190734864,8500.0,False,False,False,False,False,False,False,False,False,False,False,True,True,True,True,False,True,False,False,False,False,False,False
11955506,STATE_ARMED,11.8,0.0,0.89,0.0,0.0,0.0,0.045,0.005,0.005,0.05,0.13,0.46,0.79,750.2000122070312,18.0,0.0,0.0,0.45,1,46.501,6.6005,8500.0,450.0,0.0,10,4.5,45.0,84.987001953125,-0.12300000190734864,8500.0,False,False,False,False,False,False,False,False,False,False,False,True,True,True,True,False,True,False,False,False,False,False,False
11956012,STATE_ARMED,11.8,0.0,0.89,0.0,0.0,0.0,0.045,0.005,0.005,0.05,0.13,0.46,0.79,750.2000122070312,18.0,0.0,0.0,0.45,1,46.501,6.6005,8500.0,450.0,0.0,10,4.5,45.0,84.987001953125,-0.12300000190734864,8500.0,False,False,False,False,False,False,False,False,False,False,False,True,True,True,True,False,True,False,False,False,False,False,False
11956518,STATE_ARMED,11.8,0.0,0.89,0.0,0.0,0.0,0.045,0.005,0.005,0.05,0.13,0.46,0.79,750.2000122070312,18.0,0.0,0.0,0.45,1,46.501,6.6005,8500.0,450.0,0.0,10,4.5,45.0,84.987001953125,-0.12300000190734864,8500.0,False,False,False,False,False,False,False,False,False,False,False,True,True,True,True,False,True,False,False,False,False,False,False
11957027,STATE_ARMED,11.8,0.0,0.89,0.0,0.0,0.0,0.045,0.005,0.005,0.05,0.13,0.46,0.79,750.2000122070312,18.0,0.0,0.0,0.45,1,46.501,6.6005,8500.0,450.0,0.0,10,4.5,45.0,84.987001953125,-0.12300000190734864,8500.0,False,False,False,False,False,False,False,False,False,False,False,True,True,True,True,False,True,False,False,False,False,False,False
11957539,STATE_ARMED,11.8,0.0,0.89,0.0,0.0,0.0,0.045,0.005,0.005,0.05,0.13,0.46,0.79,750.2000122070312,18.0,0.0,0.0,0.45,1,46.501,6.6005,8500.0,450.0,0.0,10,4.5,45.0,84.987001953125,-0.12300000190734864,8500.0,False,False,False,False,False,False,False,False,False,False,False,True,True,True,True,False,True,False,False,False,False,False,False
11958047,STATE_ARMED,11.8,0.0,0.89,0.0,0.0,0.0,0.045,0.005,0.005,0.05,0.13,0.46,0.79,750.2000122070312,18.0,0.0,0.0,0.45,1,46.501,6.6005,8500.0,450.0,0.0,10,4.5,45.0,84.987001953125,-0.12300000190734864,8500.0,False,False,False,False,False,False,False,False,False,False,False,True,True,True,True,False,True,False,False,False,False,False,False
11958556,STATE_ARMED,11.8,0.0,0.89,0.0,0.0,0.0,0.045,0.005,0.005,0.05,0.13,0.46,0.79,750.2000122070312,18.0,0.0,0.0,0.45,1,46.501,6.6005,8500.0,450.0,0.0,10,4.5,45.0,84.987001953125,-0.12300000190734864,8500.0,False,False,False,False,False,False,False,False,False,False,False,True,True,True,True,False,True,False,False,False,False,False,False
11959058,STATE_ARMED,11.8,0.0,0.89,0.0,0.0,0.0,0.045,0.005,0.005,0.05,0.13,0.46,0.79,750.2000122070312,18.0,0.0,0.0,0.45,1,46.501,6.6005,8500.0,450.0,0.0,10,4.5,45.0,84.987001953125,-0.12300000190734864,8500.0,False,False,False,False,False,False,False,False,False,False,False,True,True,True,True,False,True,False,False,False,False,False,False
11959569,STATE_ARMED,11.8,0.0,0.89,0.0,0.0,0.0,0.045,0.005,0.005,0.05,0.13,0.46,0.79,750.2000122070312,18.0,0.0,0.0,0.45,1,46.501,6.6005,8500.0,450.0,0.0,10,4.5,45.0,84.987001953125,-0.12300000190734864,8500.0,False,False,False,False,False,False,False,False,False,False,False,True,True,True,True,False,True,False,False,False,False,False,False
11960078,STATE_ARMED,11.8,0.0,0.89,0.0,0.0,0.0,0.045,0.005,0.005,0.05,0.13,0.46,0.79,750.2000122070312,18.0,0.0,0.0,0.45,1,46.501,6.6005,8500.0,450.0,0.0,10,4.5,45.0,84.987001953125,-0.12300000190734864,8500.0,False,False,False,False,False,False,False,False,False,False,False,True,True,True,True,False,True,False,False,False,False,False,False
11960588,STATE_ARMED,11.8,0.0,0.89,0.0,0.0,0.0,0.045,0.005,0.005,0.05,0.13,0.46,0.79,750.2000122070312,18.0,0.0,0.0,0.45,1,46.501,6.6005,8500.0,450.0,0.0,10,4.5,45.0,84.987001953125,-0.12300000190734864,8500.0,False,False,False,False,False,False,False,False,False,False,False,True,True,True,True,False,True,False,False,False,False,False,False
11961095,STATE_ARMED,11.8,0.0,0.89,0.0,0.0,0.0,0.045,0.005,0.005,0.05,0.13,0.46,0.79,750.2000122070312,18.0,0.0,0.0,0.45,1,46.501,6.6005,8500.0,450.0,0.0,10,4.5,45.0,84.987001953125,-0.12300000190734864,8500.0,False,False,False,False,False,False,False,False,False,False,False,True,True,True,True,False,True,False,False,False,False,False,False
11961607,STATE_ARMED,11.8,0.0,0.89,0.0,0.0,0.0,0.045,0.005,0.005,0.05,0.13,0.46,0.79,750.2000122070312,18.0,0.0,0.0,0.45,1,46.501,6.6005,8500.0,450.0,0.0,10,4.5,45.0,84.987001953125,-0.12300000190734864,8500.0,False,False,False,False,False,False,False,False,False,False,False,True,True,True,True,False,True,False,False,False,False,False,False
11962113,STATE_ARMED,11.8,0.0,0.89,0.0,0.0,0.0,0.045,0.005,0.005,0.05,0.13,0.46,0.79,750.2000122070312,18.0,0.0,0.0,0.45,1,46.501,6.6005,8500.0,450.0,0.0,10,4.5,45.0,84.987001953125,-0.12300000190734864,8500.0,False,False,False,False,False,False,False,False,False,False,False,True,True,True,True,False,True,False,False,False,False,False,False
11962623,STATE_ARMED,11.8,0.0,0.89,0.0,0.0,0.0,0.045,0.005,0.005,0.05,0.13,0.46,0.79,750.2000122070312,18.0,0.0,0.0,0.45,1,46.501,6.6005,8500.0,450.0,0.0,10,4.5,45.0,84.987001953125,-0.12300000190734864,8500.0,False,False,False,False,False,False,False,False,False,False,False,True,True,True,True,False,True,False,False,False,False,False,False
11963131,STATE_ARMED,11.8,0.0,0.89,0.0,0.0,0.0,0.045,0.005,0.005,0.05,0.13,0.46,0.79,750.2000122070312,18.0,0.0,0.0,0.45,1,46.501,6.6005,8500.0,450.0,0.0,10,4.5,45.0,84.987001953125,-0.12300000190734864,8500.0,False,False,False,False,False,False,False,False,False,False,False,True,True,True,True,False,True,False,False,False,False,False,False
11963639,STATE_ARMED,11.8,0.0,0.89,0.0,0.0,0.0,0.045,0.005,0.005,0.05,0.13,0.46,0.79,750.2000122070312,18.0,0.0,0.0,0.45,1,46.501,6.6005,8500.0,450.0,0.0,10,4.5,45.0,84.987001953125,-0.12300000190734864,8500.0,False,False,False,False,False,False,False,False,False,False,False,True,True,True,True,False,True,False,False,False,False,False,False
11964150,STATE_ARMED,11.8,0.0,0.89,0.0,0.0,0.0,0.045,0.005,0.005,0.05,0.13,0.46,0.79,750.2000122070312,18.0,0.0,0.0,0.45,1,46.501,6.6005,8500.0,450.0,0.0,10,4.5,45.0,84.987001953125,-0.12300000190734864,8500.0,False,False,False,False,False,False,False,False,False,False,False,True,True,True,True,False,True,False,False,False,False,False,False
11964661,STATE_ARMED,11.8,0.0,0.89,0.0,0.0,0.0,0.045,0.005,0.005,0.05,0.13,0.46,0.79,750.2000122070312,18.0,0.0,0.0,0.45,1,46.501,6.6005,8500.0,450.0,0.0,10,4.5,45.0,84.987001953125,-0.12300000190734864,8500.0,False,False,False,False,False,False,False,False,False,False,False,True,True,True,True,False,True,False,False,False,False,False,False
11965170,STATE_ARMED,11.8,0.0,0.89,0.0,0.0,0.0,0.045,0.005,0.005,0.05,0.13,0.46,0.79,750.2000122070312,18.0,0.0,0.0,0.45,1,46.501,6.6005,8500.0,450.0,0.0,10,4.5,45.0,84.987001953125,-0.12300000190734864,8500.0,False,False,False,False,False,False,False,False,False,False,False,True,True,True,True,False,True,False,False,False,False,False,False
11965681,STATE_ARMED,11.8,0.0,0.89,0.0,0.0,0.0,0.045,0.005,0.005,0.05,0.13,0.46,0.79,750.2000122070312,18.0,0.0,0.0,0.45,1,46.501,6.6005,8500.0,450.0,0.0,10,4.5,45.0,84.987001953125,-0.12300000190734864,8500.0,False,False,False,False,False,False,False,False,False,False,False,True,True,True,True,False,True,False,False,False,False,False,False
11966190,STATE_ARMED,11.8,0.0,0.89,0.0,0.0,0.0,0.045,0.005,0.005,0.05,0.13,0.46,0.79,750.2000122070312,18.0,0.0,0.0,0.45,1,46.501,6.6005,8500.0,450.0,0.0,10,4.5,45.0,84.987001953125,-0.12300000190734864,8500.0,False,False,False,False,False,False,False,False,False,False,False,True,True,True,True,False,True,False,False,False,False,False,False
11966698,STATE_ARMED,11.8,0.0,0.89,0.0,0.0,0.0,0.045,0.005,0.005,0.05,0.13,0.46,0.79,750.2000122070312,18.0,0.0,0.0,0.45,1,46.501,6.6005,8500.0,450.0,0.0,10,4.5,45.0,84.987001953125,-0.12300000190734864,8500.0,False,False,False,False,False,False,False,False,False,False,False,True,True,True,True,False,True,False,False,False,False,False,False
11967204,STATE_ARMED,11.8,0.0,0.89,0.0,0.0,0.0,0.045,0.005,0.005,0.05,0.13,0.46,0.79,750.2000122070312,18.0,0.0,0.0,0.45,1,46.501,6.6005,8500.0,450.0,0.0,10,4.5,45.0,84.987001953125,-0.12300000190734864,8500.0,False,False,False,False,False,False,False,False,False,False,False,True,True,True,True,False,True,False,False,False,False,False,False
11967713,STATE_ARMED,11.8,0.0,0.89,0.0,0.0,0.0,0.045,0.005,0.005,0.05,0.13,0.46,0.79,750.2000122070312,18.0,0.0,0.0,0.45,1,46.501,6.6005,8500.0,450.0,0.0,10,4.5,45.0,84.987001953125,-0.12300000190734864,8500.0,False,False,False,False,False,False,False,False,False,False,False,True,True,True,True,False,True,False,False,False,False,False,False
11968220,STATE_ARMED,11.8,0.0,0.89,0.0,0.0,0.0,0.045,0.005,0.005,0.05,0.13,0.46,0.79,750.2000122070312,18.0,0.0,0.0,0.45,1,46.501,6.6005,8500.0,450.0,0.0,10,4.5,45.0,84.987001953125,-0.12300000190734864,8500.0,False,False,False,False,False,False,False,False,False,False,False,True,True,True,True,False,True,False,False,False,False,False,False
11968726,STATE_ARMED,11.8,0.0,0.89,0.0,0.0,0.0,0.045,0.005,0.005,0.05,0.13,0.46,0.79,750.2000122070312,18.0,0.0,0.0,0.45,1,46.501,6.6005,8500.0,450.0,0.0,10,4.5,45.0,84.987001953125,-0.12300000190734864,8500.0,False,False,False,False,False,False,False,False,False,False,False,True,True,True,True,False,True,False,False,False,False,False,False
11969237,STATE_ARMED,11.8,0.0,0.89,0.0,0.0,0.0,0.045,0.005,0.005,0.05,0.13,0.46,0.79,750.2000122070312,18.0,0.0,0.0,0.45,1,46.501,6.6005,8500.0,450.0,0.0,10,4.5,45.0,84.987001953125,-0.12300000190734864,8500.0,False,False,False,False,False,False,False,False,False,False,False,True,True,True,True,False,True,False,False,False,False,False,False
11969745,STATE_ARMED,11.8,0.0,0.89,0.0,0.0,0.0,0.045,0.005,0.005,0.05,0.13,0.46,0.79,750.2000122070312,18.0,0.0,0.0,0.45,1,46.501,6.6005,8500.0,450.0,0.0,10,4.5,45.0,84.987001953125,-0.12300000190734864,8500.0,False,False,False,False,False,False,False,False,False,False,False,True,True,True,True,False,True,False,False,False,False,False,False
11970256,STATE_ARMED,11.8,0.0,0.89,0.0,0.0,0.0,0.045,0.005,0.005,0.05,0.13,0.46,0.79,750.2000122070312,18.0,0.0,0.0,0.45,1,46.501,6.6005,8500.0,450.0,0.0,10,4.5,45.0,84.987001953125,-0.12300000190734864,8500.0,False,False,False,False,False,False,False,False,False,False,False,True,True,True,True,False,True,False,False,False,False,False,False
11970767,STATE_ARMED,11.8,0.0,0.89,0.0,0.0,0.0,0.045,0.005,0.005,0.05,0.13,0.46,0.79,750.2000122070312,18.0,0.0,0.0,0.45,1,46.501,6.6005,8500.0,450.0,0.0,10,4.5,45.0,84.987001953125,-0.12300000190734864,8500.0,False,False,False,False,False,False,False,False,False,False,False,True,True,True,True,False,True,False,False,False,False,False,False
11971273,STATE_ARMED,11.8,0.0,0.89,0.0,0.0,0.0,0.045,0.005,0.005,0.05,0.13,0.46,0.79,750.2000122070312,18.0,0.0,0.0,0.45,1,46.501,6.6005,8500.0,450.0,0.0,10,4.5,45.0,84.987001953125,-0.12300000190734864,8500.0,False,False,False,False,False,False,False,False,False,False,False,True,True,True,True,False,True,False,False,False,False,False,False
11971782,STATE_ARMED,11.8,0.0,0.89,0.0,0.0,0.0,0.045,0.005,0.005,0.05,0.13,0.46,0.79,750.2000122070312,18.0,0.0,0.0,0.45,1,46.501,6.6005,8500.0,450.0,0.0,10,4.5,45.0,84.987001953125,-0.12300000190734864,8500.0,False,False,False,False,False,False,False,False,False,False,False,True,True,True,True,False,True,False,False,False,False,False,False
11972289,STATE_ARMED,11.8,0.0,0.89,0.0,0.0,0.0,0.045,0.005,0.005,0.05,0.13,0.46,0.79,750.2000122070312,18.0,0.0,0.0,0.45,1,46.501,6.6005,8500.0,450.0,0.0,10,4.5,45.0,84.987001953125,-0.12300000190734864,8500.0,False,False,False,False,False,False,False,False,False,False,False,True,True,True,True,False,True,False,False,False,False,False,False
11972800,STATE_ARMED,11.8,0.0,0.89,0.0,0.0,0.0,0.045,0.005,0.005,0.05,0.13,0.46,0.79,750.2000122070312,18.0,0.0,0.0,0.45,1,46.501,6.6005,8500.0,450.0,0.0,10,4.5,45.0,84.987001953125,-0.12300000190734864,8500.0,False,False,False,False,False,False,False,False,False,False,False,True,True,True,True,False,True,False,False,False,False,False,False
11973308,STATE_ARMED,11.8,0.0,0.89,0.0,0.0,0.0,0.045,0.005,0.005,0.05,0.13,0.46,0.79,750.2000122070312,18.0,0.0,0.0,0.45,1,46.501,6.6005,8500.0,450.0,0.0,10,4.5,45.0,84.987001953125,-0.12300000190734864,8500.0,False,False,False,False,False,False,False,False,False,False,False,True,True,True,True,False,True,False,False,False,False,False,False
11973815,STATE_ARMED,11.8,0.0,0.89,0.0,0.0,0.0,0.045,0.005,0.005,0.05,0.13,0.46,0.79,750.2000122070312,18.0,0.0,0.0,0.45,1,46.501,6.6005,8500.0,450.0,0.0,10,4.5,45.0,84.987001953125,-0.12300000190734864,8500.0,False,False,False,False,False,False,False,False,False,False,False,True,True,True,True,False,True,False,False,False,False,False,False
11974325,STATE_ARMED,11.8,0.0,0.89,0.0,0.0,0.0,0.045,0.005,0.005,0.05,0.13,0.46,0.79,750.2000122070312,18.0,0.0,0.0,0.45,1,46.501,6.6005,8500.0,450.0,0.0,10,4.5,45.0,84.987001953125,-0.12300000190734864,8500.0,False,False,False,False,False,False,False,False,False,False,False,True,True,True,True,False,True,False,False,False,False,False,False
11974834,STATE_ARMED,11.8,0.0,0.89,0.0,0.0,0.0,0.045,0.005,0.005,0.05,0.13,0.46,0.79,750.2000122070312,18.0,0.0,0.0,0.45,1,46.501,6.6005,8500.0,450.0,0.0,10,4.5,45.0,84.987001953125,-0.12300000190734864,8500.0,False,False,False,False,False,False,False,False,False,False,False,True,True,True,True,False,True,False,False,False,False,False,False
11975345,STATE_ARMED,11.8,0.0,0.89,0.0,0.0,0.0,0.045,0.005,0.005,0.05,0.13,0.46,0.79,750.2000122070312,18.0,0.0,0.0,0.45,1,46.501,6.6005,8500.0,450.0,0.0,10,4.5,45.0,84.987001953125,-0.12300000190734864,8500.0,False,False,False,False,False,False,False,False,False,False,False,True,True,True,True,False,True,False,False,False,False,False,False
11975855,STATE_ARMED,11.8,0.0,0.89,0.0,0.0,0.0,0.045,0.005,0.005,0.05,0.13,0.46,0.79,750.2000122070312,18.0,0.0,0.0,0.45,1,46.501,6.6005,8500.0,450.0,0.0,10,4.5,45.0,84.987001953125,-0.12300000190734864,8500.0,False,False,False,False,False,False,False,False,False,False,False,True,True,True,True,False,True,False,False,False,False,False,False
11976365,STATE_ARMED,11.8,0.0,0.89,0.0,0.0,0.0,0.045,0.005,0.005,0.05,0.13,0.46,0.79,750.2000122070312,18.0,0.0,0.0,0.45,1,46.501,6.6005,8500.0,450.0,0.0,10,4.5,45.0,84.987001953125,-0.12300000190734864,8500.0,False,False,False,False,False,False,False,False,False,False,False,True,True,True,True,False,True,False,False,False,False,False,False
11976877,STATE_ARMED,11.8,0.0,0.89,0.0,0.0,0.0,0.045,0.005,0.005,0.05,0.13,0.46,0.79,750.2000122070312,18.0,0.0,0.0,0.45,1,46.501,6.6005,8500.0,450.0,0.0,10,4.5,45.0,84.987001953125,-0.12300000190734864,8500.0,False,False,False,False,False,False,False,False,False,False,False,True,True,True,True,False,True,False,False,False,False,False,False
11977382,STATE_ARMED,11.8,0.0,0.89,0.0,0.0,0.0,0.045,0.005,0.005,0.05,0.13,0.46,0.79,750.2000122070312,18.0,0.0,0.0,0.45,1,46.501,6.6005,8500.0,450.0,0.0,10,4.5,45.0,84.987001953125,-0.12300000190734864,8500.0,False,False,False,False,False,False,False,False,False,False,False,True,True,True,True,False,True,False,False,False,False,False,False
11977894,STATE_ARMED,11.8,0.0,0.89,0.0,0.0,0.0,0.045,0.005,0.005,0.05,0.13,0.46,0.79,750.2000122070312,18.0,0.0,0.0,0.45,1,46.501,6.6005,8500.0,450.0,0.0,10,4.5,45.0,84.987001953125,-0.12300000190734864,8500.0,False,False,False,False,False,False,False,False,False,False,False,True,True,True,True,False,True,False,False,False,False,False,False
11978399,STATE_ARMED,11.8,0.0,0.89,0.0,0.0,0.0,0.045,0.005,0.005,0.05,0.13,0.46,0.79,750.2000122070312,18.0,0.0,0.0,0.45,1,46.501,6.6005,8500.0,450.0,0.0,10,4.5,45.0,84.987001953125,-0.12300000190734864,8500.0,False,False,False,False,False,False,False,False,False,False,False,True,True,True,True,False,True,False,False,False,False,False,False
11978908,STATE_ARMED,11.8,0.0,0.89,0.0,0.0,0.0,0.045,0.005,0.005,0.05,0.13,0.46,0.79,750.2000122070312,18.0,0.0,0.0,0.45,1,46.501,6.6005,8500.0,450.0,0.0,10,4.5,45.0,84.987001953125,-0.12300000190734864,8500.0,False,False,False,False,False,False,False,False,False,False,False,True,True,True,True,False,True,False,False,False,False,False,False
11979414,STATE_ARMED,11.8,0.0,0.89,0.0,0.0,0.0,0.045,0.005,0.005,0.05,0.13,0.46,0.79,750.2000122070312,18.0,0.0,0.0,0.45,1,46.501,6.6005,8500.0,450.0,0.0,10,4.5,45.0,84.987001953125,-0.12300000190734864,8500.0,False,False,False,False,False,False,False,False,False,False,False,True,True,True,True,False,True,False,False,False,False,False,False
11979926,STATE_ARMED,11.8,0.0,0.89,0.0,0.0,0.0,0.045,0.005,0.005,0.05,0.13,0.46,0.79,750.2000122070312,18.0,0.0,0.0,0.45,1,46.501,6.6005,8500.0,450.0,0.0,10,4.5,45.0,84.987001953125,-0.12300000190734864,8500.0,False,False,False,False,False,False,False,False,False,False,False,True,True,True,True,False,True,False,False,False,False,False,False
11980433,STATE_ARMED,11.8,0.0,0.89,0.0,0.0,0.0,0.045,0.005,0.005,0.05,0.13,0.46,0.79,750.2000122070312,18.0,0.0,0.0,0.45,1,46.501,6.6005,8500.0,450.0,0.0,10,4.5,45.0,84.987001953125,-0.12300000190734864,8500.0,False,False,False,False,False,False,False,False,False,False,False,True,True,True,True,False,True,False,False,False,False,False,False
11980943,STATE_ARMED,11.8,0.0,0.89,0.0,0.0,0.0,0.045,0.005,0.005,0.05,0.13,0.46,0.79,750.2000122070312,18.0,0.0,0.0,0.45,1,46.501,6.6005,8500.0,450.0,0.0,10,4.5,45.0,84.987001953125,-0.12300000190734864,8500.0,False,False,False,False,False,False,False,False,False,False,False,True,True,True,True,False,True,False,False,False,False,False,False
11981452,STATE_ARMED,11.8,0.0,0.89,0.0,0.0,0.0,0.045,0.005,0.005,0.05,0.13,0.46,0.79,750.2000122070312,18.0,0.0,0.0,0.45,1,46.501,6.6005,8500.0,450.0,0.0,10,4.5,45.0,84.987001953125,-0.12300000190734864,8500.0,False,False,False,False,False,False,False,False,False,False,False,True,True,True,True,False,True,False,False,False,False,False,False
11981958,STATE_ARMED,11.8,0.0,0.89,0.0,0.0,0.0,0.045,0.005,0.005,0.05,0.13,0.46,0.79,750.2000122070312,18.0,0.0,0.0,0.45,1,46.501,6.6005,8500.0,450.0,0.0,10,4.5,45.0,84.987001953125,-0.12300000190734864,8500.0,False,False,False,False,False,False,False,False,False,False,False,True,True,True,True,False,True,False,False,False,False,False,False
11982469,STATE_ARMED,11.8,0.0,0.89,0.0,0.0,0.0,0.045,0.005,0.005,0.05,0.13,0.46,0.79,750.2000122070312,18.0,0.0,0.0,0.45,1,46.501,6.6005,8500.0,450.0,0.0,10,4.5,45.0,84.987001953125,-0.12300000190734864,8500.0,False,False,False,False,False,False,False,False,False,False,False,True,True,True,True,False,True,False,False,False,False,False,False
11982979,STATE_ARMED,11.8,0.0,0.89,0.0,0.0,0.0,0.045,0.005,0.005,0.05,0.13,0.46,0.79,750.2000122070312,18.0,0.0,0.0,0.45,1,46.501,6.6005,8500.0,450.0,0.0,10,4.5,45.0,84.987001953125,-0.12300000190734864,8500.0,False,False,False,False,False,False,False,False,False,False,False,True,True,True,True,False,True,False,False,False,False,False,False
11983489,STATE_ARMED,11.8,0.0,0.89,0.0,0.0,0.0,0.045,0.005,0.005,0.05,0.13,0.46,0.79,750.2000122070312,18.0,0.0,0.0,0.45,1,46.501,6.6005,8500.0,450.0,0.0,10,4.5,45.0,84.987001953125,-0.12300000190734864,8500.0,False,False,False,False,False,False,False,False,False,False,False,True,True,True,True,False,True,False,False,False,False,False,False
11983996,STATE_ARMED,11.8,0.0,0.89,0.0,0.0,0.0,0.045,0.005,0.005,0.05,0.13,0.46,0.79,750.2000122070312,18.0,0.0,0.0,0.45,1,46.501,6.6005,8500.0,450.0,0.0,10,4.5,45.0,84.987001953125,-0.12300000190734864,8500.0,False,False,False,False,False,False,False,False,False,False,False,True,True,True,True,False,True,False,False,False,False,False,False
11984507,STATE_ARMED,11.8,0.0,0.89,0.0,0.0,0.0,0.045,0.005,0.005,0.05,0.13,0.46,0.79,750.2000122070312,18.0,0.0,0.0,0.45,1,46.501,6.6005,8500.0,450.0,0.0,10,4.5,45.0,84.987001953125,-0.12300000190734864,8500.0,False,False,False,False,False,False,False,False,False,False,False,True,True,True,True,False,True,False,False,False,False,False,False
11985014,STATE_ARMED,11.8,0.0,0.89,0.0,0.0,0.0,0.045,0.005,0.005,0.05,0.13,0.46,0.79,750.2000122070312,18.0,0.0,0.0,0.45,1,46.501,6.6005,8500.0,450.0,0.0,10,4.5,45.0,84.987001953125,-0.12300000190734864,8500.0,False,False,False,False,False,False,False,False,False,False,False,True,True,True,True,False,True,False,False,False,False,False,False
11985518,STATE_ARMED,11.8,0.0,0.89,0.0,0.0,0.0,0.045,0.005,0.005,0.05,0.13,0.46,0.79,750.2000122070312,18.0,0.0,0.0,0.45,1,46.501,6.6005,8500.0,450.0,0.0,10,4.5,45.0,84.987001953125,-0.12300000190734864,8500.0,False,False,False,False,False,False,False,False,False,False,False,True,True,True,True,False,True,False,False,False,False,False,False
11986029,STATE_ARMED,11.8,0.0,0.89,0.0,0.0,0.0,0.045,0.005,0.005,0.05,0.13,0.46,0.79,750.2000122070312,18.0,0.0,0.0,0.45,1,46.501,6.6005,8500.0,450.0,0.0,10,4.5,45.0,84.987001953125,-0.12300000190734864,8500.0,False,False,False,False,False,False,False,False,False,False,False,True,True,True,True,False,True,False,False,False,False,False,False
11986536,STATE_ARMED,11.8,0.0,0.89,0.0,0.0,0.0,0.045,0.005,0.005,0.05,0.13,0.46,0.79,750.2000122070312,18.0,0.0,0.0,0.45,1,46.501,6.6005,8500.0,450.0,0.0,10,4.5,45.0,84.987001953125,-0.12300000190734864,8500.0,False,False,False,False,False,False,False,False,False,False,False,True,True,True,True,False,True,False,False,False,False,False,False
11987046,STATE_ARMED,11.8,0.0,0.89,0.0,0.0,0.0,0.045,0.005,0.005,0.05,0.13,0.46,0.79,750.2000122070312,18.0,0.0,0.0,0.45,1,46.501,6.6005,8500.0,450.0,0.0,10,4.5,45.0,84.987001953125,-0.12300000190734864,8500.0,False,False,False,False,False,False,False,False,False,False,False,True,True,True,True,False,True,False,False,False,False,False,False
11987555,STATE_ARMED,11.8,0.0,0.89,0.0,0.0,0.0,0.045,0.005,0.005,0.05,0.13,0.46,0.79,750.2000122070312,18.0,0.0,0.0,0.45,1,46.501,6.6005,8500.0,450.0,0.0,10,4.5,45.0,84.987001953125,-0.12300000190734864,8500.0,False,False,False,False,False,False,False,False,False,False,False,True,True,True,True,False,True,False,False,False,False,False,False
11988065,STATE_ARMED,11.8,0.0,0.89,0.0,0.0,0.0,0.045,0.005,0.005,0.05,0.13,0.46,0.79,750.2000122070312,18.0,0.0,0.0,0.45,1,46.501,6.6005,8500.0,450.0,0.0,10,4.5,45.0,84.987001953125,-0.12300000190734864,8500.0,False,False,False,False,False,False,False,False,False,False,False,True,True,True,True,False,True,False,False,False,False,False,False
11988576,STATE_ARMED,11.8,0.0,0.89,0.0,0.0,0.0,0.045,0.005,0.005,0.05,0.13,0.46,0.79,750.2000122070312,18.0,0.0,0.0,0.45,1,46.501,6.6005,8500.0,450.0,0.0,10,4.5,45.0,84.987001953125,-0.12300000190734864,8500.0,False,False,False,False,False,False,False,False,False,False,False,True,True,True,True,False,True,False,False,False,False,False,False
11989088,STATE_ARMED,11.8,0.0,0.89,0.0,0.0,0.0,0.045,0.005,0.005,0.05,0.13,0.46,0.79,750.2000122070312,18.0,0.0,0.0,0.45,1,46.501,6.6005,8500.0,450.0,0.0,10,4.5,45.0,84.987001953125,-0.12300000190734864,8500.0,False,False,False,False,False,False,False,False,False,False,False,True,True,True,True,False,True,False,False,False,False,False,False
11989595,STATE_ARMED,11.8,0.0,0.89,0.0,0.0,0.0,0.045,0.005,0.005,0.05,0.13,0.46,0.79,750.2000122070312,18.0,0.0,0.0,0.45,1,46.501,6.6005,8500.0,450.0,0.0,10,4.5,45.0,84.987001953125,-0.12300000190734864,8500.0,False,False,False,False,False,False,False,False,False,False,False,True,True,True,True,False,True,False,False,False,False,False,False
11990102,STATE_ARMED,11.8,0.0,0.89,0.0,0.0,0.0,0.045,0.005,0.005,0.05,0.13,0.46,0.79,750.2000122070312,18.0,0.0,0.0,0.45,1,46.501,6.6005,8500.0,450.0,0.0,10,4.5,45.0,84.987001953125,-0.12300000190734864,8500.0,False,False,False,False,False,False,False,False,False,False,False,True,True,True,True,False,True,False,False,False,False,False,False
11990609,STATE_ARMED,11.8,0.0,0.89,0.0,0.0,0.0,0.045,0.005,0.005,0.05,0.13,0.46,0.79,750.2000122070312,18.0,0.0,0.0,0.45,1,46.501,6.6005,8500.0,450.0,0.0,10,4.5,45.0,84.987001953125,-0.12300000190734864,8500.0,False,False,False,False,False,False,False,False,False,False,False,True,True,True,True,False,True,False,False,False,False,False,False
11991120,STATE_ARMED,11.8,0.0,0.89,0.0,0.0,0.0,0.045,0.005,0.005,0.05,0.13,0.46,0.79,750.2000122070312,18.0,0.0,0.0,0.45,1,46.501,6.6005,8500.0,450.0,0.0,10,4.5,45.0,84.987001953125,-0.12300000190734864,8500.0,False,False,False,False,False,False,False,False,False,False,False,True,True,True,True,False,True,False,False,False,False,False,False
11991628,STATE_ARMED,11.8,0.0,0.89,0.0,0.0,0.0,0.045,0.005,0.005,0.05,0.13,0.46,0.79,750.2000122070312,18.0,0.0,0.0,0.45,1,46.501,6.6005,8500.0,450.0,0.0,10,4.5,45.0,84.987001953125,-0.12300000190734864,8500.0,False,False,False,False,False,False,False,False,False,False,False,True,True,True,True,False,True,False,False,False,False,False,False
11992136,STATE_ARMED,11.8,0.0,0.89,0.0,0.0,0.0,0.045,0.005,0.005,0.05,0.13,0.46,0.79,750.2000122070312,18.0,0.0,0.0,0.45,1,46.501,6.6005,8500.0,450.0,0.0,10,4.5,45.0,84.987001953125,-0.12300000190734864,8500.0,False,False,False,False,False,False,False,False,False,False,False,True,True,True,True,False,True,False,False,False,False,False,False
11992648,STATE_ARMED,11.8,0.0,0.89,0.0,0.0,0.0,0.045,0.005,0.005,0.05,0.13,0.46,0.79,750.2000122070312,18.0,0.0,0.0,0.45,1,46.501,6.6005,8500.0,450.0,0.0,10,4.5,45.0,84.987001953125,-0.12300000190734864,8500.0,False,False,False,False,False,False,False,False,False,False,False,True,True,True,True,False,True,False,False,False,False,False,False
11993159,STATE_ARMED,11.8,0.0,0.89,0.0,0.0,0.0,0.045,0.005,0.005,0.05,0.13,0.46,0.79,750.2000122070312,18.0,0.0,0.0,0.45,1,46.501,6.6005,8500.0,450.0,0.0,10,4.5,45.0,84.987001953125,-0.12300000190734864,8500.0,False,False,False,False,False,False,False,False,False,False,False,True,True,True,True,False,True,False,False,False,False,False,False
11993665,STATE_ARMED,11.8,0.0,0.89,0.0,0.0,0.0,0.045,0.005,0.005,0.05,0.13,0.46,0.79,750.2000122070312,18.0,0.0,0.0,0.45,1,46.501,6.6005,8500.0,450.0,0.0,10,4.5,45.0,84.987001953125,-0.12300000190734864,8500.0,False,False,False,False,False,False,False,False,False,False,False,True,True,True,True,False,True,False,False,False,False,False,False
11994172,STATE_ARMED,11.8,0.0,0.89,0.0,0.0,0.0,0.045,0.005,0.005,0.05,0.13,0.46,0.79,750.2000122070312,18.0,0.0,0.0,0.45,1,46.501,6.6005,8500.0,450.0,0.0,10,4.5,45.0,84.987001953125,-0.12300000190734864,8500.0,False,False,False,False,False,False,False,False,False,False,False,True,True,True,True,False,True,False,False,False,False,False,False
11994683,STATE_ARMED,11.8,0.0,0.89,0.0,0.0,0.0,0.045,0.005,0.005,0.05,0.13,0.46,0.79,750.2000122070312,18.0,0.0,0.0,0.45,1,46.501,6.6005,8500.0,450.0,0.0,10,4.5,45.0,84.987001953125,-0.12300000190734864,8500.0,False,False,False,False,False,False,False,False,False,False,False,True,True,True,True,False,True,False,False,False,False,False,False
11995190,STATE_ARMED,11.8,0.0,0.89,0.0,0.0,0.0,0.045,0.005,0.005,0.05,0.13,0.46,0.79,750.2000122070312,18.0,0.0,0.0,0.45,1,46.501,6.6005,8500.0,450.0,0.0,10,4.5,45.0,84.987001953125,-0.12300000190734864,8500.0,False,False,False,False,False,False,False,False,False,False,False,True,True,True,True,False,True,False,False,False,False,False,False
11995698,STATE_ARMED,11.8,0.0,0.89,0.0,0.0,0.0,0.045,0.005,0.005,0.05,0.13,0.46,0.79,750.2000122070312,18.0,0.0,0.0,0.45,1,46.501,6.6005,8500.0,450.0,0.0,10,4.5,45.0,84.987001953125,-0.12300000190734864,8500.0,False,False,False,False,False,False,False,False,False,False,False,True,True,True,True,False,True,False,False,False,False,False,False
11996205,STATE_ARMED,11.8,0.0,0.89,0.0,0.0,0.0,0.045,0.005,0.005,0.05,0.13,0.46,0.79,750.2000122070312,18.0,0.0,0.0,0.45,1,46.501,6.6005,8500.0,450.0,0.0,10,4.5,45.0,84.987001953125,-0.12300000190734864,8500.0,False,False,False,False,False,False,False,False,False,False,False,True,True,True,True,False,True,False,False,False,False,False,False
11996712,STATE_ARMED,11.8,0.0,0.89,0.0,0.0,0.0,0.045,0.005,0.005,0.05,0.13,0.46,0.79,750.2000122070312,18.0,0.0,0.0,0.45,1,46.501,6.6005,8500.0,450.0,0.0,10,4.5,45.0,84.987001953125,-0.12300000190734864,8500.0,False,False,False,False,False,False,False,False,False,False,False,True,True,True,True,False,True,False,False,False,False,False,False
11997219,STATE_ARMED,11.8,0.0,0.89,0.0,0.0,0.0,0.045,0.005,0.005,0.05,0.13,0.46,0.79,750.2000122070312,18.0,0.0,0.0,0.45,1,46.501,6.6005,8500.0,450.0,0.0,10,4.5,45.0,84.987001953125,-0.12300000190734864,8500.0,False,False,False,False,False,False,False,False,False,False,False,True,True,True,True,False,True,False,False,False,False,False,False
11997725,STATE_ARMED,11.8,0.0,0.89,0.0,0.0,0.0,0.045,0.005,0.005,0.05,0.13,0.46,0.79,750.2000122070312,18.0,0.0,0.0,0.45,1,46.501,6.6005,8500.0,450.0,0.0,10,4.5,45.0,84.987001953125,-0.12300000190734864,8500.0,False,False,False,False,False,False,False,False,False,False,False,True,True,True,True,False,True,False,False,False,False,False,False
11998236,STATE_ARMED,11.8,0.0,0.89,0.0,0.0,0.0,0.045,0.005,0.005,0.05,0.13,0.46,0.79,750.2000122070312,18.0,0.0,0.0,0.45,1,46.501,6.6005,8500.0,450.0,0.0,10,4.5,45.0,84.987001953125,-0.12300000190734864,8500.0,False,False,False,False,False,False,False,False,False,False,False,True,True,True,True,False,True,False,False,False,False,False,False
11998741,STATE_ARMED,11.8,0.0,0.89,0.0,0.0,0.0,0.045,0.005,0.005,0.05,0.13,0.46,0.79,750.2000122070312,18.0,0.0,0.0,0.45,1,46.501,6.6005,8500.0,450.0,0.0,10,4.5,45.0,84.987001953125,-0.12300000190734864,8500.0,False,False,False,False,False,False,False,False,False,False,False,True,True,True,True,False,True,False,False,False,False,False,False
11999251,STATE_ARMED,11.8,0.0,0.89,0.0,0.0,0.0,0.045,0.005,0.005,0.05,0.13,0.46,0.79,750.2000122070312,18.0,0.0,0.0,0.45,1,46.501,6.6005,8500.0,450.0,0.0,10,4.5,45.0,84.987001953125,-0.12300000190734864,8500.0,False,False,False,False,False,False,False,False,False,False,False,True,True,True,True,False,True,False,False,False,False,False,False
11999758,STATE_ARMED,11.8,0.0,0.89,0.0,0.0,0.0,0.045,0.005,0.005,0.05,0.13,0.46,0.79,750.2000122070312,18.0,0.0,0.0,0.45,1,46.501,6.6005,8500.0,450.0,0.0,10,4.5,45.0,84.987001953125,-0.12300000190734864,8500.0,False,False,False,False,False,False,False,False,False,False,False,True,True,True,True,False,True,False,False,False,False,False,False
12000269,STATE_ARMED,11.8,0.0,0.89,0.0,0.0,0.0,0.045,0.005,0.005,0.05,0.13,0.46,0.79,750.2000122070312,18.0,0.0,0.0,0.45,1,46.501,6.6005,8500.0,450.0,0.0,10,4.5,45.0,84.987001953125,-0.12300000190734864,8500.0,False,False,False,False,False,False,False,False,False,False,False,True,True,True,True,False,True,False,False,False,False,False,False
12000780,STATE_ARMED,11.8,0.0,0.89,0.0,0.0,0.0,0.045,0.005,0.005,0.05,0.13,0.46,0.79,750.2000122070312,18.0,0.0,0.0,0.45,1,46.501,6.6005,8500.0,450.0,0.0,10,4.5,45.0,84.987001953125,-0.12300000190734864,8500.0,False,False,False,False,False,False,False,False,False,False,False,True,True,True,True,False,True,False,False,False,False,False,False
12001286,STATE_ARMED,11.8,0.0,0.89,0.0,0.0,0.0,0.045,0.005,0.005,0.05,0.13,0.46,0.79,750.2000122070312,18.0,0.0,0.0,0.45,1,46.501,6.6005,8500.0,450.0,0.0,10,4.5,45.0,84.987001953125,-0.12300000190734864,8500.0,False,False,False,False,False,False,False,False,False,False,False,True,True,True,True,False,True,False,False,False,False,False,False
12001798,STATE_ARMED,11.8,0.0,0.89,0.0,0.0,0.0,0.045,0.005,0.005,0.05,0.13,0.46,0.79,750.2000122070312,18.0,0.0,0.0,0.45,1,46.501,6.6005,8500.0,450.0,0.0,10,4.5,45.0,84.987001953125,-0.12300000190734864,8500.0,False,False,False,False,False,False,False,False,False,False,False,True,True,True,True,False,True,False,False,False,False,False,False
12002306,STATE_ARMED,11.8,0.0,0.89,0.0,0.0,0.0,0.045,0.005,0.005,0.05,0.13,0.46,0.79,750.2000122070312,18.0,0.0,0.0,0.45,1,46.501,6.6005,8500.0,450.0,0.0,10,4.5,45.0,84.987001953125,-0.12300000190734864,8500.0,False,False,False,False,False,False,False,False,False,False,False,True,True,True,True,False,True,False,False,False,False,False,False
12002817,STATE_ARMED,11.8,0.0,0.89,0.0,0.0,0.0,0.045,0.005,0.005,0.05,0.13,0.46,0.79,750.2000122070312,18.0,0.0,0.0,0.45,1,46.501,6.6005,8500.0,450.0,0.0,10,4.5,45.0,84.987001953125,-0.12300000190734864,8500.0,False,False,False,False,False,False,False,False,False,False,False,True,True,True,True,False,True,False,False,False,False,False,False
12003328,STATE_ARMED,11.8,0.0,0.89,0.0,0.0,0.0,0.045,0.005,0.005,0.05,0.13,0.46,0.79,750.2000122070312,18.0,0.0,0.0,0.45,1,46.501,6.6005,8500.0,450.0,0.0,10,4.5,45.0,84.987001953125,-0.12300000190734864,8500.0,False,False,False,False,False,False,False,False,False,False,False,True,True,True,True,False,True,False,False,False,False,False,False
12003837,STATE_ARMED,11.8,0.0,0.89,0.0,0.0,0.0,0.045,0.005,0.005,0.05,0.13,0.46,0.79,750.2000122070312,18.0,0.0,0.0,0.45,1,46.501,6.6005,8500.0,450.0,0.0,10,4.5,45.0,84.987001953125,-0.12300000190734864,8500.0,False,False,False,False,False,False,False,False,False,False,False,True,True,True,True,False,True,False,False,False,False,False,False
12004342,STATE_ARMED,11.8,0.0,0.89,0.0,0.0,0.0,0.045,0.005,0.005,0.05,0.13,0.46,0.79,750.2000122070312,18.0,0.0,0.0,0.45,1,46.501,6.6005,8500.0,450.0,0.0,10,4.5,45.0,84.987001953125,-0.12300000190734864,8500.0,False,False,False,False,False,False,False,False,False,False,False,True,True,True,True,False,True,False,False,False,False,False,False
12004853,STATE_ARMED,11.8,0.0,0.89,0.0,0.0,0.0,0.045,0.005,0.005,0.05,0.13,0.46,0.79,750.2000122070312,18.0,0.0,0.0,0.45,1,46.501,6.6005,8500.0,450.0,0.0,10,4.5,45.0,84.987001953125,-0.12300000190734864,8500.0,False,False,False,False,False,False,False,False,False,False,False,True,True,True,True,False,True,False,False,False,False,False,False
12005363,STATE_ARMED,11.8,0.0,0.89,0.0,0.0,0.0,0.045,0.005,0.005,0.05,0.13,0.46,0.79,750.2000122070312,18.0,0.0,0.0,0.45,1,46.501,6.6005,8500.0,450.0,0.0,10,4.5,45.0,84.987001953125,-0.12300000190734864,8500.0,False,False,False,False,False,False,False,False,False,False,False,True,True,True,True,False,True,False,False,False,False,False,False
12005873,STATE_ARMED,11.8,0.0,0.89,0.0,0.0,0.0,0.045,0.005,0.005,0.05,0.13,0.46,0.79,750.2000122070312,18.0,0.0,0.0,0.45,1,46.501,6.6005,8500.0,450.0,0.0,10,4.5,45.0,84.987001953125,-0.12300000190734864,8500.0,False,False,False,False,False,False,False,False,False,False,False,True,True,True,True,False,True,False,False,False,False,False,False
12006380,STATE_ARMED,11.8,0.0,0.89,0.0,0.0,0.0,0.045,0.005,0.005,0.05,0.13,0.46,0.79,750.2000122070312,18.0,0.0,0.0,0.45,1,46.501,6.6005,8500.0,450.0,0.0,10,4.5,45.0,84.987001953125,-0.12300000190734864,8500.0,False,False,False,False,False,False,False,False,False,False,False,True,True,True,True,False,True,False,False,False,False,False,False
12006886,STATE_ARMED,11.8,0.0,0.89,0.0,0.0,0.0,0.045,0.005,0.005,0.05,0.13,0.46,0.79,750.2000122070312,18.0,0.0,0.0,0.45,1,46.501,6.6005,8500.0,450.0,0.0,10,4.5,45.0,84.987001953125,-0.12300000190734864,8500.0,False,False,False,False,False,False,False,False,False,False,False,True,True,True,True,False,True,False,False,False,False,False,False
12007395,STATE_ARMED,11.8,0.0,0.89,0.0,0.0,0.0,0.045,0.005,0.005,0.05,0.13,0.46,0.79,750.2000122070312,18.0,0.0,0.0,0.45,1,46.501,6.6005,8500.0,450.0,0.0,10,4.5,45.0,84.987001953125,-0.12300000190734864,8500.0,False,False,False,False,False,False,False,False,False,False,False,True,True,True,True,False,True,False,False,False,False,False,False
12007902,STATE_ARMED,11.8,0.0,0.89,0.0,0.0,0.0,0.045,0.005,0.005,0.05,0.13,0.46,0.79,750.2000122070312,18.0,0.0,0.0,0.45,1,46.501,6.6005,8500.0,450.0,0.0,10,4.5,45.0,84.987001953125,-0.12300000190734864,8500.0,False,False,False,False,False,False,False,False,False,False,False,True,True,True,True,False,True,False,False,False,False,False,False
12008413,STATE_ARMED,11.8,0.0,0.89,0.0,0.0,0.0,0.045,0.005,0.005,0.05,0.13,0.46,0.79,750.2000122070312,18.0,0.0,0.0,0.45,1,46.501,6.6005,8500.0,450.0,0.0,10,4.5,45.0,84.987001953125,-0.12300000190734864,8500.0,False,False,False,False,False,False,False,False,False,False,False,True,True,True,True,False,True,False,False,False,False,False,False
12008920,STATE_ARMED,11.8,0.0,0.89,0.0,0.0,0.0,0.045,0.005,0.005,0.05,0.13,0.46,0.79,750.2000122070312,18.0,0.0,0.0,0.45,1,46.501,6.6005,8500.0,450.0,0.0,10,4.5,45.0,84.987001953125,-0.12300000190734864,8500.0,False,False,False,False,False,False,False,False,False,False,False,True,True,True,True,False,True,False,False,False,False,False,False
12009425,STATE_ARMED,11.8,0.0,0.89,0.0,0.0,0.0,0.045,0.005,0.005,0.05,0.13,0.46,0.79,750.2000122070312,18.0,0.0,0.0,0.45,1,46.501,6.6005,8500.0,450.0,0.0,10,4.5,45.0,84.987001953125,-0.12300000190734864,8500.0,False,False,False,False,False,False,False,False,False,False,False,True,True,True,True,False,True,False,False,False,False,False,False
12009937,STATE_ARMED,11.8,0.0,0.89,0.0,0.0,0.0,0.045,0.005,0.005,0.05,0.13,0.46,0.79,750.2000122070312,18.0,0.0,0.0,0.45,1,46.501,6.6005,8500.0,450.0,0.0,10,4.5,45.0,84.987001953125,-0.12300000190734864,8500.0,False,False,False,False,False,False,False,False,False,False,False,True,True,True,True,False,True,False,False,False,False,False,False
12010448,STATE_ARMED,11.8,0.0,0.89,0.0,0.0,0.0,0.045,0.005,0.005,0.05,0.13,0.46,0.79,750.2000122070312,18.0,0.0,0.0,0.45,1,46.501,6.6005,8500.0,450.0,0.0,10,4.5,45.0,84.987001953125,-0.12300000190734864,8500.0,False,False,False,False,False,False,False,False,False,False,False,True,True,True,True,False,True,False,False,False,False,False,False
12010955,STATE_ARMED,11.8,0.0,0.89,0.0,0.0,0.0,0.045,0.005,0.005,0.05,0.13,0.46,0.79,750.2000122070312,18.0,0.0,0.0,0.45,1,46.501,6.6005,8500.0,450.0,0.0,10,4.5,45.0,84.987001953125,-0.12300000190734864,8500.0,False,False,False,False,False,False,False,False,False,False,False,True,True,True,True,False,True,False,False,False,False,False,False
12011463,STATE_ARMED,11.8,0.0,0.89,0.0,0.0,0.0,0.045,0.005,0.005,0.05,0.13,0.46,0.79,750.2000122070312,18.0,0.0,0.0,0.45,1,46.501,6.6005,8500.0,450.0,0.0,10,4.5,45.0,84.987001953125,-0.12300000190734864,8500.0,False,False,False,False,False,False,False,False,False,False,False,True,True,True,True,False,True,False,False,False,False,False,False
12011970,STATE_ARMED,11.8,0.0,0.89,0.0,0.0,0.0,0.045,0.005,0.005,0.05,0.13,0.46,0.79,750.2000122070312,18.0,0.0,0.0,0.45,1,46.501,6.6005,8500.0,450.0,0.0,10,4.5,45.0,84.987001953125,-0.12300000190734864,8500.0,False,False,False,False,False,False,False,False,False,False,False,True,True,True,True,False,True,False,False,False,False,False,False
12012477,STATE_ARMED,11.8,0.0,0.89,0.0,0.0,0.0,0.045,0.005,0.005,0.05,0.13,0.46,0.79,750.2000122070312,18.0,0.0,0.0,0.45,1,46.501,6.6005,8500.0,450.0,0.0,10,4.5,45.0,84.987001953125,-0.12300000190734864,8500.0,False,False,False,False,False,False,False,False,False,False,False,True,True,True,True,False,True,False,False,False,False,False,False
12012986,STATE_ARMED,11.8,0.0,0.89,0.0,0.0,0.0,0.045,0.005,0.005,0.05,0.13,0.46,0.79,750.2000122070312,18.0,0.0,0.0,0.45,1,46.501,6.6005,8500.0,450.0,0.0,10,4.5,45.0,84.987001953125,-0.12300000190734864,8500.0,False,False,False,False,False,False,False,False,False,False,False,True,True,True,True,False,True,False,False,False,False,False,False
12013497,STATE_ARMED,11.8,0.0,0.89,0.0,0.0,0.0,0.045,0.005,0.005,0.05,0.13,0.46,0.79,750.2000122070312,18.0,0.0,0.0,0.45,1,46.501,6.6005,8500.0,450.0,0.0,10,4.5,45.0,84.987001953125,-0.12300000190734864,8500.0,False,False,False,False,False,False,False,False,False,False,False,True,True,True,True,False,True,False,False,False,False,False,False
12014006,STATE_ARMED,11.8,0.0,0.89,0.0,0.0,0.0,0.045,0.005,0.005,0.05,0.13,0.46,0.79,750.2000122070312,18.0,0.0,0.0,0.45,1,46.501,6.6005,8500.0,450.0,0.0,10,4.5,45.0,84.987001953125,-0.12300000190734864,8500.0,False,False,False,False,False,False,False,False,False,False,False,True,True,True,True,False,True,False,False,False,False,False,False
12014515,STATE_ARMED,11.8,0.0,0.89,0.0,0.0,0.0,0.045,0.005,0.005,0.05,0.13,0.46,0.79,750.2000122070312,18.0,0.0,0.0,0.45,1,46.501,6.6005,8500.0,450.0,0.0,10,4.5,45.0,84.987001953125,-0.12300000190734864,8500.0,False,False,False,False,False,False,False,False,False,False,False,True,True,True,True,False,True,False,False,False,False,False,False
12015026,STATE_ARMED,11.8,0.0,0.89,0.0,0.0,0.0,0.045,0.005,0.005,0.05,0.13,0.46,0.79,750.2000122070312,18.0,0.0,0.0,0.45,1,46.501,6.6005,8500.0,450.0,0.0,10,4.5,45.0,84.987001953125,-0.12300000190734864,8500.0,False,False,False,False,False,False,False,False,False,False,False,True,True,True,True,False,True,False,False,False,False,False,False
12015537,STATE_ARMED,11.8,0.0,0.89,0.0,0.0,0.0,0.045,0.005,0.005,0.05,0.13,0.46,0.79,750.2000122070312,18.0,0.0,0.0,0.45,1,46.501,6.6005,8500.0,450.0,0.0,10,4.5,45.0,84.987001953125,-0.12300000190734864,8500.0,False,False,False,False,False,False,False,False,False,False,False,True,True,True,True,False,True,False,False,False,False,False,False
12016047,STATE_ARMED,11.8,0.0,0.89,0.0,0.0,0.0,0.045,0.005,0.005,0.05,0.13,0.46,0.79,750.2000122070312,18.0,0.0,0.0,0.45,1,46.501,6.6005,8500.0,450.0,0.0,10,4.5,45.0,84.987001953125,-0.12300000190734864,8500.0,False,False,False,False,False,False,False,False,False,False,False,True,True,True,True,False,True,False,False,False,False,False,False
12016558,STATE_ARMED,11.8,0.0,0.89,0.0,0.0,0.0,0.045,0.005,0.005,0.05,0.13,0.46,0.79,750.2000122070312,18.0,0.0,0.0,0.45,1,46.501,6.6005,8500.0,450.0,0.0,10,4.5,45.0,84.987001953125,-0.12300000190734864,8500.0,False,False,False,False,False,False,False,False,False,False,False,True,True,True,True,False,True,False,False,False,False,False,False
12017065,STATE_ARMED,11.8,0.0,0.89,0.0,0.0,0.0,0.045,0.005,0.005,0.05,0.13,0.46,0.79,750.2000122070312,18.0,0.0,0.0,0.45,1,46.501,6.6005,8500.0,450.0,0.0,10,4.5,45.0,84.987001953125,-0.12300000190734864,8500.0,False,False,False,False,False,False,False,False,False,False,False,True,True,True,True,False,True,False,False,False,False,False,False
12017575,STATE_ARMED,11.8,0.0,0.89,0.0,0.0,0.0,0.045,0.005,0.005,0.05,0.13,0.46,0.79,750.2000122070312,18.0,0.0,0.0,0.45,1,46.501,6.6005,8500.0,450.0,0.0,10,4.5,45.0,84.987001953125,-0.12300000190734864,8500.0,False,False,False,False,False,False,False,False,False,False,False,True,True,True,True,False,True,False,False,False,False,False,False
12018078,STATE_ARMED,11.8,0.0,0.89,0.0,0.0,0.0,0.045,0.005,0.005,0.05,0.13,0.46,0.79,750.2000122070312,18.0,0.0,0.0,0.45,1,46.501,6.6005,8500.0,450.0,0.0,10,4.5,45.0,84.987001953125,-0.12300000190734864,8500.0,False,False,False,False,False,False,False,False,False,False,False,True,True,True,True,False,True,False,False,False,False,False,False
12018588,STATE_ARMED,11.8,0.0,0.89,0.0,0.0,0.0,0.045,0.005,0.005,0.05,0.13,0.46,0.79,750.2000122070312,18.0,0.0,0.0,0.45,1,46.501,6.6005,8500.0,450.0,0.0,10,4.5,45.0,84.987001953125,-0.12300000190734864,8500.0,False,False,False,False,False,False,False,False,False,False,False,True,True,True,True,False,True,False,False,False,False,False,False
12019095,STATE_ARMED,11.8,0.0,0.89,0.0,0.0,0.0,0.045,0.005,0.005,0.05,0.13,0.46,0.79,750.2000122070312,18.0,0.0,0.0,0.45,1,46.501,6.6005,8500.0,450.0,0.0,10,4.5,45.0,84.987001953125,-0.12300000190734864,8500.0,False,False,False,False,False,False,False,False,False,False,False,True,True,True,True,False,True,False,False,False,False,False,False
12019601,STATE_ARMED,11.8,0.0,0.89,0.0,0.0,0.0,0.045,0.005,0.005,0.05,0.13,0.46,0.79,750.2000122070312,18.0,0.0,0.0,0.45,1,46.501,6.6005,8500.0,450.0,0.0,10,4.5,45.0,84.987001953125,-0.12300000190734864,8500.0,False,False,False,False,False,False,False,False,False,False,False,True,True,True,True,False,True,False,False,False,False,False,False
12020110,STATE_ARMED,11.8,0.0,0.89,0.0,0.0,0.0,0.045,0.005,0.005,0.05,0.13,0.46,0.79,750.2000122070312,18.0,0.0,0.0,0.45,1,46.501,6.6005,8500.0,450.0,0.0,10,4.5,45.0,84.987001953125,-0.12300000190734864,8500.0,False,False,False,False,False,False,False,False,False,False,False,True,True,True,True,False,True,False,False,False,False,False,False
12020620,STATE_ARMED,11.8,0.0,0.89,0.0,0.0,0.0,0.045,0.005,0.005,0.05,0.13,0.46,0.79,750.2000122070312,18.0,0.0,0.0,0.45,1,46.501,6.6005,8500.0,450.0,0.0,10,4.5,45.0,84.987001953125,-0.12300000190734864,8500.0,False,False,False,False,False,False,False,False,False,False,False,True,True,True,True,False,True,False,False,False,False,False,False
12021128,STATE_ARMED,11.8,0.0,0.89,0.0,0.0,0.0,0.045,0.005,0.005,0.05,0.13,0.46,0.79,750.2000122070312,18.0,0.0,0.0,0.45,1,46.501,6.6005,8500.0,450.0,0.0,10,4.5,45.0,84.987001953125,-0.12300000190734864,8500.0,False,False,False,False,False,False,False,False,False,False,False,True,True,True,True,False,True,False,False,False,False,False,False
12021639,STATE_ARMED,11.8,0.0,0.89,0.0,0.0,0.0,0.045,0.005,0.005,0.05,0.13,0.46,0.79,750.2000122070312,18.0,0.0,0.0,0.45,1,46.501,6.6005,8500.0,450.0,0.0,10,4.5,45.0,84.987001953125,-0.12300000190734864,8500.0,False,False,False,False,False,False,False,False,False,False,False,True,True,True,True,False,True,False,False,False,False,False,False
12022148,STATE_ARMED,11.8,0.0,0.89,0.0,0.0,0.0,0.045,0.005,0.005,0.05,0.13,0.46,0.79,750.2000122070312,18.0,0.0,0.0,0.45,1,46.501,6.6005,8500.0,450.0,0.0,10,4.5,45.0,84.987001953125,-0.12300000190734864,8500.0,False,False,False,False,False,False,False,False,False,False,False,True,True,True,True,False,True,False,False,False,False,False,False
12022659,STATE_ARMED,11.8,0.0,0.89,0.0,0.0,0.0,0.045,0.005,0.005,0.05,0.13,0.46,0.79,750.2000122070312,18.0,0.0,0.0,0.45,1,46.501,6.6005,8500.0,450.0,0.0,10,4.5,45.0,84.987001953125,-0.12300000190734864,8500.0,False,False,False,False,False,False,False,False,False,False,False,True,True,True,True,False,True,False,False,False,False,False,False
12023165,STATE_ARMED,11.8,0.0,0.89,0.0,0.0,0.0,0.045,0.005,0.005,0.05,0.13,0.46,0.79,750.2000122070312,18.0,0.0,0.0,0.45,1,46.501,6.6005,8500.0,450.0,0.0,10,4.5,45.0,84.987001953125,-0.12300000190734864,8500.0,False,False,False,False,False,False,False,False,False,False,False,True,True,True,True,False,True,False,False,False,False,False,False
12023673,STATE_ARMED,11.8,0.0,0.89,0.0,0.0,0.0,0.045,0.005,0.005,0.05,0.13,0.46,0.79,750.2000122070312,18.0,0.0,0.0,0.45,1,46.501,6.6005,8500.0,450.0,0.0,10,4.5,45.0,84.987001953125,-0.12300000190734864,8500.0,False,False,False,False,False,False,False,False,False,False,False,True,True,True,True,False,True,False,False,False,False,False,False
12024181,STATE_ARMED,11.8,0.0,0.89,0.0,0.0,0.0,0.045,0.005,0.005,0.05,0.13,0.46,0.79,750.2000122070312,18.0,0.0,0.0,0.45,1,46.501,6.6005,8500.0,450.0,0.0,10,4.5,45.0,84.987001953125,-0.12300000190734864,8500.0,False,False,False,False,False,False,False,False,False,False,False,True,True,True,True,False,True,False,False,False,False,False,False
12024692,STATE_ARMED,11.8,0.0,0.89,0.0,0.0,0.0,0.045,0.005,0.005,0.05,0.13,0.46,0.79,750.2000122070312,18.0,0.0,0.0,0.45,1,46.501,6.6005,8500.0,450.0,0.0,10,4.5,45.0,84.987001953125,-0.12300000190734864,8500.0,False,False,False,False,False,False,False,False,False,False,False,True,True,True,True,False,True,False,False,False,False,False,False
12025201,STATE_ARMED,11.8,0.0,0.89,0.0,0.0,0.0,0.045,0.005,0.005,0.05,0.13,0.46,0.79,750.2000122070312,18.0,0.0,0.0,0.45,1,46.501,6.6005,8500.0,450.0,0.0,10,4.5,45.0,84.987001953125,-0.12300000190734864,8500.0,False,False,False,False,False,False,False,False,False,False,False,True,True,True,True,False,True,False,False,False,False,False,False
12025709,STATE_ARMED,11.8,0.0,0.89,0.0,0.0,0.0,0.045,0.005,0.005,0.05,0.13,0.46,0.79,750.2000122070312,18.0,0.0,0.0,0.45,1,46.501,6.6005,8500.0,450.0,0.0,10,4.5,45.0,84.987001953125,-0.12300000190734864,8500.0,False,False,False,False,False,False,False,False,False,False,False,True,True,True,True,False,True,False,False,False,False,False,False
12026218,STATE_ARMED,11.8,0.0,0.89,0.0,0.0,0.0,0.045,0.005,0.005,0.05,0.13,0.46,0.79,750.2000122070312,18.0,0.0,0.0,0.45,1,46.501,6.6005,8500.0,450.0,0.0,10,4.5,45.0,84.987001953125,-0.12300000190734864,8500.0,False,False,False,False,False,False,False,False,False,False,False,True,True,True,True,False,True,False,False,False,False,False,False
12026729,STATE_ARMED,11.8,0.0,0.89,0.0,0.0,0.0,0.045,0.005,0.005,0.05,0.13,0.46,0.79,750.2000122070312,18.0,0.0,0.0,0.45,1,46.501,6.6005,8500.0,450.0,0.0,10,4.5,45.0,84.987001953125,-0.12300000190734864,8500.0,False,False,False,False,False,False,False,False,False,False,False,True,True,True,True,False,True,False,False,False,False,False,False
12027238,STATE_ARMED,11.8,0.0,0.89,0.0,0.0,0.0,0.045,0.005,0.005,0.05,0.13,0.46,0.79,750.2000122070312,18.0,0.0,0.0,0.45,1,46.501,6.6005,8500.0,450.0,0.0,10,4.5,45.0,84.987001953125,-0.12300000190734864,8500.0,False,False,False,False,False,False,False,False,False,False,False,True,True,True,True,False,True,False,False,False,False,False,False
12027744,STATE_ARMED,11.8,0.0,0.89,0.0,0.0,0.0,0.045,0.005,0.005,0.05,0.13,0.46,0.79,750.2000122070312,18.0,0.0,0.0,0.45,1,46.501,6.6005,8500.0,450.0,0.0,10,4.5,45.0,84.987001953125,-0.12300000190734864,8500.0,False,False,False,False,False,False,False,False,False,False,False,True,True,True,True,False,True,False,False,False,False,False,False
12028252,STATE_ARMED,11.8,0.0,0.89,0.0,0.0,0.0,0.045,0.005,0.005,0.05,0.13,0.46,0.79,750.2000122070312,18.0,0.0,0.0,0.45,1,46.501,6.6005,8500.0,450.0,0.0,10,4.5,45.0,84.987001953125,-0.12300000190734864,8500.0,False,False,False,False,False,False,False,False,False,False,False,True,True,True,True,False,True,False,False,False,False,False,False
12028759,STATE_ARMED,11.8,0.0,0.89,0.0,0.0,0.0,0.045,0.005,0.005,0.05,0.13,0.46,0.79,750.2000122070312,18.0,0.0,0.0,0.45,1,46.501,6.6005,8500.0,450.0,0.0,10,4.5,45.0,84.987001953125,-0.12300000190734864,8500.0,False,False,False,False,False,False,False,False,False,False,False,True,True,True,True,False,True,False,False,False,False,False,False
12029269,STATE_ARMED,11.8,0.0,0.89,0.0,0.0,0.0,0.045,0.005,0.005,0.05,0.13,0.46,0.79,750.2000122070312,18.0,0.0,0.0,0.45,1,46.501,6.6005,8500.0,450.0,0.0,10,4.5,45.0,84.987001953125,-0.12300000190734864,8500.0,False,False,False,False,False,False,False,False,False,False,False,True,True,True,True,False,True,False,False,False,False,False,False
12029777,STATE_ARMED,11.8,0.0,0.89,0.0,0.0,0.0,0.045,0.005,0.005,0.05,0.13,0.46,0.79,750.2000122070312,18.0,0.0,0.0,0.45,1,46.501,6.6005,8500.0,450.0,0.0,10,4.5,45.0,84.987001953125,-0.12300000190734864,8500.0,False,False,False,False,False,False,False,False,False,False,False,True,True,True,True,False,True,False,False,False,False,False,False
12030288,STATE_ARMED,11.8,0.0,0.89,0.0,0.0,0.0,0.045,0.005,0.005,0.05,0.13,0.46,0.79,750.2000122070312,18.0,0.0,0.0,0.45,1,46.501,6.6005,8500.0,450.0,0.0,10,4.5,45.0,84.987001953125,-0.12300000190734864,8500.0,False,False,False,False,False,False,False,False,False,False,False,True,True,True,True,False,True,False,False,False,False,False,False
12030795,STATE_ARMED,11.8,0.0,0.89,0.0,0.0,0.0,0.045,0.005,0.005,0.05,0.13,0.46,0.79,750.2000122070312,18.0,0.0,0.0,0.45,1,46.501,6.6005,8500.0,450.0,0.0,10,4.5,45.0,84.987001953125,-0.12300000190734864,8500.0,False,False,False,False,False,False,False,False,False,False,False,True,True,True,True,False,True,False,False,False,False,False,False
12031304,STATE_ARMED,11.8,0.0,0.89,0.0,0.0,0.0,0.045,0.005,0.005,0.05,0.13,0.46,0.79,750.2000122070312,18.0,0.0,0.0,0.45,1,46.501,6.6005,8500.0,450.0,0.0,10,4.5,45.0,84.987001953125,-0.12300000190734864,8500.0,False,False,False,False,False,False,False,False,False,False,False,True,True,True,True,False,True,False,False,False,False,False,False
12031809,STATE_ARMED,11.8,0.0,0.89,0.0,0.0,0.0,0.045,0.005,0.005,0.05,0.13,0.46,0.79,750.2000122070312,18.0,0.0,0.0,0.45,1,46.501,6.6005,8500.0,450.0,0.0,10,4.5,45.0,84.987001953125,-0.12300000190734864,8500.0,False,False,False,False,False,False,False,False,False,False,False,True,True,True,True,False,True,False,False,False,False,False,False
12032318,STATE_ARMED,11.8,0.0,0.89,0.0,0.0,0.0,0.045,0.005,0.005,0.05,0.13,0.46,0.79,750.2000122070312,18.0,0.0,0.0,0.45,1,46.501,6.6005,8500.0,450.0,0.0,10,4.5,45.0,84.987001953125,-0.12300000190734864,8500.0,False,False,False,False,False,False,False,False,False,False,False,True,True,True,True,False,True,False,False,False,False,False,False
12032828,STATE_ARMED,11.8,0.0,0.89,0.0,0.0,0.0,0.045,0.005,0.005,0.05,0.13,0.46,0.79,750.2000122070312,18.0,0.0,0.0,0.45,1,46.501,6.6005,8500.0,450.0,0.0,10,4.5,45.0,84.987001953125,-0.12300000190734864,8500.0,False,False,False,False,False,False,False,False,False,False,False,True,True,True,True,False,True,False,False,False,False,False,False
12033334,STATE_ARMED,11.8,0.0,0.89,0.0,0.0,0.0,0.045,0.005,0.005,0.05,0.13,0.46,0.79,750.2000122070312,18.0,0.0,0.0,0.45,1,46.501,6.6005,8500.0,450.0,0.0,10,4.5,45.0,84.987001953125,-0.12300000190734864,8500.0,False,False,False,False,False,False,False,False,False,False,False,True,True,True,True,False,True,False,False,False,False,False,False
12033841,STATE_ARMED,11.8,0.0,0.89,0.0,0.0,0.0,0.045,0.005,0.005,0.05,0.13,0.46,0.79,750.2000122070312,18.0,0.0,0.0,0.45,1,46.501,6.6005,8500.0,450.0,0.0,10,4.5,45.0,84.987001953125,-0.12300000190734864,8500.0,False,False,False,False,False,False,False,False,False,False,False,True,True,True,True,False,True,False,False,False,False,False,False
12034352,STATE_ARMED,11.8,0.0,0.89,0.0,0.0,0.0,0.045,0.005,0.005,0.05,0.13,0.46,0.79,750.2000122070312,18.0,0.0,0.0,0.45,1,46.501,6.6005,8500.0,450.0,0.0,10,4.5,45.0,84.987001953125,-0.12300000190734864,8500.0,False,False,False,False,False,False,False,False,False,False,False,True,True,True,True,False,True,False,False,False,False,False,False
12034862,STATE_ARMED,11.8,0.0,0.89,0.0,0.0,0.0,0.045,0.005,0.005,0.05,0.13,0.46,0.79,750.2000122070312,18.0,0.0,0.0,0.45,1,46.501,6.6005,8500.0,450.0,0.0,10,4.5,45.0,84.987001953125,-0.12300000190734864,8500.0,False,False,False,False,False,False,False,False,False,False,False,True,True,True,True,False,True,False,False,False,False,False,False
12035367,STATE_ARMED,11.8,0.0,0.89,0.0,0.0,0.0,0.045,0.005,0.005,0.05,0.13,0.46,0.79,750.2000122070312,18.0,0.0,0.0,0.45,1,46.501,6.6005,8500.0,450.0,0.0,10,4.5,45.0,84.987001953125,-0.12300000190734864,8500.0,False,False,False,False,False,False,False,False,False,False,False,True,True,True,True,False,True,False,False,False,False,False,False
12035878,STATE_ARMED,11.8,0.0,0.89,0.0,0.0,0.0,0.045,0.005,0.005,0.05,0.13,0.46,0.79,750.2000122070312,18.0,0.0,0.0,0.45,1,46.501,6.6005,8500.0,450.0,0.0,10,4.5,45.0,84.987001953125,-0.12300000190734864,8500.0,False,False,False,False,False,False,False,False,False,False,False,True,True,True,True,False,True,False,False,False,False,False,False
12036382,STATE_ARMED,11.8,0.0,0.89,0.0,0.0,0.0,0.045,0.005,0.005,0.05,0.13,0.46,0.79,750.2000122070312,18.0,0.0,0.0,0.45,1,46.501,6.6005,8500.0,450.0,0.0,10,4.5,45.0,84.987001953125,-0.12300000190734864,8500.0,False,False,False,False,False,False,False,False,False,False,False,True,True,True,True,False,True,False,False,False,False,False,False
12036893,STATE_ARMED,11.8,0.0,0.89,0.0,0.0,0.0,0.045,0.005,0.005,0.05,0.13,0.46,0.79,750.2000122070312,18.0,0.0,0.0,0.45,1,46.501,6.6005,8500.0,450.0,0.0,10,4.5,45.0,84.987001953125,-0.12300000190734864,8500.0,False,False,False,False,False,False,False,False,False,False,False,True,True,True,True,False,True,False,False,False,False,False,False
12037404,STATE_ARMED,11.8,0.0,0.89,0.0,0.0,0.0,0.045,0.005,0.005,0.05,0.13,0.46,0.79,750.2000122070312,18.0,0.0,0.0,0.45,1,46.501,6.6005,8500.0,450.0,0.0,10,4.5,45.0,84.987001953125,-0.12300000190734864,8500.0,False,False,False,False,False,False,False,False,False,False,False,True,True,True,True,False,True,False,False,False,False,False,False
12037911,STATE_ARMED,11.8,0.0,0.89,0.0,0.0,0.0,0.045,0.005,0.005,0.05,0.13,0.46,0.79,750.2000122070312,18.0,0.0,0.0,0.45,1,46.501,6.6005,8500.0,450.0,0.0,10,4.5,45.0,84.987001953125,-0.12300000190734864,8500.0,False,False,False,False,False,False,False,False,False,False,False,True,True,True,True,False,True,False,False,False,False,False,False
12038422,STATE_ARMED,11.8,0.0,0.89,0.0,0.0,0.0,0.045,0.005,0.005,0.05,0.13,0.46,0.79,750.2000122070312,18.0,0.0,0.0,0.45,1,46.501,6.6005,8500.0,450.0,0.0,10,4.5,45.0,84.987001953125,-0.12300000190734864,8500.0,False,False,False,False,False,False,False,False,False,False,False,True,True,True,True,False,True,False,False,False,False,False,False
12038933,STATE_ARMED,11.8,0.0,0.89,0.0,0.0,0.0,0.045,0.005,0.005,0.05,0.13,0.46,0.79,750.2000122070312,18.0,0.0,0.0,0.45,1,46.501,6.6005,8500.0,450.0,0.0,10,4.5,45.0,84.987001953125,-0.12300000190734864,8500.0,False,False,False,False,False,False,False,False,False,False,False,True,True,True,True,False,True,False,False,False,False,False,False
12039444,STATE_ARMED,11.8,0.0,0.89,0.0,0.0,0.0,0.045,0.005,0.005,0.05,0.13,0.46,0.79,750.2000122070312,18.0,0.0,0.0,0.45,1,46.501,6.6005,8500.0,450.0,0.0,10,4.5,45.0,84.987001953125,-0.12300000190734864,8500.0,False,False,False,False,False,False,False,False,False,False,False,True,True,True,True,False,True,False,False,False,False,False,False
12039955,STATE_ARMED,11.8,0.0,0.89,0.0,0.0,0.0,0.045,0.005,0.005,0.05,0.13,0.46,0.79,750.2000122070312,18.0,0.0,0.0,0.45,1,46.501,6.6005,8500.0,450.0,0.0,10,4.5,45.0,84.987001953125,-0.12300000190734864,8500.0,False,False,False,False,False,False,False,False,False,False,False,True,True,True,True,False,True,False,False,False,False,False,False
12040466,STATE_ARMED,11.8,0.0,0.89,0.0,0.0,0.0,0.045,0.005,0.005,0.05,0.13,0.46,0.79,750.2000122070312,18.0,0.0,0.0,0.45,1,46.501,6.6005,8500.0,450.0,0.0,10,4.5,45.0,84.987001953125,-0.12300000190734864,8500.0,False,False,False,False,False,False,False,False,False,False,False,True,True,True,True,False,True,False,False,False,False,False,False
12040976,STATE_ARMED,11.8,0.0,0.89,0.0,0.0,0.0,0.045,0.005,0.005,0.05,0.13,0.46,0.79,750.2000122070312,18.0,0.0,0.0,0.45,1,46.501,6.6005,8500.0,450.0,0.0,10,4.5,45.0,84.987001953125,-0.12300000190734864,8500.0,False,False,False,False,False,False,False,False,False,False,False,True,True,True,True,False,True,False,False,False,False,False,False
12041487,STATE_ARMED,11.8,0.0,0.89,0.0,0.0,0.0,0.045,0.005,0.005,0.05,0.13,0.46,0.79,750.2000122070312,18.0,0.0,0.0,0.45,1,46.501,6.6005,8500.0,450.0,0.0,10,4.5,45.0,84.987001953125,-0.12300000190734864,8500.0,False,False,False,False,False,False,False,False,False,False,False,True,True,True,True,False,True,False,False,False,False,False,False
12041999,STATE_ARMED,11.8,0.0,0.89,0.0,0.0,0.0,0.045,0.005,0.005,0.05,0.13,0.46,0.79,750.2000122070312,18.0,0.0,0.0,0.45,1,46.501,6.6005,8500.0,450.0,0.0,10,4.5,45.0,84.987001953125,-0.12300000190734864,8500.0,False,False,False,False,False,False,False,False,False,False,False,True,True,True,True,False,True,False,False,False,False,False,False
12042505,STATE_ARMED,11.8,0.0,0.89,0.0,0.0,0.0,0.045,0.005,0.005,0.05,0.13,0.46,0.79,750.2000122070312,18.0,0.0,0.0,0.45,1,46.501,6.6005,8500.0,450.0,0.0,10,4.5,45.0,84.987001953125,-0.12300000190734864,8500.0,False,False,False,False,False,False,False,False,False,False,False,True,True,True,True,False,True,False,False,False,False,False,False
12043015,STATE_ARMED,11.8,0.0,0.89,0.0,0.0,0.0,0.045,0.005,0.005,0.05,0.13,0.46,0.79,750.2000122070312,18.0,0.0,0.0,0.45,1,46.501,6.6005,8500.0,450.0,0.0,10,4.5,45.0,84.987001953125,-0.12300000190734864,8500.0,False,False,False,False,False,False,False,False,False,False,False,True,True,True,True,False,True,False,False,False,False,False,False
12043524,STATE_ARMED,11.8,0.0,0.89,0.0,0.0,0.0,0.045,0.005,0.005,0.05,0.13,0.46,0.79,750.2000122070312,18.0,0.0,0.0,0.45,1,46.501,6.6005,8500.0,450.0,0.0,10,4.5,45.0,84.987001953125,-0.12300000190734864,8500.0,False,False,False,False,False,False,False,False,False,False,False,True,True,True,True,False,True,False,False,False,False,False,False
12044035,STATE_ARMED,11.8,0.0,0.89,0.0,0.0,0.0,0.045,0.005,0.005,0.05,0.13,0.46,0.79,750.2000122070312,18.0,0.0,0.0,0.45,1,46.501,6.6005,8500.0,450.0,0.0,10,4.5,45.0,84.987001953125,-0.12300000190734864,8500.0,False,False,False,False,False,False,False,False,False,False,False,True,True,True,True,False,True,False,False,False,False,False,False
12044546,STATE_ARMED,11.8,0.0,0.89,0.0,0.0,0.0,0.045,0.005,0.005,0.05,0.13,0.46,0.79,750.2000122070312,18.0,0.0,0.0,0.45,1,46.501,6.6005,8500.0,450.0,0.0,10,4.5,45.0,84.987001953125,-0.12300000190734864,8500.0,False,False,False,False,False,False,False,False,False,False,False,True,True,True,True,False,True,False,False,False,False,False,False
12045057,STATE_ARMED,11.8,0.0,0.89,0.0,0.0,0.0,0.045,0.005,0.005,0.05,0.13,0.46,0.79,750.2000122070312,18.0,0.0,0.0,0.45,1,46.501,6.6005,8500.0,450.0,0.0,10,4.5,45.0,84.987001953125,-0.12300000190734864,8500.0,False,False,False,False,False,False,False,False,False,False,False,True,True,True,True,False,True,False,False,False,False,False,False
12045568,STATE_ARMED,11.8,0.0,0.89,0.0,0.0,0.0,0.045,0.005,0.005,0.05,0.13,0.46,0.79,750.2000122070312,18.0,0.0,0.0,0.45,1,46.501,6.6005,8500.0,450.0,0.0,10,4.5,45.0,84.987001953125,-0.12300000190734864,8500.0,False,False,False,False,False,False,False,False,False,False,False,True,True,True,True,False,True,False,False,False,False,False,False
12046079,STATE_ARMED,11.8,0.0,0.89,0.0,0.0,0.0,0.045,0.005,0.005,0.05,0.13,0.46,0.79,750.2000122070312,18.0,0.0,0.0,0.45,1,46.501,6.6005,8500.0,450.0,0.0,10,4.5,45.0,84.987001953125,-0.12300000190734864,8500.0,False,False,False,False,False,False,False,False,False,False,False,True,True,True,True,False,True,False,False,False,False,False,False
12046590,STATE_ARMED,11.8,0.0,0.89,0.0,0.0,0.0,0.045,0.005,0.005,0.05,0.13,0.46,0.79,750.2000122070312,18.0,0.0,0.0,0.45,1,46.501,6.6005,8500.0,450.0,0.0,10,4.5,45.0,84.987001953125,-0.12300000190734864,8500.0,False,False,False,False,False,False,False,False,False,False,False,True,True,True,True,False,True,False,False,False,False,False,False
12047101,STATE_ARMED,11.8,0.0,0.89,0.0,0.0,0.0,0.045,0.005,0.005,0.05,0.13,0.46,0.79,750.2000122070312,18.0,0.0,0.0,0.45,1,46.501,6.6005,8500.0,450.0,0.0,10,4.5,45.0,84.987001953125,-0.12300000190734864,8500.0,False,False,False,False,False,False,False,False,False,False,False,True,True,True,True,False,True,False,False,False,False,False,False
12047612,STATE_ARMED,11.8,0.0,0.89,0.0,0.0,0.0,0.045,0.005,0.005,0.05,0.13,0.46,0.79,750.2000122070312,18.0,0.0,0.0,0.45,1,46.501,6.6005,8500.0,450.0,0.0,10,4.5,45.0,84.987001953125,-0.12300000190734864,8500.0,False,False,False,False,False,False,False,False,False,False,False,True,True,True,True,False,True,False,False,False,False,False,False
12048120,STATE_ARMED,11.8,0.0,0.89,0.0,0.0,0.0,0.045,0.005,0.005,0.05,0.13,0.46,0.79,750.2000122070312,18.0,0.0,0.0,0.45,1,46.501,6.6005,8500.0,450.0,0.0,10,4.5,45.0,84.987001953125,-0.12300000190734864,8500.0,False,False,False,False,False,False,False,False,False,False,False,True,True,True,True,False,True,False,False,False,False,False,False
12048625,STATE_ARMED,11.8,0.0,0.89,0.0,0.0,0.0,0.045,0.005,0.005,0.05,0.13,0.46,0.79,750.2000122070312,18.0,0.0,0.0,0.45,1,46.501,6.6005,8500.0,450.0,0.0,10,4.5,45.0,84.987001953125,-0.12300000190734864,8500.0,False,False,False,False,False,False,False,False,False,False,False,True,True,True,True,False,True,False,False,False,False,False,False
12049132,STATE_ARMED,11.8,0.0,0.89,0.0,0.0,0.0,0.045,0.005,0.005,0.05,0.13,0.46,0.79,750.2000122070312,18.0,0.0,0.0,0.45,1,46.501,6.6005,8500.0,450.0,0.0,10,4.5,45.0,84.987001953125,-0.12300000190734864,8500.0,False,False,False,False,False,False,False,False,False,False,False,True,True,True,True,False,True,False,False,False,False,False,False
12049641,STATE_ARMED,11.8,0.0,0.89,0.0,0.0,0.0,0.045,0.005,0.005,0.05,0.13,0.46,0.79,750.2000122070312,18.0,0.0,0.0,0.45,1,46.501,6.6005,8500.0,450.0,0.0,10,4.5,45.0,84.987001953125,-0.12300000190734864,8500.0,False,False,False,False,False,False,False,False,False,False,False,True,True,True,True,False,True,False,False,False,False,False,False
12050152,STATE_ARMED,11.8,0.0,0.89,0.0,0.0,0.0,0.045,0.005,0.005,0.05,0.13,0.46,0.79,750.2000122070312,18.0,0.0,0.0,0.45,1,46.501,6.6005,8500.0,450.0,0.0,10,4.5,45.0,84.987001953125,-0.12300000190734864,8500.0,False,False,False,False,False,False,False,False,False,False,False,True,True,True,True,False,True,False,False,False,False,False,False
12050662,STATE_ARMED,11.8,0.0,0.89,0.0,0.0,0.0,0.045,0.005,0.005,0.05,0.13,0.46,0.79,750.2000122070312,18.0,0.0,0.0,0.45,1,46.501,6.6005,8500.0,450.0,0.0,10,4.5,45.0,84.987001953125,-0.12300000190734864,8500.0,False,False,False,False,False,False,False,False,False,False,False,True,True,True,True,False,True,False,False,False,False,False,False
12051169,STATE_ARMED,11.8,0.0,0.89,0.0,0.0,0.0,0.045,0.005,0.005,0.05,0.13,0.46,0.79,750.2000122070312,18.0,0.0,0.0,0.45,1,46.501,6.6005,8500.0,450.0,0.0,10,4.5,45.0,84.987001953125,-0.12300000190734864,8500.0,False,False,False,False,False,False,False,False,False,False,False,True,True,True,True,False,True,False,False,False,False,False,False
12051679,STATE_ARMED,11.8,0.0,0.89,0.0,0.0,0.0,0.045,0.005,0.005,0.05,0.13,0.46,0.79,750.2000122070312,18.0,0.0,0.0,0.45,1,46.501,6.6005,8500.0,450.0,0.0,10,4.5,45.0,84.987001953125,-0.12300000190734864,8500.0,False,False,False,False,False,False,False,False,False,False,False,True,True,True,True,False,True,False,False,False,False,False,False
12052190,STATE_ARMED,11.8,0.0,0.89,0.0,0.0,0.0,0.045,0.005,0.005,0.05,0.13,0.46,0.79,750.2000122070312,18.0,0.0,0.0,0.45,1,46.501,6.6005,8500.0,450.0,0.0,10,4.5,45.0,84.987001953125,-0.12300000190734864,8500.0,False,False,False,False,False,False,False,False,False,False,False,True,True,True,True,False,True,False,False,False,False,False,False
12052701,STATE_ARMED,11.8,0.0,0.89,0.0,0.0,0.0,0.045,0.005,0.005,0.05,0.13,0.46,0.79,750.2000122070312,18.0,0.0,0.0,0.45,1,46.501,6.6005,8500.0,450.0,0.0,10,4.5,45.0,84.987001953125,-0.12300000190734864,8500.0,False,False,False,False,False,False,False,False,False,False,False,True,True,True,True,False,True,False,False,False,False,False,False
12053207,STATE_ARMED,11.8,0.0,0.89,0.0,0.0,0.0,0.045,0.005,0.005,0.05,0.13,0.46,0.79,750.2000122070312,18.0,0.0,0.0,0.45,1,46.501,6.6005,8500.0,450.0,0.0,10,4.5,45.0,84.987001953125,-0.12300000190734864,8500.0,False,False,False,False,False,False,False,False,False,False,False,True,True,True,True,False,True,False,False,False,False,False,False
12053713,STATE_ARMED,11.8,0.0,0.89,0.0,0.0,0.0,0.045,0.005,0.005,0.05,0.13,0.46,0.79,750.2000122070312,18.0,0.0,0.0,0.45,1,46.501,6.6005,8500.0,450.0,0.0,10,4.5,45.0,84.987001953125,-0.12300000190734864,8500.0,False,False,False,False,False,False,False,False,False,False,False,True,True,True,True,False,True,False,False,False,False,False,False
12054220,STATE_ARMED,11.8,0.0,0.89,0.0,0.0,0.0,0.045,0.005,0.005,0.05,0.13,0.46,0.79,750.2000122070312,18.0,0.0,0.0,0.45,1,46.501,6.6005,8500.0,450.0,0.0,10,4.5,45.0,84.987001953125,-0.12300000190734864,8500.0,False,False,False,False,False,False,False,False,False,False,False,True,True,True,True,False,True,False,False,False,False,False,False
12054731,STATE_ARMED,11.8,0.0,0.89,0.0,0.0,0.0,0.045,0.005,0.005,0.05,0.13,0.46,0.79,750.2000122070312,18.0,0.0,0.0,0.45,1,46.501,6.6005,8500.0,450.0,0.0,10,4.5,45.0,84.987001953125,-0.12300000190734864,8500.0,False,False,False,False,False,False,False,False,False,False,False,True,True,True,True,False,True,False,False,False,False,False,False
12055240,STATE_ARMED,11.8,0.0,0.89,0.0,0.0,0.0,0.045,0.005,0.005,0.05,0.13,0.46,0.79,750.2000122070312,18.0,0.0,0.0,0.45,1,46.501,6.6005,8500.0,450.0,0.0,10,4.5,45.0,84.987001953125,-0.12300000190734864,8500.0,False,False,False,False,False,False,False,False,False,False,False,True,True,True,True,False,True,False,False,False,False,False,False
12055751,STATE_ARMED,11.8,0.0,0.89,0.0,0.0,0.0,0.045,0.005,0.005,0.05,0.13,0.46,0.79,750.2000122070312,18.0,0.0,0.0,0.45,1,46.501,6.6005,8500.0,450.0,0.0,10,4.5,45.0,84.987001953125,-0.12300000190734864,8500.0,False,False,False,False,False,False,False,False,False,False,False,True,True,True,True,False,True,False,False,False,False,False,False
12056262,STATE_ARMED,11.8,0.0,0.89,0.0,0.0,0.0,0.045,0.005,0.005,0.05,0.13,0.46,0.79,750.2000122070312,18.0,0.0,0.0,0.45,1,46.501,6.6005,8500.0,450.0,0.0,10,4.5,45.0,84.987001953125,-0.12300000190734864,8500.0,False,False,False,False,False,False,False,False,False,False,False,True,True,True,True,False,True,False,False,False,False,False,False
12056772,STATE_ARMED,11.8,0.0,0.89,0.0,0.0,0.0,0.045,0.005,0.005,0.05,0.13,0.46,0.79,750.2000122070312,18.0,0.0,0.0,0.45,1,46.501,6.6005,8500.0,450.0,0.0,10,4.5,45.0,84.987001953125,-0.12300000190734864,8500.0,False,False,False,False,False,False,False,False,False,False,False,True,True,True,True,False,True,False,False,False,False,False,False
12057283,STATE_ARMED,11.8,0.0,0.89,0.0,0.0,0.0,0.045,0.005,0.005,0.05,0.13,0.46,0.79,750.2000122070312,18.0,0.0,0.0,0.45,1,46.501,6.6005,8500.0,450.0,0.0,10,4.5,45.0,84.987001953125,-0.12300000190734864,8500.0,False,False,False,False,False,False,False,False,False,False,False,True,True,True,True,False,True,False,False,False,False,False,False
12057793,STATE_ARMED,11.8,0.0,0.89,0.0,0.0,0.0,0.045,0.005,0.005,0.05,0.13,0.46,0.79,750.2000122070312,18.0,0.0,0.0,0.45,1,46.501,6.6005,8500.0,450.0,0.0,10,4.5,45.0,84.987001953125,-0.12300000190734864,8500.0,False,False,False,False,False,False,False,False,False,False,False,True,True,True,True,False,True,False,False,False,False,False,False
12058300,STATE_ARMED,11.8,0.0,0.89,0.0,0.0,0.0,0.045,0.005,0.005,0.05,0.13,0.46,0.79,750.2000122070312,18.0,0.0,0.0,0.45,1,46.501,6.6005,8500.0,450.0,0.0,10,4.5,45.0,84.987001953125,-0.12300000190734864,8500.0,False,False,False,False,False,False,False,False,False,False,False,True,True,True,True,False,True,False,False,False,False,False,False
12058810,STATE_ARMED,11.8,0.0,0.89,0.0,0.0,0.0,0.045,0.005,0.005,0.05,0.13,0.46,0.79,750.2000122070312,18.0,0.0,0.0,0.45,1,46.501,6.6005,8500.0,450.0,0.0,10,4.5,45.0,84.987001953125,-0.12300000190734864,8500.0,False,False,False,False,False,False,False,False,False,False,False,True,True,True,True,False,True,False,False,False,False,False,False
12059316,STATE_ARMED,11.8,0.0,0.89,0.0,0.0,0.0,0.045,0.005,0.005,0.05,0.13,0.46,0.79,750.2000122070312,18.0,0.0,0.0,0.45,1,46.501,6.6005,8500.0,450.0,0.0,10,4.5,45.0,84.987001953125,-0.12300000190734864,8500.0,False,False,False,False,False,False,False,False,False,False,False,True,True,True,True,False,True,False,False,False,False,False,False
12059821,STATE_ARMED,11.8,0.0,0.89,0.0,0.0,0.0,0.045,0.005,0.005,0.05,0.13,0.46,0.79,750.2000122070312,18.0,0.0,0.0,0.45,1,46.501,6.6005,8500.0,450.0,0.0,10,4.5,45.0,84.987001953125,-0.12300000190734864,8500.0,False,False,False,False,False,False,False,False,False,False,False,True,True,True,True,False,True,False,False,False,False,False,False
12060327,STATE_ARMED,11.8,0.0,0.89,0.0,0.0,0.0,0.045,0.005,0.005,0.05,0.13,0.46,0.79,750.2000122070312,18.0,0.0,0.0,0.45,1,46.501,6.6005,8500.0,450.0,0.0,10,4.5,45.0,84.987001953125,-0.12300000190734864,8500.0,False,False,False,False,False,False,False,False,False,False,False,True,True,True,True,False,True,False,False,False,False,False,False
12060835,STATE_ARMED,11.8,0.0,0.89,0.0,0.0,0.0,0.045,0.005,0.005,0.05,0.13,0.46,0.79,750.2000122070312,18.0,0.0,0.0,0.45,1,46.501,6.6005,8500.0,450.0,0.0,10,4.5,45.0,84.987001953125,-0.12300000190734864,8500.0,False,False,False,False,False,False,False,False,False,False,False,True,True,True,True,False,True,False,False,False,False,False,False
12061344,STATE_ARMED,11.8,0.0,0.89,0.0,0.0,0.0,0.045,0.005,0.005,0.05,0.13,0.46,0.79,750.2000122070312,18.0,0.0,0.0,0.45,1,46.501,6.6005,8500.0,450.0,0.0,10,4.5,45.0,84.987001953125,-0.12300000190734864,8500.0,False,False,False,False,False,False,False,False,False,False,False,True,True,True,True,False,True,False,False,False,False,False,False
12061853,STATE_ARMED,11.8,0.0,0.89,0.0,0.0,0.0,0.045,0.005,0.005,0.05,0.13,0.46,0.79,750.2000122070312,18.0,0.0,0.0,0.45,1,46.501,6.6005,8500.0,450.0,0.0,10,4.5,45.0,84.987001953125,-0.12300000190734864,8500.0,False,False,False,False,False,False,False,False,False,False,False,True,True,True,True,False,True,False,False,False,False,False,False
12062364,STATE_ARMED,11.8,0.0,0.89,0.0,0.0,0.0,0.045,0.005,0.005,0.05,0.13,0.46,0.79,750.2000122070312,18.0,0.0,0.0,0.45,1,46.501,6.6005,8500.0,450.0,0.0,10,4.5,45.0,84.987001953125,-0.12300000190734864,8500.0,False,False,False,False,False,False,False,False,False,False,False,True,True,True,True,False,True,False,False,False,False,False,False
12062872,STATE_ARMED,11.8,0.0,0.89,0.0,0.0,0.0,0.045,0.005,0.005,0.05,0.13,0.46,0.79,750.2000122070312,18.0,0.0,0.0,0.45,1,46.501,6.6005,8500.0,450.0,0.0,10,4.5,45.0,84.987001953125,-0.12300000190734864,8500.0,False,False,False,False,False,False,False,False,False,False,False,True,True,True,True,False,True,False,False,False,False,False,False
12063383,STATE_ARMED,11.8,0.0,0.89,0.0,0.0,0.0,0.045,0.005,0.005,0.05,0.13,0.46,0.79,750.2000122070312,18.0,0.0,0.0,0.45,1,46.501,6.6005,8500.0,450.0,0.0,10,4.5,45.0,84.987001953125,-0.12300000190734864,8500.0,False,False,False,False,False,False,False,False,False,False,False,True,True,True,True,False,True,False,False,False,False,False,False
12063894,STATE_ARMED,11.8,0.0,0.89,0.0,0.0,0.0,0.045,0.005,0.005,0.05,0.13,0.46,0.79,750.2000122070312,18.0,0.0,0.0,0.45,1,46.501,6.6005,8500.0,450.0,0.0,10,4.5,45.0,84.987001953125,-0.12300000190734864,8500.0,False,False,False,False,False,False,False,False,False,False,False,True,True,True,True,False,True,False,False,False,False,False,False
12064405,STATE_ARMED,11.8,0.0,0.89,0.0,0.0,0.0,0.045,0.005,0.005,0.05,0.13,0.46,0.79,750.2000122070312,18.0,0.0,0.0,0.45,1,46.501,6.6005,8500.0,450.0,0.0,10,4.5,45.0,84.987001953125,-0.12300000190734864,8500.0,False,False,False,False,False,False,False,False,False,False,False,True,True,True,True,False,True,False,False,False,False,False,False
12064914,STATE_ARMED,11.8,0.0,0.89,0.0,0.0,0.0,0.045,0.005,0.005,0.05,0.13,0.46,0.79,750.2000122070312,18.0,0.0,0.0,0.45,1,46.501,6.6005,8500.0,450.0,0.0,10,4.5,45.0,84.987001953125,-0.12300000190734864,8500.0,False,False,False,False,False,False,False,False,False,False,False,True,True,True,True,False,True,False,False,False,False,False,False
12065420,STATE_ARMED,11.8,0.0,0.89,0.0,0.0,0.0,0.045,0.005,0.005,0.05,0.13,0.46,0.79,750.2000122070312,18.0,0.0,0.0,0.45,1,46.501,6.6005,8500.0,450.0,0.0,10,4.5,45.0,84.987001953125,-0.12300000190734864,8500.0,False,False,False,False,False,False,False,False,False,False,False,True,True,True,True,False,True,False,False,False,False,False,False
12065927,STATE_ARMED,11.8,0.0,0.89,0.0,0.0,0.0,0.045,0.005,0.005,0.05,0.13,0.46,0.79,750.2000122070312,18.0,0.0,0.0,0.45,1,46.501,6.6005,8500.0,450.0,0.0,10,4.5,45.0,84.987001953125,-0.12300000190734864,8500.0,False,False,False,False,False,False,False,False,False,False,False,True,True,True,True,False,True,False,False,False,False,False,False
12066437,STATE_ARMED,11.8,0.0,0.89,0.0,0.0,0.0,0.045,0.005,0.005,0.05,0.13,0.46,0.79,750.2000122070312,18.0,0.0,0.0,0.45,1,46.501,6.6005,8500.0,450.0,0.0,10,4.5,45.0,84.987001953125,-0.12300000190734864,8500.0,False,False,False,False,False,False,False,False,False,False,False,True,True,True,True,False,True,False,False,False,False,False,False
12066946,STATE_ARMED,11.8,0.0,0.89,0.0,0.0,0.0,0.045,0.005,0.005,0.05,0.13,0.46,0.79,750.2000122070312,18.0,0.0,0.0,0.45,1,46.501,6.6005,8500.0,450.0,0.0,10,4.5,45.0,84.987001953125,-0.12300000190734864,8500.0,False,False,False,False,False,False,False,False,False,False,False,True,True,True,True,False,True,False,False,False,False,False,False
12067452,STATE_ARMED,11.8,0.0,0.89,0.0,0.0,0.0,0.045,0.005,0.005,0.05,0.13,0.46,0.79,750.2000122070312,18.0,0.0,0.0,0.45,1,46.501,6.6005,8500.0,450.0,0.0,10,4.5,45.0,84.987001953125,-0.12300000190734864,8500.0,False,False,False,False,False,False,False,False,False,False,False,True,True,True,True,False,True,False,False,False,False,False,False
12067963,STATE_ARMED,11.8,0.0,0.89,0.0,0.0,0.0,0.045,0.005,0.005,0.05,0.13,0.46,0.79,750.2000122070312,18.0,0.0,0.0,0.45,1,46.501,6.6005,8500.0,450.0,0.0,10,4.5,45.0,84.987001953125,-0.12300000190734864,8500.0,False,False,False,False,False,False,False,False,False,False,False,True,True,True,True,False,True,False,False,False,False,False,False
12068475,STATE_ARMED,11.8,0.0,0.89,0.0,0.0,0.0,0.045,0.005,0.005,0.05,0.13,0.46,0.79,750.2000122070312,18.0,0.0,0.0,0.45,1,46.501,6.6005,8500.0,450.0,0.0,10,4.5,45.0,84.987001953125,-0.12300000190734864,8500.0,False,False,False,False,False,False,False,False,False,False,False,True,True,True,True,False,True,False,False,False,False,False,False
12068986,STATE_ARMED,11.8,0.0,0.89,0.0,0.0,0.0,0.045,0.005,0.005,0.05,0.13,0.46,0.79,750.2000122070312,18.0,0.0,0.0,0.45,1,46.501,6.6005,8500.0,450.0,0.0,10,4.5,45.0,84.987001953125,-0.12300000190734864,8500.0,False,False,False,False,False,False,False,False,False,False,False,True,True,True,True,False,True,False,False,False,False,False,False
12069495,STATE_ARMED,11.8,0.0,0.89,0.0,0.0,0.0,0.045,0.005,0.005,0.05,0.13,0.46,0.79,750.2000122070312,18.0,0.0,0.0,0.45,1,46.501,6.6005,8500.0,450.0,0.0,10,4.5,45.0,84.987001953125,-0.12300000190734864,8500.0,False,False,False,False,False,False,False,False,False,False,False,True,True,True,True,False,True,False,False,False,False,False,False
12070005,STATE_ARMED,11.8,0.0,0.89,0.0,0.0,0.0,0.045,0.005,0.005,0.05,0.13,0.46,0.79,750.2000122070312,18.0,0.0,0.0,0.45,1,46.501,6.6005,8500.0,450.0,0.0,10,4.5,45.0,84.987001953125,-0.12300000190734864,8500.0,False,False,False,False,False,False,False,False,False,False,False,True,True,True,True,False,True,False,False,False,False,False,False
12070515,STATE_ARMED,11.8,0.0,0.89,0.0,0.0,0.0,0.045,0.005,0.005,0.05,0.13,0.46,0.79,750.2000122070312,18.0,0.0,0.0,0.45,1,46.501,6.6005,8500.0,450.0,0.0,10,4.5,45.0,84.987001953125,-0.12300000190734864,8500.0,False,False,False,False,False,False,False,False,False,False,False,True,True,True,True,False,True,False,False,False,False,False,False
12071027,STATE_ARMED,11.8,0.0,0.89,0.0,0.0,0.0,0.045,0.005,0.005,0.05,0.13,0.46,0.79,750.2000122070312,18.0,0.0,0.0,0.45,1,46.501,6.6005,8500.0,450.0,0.0,10,4.5,45.0,84.987001953125,-0.12300000190734864,8500.0,False,False,False,False,False,False,False,False,False,False,False,True,True,True,True,False,True,False,False,False,False,False,False
12071539,STATE_ARMED,11.8,0.0,0.89,0.0,0.0,0.0,0.045,0.005,0.005,0.05,0.13,0.46,0.79,750.2000122070312,18.0,0.0,0.0,0.45,1,46.501,6.6005,8500.0,450.0,0.0,10,4.5,45.0,84.987001953125,-0.12300000190734864,8500.0,False,False,False,False,False,False,False,False,False,False,False,True,True,True,True,False,True,False,False,False,False,False,False
12072050,STATE_ARMED,11.8,0.0,0.89,0.0,0.0,0.0,0.045,0.005,0.005,0.05,0.13,0.46,0.79,750.2000122070312,18.0,0.0,0.0,0.45,1,46.501,6.6005,8500.0,450.0,0.0,10,4.5,45.0,84.987001953125,-0.12300000190734864,8500.0,False,False,False,False,False,False,False,False,False,False,False,True,True,True,True,False,True,False,False,False,False,False,False
12072561,STATE_ARMED,11.8,0.0,0.89,0.0,0.0,0.0,0.045,0.005,0.005,0.05,0.13,0.46,0.79,750.2000122070312,18.0,0.0,0.0,0.45,1,46.501,6.6005,8500.0,450.0,0.0,10,4.5,45.0,84.987001953125,-0.12300000190734864,8500.0,False,False,False,False,False,False,False,False,False,False,False,True,True,True,True,False,True,False,False,False,False,False,False
12073066,STATE_ARMED,11.8,0.0,0.89,0.0,0.0,0.0,0.045,0.005,0.005,0.05,0.13,0.46,0.79,750.2000122070312,18.0,0.0,0.0,0.45,1,46.501,6.6005,8500.0,450.0,0.0,10,4.5,45.0,84.987001953125,-0.12300000190734864,8500.0,False,False,False,False,False,False,False,False,False,False,False,True,True,True,True,False,True,False,False,False,False,False,False
12073575,STATE_ARMED,11.8,0.0,0.89,0.0,0.0,0.0,0.045,0.005,0.005,0.05,0.13,0.46,0.79,750.2000122070312,18.0,0.0,0.0,0.45,1,46.501,6.6005,8500.0,450.0,0.0,10,4.5,45.0,84.987001953125,-0.12300000190734864,8500.0,False,False,False,False,False,False,False,False,False,False,False,True,True,True,True,False,True,False,False,False,False,False,False
12074085,STATE_ARMED,11.8,0.0,0.89,0.0,0.0,0.0,0.045,0.005,0.005,0.05,0.13,0.46,0.79,750.2000122070312,18.0,0.0,0.0,0.45,1,46.501,6.6005,8500.0,450.0,0.0,10,4.5,45.0,84.987001953125,-0.12300000190734864,8500.0,False,False,False,False,False,False,False,False,False,False,False,True,True,True,True,False,True,False,False,False,False,False,False
12074594,STATE_ARMED,11.8,0.0,0.89,0.0,0.0,0.0,0.045,0.005,0.005,0.05,0.13,0.46,0.79,750.2000122070312,18.0,0.0,0.0,0.45,1,46.501,6.6005,8500.0,450.0,0.0,10,4.5,45.0,84.987001953125,-0.12300000190734864,8500.0,False,False,False,False,False,False,False,False,False,False,False,True,True,True,True,False,True,False,False,False,False,False,False
12075100,STATE_ARMED,11.8,0.0,0.89,0.0,0.0,0.0,0.045,0.005,0.005,0.05,0.13,0.46,0.79,750.2000122070312,18.0,0.0,0.0,0.45,1,46.501,6.6005,8500.0,450.0,0.0,10,4.5,45.0,84.987001953125,-0.12300000190734864,8500.0,False,False,False,False,False,False,False,False,False,False,False,True,True,True,True,False,True,False,False,False,False,False,False
12075612,STATE_ARMED,11.8,0.0,0.89,0.0,0.0,0.0,0.045,0.005,0.005,0.05,0.13,0.46,0.79,750.2000122070312,18.0,0.0,0.0,0.45,1,46.501,6.6005,8500.0,450.0,0.0,10,4.5,45.0,84.987001953125,-0.12300000190734864,8500.0,False,False,False,False,False,False,False,False,False,False,False,True,True,True,True,False,True,False,False,False,False,False,False
12076119,STATE_ARMED,11.8,0.0,0.89,0.0,0.0,0.0,0.045,0.005,0.005,0.05,0.13,0.46,0.79,750.2000122070312,18.0,0.0,0.0,0.45,1,46.501,6.6005,8500.0,450.0,0.0,10,4.5,45.0,84.987001953125,-0.12300000190734864,8500.0,False,False,False,False,False,False,False,False,False,False,False,True,True,True,True,False,True,False,False,False,False,False,False
12076630,STATE_ARMED,11.8,0.0,0.89,0.0,0.0,0.0,0.045,0.005,0.005,0.05,0.13,0.46,0.79,750.2000122070312,18.0,0.0,0.0,0.45,1,46.501,6.6005,8500.0,450.0,0.0,10,4.5,45.0,84.987001953125,-0.12300000190734864,8500.0,False,False,False,False,False,False,False,False,False,False,False,True,True,True,True,False,True,False,False,False,False,False,False
12077138,STATE_ARMED,11.8,0.0,0.89,0.0,0.0,0.0,0.045,0.005,0.005,0.05,0.13,0.46,0.79,750.2000122070312,18.0,0.0,0.0,0.45,1,46.501,6.6005,8500.0,450.0,0.0,10,4.5,45.0,84.987001953125,-0.12300000190734864,8500.0,False,False,False,False,False,False,False,False,False,False,False,True,True,True,True,False,True,False,False,False,False,False,False
12077643,STATE_ARMED,11.8,0.0,0.89,0.0,0.0,0.0,0.045,0.005,0.005,0.05,0.13,0.46,0.79,750.2000122070312,18.0,0.0,0.0,0.45,1,46.501,6.6005,8500.0,450.0,0.0,10,4.5,45.0,84.987001953125,-0.12300000190734864,8500.0,False,False,False,False,False,False,False,False,False,False,False,True,True,True,True,False,True,False,False,False,False,False,False
12078155,STATE_ARMED,11.8,0.0,0.89,0.0,0.0,0.0,0.045,0.005,0.005,0.05,0.13,0.46,0.79,750.2000122070312,18.0,0.0,0.0,0.45,1,46.501,6.6005,8500.0,450.0,0.0,10,4.5,45.0,84.987001953125,-0.12300000190734864,8500.0,False,False,False,False,False,False,False,False,False,False,False,True,True,True,True,False,True,False,False,False,False,False,False
12078663,STATE_ARMED,11.8,0.0,0.89,0.0,0.0,0.0,0.045,0.005,0.005,0.05,0.13,0.46,0.79,750.2000122070312,18.0,0.0,0.0,0.45,1,46.501,6.6005,8500.0,450.0,0.0,10,4.5,45.0,84.987001953125,-0.12300000190734864,8500.0,False,False,False,False,False,False,False,False,False,False,False,True,True,True,True,False,True,False,False,False,False,False,False
12079174,STATE_ARMED,11.8,0.0,0.89,0.0,0.0,0.0,0.045,0.005,0.005,0.05,0.13,0.46,0.79,750.2000122070312,18.0,0.0,0.0,0.45,1,46.501,6.6005,8500.0,450.0,0.0,10,4.5,45.0,84.987001953125,-0.12300000190734864,8500.0,False,False,False,False,False,False,False,False,False,False,False,True,True,True,True,False,True,False,False,False,False,False,False
12079686,STATE_ARMED,11.8,0.0,0.89,0.0,0.0,0.0,0.045,0.005,0.005,0.05,0.13,0.46,0.79,750.2000122070312,18.0,0.0,0.0,0.45,1,46.501,6.6005,8500.0,450.0,0.0,10,4.5,45.0,84.987001953125,-0.12300000190734864,8500.0,False,False,False,False,False,False,False,False,False,False,False,True,True,True,True,False,True,False,False,False,False,False,False
12080188,STATE_ARMED,11.8,0.0,0.89,0.0,0.0,0.0,0.045,0.005,0.005,0.05,0.13,0.46,0.79,750.2000122070312,18.0,0.0,0.0,0.45,1,46.501,6.6005,8500.0,450.0,0.0,10,4.5,45.0,84.987001953125,-0.12300000190734864,8500.0,False,False,False,False,False,False,False,False,False,False,False,True,True,True,True,False,True,False,False,False,False,False,False
12080699,STATE_ARMED,11.8,0.0,0.89,0.0,0.0,0.0,0.045,0.005,0.005,0.05,0.13,0.46,0.79,750.2000122070312,18.0,0.0,0.0,0.45,1,46.501,6.6005,8500.0,450.0,0.0,10,4.5,45.0,84.987001953125,-0.12300000190734864,8500.0,False,False,False,False,False,False,False,False,False,False,False,True,True,True,True,False,True,False,False,False,False,False,False
12081210,STATE_ARMED,11.8,0.0,0.89,0.0,0.0,0.0,0.045,0.005,0.005,0.05,0.13,0.46,0.79,750.2000122070312,18.0,0.0,0.0,0.45,1,46.501,6.6005,8500.0,450.0,0.0,10,4.5,45.0,84.987001953125,-0.12300000190734864,8500.0,False,False,False,False,False,False,False,False,False,False,False,True,True,True,True,False,True,False,False,False,False,False,False
12081721,STATE_ARMED,11.8,0.0,0.89,0.0,0.0,0.0,0.045,0.005,0.005,0.05,0.13,0.46,0.79,750.2000122070312,18.0,0.0,0.0,0.45,1,46.501,6.6005,8500.0,450.0,0.0,10,4.5,45.0,84.987001953125,-0.12300000190734864,8500.0,False,False,False,False,False,False,False,False,False,False,False,True,True,True,True,False,True,False,False,False,False,False,False
12082231,STATE_ARMED,11.8,0.0,0.89,0.0,0.0,0.0,0.045,0.005,0.005,0.05,0.13,0.46,0.79,750.2000122070312,18.0,0.0,0.0,0.45,1,46.501,6.6005,8500.0,450.0,0.0,10,4.5,45.0,84.987001953125,-0.12300000190734864,8500.0,False,False,False,False,False,False,False,False,False,False,False,True,True,True,True,False,True,False,False,False,False,False,False
12082742,STATE_ARMED,11.8,0.0,0.89,0.0,0.0,0.0,0.045,0.005,0.005,0.05,0.13,0.46,0.79,750.2000122070312,18.0,0.0,0.0,0.45,1,46.501,6.6005,8500.0,450.0,0.0,10,4.5,45.0,84.987001953125,-0.12300000190734864,8500.0,False,False,False,False,False,False,False,False,False,False,False,True,True,True,True,False,True,False,False,False,False,False,False
12083250,STATE_ARMED,11.8,0.0,0.89,0.0,0.0,0.0,0.045,0.005,0.005,0.05,0.13,0.46,0.79,750.2000122070312,18.0,0.0,0.0,0.45,1,46.501,6.6005,8500.0,450.0,0.0,10,4.5,45.0,84.987001953125,-0.12300000190734864,8500.0,False,False,False,False,False,False,False,False,False,False,False,True,True,True,True,False,True,False,False,False,False,False,False
12083762,STATE_ARMED,11.8,0.0,0.89,0.0,0.0,0.0,0.045,0.005,0.005,0.05,0.13,0.46,0.79,750.2000122070312,18.0,0.0,0.0,0.45,1,46.501,6.6005,8500.0,450.0,0.0,10,4.5,45.0,84.987001953125,-0.12300000190734864,8500.0,False,False,False,False,False,False,False,False,False,False,False,True,True,True,True,False,True,False,False,False,False,False,False
12084268,STATE_ARMED,11.8,0.0,0.89,0.0,0.0,0.0,0.045,0.005,0.005,0.05,0.13,0.46,0.79,750.2000122070312,18.0,0.0,0.0,0.45,1,46.501,6.6005,8500.0,450.0,0.0,10,4.5,45.0,84.987001953125,-0.12300000190734864,8500.0,False,False,False,False,False,False,False,False,False,False,False,True,True,True,True,False,True,False,False,False,False,False,False
12084779,STATE_ARMED,11.8,0.0,0.89,0.0,0.0,0.0,0.045,0.005,0.005,0.05,0.13,0.46,0.79,750.2000122070312,18.0,0.0,0.0,0.45,1,46.501,6.6005,8500.0,450.0,0.0,10,4.5,45.0,84.987001953125,-0.12300000190734864,8500.0,False,False,False,False,False,False,False,False,False,False,False,True,True,True,True,False,True,False,False,False,False,False,False
12085290,STATE_ARMED,11.8,0.0,0.89,0.0,0.0,0.0,0.045,0.005,0.005,0.05,0.13,0.46,0.79,750.2000122070312,18.0,0.0,0.0,0.45,1,46.501,6.6005,8500.0,450.0,0.0,10,4.5,45.0,84.987001953125,-0.12300000190734864,8500.0,False,False,False,False,False,False,False,False,False,False,False,True,True,True,True,False,True,False,False,False,False,False,False
12085799,STATE_ARMED,11.8,0.0,0.89,0.0,0.0,0.0,0.045,0.005,0.005,0.05,0.13,0.46,0.79,750.2000122070312,18.0,0.0,0.0,0.45,1,46.501,6.6005,8500.0,450.0,0.0,10,4.5,45.0,84.987001953125,-0.12300000190734864,8500.0,False,False,False,False,False,False,False,False,False,False,False,True,True,True,True,False,True,False,False,False,False,False,False
12086309,STATE_ARMED,11.8,0.0,0.89,0.0,0.0,0.0,0.045,0.005,0.005,0.05,0.13,0.46,0.79,750.2000122070312,18.0,0.0,0.0,0.45,1,46.501,6.6005,8500.0,450.0,0.0,10,4.5,45.0,84.987001953125,-0.12300000190734864,8500.0,False,False,False,False,False,False,False,False,False,False,False,True,True,True,True,False,True,False,False,False,False,False,False
12086817,STATE_ARMED,11.8,0.0,0.89,0.0,0.0,0.0,0.045,0.005,0.005,0.05,0.13,0.46,0.79,750.2000122070312,18.0,0.0,0.0,0.45,1,46.501,6.6005,8500.0,450.0,0.0,10,4.5,45.0,84.987001953125,-0.12300000190734864,8500.0,False,False,False,False,False,False,False,False,False,False,False,True,True,True,True,False,True,False,False,False,False,False,False
12087325,STATE_ARMED,11.8,0.0,0.89,0.0,0.0,0.0,0.045,0.005,0.005,0.05,0.13,0.46,0.79,750.2000122070312,18.0,0.0,0.0,0.45,1,46.501,6.6005,8500.0,450.0,0.0,10,4.5,45.0,84.987001953125,-0.12300000190734864,8500.0,False,False,False,False,False,False,False,False,False,False,False,True,True,True,True,False,True,False,False,False,False,False,False
12087831,STATE_ARMED,11.8,0.0,0.89,0.0,0.0,0.0,0.045,0.005,0.005,0.05,0.13,0.46,0.79,750.2000122070312,18.0,0.0,0.0,0.45,1,46.501,6.6005,8500.0,450.0,0.0,10,4.5,45.0,84.987001953125,-0.12300000190734864,8500.0,False,False,False,False,False,False,False,False,False,False,False,True,True,True,True,False,True,False,False,False,False,False,False
12088338,STATE_ARMED,11.8,0.0,0.89,0.0,0.0,0.0,0.045,0.005,0.005,0.05,0.13,0.46,0.79,750.2000122070312,18.0,0.0,0.0,0.45,1,46.501,6.6005,8500.0,450.0,0.0,10,4.5,45.0,84.987001953125,-0.12300000190734864,8500.0,False,False,False,False,False,False,False,False,False,False,False,True,True,True,True,False,True,False,False,False,False,False,False
12088848,STATE_ARMED,11.8,0.0,0.89,0.0,0.0,0.0,0.045,0.005,0.005,0.05,0.13,0.46,0.79,750.2000122070312,18.0,0.0,0.0,0.45,1,46.501,6.6005,8500.0,450.0,0.0,10,4.5,45.0,84.987001953125,-0.12300000190734864,8500.0,False,False,False,False,False,False,False,False,False,False,False,True,True,True,True,False,True,False,False,False,False,False,False
12089356,STATE_ARMED,11.8,0.0,0.89,0.0,0.0,0.0,0.045,0.005,0.005,0.05,0.13,0.46,0.79,750.2000122070312,18.0,0.0,0.0,0.45,1,46.501,6.6005,8500.0,450.0,0.0,10,4.5,45.0,84.987001953125,-0.12300000190734864,8500.0,False,False,False,False,False,False,False,False,False,False,False,True,True,True,True,False,True,False,False,False,False,False,False
12089863,STATE_ARMED,11.8,0.0,0.89,0.0,0.0,0.0,0.045,0.005,0.005,0.05,0.13,0.46,0.79,750.2000122070312,18.0,0.0,0.0,0.45,1,46.501,6.6005,8500.0,450.0,0.0,10,4.5,45.0,84.987001953125,-0.12300000190734864,8500.0,False,False,False,False,False,False,False,False,False,False,False,True,True,True,True,False,True,False,False,False,False,False,False
12090370,STATE_ARMED,11.8,0.0,0.89,0.0,0.0,0.0,0.045,0.005,0.005,0.05,0.13,0.46,0.79,750.2000122070312,18.0,0.0,0.0,0.45,1,46.501,6.6005,8500.0,450.0,0.0,10,4.5,45.0,84.987001953125,-0.12300000190734864,8500.0,False,False,False,False,False,False,False,False,False,False,False,True,True,True,True,False,True,False,False,False,False,False,False
12090880,STATE_ARMED,11.8,0.0,0.89,0.0,0.0,0.0,0.045,0.005,0.005,0.05,0.13,0.46,0.79,750.2000122070312,18.0,0.0,0.0,0.45,1,46.501,6.6005,8500.0,450.0,0.0,10,4.5,45.0,84.987001953125,-0.12300000190734864,8500.0,False,False,False,False,False,False,False,False,False,False,False,True,True,True,True,False,True,False,False,False,False,False,False
12091389,STATE_ARMED,11.8,0.0,0.89,0.0,0.0,0.0,0.045,0.005,0.005,0.05,0.13,0.46,0.79,750.2000122070312,18.0,0.0,0.0,0.45,1,46.501,6.6005,8500.0,450.0,0.0,10,4.5,45.0,84.987001953125,-0.12300000190734864,8500.0,False,False,False,False,False,False,False,False,False,False,False,True,True,True,True,False,True,False,False,False,False,False,False
12091899,STATE_ARMED,11.8,0.0,0.89,0.0,0.0,0.0,0.045,0.005,0.005,0.05,0.13,0.46,0.79,750.2000122070312,18.0,0.0,0.0,0.45,1,46.501,6.6005,8500.0,450.0,0.0,10,4.5,45.0,84.987001953125,-0.12300000190734864,8500.0,False,False,False,False,False,False,False,False,False,False,False,True,True,True,True,False,True,False,False,False,False,False,False
12092410,STATE_ARMED,11.8,0.0,0.89,0.0,0.0,0.0,0.045,0.005,0.005,0.05,0.13,0.46,0.79,750.2000122070312,18.0,0.0,0.0,0.45,1,46.501,6.6005,8500.0,450.0,0.0,10,4.5,45.0,84.987001953125,-0.12300000190734864,8500.0,False,False,False,False,False,False,False,False,False,False,False,True,True,True,True,False,True,False,False,False,False,False,False
12092919,STATE_ARMED,11.8,0.0,0.89,0.0,0.0,0.0,0.045,0.005,0.005,0.05,0.13,0.46,0.79,750.2000122070312,18.0,0.0,0.0,0.45,1,46.501,6.6005,8500.0,450.0,0.0,10,4.5,45.0,84.987001953125,-0.12300000190734864,8500.0,False,False,False,False,False,False,False,False,False,False,False,True,True,True,True,False,True,False,False,False,False,False,False
12093426,STATE_ARMED,11.8,0.0,0.89,0.0,0.0,0.0,0.045,0.005,0.005,0.05,0.13,0.46,0.79,750.2000122070312,18.0,0.0,0.0,0.45,1,46.501,6.6005,8500.0,450.0,0.0,10,4.5,45.0,84.987001953125,-0.12300000190734864,8500.0,False,False,False,False,False,False,False,False,False,False,False,True,True,True,True,False,True,False,False,False,False,False,False
12093934,STATE_ARMED,11.8,0.0,0.89,0.0,0.0,0.0,0.045,0.005,0.005,0.05,0.13,0.46,0.79,750.2000122070312,18.0,0.0,0.0,0.45,1,46.501,6.6005,8500.0,450.0,0.0,10,4.5,45.0,84.987001953125,-0.12300000190734864,8500.0,False,False,False,False,False,False,False,False,False,False,False,True,True,True,True,False,True,False,False,False,False,False,False
12094444,STATE_ARMED,11.8,0.0,0.89,0.0,0.0,0.0,0.045,0.005,0.005,0.05,0.13,0.46,0.79,750.2000122070312,18.0,0.0,0.0,0.45,1,46.501,6.6005,8500.0,450.0,0.0,10,4.5,45.0,84.987001953125,-0.12300000190734864,8500.0,False,False,False,False,False,False,False,False,False,False,False,True,True,True,True,False,True,False,False,False,False,False,False
12094955,STATE_ARMED,11.8,0.0,0.89,0.0,0.0,0.0,0.045,0.005,0.005,0.05,0.13,0.46,0.79,750.2000122070312,18.0,0.0,0.0,0.45,1,46.501,6.6005,8500.0,450.0,0.0,10,4.5,45.0,84.987001953125,-0.12300000190734864,8500.0,False,False,False,False,False,False,False,False,False,False,False,True,True,True,True,False,True,False,False,False,False,False,False
12095466,STATE_ARMED,11.8,0.0,0.89,0.0,0.0,0.0,0.045,0.005,0.005,0.05,0.13,0.46,0.79,750.2000122070312,18.0,0.0,0.0,0.45,1,46.501,6.6005,8500.0,450.0,0.0,10,4.5,45.0,84.987001953125,-0.12300000190734864,8500.0,False,False,False,False,False,False,False,False,False,False,False,True,True,True,True,False,True,False,False,False,False,False,False
12095975,STATE_ARMED,11.8,0.0,0.89,0.0,0.0,0.0,0.045,0.005,0.005,0.05,0.13,0.46,0.79,750.2000122070312,18.0,0.0,0.0,0.45,1,46.501,6.6005,8500.0,450.0,0.0,10,4.5,45.0,84.987001953125,-0.12300000190734864,8500.0,False,False,False,False,False,False,False,False,False,False,False,True,True,True,True,False,True,False,False,False,False,False,False
12096484,STATE_ARMED,11.8,0.0,0.89,0.0,0.0,0.0,0.045,0.005,0.005,0.05,0.13,0.46,0.79,750.2000122070312,18.0,0.0,0.0,0.45,1,46.501,6.6005,8500.0,450.0,0.0,10,4.5,45.0,84.987001953125,-0.12300000190734864,8500.0,False,False,False,False,False,False,False,False,False,False,False,True,True,True,True,False,True,False,False,False,False,False,False
12096995,STATE_ARMED,11.8,0.0,0.89,0.0,0.0,0.0,0.045,0.005,0.005,0.05,0.13,0.46,0.79,750.2000122070312,18.0,0.0,0.0,0.45,1,46.501,6.6005,8500.0,450.0,0.0,10,4.5,45.0,84.987001953125,-0.12300000190734864,8500.0,False,False,False,False,False,False,False,False,False,False,False,True,True,True,True,False,True,False,False,False,False,False,False
12097506,STATE_ARMED,11.8,0.0,0.89,0.0,0.0,0.0,0.045,0.005,0.005,0.05,0.13,0.46,0.79,750.2000122070312,18.0,0.0,0.0,0.45,1,46.501,6.6005,8500.0,450.0,0.0,10,4.5,45.0,84.987001953125,-0.12300000190734864,8500.0,False,False,False,False,False,False,False,False,False,False,False,True,True,True,True,False,True,False,False,False,False,False,False
12098012,STATE_ARMED,11.8,0.0,0.89,0.0,0.0,0.0,0.045,0.005,0.005,0.05,0.13,0.46,0.79,750.2000122070312,18.0,0.0,0.0,0.45,1,46.501,6.6005,8500.0,450.0,0.0,10,4.5,45.0,84.987001953125,-0.12300000190734864,8500.0,False,False,False,False,False,False,False,False,False,False,False,True,True,True,True,False,True,False,False,False,False,False,False
12098520,STATE_ARMED,11.8,0.0,0.89,0.0,0.0,0.0,0.045,0.005,0.005,0.05,0.13,0.46,0.79,750.2000122070312,18.0,0.0,0.0,0.45,1,46.501,6.6005,8500.0,450.0,0.0,10,4.5,45.0,84.987001953125,-0.12300000190734864,8500.0,False,False,False,False,False,False,False,False,False,False,False,True,True,True,True,False,True,False,False,False,False,False,False
12099026,STATE_ARMED,11.8,0.0,0.89,0.0,0.0,0.0,0.045,0.005,0.005,0.05,0.13,0.46,0.79,750.2000122070312,18.0,0.0,0.0,0.45,1,46.501,6.6005,8500.0,450.0,0.0,10,4.5,45.0,84.987001953125,-0.12300000190734864,8500.0,False,False,False,False,False,False,False,False,False,False,False,True,True,True,True,False,True,False,False,False,False,False,False
12099532,STATE_ARMED,11.8,0.0,0.89,0.0,0.0,0.0,0.045,0.005,0.005,0.05,0.13,0.46,0.79,750.2000122070312,18.0,0.0,0.0,0.45,1,46.501,6.6005,8500.0,450.0,0.0,10,4.5,45.0,84.987001953125,-0.12300000190734864,8500.0,False,False,False,False,False,False,False,False,False,False,False,True,True,True,True,False,True,False,False,False,False,False,False
12100044,STATE_ARMED,11.8,0.0,0.89,0.0,0.0,0.0,0.045,0.005,0.005,0.05,0.13,0.46,0.79,750.2000122070312,18.0,0.0,0.0,0.45,1,46.501,6.6005,8500.0,450.0,0.0,10,4.5,45.0,84.987001953125,-0.12300000190734864,8500.0,False,False,False,False,False,False,False,False,False,False,False,True,True,True,True,False,True,False,False,False,False,False,False
12100555,STATE_ARMED,11.8,0.0,0.89,0.0,0.0,0.0,0.045,0.005,0.005,0.05,0.13,0.46,0.79,750.2000122070312,18.0,0.0,0.0,0.45,1,46.501,6.6005,8500.0,450.0,0.0,10,4.5,45.0,84.987001953125,-0.12300000190734864,8500.0,False,False,False,False,False,False,False,False,False,False,False,True,True,True,True,False,True,False,False,False,False,False,False
12101063,STATE_ARMED,11.8,0.0,0.89,0.0,0.0,0.0,0.045,0.005,0.005,0.05,0.13,0.46,0.79,750.2000122070312,18.0,0.0,0.0,0.45,1,46.501,6.6005,8500.0,450.0,0.0,10,4.5,45.0,84.987001953125,-0.12300000190734864,8500.0,False,False,False,False,False,False,False,False,False,False,False,True,True,True,True,False,True,False,False,False,False,False,False
12101570,STATE_ARMED,11.8,0.0,0.89,0.0,0.0,0.0,0.045,0.005,0.005,0.05,0.13,0.46,0.79,750.2000122070312,18.0,0.0,0.0,0.45,1,46.501,6.6005,8500.0,450.0,0.0,10,4.5,45.0,84.987001953125,-0.12300000190734864,8500.0,False,False,False,False,False,False,False,False,False,False,False,True,True,True,True,False,True,False,False,False,False,False,False
12102077,STATE_ARMED,11.8,0.0,0.89,0.0,0.0,0.0,0.045,0.005,0.005,0.05,0.13,0.46,0.79,750.2000122070312,18.0,0.0,0.0,0.45,1,46.501,6.6005,8500.0,450.0,0.0,10,4.5,45.0,84.987001953125,-0.12300000190734864,8500.0,False,False,False,False,False,False,False,False,False,False,False,True,True,True,True,False,True,False,False,False,False,False,False
12102583,STATE_ARMED,11.8,0.0,0.89,0.0,0.0,0.0,0.045,0.005,0.005,0.05,0.13,0.46,0.79,750.2000122070312,18.0,0.0,0.0,0.45,1,46.501,6.6005,8500.0,450.0,0.0,10,4.5,45.0,84.987001953125,-0.12300000190734864,8500.0,False,False,False,False,False,False,False,False,False,False,False,True,True,True,True,False,True,False,False,False,False,False,False
12103090,STATE_ARMED,11.8,0.0,0.89,0.0,0.0,0.0,0.045,0.005,0.005,0.05,0.13,0.46,0.79,750.2000122070312,18.0,0.0,0.0,0.45,1,46.501,6.6005,8500.0,450.0,0.0,10,4.5,45.0,84.987001953125,-0.12300000190734864,8500.0,False,False,False,False,False,False,False,False,False,False,False,True,True,True,True,False,True,False,False,False,False,False,False
12103600,STATE_ARMED,11.8,0.0,0.89,0.0,0.0,0.0,0.045,0.005,0.005,0.05,0.13,0.46,0.79,750.2000122070312,18.0,0.0,0.0,0.45,1,46.501,6.6005,8500.0,450.0,0.0,10,4.5,45.0,84.987001953125,-0.12300000190734864,8500.0,False,False,False,False,False,False,False,False,False,False,False,True,True,True,True,False,True,False,False,False,False,False,False
12104109,STATE_ARMED,11.8,0.0,0.89,0.0,0.0,0.0,0.045,0.005,0.005,0.05,0.13,0.46,0.79,750.2000122070312,18.0,0.0,0.0,0.45,1,46.501,6.6005,8500.0,450.0,0.0,10,4.5,45.0,84.987001953125,-0.12300000190734864,8500.0,False,False,False,False,False,False,False,False,False,False,False,True,True,True,True,False,True,False,False,False,False,False,False
12104619,STATE_ARMED,11.8,0.0,0.89,0.0,0.0,0.0,0.045,0.005,0.005,0.05,0.13,0.46,0.79,750.2000122070312,18.0,0.0,0.0,0.45,1,46.501,6.6005,8500.0,450.0,0.0,10,4.5,45.0,84.987001953125,-0.12300000190734864,8500.0,False,False,False,False,False,False,False,False,False,False,False,True,True,True,True,False,True,False,False,False,False,False,False
12105130,STATE_ARMED,11.8,0.0,0.89,0.0,0.0,0.0,0.045,0.005,0.005,0.05,0.13,0.46,0.79,750.2000122070312,18.0,0.0,0.0,0.45,1,46.501,6.6005,8500.0,450.0,0.0,10,4.5,45.0,84.987001953125,-0.12300000190734864,8500.0,False,False,False,False,False,False,False,False,False,False,False,True,True,True,True,False,True,False,False,False,False,False,False
12105639,STATE_ARMED,11.8,0.0,0.89,0.0,0.0,0.0,0.045,0.005,0.005,0.05,0.13,0.46,0.79,750.2000122070312,18.0,0.0,0.0,0.45,1,46.501,6.6005,8500.0,450.0,0.0,10,4.5,45.0,84.987001953125,-0.12300000190734864,8500.0,False,False,False,False,False,False,False,False,False,False,False,True,True,True,True,False,True,False,False,False,False,False,False
12106150,STATE_ARMED,11.8,0.0,0.89,0.0,0.0,0.0,0.045,0.005,0.005,0.05,0.13,0.46,0.79,750.2000122070312,18.0,0.0,0.0,0.45,1,46.501,6.6005,8500.0,450.0,0.0,10,4.5,45.0,84.987001953125,-0.12300000190734864,8500.0,False,False,False,False,False,False,False,False,False,False,False,True,True,True,True,False,True,False,False,False,False,False,False
12106658,STATE_ARMED,11.8,0.0,0.89,0.0,0.0,0.0,0.045,0.005,0.005,0.05,0.13,0.46,0.79,750.2000122070312,18.0,0.0,0.0,0.45,1,46.501,6.6005,8500.0,450.0,0.0,10,4.5,45.0,84.987001953125,-0.12300000190734864,8500.0,False,False,False,False,False,False,False,False,False,False,False,True,True,True,True,False,True,False,False,False,False,False,False
12107165,STATE_ARMED,11.8,0.0,0.89,0.0,0.0,0.0,0.045,0.005,0.005,0.05,0.13,0.46,0.79,750.2000122070312,18.0,0.0,0.0,0.45,1,46.501,6.6005,8500.0,450.0,0.0,10,4.5,45.0,84.987001953125,-0.12300000190734864,8500.0,False,False,False,False,False,False,False,False,False,False,False,True,True,True,True,False,True,False,False,False,False,False,False
12107671,STATE_ARMED,11.8,0.0,0.89,0.0,0.0,0.0,0.045,0.005,0.005,0.05,0.13,0.46,0.79,750.2000122070312,18.0,0.0,0.0,0.45,1,46.501,6.6005,8500.0,450.0,0.0,10,4.5,45.0,84.987001953125,-0.12300000190734864,8500.0,False,False,False,False,False,False,False,False,False,False,False,True,True,True,True,False,True,False,False,False,False,False,False
12108178,STATE_ARMED,11.8,0.0,0.89,0.0,0.0,0.0,0.045,0.005,0.005,0.05,0.13,0.46,0.79,750.2000122070312,18.0,0.0,0.0,0.45,1,46.501,6.6005,8500.0,450.0,0.0,10,4.5,45.0,84.987001953125,-0.12300000190734864,8500.0,False,False,False,False,False,False,False,False,False,False,False,True,True,True,True,False,True,False,False,False,False,False,False
12108688,STATE_ARMED,11.8,0.0,0.89,0.0,0.0,0.0,0.045,0.005,0.005,0.05,0.13,0.46,0.79,750.2000122070312,18.0,0.0,0.0,0.45,1,46.501,6.6005,8500.0,450.0,0.0,10,4.5,45.0,84.987001953125,-0.12300000190734864,8500.0,False,False,False,False,False,False,False,False,False,False,False,True,True,True,True,False,True,False,False,False,False,False,False
12109192,STATE_ARMED,11.8,0.0,0.89,0.0,0.0,0.0,0.045,0.005,0.005,0.05,0.13,0.46,0.79,750.2000122070312,18.0,0.0,0.0,0.45,1,46.501,6.6005,8500.0,450.0,0.0,10,4.5,45.0,84.987001953125,-0.12300000190734864,8500.0,False,False,False,False,False,False,False,False,False,False,False,True,True,True,True,False,True,False,False,False,False,False,False
12109704,STATE_ARMED,11.8,0.0,0.89,0.0,0.0,0.0,0.045,0.005,0.005,0.05,0.13,0.46,0.79,750.2000122070312,18.0,0.0,0.0,0.45,1,46.501,6.6005,8500.0,450.0,0.0,10,4.5,45.0,84.987001953125,-0.12300000190734864,8500.0,False,False,False,False,False,False,False,False,False,False,False,True,True,True,True,False,True,False,False,False,False,False,False
12110215,STATE_ARMED,11.8,0.0,0.89,0.0,0.0,0.0,0.045,0.005,0.005,0.05,0.13,0.46,0.79,750.2000122070312,18.0,0.0,0.0,0.45,1,46.501,6.6005,8500.0,450.0,0.0,10,4.5,45.0,84.987001953125,-0.12300000190734864,8500.0,False,False,False,False,False,False,False,False,False,False,False,True,True,True,True,False,True,False,False,False,False,False,False
12110722,STATE_ARMED,11.8,0.0,0.89,0.0,0.0,0.0,0.045,0.005,0.005,0.05,0.13,0.46,0.79,750.2000122070312,18.0,0.0,0.0,0.45,1,46.501,6.6005,8500.0,450.0,0.0,10,4.5,45.0,84.987001953125,-0.12300000190734864,8500.0,False,False,False,False,False,False,False,False,False,False,False,True,True,True,True,False,True,False,False,False,False,False,False
12111228,STATE_ARMED,11.8,0.0,0.89,0.0,0.0,0.0,0.045,0.005,0.005,0.05,0.13,0.46,0.79,750.2000122070312,18.0,0.0,0.0,0.45,1,46.501,6.6005,8500.0,450.0,0.0,10,4.5,45.0,84.987001953125,-0.12300000190734864,8500.0,False,False,False,False,False,False,False,False,False,False,False,True,True,True,True,False,True,False,False,False,False,False,False
12111735,STATE_ARMED,11.8,0.0,0.89,0.0,0.0,0.0,0.045,0.005,0.005,0.05,0.13,0.46,0.79,750.2000122070312,18.0,0.0,0.0,0.45,1,46.501,6.6005,8500.0,450.0,0.0,10,4.5,45.0,84.987001953125,-0.12300000190734864,8500.0,False,False,False,False,False,False,False,False,False,False,False,True,True,True,True,False,True,False,False,False,False,False,False
12112242,STATE_ARMED,11.8,0.0,0.89,0.0,0.0,0.0,0.045,0.005,0.005,0.05,0.13,0.46,0.79,750.2000122070312,18.0,0.0,0.0,0.45,1,46.501,6.6005,8500.0,450.0,0.0,10,4.5,45.0,84.987001953125,-0.12300000190734864,8500.0,False,False,False,False,False,False,False,False,False,False,False,True,True,True,True,False,True,False,False,False,False,False,False
12112749,STATE_ARMED,11.8,0.0,0.89,0.0,0.0,0.0,0.045,0.005,0.005,0.05,0.13,0.46,0.79,750.2000122070312,18.0,0.0,0.0,0.45,1,46.501,6.6005,8500.0,450.0,0.0,10,4.5,45.0,84.987001953125,-0.12300000190734864,8500.0,False,False,False,False,False,False,False,False,False,False,False,True,True,True,True,False,True,False,False,False,False,False,False
12113256,STATE_ARMED,11.8,0.0,0.89,0.0,0.0,0.0,0.045,0.005,0.005,0.05,0.13,0.46,0.79,750.2000122070312,18.0,0.0,0.0,0.45,1,46.501,6.6005,8500.0,450.0,0.0,10,4.5,45.0,84.987001953125,-0.12300000190734864,8500.0,False,False,False,False,False,False,False,False,False,False,False,True,True,True,True,False,True,False,False,False,False,False,False
12113766,STATE_ARMED,11.8,0.0,0.89,0.0,0.0,0.0,0.045,0.005,0.005,0.05,0.13,0.46,0.79,750.2000122070312,18.0,0.0,0.0,0.45,1,46.501,6.6005,8500.0,450.0,0.0,10,4.5,45.0,84.987001953125,-0.12300000190734864,8500.0,False,False,False,False,False,False,False,False,False,False,False,True,True,True,True,False,True,False,False,False,False,False,False
12114275,STATE_ARMED,11.8,0.0,0.89,0.0,0.0,0.0,0.045,0.005,0.005,0.05,0.13,0.46,0.79,750.2000122070312,18.0,0.0,0.0,0.45,1,46.501,6.6005,8500.0,450.0,0.0,10,4.5,45.0,84.987001953125,-0.12300000190734864,8500.0,False,False,False,False,False,False,False,False,False,False,False,True,True,True,True,False,True,False,False,False,False,False,False
12114783,STATE_ARMED,11.8,0.0,0.89,0.0,0.0,0.0,0.045,0.005,0.005,0.05,0.13,0.46,0.79,750.2000122070312,18.0,0.0,0.0,0.45,1,46.501,6.6005,8500.0,450.0,0.0,10,4.5,45.0,84.987001953125,-0.12300000190734864,8500.0,False,False,False,False,False,False,False,False,False,False,False,True,True,True,True,False,True,False,False,False,False,False,False
12115294,STATE_ARMED,11.8,0.0,0.89,0.0,0.0,0.0,0.045,0.005,0.005,0.05,0.13,0.46,0.79,750.2000122070312,18.0,0.0,0.0,0.45,1,46.501,6.6005,8500.0,450.0,0.0,10,4.5,45.0,84.987001953125,-0.12300000190734864,8500.0,False,False,False,False,False,False,False,False,False,False,False,True,True,True,True,False,True,False,False,False,False,False,False
12115802,STATE_ARMED,11.8,0.0,0.89,0.0,0.0,0.0,0.045,0.005,0.005,0.05,0.13,0.46,0.79,750.2000122070312,18.0,0.0,0.0,0.45,1,46.501,6.6005,8500.0,450.0,0.0,10,4.5,45.0,84.987001953125,-0.12300000190734864,8500.0,False,False,False,False,False,False,False,False,False,False,False,True,True,True,True,False,True,False,False,False,False,False,False
12116313,STATE_ARMED,11.8,0.0,0.89,0.0,0.0,0.0,0.045,0.005,0.005,0.05,0.13,0.46,0.79,750.2000122070312,18.0,0.0,0.0,0.45,1,46.501,6.6005,8500.0,450.0,0.0,10,4.5,45.0,84.987001953125,-0.12300000190734864,8500.0,False,False,False,False,False,False,False,False,False,False,False,True,True,True,True,False,True,False,False,False,False,False,False
12116823,STATE_ARMED,11.8,0.0,0.89,0.0,0.0,0.0,0.045,0.005,0.005,0.05,0.13,0.46,0.79,750.2000122070312,18.0,0.0,0.0,0.45,1,46.501,6.6005,8500.0,450.0,0.0,10,4.5,45.0,84.987001953125,-0.12300000190734864,8500.0,False,False,False,False,False,False,False,False,False,False,False,True,True,True,True,False,True,False,False,False,False,False,False
12117334,STATE_ARMED,11.8,0.0,0.89,0.0,0.0,0.0,0.045,0.005,0.005,0.05,0.13,0.46,0.79,750.2000122070312,18.0,0.0,0.0,0.45,1,46.501,6.6005,8500.0,450.0,0.0,10,4.5,45.0,84.987001953125,-0.12300000190734864,8500.0,False,False,False,False,False,False,False,False,False,False,False,True,True,True,True,False,True,False,False,False,False,False,False
12117842,STATE_ARMED,11.8,0.0,0.89,0.0,0.0,0.0,0.045,0.005,0.005,0.05,0.13,0.46,0.79,750.2000122070312,18.0,0.0,0.0,0.45,1,46.501,6.6005,8500.0,450.0,0.0,10,4.5,45.0,84.987001953125,-0.12300000190734864,8500.0,False,False,False,False,False,False,False,False,False,False,False,True,True,True,True,False,True,False,False,False,False,False,False
12118348,STATE_ARMED,11.8,0.0,0.89,0.0,0.0,0.0,0.045,0.005,0.005,0.05,0.13,0.46,0.79,750.2000122070312,18.0,0.0,0.0,0.45,1,46.501,6.6005,8500.0,450.0,0.0,10,4.5,45.0,84.987001953125,-0.12300000190734864,8500.0,False,False,False,False,False,False,False,False,False,False,False,True,True,True,True,False,True,False,False,False,False,False,False
12118855,STATE_ARMED,11.8,0.0,0.89,0.0,0.0,0.0,0.045,0.005,0.005,0.05,0.13,0.46,0.79,750.2000122070312,18.0,0.0,0.0,0.45,1,46.501,6.6005,8500.0,450.0,0.0,10,4.5,45.0,84.987001953125,-0.12300000190734864,8500.0,False,False,False,False,False,False,False,False,False,False,False,True,True,True,True,False,True,False,False,False,False,False,False
12119366,STATE_ARMED,11.8,0.0,0.89,0.0,0.0,0.0,0.045,0.005,0.005,0.05,0.13,0.46,0.79,750.2000122070312,18.0,0.0,0.0,0.45,1,46.501,6.6005,8500.0,450.0,0.0,10,4.5,45.0,84.987001953125,-0.12300000190734864,8500.0,False,False,False,False,False,False,False,False,False,False,False,True,True,True,True,False,True,False,False,False,False,False,False
12119873,STATE_ARMED,11.8,0.0,0.89,0.0,0.0,0.0,0.045,0.005,0.005,0.05,0.13,0.46,0.79,750.2000122070312,18.0,0.0,0.0,0.45,1,46.501,6.6005,8500.0,450.0,0.0,10,4.5,45.0,84.987001953125,-0.12300000190734864,8500.0,False,False,False,False,False,False,False,False,False,False,False,True,True,True,True,False,True,False,False,False,False,False,False
12120382,STATE_ARMED,11.8,0.0,0.89,0.0,0.0,0.0,0.045,0.005,0.005,0.05,0.13,0.46,0.79,750.2000122070312,18.0,0.0,0.0,0.45,1,46.501,6.6005,8500.0,450.0,0.0,10,4.5,45.0,84.987001953125,-0.12300000190734864,8500.0,False,False,False,False,False,False,False,False,False,False,False,True,True,True,True,False,True,False,False,False,False,False,False
12120888,STATE_ARMED,11.8,0.0,0.89,0.0,0.0,0.0,0.045,0.005,0.005,0.05,0.13,0.46,0.79,750.2000122070312,18.0,0.0,0.0,0.45,1,46.501,6.6005,8500.0,450.0,0.0,10,4.5,45.0,84.987001953125,-0.12300000190734864,8500.0,False,False,False,False,False,False,False,False,False,False,False,True,True,True,True,False,True,False,False,False,False,False,False
12121399,STATE_ARMED,11.8,0.0,0.89,0.0,0.0,0.0,0.045,0.005,0.005,0.05,0.13,0.46,0.79,750.2000122070312,18.0,0.0,0.0,0.45,1,46.501,6.6005,8500.0,450.0,0.0,10,4.5,45.0,84.987001953125,-0.12300000190734864,8500.0,False,False,False,False,False,False,False,False,False,False,False,True,True,True,True,False,True,False,False,False,False,False,False
12121907,STATE_ARMED,11.8,0.0,0.89,0.0,0.0,0.0,0.045,0.005,0.005,0.05,0.13,0.46,0.79,750.2000122070312,18.0,0.0,0.0,0.45,1,46.501,6.6005,8500.0,450.0,0.0,10,4.5,45.0,84.987001953125,-0.12300000190734864,8500.0,False,False,False,False,False,False,False,False,False,False,False,True,True,True,True,False,True,False,False,False,False,False,False
12122415,STATE_ARMED,11.8,0.0,0.89,0.0,0.0,0.0,0.045,0.005,0.005,0.05,0.13,0.46,0.79,750.2000122070312,18.0,0.0,0.0,0.45,1,46.501,6.6005,8500.0,450.0,0.0,10,4.5,45.0,84.987001953125,-0.12300000190734864,8500.0,False,False,False,False,False,False,False,False,False,False,False,True,True,True,True,False,True,False,False,False,False,False,False
12122925,STATE_ARMED,11.8,0.0,0.89,0.0,0.0,0.0,0.045,0.005,0.005,0.05,0.13,0.46,0.79,750.2000122070312,18.0,0.0,0.0,0.45,1,46.501,6.6005,8500.0,450.0,0.0,10,4.5,45.0,84.987001953125,-0.12300000190734864,8500.0,False,False,False,False,False,False,False,False,False,False,False,True,True,True,True,False,True,False,False,False,False,False,False
12123434,STATE_ARMED,11.8,0.0,0.89,0.0,0.0,0.0,0.045,0.005,0.005,0.05,0.13,0.46,0.79,750.2000122070312,18.0,0.0,0.0,0.45,1,46.501,6.6005,8500.0,450.0,0.0,10,4.5,45.0,84.987001953125,-0.12300000190734864,8500.0,False,False,False,False,False,False,False,False,False,False,False,True,True,True,True,False,True,False,False,False,False,False,False
12123944,STATE_ARMED,11.8,0.0,0.89,0.0,0.0,0.0,0.045,0.005,0.005,0.05,0.13,0.46,0.79,750.2000122070312,18.0,0.0,0.0,0.45,1,46.501,6.6005,8500.0,450.0,0.0,10,4.5,45.0,84.987001953125,-0.12300000190734864,8500.0,False,False,False,False,False,False,False,False,False,False,False,True,True,True,True,False,True,False,False,False,False,False,False
12124450,STATE_ARMED,11.8,0.0,0.89,0.0,0.0,0.0,0.045,0.005,0.005,0.05,0.13,0.46,0.79,750.2000122070312,18.0,0.0,0.0,0.45,1,46.501,6.6005,8500.0,450.0,0.0,10,4.5,45.0,84.987001953125,-0.12300000190734864,8500.0,False,False,False,False,False,False,False,False,False,False,False,True,True,True,True,False,True,False,False,False,False,False,False
12124957,STATE_ARMED,11.8,0.0,0.89,0.0,0.0,0.0,0.045,0.005,0.005,0.05,0.13,0.46,0.79,750.2000122070312,18.0,0.0,0.0,0.45,1,46.501,6.6005,8500.0,450.0,0.0,10,4.5,45.0,84.987001953125,-0.12300000190734864,8500.0,False,False,False,False,False,False,False,False,False,False,False,True,True,True,True,False,True,False,False,False,False,False,False
12125467,STATE_ARMED,11.8,0.0,0.89,0.0,0.0,0.0,0.045,0.005,0.005,0.05,0.13,0.46,0.79,750.2000122070312,18.0,0.0,0.0,0.45,1,46.501,6.6005,8500.0,450.0,0.0,10,4.5,45.0,84.987001953125,-0.12300000190734864,8500.0,False,False,False,False,False,False,False,False,False,False,False,True,True,True,True,False,True,False,False,False,False,False,False
12125975,STATE_ARMED,11.8,0.0,0.89,0.0,0.0,0.0,0.045,0.005,0.005,0.05,0.13,0.46,0.79,750.2000122070312,18.0,0.0,0.0,0.45,1,46.501,6.6005,8500.0,450.0,0.0,10,4.5,45.0,84.987001953125,-0.12300000190734864,8500.0,False,False,False,False,False,False,False,False,False,False,False,True,True,True,True,False,True,False,False,False,False,False,False
12126483,STATE_ARMED,11.8,0.0,0.89,0.0,0.0,0.0,0.045,0.005,0.005,0.05,0.13,0.46,0.79,750.2000122070312,18.0,0.0,0.0,0.45,1,46.501,6.6005,8500.0,450.0,0.0,10,4.5,45.0,84.987001953125,-0.12300000190734864,8500.0,False,False,False,False,False,False,False,False,False,False,False,True,True,True,True,False,True,False,False,False,False,False,False
12126990,STATE_ARMED,11.8,0.0,0.89,0.0,0.0,0.0,0.045,0.005,0.005,0.05,0.13,0.46,0.79,750.2000122070312,18.0,0.0,0.0,0.45,1,46.501,6.6005,8500.0,450.0,0.0,10,4.5,45.0,84.987001953125,-0.12300000190734864,8500.0,False,False,False,False,False,False,False,False,False,False,False,True,True,True,True,False,True,False,False,False,False,False,False
12127500,STATE_ARMED,11.8,0.0,0.89,0.0,0.0,0.0,0.045,0.005,0.005,0.05,0.13,0.46,0.79,750.2000122070312,18.0,0.0,0.0,0.45,1,46.501,6.6005,8500.0,450.0,0.0,10,4.5,45.0,84.987001953125,-0.12300000190734864,8500.0,False,False,False,False,False,False,False,False,False,False,False,True,True,True,True,False,True,False,False,False,False,False,False
12128007,STATE_ARMED,11.8,0.0,0.89,0.0,0.0,0.0,0.045,0.005,0.005,0.05,0.13,0.46,0.79,750.2000122070312,18.0,0.0,0.0,0.45,1,46.501,6.6005,8500.0,450.0,0.0,10,4.5,45.0,84.987001953125,-0.12300000190734864,8500.0,False,False,False,False,False,False,False,False,False,False,False,True,True,True,True,False,True,False,False,False,False,False,False
12128514,STATE_ARMED,11.8,0.0,0.89,0.0,0.0,0.0,0.045,0.005,0.005,0.05,0.13,0.46,0.79,750.2000122070312,18.0,0.0,0.0,0.45,1,46.501,6.6005,8500.0,450.0,0.0,10,4.5,45.0,84.987001953125,-0.12300000190734864,8500.0,False,False,False,False,False,False,False,False,False,False,False,True,True,True,True,False,True,False,False,False,False,False,False
12129023,STATE_ARMED,11.8,0.0,0.89,0.0,0.0,0.0,0.045,0.005,0.005,0.05,0.13,0.46,0.79,750.2000122070312,18.0,0.0,0.0,0.45,1,46.501,6.6005,8500.0,450.0,0.0,10,4.5,45.0,84.987001953125,-0.12300000190734864,8500.0,False,False,False,False,False,False,False,False,False,False,False,True,True,True,True,False,True,False,False,False,False,False,False
12129531,STATE_ARMED,11.8,0.0,0.89,0.0,0.0,0.0,0.045,0.005,0.005,0.05,0.13,0.46,0.79,750.2000122070312,18.0,0.0,0.0,0.45,1,46.501,6.6005,8500.0,450.0,0.0,10,4.5,45.0,84.987001953125,-0.12300000190734864,8500.0,False,False,False,False,False,False,False,False,False,False,False,True,True,True,True,False,True,False,False,False,False,False,False
12130039,STATE_ARMED,11.8,0.0,0.89,0.0,0.0,0.0,0.045,0.005,0.005,0.05,0.13,0.46,0.79,750.2000122070312,18.0,0.0,0.0,0.45,1,46.501,6.6005,8500.0,450.0,0.0,10,4.5,45.0,84.987001953125,-0.12300000190734864,8500.0,False,False,False,False,False,False,False,False,False,False,False,True,True,True,True,False,True,False,False,False,False,False,False
12130546,STATE_ARMED,11.8,0.0,0.89,0.0,0.0,0.0,0.045,0.005,0.005,0.05,0.13,0.46,0.79,750.2000122070312,18.0,0.0,0.0,0.45,1,46.501,6.6005,8500.0,450.0,0.0,10,4.5,45.0,84.987001953125,-0.12300000190734864,8500.0,False,False,False,False,False,False,False,False,False,False,False,True,True,True,True,False,True,False,False,False,False,False,False
12131055,STATE_ARMED,11.8,0.0,0.89,0.0,0.0,0.0,0.045,0.005,0.005,0.05,0.13,0.46,0.79,750.2000122070312,18.0,0.0,0.0,0.45,1,46.501,6.6005,8500.0,450.0,0.0,10,4.5,45.0,84.987001953125,-0.12300000190734864,8500.0,False,False,False,False,False,False,False,False,False,False,False,True,True,True,True,False,True,False,False,False,False,False,False
12131564,STATE_ARMED,11.8,0.0,0.89,0.0,0.0,0.0,0.045,0.005,0.005,0.05,0.13,0.46,0.79,750.2000122070312,18.0,0.0,0.0,0.45,1,46.501,6.6005,8500.0,450.0,0.0,10,4.5,45.0,84.987001953125,-0.12300000190734864,8500.0,False,False,False,False,False,False,False,False,False,False,False,True,True,True,True,False,True,False,False,False,False,False,False
12132066,STATE_ARMED,11.8,0.0,0.89,0.0,0.0,0.0,0.045,0.005,0.005,0.05,0.13,0.46,0.79,750.2000122070312,18.0,0.0,0.0,0.45,1,46.501,6.6005,8500.0,450.0,0.0,10,4.5,45.0,84.987001953125,-0.12300000190734864,8500.0,False,False,False,False,False,False,False,False,False,False,False,True,True,True,True,False,True,False,False,False,False,False,False
12132573,STATE_ARMED,11.8,0.0,0.89,0.0,0.0,0.0,0.045,0.005,0.005,0.05,0.13,0.46,0.79,750.2000122070312,18.0,0.0,0.0,0.45,1,46.501,6.6005,8500.0,450.0,0.0,10,4.5,45.0,84.987001953125,-0.12300000190734864,8500.0,False,False,False,False,False,False,False,False,False,False,False,True,True,True,True,False,True,False,False,False,False,False,False
12133078,STATE_ARMED,11.8,0.0,0.89,0.0,0.0,0.0,0.045,0.005,0.005,0.05,0.13,0.46,0.79,750.2000122070312,18.0,0.0,0.0,0.45,1,46.501,6.6005,8500.0,450.0,0.0,10,4.5,45.0,84.987001953125,-0.12300000190734864,8500.0,False,False,False,False,False,False,False,False,False,False,False,True,True,True,True,False,True,False,False,False,False,False,False
12133588,STATE_ARMED,11.8,0.0,0.89,0.0,0.0,0.0,0.045,0.005,0.005,0.05,0.13,0.46,0.79,750.2000122070312,18.0,0.0,0.0,0.45,1,46.501,6.6005,8500.0,450.0,0.0,10,4.5,45.0,84.987001953125,-0.12300000190734864,8500.0,False,False,False,False,False,False,False,False,False,False,False,True,True,True,True,False,True,False,False,False,False,False,False
12134098,STATE_ARMED,11.8,0.0,0.89,0.0,0.0,0.0,0.045,0.005,0.005,0.05,0.13,0.46,0.79,750.2000122070312,18.0,0.0,0.0,0.45,1,46.501,6.6005,8500.0,450.0,0.0,10,4.5,45.0,84.987001953125,-0.12300000190734864,8500.0,False,False,False,False,False,False,False,False,False,False,False,True,True,True,True,False,True,False,False,False,False,False,False
12134606,STATE_ARMED,11.8,0.0,0.89,0.0,0.0,0.0,0.045,0.005,0.005,0.05,0.13,0.46,0.79,750.2000122070312,18.0,0.0,0.0,0.45,1,46.501,6.6005,8500.0,450.0,0.0,10,4.5,45.0,84.987001953125,-0.12300000190734864,8500.0,False,False,False,False,False,False,False,False,False,False,False,True,True,True,True,False,True,False,False,False,False,False,False
12135117,STATE_ARMED,11.8,0.0,0.89,0.0,0.0,0.0,0.045,0.005,0.005,0.05,0.13,0.46,0.79,750.2000122070312,18.0,0.0,0.0,0.45,1,46.501,6.6005,8500.0,450.0,0.0,10,4.5,45.0,84.987001953125,-0.12300000190734864,8500.0,False,False,False,False,False,False,False,False,False,False,False,True,True,True,True,False,True,False,False,False,False,False,False
12135623,STATE_ARMED,11.8,0.0,0.89,0.0,0.0,0.0,0.045,0.005,0.005,0.05,0.13,0.46,0.79,750.2000122070312,18.0,0.0,0.0,0.45,1,46.501,6.6005,8500.0,450.0,0.0,10,4.5,45.0,84.987001953125,-0.12300000190734864,8500.0,False,False,False,False,False,False,False,False,False,False,False,True,True,True,True,False,True,False,False,False,False,False,False
12136133,STATE_ARMED,11.8,0.0,0.89,0.0,0.0,0.0,0.045,0.005,0.005,0.05,0.13,0.46,0.79,750.2000122070312,18.0,0.0,0.0,0.45,1,46.501,6.6005,8500.0,450.0,0.0,10,4.5,45.0,84.987001953125,-0.12300000190734864,8500.0,False,False,False,False,False,False,False,False,False,False,False,True,True,True,True,False,True,False,False,False,False,False,False
12136642,STATE_ARMED,11.8,0.0,0.89,0.0,0.0,0.0,0.045,0.005,0.005,0.05,0.13,0.46,0.79,750.2000122070312,18.0,0.0,0.0,0.45,1,46.501,6.6005,8500.0,450.0,0.0,10,4.5,45.0,84.987001953125,-0.12300000190734864,8500.0,False,False,False,False,False,False,False,False,False,False,False,True,True,True,True,False,True,False,False,False,False,False,False
12137146,STATE_ARMED,11.8,0.0,0.89,0.0,0.0,0.0,0.045,0.005,0.005,0.05,0.13,0.46,0.79,750.2000122070312,18.0,0.0,0.0,0.45,1,46.501,6.6005,8500.0,450.0,0.0,10,4.5,45.0,84.987001953125,-0.12300000190734864,8500.0,False,False,False,False,False,False,False,False,False,False,False,True,True,True,True,False,True,False,False,False,False,False,False
12137655,STATE_ARMED,11.8,0.0,0.89,0.0,0.0,0.0,0.045,0.005,0.005,0.05,0.13,0.46,0.79,750.2000122070312,18.0,0.0,0.0,0.45,1,46.501,6.6005,8500.0,450.0,0.0,10,4.5,45.0,84.987001953125,-0.12300000190734864,8500.0,False,False,False,False,False,False,False,False,False,False,False,True,True,True,True,False,True,False,False,False,False,False,False
12138162,STATE_ARMED,11.8,0.0,0.89,0.0,0.0,0.0,0.045,0.005,0.005,0.05,0.13,0.46,0.79,750.2000122070312,18.0,0.0,0.0,0.45,1,46.501,6.6005,8500.0,450.0,0.0,10,4.5,45.0,84.987001953125,-0.12300000190734864,8500.0,False,False,False,False,False,False,False,False,False,False,False,True,True,True,True,False,True,False,False,False,False,False,False
12138673,STATE_ARMED,11.8,0.0,0.89,0.0,0.0,0.0,0.045,0.005,0.005,0.05,0.13,0.46,0.79,750.2000122070312,18.0,0.0,0.0,0.45,1,46.501,6.6005,8500.0,450.0,0.0,10,4.5,45.0,84.987001953125,-0.12300000190734864,8500.0,False,False,False,False,False,False,False,False,False,False,False,True,True,True,True,False,True,False,False,False,False,False,False
12139181,STATE_ARMED,11.8,0.0,0.89,0.0,0.0,0.0,0.045,0.005,0.005,0.05,0.13,0.46,0.79,750.2000122070312,18.0,0.0,0.0,0.45,1,46.501,6.6005,8500.0,450.0,0.0,10,4.5,45.0,84.987001953125,-0.12300000190734864,8500.0,False,False,False,False,False,False,False,False,False,False,False,True,True,True,True,False,True,False,False,False,False,False,False
12139692,STATE_ARMED,11.8,0.0,0.89,0.0,0.0,0.0,0.045,0.005,0.005,0.05,0.13,0.46,0.79,750.2000122070312,18.0,0.0,0.0,0.45,1,46.501,6.6005,8500.0,450.0,0.0,10,4.5,45.0,84.987001953125,-0.12300000190734864,8500.0,False,False,False,False,False,False,False,False,False,False,False,True,True,True,True,False,True,False,False,False,False,False,False
12140198,STATE_ARMED,11.8,0.0,0.89,0.0,0.0,0.0,0.045,0.005,0.005,0.05,0.13,0.46,0.79,750.2000122070312,18.0,0.0,0.0,0.45,1,46.501,6.6005,8500.0,450.0,0.0,10,4.5,45.0,84.987001953125,-0.12300000190734864,8500.0,False,False,False,False,False,False,False,False,False,False,False,True,True,True,True,False,True,False,False,False,False,False,False
12140706,STATE_ARMED,11.8,0.0,0.89,0.0,0.0,0.0,0.045,0.005,0.005,0.05,0.13,0.46,0.79,750.2000122070312,18.0,0.0,0.0,0.45,1,46.501,6.6005,8500.0,450.0,0.0,10,4.5,45.0,84.987001953125,-0.12300000190734864,8500.0,False,False,False,False,False,False,False,False,False,False,False,True,True,True,True,False,True,False,False,False,False,False,False
12141213,STATE_ARMED,11.8,0.0,0.89,0.0,0.0,0.0,0.045,0.005,0.005,0.05,0.13,0.46,0.79,750.2000122070312,18.0,0.0,0.0,0.45,1,46.501,6.6005,8500.0,450.0,0.0,10,4.5,45.0,84.987001953125,-0.12300000190734864,8500.0,False,False,False,False,False,False,False,False,False,False,False,True,True,True,True,False,True,False,False,False,False,False,False
12141722,STATE_ARMED,11.8,0.0,0.89,0.0,0.0,0.0,0.045,0.005,0.005,0.05,0.13,0.46,0.79,750.2000122070312,18.0,0.0,0.0,0.45,1,46.501,6.6005,8500.0,450.0,0.0,10,4.5,45.0,84.987001953125,-0.12300000190734864,8500.0,False,False,False,False,False,False,False,False,False,False,False,True,True,True,True,False,True,False,False,False,False,False,False
12142231,STATE_ARMED,11.8,0.0,0.89,0.0,0.0,0.0,0.045,0.005,0.005,0.05,0.13,0.46,0.79,750.2000122070312,18.0,0.0,0.0,0.45,1,46.501,6.6005,8500.0,450.0,0.0,10,4.5,45.0,84.987001953125,-0.12300000190734864,8500.0,False,False,False,False,False,False,False,False,False,False,False,True,True,True,True,False,True,False,False,False,False,False,False
12142741,STATE_ARMED,11.8,0.0,0.89,0.0,0.0,0.0,0.045,0.005,0.005,0.05,0.13,0.46,0.79,750.2000122070312,18.0,0.0,0.0,0.45,1,46.501,6.6005,8500.0,450.0,0.0,10,4.5,45.0,84.987001953125,-0.12300000190734864,8500.0,False,False,False,False,False,False,False,False,False,False,False,True,True,True,True,False,True,False,False,False,False,False,False
12143250,STATE_ARMED,11.8,0.0,0.89,0.0,0.0,0.0,0.045,0.005,0.005,0.05,0.13,0.46,0.79,750.2000122070312,18.0,0.0,0.0,0.45,1,46.501,6.6005,8500.0,450.0,0.0,10,4.5,45.0,84.987001953125,-0.12300000190734864,8500.0,False,False,False,False,False,False,False,False,False,False,False,True,True,True,True,False,True,False,False,False,False,False,False
12143761,STATE_ARMED,11.8,0.0,0.89,0.0,0.0,0.0,0.045,0.005,0.005,0.05,0.13,0.46,0.79,750.2000122070312,18.0,0.0,0.0,0.45,1,46.501,6.6005,8500.0,450.0,0.0,10,4.5,45.0,84.987001953125,-0.12300000190734864,8500.0,False,False,False,False,False,False,False,False,False,False,False,True,True,True,True,False,True,False,False,False,False,False,False
12144272,STATE_ARMED,11.8,0.0,0.89,0.0,0.0,0.0,0.045,0.005,0.005,0.05,0.13,0.46,0.79,750.2000122070312,18.0,0.0,0.0,0.45,1,46.501,6.6005,8500.0,450.0,0.0,10,4.5,45.0,84.987001953125,-0.12300000190734864,8500.0,False,False,False,False,False,False,False,False,False,False,False,True,True,True,True,False,True,False,False,False,False,False,False
12144782,STATE_ARMED,11.8,0.0,0.89,0.0,0.0,0.0,0.045,0.005,0.005,0.05,0.13,0.46,0.79,750.2000122070312,18.0,0.0,0.0,0.45,1,46.501,6.6005,8500.0,450.0,0.0,10,4.5,45.0,84.987001953125,-0.12300000190734864,8500.0,False,False,False,False,False,False,False,False,False,False,False,True,True,True,True,False,True,False,False,False,False,False,False
12145287,STATE_ARMED,11.8,0.0,0.89,0.0,0.0,0.0,0.045,0.005,0.005,0.05,0.13,0.46,0.79,750.2000122070312,18.0,0.0,0.0,0.45,1,46.501,6.6005,8500.0,450.0,0.0,10,4.5,45.0,84.987001953125,-0.12300000190734864,8500.0,False,False,False,False,False,False,False,False,False,False,False,True,True,True,True,False,True,False,False,False,False,False,False
12145798,STATE_ARMED,11.8,0.0,0.89,0.0,0.0,0.0,0.045,0.005,0.005,0.05,0.13,0.46,0.79,750.2000122070312,18.0,0.0,0.0,0.45,1,46.501,6.6005,8500.0,450.0,0.0,10,4.5,45.0,84.987001953125,-0.12300000190734864,8500.0,False,False,False,False,False,False,False,False,False,False,False,True,True,True,True,False,True,False,False,False,False,False,False
12146307,STATE_ARMED,11.8,0.0,0.89,0.0,0.0,0.0,0.045,0.005,0.005,0.05,0.13,0.46,0.79,750.2000122070312,18.0,0.0,0.0,0.45,1,46.501,6.6005,8500.0,450.0,0.0,10,4.5,45.0,84.987001953125,-0.12300000190734864,8500.0,False,False,False,False,False,False,False,False,False,False,False,True,True,True,True,False,True,False,False,False,False,False,False
12146817,STATE_ARMED,11.8,0.0,0.89,0.0,0.0,0.0,0.045,0.005,0.005,0.05,0.13,0.46,0.79,750.2000122070312,18.0,0.0,0.0,0.45,1,46.501,6.6005,8500.0,450.0,0.0,10,4.5,45.0,84.987001953125,-0.12300000190734864,8500.0,False,False,False,False,False,False,False,False,False,False,False,True,True,True,True,False,True,False,False,False,False,False,False
12147321,STATE_ARMED,11.8,0.0,0.89,0.0,0.0,0.0,0.045,0.005,0.005,0.05,0.13,0.46,0.79,750.2000122070312,18.0,0.0,0.0,0.45,1,46.501,6.6005,8500.0,450.0,0.0,10,4.5,45.0,84.987001953125,-0.12300000190734864,8500.0,False,False,False,False,False,False,False,False,False,False,False,True,True,True,True,False,True,False,False,False,False,False,False
12147827,STATE_ARMED,11.8,0.0,0.89,0.0,0.0,0.0,0.045,0.005,0.005,0.05,0.13,0.46,0.79,750.2000122070312,18.0,0.0,0.0,0.45,1,46.501,6.6005,8500.0,450.0,0.0,10,4.5,45.0,84.987001953125,-0.12300000190734864,8500.0,False,False,False,False,False,False,False,False,False,False,False,True,True,True,True,False,True,False,False,False,False,False,False
12148338,STATE_ARMED,11.8,0.0,0.89,0.0,0.0,0.0,0.045,0.005,0.005,0.05,0.13,0.46,0.79,750.2000122070312,18.0,0.0,0.0,0.45,1,46.501,6.6005,8500.0,450.0,0.0,10,4.5,45.0,84.987001953125,-0.12300000190734864,8500.0,False,False,False,False,False,False,False,False,False,False,False,True,True,True,True,False,True,False,False,False,False,False,False
12148849,STATE_ARMED,11.8,0.0,0.89,0.0,0.0,0.0,0.045,0.005,0.005,0.05,0.13,0.46,0.79,750.2000122070312,18.0,0.0,0.0,0.45,1,46.501,6.6005,8500.0,450.0,0.0,10,4.5,45.0,84.987001953125,-0.12300000190734864,8500.0,False,False,False,False,False,False,False,False,False,False,False,True,True,True,True,False,True,False,False,False,False,False,False
12149359,STATE_ARMED,11.8,0.0,0.89,0.0,0.0,0.0,0.045,0.005,0.005,0.05,0.13,0.46,0.79,750.2000122070312,18.0,0.0,0.0,0.45,1,46.501,6.6005,8500.0,450.0,0.0,10,4.5,45.0,84.987001953125,-0.12300000190734864,8500.0,False,False,False,False,False,False,False,False,False,False,False,True,True,True,True,False,True,False,False,False,False,False,False
12149866,STATE_ARMED,11.8,0.0,0.89,0.0,0.0,0.0,0.045,0.005,0.005,0.05,0.13,0.46,0.79,750.2000122070312,18.0,0.0,0.0,0.45,1,46.501,6.6005,8500.0,450.0,0.0,10,4.5,45.0,84.987001953125,-0.12300000190734864,8500.0,False,False,False,False,False,False,False,False,False,False,False,True,True,True,True,False,True,False,False,False,False,False,False
12150370,STATE_ARMED,11.8,0.0,0.89,0.0,0.0,0.0,0.045,0.005,0.005,0.05,0.13,0.46,0.79,750.2000122070312,18.0,0.0,0.0,0.45,1,46.501,6.6005,8500.0,450.0,0.0,10,4.5,45.0,84.987001953125,-0.12300000190734864,8500.0,False,False,False,False,False,False,False,False,False,False,False,True,True,True,True,False,True,False,False,False,False,False,False
12150882,STATE_ARMED,11.8,0.0,0.89,0.0,0.0,0.0,0.045,0.005,0.005,0.05,0.13,0.46,0.79,750.2000122070312,18.0,0.0,0.0,0.45,1,46.501,6.6005,8500.0,450.0,0.0,10,4.5,45.0,84.987001953125,-0.12300000190734864,8500.0,False,False,False,False,False,False,False,False,False,False,False,True,True,True,True,False,True,False,False,False,False,False,False
12151394,STATE_ARMED,11.8,0.0,0.89,0.0,0.0,0.0,0.045,0.005,0.005,0.05,0.13,0.46,0.79,750.2000122070312,18.0,0.0,0.0,0.45,1,46.501,6.6005,8500.0,450.0,0.0,10,4.5,45.0,84.987001953125,-0.12300000190734864,8500.0,False,False,False,False,False,False,False,False,False,False,False,True,True,True,True,False,True,False,False,False,False,False,False
12151901,STATE_ARMED,11.8,0.0,0.89,0.0,0.0,0.0,0.045,0.005,0.005,0.05,0.13,0.46,0.79,750.2000122070312,18.0,0.0,0.0,0.45,1,46.501,6.6005,8500.0,450.0,0.0,10,4.5,45.0,84.987001953125,-0.12300000190734864,8500.0,False,False,False,False,False,False,False,False,False,False,False,True,True,True,True,False,True,False,False,False,False,False,False
12152408,STATE_ARMED,11.8,0.0,0.89,0.0,0.0,0.0,0.045,0.005,0.005,0.05,0.13,0.46,0.79,750.2000122070312,18.0,0.0,0.0,0.45,1,46.501,6.6005,8500.0,450.0,0.0,10,4.5,45.0,84.987001953125,-0.12300000190734864,8500.0,False,False,False,False,False,False,False,False,False,False,False,True,True,True,True,False,True,False,False,False,False,False,False
12152919,STATE_ARMED,11.8,0.0,0.89,0.0,0.0,0.0,0.045,0.005,0.005,0.05,0.13,0.46,0.79,750.2000122070312,18.0,0.0,0.0,0.45,1,46.501,6.6005,8500.0,450.0,0.0,10,4.5,45.0,84.987001953125,-0.12300000190734864,8500.0,False,False,False,False,False,False,False,False,False,False,False,True,True,True,True,False,True,False,False,False,False,False,False
12153427,STATE_ARMED,11.8,0.0,0.89,0.0,0.0,0.0,0.045,0.005,0.005,0.05,0.13,0.46,0.79,750.2000122070312,18.0,0.0,0.0,0.45,1,46.501,6.6005,8500.0,450.0,0.0,10,4.5,45.0,84.987001953125,-0.12300000190734864,8500.0,False,False,False,False,False,False,False,False,False,False,False,True,True,True,True,False,True,False,False,False,False,False,False
12153933,STATE_ARMED,11.8,0.0,0.89,0.0,0.0,0.0,0.045,0.005,0.005,0.05,0.13,0.46,0.79,750.2000122070312,18.0,0.0,0.0,0.45,1,46.501,6.6005,8500.0,450.0,0.0,10,4.5,45.0,84.987001953125,-0.12300000190734864,8500.0,False,False,False,False,False,False,False,False,False,False,False,True,True,True,True,False,True,False,False,False,False,False,False
12154444,STATE_ARMED,11.8,0.0,0.89,0.0,0.0,0.0,0.045,0.005,0.005,0.05,0.13,0.46,0.79,750.2000122070312,18.0,0.0,0.0,0.45,1,46.501,6.6005,8500.0,450.0,0.0,10,4.5,45.0,84.987001953125,-0.12300000190734864,8500.0,False,False,False,False,False,False,False,False,False,False,False,True,True,True,True,False,True,False,False,False,False,False,False
12154949,STATE_ARMED,11.8,0.0,0.89,0.0,0.0,0.0,0.045,0.005,0.005,0.05,0.13,0.46,0.79,750.2000122070312,18.0,0.0,0.0,0.45,1,46.501,6.6005,8500.0,450.0,0.0,10,4.5,45.0,84.987001953125,-0.12300000190734864,8500.0,False,False,False,False,False,False,False,False,False,False,False,True,True,True,True,False,True,False,False,False,False,False,False
12155459,STATE_ARMED,11.8,0.0,0.89,0.0,0.0,0.0,0.045,0.005,0.005,0.05,0.13,0.46,0.79,750.2000122070312,18.0,0.0,0.0,0.45,1,46.501,6.6005,8500.0,450.0,0.0,10,4.5,45.0,84.987001953125,-0.12300000190734864,8500.0,False,False,False,False,False,False,False,False,False,False,False,True,True,True,True,False,True,False,False,False,False,False,False
12155970,STATE_ARMED,11.8,0.0,0.89,0.0,0.0,0.0,0.045,0.005,0.005,0.05,0.13,0.46,0.79,750.2000122070312,18.0,0.0,0.0,0.45,1,46.501,6.6005,8500.0,450.0,0.0,10,4.5,45.0,84.987001953125,-0.12300000190734864,8500.0,False,False,False,False,False,False,False,False,False,False,False,True,True,True,True,False,True,False,False,False,False,False,False
12156480,STATE_ARMED,11.8,0.0,0.89,0.0,0.0,0.0,0.045,0.005,0.005,0.05,0.13,0.46,0.79,750.2000122070312,18.0,0.0,0.0,0.45,1,46.501,6.6005,8500.0,450.0,0.0,10,4.5,45.0,84.987001953125,-0.12300000190734864,8500.0,False,False,False,False,False,False,False,False,False,False,False,True,True,True,True,False,True,False,False,False,False,False,False
12156991,STATE_ARMED,11.8,0.0,0.89,0.0,0.0,0.0,0.045,0.005,0.005,0.05,0.13,0.46,0.79,750.2000122070312,18.0,0.0,0.0,0.45,1,46.501,6.6005,8500.0,450.0,0.0,10,4.5,45.0,84.987001953125,-0.12300000190734864,8500.0,False,False,False,False,False,False,False,False,False,False,False,True,True,True,True,False,True,False,False,False,False,False,False
12157510,STATE_ARMED,11.8,0.0,0.89,0.0,0.0,0.0,0.045,0.005,0.005,0.05,0.13,0.46,0.79,750.2000122070312,18.0,0.0,0.0,0.45,1,46.501,6.6005,8500.0,450.0,0.0,10,4.5,45.0,84.987001953125,-0.12300000190734864,8500.0,False,False,False,False,False,False,False,False,False,False,False,True,True,True,True,False,True,False,False,False,False,False,False
12158018,STATE_ARMED,11.8,0.0,0.89,0.0,0.0,0.0,0.045,0.005,0.005,0.05,0.13,0.46,0.79,750.2000122070312,18.0,0.0,0.0,0.45,1,46.501,6.6005,8500.0,450.0,0.0,10,4.5,45.0,84.987001953125,-0.12300000190734864,8500.0,False,False,False,False,False,False,False,False,False,False,False,True,True,True,True,False,True,False,False,False,False,False,False
12158527,STATE_ARMED,11.8,0.0,0.89,0.0,0.0,0.0,0.045,0.005,0.005,0.05,0.13,0.46,0.79,750.2000122070312,18.0,0.0,0.0,0.45,1,46.501,6.6005,8500.0,450.0,0.0,10,4.5,45.0,84.987001953125,-0.12300000190734864,8500.0,False,False,False,False,False,False,False,False,False,False,False,True,True,True,True,False,True,False,False,False,False,False,False
12159039,STATE_ARMED,11.8,0.0,0.89,0.0,0.0,0.0,0.045,0.005,0.005,0.05,0.13,0.46,0.79,750.2000122070312,18.0,0.0,0.0,0.45,1,46.501,6.6005,8500.0,450.0,0.0,10,4.5,45.0,84.987001953125,-0.12300000190734864,8500.0,False,False,False,False,False,False,False,False,False,False,False,True,True,True,True,False,True,False,False,False,False,False,False
12159552,STATE_ARMED,11.8,0.0,0.89,0.0,0.0,0.0,0.045,0.005,0.005,0.05,0.13,0.46,0.79,750.2000122070312,18.0,0.0,0.0,0.45,1,46.501,6.6005,8500.0,450.0,0.0,10,4.5,45.0,84.987001953125,-0.12300000190734864,8500.0,False,False,False,False,False,False,False,False,False,False,False,True,True,True,True,False,True,False,False,False,False,False,False
12160061,STATE_ARMED,11.8,0.0,0.89,0.0,0.0,0.0,0.045,0.005,0.005,0.05,0.13,0.46,0.79,750.2000122070312,18.0,0.0,0.0,0.45,1,46.501,6.6005,8500.0,450.0,0.0,10,4.5,45.0,84.987001953125,-0.12300000190734864,8500.0,False,False,False,False,False,False,False,False,False,False,False,True,True,True,True,False,True,False,False,False,False,False,False
12160570,STATE_ARMED,11.8,0.0,0.89,0.0,0.0,0.0,0.045,0.005,0.005,0.05,0.13,0.46,0.79,750.2000122070312,18.0,0.0,0.0,0.45,1,46.501,6.6005,8500.0,450.0,0.0,10,4.5,45.0,84.987001953125,-0.12300000190734864,8500.0,False,False,False,False,False,False,False,False,False,False,False,True,True,True,True,False,True,False,False,False,False,False,False
12161081,STATE_ARMED,11.8,0.0,0.89,0.0,0.0,0.0,0.045,0.005,0.005,0.05,0.13,0.46,0.79,750.2000122070312,18.0,0.0,0.0,0.45,1,46.501,6.6005,8500.0,450.0,0.0,10,4.5,45.0,84.987001953125,-0.12300000190734864,8500.0,False,False,False,False,False,False,False,False,False,False,False,True,True,True,True,False,True,False,False,False,False,False,False
12161591,STATE_ARMED,11.8,0.0,0.89,0.0,0.0,0.0,0.045,0.005,0.005,0.05,0.13,0.46,0.79,750.2000122070312,18.0,0.0,0.0,0.45,1,46.501,6.6005,8500.0,450.0,0.0,10,4.5,45.0,84.987001953125,-0.12300000190734864,8500.0,False,False,False,False,False,False,False,False,False,False,False,True,True,True,True,False,True,False,False,False,False,False,False
12162100,STATE_ARMED,11.8,0.0,0.89,0.0,0.0,0.0,0.045,0.005,0.005,0.05,0.13,0.46,0.79,750.2000122070312,18.0,0.0,0.0,0.45,1,46.501,6.6005,8500.0,450.0,0.0,10,4.5,45.0,84.987001953125,-0.12300000190734864,8500.0,False,False,False,False,False,False,False,False,False,False,False,True,True,True,True,False,True,False,False,False,False,False,False
12162610,STATE_ARMED,11.8,0.0,0.89,0.0,0.0,0.0,0.045,0.005,0.005,0.05,0.13,0.46,0.79,750.2000122070312,18.0,0.0,0.0,0.45,1,46.501,6.6005,8500.0,450.0,0.0,10,4.5,45.0,84.987001953125,-0.12300000190734864,8500.0,False,False,False,False,False,False,False,False,False,False,False,True,True,True,True,False,True,False,False,False,False,False,False
12163122,STATE_ARMED,11.8,0.0,0.89,0.0,0.0,0.0,0.045,0.005,0.005,0.05,0.13,0.46,0.79,750.2000122070312,18.0,0.0,0.0,0.45,1,46.501,6.6005,8500.0,450.0,0.0,10,4.5,45.0,84.987001953125,-0.12300000190734864,8500.0,False,False,False,False,False,False,False,False,False,False,False,True,True,True,True,False,True,False,False,False,False,False,False
12163628,STATE_ARMED,11.8,0.0,0.89,0.0,0.0,0.0,0.045,0.005,0.005,0.05,0.13,0.46,0.79,750.2000122070312,18.0,0.0,0.0,0.45,1,46.501,6.6005,8500.0,450.0,0.0,10,4.5,45.0,84.987001953125,-0.12300000190734864,8500.0,False,False,False,False,False,False,False,False,False,False,False,True,True,True,True,False,True,False,False,False,False,False,False
12164135,STATE_ARMED,11.8,0.0,0.89,0.0,0.0,0.0,0.045,0.005,0.005,0.05,0.13,0.46,0.79,750.2000122070312,18.0,0.0,0.0,0.45,1,46.501,6.6005,8500.0,450.0,0.0,10,4.5,45.0,84.987001953125,-0.12300000190734864,8500.0,False,False,False,False,False,False,False,False,False,False,False,True,True,True,True,False,True,False,False,False,False,False,False
12164646,STATE_ARMED,11.8,0.0,0.89,0.0,0.0,0.0,0.045,0.005,0.005,0.05,0.13,0.46,0.79,750.2000122070312,18.0,0.0,0.0,0.45,1,46.501,6.6005,8500.0,450.0,0.0,10,4.5,45.0,84.987001953125,-0.12300000190734864,8500.0,False,False,False,False,False,False,False,False,False,False,False,True,True,True,True,False,True,False,False,False,False,False,False
12165154,STATE_ARMED,11.8,0.0,0.89,0.0,0.0,0.0,0.045,0.005,0.005,0.05,0.13,0.46,0.79,750.2000122070312,18.0,0.0,0.0,0.45,1,46.501,6.6005,8500.0,450.0,0.0,10,4.5,45.0,84.987001953125,-0.12300000190734864,8500.0,False,False,False,False,False,False,False,False,False,False,False,True,True,True,True,False,True,False,False,False,False,False,False
12165659,STATE_ARMED,11.8,0.0,0.89,0.0,0.0,0.0,0.045,0.005,0.005,0.05,0.13,0.46,0.79,750.2000122070312,18.0,0.0,0.0,0.45,1,46.501,6.6005,8500.0,450.0,0.0,10,4.5,45.0,84.987001953125,-0.12300000190734864,8500.0,False,False,False,False,False,False,False,False,False,False,False,True,True,True,True,False,True,False,False,False,False,False,False
12166172,STATE_ARMED,11.8,0.0,0.89,0.0,0.0,0.0,0.045,0.005,0.005,0.05,0.13,0.46,0.79,750.2000122070312,18.0,0.0,0.0,0.45,1,46.501,6.6005,8500.0,450.0,0.0,10,4.5,45.0,84.987001953125,-0.12300000190734864,8500.0,False,False,False,False,False,False,False,False,False,False,False,True,True,True,True,False,True,False,False,False,False,False,False
12166679,STATE_ARMED,11.8,0.0,0.89,0.0,0.0,0.0,0.045,0.005,0.005,0.05,0.13,0.46,0.79,750.2000122070312,18.0,0.0,0.0,0.45,1,46.501,6.6005,8500.0,450.0,0.0,10,4.5,45.0,84.987001953125,-0.12300000190734864,8500.0,False,False,False,False,False,False,False,False,False,False,False,True,True,True,True,False,True,False,False,False,False,False,False
12167184,STATE_ARMED,11.8,0.0,0.89,0.0,0.0,0.0,0.045,0.005,0.005,0.05,0.13,0.46,0.79,750.2000122070312,18.0,0.0,0.0,0.45,1,46.501,6.6005,8500.0,450.0,0.0,10,4.5,45.0,84.987001953125,-0.12300000190734864,8500.0,False,False,False,False,False,False,False,False,False,False,False,True,True,True,True,False,True,False,False,False,False,False,False
12167693,STATE_ARMED,11.8,0.0,0.89,0.0,0.0,0.0,0.045,0.005,0.005,0.05,0.13,0.46,0.79,750.2000122070312,18.0,0.0,0.0,0.45,1,46.501,6.6005,8500.0,450.0,0.0,10,4.5,45.0,84.987001953125,-0.12300000190734864,8500.0,False,False,False,False,False,False,False,False,False,False,False,True,True,True,True,False,True,False,False,False,False,False,False
12168201,STATE_ARMED,11.8,0.0,0.89,0.0,0.0,0.0,0.045,0.005,0.005,0.05,0.13,0.46,0.79,750.2000122070312,18.0,0.0,0.0,0.45,1,46.501,6.6005,8500.0,450.0,0.0,10,4.5,45.0,84.987001953125,-0.12300000190734864,8500.0,False,False,False,False,False,False,False,False,False,False,False,True,True,True,True,False,True,False,False,False,False,False,False
12168712,STATE_ARMED,11.8,0.0,0.89,0.0,0.0,0.0,0.045,0.005,0.005,0.05,0.13,0.46,0.79,750.2000122070312,18.0,0.0,0.0,0.45,1,46.501,6.6005,8500.0,450.0,0.0,10,4.5,45.0,84.987001953125,-0.12300000190734864,8500.0,False,False,False,False,False,False,False,False,False,False,False,True,True,True,True,False,True,False,False,False,False,False,False
12169218,STATE_ARMED,11.8,0.0,0.89,0.0,0.0,0.0,0.045,0.005,0.005,0.05,0.13,0.46,0.79,750.2000122070312,18.0,0.0,0.0,0.45,1,46.501,6.6005,8500.0,450.0,0.0,10,4.5,45.0,84.987001953125,-0.12300000190734864,8500.0,False,False,False,False,False,False,False,False,False,False,False,True,True,True,True,False,True,False,False,False,False,False,False
12169730,STATE_ARMED,11.8,0.0,0.89,0.0,0.0,0.0,0.045,0.005,0.005,0.05,0.13,0.46,0.79,750.2000122070312,18.0,0.0,0.0,0.45,1,46.501,6.6005,8500.0,450.0,0.0,10,4.5,45.0,84.987001953125,-0.12300000190734864,8500.0,False,False,False,False,False,False,False,False,False,False,False,True,True,True,True,False,True,False,False,False,False,False,False
12170239,STATE_ARMED,11.8,0.0,0.89,0.0,0.0,0.0,0.045,0.005,0.005,0.05,0.13,0.46,0.79,750.2000122070312,18.0,0.0,0.0,0.45,1,46.501,6.6005,8500.0,450.0,0.0,10,4.5,45.0,84.987001953125,-0.12300000190734864,8500.0,False,False,False,False,False,False,False,False,False,False,False,True,True,True,True,False,True,False,False,False,False,False,False
12170750,STATE_ARMED,11.8,0.0,0.89,0.0,0.0,0.0,0.045,0.005,0.005,0.05,0.13,0.46,0.79,750.2000122070312,18.0,0.0,0.0,0.45,1,46.501,6.6005,8500.0,450.0,0.0,10,4.5,45.0,84.987001953125,-0.12300000190734864,8500.0,False,False,False,False,False,False,False,False,False,False,False,True,True,True,True,False,True,False,False,False,False,False,False
12171256,STATE_ARMED,11.8,0.0,0.89,0.0,0.0,0.0,0.045,0.005,0.005,0.05,0.13,0.46,0.79,750.2000122070312,18.0,0.0,0.0,0.45,1,46.501,6.6005,8500.0,450.0,0.0,10,4.5,45.0,84.987001953125,-0.12300000190734864,8500.0,False,False,False,False,False,False,False,False,False,False,False,True,True,True,True,False,True,False,False,False,False,False,False
12171766,STATE_ARMED,11.8,0.0,0.89,0.0,0.0,0.0,0.045,0.005,0.005,0.05,0.13,0.46,0.79,750.2000122070312,18.0,0.0,0.0,0.45,1,46.501,6.6005,8500.0,450.0,0.0,10,4.5,45.0,84.987001953125,-0.12300000190734864,8500.0,False,False,False,False,False,False,False,False,False,False,False,True,True,True,True,False,True,False,False,False,False,False,False
12172271,STATE_ARMED,11.8,0.0,0.89,0.0,0.0,0.0,0.045,0.005,0.005,0.05,0.13,0.46,0.79,750.2000122070312,18.0,0.0,0.0,0.45,1,46.501,6.6005,8500.0,450.0,0.0,10,4.5,45.0,84.987001953125,-0.12300000190734864,8500.0,False,False,False,False,False,False,False,False,False,False,False,True,True,True,True,False,True,False,False,False,False,False,False
12172776,STATE_ARMED,11.8,0.0,0.89,0.0,0.0,0.0,0.045,0.005,0.005,0.05,0.13,0.46,0.79,750.2000122070312,18.0,0.0,0.0,0.45,1,46.501,6.6005,8500.0,450.0,0.0,10,4.5,45.0,84.987001953125,-0.12300000190734864,8500.0,False,False,False,False,False,False,False,False,False,False,False,True,True,True,True,False,True,False,False,False,False,False,False
12173282,STATE_ARMED,11.8,0.0,0.89,0.0,0.0,0.0,0.045,0.005,0.005,0.05,0.13,0.46,0.79,750.2000122070312,18.0,0.0,0.0,0.45,1,46.501,6.6005,8500.0,450.0,0.0,10,4.5,45.0,84.987001953125,-0.12300000190734864,8500.0,False,False,False,False,False,False,False,False,False,False,False,True,True,True,True,False,True,False,False,False,False,False,False
12173793,STATE_ARMED,11.8,0.0,0.89,0.0,0.0,0.0,0.045,0.005,0.005,0.05,0.13,0.46,0.79,750.2000122070312,18.0,0.0,0.0,0.45,1,46.501,6.6005,8500.0,450.0,0.0,10,4.5,45.0,84.987001953125,-0.12300000190734864,8500.0,False,False,False,False,False,False,False,False,False,False,False,True,True,True,True,False,True,False,False,False,False,False,False
12174304,STATE_ARMED,11.8,0.0,0.89,0.0,0.0,0.0,0.045,0.005,0.005,0.05,0.13,0.46,0.79,750.2000122070312,18.0,0.0,0.0,0.45,1,46.501,6.6005,8500.0,450.0,0.0,10,4.5,45.0,84.987001953125,-0.12300000190734864,8500.0,False,False,False,False,False,False,False,False,False,False,False,True,True,True,True,False,True,False,False,False,False,False,False
12174815,STATE_ARMED,11.8,0.0,0.89,0.0,0.0,0.0,0.045,0.005,0.005,0.05,0.13,0.46,0.79,750.2000122070312,18.0,0.0,0.0,0.45,1,46.501,6.6005,8500.0,450.0,0.0,10,4.5,45.0,84.987001953125,-0.12300000190734864,8500.0,False,False,False,False,False,False,False,False,False,False,False,True,True,True,True,False,True,False,False,False,False,False,False
12175328,STATE_ARMED,11.8,0.0,0.89,0.0,0.0,0.0,0.045,0.005,0.005,0.05,0.13,0.46,0.79,750.2000122070312,18.0,0.0,0.0,0.45,1,46.501,6.6005,8500.0,450.0,0.0,10,4.5,45.0,84.987001953125,-0.12300000190734864,8500.0,False,False,False,False,False,False,False,False,False,False,False,True,True,True,True,False,True,False,False,False,False,False,False
12175838,STATE_ARMED,11.8,0.0,0.89,0.0,0.0,0.0,0.045,0.005,0.005,0.05,0.13,0.46,0.79,750.2000122070312,18.0,0.0,0.0,0.45,1,46.501,6.6005,8500.0,450.0,0.0,10,4.5,45.0,84.987001953125,-0.12300000190734864,8500.0,False,False,False,False,False,False,False,False,False,False,False,True,True,True,True,False,True,False,False,False,False,False,False
12176348,STATE_ARMED,11.8,0.0,0.89,0.0,0.0,0.0,0.045,0.005,0.005,0.05,0.13,0.46,0.79,750.2000122070312,18.0,0.0,0.0,0.45,1,46.501,6.6005,8500.0,450.0,0.0,10,4.5,45.0,84.987001953125,-0.12300000190734864,8500.0,False,False,False,False,False,False,False,False,False,False,False,True,True,True,True,False,True,False,False,False,False,False,False
12176856,STATE_ARMED,11.8,0.0,0.89,0.0,0.0,0.0,0.045,0.005,0.005,0.05,0.13,0.46,0.79,750.2000122070312,18.0,0.0,0.0,0.45,1,46.501,6.6005,8500.0,450.0,0.0,10,4.5,45.0,84.987001953125,-0.12300000190734864,8500.0,False,False,False,False,False,False,False,False,False,False,False,True,True,True,True,False,True,False,False,False,False,False,False
12177366,STATE_ARMED,11.8,0.0,0.89,0.0,0.0,0.0,0.045,0.005,0.005,0.05,0.13,0.46,0.79,750.2000122070312,18.0,0.0,0.0,0.45,1,46.501,6.6005,8500.0,450.0,0.0,10,4.5,45.0,84.987001953125,-0.12300000190734864,8500.0,False,False,False,False,False,False,False,False,False,False,False,True,True,True,True,False,True,False,False,False,False,False,False
12177877,STATE_ARMED,11.8,0.0,0.89,0.0,0.0,0.0,0.045,0.005,0.005,0.05,0.13,0.46,0.79,750.2000122070312,18.0,0.0,0.0,0.45,1,46.501,6.6005,8500.0,450.0,0.0,10,4.5,45.0,84.987001953125,-0.12300000190734864,8500.0,False,False,False,False,False,False,False,False,False,False,False,True,True,True,True,False,True,False,False,False,False,False,False
12178387,STATE_ARMED,11.8,0.0,0.89,0.0,0.0,0.0,0.045,0.005,0.005,0.05,0.13,0.46,0.79,750.2000122070312,18.0,0.0,0.0,0.45,1,46.501,6.6005,8500.0,450.0,0.0,10,4.5,45.0,84.987001953125,-0.12300000190734864,8500.0,False,False,False,False,False,False,False,False,False,False,False,True,True,True,True,False,True,False,False,False,False,False,False
12178895,STATE_ARMED,11.8,0.0,0.89,0.0,0.0,0.0,0.045,0.005,0.005,0.05,0.13,0.46,0.79,750.2000122070312,18.0,0.0,0.0,0.45,1,46.501,6.6005,8500.0,450.0,0.0,10,4.5,45.0,84.987001953125,-0.12300000190734864,8500.0,False,False,False,False,False,False,False,False,False,False,False,True,True,True,True,False,True,False,False,False,False,False,False
12179406,STATE_ARMED,11.8,0.0,0.89,0.0,0.0,0.0,0.045,0.005,0.005,0.05,0.13,0.46,0.79,750.2000122070312,18.0,0.0,0.0,0.45,1,46.501,6.6005,8500.0,450.0,0.0,10,4.5,45.0,84.987001953125,-0.12300000190734864,8500.0,False,False,False,False,False,False,False,False,False,False,False,True,True,True,True,False,True,False,False,False,False,False,False
12179917,STATE_ARMED,11.8,0.0,0.89,0.0,0.0,0.0,0.045,0.005,0.005,0.05,0.13,0.46,0.79,750.2000122070312,18.0,0.0,0.0,0.45,1,46.501,6.6005,8500.0,450.0,0.0,10,4.5,45.0,84.987001953125,-0.12300000190734864,8500.0,False,False,False,False,False,False,False,False,False,False,False,True,True,True,True,False,True,False,False,False,False,False,False
12180425,STATE_ARMED,11.8,0.0,0.89,0.0,0.0,0.0,0.045,0.005,0.005,0.05,0.13,0.46,0.79,750.2000122070312,18.0,0.0,0.0,0.45,1,46.501,6.6005,8500.0,450.0,0.0,10,4.5,45.0,84.987001953125,-0.12300000190734864,8500.0,False,False,False,False,False,False,False,False,False,False,False,True,True,True,True,False,True,False,False,False,False,False,False
12180933,STATE_ARMED,11.8,0.0,0.89,0.0,0.0,0.0,0.045,0.005,0.005,0.05,0.13,0.46,0.79,750.2000122070312,18.0,0.0,0.0,0.45,1,46.501,6.6005,8500.0,450.0,0.0,10,4.5,45.0,84.987001953125,-0.12300000190734864,8500.0,False,False,False,False,False,False,False,False,False,False,False,True,True,True,True,False,True,False,False,False,False,False,False
12181441,STATE_ARMED,11.8,0.0,0.89,0.0,0.0,0.0,0.045,0.005,0.005,0.05,0.13,0.46,0.79,750.2000122070312,18.0,0.0,0.0,0.45,1,46.501,6.6005,8500.0,450.0,0.0,10,4.5,45.0,84.987001953125,-0.12300000190734864,8500.0,False,False,False,False,False,False,False,False,False,False,False,True,True,True,True,False,True,False,False,False,False,False,False
12181952,STATE_ARMED,11.8,0.0,0.89,0.0,0.0,0.0,0.045,0.005,0.005,0.05,0.13,0.46,0.79,750.2000122070312,18.0,0.0,0.0,0.45,1,46.501,6.6005,8500.0,450.0,0.0,10,4.5,45.0,84.987001953125,-0.12300000190734864,8500.0,False,False,False,False,False,False,False,False,False,False,False,True,True,True,True,False,True,False,False,False,False,False,False
12182463,STATE_ARMED,11.8,0.0,0.89,0.0,0.0,0.0,0.045,0.005,0.005,0.05,0.13,0.46,0.79,750.2000122070312,18.0,0.0,0.0,0.45,1,46.501,6.6005,8500.0,450.0,0.0,10,4.5,45.0,84.987001953125,-0.12300000190734864,8500.0,False,False,False,False,False,False,False,False,False,False,False,True,True,True,True,False,True,False,False,False,False,False,False
12182974,STATE_ARMED,11.8,0.0,0.89,0.0,0.0,0.0,0.045,0.005,0.005,0.05,0.13,0.46,0.79,750.2000122070312,18.0,0.0,0.0,0.45,1,46.501,6.6005,8500.0,450.0,0.0,10,4.5,45.0,84.987001953125,-0.12300000190734864,8500.0,False,False,False,False,False,False,False,False,False,False,False,True,True,True,True,False,True,False,False,False,False,False,False
12183481,STATE_ARMED,11.8,0.0,0.89,0.0,0.0,0.0,0.045,0.005,0.005,0.05,0.13,0.46,0.79,750.2000122070312,18.0,0.0,0.0,0.45,1,46.501,6.6005,8500.0,450.0,0.0,10,4.5,45.0,84.987001953125,-0.12300000190734864,8500.0,False,False,False,False,False,False,False,False,False,False,False,True,True,True,True,False,True,False,False,False,False,False,False
12183992,STATE_ARMED,11.8,0.0,0.89,0.0,0.0,0.0,0.045,0.005,0.005,0.05,0.13,0.46,0.79,750.2000122070312,18.0,0.0,0.0,0.45,1,46.501,6.6005,8500.0,450.0,0.0,10,4.5,45.0,84.987001953125,-0.12300000190734864,8500.0,False,False,False,False,False,False,False,False,False,False,False,True,True,True,True,False,True,False,False,False,False,False,False
12184499,STATE_ARMED,11.8,0.0,0.89,0.0,0.0,0.0,0.045,0.005,0.005,0.05,0.13,0.46,0.79,750.2000122070312,18.0,0.0,0.0,0.45,1,46.501,6.6005,8500.0,450.0,0.0,10,4.5,45.0,84.987001953125,-0.12300000190734864,8500.0,False,False,False,False,False,False,False,False,False,False,False,True,True,True,True,False,True,False,False,False,False,False,False
12185008,STATE_ARMED,11.8,0.0,0.89,0.0,0.0,0.0,0.045,0.005,0.005,0.05,0.13,0.46,0.79,750.2000122070312,18.0,0.0,0.0,0.45,1,46.501,6.6005,8500.0,450.0,0.0,10,4.5,45.0,84.987001953125,-0.12300000190734864,8500.0,False,False,False,False,False,False,False,False,False,False,False,True,True,True,True,False,True,False,False,False,False,False,False
12185516,STATE_ARMED,11.8,0.0,0.89,0.0,0.0,0.0,0.045,0.005,0.005,0.05,0.13,0.46,0.79,750.2000122070312,18.0,0.0,0.0,0.45,1,46.501,6.6005,8500.0,450.0,0.0,10,4.5,45.0,84.987001953125,-0.12300000190734864,8500.0,False,False,False,False,False,False,False,False,False,False,False,True,True,True,True,False,True,False,False,False,False,False,False
12186025,STATE_ARMED,11.8,0.0,0.89,0.0,0.0,0.0,0.045,0.005,0.005,0.05,0.13,0.46,0.79,750.2000122070312,18.0,0.0,0.0,0.45,1,46.501,6.6005,8500.0,450.0,0.0,10,4.5,45.0,84.987001953125,-0.12300000190734864,8500.0,False,False,False,False,False,False,False,False,False,False,False,True,True,True,True,False,True,False,False,False,False,False,False
12186536,STATE_ARMED,11.8,0.0,0.89,0.0,0.0,0.0,0.045,0.005,0.005,0.05,0.13,0.46,0.79,750.2000122070312,18.0,0.0,0.0,0.45,1,46.501,6.6005,8500.0,450.0,0.0,10,4.5,45.0,84.987001953125,-0.12300000190734864,8500.0,False,False,False,False,False,False,False,False,False,False,False,True,True,True,True,False,True,False,False,False,False,False,False
12187044,STATE_ARMED,11.8,0.0,0.89,0.0,0.0,0.0,0.045,0.005,0.005,0.05,0.13,0.46,0.79,750.2000122070312,18.0,0.0,0.0,0.45,1,46.501,6.6005,8500.0,450.0,0.0,10,4.5,45.0,84.987001953125,-0.12300000190734864,8500.0,False,False,False,False,False,False,False,False,False,False,False,True,True,True,True,False,True,False,False,False,False,False,False
12187551,STATE_ARMED,11.8,0.0,0.89,0.0,0.0,0.0,0.045,0.005,0.005,0.05,0.13,0.46,0.79,750.2000122070312,18.0,0.0,0.0,0.45,1,46.501,6.6005,8500.0,450.0,0.0,10,4.5,45.0,84.987001953125,-0.12300000190734864,8500.0,False,False,False,False,False,False,False,False,False,False,False,True,True,True,True,False,True,False,False,False,False,False,False
12188058,STATE_ARMED,11.8,0.0,0.89,0.0,0.0,0.0,0.045,0.005,0.005,0.05,0.13,0.46,0.79,750.2000122070312,18.0,0.0,0.0,0.45,1,46.501,6.6005,8500.0,450.0,0.0,10,4.5,45.0,84.987001953125,-0.12300000190734864,8500.0,False,False,False,False,False,False,False,False,False,False,False,True,True,True,True,False,True,False,False,False,False,False,False
12188569,STATE_ARMED,11.8,0.0,0.89,0.0,0.0,0.0,0.045,0.005,0.005,0.05,0.13,0.46,0.79,750.2000122070312,18.0,0.0,0.0,0.45,1,46.501,6.6005,8500.0,450.0,0.0,10,4.5,45.0,84.987001953125,-0.12300000190734864,8500.0,False,False,False,False,False,False,False,False,False,False,False,True,True,True,True,False,True,False,False,False,False,False,False
12189080,STATE_ARMED,11.8,0.0,0.89,0.0,0.0,0.0,0.045,0.005,0.005,0.05,0.13,0.46,0.79,750.2000122070312,18.0,0.0,0.0,0.45,1,46.501,6.6005,8500.0,450.0,0.0,10,4.5,45.0,84.987001953125,-0.12300000190734864,8500.0,False,False,False,False,False,False,False,False,False,False,False,True,True,True,True,False,True,False,False,False,False,False,False
12189587,STATE_ARMED,11.8,0.0,0.89,0.0,0.0,0.0,0.045,0.005,0.005,0.05,0.13,0.46,0.79,750.2000122070312,18.0,0.0,0.0,0.45,1,46.501,6.6005,8500.0,450.0,0.0,10,4.5,45.0,84.987001953125,-0.12300000190734864,8500.0,False,False,False,False,False,False,False,False,False,False,False,True,True,True,True,False,True,False,False,False,False,False,False
12190089,STATE_ARMED,11.8,0.0,0.89,0.0,0.0,0.0,0.045,0.005,0.005,0.05,0.13,0.46,0.79,750.2000122070312,18.0,0.0,0.0,0.45,1,46.501,6.6005,8500.0,450.0,0.0,10,4.5,45.0,84.987001953125,-0.12300000190734864,8500.0,False,False,False,False,False,False,False,False,False,False,False,True,True,True,True,False,True,False,False,False,False,False,False
12190600,STATE_ARMED,11.8,0.0,0.89,0.0,0.0,0.0,0.045,0.005,0.005,0.05,0.13,0.46,0.79,750.2000122070312,18.0,0.0,0.0,0.45,1,46.501,6.6005,8500.0,450.0,0.0,10,4.5,45.0,84.987001953125,-0.12300000190734864,8500.0,False,False,False,False,False,False,False,False,False,False,False,True,True,True,True,False,True,False,False,False,False,False,False
12191107,STATE_ARMED,11.8,0.0,0.89,0.0,0.0,0.0,0.045,0.005,0.005,0.05,0.13,0.46,0.79,750.2000122070312,18.0,0.0,0.0,0.45,1,46.501,6.6005,8500.0,450.0,0.0,10,4.5,45.0,84.987001953125,-0.12300000190734864,8500.0,False,False,False,False,False,False,False,False,False,False,False,True,True,True,True,False,True,False,False,False,False,False,False
12191616,STATE_ARMED,11.8,0.0,0.89,0.0,0.0,0.0,0.045,0.005,0.005,0.05,0.13,0.46,0.79,750.2000122070312,18.0,0.0,0.0,0.45,1,46.501,6.6005,8500.0,450.0,0.0,10,4.5,45.0,84.987001953125,-0.12300000190734864,8500.0,False,False,False,False,False,False,False,False,False,False,False,True,True,True,True,False,True,False,False,False,False,False,False
12192127,STATE_ARMED,11.8,0.0,0.89,0.0,0.0,0.0,0.045,0.005,0.005,0.05,0.13,0.46,0.79,750.2000122070312,18.0,0.0,0.0,0.45,1,46.501,6.6005,8500.0,450.0,0.0,10,4.5,45.0,84.987001953125,-0.12300000190734864,8500.0,False,False,False,False,False,False,False,False,False,False,False,True,True,True,True,False,True,False,False,False,False,False,False
12192632,STATE_ARMED,11.8,0.0,0.89,0.0,0.0,0.0,0.045,0.005,0.005,0.05,0.13,0.46,0.79,750.2000122070312,18.0,0.0,0.0,0.45,1,46.501,6.6005,8500.0,450.0,0.0,10,4.5,45.0,84.987001953125,-0.12300000190734864,8500.0,False,False,False,False,False,False,False,False,False,False,False,True,True,True,True,False,True,False,False,False,False,False,False
12193143,STATE_ARMED,11.8,0.0,0.89,0.0,0.0,0.0,0.045,0.005,0.005,0.05,0.13,0.46,0.79,750.2000122070312,18.0,0.0,0.0,0.45,1,46.501,6.6005,8500.0,450.0,0.0,10,4.5,45.0,84.987001953125,-0.12300000190734864,8500.0,False,False,False,False,False,False,False,False,False,False,False,True,True,True,True,False,True,False,False,False,False,False,False
12193652,STATE_ARMED,11.8,0.0,0.89,0.0,0.0,0.0,0.045,0.005,0.005,0.05,0.13,0.46,0.79,750.2000122070312,18.0,0.0,0.0,0.45,1,46.501,6.6005,8500.0,450.0,0.0,10,4.5,45.0,84.987001953125,-0.12300000190734864,8500.0,False,False,False,False,False,False,False,False,False,False,False,True,True,True,True,False,True,False,False,False,False,False,False
12194163,STATE_ARMED,11.8,0.0,0.89,0.0,0.0,0.0,0.045,0.005,0.005,0.05,0.13,0.46,0.79,750.2000122070312,18.0,0.0,0.0,0.45,1,46.501,6.6005,8500.0,450.0,0.0,10,4.5,45.0,84.987001953125,-0.12300000190734864,8500.0,False,False,False,False,False,False,False,False,False,False,False,True,True,True,True,False,True,False,False,False,False,False,False
12194670,STATE_ARMED,11.8,0.0,0.89,0.0,0.0,0.0,0.045,0.005,0.005,0.05,0.13,0.46,0.79,750.2000122070312,18.0,0.0,0.0,0.45,1,46.501,6.6005,8500.0,450.0,0.0,10,4.5,45.0,84.987001953125,-0.12300000190734864,8500.0,False,False,False,False,False,False,False,False,False,False,False,True,True,True,True,False,True,False,False,False,False,False,False
12195181,STATE_ARMED,11.8,0.0,0.89,0.0,0.0,0.0,0.045,0.005,0.005,0.05,0.13,0.46,0.79,750.2000122070312,18.0,0.0,0.0,0.45,1,46.501,6.6005,8500.0,450.0,0.0,10,4.5,45.0,84.987001953125,-0.12300000190734864,8500.0,False,False,False,False,False,False,False,False,False,False,False,True,True,True,True,False,True,False,False,False,False,False,False
12195692,STATE_ARMED,11.8,0.0,0.89,0.0,0.0,0.0,0.045,0.005,0.005,0.05,0.13,0.46,0.79,750.2000122070312,18.0,0.0,0.0,0.45,1,46.501,6.6005,8500.0,450.0,0.0,10,4.5,45.0,84.987001953125,-0.12300000190734864,8500.0,False,False,False,False,False,False,False,False,False,False,False,True,True,True,True,False,True,False,False,False,False,False,False
12196202,STATE_ARMED,11.8,0.0,0.89,0.0,0.0,0.0,0.045,0.005,0.005,0.05,0.13,0.46,0.79,750.2000122070312,18.0,0.0,0.0,0.45,1,46.501,6.6005,8500.0,450.0,0.0,10,4.5,45.0,84.987001953125,-0.12300000190734864,8500.0,False,False,False,False,False,False,False,False,False,False,False,True,True,True,True,False,True,False,False,False,False,False,False
12196713,STATE_ARMED,11.8,0.0,0.89,0.0,0.0,0.0,0.045,0.005,0.005,0.05,0.13,0.46,0.79,750.2000122070312,18.0,0.0,0.0,0.45,1,46.501,6.6005,8500.0,450.0,0.0,10,4.5,45.0,84.987001953125,-0.12300000190734864,8500.0,False,False,False,False,False,False,False,False,False,False,False,True,True,True,True,False,True,False,False,False,False,False,False
12197219,STATE_ARMED,11.8,0.0,0.89,0.0,0.0,0.0,0.045,0.005,0.005,0.05,0.13,0.46,0.79,750.2000122070312,18.0,0.0,0.0,0.45,1,46.501,6.6005,8500.0,450.0,0.0,10,4.5,45.0,84.987001953125,-0.12300000190734864,8500.0,False,False,False,False,False,False,False,False,False,False,False,True,True,True,True,False,True,False,False,False,False,False,False
12197724,STATE_ARMED,11.8,0.0,0.89,0.0,0.0,0.0,0.045,0.005,0.005,0.05,0.13,0.46,0.79,750.2000122070312,18.0,0.0,0.0,0.45,1,46.501,6.6005,8500.0,450.0,0.0,10,4.5,45.0,84.987001953125,-0.12300000190734864,8500.0,False,False,False,False,False,False,False,False,False,False,False,True,True,True,True,False,True,False,False,False,False,False,False
12198239,STATE_ARMED,11.8,0.0,0.89,0.0,0.0,0.0,0.045,0.005,0.005,0.05,0.13,0.46,0.79,750.2000122070312,18.0,0.0,0.0,0.45,1,46.501,6.6005,8500.0,450.0,0.0,10,4.5,45.0,84.987001953125,-0.12300000190734864,8500.0,False,False,False,False,False,False,False,False,False,False,False,True,True,True,True,False,True,False,False,False,False,False,False
12198749,STATE_ARMED,11.8,0.0,0.89,0.0,0.0,0.0,0.045,0.005,0.005,0.05,0.13,0.46,0.79,750.2000122070312,18.0,0.0,0.0,0.45,1,46.501,6.6005,8500.0,450.0,0.0,10,4.5,45.0,84.987001953125,-0.12300000190734864,8500.0,False,False,False,False,False,False,False,False,False,False,False,True,True,True,True,False,True,False,False,False,False,False,False
12199260,STATE_ARMED,11.8,0.0,0.89,0.0,0.0,0.0,0.045,0.005,0.005,0.05,0.13,0.46,0.79,750.2000122070312,18.0,0.0,0.0,0.45,1,46.501,6.6005,8500.0,450.0,0.0,10,4.5,45.0,84.987001953125,-0.12300000190734864,8500.0,False,False,False,False,False,False,False,False,False,False,False,True,True,True,True,False,True,False,False,False,False,False,False
12199772,STATE_ARMED,11.8,0.0,0.89,0.0,0.0,0.0,0.045,0.005,0.005,0.05,0.13,0.46,0.79,750.2000122070312,18.0,0.0,0.0,0.45,1,46.501,6.6005,8500.0,450.0,0.0,10,4.5,45.0,84.987001953125,-0.12300000190734864,8500.0,False,False,False,False,False,False,False,False,False,False,False,True,True,True,True,False,True,False,False,False,False,False,False
12200283,STATE_ARMED,11.8,0.0,0.89,0.0,0.0,0.0,0.045,0.005,0.005,0.05,0.13,0.46,0.79,750.2000122070312,18.0,0.0,0.0,0.45,1,46.501,6.6005,8500.0,450.0,0.0,10,4.5,45.0,84.987001953125,-0.12300000190734864,8500.0,False,False,False,False,False,False,False,False,False,False,False,True,True,True,True,False,True,False,False,False,False,False,False
12200790,STATE_ARMED,11.8,0.0,0.89,0.0,0.0,0.0,0.045,0.005,0.005,0.05,0.13,0.46,0.79,750.2000122070312,18.0,0.0,0.0,0.45,1,46.501,6.6005,8500.0,450.0,0.0,10,4.5,45.0,84.987001953125,-0.12300000190734864,8500.0,False,False,False,False,False,False,False,False,False,False,False,True,True,True,True,False,True,False,False,False,False,False,False
12201292,STATE_ARMED,11.8,0.0,0.89,0.0,0.0,0.0,0.045,0.005,0.005,0.05,0.13,0.46,0.79,750.2000122070312,18.0,0.0,0.0,0.45,1,46.501,6.6005,8500.0,450.0,0.0,10,4.5,45.0,84.987001953125,-0.12300000190734864,8500.0,False,False,False,False,False,False,False,False,False,False,False,True,True,True,True,False,True,False,False,False,False,False,False
12201799,STATE_ARMED,11.8,0.0,0.89,0.0,0.0,0.0,0.045,0.005,0.005,0.05,0.13,0.46,0.79,750.2000122070312,18.0,0.0,0.0,0.45,1,46.501,6.6005,8500.0,450.0,0.0,10,4.5,45.0,84.987001953125,-0.12300000190734864,8500.0,False,False,False,False,False,False,False,False,False,False,False,True,True,True,True,False,True,False,False,False,False,False,False
12202306,STATE_ARMED,11.8,0.0,0.89,0.0,0.0,0.0,0.045,0.005,0.005,0.05,0.13,0.46,0.79,750.2000122070312,18.0,0.0,0.0,0.45,1,46.501,6.6005,8500.0,450.0,0.0,10,4.5,45.0,84.987001953125,-0.12300000190734864,8500.0,False,False,False,False,False,False,False,False,False,False,False,True,True,True,True,False,True,False,False,False,False,False,False
12202816,STATE_ARMED,11.8,0.0,0.89,0.0,0.0,0.0,0.045,0.005,0.005,0.05,0.13,0.46,0.79,750.2000122070312,18.0,0.0,0.0,0.45,1,46.501,6.6005,8500.0,450.0,0.0,10,4.5,45.0,84.987001953125,-0.12300000190734864,8500.0,False,False,False,False,False,False,False,False,False,False,False,True,True,True,True,False,True,False,False,False,False,False,False
12203326,STATE_ARMED,11.8,0.0,0.89,0.0,0.0,0.0,0.045,0.005,0.005,0.05,0.13,0.46,0.79,750.2000122070312,18.0,0.0,0.0,0.45,1,46.501,6.6005,8500.0,450.0,0.0,10,4.5,45.0,84.987001953125,-0.12300000190734864,8500.0,False,False,False,False,False,False,False,False,False,False,False,True,True,True,True,False,True,False,False,False,False,False,False
12203837,STATE_ARMED,11.8,0.0,0.89,0.0,0.0,0.0,0.045,0.005,0.005,0.05,0.13,0.46,0.79,750.2000122070312,18.0,0.0,0.0,0.45,1,46.501,6.6005,8500.0,450.0,0.0,10,4.5,45.0,84.987001953125,-0.12300000190734864,8500.0,False,False,False,False,False,False,False,False,False,False,False,True,True,True,True,False,True,False,False,False,False,False,False
12204348,STATE_ARMED,11.8,0.0,0.89,0.0,0.0,0.0,0.045,0.005,0.005,0.05,0.13,0.46,0.79,750.2000122070312,18.0,0.0,0.0,0.45,1,46.501,6.6005,8500.0,450.0,0.0,10,4.5,45.0,84.987001953125,-0.12300000190734864,8500.0,False,False,False,False,False,False,False,False,False,False,False,True,True,True,True,False,True,False,False,False,False,False,False
12204859,STATE_ARMED,11.8,0.0,0.89,0.0,0.0,0.0,0.045,0.005,0.005,0.05,0.13,0.46,0.79,750.2000122070312,18.0,0.0,0.0,0.45,1,46.501,6.6005,8500.0,450.0,0.0,10,4.5,45.0,84.987001953125,-0.12300000190734864,8500.0,False,False,False,False,False,False,False,False,False,False,False,True,True,True,True,False,True,False,False,False,False,False,False
12205368,STATE_ARMED,11.8,0.0,0.89,0.0,0.0,0.0,0.045,0.005,0.005,0.05,0.13,0.46,0.79,750.2000122070312,18.0,0.0,0.0,0.45,1,46.501,6.6005,8500.0,450.0,0.0,10,4.5,45.0,84.987001953125,-0.12300000190734864,8500.0,False,False,False,False,False,False,False,False,False,False,False,True,True,True,True,False,True,False,False,False,False,False,False
12205878,STATE_ARMED,11.8,0.0,0.89,0.0,0.0,0.0,0.045,0.005,0.005,0.05,0.13,0.46,0.79,750.2000122070312,18.0,0.0,0.0,0.45,1,46.501,6.6005,8500.0,450.0,0.0,10,4.5,45.0,84.987001953125,-0.12300000190734864,8500.0,False,False,False,False,False,False,False,False,False,False,False,True,True,True,True,False,True,False,False,False,False,False,False
12206387,STATE_ARMED,11.8,0.0,0.89,0.0,0.0,0.0,0.045,0.005,0.005,0.05,0.13,0.46,0.79,750.2000122070312,18.0,0.0,0.0,0.45,1,46.501,6.6005,8500.0,450.0,0.0,10,4.5,45.0,84.987001953125,-0.12300000190734864,8500.0,False,False,False,False,False,False,False,False,False,False,False,True,True,True,True,False,True,False,False,False,False,False,False
12206891,STATE_ARMED,11.8,0.0,0.89,0.0,0.0,0.0,0.045,0.005,0.005,0.05,0.13,0.46,0.79,750.2000122070312,18.0,0.0,0.0,0.45,1,46.501,6.6005,8500.0,450.0,0.0,10,4.5,45.0,84.987001953125,-0.12300000190734864,8500.0,False,False,False,False,False,False,False,False,False,False,False,True,True,True,True,False,True,False,False,False,False,False,False
12207402,STATE_ARMED,11.8,0.0,0.89,0.0,0.0,0.0,0.045,0.005,0.005,0.05,0.13,0.46,0.79,750.2000122070312,18.0,0.0,0.0,0.45,1,46.501,6.6005,8500.0,450.0,0.0,10,4.5,45.0,84.987001953125,-0.12300000190734864,8500.0,False,False,False,False,False,False,False,False,False,False,False,True,True,True,True,False,True,False,False,False,False,False,False
12207914,STATE_ARMED,11.8,0.0,0.89,0.0,0.0,0.0,0.045,0.005,0.005,0.05,0.13,0.46,0.79,750.2000122070312,18.0,0.0,0.0,0.45,1,46.501,6.6005,8500.0,450.0,0.0,10,4.5,45.0,84.987001953125,-0.12300000190734864,8500.0,False,False,False,False,False,False,False,False,False,False,False,True,True,True,True,False,True,False,False,False,False,False,False
12208418,STATE_ARMED,11.8,0.0,0.89,0.0,0.0,0.0,0.045,0.005,0.005,0.05,0.13,0.46,0.79,750.2000122070312,18.0,0.0,0.0,0.45,1,46.501,6.6005,8500.0,450.0,0.0,10,4.5,45.0,84.987001953125,-0.12300000190734864,8500.0,False,False,False,False,False,False,False,False,False,False,False,True,True,True,True,False,True,False,False,False,False,False,False
12208930,STATE_ARMED,11.8,0.0,0.89,0.0,0.0,0.0,0.045,0.005,0.005,0.05,0.13,0.46,0.79,750.2000122070312,18.0,0.0,0.0,0.45,1,46.501,6.6005,8500.0,450.0,0.0,10,4.5,45.0,84.987001953125,-0.12300000190734864,8500.0,False,False,False,False,False,False,False,False,False,False,False,True,True,True,True,False,True,False,False,False,False,False,False
12209440,STATE_ARMED,11.8,0.0,0.89,0.0,0.0,0.0,0.045,0.005,0.005,0.05,0.13,0.46,0.79,750.2000122070312,18.0,0.0,0.0,0.45,1,46.501,6.6005,8500.0,450.0,0.0,10,4.5,45.0,84.987001953125,-0.12300000190734864,8500.0,False,False,False,False,False,False,False,False,False,False,False,True,True,True,True,False,True,False,False,False,False,False,False
12209947,STATE_ARMED,11.8,0.0,0.89,0.0,0.0,0.0,0.045,0.005,0.005,0.05,0.13,0.46,0.79,750.2000122070312,18.0,0.0,0.0,0.45,1,46.501,6.6005,8500.0,450.0,0.0,10,4.5,45.0,84.987001953125,-0.12300000190734864,8500.0,False,False,False,False,False,False,False,False,False,False,False,True,True,True,True,False,True,False,False,False,False,False,False
12210458,STATE_ARMED,11.8,0.0,0.89,0.0,0.0,0.0,0.045,0.005,0.005,0.05,0.13,0.46,0.79,750.2000122070312,18.0,0.0,0.0,0.45,1,46.501,6.6005,8500.0,450.0,0.0,10,4.5,45.0,84.987001953125,-0.12300000190734864,8500.0,False,False,False,False,False,False,False,False,False,False,False,True,True,True,True,False,True,False,False,False,False,False,False
12210965,STATE_ARMED,11.8,0.0,0.89,0.0,0.0,0.0,0.045,0.005,0.005,0.05,0.13,0.46,0.79,750.2000122070312,18.0,0.0,0.0,0.45,1,46.501,6.6005,8500.0,450.0,0.0,10,4.5,45.0,84.987001953125,-0.12300000190734864,8500.0,False,False,False,False,False,False,False,False,False,False,False,True,True,True,True,False,True,False,False,False,False,False,False
12211469,STATE_ARMED,11.8,0.0,0.89,0.0,0.0,0.0,0.045,0.005,0.005,0.05,0.13,0.46,0.79,750.2000122070312,18.0,0.0,0.0,0.45,1,46.501,6.6005,8500.0,450.0,0.0,10,4.5,45.0,84.987001953125,-0.12300000190734864,8500.0,False,False,False,False,False,False,False,False,False,False,False,True,True,True,True,False,True,False,False,False,False,False,False
12211985,STATE_ARMED,11.8,0.0,0.89,0.0,0.0,0.0,0.045,0.005,0.005,0.05,0.13,0.46,0.79,750.2000122070312,18.0,0.0,0.0,0.45,1,46.501,6.6005,8500.0,450.0,0.0,10,4.5,45.0,84.987001953125,-0.12300000190734864,8500.0,False,False,False,False,False,False,False,False,False,False,False,True,True,True,True,False,True,False,False,False,False,False,False
12212496,STATE_ARMED,11.8,0.0,0.89,0.0,0.0,0.0,0.045,0.005,0.005,0.05,0.13,0.46,0.79,750.2000122070312,18.0,0.0,0.0,0.45,1,46.501,6.6005,8500.0,450.0,0.0,10,4.5,45.0,84.987001953125,-0.12300000190734864,8500.0,False,False,False,False,False,False,False,False,False,False,False,True,True,True,True,False,True,False,False,False,False,False,False
12213007,STATE_ARMED,11.8,0.0,0.89,0.0,0.0,0.0,0.045,0.005,0.005,0.05,0.13,0.46,0.79,750.2000122070312,18.0,0.0,0.0,0.45,1,46.501,6.6005,8500.0,450.0,0.0,10,4.5,45.0,84.987001953125,-0.12300000190734864,8500.0,False,False,False,False,False,False,False,False,False,False,False,True,True,True,True,False,True,False,False,False,False,False,False
12213518,STATE_ARMED,11.8,0.0,0.89,0.0,0.0,0.0,0.045,0.005,0.005,0.05,0.13,0.46,0.79,750.2000122070312,18.0,0.0,0.0,0.45,1,46.501,6.6005,8500.0,450.0,0.0,10,4.5,45.0,84.987001953125,-0.12300000190734864,8500.0,False,False,False,False,False,False,False,False,False,False,False,True,True,True,True,False,True,False,False,False,False,False,False
12214025,STATE_ARMED,11.8,0.0,0.89,0.0,0.0,0.0,0.045,0.005,0.005,0.05,0.13,0.46,0.79,750.2000122070312,18.0,0.0,0.0,0.45,1,46.501,6.6005,8500.0,450.0,0.0,10,4.5,45.0,84.987001953125,-0.12300000190734864,8500.0,False,False,False,False,False,False,False,False,False,False,False,True,True,True,True,False,True,False,False,False,False,False,False
12214531,STATE_ARMED,11.8,0.0,0.89,0.0,0.0,0.0,0.045,0.005,0.005,0.05,0.13,0.46,0.79,750.2000122070312,18.0,0.0,0.0,0.45,1,46.501,6.6005,8500.0,450.0,0.0,10,4.5,45.0,84.987001953125,-0.12300000190734864,8500.0,False,False,False,False,False,False,False,False,False,False,False,True,True,True,True,False,True,False,False,False,False,False,False
12215036,STATE_ARMED,11.8,0.0,0.89,0.0,0.0,0.0,0.045,0.005,0.005,0.05,0.13,0.46,0.79,750.2000122070312,18.0,0.0,0.0,0.45,1,46.501,6.6005,8500.0,450.0,0.0,10,4.5,45.0,84.987001953125,-0.12300000190734864,8500.0,False,False,False,False,False,False,False,False,False,False,False,True,True,True,True,False,True,False,False,False,False,False,False
12215546,STATE_ARMED,11.8,0.0,0.89,0.0,0.0,0.0,0.045,0.005,0.005,0.05,0.13,0.46,0.79,750.2000122070312,18.0,0.0,0.0,0.45,1,46.501,6.6005,8500.0,450.0,0.0,10,4.5,45.0,84.987001953125,-0.12300000190734864,8500.0,False,False,False,False,False,False,False,False,False,False,False,True,True,True,True,False,True,False,False,False,False,False,False
12216054,STATE_ARMED,11.8,0.0,0.89,0.0,0.0,0.0,0.045,0.005,0.005,0.05,0.13,0.46,0.79,750.2000122070312,18.0,0.0,0.0,0.45,1,46.501,6.6005,8500.0,450.0,0.0,10,4.5,45.0,84.987001953125,-0.12300000190734864,8500.0,False,False,False,False,False,False,False,False,False,False,False,True,True,True,True,False,True,False,False,False,False,False,False
12216561,STATE_ARMED,11.8,0.0,0.89,0.0,0.0,0.0,0.045,0.005,0.005,0.05,0.13,0.46,0.79,750.2000122070312,18.0,0.0,0.0,0.45,1,46.501,6.6005,8500.0,450.0,0.0,10,4.5,45.0,84.987001953125,-0.12300000190734864,8500.0,False,False,False,False,False,False,False,False,False,False,False,True,True,True,True,False,True,False,False,False,False,False,False
12217070,STATE_ARMED,11.8,0.0,0.89,0.0,0.0,0.0,0.045,0.005,0.005,0.05,0.13,0.46,0.79,750.2000122070312,18.0,0.0,0.0,0.45,1,46.501,6.6005,8500.0,450.0,0.0,10,4.5,45.0,84.987001953125,-0.12300000190734864,8500.0,False,False,False,False,False,False,False,False,False,False,False,True,True,True,True,False,True,False,False,False,False,False,False
12217580,STATE_ARMED,11.8,0.0,0.89,0.0,0.0,0.0,0.045,0.005,0.005,0.05,0.13,0.46,0.79,750.2000122070312,18.0,0.0,0.0,0.45,1,46.501,6.6005,8500.0,450.0,0.0,10,4.5,45.0,84.987001953125,-0.12300000190734864,8500.0,False,False,False,False,False,False,False,False,False,False,False,True,True,True,True,False,True,False,False,False,False,False,False
12218086,STATE_ARMED,11.8,0.0,0.89,0.0,0.0,0.0,0.045,0.005,0.005,0.05,0.13,0.46,0.79,750.2000122070312,18.0,0.0,0.0,0.45,1,46.501,6.6005,8500.0,450.0,0.0,10,4.5,45.0,84.987001953125,-0.12300000190734864,8500.0,False,False,False,False,False,False,False,False,False,False,False,True,True,True,True,False,True,False,False,False,False,False,False
12218595,STATE_ARMED,11.8,0.0,0.89,0.0,0.0,0.0,0.045,0.005,0.005,0.05,0.13,0.46,0.79,750.2000122070312,18.0,0.0,0.0,0.45,1,46.501,6.6005,8500.0,450.0,0.0,10,4.5,45.0,84.987001953125,-0.12300000190734864,8500.0,False,False,False,False,False,False,False,False,False,False,False,True,True,True,True,False,True,False,False,False,False,False,False
12219106,STATE_ARMED,11.8,0.0,0.89,0.0,0.0,0.0,0.045,0.005,0.005,0.05,0.13,0.46,0.79,750.2000122070312,18.0,0.0,0.0,0.45,1,46.501,6.6005,8500.0,450.0,0.0,10,4.5,45.0,84.987001953125,-0.12300000190734864,8500.0,False,False,False,False,False,False,False,False,False,False,False,True,True,True,True,False,True,False,False,False,False,False,False
12219612,STATE_ARMED,11.8,0.0,0.89,0.0,0.0,0.0,0.045,0.005,0.005,0.05,0.13,0.46,0.79,750.2000122070312,18.0,0.0,0.0,0.45,1,46.501,6.6005,8500.0,450.0,0.0,10,4.5,45.0,84.987001953125,-0.12300000190734864,8500.0,False,False,False,False,False,False,False,False,False,False,False,True,True,True,True,False,True,False,False,False,False,False,False
12220120,STATE_ARMED,11.8,0.0,0.89,0.0,0.0,0.0,0.045,0.005,0.005,0.05,0.13,0.46,0.79,750.2000122070312,18.0,0.0,0.0,0.45,1,46.501,6.6005,8500.0,450.0,0.0,10,4.5,45.0,84.987001953125,-0.12300000190734864,8500.0,False,False,False,False,False,False,False,False,False,False,False,True,True,True,True,False,True,False,False,False,False,False,False
12220627,STATE_ARMED,11.8,0.0,0.89,0.0,0.0,0.0,0.045,0.005,0.005,0.05,0.13,0.46,0.79,750.2000122070312,18.0,0.0,0.0,0.45,1,46.501,6.6005,8500.0,450.0,0.0,10,4.5,45.0,84.987001953125,-0.12300000190734864,8500.0,False,False,False,False,False,False,False,False,False,False,False,True,True,True,True,False,True,False,False,False,False,False,False
12221138,STATE_ARMED,11.8,0.0,0.89,0.0,0.0,0.0,0.045,0.005,0.005,0.05,0.13,0.46,0.79,750.2000122070312,18.0,0.0,0.0,0.45,1,46.501,6.6005,8500.0,450.0,0.0,10,4.5,45.0,84.987001953125,-0.12300000190734864,8500.0,False,False,False,False,False,False,False,False,False,False,False,True,True,True,True,False,True,False,False,False,False,False,False
12221650,STATE_ARMED,11.8,0.0,0.89,0.0,0.0,0.0,0.045,0.005,0.005,0.05,0.13,0.46,0.79,750.2000122070312,18.0,0.0,0.0,0.45,1,46.501,6.6005,8500.0,450.0,0.0,10,4.5,45.0,84.987001953125,-0.12300000190734864,8500.0,False,False,False,False,False,False,False,False,False,False,False,True,True,True,True,False,True,False,False,False,False,False,False
12222158,STATE_ARMED,11.8,0.0,0.89,0.0,0.0,0.0,0.045,0.005,0.005,0.05,0.13,0.46,0.79,750.2000122070312,18.0,0.0,0.0,0.45,1,46.501,6.6005,8500.0,450.0,0.0,10,4.5,45.0,84.987001953125,-0.12300000190734864,8500.0,False,False,False,False,False,False,False,False,False,False,False,True,True,True,True,False,True,False,False,False,False,False,False
12222661,STATE_ARMED,11.8,0.0,0.89,0.0,0.0,0.0,0.045,0.005,0.005,0.05,0.13,0.46,0.79,750.2000122070312,18.0,0.0,0.0,0.45,1,46.501,6.6005,8500.0,450.0,0.0,10,4.5,45.0,84.987001953125,-0.12300000190734864,8500.0,False,False,False,False,False,False,False,False,False,False,False,True,True,True,True,False,True,False,False,False,False,False,False
12223171,STATE_ARMED,11.8,0.0,0.89,0.0,0.0,0.0,0.045,0.005,0.005,0.05,0.13,0.46,0.79,750.2000122070312,18.0,0.0,0.0,0.45,1,46.501,6.6005,8500.0,450.0,0.0,10,4.5,45.0,84.987001953125,-0.12300000190734864,8500.0,False,False,False,False,False,False,False,False,False,False,False,True,True,True,True,False,True,False,False,False,False,False,False
12223680,STATE_ARMED,11.8,0.0,0.89,0.0,0.0,0.0,0.045,0.005,0.005,0.05,0.13,0.46,0.79,750.2000122070312,18.0,0.0,0.0,0.45,1,46.501,6.6005,8500.0,450.0,0.0,10,4.5,45.0,84.987001953125,-0.12300000190734864,8500.0,False,False,False,False,False,False,False,False,False,False,False,True,True,True,True,False,True,False,False,False,False,False,False
12224191,STATE_ARMED,11.8,0.0,0.89,0.0,0.0,0.0,0.045,0.005,0.005,0.05,0.13,0.46,0.79,750.2000122070312,18.0,0.0,0.0,0.45,1,46.501,6.6005,8500.0,450.0,0.0,10,4.5,45.0,84.987001953125,-0.12300000190734864,8500.0,False,False,False,False,False,False,False,False,False,False,False,True,True,True,True,False,True,False,False,False,False,False,False
12224701,STATE_ARMED,11.8,0.0,0.89,0.0,0.0,0.0,0.045,0.005,0.005,0.05,0.13,0.46,0.79,750.2000122070312,18.0,0.0,0.0,0.45,1,46.501,6.6005,8500.0,450.0,0.0,10,4.5,45.0,84.987001953125,-0.12300000190734864,8500.0,False,False,False,False,False,False,False,False,False,False,False,True,True,True,True,False,True,False,False,False,False,False,False
12225208,STATE_ARMED,11.8,0.0,0.89,0.0,0.0,0.0,0.045,0.005,0.005,0.05,0.13,0.46,0.79,750.2000122070312,18.0,0.0,0.0,0.45,1,46.501,6.6005,8500.0,450.0,0.0,10,4.5,45.0,84.987001953125,-0.12300000190734864,8500.0,False,False,False,False,False,False,False,False,False,False,False,True,True,True,True,False,True,False,False,False,False,False,False
12225716,STATE_ARMED,11.8,0.0,0.89,0.0,0.0,0.0,0.045,0.005,0.005,0.05,0.13,0.46,0.79,750.2000122070312,18.0,0.0,0.0,0.45,1,46.501,6.6005,8500.0,450.0,0.0,10,4.5,45.0,84.987001953125,-0.12300000190734864,8500.0,False,False,False,False,False,False,False,False,False,False,False,True,True,True,True,False,True,False,False,False,False,False,False
12226221,STATE_ARMED,11.8,0.0,0.89,0.0,0.0,0.0,0.045,0.005,0.005,0.05,0.13,0.46,0.79,750.2000122070312,18.0,0.0,0.0,0.45,1,46.501,6.6005,8500.0,450.0,0.0,10,4.5,45.0,84.987001953125,-0.12300000190734864,8500.0,False,False,False,False,False,False,False,False,False,False,False,True,True,True,True,False,True,False,False,False,False,False,False
12226732,STATE_ARMED,11.8,0.0,0.89,0.0,0.0,0.0,0.045,0.005,0.005,0.05,0.13,0.46,0.79,750.2000122070312,18.0,0.0,0.0,0.45,1,46.501,6.6005,8500.0,450.0,0.0,10,4.5,45.0,84.987001953125,-0.12300000190734864,8500.0,False,False,False,False,False,False,False,False,False,False,False,True,True,True,True,False,True,False,False,False,False,False,False
12227244,STATE_ARMED,11.8,0.0,0.89,0.0,0.0,0.0,0.045,0.005,0.005,0.05,0.13,0.46,0.79,750.2000122070312,18.0,0.0,0.0,0.45,1,46.501,6.6005,8500.0,450.0,0.0,10,4.5,45.0,84.987001953125,-0.12300000190734864,8500.0,False,False,False,False,False,False,False,False,False,False,False,True,True,True,True,False,True,False,False,False,False,False,False
12227753,STATE_ARMED,11.8,0.0,0.89,0.0,0.0,0.0,0.045,0.005,0.005,0.05,0.13,0.46,0.79,750.2000122070312,18.0,0.0,0.0,0.45,1,46.501,6.6005,8500.0,450.0,0.0,10,4.5,45.0,84.987001953125,-0.12300000190734864,8500.0,False,False,False,False,False,False,False,False,False,False,False,True,True,True,True,False,True,False,False,False,False,False,False
12228264,STATE_ARMED,11.8,0.0,0.89,0.0,0.0,0.0,0.045,0.005,0.005,0.05,0.13,0.46,0.79,750.2000122070312,18.0,0.0,0.0,0.45,1,46.501,6.6005,8500.0,450.0,0.0,10,4.5,45.0,84.987001953125,-0.12300000190734864,8500.0,False,False,False,False,False,False,False,False,False,False,False,True,True,True,True,False,True,False,False,False,False,False,False
12228773,STATE_ARMED,11.8,0.0,0.89,0.0,0.0,0.0,0.045,0.005,0.005,0.05,0.13,0.46,0.79,750.2000122070312,18.0,0.0,0.0,0.45,1,46.501,6.6005,8500.0,450.0,0.0,10,4.5,45.0,84.987001953125,-0.12300000190734864,8500.0,False,False,False,False,False,False,False,False,False,False,False,True,True,True,True,False,True,False,False,False,False,False,False
12229284,STATE_ARMED,11.8,0.0,0.89,0.0,0.0,0.0,0.045,0.005,0.005,0.05,0.13,0.46,0.79,750.2000122070312,18.0,0.0,0.0,0.45,1,46.501,6.6005,8500.0,450.0,0.0,10,4.5,45.0,84.987001953125,-0.12300000190734864,8500.0,False,False,False,False,False,False,False,False,False,False,False,True,True,True,True,False,True,False,False,False,False,False,False
12229794,STATE_ARMED,11.8,0.0,0.89,0.0,0.0,0.0,0.045,0.005,0.005,0.05,0.13,0.46,0.79,750.2000122070312,18.0,0.0,0.0,0.45,1,46.501,6.6005,8500.0,450.0,0.0,10,4.5,45.0,84.987001953125,-0.12300000190734864,8500.0,False,False,False,False,False,False,False,False,False,False,False,True,True,True,True,False,True,False,False,False,False,False,False
12230301,STATE_ARMED,11.8,0.0,0.89,0.0,0.0,0.0,0.045,0.005,0.005,0.05,0.13,0.46,0.79,750.2000122070312,18.0,0.0,0.0,0.45,1,46.501,6.6005,8500.0,450.0,0.0,10,4.5,45.0,84.987001953125,-0.12300000190734864,8500.0,False,False,False,False,False,False,False,False,False,False,False,True,True,True,True,False,True,False,False,False,False,False,False
12230812,STATE_ARMED,11.8,0.0,0.89,0.0,0.0,0.0,0.045,0.005,0.005,0.05,0.13,0.46,0.79,750.2000122070312,18.0,0.0,0.0,0.45,1,46.501,6.6005,8500.0,450.0,0.0,10,4.5,45.0,84.987001953125,-0.12300000190734864,8500.0,False,False,False,False,False,False,False,False,False,False,False,True,True,True,True,False,True,False,False,False,False,False,False
12231323,STATE_ARMED,11.8,0.0,0.89,0.0,0.0,0.0,0.045,0.005,0.005,0.05,0.13,0.46,0.79,750.2000122070312,18.0,0.0,0.0,0.45,1,46.501,6.6005,8500.0,450.0,0.0,10,4.5,45.0,84.987001953125,-0.12300000190734864,8500.0,False,False,False,False,False,False,False,False,False,False,False,True,True,True,True,False,True,False,False,False,False,False,False
12231829,STATE_ARMED,11.8,0.0,0.89,0.0,0.0,0.0,0.045,0.005,0.005,0.05,0.13,0.46,0.79,750.2000122070312,18.0,0.0,0.0,0.45,1,46.501,6.6005,8500.0,450.0,0.0,10,4.5,45.0,84.987001953125,-0.12300000190734864,8500.0,False,False,False,False,False,False,False,False,False,False,False,True,True,True,True,False,True,False,False,False,False,False,False
12232339,STATE_ARMED,11.8,0.0,0.89,0.0,0.0,0.0,0.045,0.005,0.005,0.05,0.13,0.46,0.79,750.2000122070312,18.0,0.0,0.0,0.45,1,46.501,6.6005,8500.0,450.0,0.0,10,4.5,45.0,84.987001953125,-0.12300000190734864,8500.0,False,False,False,False,False,False,False,False,False,False,False,True,True,True,True,False,True,False,False,False,False,False,False
12232845,STATE_ARMED,11.8,0.0,0.89,0.0,0.0,0.0,0.045,0.005,0.005,0.05,0.13,0.46,0.79,750.2000122070312,18.0,0.0,0.0,0.45,1,46.501,6.6005,8500.0,450.0,0.0,10,4.5,45.0,84.987001953125,-0.12300000190734864,8500.0,False,False,False,False,False,False,False,False,False,False,False,True,True,True,True,False,True,False,False,False,False,False,False
12233354,STATE_ARMED,11.8,0.0,0.89,0.0,0.0,0.0,0.045,0.005,0.005,0.05,0.13,0.46,0.79,750.2000122070312,18.0,0.0,0.0,0.45,1,46.501,6.6005,8500.0,450.0,0.0,10,4.5,45.0,84.987001953125,-0.12300000190734864,8500.0,False,False,False,False,False,False,False,False,False,False,False,True,True,True,True,False,True,False,False,False,False,False,False
12233864,STATE_ARMED,11.8,0.0,0.89,0.0,0.0,0.0,0.045,0.005,0.005,0.05,0.13,0.46,0.79,750.2000122070312,18.0,0.0,0.0,0.45,1,46.501,6.6005,8500.0,450.0,0.0,10,4.5,45.0,84.987001953125,-0.12300000190734864,8500.0,False,False,False,False,False,False,False,False,False,False,False,True,True,True,True,False,True,False,False,False,False,False,False
12234370,STATE_ARMED,11.8,0.0,0.89,0.0,0.0,0.0,0.045,0.005,0.005,0.05,0.13,0.46,0.79,750.2000122070312,18.0,0.0,0.0,0.45,1,46.501,6.6005,8500.0,450.0,0.0,10,4.5,45.0,84.987001953125,-0.12300000190734864,8500.0,False,False,False,False,False,False,False,False,False,False,False,True,True,True,True,False,True,False,False,False,False,False,False
12234881,STATE_ARMED,11.8,0.0,0.89,0.0,0.0,0.0,0.045,0.005,0.005,0.05,0.13,0.46,0.79,750.2000122070312,18.0,0.0,0.0,0.45,1,46.501,6.6005,8500.0,450.0,0.0,10,4.5,45.0,84.987001953125,-0.12300000190734864,8500.0,False,False,False,False,False,False,False,False,False,False,False,True,True,True,True,False,True,False,False,False,False,False,False
12235389,STATE_ARMED,11.8,0.0,0.89,0.0,0.0,0.0,0.045,0.005,0.005,0.05,0.13,0.46,0.79,750.2000122070312,18.0,0.0,0.0,0.45,1,46.501,6.6005,8500.0,450.0,0.0,10,4.5,45.0,84.987001953125,-0.12300000190734864,8500.0,False,False,False,False,False,False,False,False,False,False,False,True,True,True,True,False,True,False,False,False,False,False,False
12235897,STATE_ARMED,11.8,0.0,0.89,0.0,0.0,0.0,0.045,0.005,0.005,0.05,0.13,0.46,0.79,750.2000122070312,18.0,0.0,0.0,0.45,1,46.501,6.6005,8500.0,450.0,0.0,10,4.5,45.0,84.987001953125,-0.12300000190734864,8500.0,False,False,False,False,False,False,False,False,False,False,False,True,True,True,True,False,True,False,False,False,False,False,False
12236408,STATE_ARMED,11.8,0.0,0.89,0.0,0.0,0.0,0.045,0.005,0.005,0.05,0.13,0.46,0.79,750.2000122070312,18.0,0.0,0.0,0.45,1,46.501,6.6005,8500.0,450.0,0.0,10,4.5,45.0,84.987001953125,-0.12300000190734864,8500.0,False,False,False,False,False,False,False,False,False,False,False,True,True,True,True,False,True,False,False,False,False,False,False
12236919,STATE_ARMED,11.8,0.0,0.89,0.0,0.0,0.0,0.045,0.005,0.005,0.05,0.13,0.46,0.79,750.2000122070312,18.0,0.0,0.0,0.45,1,46.501,6.6005,8500.0,450.0,0.0,10,4.5,45.0,84.987001953125,-0.12300000190734864,8500.0,False,False,False,False,False,False,False,False,False,False,False,True,True,True,True,False,True,False,False,False,False,False,False
12237430,STATE_ARMED,11.8,0.0,0.89,0.0,0.0,0.0,0.045,0.005,0.005,0.05,0.13,0.46,0.79,750.2000122070312,18.0,0.0,0.0,0.45,1,46.501,6.6005,8500.0,450.0,0.0,10,4.5,45.0,84.987001953125,-0.12300000190734864,8500.0,False,False,False,False,False,False,False,False,False,False,False,True,True,True,True,False,True,False,False,False,False,False,False
12237940,STATE_ARMED,11.8,0.0,0.89,0.0,0.0,0.0,0.045,0.005,0.005,0.05,0.13,0.46,0.79,750.2000122070312,18.0,0.0,0.0,0.45,1,46.501,6.6005,8500.0,450.0,0.0,10,4.5,45.0,84.987001953125,-0.12300000190734864,8500.0,False,False,False,False,False,False,False,False,False,False,False,True,True,True,True,False,True,False,False,False,False,False,False
12238451,STATE_ARMED,11.8,0.0,0.89,0.0,0.0,0.0,0.045,0.005,0.005,0.05,0.13,0.46,0.79,750.2000122070312,18.0,0.0,0.0,0.45,1,46.501,6.6005,8500.0,450.0,0.0,10,4.5,45.0,84.987001953125,-0.12300000190734864,8500.0,False,False,False,False,False,False,False,False,False,False,False,True,True,True,True,False,True,False,False,False,False,False,False
12238963,STATE_ARMED,11.8,0.0,0.89,0.0,0.0,0.0,0.045,0.005,0.005,0.05,0.13,0.46,0.79,750.2000122070312,18.0,0.0,0.0,0.45,1,46.501,6.6005,8500.0,450.0,0.0,10,4.5,45.0,84.987001953125,-0.12300000190734864,8500.0,False,False,False,False,False,False,False,False,False,False,False,True,True,True,True,False,True,False,False,False,False,False,False
12239473,STATE_ARMED,11.8,0.0,0.89,0.0,0.0,0.0,0.045,0.005,0.005,0.05,0.13,0.46,0.79,750.2000122070312,18.0,0.0,0.0,0.45,1,46.501,6.6005,8500.0,450.0,0.0,10,4.5,45.0,84.987001953125,-0.12300000190734864,8500.0,False,False,False,False,False,False,False,False,False,False,False,True,True,True,True,False,True,False,False,False,False,False,False
12239984,STATE_ARMED,11.8,0.0,0.89,0.0,0.0,0.0,0.045,0.005,0.005,0.05,0.13,0.46,0.79,750.2000122070312,18.0,0.0,0.0,0.45,1,46.501,6.6005,8500.0,450.0,0.0,10,4.5,45.0,84.987001953125,-0.12300000190734864,8500.0,False,False,False,False,False,False,False,False,False,False,False,True,True,True,True,False,True,False,False,False,False,False,False
12240492,STATE_ARMED,11.8,0.0,0.89,0.0,0.0,0.0,0.045,0.005,0.005,0.05,0.13,0.46,0.79,750.2000122070312,18.0,0.0,0.0,0.45,1,46.501,6.6005,8500.0,450.0,0.0,10,4.5,45.0,84.987001953125,-0.12300000190734864,8500.0,False,False,False,False,False,False,False,False,False,False,False,True,True,True,True,False,True,False,False,False,False,False,False
12241001,STATE_ARMED,11.8,0.0,0.89,0.0,0.0,0.0,0.045,0.005,0.005,0.05,0.13,0.46,0.79,750.2000122070312,18.0,0.0,0.0,0.45,1,46.501,6.6005,8500.0,450.0,0.0,10,4.5,45.0,84.987001953125,-0.12300000190734864,8500.0,False,False,False,False,False,False,False,False,False,False,False,True,True,True,True,False,True,False,False,False,False,False,False
12241512,STATE_ARMED,11.8,0.0,0.89,0.0,0.0,0.0,0.045,0.005,0.005,0.05,0.13,0.46,0.79,750.2000122070312,18.0,0.0,0.0,0.45,1,46.501,6.6005,8500.0,450.0,0.0,10,4.5,45.0,84.987001953125,-0.12300000190734864,8500.0,False,False,False,False,False,False,False,False,False,False,False,True,True,True,True,False,True,False,False,False,False,False,False
12242019,STATE_ARMED,11.8,0.0,0.89,0.0,0.0,0.0,0.045,0.005,0.005,0.05,0.13,0.46,0.79,750.2000122070312,18.0,0.0,0.0,0.45,1,46.501,6.6005,8500.0,450.0,0.0,10,4.5,45.0,84.987001953125,-0.12300000190734864,8500.0,False,False,False,False,False,False,False,False,False,False,False,True,True,True,True,False,True,False,False,False,False,False,False
12242530,STATE_ARMED,11.8,0.0,0.89,0.0,0.0,0.0,0.045,0.005,0.005,0.05,0.13,0.46,0.79,750.2000122070312,18.0,0.0,0.0,0.45,1,46.501,6.6005,8500.0,450.0,0.0,10,4.5,45.0,84.987001953125,-0.12300000190734864,8500.0,False,False,False,False,False,False,False,False,False,False,False,True,True,True,True,False,True,False,False,False,False,False,False
12243040,STATE_ARMED,11.8,0.0,0.89,0.0,0.0,0.0,0.045,0.005,0.005,0.05,0.13,0.46,0.79,750.2000122070312,18.0,0.0,0.0,0.45,1,46.501,6.6005,8500.0,450.0,0.0,10,4.5,45.0,84.987001953125,-0.12300000190734864,8500.0,False,False,False,False,False,False,False,False,False,False,False,True,True,True,True,False,True,False,False,False,False,False,False
12243549,STATE_ARMED,11.8,0.0,0.89,0.0,0.0,0.0,0.045,0.005,0.005,0.05,0.13,0.46,0.79,750.2000122070312,18.0,0.0,0.0,0.45,1,46.501,6.6005,8500.0,450.0,0.0,10,4.5,45.0,84.987001953125,-0.12300000190734864,8500.0,False,False,False,False,False,False,False,False,False,False,False,True,True,True,True,False,True,False,False,False,False,False,False
12244059,STATE_ARMED,11.8,0.0,0.89,0.0,0.0,0.0,0.045,0.005,0.005,0.05,0.13,0.46,0.79,750.2000122070312,18.0,0.0,0.0,0.45,1,46.501,6.6005,8500.0,450.0,0.0,10,4.5,45.0,84.987001953125,-0.12300000190734864,8500.0,False,False,False,False,False,False,False,False,False,False,False,True,True,True,True,False,True,False,False,False,False,False,False
12244569,STATE_ARMED,11.8,0.0,0.89,0.0,0.0,0.0,0.045,0.005,0.005,0.05,0.13,0.46,0.79,750.2000122070312,18.0,0.0,0.0,0.45,1,46.501,6.6005,8500.0,450.0,0.0,10,4.5,45.0,84.987001953125,-0.12300000190734864,8500.0,False,False,False,False,False,False,False,False,False,False,False,True,True,True,True,False,True,False,False,False,False,False,False
12245078,STATE_ARMED,11.8,0.0,0.89,0.0,0.0,0.0,0.045,0.005,0.005,0.05,0.13,0.46,0.79,750.2000122070312,18.0,0.0,0.0,0.45,1,46.501,6.6005,8500.0,450.0,0.0,10,4.5,45.0,84.987001953125,-0.12300000190734864,8500.0,False,False,False,False,False,False,False,False,False,False,False,True,True,True,True,False,True,False,False,False,False,False,False
12245588,STATE_ARMED,11.8,0.0,0.89,0.0,0.0,0.0,0.045,0.005,0.005,0.05,0.13,0.46,0.79,750.2000122070312,18.0,0.0,0.0,0.45,1,46.501,6.6005,8500.0,450.0,0.0,10,4.5,45.0,84.987001953125,-0.12300000190734864,8500.0,False,False,False,False,False,False,False,False,False,False,False,True,True,True,True,False,True,False,False,False,False,False,False
12246099,STATE_ARMED,11.8,0.0,0.89,0.0,0.0,0.0,0.045,0.005,0.005,0.05,0.13,0.46,0.79,750.2000122070312,18.0,0.0,0.0,0.45,1,46.501,6.6005,8500.0,450.0,0.0,10,4.5,45.0,84.987001953125,-0.12300000190734864,8500.0,False,False,False,False,False,False,False,False,False,False,False,True,True,True,True,False,True,False,False,False,False,False,False
12246610,STATE_ARMED,11.8,0.0,0.89,0.0,0.0,0.0,0.045,0.005,0.005,0.05,0.13,0.46,0.79,750.2000122070312,18.0,0.0,0.0,0.45,1,46.501,6.6005,8500.0,450.0,0.0,10,4.5,45.0,84.987001953125,-0.12300000190734864,8500.0,False,False,False,False,False,False,False,False,False,False,False,True,True,True,True,False,True,False,False,False,False,False,False
12247116,STATE_ARMED,11.8,0.0,0.89,0.0,0.0,0.0,0.045,0.005,0.005,0.05,0.13,0.46,0.79,750.2000122070312,18.0,0.0,0.0,0.45,1,46.501,6.6005,8500.0,450.0,0.0,10,4.5,45.0,84.987001953125,-0.12300000190734864,8500.0,False,False,False,False,False,False,False,False,False,False,False,True,True,True,True,False,True,False,False,False,False,False,False
12247628,STATE_ARMED,11.8,0.0,0.89,0.0,0.0,0.0,0.045,0.005,0.005,0.05,0.13,0.46,0.79,750.2000122070312,18.0,0.0,0.0,0.45,1,46.501,6.6005,8500.0,450.0,0.0,10,4.5,45.0,84.987001953125,-0.12300000190734864,8500.0,False,False,False,False,False,False,False,False,False,False,False,True,True,True,True,False,True,False,False,False,False,False,False
12248138,STATE_ARMED,11.8,0.0,0.89,0.0,0.0,0.0,0.045,0.005,0.005,0.05,0.13,0.46,0.79,750.2000122070312,18.0,0.0,0.0,0.45,1,46.501,6.6005,8500.0,450.0,0.0,10,4.5,45.0,84.987001953125,-0.12300000190734864,8500.0,False,False,False,False,False,False,False,False,False,False,False,True,True,True,True,False,True,False,False,False,False,False,False
12248644,STATE_ARMED,11.8,0.0,0.89,0.0,0.0,0.0,0.045,0.005,0.005,0.05,0.13,0.46,0.79,750.2000122070312,18.0,0.0,0.0,0.45,1,46.501,6.6005,8500.0,450.0,0.0,10,4.5,45.0,84.987001953125,-0.12300000190734864,8500.0,False,False,False,False,False,False,False,False,False,False,False,True,True,True,True,False,True,False,False,False,False,False,False
12249155,STATE_ARMED,11.8,0.0,0.89,0.0,0.0,0.0,0.045,0.005,0.005,0.05,0.13,0.46,0.79,750.2000122070312,18.0,0.0,0.0,0.45,1,46.501,6.6005,8500.0,450.0,0.0,10,4.5,45.0,84.987001953125,-0.12300000190734864,8500.0,False,False,False,False,False,False,False,False,False,False,False,True,True,True,True,False,True,False,False,False,False,False,False
12249662,STATE_ARMED,11.8,0.0,0.89,0.0,0.0,0.0,0.045,0.005,0.005,0.05,0.13,0.46,0.79,750.2000122070312,18.0,0.0,0.0,0.45,1,46.501,6.6005,8500.0,450.0,0.0,10,4.5,45.0,84.987001953125,-0.12300000190734864,8500.0,False,False,False,False,False,False,False,False,False,False,False,True,True,True,True,False,True,False,False,False,False,False,False
12250170,STATE_ARMED,11.8,0.0,0.89,0.0,0.0,0.0,0.045,0.005,0.005,0.05,0.13,0.46,0.79,750.2000122070312,18.0,0.0,0.0,0.45,1,46.501,6.6005,8500.0,450.0,0.0,10,4.5,45.0,84.987001953125,-0.12300000190734864,8500.0,False,False,False,False,False,False,False,False,False,False,False,True,True,True,True,False,True,False,False,False,False,False,False
12250680,STATE_ARMED,11.8,0.0,0.89,0.0,0.0,0.0,0.045,0.005,0.005,0.05,0.13,0.46,0.79,750.2000122070312,18.0,0.0,0.0,0.45,1,46.501,6.6005,8500.0,450.0,0.0,10,4.5,45.0,84.987001953125,-0.12300000190734864,8500.0,False,False,False,False,False,False,False,False,False,False,False,True,True,True,True,False,True,False,False,False,False,False,False
12251189,STATE_ARMED,11.8,0.0,0.89,0.0,0.0,0.0,0.045,0.005,0.005,0.05,0.13,0.46,0.79,750.2000122070312,18.0,0.0,0.0,0.45,1,46.501,6.6005,8500.0,450.0,0.0,10,4.5,45.0,84.987001953125,-0.12300000190734864,8500.0,False,False,False,False,False,False,False,False,False,False,False,True,True,True,True,False,True,False,False,False,False,False,False
12251701,STATE_ARMED,11.8,0.0,0.89,0.0,0.0,0.0,0.045,0.005,0.005,0.05,0.13,0.46,0.79,750.2000122070312,18.0,0.0,0.0,0.45,1,46.501,6.6005,8500.0,450.0,0.0,10,4.5,45.0,84.987001953125,-0.12300000190734864,8500.0,False,False,False,False,False,False,False,False,False,False,False,True,True,True,True,False,True,False,False,False,False,False,False
12252208,STATE_ARMED,11.8,0.0,0.89,0.0,0.0,0.0,0.045,0.005,0.005,0.05,0.13,0.46,0.79,750.2000122070312,18.0,0.0,0.0,0.45,1,46.501,6.6005,8500.0,450.0,0.0,10,4.5,45.0,84.987001953125,-0.12300000190734864,8500.0,False,False,False,False,False,False,False,False,False,False,False,True,True,True,True,False,True,False,False,False,False,False,False
12252719,STATE_ARMED,11.8,0.0,0.89,0.0,0.0,0.0,0.045,0.005,0.005,0.05,0.13,0.46,0.79,750.2000122070312,18.0,0.0,0.0,0.45,1,46.501,6.6005,8500.0,450.0,0.0,10,4.5,45.0,84.987001953125,-0.12300000190734864,8500.0,False,False,False,False,False,False,False,False,False,False,False,True,True,True,True,False,True,False,False,False,False,False,False
12253229,STATE_ARMED,11.8,0.0,0.89,0.0,0.0,0.0,0.045,0.005,0.005,0.05,0.13,0.46,0.79,750.2000122070312,18.0,0.0,0.0,0.45,1,46.501,6.6005,8500.0,450.0,0.0,10,4.5,45.0,84.987001953125,-0.12300000190734864,8500.0,False,False,False,False,False,False,False,False,False,False,False,True,True,True,True,False,True,False,False,False,False,False,False
12253739,STATE_ARMED,11.8,0.0,0.89,0.0,0.0,0.0,0.045,0.005,0.005,0.05,0.13,0.46,0.79,750.2000122070312,18.0,0.0,0.0,0.45,1,46.501,6.6005,8500.0,450.0,0.0,10,4.5,45.0,84.987001953125,-0.12300000190734864,8500.0,False,False,False,False,False,False,False,False,False,False,False,True,True,True,True,False,True,False,False,False,False,False,False
12254243,STATE_ARMED,11.8,0.0,0.89,0.0,0.0,0.0,0.045,0.005,0.005,0.05,0.13,0.46,0.79,750.2000122070312,18.0,0.0,0.0,0.45,1,46.501,6.6005,8500.0,450.0,0.0,10,4.5,45.0,84.987001953125,-0.12300000190734864,8500.0,False,False,False,False,False,False,False,False,False,False,False,True,True,True,True,False,True,False,False,False,False,False,False
12254754,STATE_ARMED,11.8,0.0,0.89,0.0,0.0,0.0,0.045,0.005,0.005,0.05,0.13,0.46,0.79,750.2000122070312,18.0,0.0,0.0,0.45,1,46.501,6.6005,8500.0,450.0,0.0,10,4.5,45.0,84.987001953125,-0.12300000190734864,8500.0,False,False,False,False,False,False,False,False,False,False,False,True,True,True,True,False,True,False,False,False,False,False,False
12255260,STATE_ARMED,11.8,0.0,0.89,0.0,0.0,0.0,0.045,0.005,0.005,0.05,0.13,0.46,0.79,750.2000122070312,18.0,0.0,0.0,0.45,1,46.501,6.6005,8500.0,450.0,0.0,10,4.5,45.0,84.987001953125,-0.12300000190734864,8500.0,False,False,False,False,False,False,False,False,False,False,False,True,True,True,True,False,True,False,False,False,False,False,False
12255772,STATE_ARMED,11.8,0.0,0.89,0.0,0.0,0.0,0.045,0.005,0.005,0.05,0.13,0.46,0.79,750.2000122070312,18.0,0.0,0.0,0.45,1,46.501,6.6005,8500.0,450.0,0.0,10,4.5,45.0,84.987001953125,-0.12300000190734864,8500.0,False,False,False,False,False,False,False,False,False,False,False,True,True,True,True,False,True,False,False,False,False,False,False
12256282,STATE_ARMED,11.8,0.0,0.89,0.0,0.0,0.0,0.045,0.005,0.005,0.05,0.13,0.46,0.79,750.2000122070312,18.0,0.0,0.0,0.45,1,46.501,6.6005,8500.0,450.0,0.0,10,4.5,45.0,84.987001953125,-0.12300000190734864,8500.0,False,False,False,False,False,False,False,False,False,False,False,True,True,True,True,False,True,False,False,False,False,False,False
12256789,STATE_ARMED,11.8,0.0,0.89,0.0,0.0,0.0,0.045,0.005,0.005,0.05,0.13,0.46,0.79,750.2000122070312,18.0,0.0,0.0,0.45,1,46.501,6.6005,8500.0,450.0,0.0,10,4.5,45.0,84.987001953125,-0.12300000190734864,8500.0,False,False,False,False,False,False,False,False,False,False,False,True,True,True,True,False,True,False,False,False,False,False,False
12257300,STATE_ARMED,11.8,0.0,0.89,0.0,0.0,0.0,0.045,0.005,0.005,0.05,0.13,0.46,0.79,750.2000122070312,18.0,0.0,0.0,0.45,1,46.501,6.6005,8500.0,450.0,0.0,10,4.5,45.0,84.987001953125,-0.12300000190734864,8500.0,False,False,False,False,False,False,False,False,False,False,False,True,True,True,True,False,True,False,False,False,False,False,False
12257810,STATE_ARMED,11.8,0.0,0.89,0.0,0.0,0.0,0.045,0.005,0.005,0.05,0.13,0.46,0.79,750.2000122070312,18.0,0.0,0.0,0.45,1,46.501,6.6005,8500.0,450.0,0.0,10,4.5,45.0,84.987001953125,-0.12300000190734864,8500.0,False,False,False,False,False,False,False,False,False,False,False,True,True,True,True,False,True,False,False,False,False,False,False
12258317,STATE_ARMED,11.8,0.0,0.89,0.0,0.0,0.0,0.045,0.005,0.005,0.05,0.13,0.46,0.79,750.2000122070312,18.0,0.0,0.0,0.45,1,46.501,6.6005,8500.0,450.0,0.0,10,4.5,45.0,84.987001953125,-0.12300000190734864,8500.0,False,False,False,False,False,False,False,False,False,False,False,True,True,True,True,False,True,False,False,False,False,False,False
12258825,STATE_ARMED,11.8,0.0,0.89,0.0,0.0,0.0,0.045,0.005,0.005,0.05,0.13,0.46,0.79,750.2000122070312,18.0,0.0,0.0,0.45,1,46.501,6.6005,8500.0,450.0,0.0,10,4.5,45.0,84.987001953125,-0.12300000190734864,8500.0,False,False,False,False,False,False,False,False,False,False,False,True,True,True,True,False,True,False,False,False,False,False,False
12259336,STATE_ARMED,11.8,0.0,0.89,0.0,0.0,0.0,0.045,0.005,0.005,0.05,0.13,0.46,0.79,750.2000122070312,18.0,0.0,0.0,0.45,1,46.501,6.6005,8500.0,450.0,0.0,10,4.5,45.0,84.987001953125,-0.12300000190734864,8500.0,False,False,False,False,False,False,False,False,False,False,False,True,True,True,True,False,True,False,False,False,False,False,False
12259847,STATE_ARMED,11.8,0.0,0.89,0.0,0.0,0.0,0.045,0.005,0.005,0.05,0.13,0.46,0.79,750.2000122070312,18.0,0.0,0.0,0.45,1,46.501,6.6005,8500.0,450.0,0.0,10,4.5,45.0,84.987001953125,-0.12300000190734864,8500.0,False,False,False,False,False,False,False,False,False,False,False,True,True,True,True,False,True,False,False,False,False,False,False
12260358,STATE_ARMED,11.8,0.0,0.89,0.0,0.0,0.0,0.045,0.005,0.005,0.05,0.13,0.46,0.79,750.2000122070312,18.0,0.0,0.0,0.45,1,46.501,6.6005,8500.0,450.0,0.0,10,4.5,45.0,84.987001953125,-0.12300000190734864,8500.0,False,False,False,False,False,False,False,False,False,False,False,True,True,True,True,False,True,False,False,False,False,False,False
12260867,STATE_ARMED,11.8,0.0,0.89,0.0,0.0,0.0,0.045,0.005,0.005,0.05,0.13,0.46,0.79,750.2000122070312,18.0,0.0,0.0,0.45,1,46.501,6.6005,8500.0,450.0,0.0,10,4.5,45.0,84.987001953125,-0.12300000190734864,8500.0,False,False,False,False,False,False,False,False,False,False,False,True,True,True,True,False,True,False,False,False,False,False,False
12261371,STATE_ARMED,11.8,0.0,0.89,0.0,0.0,0.0,0.045,0.005,0.005,0.05,0.13,0.46,0.79,750.2000122070312,18.0,0.0,0.0,0.45,1,46.501,6.6005,8500.0,450.0,0.0,10,4.5,45.0,84.987001953125,-0.12300000190734864,8500.0,False,False,False,False,False,False,False,False,False,False,False,True,True,True,True,False,True,False,False,False,False,False,False
12261878,STATE_ARMED,11.8,0.0,0.89,0.0,0.0,0.0,0.045,0.005,0.005,0.05,0.13,0.46,0.79,750.2000122070312,18.0,0.0,0.0,0.45,1,46.501,6.6005,8500.0,450.0,0.0,10,4.5,45.0,84.987001953125,-0.12300000190734864,8500.0,False,False,False,False,False,False,False,False,False,False,False,True,True,True,True,False,True,False,False,False,False,False,False
12262387,STATE_ARMED,11.8,0.0,0.89,0.0,0.0,0.0,0.045,0.005,0.005,0.05,0.13,0.46,0.79,750.2000122070312,18.0,0.0,0.0,0.45,1,46.501,6.6005,8500.0,450.0,0.0,10,4.5,45.0,84.987001953125,-0.12300000190734864,8500.0,False,False,False,False,False,False,False,False,False,False,False,True,True,True,True,False,True,False,False,False,False,False,False
12262898,STATE_ARMED,11.8,0.0,0.89,0.0,0.0,0.0,0.045,0.005,0.005,0.05,0.13,0.46,0.79,750.2000122070312,18.0,0.0,0.0,0.45,1,46.501,6.6005,8500.0,450.0,0.0,10,4.5,45.0,84.987001953125,-0.12300000190734864,8500.0,False,False,False,False,False,False,False,False,False,False,False,True,True,True,True,False,True,False,False,False,False,False,False
12263406,STATE_ARMED,11.8,0.0,0.89,0.0,0.0,0.0,0.045,0.005,0.005,0.05,0.13,0.46,0.79,750.2000122070312,18.0,0.0,0.0,0.45,1,46.501,6.6005,8500.0,450.0,0.0,10,4.5,45.0,84.987001953125,-0.12300000190734864,8500.0,False,False,False,False,False,False,False,False,False,False,False,True,True,True,True,False,True,False,False,False,False,False,False
12263917,STATE_ARMED,11.8,0.0,0.89,0.0,0.0,0.0,0.045,0.005,0.005,0.05,0.13,0.46,0.79,750.2000122070312,18.0,0.0,0.0,0.45,1,46.501,6.6005,8500.0,450.0,0.0,10,4.5,45.0,84.987001953125,-0.12300000190734864,8500.0,False,False,False,False,False,False,False,False,False,False,False,True,True,True,True,False,True,False,False,False,False,False,False
12264428,STATE_ARMED,11.8,0.0,0.89,0.0,0.0,0.0,0.045,0.005,0.005,0.05,0.13,0.46,0.79,750.2000122070312,18.0,0.0,0.0,0.45,1,46.501,6.6005,8500.0,450.0,0.0,10,4.5,45.0,84.987001953125,-0.12300000190734864,8500.0,False,False,False,False,False,False,False,False,False,False,False,True,True,True,True,False,True,False,False,False,False,False,False
12264936,STATE_ARMED,11.8,0.0,0.89,0.0,0.0,0.0,0.045,0.005,0.005,0.05,0.13,0.46,0.79,750.2000122070312,18.0,0.0,0.0,0.45,1,46.501,6.6005,8500.0,450.0,0.0,10,4.5,45.0,84.987001953125,-0.12300000190734864,8500.0,False,False,False,False,False,False,False,False,False,False,False,True,True,True,True,False,True,False,False,False,False,False,False
12265442,STATE_ARMED,11.8,0.0,0.89,0.0,0.0,0.0,0.045,0.005,0.005,0.05,0.13,0.46,0.79,750.2000122070312,18.0,0.0,0.0,0.45,1,46.501,6.6005,8500.0,450.0,0.0,10,4.5,45.0,84.987001953125,-0.12300000190734864,8500.0,False,False,False,False,False,False,False,False,False,False,False,True,True,True,True,False,True,False,False,False,False,False,False
12265947,STATE_ARMED,11.8,0.0,0.89,0.0,0.0,0.0,0.045,0.005,0.005,0.05,0.13,0.46,0.79,750.2000122070312,18.0,0.0,0.0,0.45,1,46.501,6.6005,8500.0,450.0,0.0,10,4.5,45.0,84.987001953125,-0.12300000190734864,8500.0,False,False,False,False,False,False,False,False,False,False,False,True,True,True,True,False,True,False,False,False,False,False,False
12266450,STATE_ARMED,11.8,0.0,0.89,0.0,0.0,0.0,0.045,0.005,0.005,0.05,0.13,0.46,0.79,750.2000122070312,18.0,0.0,0.0,0.45,1,46.501,6.6005,8500.0,450.0,0.0,10,4.5,45.0,84.987001953125,-0.12300000190734864,8500.0,False,False,False,False,False,False,False,False,False,False,False,True,True,True,True,False,True,False,False,False,False,False,False
12266960,STATE_ARMED,11.8,0.0,0.89,0.0,0.0,0.0,0.045,0.005,0.005,0.05,0.13,0.46,0.79,750.2000122070312,18.0,0.0,0.0,0.45,1,46.501,6.6005,8500.0,450.0,0.0,10,4.5,45.0,84.987001953125,-0.12300000190734864,8500.0,False,False,False,False,False,False,False,False,False,False,False,True,True,True,True,False,True,False,False,False,False,False,False
12267470,STATE_ARMED,11.8,0.0,0.89,0.0,0.0,0.0,0.045,0.005,0.005,0.05,0.13,0.46,0.79,750.2000122070312,18.0,0.0,0.0,0.45,1,46.501,6.6005,8500.0,450.0,0.0,10,4.5,45.0,84.987001953125,-0.12300000190734864,8500.0,False,False,False,False,False,False,False,False,False,False,False,True,True,True,True,False,True,False,False,False,False,False,False
12267981,STATE_ARMED,11.8,0.0,0.89,0.0,0.0,0.0,0.045,0.005,0.005,0.05,0.13,0.46,0.79,750.2000122070312,18.0,0.0,0.0,0.45,1,46.501,6.6005,8500.0,450.0,0.0,10,4.5,45.0,84.987001953125,-0.12300000190734864,8500.0,False,False,False,False,False,False,False,False,False,False,False,True,True,True,True,False,True,False,False,False,False,False,False
12268488,STATE_ARMED,11.8,0.0,0.89,0.0,0.0,0.0,0.045,0.005,0.005,0.05,0.13,0.46,0.79,750.2000122070312,18.0,0.0,0.0,0.45,1,46.501,6.6005,8500.0,450.0,0.0,10,4.5,45.0,84.987001953125,-0.12300000190734864,8500.0,False,False,False,False,False,False,False,False,False,False,False,True,True,True,True,False,True,False,False,False,False,False,False
12269000,STATE_ARMED,11.8,0.0,0.89,0.0,0.0,0.0,0.045,0.005,0.005,0.05,0.13,0.46,0.79,750.2000122070312,18.0,0.0,0.0,0.45,1,46.501,6.6005,8500.0,450.0,0.0,10,4.5,45.0,84.987001953125,-0.12300000190734864,8500.0,False,False,False,False,False,False,False,False,False,False,False,True,True,True,True,False,True,False,False,False,False,False,False
12269508,STATE_ARMED,11.8,0.0,0.89,0.0,0.0,0.0,0.045,0.005,0.005,0.05,0.13,0.46,0.79,750.2000122070312,18.0,0.0,0.0,0.45,1,46.501,6.6005,8500.0,450.0,0.0,10,4.5,45.0,84.987001953125,-0.12300000190734864,8500.0,False,False,False,False,False,False,False,False,False,False,False,True,True,True,True,False,True,False,False,False,False,False,False
12270018,STATE_ARMED,11.8,0.0,0.89,0.0,0.0,0.0,0.045,0.005,0.005,0.05,0.13,0.46,0.79,750.2000122070312,18.0,0.0,0.0,0.45,1,46.501,6.6005,8500.0,450.0,0.0,10,4.5,45.0,84.987001953125,-0.12300000190734864,8500.0,False,False,False,False,False,False,False,False,False,False,False,True,True,True,True,False,True,False,False,False,False,False,False
12270529,STATE_ARMED,11.8,0.0,0.89,0.0,0.0,0.0,0.045,0.005,0.005,0.05,0.13,0.46,0.79,750.2000122070312,18.0,0.0,0.0,0.45,1,46.501,6.6005,8500.0,450.0,0.0,10,4.5,45.0,84.987001953125,-0.12300000190734864,8500.0,False,False,False,False,False,False,False,False,False,False,False,True,True,True,True,False,True,False,False,False,False,False,False
12271037,STATE_ARMED,11.8,0.0,0.89,0.0,0.0,0.0,0.045,0.005,0.005,0.05,0.13,0.46,0.79,750.2000122070312,18.0,0.0,0.0,0.45,1,46.501,6.6005,8500.0,450.0,0.0,10,4.5,45.0,84.987001953125,-0.12300000190734864,8500.0,False,False,False,False,False,False,False,False,False,False,False,True,True,True,True,False,True,False,False,False,False,False,False
12271548,STATE_ARMED,11.8,0.0,0.89,0.0,0.0,0.0,0.045,0.005,0.005,0.05,0.13,0.46,0.79,750.2000122070312,18.0,0.0,0.0,0.45,1,46.501,6.6005,8500.0,450.0,0.0,10,4.5,45.0,84.987001953125,-0.12300000190734864,8500.0,False,False,False,False,False,False,False,False,False,False,False,True,True,True,True,False,True,False,False,False,False,False,False
12272058,STATE_ARMED,11.8,0.0,0.89,0.0,0.0,0.0,0.045,0.005,0.005,0.05,0.13,0.46,0.79,750.2000122070312,18.0,0.0,0.0,0.45,1,46.501,6.6005,8500.0,450.0,0.0,10,4.5,45.0,84.987001953125,-0.12300000190734864,8500.0,False,False,False,False,False,False,False,False,False,False,False,True,True,True,True,False,True,False,False,False,False,False,False
12272566,STATE_ARMED,11.8,0.0,0.89,0.0,0.0,0.0,0.045,0.005,0.005,0.05,0.13,0.46,0.79,750.2000122070312,18.0,0.0,0.0,0.45,1,46.501,6.6005,8500.0,450.0,0.0,10,4.5,45.0,84.987001953125,-0.12300000190734864,8500.0,False,False,False,False,False,False,False,False,False,False,False,True,True,True,True,False,True,False,False,False,False,False,False
12273077,STATE_ARMED,11.8,0.0,0.89,0.0,0.0,0.0,0.045,0.005,0.005,0.05,0.13,0.46,0.79,750.2000122070312,18.0,0.0,0.0,0.45,1,46.501,6.6005,8500.0,450.0,0.0,10,4.5,45.0,84.987001953125,-0.12300000190734864,8500.0,False,False,False,False,False,False,False,False,False,False,False,True,True,True,True,False,True,False,False,False,False,False,False
12273587,STATE_ARMED,11.8,0.0,0.89,0.0,0.0,0.0,0.045,0.005,0.005,0.05,0.13,0.46,0.79,750.2000122070312,18.0,0.0,0.0,0.45,1,46.501,6.6005,8500.0,450.0,0.0,10,4.5,45.0,84.987001953125,-0.12300000190734864,8500.0,False,False,False,False,False,False,False,False,False,False,False,True,True,True,True,False,True,False,False,False,False,False,False
12274093,STATE_ARMED,11.8,0.0,0.89,0.0,0.0,0.0,0.045,0.005,0.005,0.05,0.13,0.46,0.79,750.2000122070312,18.0,0.0,0.0,0.45,1,46.501,6.6005,8500.0,450.0,0.0,10,4.5,45.0,84.987001953125,-0.12300000190734864,8500.0,False,False,False,False,False,False,False,False,False,False,False,True,True,True,True,False,True,False,False,False,False,False,False
12274600,STATE_ARMED,11.8,0.0,0.89,0.0,0.0,0.0,0.045,0.005,0.005,0.05,0.13,0.46,0.79,750.2000122070312,18.0,0.0,0.0,0.45,1,46.501,6.6005,8500.0,450.0,0.0,10,4.5,45.0,84.987001953125,-0.12300000190734864,8500.0,False,False,False,False,False,False,False,False,False,False,False,True,True,True,True,False,True,False,False,False,False,False,False
12275109,STATE_ARMED,11.8,0.0,0.89,0.0,0.0,0.0,0.045,0.005,0.005,0.05,0.13,0.46,0.79,750.2000122070312,18.0,0.0,0.0,0.45,1,46.501,6.6005,8500.0,450.0,0.0,10,4.5,45.0,84.987001953125,-0.12300000190734864,8500.0,False,False,False,False,False,False,False,False,False,False,False,True,True,True,True,False,True,False,False,False,False,False,False
12275620,STATE_ARMED,11.8,0.0,0.89,0.0,0.0,0.0,0.045,0.005,0.005,0.05,0.13,0.46,0.79,750.2000122070312,18.0,0.0,0.0,0.45,1,46.501,6.6005,8500.0,450.0,0.0,10,4.5,45.0,84.987001953125,-0.12300000190734864,8500.0,False,False,False,False,False,False,False,False,False,False,False,True,True,True,True,False,True,False,False,False,False,False,False
12276131,STATE_ARMED,11.8,0.0,0.89,0.0,0.0,0.0,0.045,0.005,0.005,0.05,0.13,0.46,0.79,750.2000122070312,18.0,0.0,0.0,0.45,1,46.501,6.6005,8500.0,450.0,0.0,10,4.5,45.0,84.987001953125,-0.12300000190734864,8500.0,False,False,False,False,False,False,False,False,False,False,False,True,True,True,True,False,True,False,False,False,False,False,False
12276640,STATE_ARMED,11.8,0.0,0.89,0.0,0.0,0.0,0.045,0.005,0.005,0.05,0.13,0.46,0.79,750.2000122070312,18.0,0.0,0.0,0.45,1,46.501,6.6005,8500.0,450.0,0.0,10,4.5,45.0,84.987001953125,-0.12300000190734864,8500.0,False,False,False,False,False,False,False,False,False,False,False,True,True,True,True,False,True,False,False,False,False,False,False
12277150,STATE_ARMED,11.8,0.0,0.89,0.0,0.0,0.0,0.045,0.005,0.005,0.05,0.13,0.46,0.79,750.2000122070312,18.0,0.0,0.0,0.45,1,46.501,6.6005,8500.0,450.0,0.0,10,4.5,45.0,84.987001953125,-0.12300000190734864,8500.0,False,False,False,False,False,False,False,False,False,False,False,True,True,True,True,False,True,False,False,False,False,False,False
12277656,STATE_ARMED,11.8,0.0,0.89,0.0,0.0,0.0,0.045,0.005,0.005,0.05,0.13,0.46,0.79,750.2000122070312,18.0,0.0,0.0,0.45,1,46.501,6.6005,8500.0,450.0,0.0,10,4.5,45.0,84.987001953125,-0.12300000190734864,8500.0,False,False,False,False,False,False,False,False,False,False,False,True,True,True,True,False,True,False,False,False,False,False,False
12278164,STATE_ARMED,11.8,0.0,0.89,0.0,0.0,0.0,0.045,0.005,0.005,0.05,0.13,0.46,0.79,750.2000122070312,18.0,0.0,0.0,0.45,1,46.501,6.6005,8500.0,450.0,0.0,10,4.5,45.0,84.987001953125,-0.12300000190734864,8500.0,False,False,False,False,False,False,False,False,False,False,False,True,True,True,True,False,True,False,False,False,False,False,False
12278673,STATE_ARMED,11.8,0.0,0.89,0.0,0.0,0.0,0.045,0.005,0.005,0.05,0.13,0.46,0.79,750.2000122070312,18.0,0.0,0.0,0.45,1,46.501,6.6005,8500.0,450.0,0.0,10,4.5,45.0,84.987001953125,-0.12300000190734864,8500.0,False,False,False,False,False,False,False,False,False,False,False,True,True,True,True,False,True,False,False,False,False,False,False
12279182,STATE_ARMED,11.8,0.0,0.89,0.0,0.0,0.0,0.045,0.005,0.005,0.05,0.13,0.46,0.79,750.2000122070312,18.0,0.0,0.0,0.45,1,46.501,6.6005,8500.0,450.0,0.0,10,4.5,45.0,84.987001953125,-0.12300000190734864,8500.0,False,False,False,False,False,False,False,False,False,False,False,True,True,True,True,False,True,False,False,False,False,False,False
12279688,STATE_ARMED,11.8,0.0,0.89,0.0,0.0,0.0,0.045,0.005,0.005,0.05,0.13,0.46,0.79,750.2000122070312,18.0,0.0,0.0,0.45,1,46.501,6.6005,8500.0,450.0,0.0,10,4.5,45.0,84.987001953125,-0.12300000190734864,8500.0,False,False,False,False,False,False,False,False,False,False,False,True,True,True,True,False,True,False,False,False,False,False,False
12280194,STATE_ARMED,11.8,0.0,0.89,0.0,0.0,0.0,0.045,0.005,0.005,0.05,0.13,0.46,0.79,750.2000122070312,18.0,0.0,0.0,0.45,1,46.501,6.6005,8500.0,450.0,0.0,10,4.5,45.0,84.987001953125,-0.12300000190734864,8500.0,False,False,False,False,False,False,False,False,False,False,False,True,True,True,True,False,True,False,False,False,False,False,False
12280705,STATE_ARMED,11.8,0.0,0.89,0.0,0.0,0.0,0.045,0.005,0.005,0.05,0.13,0.46,0.79,750.2000122070312,18.0,0.0,0.0,0.45,1,46.501,6.6005,8500.0,450.0,0.0,10,4.5,45.0,84.987001953125,-0.12300000190734864,8500.0,False,False,False,False,False,False,False,False,False,False,False,True,True,True,True,False,True,False,False,False,False,False,False
12281216,STATE_ARMED,11.8,0.0,0.89,0.0,0.0,0.0,0.045,0.005,0.005,0.05,0.13,0.46,0.79,750.2000122070312,18.0,0.0,0.0,0.45,1,46.501,6.6005,8500.0,450.0,0.0,10,4.5,45.0,84.987001953125,-0.12300000190734864,8500.0,False,False,False,False,False,False,False,False,False,False,False,True,True,True,True,False,True,False,False,False,False,False,False
12281721,STATE_ARMED,11.8,0.0,0.89,0.0,0.0,0.0,0.045,0.005,0.005,0.05,0.13,0.46,0.79,750.2000122070312,18.0,0.0,0.0,0.45,1,46.501,6.6005,8500.0,450.0,0.0,10,4.5,45.0,84.987001953125,-0.12300000190734864,8500.0,False,False,False,False,False,False,False,False,False,False,False,True,True,True,True,False,True,False,False,False,False,False,False
12282231,STATE_ARMED,11.8,0.0,0.89,0.0,0.0,0.0,0.045,0.005,0.005,0.05,0.13,0.46,0.79,750.2000122070312,18.0,0.0,0.0,0.45,1,46.501,6.6005,8500.0,450.0,0.0,10,4.5,45.0,84.987001953125,-0.12300000190734864,8500.0,False,False,False,False,False,False,False,False,False,False,False,True,True,True,True,False,True,False,False,False,False,False,False
12282739,STATE_ARMED,11.8,0.0,0.89,0.0,0.0,0.0,0.045,0.005,0.005,0.05,0.13,0.46,0.79,750.2000122070312,18.0,0.0,0.0,0.45,1,46.501,6.6005,8500.0,450.0,0.0,10,4.5,45.0,84.987001953125,-0.12300000190734864,8500.0,False,False,False,False,False,False,False,False,False,False,False,True,True,True,True,False,True,False,False,False,False,False,False
12283246,STATE_ARMED,11.8,0.0,0.89,0.0,0.0,0.0,0.045,0.005,0.005,0.05,0.13,0.46,0.79,750.2000122070312,18.0,0.0,0.0,0.45,1,46.501,6.6005,8500.0,450.0,0.0,10,4.5,45.0,84.987001953125,-0.12300000190734864,8500.0,False,False,False,False,False,False,False,False,False,False,False,True,True,True,True,False,True,False,False,False,False,False,False
12283754,STATE_ARMED,11.8,0.0,0.89,0.0,0.0,0.0,0.045,0.005,0.005,0.05,0.13,0.46,0.79,750.2000122070312,18.0,0.0,0.0,0.45,1,46.501,6.6005,8500.0,450.0,0.0,10,4.5,45.0,84.987001953125,-0.12300000190734864,8500.0,False,False,False,False,False,False,False,False,False,False,False,True,True,True,True,False,True,False,False,False,False,False,False
12284264,STATE_ARMED,11.8,0.0,0.89,0.0,0.0,0.0,0.045,0.005,0.005,0.05,0.13,0.46,0.79,750.2000122070312,18.0,0.0,0.0,0.45,1,46.501,6.6005,8500.0,450.0,0.0,10,4.5,45.0,84.987001953125,-0.12300000190734864,8500.0,False,False,False,False,False,False,False,False,False,False,False,True,True,True,True,False,True,False,False,False,False,False,False
12284770,STATE_ARMED,11.8,0.0,0.89,0.0,0.0,0.0,0.045,0.005,0.005,0.05,0.13,0.46,0.79,750.2000122070312,18.0,0.0,0.0,0.45,1,46.501,6.6005,8500.0,450.0,0.0,10,4.5,45.0,84.987001953125,-0.12300000190734864,8500.0,False,False,False,False,False,False,False,False,False,False,False,True,True,True,True,False,True,False,False,False,False,False,False
12285275,STATE_ARMED,11.8,0.0,0.89,0.0,0.0,0.0,0.045,0.005,0.005,0.05,0.13,0.46,0.79,750.2000122070312,18.0,0.0,0.0,0.45,1,46.501,6.6005,8500.0,450.0,0.0,10,4.5,45.0,84.987001953125,-0.12300000190734864,8500.0,False,False,False,False,False,False,False,False,False,False,False,True,True,True,True,False,True,False,False,False,False,False,False
12285784,STATE_ARMED,11.8,0.0,0.89,0.0,0.0,0.0,0.045,0.005,0.005,0.05,0.13,0.46,0.79,750.2000122070312,18.0,0.0,0.0,0.45,1,46.501,6.6005,8500.0,450.0,0.0,10,4.5,45.0,84.987001953125,-0.12300000190734864,8500.0,False,False,False,False,False,False,False,False,False,False,False,True,True,True,True,False,True,False,False,False,False,False,False
12286294,STATE_ARMED,11.8,0.0,0.89,0.0,0.0,0.0,0.045,0.005,0.005,0.05,0.13,0.46,0.79,750.2000122070312,18.0,0.0,0.0,0.45,1,46.501,6.6005,8500.0,450.0,0.0,10,4.5,45.0,84.987001953125,-0.12300000190734864,8500.0,False,False,False,False,False,False,False,False,False,False,False,True,True,True,True,False,True,False,False,False,False,False,False
12286800,STATE_ARMED,11.8,0.0,0.89,0.0,0.0,0.0,0.045,0.005,0.005,0.05,0.13,0.46,0.79,750.2000122070312,18.0,0.0,0.0,0.45,1,46.501,6.6005,8500.0,450.0,0.0,10,4.5,45.0,84.987001953125,-0.12300000190734864,8500.0,False,False,False,False,False,False,False,False,False,False,False,True,True,True,True,False,True,False,False,False,False,False,False
12287308,STATE_ARMED,11.8,0.0,0.89,0.0,0.0,0.0,0.045,0.005,0.005,0.05,0.13,0.46,0.79,750.2000122070312,18.0,0.0,0.0,0.45,1,46.501,6.6005,8500.0,450.0,0.0,10,4.5,45.0,84.987001953125,-0.12300000190734864,8500.0,False,False,False,False,False,False,False,False,False,False,False,True,True,True,True,False,True,False,False,False,False,False,False
12287814,STATE_ARMED,11.8,0.0,0.89,0.0,0.0,0.0,0.045,0.005,0.005,0.05,0.13,0.46,0.79,750.2000122070312,18.0,0.0,0.0,0.45,1,46.501,6.6005,8500.0,450.0,0.0,10,4.5,45.0,84.987001953125,-0.12300000190734864,8500.0,False,False,False,False,False,False,False,False,False,False,False,True,True,True,True,False,True,False,False,False,False,False,False
12288318,STATE_ARMED,11.8,0.0,0.89,0.0,0.0,0.0,0.045,0.005,0.005,0.05,0.13,0.46,0.79,750.2000122070312,18.0,0.0,0.0,0.45,1,46.501,6.6005,8500.0,450.0,0.0,10,4.5,45.0,84.987001953125,-0.12300000190734864,8500.0,False,False,False,False,False,False,False,False,False,False,False,True,True,True,True,False,True,False,False,False,False,False,False
12288824,STATE_ARMED,11.8,0.0,0.89,0.0,0.0,0.0,0.045,0.005,0.005,0.05,0.13,0.46,0.79,750.2000122070312,18.0,0.0,0.0,0.45,1,46.501,6.6005,8500.0,450.0,0.0,10,4.5,45.0,84.987001953125,-0.12300000190734864,8500.0,False,False,False,False,False,False,False,False,False,False,False,True,True,True,True,False,True,False,False,False,False,False,False
12289334,STATE_ARMED,11.8,0.0,0.89,0.0,0.0,0.0,0.045,0.005,0.005,0.05,0.13,0.46,0.79,750.2000122070312,18.0,0.0,0.0,0.45,1,46.501,6.6005,8500.0,450.0,0.0,10,4.5,45.0,84.987001953125,-0.12300000190734864,8500.0,False,False,False,False,False,False,False,False,False,False,False,True,True,True,True,False,True,False,False,False,False,False,False
12289844,STATE_ARMED,11.8,0.0,0.89,0.0,0.0,0.0,0.045,0.005,0.005,0.05,0.13,0.46,0.79,750.2000122070312,18.0,0.0,0.0,0.45,1,46.501,6.6005,8500.0,450.0,0.0,10,4.5,45.0,84.987001953125,-0.12300000190734864,8500.0,False,False,False,False,False,False,False,False,False,False,False,True,True,True,True,False,True,False,False,False,False,False,False
