time_boot_ms,mission_state,battery_mv,roll,pitch,yaw,imu_acc_x,imu_acc_y,imu_acc_z,imu_gyro_x,imu_gyro_y,imu_gyro_z,imu_mag_x,imu_mag_y,imu_mag_z,pressure_pa,temp_celsius,highg_acc_x,highg_acc_y,highg_acc_z,gps_fix,lat,lon,gps_alt,vel,cog,satellites_nb,imu_acc_vertical,highg_acc_vertical,kalman_z,kalman_v,altitude_msl_cm,FLAG_IDEFIX_OK,FLAG_BT_OK,FLAG_FLASH_OK,FLAG_SD_OK,FLAG_TEMP_OK,FLAG_HIGHG_OK,FLAG_GPS_OK,FLAG_BARO_OK,FLAG_IMU_OK,FLAG_RADIO_OK,FLAG_PYROS_ARMED_OK,FLAG_PYRO1_CONN,FLAG_PYRO2_CONN,FLAG_PYRO3_CONN,FLAG_PYRO4_CONN,FLAG_PYROS_ARMED,FLAG_PYRO1_FIRED,FLAG_PYRO2_FIRED,FLAG_PYRO3_FIRED,FLAG_PYRO4_FIRED,FLAG_APOGEE_DETECTED,FLAG_MAIN_DEPLOYED,FLAG_DROGUE_DEPLOYED,FLAG_MACH_LOCK_ENABLED
1174032,STATE_ARMED,11.8,0.0,89.0,0.0,0.0,0.0,4.5,0.5,0.5,5.0,13.0,46.0,79.0,75.5,18.0,0.0,0.0,45.0,1,46.501,6.6005,8500.0,450.0,0.0,10,4.5,45.0,8498.7,-12.3,8500.0,False,False,False,False,False,False,False,False,False,False,False,True,True,True,True,False,True,False,False,False,False,False,False,False
1174537,STATE_ARMED,11.8,0.0,89.0,0.0,0.0,0.0,4.5,0.5,0.5,5.0,13.0,46.0,79.0,75.5,18.0,0.0,0.0,45.0,1,46.501,6.6005,8500.0,450.0,0.0,10,4.5,45.0,8498.7,-12.3,8500.0,False,False,False,False,False,False,False,False,False,False,False,True,True,True,True,False,True,False,False,False,False,False,False,False
1175047,STATE_ARMED,11.8,0.0,89.0,0.0,0.0,0.0,4.5,0.5,0.5,5.0,13.0,46.0,79.0,75.5,18.0,0.0,0.0,45.0,1,46.501,6.6005,8500.0,450.0,0.0,10,4.5,45.0,8498.7,-12.3,8500.0,False,False,False,False,False,False,False,False,False,False,False,True,True,True,True,False,True,False,False,False,False,False,False,False
1175550,STATE_ARMED,11.8,0.0,89.0,0.0,0.0,0.0,4.5,0.5,0.5,5.0,13.0,46.0,79.0,75.5,18.0,0.0,0.0,45.0,1,46.501,6.6005,8500.0,450.0,0.0,10,4.5,45.0,8498.7,-12.3,8500.0,False,False,False,False,False,False,False,False,False,False,False,True,True,True,True,False,True,False,False,False,False,False,False,False
1176058,STATE_ARMED,11.8,0.0,89.0,0.0,0.0,0.0,4.5,0.5,0.5,5.0,13.0,46.0,79.0,75.5,18.0,0.0,0.0,45.0,1,46.501,6.6005,8500.0,450.0,0.0,10,4.5,45.0,8498.7,-12.3,8500.0,False,False,False,False,False,False,False,False,False,False,False,True,True,True,True,False,True,False,False,False,False,False,False,False
1176568,STATE_ARMED,11.8,0.0,89.0,0.0,0.0,0.0,4.5,0.5,0.5,5.0,13.0,46.0,79.0,75.5,18.0,0.0,0.0,45.0,1,46.501,6.6005,8500.0,450.0,0.0,10,4.5,45.0,8498.7,-12.3,8500.0,False,False,False,False,False,False,False,False,False,False,False,True,True,True,True,False,True,False,False,False,False,False,False,False
1177079,STATE_ARMED,11.8,0.0,89.0,0.0,0.0,0.0,4.5,0.5,0.5,5.0,13.0,46.0,79.0,75.5,18.0,0.0,0.0,45.0,1,46.501,6.6005,8500.0,450.0,0.0,10,4.5,45.0,8498.7,-12.3,8500.0,False,False,False,False,False,False,False,False,False,False,False,True,True,True,True,False,True,False,False,False,False,False,False,False
1177585,STATE_ARMED,11.8,0.0,89.0,0.0,0.0,0.0,4.5,0.5,0.5,5.0,13.0,46.0,79.0,75.5,18.0,0.0,0.0,45.0,1,46.501,6.6005,8500.0,450.0,0.0,10,4.5,45.0,8498.7,-12.3,8500.0,False,False,False,False,False,False,False,False,False,False,False,True,True,True,True,False,True,False,False,False,False,False,False,False
1178091,STATE_ARMED,11.8,0.0,89.0,0.0,0.0,0.0,4.5,0.5,0.5,5.0,13.0,46.0,79.0,75.5,18.0,0.0,0.0,45.0,1,46.501,6.6005,8500.0,450.0,0.0,10,4.5,45.0,8498.7,-12.3,8500.0,False,False,False,False,False,False,False,False,False,False,False,True,True,True,True,False,True,False,False,False,False,False,False,False
1178602,STATE_ARMED,11.8,0.0,89.0,0.0,0.0,0.0,4.5,0.5,0.5,5.0,13.0,46.0,79.0,75.5,18.0,0.0,0.0,45.0,1,46.501,6.6005,8500.0,450.0,0.0,10,4.5,45.0,8498.7,-12.3,8500.0,False,False,False,False,False,False,False,False,False,False,False,True,True,True,True,False,True,False,False,False,False,False,False,False
1179113,STATE_ARMED,11.8,0.0,89.0,0.0,0.0,0.0,4.5,0.5,0.5,5.0,13.0,46.0,79.0,75.5,18.0,0.0,0.0,45.0,1,46.501,6.6005,8500.0,450.0,0.0,10,4.5,45.0,8498.7,-12.3,8500.0,False,False,False,False,False,False,False,False,False,False,False,True,True,True,True,False,True,False,False,False,False,False,False,False
1179622,STATE_ARMED,11.8,0.0,89.0,0.0,0.0,0.0,4.5,0.5,0.5,5.0,13.0,46.0,79.0,75.5,18.0,0.0,0.0,45.0,1,46.501,6.6005,8500.0,450.0,0.0,10,4.5,45.0,8498.7,-12.3,8500.0,False,False,False,False,False,False,False,False,False,False,False,True,True,True,True,False,True,False,False,False,False,False,False,False
1180133,STATE_ARMED,11.8,0.0,89.0,0.0,0.0,0.0,4.5,0.5,0.5,5.0,13.0,46.0,79.0,75.5,18.0,0.0,0.0,45.0,1,46.501,6.6005,8500.0,450.0,0.0,10,4.5,45.0,8498.7,-12.3,8500.0,False,False,False,False,False,False,False,False,False,False,False,True,True,True,True,False,True,False,False,False,False,False,False,False
1180640,STATE_ARMED,11.8,0.0,89.0,0.0,0.0,0.0,4.5,0.5,0.5,5.0,13.0,46.0,79.0,75.5,18.0,0.0,0.0,45.0,1,46.501,6.6005,8500.0,450.0,0.0,10,4.5,45.0,8498.7,-12.3,8500.0,False,False,False,False,False,False,False,False,False,False,False,True,True,True,True,False,True,False,False,False,False,False,False,False
1181151,STATE_ARMED,11.8,0.0,89.0,0.0,0.0,0.0,4.5,0.5,0.5,5.0,13.0,46.0,79.0,75.5,18.0,0.0,0.0,45.0,1,46.501,6.6005,8500.0,450.0,0.0,10,4.5,45.0,8498.7,-12.3,8500.0,False,False,False,False,False,False,False,False,False,False,False,True,True,True,True,False,True,False,False,False,False,False,False,False
1181653,STATE_ARMED,11.8,0.0,89.0,0.0,0.0,0.0,4.5,0.5,0.5,5.0,13.0,46.0,79.0,75.5,18.0,0.0,0.0,45.0,1,46.501,6.6005,8500.0,450.0,0.0,10,4.5,45.0,8498.7,-12.3,8500.0,False,False,False,False,False,False,False,False,False,False,False,True,True,True,True,False,True,False,False,False,False,False,False,False
1182163,STATE_ARMED,11.8,0.0,89.0,0.0,0.0,0.0,4.5,0.5,0.5,5.0,13.0,46.0,79.0,75.5,18.0,0.0,0.0,45.0,1,46.501,6.6005,8500.0,450.0,0.0,10,4.5,45.0,8498.7,-12.3,8500.0,False,False,False,False,False,False,False,False,False,False,False,True,True,True,True,False,True,False,False,False,False,False,False,False
1182670,STATE_ARMED,11.8,0.0,89.0,0.0,0.0,0.0,4.5,0.5,0.5,5.0,13.0,46.0,79.0,75.5,18.0,0.0,0.0,45.0,1,46.501,6.6005,8500.0,450.0,0.0,10,4.5,45.0,8498.7,-12.3,8500.0,False,False,False,False,False,False,False,False,False,False,False,True,True,True,True,False,True,False,False,False,False,False,False,False
1183177,STATE_ARMED,11.8,0.0,89.0,0.0,0.0,0.0,4.5,0.5,0.5,5.0,13.0,46.0,79.0,75.5,18.0,0.0,0.0,45.0,1,46.501,6.6005,8500.0,450.0,0.0,10,4.5,45.0,8498.7,-12.3,8500.0,False,False,False,False,False,False,False,False,False,False,False,True,True,True,True,False,True,False,False,False,False,False,False,False
1183685,STATE_ARMED,11.8,0.0,89.0,0.0,0.0,0.0,4.5,0.5,0.5,5.0,13.0,46.0,79.0,75.5,18.0,0.0,0.0,45.0,1,46.501,6.6005,8500.0,450.0,0.0,10,4.5,45.0,8498.7,-12.3,8500.0,False,False,False,False,False,False,False,False,False,False,False,True,True,True,True,False,True,False,False,False,False,False,False,False
1184195,STATE_ARMED,11.8,0.0,89.0,0.0,0.0,0.0,4.5,0.5,0.5,5.0,13.0,46.0,79.0,75.5,18.0,0.0,0.0,45.0,1,46.501,6.6005,8500.0,450.0,0.0,10,4.5,45.0,8498.7,-12.3,8500.0,False,False,False,False,False,False,False,False,False,False,False,True,True,True,True,False,True,False,False,False,False,False,False,False
1184706,STATE_ARMED,11.8,0.0,89.0,0.0,0.0,0.0,4.5,0.5,0.5,5.0,13.0,46.0,79.0,75.5,18.0,0.0,0.0,45.0,1,46.501,6.6005,8500.0,450.0,0.0,10,4.5,45.0,8498.7,-12.3,8500.0,False,False,False,False,False,False,False,False,False,False,False,True,True,True,True,False,True,False,False,False,False,False,False,False
1185215,STATE_ARMED,11.8,0.0,89.0,0.0,0.0,0.0,4.5,0.5,0.5,5.0,13.0,46.0,79.0,75.5,18.0,0.0,0.0,45.0,1,46.501,6.6005,8500.0,450.0,0.0,10,4.5,45.0,8498.7,-12.3,8500.0,False,False,False,False,False,False,False,False,False,False,False,True,True,True,True,False,True,False,False,False,False,False,False,False
1185726,STATE_ARMED,11.8,0.0,89.0,0.0,0.0,0.0,4.5,0.5,0.5,5.0,13.0,46.0,79.0,75.5,18.0,0.0,0.0,45.0,1,46.501,6.6005,8500.0,450.0,0.0,10,4.5,45.0,8498.7,-12.3,8500.0,False,False,False,False,False,False,False,False,False,False,False,True,True,True,True,False,True,False,False,False,False,False,False,False
1186233,STATE_ARMED,11.8,0.0,89.0,0.0,0.0,0.0,4.5,0.5,0.5,5.0,13.0,46.0,79.0,75.5,18.0,0.0,0.0,45.0,1,46.501,6.6005,8500.0,450.0,0.0,10,4.5,45.0,8498.7,-12.3,8500.0,False,False,False,False,False,False,False,False,False,False,False,True,True,True,True,False,True,False,False,False,False,False,False,False
1186742,STATE_ARMED,11.8,0.0,89.0,0.0,0.0,0.0,4.5,0.5,0.5,5.0,13.0,46.0,79.0,75.5,18.0,0.0,0.0,45.0,1,46.501,6.6005,8500.0,450.0,0.0,10,4.5,45.0,8498.7,-12.3,8500.0,False,False,False,False,False,False,False,False,False,False,False,True,True,True,True,False,True,False,False,False,False,False,False,False
1187252,STATE_ARMED,11.8,0.0,89.0,0.0,0.0,0.0,4.5,0.5,0.5,5.0,13.0,46.0,79.0,75.5,18.0,0.0,0.0,45.0,1,46.501,6.6005,8500.0,450.0,0.0,10,4.5,45.0,8498.7,-12.3,8500.0,False,False,False,False,False,False,False,False,False,False,False,True,True,True,True,False,True,False,False,False,False,False,False,False
1187763,STATE_ARMED,11.8,0.0,89.0,0.0,0.0,0.0,4.5,0.5,0.5,5.0,13.0,46.0,79.0,75.5,18.0,0.0,0.0,45.0,1,46.501,6.6005,8500.0,450.0,0.0,10,4.5,45.0,8498.7,-12.3,8500.0,False,False,False,False,False,False,False,False,False,False,False,True,True,True,True,False,True,False,False,False,False,False,False,False
1188274,STATE_ARMED,11.8,0.0,89.0,0.0,0.0,0.0,4.5,0.5,0.5,5.0,13.0,46.0,79.0,75.5,18.0,0.0,0.0,45.0,1,46.501,6.6005,8500.0,450.0,0.0,10,4.5,45.0,8498.7,-12.3,8500.0,False,False,False,False,False,False,False,False,False,False,False,True,True,True,True,False,True,False,False,False,False,False,False,False
1188783,STATE_ARMED,11.8,0.0,89.0,0.0,0.0,0.0,4.5,0.5,0.5,5.0,13.0,46.0,79.0,75.5,18.0,0.0,0.0,45.0,1,46.501,6.6005,8500.0,450.0,0.0,10,4.5,45.0,8498.7,-12.3,8500.0,False,False,False,False,False,False,False,False,False,False,False,True,True,True,True,False,True,False,False,False,False,False,False,False
1189293,STATE_ARMED,11.8,0.0,89.0,0.0,0.0,0.0,4.5,0.5,0.5,5.0,13.0,46.0,79.0,75.5,18.0,0.0,0.0,45.0,1,46.501,6.6005,8500.0,450.0,0.0,10,4.5,45.0,8498.7,-12.3,8500.0,False,False,False,False,False,False,False,False,False,False,False,True,True,True,True,False,True,False,False,False,False,False,False,False
1189804,STATE_ARMED,11.8,0.0,89.0,0.0,0.0,0.0,4.5,0.5,0.5,5.0,13.0,46.0,79.0,75.5,18.0,0.0,0.0,45.0,1,46.501,6.6005,8500.0,450.0,0.0,10,4.5,45.0,8498.7,-12.3,8500.0,False,False,False,False,False,False,False,False,False,False,False,True,True,True,True,False,True,False,False,False,False,False,False,False
1190313,STATE_ARMED,11.8,0.0,89.0,0.0,0.0,0.0,4.5,0.5,0.5,5.0,13.0,46.0,79.0,75.5,18.0,0.0,0.0,45.0,1,46.501,6.6005,8500.0,450.0,0.0,10,4.5,45.0,8498.7,-12.3,8500.0,False,False,False,False,False,False,False,False,False,False,False,True,True,True,True,False,True,False,False,False,False,False,False,False
1190824,STATE_ARMED,11.8,0.0,89.0,0.0,0.0,0.0,4.5,0.5,0.5,5.0,13.0,46.0,79.0,75.5,18.0,0.0,0.0,45.0,1,46.501,6.6005,8500.0,450.0,0.0,10,4.5,45.0,8498.7,-12.3,8500.0,False,False,False,False,False,False,False,False,False,False,False,True,True,True,True,False,True,False,False,False,False,False,False,False
1191331,STATE_ARMED,11.8,0.0,89.0,0.0,0.0,0.0,4.5,0.5,0.5,5.0,13.0,46.0,79.0,75.5,18.0,0.0,0.0,45.0,1,46.501,6.6005,8500.0,450.0,0.0,10,4.5,45.0,8498.7,-12.3,8500.0,False,False,False,False,False,False,False,False,False,False,False,True,True,True,True,False,True,False,False,False,False,False,False,False
1191841,STATE_ARMED,11.8,0.0,89.0,0.0,0.0,0.0,4.5,0.5,0.5,5.0,13.0,46.0,79.0,75.5,18.0,0.0,0.0,45.0,1,46.501,6.6005,8500.0,450.0,0.0,10,4.5,45.0,8498.7,-12.3,8500.0,False,False,False,False,False,False,False,False,False,False,False,True,True,True,True,False,True,False,False,False,False,False,False,False
1192352,STATE_ARMED,11.8,0.0,89.0,0.0,0.0,0.0,4.5,0.5,0.5,5.0,13.0,46.0,79.0,75.5,18.0,0.0,0.0,45.0,1,46.501,6.6005,8500.0,450.0,0.0,10,4.5,45.0,8498.7,-12.3,8500.0,False,False,False,False,False,False,False,False,False,False,False,True,True,True,True,False,True,False,False,False,False,False,False,False
1192862,STATE_ARMED,11.8,0.0,89.0,0.0,0.0,0.0,4.5,0.5,0.5,5.0,13.0,46.0,79.0,75.5,18.0,0.0,0.0,45.0,1,46.501,6.6005,8500.0,450.0,0.0,10,4.5,45.0,8498.7,-12.3,8500.0,False,False,False,False,False,False,False,False,False,False,False,True,True,True,True,False,True,False,False,False,False,False,False,False
1193371,STATE_ARMED,11.8,0.0,89.0,0.0,0.0,0.0,4.5,0.5,0.5,5.0,13.0,46.0,79.0,75.5,18.0,0.0,0.0,45.0,1,46.501,6.6005,8500.0,450.0,0.0,10,4.5,45.0,8498.7,-12.3,8500.0,False,False,False,False,False,False,False,False,False,False,False,True,True,True,True,False,True,False,False,False,False,False,False,False
1193880,STATE_ARMED,11.8,0.0,89.0,0.0,0.0,0.0,4.5,0.5,0.5,5.0,13.0,46.0,79.0,75.5,18.0,0.0,0.0,45.0,1,46.501,6.6005,8500.0,450.0,0.0,10,4.5,45.0,8498.7,-12.3,8500.0,False,False,False,False,False,False,False,False,False,False,False,True,True,True,True,False,True,False,False,False,False,False,False,False
1194391,STATE_ARMED,11.8,0.0,89.0,0.0,0.0,0.0,4.5,0.5,0.5,5.0,13.0,46.0,79.0,75.5,18.0,0.0,0.0,45.0,1,46.501,6.6005,8500.0,450.0,0.0,10,4.5,45.0,8498.7,-12.3,8500.0,False,False,False,False,False,False,False,False,False,False,False,True,True,True,True,False,True,False,False,False,False,False,False,False
1194902,STATE_ARMED,11.8,0.0,89.0,0.0,0.0,0.0,4.5,0.5,0.5,5.0,13.0,46.0,79.0,75.5,18.0,0.0,0.0,45.0,1,46.501,6.6005,8500.0,450.0,0.0,10,4.5,45.0,8498.7,-12.3,8500.0,False,False,False,False,False,False,False,False,False,False,False,True,True,True,True,False,True,False,False,False,False,False,False,False
1195407,STATE_ARMED,11.8,0.0,89.0,0.0,0.0,0.0,4.5,0.5,0.5,5.0,13.0,46.0,79.0,75.5,18.0,0.0,0.0,45.0,1,46.501,6.6005,8500.0,450.0,0.0,10,4.5,45.0,8498.7,-12.3,8500.0,False,False,False,False,False,False,False,False,False,False,False,True,True,True,True,False,True,False,False,False,False,False,False,False
1195918,STATE_ARMED,11.8,0.0,89.0,0.0,0.0,0.0,4.5,0.5,0.5,5.0,13.0,46.0,79.0,75.5,18.0,0.0,0.0,45.0,1,46.501,6.6005,8500.0,450.0,0.0,10,4.5,45.0,8498.7,-12.3,8500.0,False,False,False,False,False,False,False,False,False,False,False,True,True,True,True,False,True,False,False,False,False,False,False,False
1196427,STATE_ARMED,11.8,0.0,89.0,0.0,0.0,0.0,4.5,0.5,0.5,5.0,13.0,46.0,79.0,75.5,18.0,0.0,0.0,45.0,1,46.501,6.6005,8500.0,450.0,0.0,10,4.5,45.0,8498.7,-12.3,8500.0,False,False,False,False,False,False,False,False,False,False,False,True,True,True,True,False,True,False,False,False,False,False,False,False
1196935,STATE_ARMED,11.8,0.0,89.0,0.0,0.0,0.0,4.5,0.5,0.5,5.0,13.0,46.0,79.0,75.5,18.0,0.0,0.0,45.0,1,46.501,6.6005,8500.0,450.0,0.0,10,4.5,45.0,8498.7,-12.3,8500.0,False,False,False,False,False,False,False,False,False,False,False,True,True,True,True,False,True,False,False,False,False,False,False,False
1197446,STATE_ARMED,11.8,0.0,89.0,0.0,0.0,0.0,4.5,0.5,0.5,5.0,13.0,46.0,79.0,75.5,18.0,0.0,0.0,45.0,1,46.501,6.6005,8500.0,450.0,0.0,10,4.5,45.0,8498.7,-12.3,8500.0,False,False,False,False,False,False,False,False,False,False,False,True,True,True,True,False,True,False,False,False,False,False,False,False
1197950,STATE_ARMED,11.8,0.0,89.0,0.0,0.0,0.0,4.5,0.5,0.5,5.0,13.0,46.0,79.0,75.5,18.0,0.0,0.0,45.0,1,46.501,6.6005,8500.0,450.0,0.0,10,4.5,45.0,8498.7,-12.3,8500.0,False,False,False,False,False,False,False,False,False,False,False,True,True,True,True,False,True,False,False,False,False,False,False,False
1198461,STATE_ARMED,11.8,0.0,89.0,0.0,0.0,0.0,4.5,0.5,0.5,5.0,13.0,46.0,79.0,75.5,18.0,0.0,0.0,45.0,1,46.501,6.6005,8500.0,450.0,0.0,10,4.5,45.0,8498.7,-12.3,8500.0,False,False,False,False,False,False,False,False,False,False,False,True,True,True,True,False,True,False,False,False,False,False,False,False
1198966,STATE_ARMED,11.8,0.0,89.0,0.0,0.0,0.0,4.5,0.5,0.5,5.0,13.0,46.0,79.0,75.5,18.0,0.0,0.0,45.0,1,46.501,6.6005,8500.0,450.0,0.0,10,4.5,45.0,8498.7,-12.3,8500.0,False,False,False,False,False,False,False,False,False,False,False,True,True,True,True,False,True,False,False,False,False,False,False,False
1199475,STATE_ARMED,11.8,0.0,89.0,0.0,0.0,0.0,4.5,0.5,0.5,5.0,13.0,46.0,79.0,75.5,18.0,0.0,0.0,45.0,1,46.501,6.6005,8500.0,450.0,0.0,10,4.5,45.0,8498.7,-12.3,8500.0,False,False,False,False,False,False,False,False,False,False,False,True,True,True,True,False,True,False,False,False,False,False,False,False
1199982,STATE_ARMED,11.8,0.0,89.0,0.0,0.0,0.0,4.5,0.5,0.5,5.0,13.0,46.0,79.0,75.5,18.0,0.0,0.0,45.0,1,46.501,6.6005,8500.0,450.0,0.0,10,4.5,45.0,8498.7,-12.3,8500.0,False,False,False,False,False,False,False,False,False,False,False,True,True,True,True,False,True,False,False,False,False,False,False,False
1200489,STATE_ARMED,11.8,0.0,89.0,0.0,0.0,0.0,4.5,0.5,0.5,5.0,13.0,46.0,79.0,75.5,18.0,0.0,0.0,45.0,1,46.501,6.6005,8500.0,450.0,0.0,10,4.5,45.0,8498.7,-12.3,8500.0,False,False,False,False,False,False,False,False,False,False,False,True,True,True,True,False,True,False,False,False,False,False,False,False
1200997,STATE_ARMED,11.8,0.0,89.0,0.0,0.0,0.0,4.5,0.5,0.5,5.0,13.0,46.0,79.0,75.5,18.0,0.0,0.0,45.0,1,46.501,6.6005,8500.0,450.0,0.0,10,4.5,45.0,8498.7,-12.3,8500.0,False,False,False,False,False,False,False,False,False,False,False,True,True,True,True,False,True,False,False,False,False,False,False,False
1201503,STATE_ARMED,11.8,0.0,89.0,0.0,0.0,0.0,4.5,0.5,0.5,5.0,13.0,46.0,79.0,75.5,18.0,0.0,0.0,45.0,1,46.501,6.6005,8500.0,450.0,0.0,10,4.5,45.0,8498.7,-12.3,8500.0,False,False,False,False,False,False,False,False,False,False,False,True,True,True,True,False,True,False,False,False,False,False,False,False
1202010,STATE_ARMED,11.8,0.0,89.0,0.0,0.0,0.0,4.5,0.5,0.5,5.0,13.0,46.0,79.0,75.5,18.0,0.0,0.0,45.0,1,46.501,6.6005,8500.0,450.0,0.0,10,4.5,45.0,8498.7,-12.3,8500.0,False,False,False,False,False,False,False,False,False,False,False,True,True,True,True,False,True,False,False,False,False,False,False,False
1202516,STATE_ARMED,11.8,0.0,89.0,0.0,0.0,0.0,4.5,0.5,0.5,5.0,13.0,46.0,79.0,75.5,18.0,0.0,0.0,45.0,1,46.501,6.6005,8500.0,450.0,0.0,10,4.5,45.0,8498.7,-12.3,8500.0,False,False,False,False,False,False,False,False,False,False,False,True,True,True,True,False,True,False,False,False,False,False,False,False
1203022,STATE_ARMED,11.8,0.0,89.0,0.0,0.0,0.0,4.5,0.5,0.5,5.0,13.0,46.0,79.0,75.5,18.0,0.0,0.0,45.0,1,46.501,6.6005,8500.0,450.0,0.0,10,4.5,45.0,8498.7,-12.3,8500.0,False,False,False,False,False,False,False,False,False,False,False,True,True,True,True,False,True,False,False,False,False,False,False,False
1203530,STATE_ARMED,11.8,0.0,89.0,0.0,0.0,0.0,4.5,0.5,0.5,5.0,13.0,46.0,79.0,75.5,18.0,0.0,0.0,45.0,1,46.501,6.6005,8500.0,450.0,0.0,10,4.5,45.0,8498.7,-12.3,8500.0,False,False,False,False,False,False,False,False,False,False,False,True,True,True,True,False,True,False,False,False,False,False,False,False
1204041,STATE_ARMED,11.8,0.0,89.0,0.0,0.0,0.0,4.5,0.5,0.5,5.0,13.0,46.0,79.0,75.5,18.0,0.0,0.0,45.0,1,46.501,6.6005,8500.0,450.0,0.0,10,4.5,45.0,8498.7,-12.3,8500.0,False,False,False,False,False,False,False,False,False,False,False,True,True,True,True,False,True,False,False,False,False,False,False,False
1204548,STATE_ARMED,11.8,0.0,89.0,0.0,0.0,0.0,4.5,0.5,0.5,5.0,13.0,46.0,79.0,75.5,18.0,0.0,0.0,45.0,1,46.501,6.6005,8500.0,450.0,0.0,10,4.5,45.0,8498.7,-12.3,8500.0,False,False,False,False,False,False,False,False,False,False,False,True,True,True,True,False,True,False,False,False,False,False,False,False
1205054,STATE_ARMED,11.8,0.0,89.0,0.0,0.0,0.0,4.5,0.5,0.5,5.0,13.0,46.0,79.0,75.5,18.0,0.0,0.0,45.0,1,46.501,6.6005,8500.0,450.0,0.0,10,4.5,45.0,8498.7,-12.3,8500.0,False,False,False,False,False,False,False,False,False,False,False,True,True,True,True,False,True,False,False,False,False,False,False,False
1205565,STATE_ARMED,11.8,0.0,89.0,0.0,0.0,0.0,4.5,0.5,0.5,5.0,13.0,46.0,79.0,75.5,18.0,0.0,0.0,45.0,1,46.501,6.6005,8500.0,450.0,0.0,10,4.5,45.0,8498.7,-12.3,8500.0,False,False,False,False,False,False,False,False,False,False,False,True,True,True,True,False,True,False,False,False,False,False,False,False
1206074,STATE_ARMED,11.8,0.0,89.0,0.0,0.0,0.0,4.5,0.5,0.5,5.0,13.0,46.0,79.0,75.5,18.0,0.0,0.0,45.0,1,46.501,6.6005,8500.0,450.0,0.0,10,4.5,45.0,8498.7,-12.3,8500.0,False,False,False,False,False,False,False,False,False,False,False,True,True,True,True,False,True,False,False,False,False,False,False,False
1206585,STATE_ARMED,11.8,0.0,89.0,0.0,0.0,0.0,4.5,0.5,0.5,5.0,13.0,46.0,79.0,75.5,18.0,0.0,0.0,45.0,1,46.501,6.6005,8500.0,450.0,0.0,10,4.5,45.0,8498.7,-12.3,8500.0,False,False,False,False,False,False,False,False,False,False,False,True,True,True,True,False,True,False,False,False,False,False,False,False
1207092,STATE_ARMED,11.8,0.0,89.0,0.0,0.0,0.0,4.5,0.5,0.5,5.0,13.0,46.0,79.0,75.5,18.0,0.0,0.0,45.0,1,46.501,6.6005,8500.0,450.0,0.0,10,4.5,45.0,8498.7,-12.3,8500.0,False,False,False,False,False,False,False,False,False,False,False,True,True,True,True,False,True,False,False,False,False,False,False,False
1207600,STATE_ARMED,11.8,0.0,89.0,0.0,0.0,0.0,4.5,0.5,0.5,5.0,13.0,46.0,79.0,75.5,18.0,0.0,0.0,45.0,1,46.501,6.6005,8500.0,450.0,0.0,10,4.5,45.0,8498.7,-12.3,8500.0,False,False,False,False,False,False,False,False,False,False,False,True,True,True,True,False,True,False,False,False,False,False,False,False
1208107,STATE_ARMED,11.8,0.0,89.0,0.0,0.0,0.0,4.5,0.5,0.5,5.0,13.0,46.0,79.0,75.5,18.0,0.0,0.0,45.0,1,46.501,6.6005,8500.0,450.0,0.0,10,4.5,45.0,8498.7,-12.3,8500.0,False,False,False,False,False,False,False,False,False,False,False,True,True,True,True,False,True,False,False,False,False,False,False,False
1208617,STATE_ARMED,11.8,0.0,89.0,0.0,0.0,0.0,4.5,0.5,0.5,5.0,13.0,46.0,79.0,75.5,18.0,0.0,0.0,45.0,1,46.501,6.6005,8500.0,450.0,0.0,10,4.5,45.0,8498.7,-12.3,8500.0,False,False,False,False,False,False,False,False,False,False,False,True,True,True,True,False,True,False,False,False,False,False,False,False
1209128,STATE_ARMED,11.8,0.0,89.0,0.0,0.0,0.0,4.5,0.5,0.5,5.0,13.0,46.0,79.0,75.5,18.0,0.0,0.0,45.0,1,46.501,6.6005,8500.0,450.0,0.0,10,4.5,45.0,8498.7,-12.3,8500.0,False,False,False,False,False,False,False,False,False,False,False,True,True,True,True,False,True,False,False,False,False,False,False,False
1209633,STATE_ARMED,11.8,0.0,89.0,0.0,0.0,0.0,4.5,0.5,0.5,5.0,13.0,46.0,79.0,75.5,18.0,0.0,0.0,45.0,1,46.501,6.6005,8500.0,450.0,0.0,10,4.5,45.0,8498.7,-12.3,8500.0,False,False,False,False,False,False,False,False,False,False,False,True,True,True,True,False,True,False,False,False,False,False,False,False
1210141,STATE_ARMED,11.8,0.0,89.0,0.0,0.0,0.0,4.5,0.5,0.5,5.0,13.0,46.0,79.0,75.5,18.0,0.0,0.0,45.0,1,46.501,6.6005,8500.0,450.0,0.0,10,4.5,45.0,8498.7,-12.3,8500.0,False,False,False,False,False,False,False,False,False,False,False,True,True,True,True,False,True,False,False,False,False,False,False,False
1210645,STATE_ARMED,11.8,0.0,89.0,0.0,0.0,0.0,4.5,0.5,0.5,5.0,13.0,46.0,79.0,75.5,18.0,0.0,0.0,45.0,1,46.501,6.6005,8500.0,450.0,0.0,10,4.5,45.0,8498.7,-12.3,8500.0,False,False,False,False,False,False,False,False,False,False,False,True,True,True,True,False,True,False,False,False,False,False,False,False
1211155,STATE_ARMED,11.8,0.0,89.0,0.0,0.0,0.0,4.5,0.5,0.5,5.0,13.0,46.0,79.0,75.5,18.0,0.0,0.0,45.0,1,46.501,6.6005,8500.0,450.0,0.0,10,4.5,45.0,8498.7,-12.3,8500.0,False,False,False,False,False,False,False,False,False,False,False,True,True,True,True,False,True,False,False,False,False,False,False,False
1211666,STATE_ARMED,11.8,0.0,89.0,0.0,0.0,0.0,4.5,0.5,0.5,5.0,13.0,46.0,79.0,75.5,18.0,0.0,0.0,45.0,1,46.501,6.6005,8500.0,450.0,0.0,10,4.5,45.0,8498.7,-12.3,8500.0,False,False,False,False,False,False,False,False,False,False,False,True,True,True,True,False,True,False,False,False,False,False,False,False
1212171,STATE_ARMED,11.8,0.0,89.0,0.0,0.0,0.0,4.5,0.5,0.5,5.0,13.0,46.0,79.0,75.5,18.0,0.0,0.0,45.0,1,46.501,6.6005,8500.0,450.0,0.0,10,4.5,45.0,8498.7,-12.3,8500.0,False,False,False,False,False,False,False,False,False,False,False,True,True,True,True,False,True,False,False,False,False,False,False,False
1212687,STATE_ARMED,11.8,0.0,89.0,0.0,0.0,0.0,4.5,0.5,0.5,5.0,13.0,46.0,79.0,75.5,18.0,0.0,0.0,45.0,1,46.501,6.6005,8500.0,450.0,0.0,10,4.5,45.0,8498.7,-12.3,8500.0,False,False,False,False,False,False,False,False,False,False,False,True,True,True,True,False,True,False,False,False,False,False,False,False
1213196,STATE_ARMED,11.8,0.0,89.0,0.0,0.0,0.0,4.5,0.5,0.5,5.0,13.0,46.0,79.0,75.5,18.0,0.0,0.0,45.0,1,46.501,6.6005,8500.0,450.0,0.0,10,4.5,45.0,8498.7,-12.3,8500.0,False,False,False,False,False,False,False,False,False,False,False,True,True,True,True,False,True,False,False,False,False,False,False,False
1213705,STATE_ARMED,11.8,0.0,89.0,0.0,0.0,0.0,4.5,0.5,0.5,5.0,13.0,46.0,79.0,75.5,18.0,0.0,0.0,45.0,1,46.501,6.6005,8500.0,450.0,0.0,10,4.5,45.0,8498.7,-12.3,8500.0,False,False,False,False,False,False,False,False,False,False,False,True,True,True,True,False,True,False,False,False,False,False,False,False
1214216,STATE_ARMED,11.8,0.0,89.0,0.0,0.0,0.0,4.5,0.5,0.5,5.0,13.0,46.0,79.0,75.5,18.0,0.0,0.0,45.0,1,46.501,6.6005,8500.0,450.0,0.0,10,4.5,45.0,8498.7,-12.3,8500.0,False,False,False,False,False,False,False,False,False,False,False,True,True,True,True,False,True,False,False,False,False,False,False,False
1214727,STATE_ARMED,11.8,0.0,89.0,0.0,0.0,0.0,4.5,0.5,0.5,5.0,13.0,46.0,79.0,75.5,18.0,0.0,0.0,45.0,1,46.501,6.6005,8500.0,450.0,0.0,10,4.5,45.0,8498.7,-12.3,8500.0,False,False,False,False,False,False,False,False,False,False,False,True,True,True,True,False,True,False,False,False,False,False,False,False
1215232,STATE_ARMED,11.8,0.0,89.0,0.0,0.0,0.0,4.5,0.5,0.5,5.0,13.0,46.0,79.0,75.5,18.0,0.0,0.0,45.0,1,46.501,6.6005,8500.0,450.0,0.0,10,4.5,45.0,8498.7,-12.3,8500.0,False,False,False,False,False,False,False,False,False,False,False,True,True,True,True,False,True,False,False,False,False,False,False,False
1215742,STATE_ARMED,11.8,0.0,89.0,0.0,0.0,0.0,4.5,0.5,0.5,5.0,13.0,46.0,79.0,75.5,18.0,0.0,0.0,45.0,1,46.501,6.6005,8500.0,450.0,0.0,10,4.5,45.0,8498.7,-12.3,8500.0,False,False,False,False,False,False,False,False,False,False,False,True,True,True,True,False,True,False,False,False,False,False,False,False
1216253,STATE_ARMED,11.8,0.0,89.0,0.0,0.0,0.0,4.5,0.5,0.5,5.0,13.0,46.0,79.0,75.5,18.0,0.0,0.0,45.0,1,46.501,6.6005,8500.0,450.0,0.0,10,4.5,45.0,8498.7,-12.3,8500.0,False,False,False,False,False,False,False,False,False,False,False,True,True,True,True,False,True,False,False,False,False,False,False,False
1216762,STATE_ARMED,11.8,0.0,89.0,0.0,0.0,0.0,4.5,0.5,0.5,5.0,13.0,46.0,79.0,75.5,18.0,0.0,0.0,45.0,1,46.501,6.6005,8500.0,450.0,0.0,10,4.5,45.0,8498.7,-12.3,8500.0,False,False,False,False,False,False,False,False,False,False,False,True,True,True,True,False,True,False,False,False,False,False,False,False
1217269,STATE_ARMED,11.8,0.0,89.0,0.0,0.0,0.0,4.5,0.5,0.5,5.0,13.0,46.0,79.0,75.5,18.0,0.0,0.0,45.0,1,46.501,6.6005,8500.0,450.0,0.0,10,4.5,45.0,8498.7,-12.3,8500.0,False,False,False,False,False,False,False,False,False,False,False,True,True,True,True,False,True,False,False,False,False,False,False,False
1217778,STATE_ARMED,11.8,0.0,89.0,0.0,0.0,0.0,4.5,0.5,0.5,5.0,13.0,46.0,79.0,75.5,18.0,0.0,0.0,45.0,1,46.501,6.6005,8500.0,450.0,0.0,10,4.5,45.0,8498.7,-12.3,8500.0,False,False,False,False,False,False,False,False,False,False,False,True,True,True,True,False,True,False,False,False,False,False,False,False
1218285,STATE_ARMED,11.8,0.0,89.0,0.0,0.0,0.0,4.5,0.5,0.5,5.0,13.0,46.0,79.0,75.5,18.0,0.0,0.0,45.0,1,46.501,6.6005,8500.0,450.0,0.0,10,4.5,45.0,8498.7,-12.3,8500.0,False,False,False,False,False,False,False,False,False,False,False,True,True,True,True,False,True,False,False,False,False,False,False,False
1218798,STATE_ARMED,11.8,0.0,89.0,0.0,0.0,0.0,4.5,0.5,0.5,5.0,13.0,46.0,79.0,75.5,18.0,0.0,0.0,45.0,1,46.501,6.6005,8500.0,450.0,0.0,10,4.5,45.0,8498.7,-12.3,8500.0,False,False,False,False,False,False,False,False,False,False,False,True,True,True,True,False,True,False,False,False,False,False,False,False
1219305,STATE_ARMED,11.8,0.0,89.0,0.0,0.0,0.0,4.5,0.5,0.5,5.0,13.0,46.0,79.0,75.5,18.0,0.0,0.0,45.0,1,46.501,6.6005,8500.0,450.0,0.0,10,4.5,45.0,8498.7,-12.3,8500.0,False,False,False,False,False,False,False,False,False,False,False,True,True,True,True,False,True,False,False,False,False,False,False,False
1219837,STATE_ARMED,11.8,0.0,89.0,0.0,0.0,0.0,4.5,0.5,0.5,5.0,13.0,46.0,79.0,75.5,18.0,0.0,0.0,45.0,1,46.501,6.6005,8500.0,450.0,0.0,10,4.5,45.0,8498.7,-12.3,8500.0,False,False,False,False,False,False,False,False,False,False,False,True,True,True,True,False,True,False,False,False,False,False,False,False
1220380,STATE_ARMED,11.8,0.0,89.0,0.0,0.0,0.0,4.5,0.5,0.5,5.0,13.0,46.0,79.0,75.5,18.0,0.0,0.0,45.0,1,46.501,6.6005,8500.0,450.0,0.0,10,4.5,45.0,8498.7,-12.3,8500.0,False,False,False,False,False,False,False,False,False,False,False,True,True,True,True,False,True,False,False,False,False,False,False,False
1220894,STATE_ARMED,11.8,0.0,89.0,0.0,0.0,0.0,4.5,0.5,0.5,5.0,13.0,46.0,79.0,75.5,18.0,0.0,0.0,45.0,1,46.501,6.6005,8500.0,450.0,0.0,10,4.5,45.0,8498.7,-12.3,8500.0,False,False,False,False,False,False,False,False,False,False,False,True,True,True,True,False,True,False,False,False,False,False,False,False
1221405,STATE_ARMED,11.8,0.0,89.0,0.0,0.0,0.0,4.5,0.5,0.5,5.0,13.0,46.0,79.0,75.5,18.0,0.0,0.0,45.0,1,46.501,6.6005,8500.0,450.0,0.0,10,4.5,45.0,8498.7,-12.3,8500.0,False,False,False,False,False,False,False,False,False,False,False,True,True,True,True,False,True,False,False,False,False,False,False,False
1221915,STATE_ARMED,11.8,0.0,89.0,0.0,0.0,0.0,4.5,0.5,0.5,5.0,13.0,46.0,79.0,75.5,18.0,0.0,0.0,45.0,1,46.501,6.6005,8500.0,450.0,0.0,10,4.5,45.0,8498.7,-12.3,8500.0,False,False,False,False,False,False,False,False,False,False,False,True,True,True,True,False,True,False,False,False,False,False,False,False
1222426,STATE_ARMED,11.8,0.0,89.0,0.0,0.0,0.0,4.5,0.5,0.5,5.0,13.0,46.0,79.0,75.5,18.0,0.0,0.0,45.0,1,46.501,6.6005,8500.0,450.0,0.0,10,4.5,45.0,8498.7,-12.3,8500.0,False,False,False,False,False,False,False,False,False,False,False,True,True,True,True,False,True,False,False,False,False,False,False,False
1222935,STATE_ARMED,11.8,0.0,89.0,0.0,0.0,0.0,4.5,0.5,0.5,5.0,13.0,46.0,79.0,75.5,18.0,0.0,0.0,45.0,1,46.501,6.6005,8500.0,450.0,0.0,10,4.5,45.0,8498.7,-12.3,8500.0,False,False,False,False,False,False,False,False,False,False,False,True,True,True,True,False,True,False,False,False,False,False,False,False
1223443,STATE_ARMED,11.8,0.0,89.0,0.0,0.0,0.0,4.5,0.5,0.5,5.0,13.0,46.0,79.0,75.5,18.0,0.0,0.0,45.0,1,46.501,6.6005,8500.0,450.0,0.0,10,4.5,45.0,8498.7,-12.3,8500.0,False,False,False,False,False,False,False,False,False,False,False,True,True,True,True,False,True,False,False,False,False,False,False,False
1223955,STATE_ARMED,11.8,0.0,89.0,0.0,0.0,0.0,4.5,0.5,0.5,5.0,13.0,46.0,79.0,75.5,18.0,0.0,0.0,45.0,1,46.501,6.6005,8500.0,450.0,0.0,10,4.5,45.0,8498.7,-12.3,8500.0,False,False,False,False,False,False,False,False,False,False,False,True,True,True,True,False,True,False,False,False,False,False,False,False
1224463,STATE_ARMED,11.8,0.0,89.0,0.0,0.0,0.0,4.5,0.5,0.5,5.0,13.0,46.0,79.0,75.5,18.0,0.0,0.0,45.0,1,46.501,6.6005,8500.0,450.0,0.0,10,4.5,45.0,8498.7,-12.3,8500.0,False,False,False,False,False,False,False,False,False,False,False,True,True,True,True,False,True,False,False,False,False,False,False,False
1224974,STATE_ARMED,11.8,0.0,89.0,0.0,0.0,0.0,4.5,0.5,0.5,5.0,13.0,46.0,79.0,75.5,18.0,0.0,0.0,45.0,1,46.501,6.6005,8500.0,450.0,0.0,10,4.5,45.0,8498.7,-12.3,8500.0,False,False,False,False,False,False,False,False,False,False,False,True,True,True,True,False,True,False,False,False,False,False,False,False
1225484,STATE_ARMED,11.8,0.0,89.0,0.0,0.0,0.0,4.5,0.5,0.5,5.0,13.0,46.0,79.0,75.5,18.0,0.0,0.0,45.0,1,46.501,6.6005,8500.0,450.0,0.0,10,4.5,45.0,8498.7,-12.3,8500.0,False,False,False,False,False,False,False,False,False,False,False,True,True,True,True,False,True,False,False,False,False,False,False,False
1225994,STATE_ARMED,11.8,0.0,89.0,0.0,0.0,0.0,4.5,0.5,0.5,5.0,13.0,46.0,79.0,75.5,18.0,0.0,0.0,45.0,1,46.501,6.6005,8500.0,450.0,0.0,10,4.5,45.0,8498.7,-12.3,8500.0,False,False,False,False,False,False,False,False,False,False,False,True,True,True,True,False,True,False,False,False,False,False,False,False
1226503,STATE_ARMED,11.8,0.0,89.0,0.0,0.0,0.0,4.5,0.5,0.5,5.0,13.0,46.0,79.0,75.5,18.0,0.0,0.0,45.0,1,46.501,6.6005,8500.0,450.0,0.0,10,4.5,45.0,8498.7,-12.3,8500.0,False,False,False,False,False,False,False,False,False,False,False,True,True,True,True,False,True,False,False,False,False,False,False,False
1227014,STATE_ARMED,11.8,0.0,89.0,0.0,0.0,0.0,4.5,0.5,0.5,5.0,13.0,46.0,79.0,75.5,18.0,0.0,0.0,45.0,1,46.501,6.6005,8500.0,450.0,0.0,10,4.5,45.0,8498.7,-12.3,8500.0,False,False,False,False,False,False,False,False,False,False,False,True,True,True,True,False,True,False,False,False,False,False,False,False
1227521,STATE_ARMED,11.8,0.0,89.0,0.0,0.0,0.0,4.5,0.5,0.5,5.0,13.0,46.0,79.0,75.5,18.0,0.0,0.0,45.0,1,46.501,6.6005,8500.0,450.0,0.0,10,4.5,45.0,8498.7,-12.3,8500.0,False,False,False,False,False,False,False,False,False,False,False,True,True,True,True,False,True,False,False,False,False,False,False,False
1228032,STATE_ARMED,11.8,0.0,89.0,0.0,0.0,0.0,4.5,0.5,0.5,5.0,13.0,46.0,79.0,75.5,18.0,0.0,0.0,45.0,1,46.501,6.6005,8500.0,450.0,0.0,10,4.5,45.0,8498.7,-12.3,8500.0,False,False,False,False,False,False,False,False,False,False,False,True,True,True,True,False,True,False,False,False,False,False,False,False
1228541,STATE_ARMED,11.8,0.0,89.0,0.0,0.0,0.0,4.5,0.5,0.5,5.0,13.0,46.0,79.0,75.5,18.0,0.0,0.0,45.0,1,46.501,6.6005,8500.0,450.0,0.0,10,4.5,45.0,8498.7,-12.3,8500.0,False,False,False,False,False,False,False,False,False,False,False,True,True,True,True,False,True,False,False,False,False,False,False,False
1229049,STATE_ARMED,11.8,0.0,89.0,0.0,0.0,0.0,4.5,0.5,0.5,5.0,13.0,46.0,79.0,75.5,18.0,0.0,0.0,45.0,1,46.501,6.6005,8500.0,450.0,0.0,10,4.5,45.0,8498.7,-12.3,8500.0,False,False,False,False,False,False,False,False,False,False,False,True,True,True,True,False,True,False,False,False,False,False,False,False
1229560,STATE_ARMED,11.8,0.0,89.0,0.0,0.0,0.0,4.5,0.5,0.5,5.0,13.0,46.0,79.0,75.5,18.0,0.0,0.0,45.0,1,46.501,6.6005,8500.0,450.0,0.0,10,4.5,45.0,8498.7,-12.3,8500.0,False,False,False,False,False,False,False,False,False,False,False,True,True,True,True,False,True,False,False,False,False,False,False,False
1230067,STATE_ARMED,11.8,0.0,89.0,0.0,0.0,0.0,4.5,0.5,0.5,5.0,13.0,46.0,79.0,75.5,18.0,0.0,0.0,45.0,1,46.501,6.6005,8500.0,450.0,0.0,10,4.5,45.0,8498.7,-12.3,8500.0,False,False,False,False,False,False,False,False,False,False,False,True,True,True,True,False,True,False,False,False,False,False,False,False
1230577,STATE_ARMED,11.8,0.0,89.0,0.0,0.0,0.0,4.5,0.5,0.5,5.0,13.0,46.0,79.0,75.5,18.0,0.0,0.0,45.0,1,46.501,6.6005,8500.0,450.0,0.0,10,4.5,45.0,8498.7,-12.3,8500.0,False,False,False,False,False,False,False,False,False,False,False,True,True,True,True,False,True,False,False,False,False,False,False,False
1231085,STATE_ARMED,11.8,0.0,89.0,0.0,0.0,0.0,4.5,0.5,0.5,5.0,13.0,46.0,79.0,75.5,18.0,0.0,0.0,45.0,1,46.501,6.6005,8500.0,450.0,0.0,10,4.5,45.0,8498.7,-12.3,8500.0,False,False,False,False,False,False,False,False,False,False,False,True,True,True,True,False,True,False,False,False,False,False,False,False
1231593,STATE_ARMED,11.8,0.0,89.0,0.0,0.0,0.0,4.5,0.5,0.5,5.0,13.0,46.0,79.0,75.5,18.0,0.0,0.0,45.0,1,46.501,6.6005,8500.0,450.0,0.0,10,4.5,45.0,8498.7,-12.3,8500.0,False,False,False,False,False,False,False,False,False,False,False,True,True,True,True,False,True,False,False,False,False,False,False,False
1232100,STATE_ARMED,11.8,0.0,89.0,0.0,0.0,0.0,4.5,0.5,0.5,5.0,13.0,46.0,79.0,75.5,18.0,0.0,0.0,45.0,1,46.501,6.6005,8500.0,450.0,0.0,10,4.5,45.0,8498.7,-12.3,8500.0,False,False,False,False,False,False,False,False,False,False,False,True,True,True,True,False,True,False,False,False,False,False,False,False
1232611,STATE_ARMED,11.8,0.0,89.0,0.0,0.0,0.0,4.5,0.5,0.5,5.0,13.0,46.0,79.0,75.5,18.0,0.0,0.0,45.0,1,46.501,6.6005,8500.0,450.0,0.0,10,4.5,45.0,8498.7,-12.3,8500.0,False,False,False,False,False,False,False,False,False,False,False,True,True,True,True,False,True,False,False,False,False,False,False,False
1233122,STATE_ARMED,11.8,0.0,89.0,0.0,0.0,0.0,4.5,0.5,0.5,5.0,13.0,46.0,79.0,75.5,18.0,0.0,0.0,45.0,1,46.501,6.6005,8500.0,450.0,0.0,10,4.5,45.0,8498.7,-12.3,8500.0,False,False,False,False,False,False,False,False,False,False,False,True,True,True,True,False,True,False,False,False,False,False,False,False
1233630,STATE_ARMED,11.8,0.0,89.0,0.0,0.0,0.0,4.5,0.5,0.5,5.0,13.0,46.0,79.0,75.5,18.0,0.0,0.0,45.0,1,46.501,6.6005,8500.0,450.0,0.0,10,4.5,45.0,8498.7,-12.3,8500.0,False,False,False,False,False,False,False,False,False,False,False,True,True,True,True,False,True,False,False,False,False,False,False,False
1234137,STATE_ARMED,11.8,0.0,89.0,0.0,0.0,0.0,4.5,0.5,0.5,5.0,13.0,46.0,79.0,75.5,18.0,0.0,0.0,45.0,1,46.501,6.6005,8500.0,450.0,0.0,10,4.5,45.0,8498.7,-12.3,8500.0,False,False,False,False,False,False,False,False,False,False,False,True,True,True,True,False,True,False,False,False,False,False,False,False
1234643,STATE_ARMED,11.8,0.0,89.0,0.0,0.0,0.0,4.5,0.5,0.5,5.0,13.0,46.0,79.0,75.5,18.0,0.0,0.0,45.0,1,46.501,6.6005,8500.0,450.0,0.0,10,4.5,45.0,8498.7,-12.3,8500.0,False,False,False,False,False,False,False,False,False,False,False,True,True,True,True,False,True,False,False,False,False,False,False,False
1235150,STATE_ARMED,11.8,0.0,89.0,0.0,0.0,0.0,4.5,0.5,0.5,5.0,13.0,46.0,79.0,75.5,18.0,0.0,0.0,45.0,1,46.501,6.6005,8500.0,450.0,0.0,10,4.5,45.0,8498.7,-12.3,8500.0,False,False,False,False,False,False,False,False,False,False,False,True,True,True,True,False,True,False,False,False,False,False,False,False
1235659,STATE_ARMED,11.8,0.0,89.0,0.0,0.0,0.0,4.5,0.5,0.5,5.0,13.0,46.0,79.0,75.5,18.0,0.0,0.0,45.0,1,46.501,6.6005,8500.0,450.0,0.0,10,4.5,45.0,8498.7,-12.3,8500.0,False,False,False,False,False,False,False,False,False,False,False,True,True,True,True,False,True,False,False,False,False,False,False,False
1236166,STATE_ARMED,11.8,0.0,89.0,0.0,0.0,0.0,4.5,0.5,0.5,5.0,13.0,46.0,79.0,75.5,18.0,0.0,0.0,45.0,1,46.501,6.6005,8500.0,450.0,0.0,10,4.5,45.0,8498.7,-12.3,8500.0,False,False,False,False,False,False,False,False,False,False,False,True,True,True,True,False,True,False,False,False,False,False,False,False
1236675,STATE_ARMED,11.8,0.0,89.0,0.0,0.0,0.0,4.5,0.5,0.5,5.0,13.0,46.0,79.0,75.5,18.0,0.0,0.0,45.0,1,46.501,6.6005,8500.0,450.0,0.0,10,4.5,45.0,8498.7,-12.3,8500.0,False,False,False,False,False,False,False,False,False,False,False,True,True,True,True,False,True,False,False,False,False,False,False,False
1237182,STATE_ARMED,11.8,0.0,89.0,0.0,0.0,0.0,4.5,0.5,0.5,5.0,13.0,46.0,79.0,75.5,18.0,0.0,0.0,45.0,1,46.501,6.6005,8500.0,450.0,0.0,10,4.5,45.0,8498.7,-12.3,8500.0,False,False,False,False,False,False,False,False,False,False,False,True,True,True,True,False,True,False,False,False,False,False,False,False
1237692,STATE_ARMED,11.8,0.0,89.0,0.0,0.0,0.0,4.5,0.5,0.5,5.0,13.0,46.0,79.0,75.5,18.0,0.0,0.0,45.0,1,46.501,6.6005,8500.0,450.0,0.0,10,4.5,45.0,8498.7,-12.3,8500.0,False,False,False,False,False,False,False,False,False,False,False,True,True,True,True,False,True,False,False,False,False,False,False,False
1238202,STATE_ARMED,11.8,0.0,89.0,0.0,0.0,0.0,4.5,0.5,0.5,5.0,13.0,46.0,79.0,75.5,18.0,0.0,0.0,45.0,1,46.501,6.6005,8500.0,450.0,0.0,10,4.5,45.0,8498.7,-12.3,8500.0,False,False,False,False,False,False,False,False,False,False,False,True,True,True,True,False,True,False,False,False,False,False,False,False
1238710,STATE_ARMED,11.8,0.0,89.0,0.0,0.0,0.0,4.5,0.5,0.5,5.0,13.0,46.0,79.0,75.5,18.0,0.0,0.0,45.0,1,46.501,6.6005,8500.0,450.0,0.0,10,4.5,45.0,8498.7,-12.3,8500.0,False,False,False,False,False,False,False,False,False,False,False,True,True,True,True,False,True,False,False,False,False,False,False,False
1239219,STATE_ARMED,11.8,0.0,89.0,0.0,0.0,0.0,4.5,0.5,0.5,5.0,13.0,46.0,79.0,75.5,18.0,0.0,0.0,45.0,1,46.501,6.6005,8500.0,450.0,0.0,10,4.5,45.0,8498.7,-12.3,8500.0,False,False,False,False,False,False,False,False,False,False,False,True,True,True,True,False,True,False,False,False,False,False,False,False
1239726,STATE_ARMED,11.8,0.0,89.0,0.0,0.0,0.0,4.5,0.5,0.5,5.0,13.0,46.0,79.0,75.5,18.0,0.0,0.0,45.0,1,46.501,6.6005,8500.0,450.0,0.0,10,4.5,45.0,8498.7,-12.3,8500.0,False,False,False,False,False,False,False,False,False,False,False,True,True,True,True,False,True,False,False,False,False,False,False,False
1240233,STATE_ARMED,11.8,0.0,89.0,0.0,0.0,0.0,4.5,0.5,0.5,5.0,13.0,46.0,79.0,75.5,18.0,0.0,0.0,45.0,1,46.501,6.6005,8500.0,450.0,0.0,10,4.5,45.0,8498.7,-12.3,8500.0,False,False,False,False,False,False,False,False,False,False,False,True,True,True,True,False,True,False,False,False,False,False,False,False
1240739,STATE_ARMED,11.8,0.0,89.0,0.0,0.0,0.0,4.5,0.5,0.5,5.0,13.0,46.0,79.0,75.5,18.0,0.0,0.0,45.0,1,46.501,6.6005,8500.0,450.0,0.0,10,4.5,45.0,8498.7,-12.3,8500.0,False,False,False,False,False,False,False,False,False,False,False,True,True,True,True,False,True,False,False,False,False,False,False,False
1241245,STATE_ARMED,11.8,0.0,89.0,0.0,0.0,0.0,4.5,0.5,0.5,5.0,13.0,46.0,79.0,75.5,18.0,0.0,0.0,45.0,1,46.501,6.6005,8500.0,450.0,0.0,10,4.5,45.0,8498.7,-12.3,8500.0,False,False,False,False,False,False,False,False,False,False,False,True,True,True,True,False,True,False,False,False,False,False,False,False
1241754,STATE_ARMED,11.8,0.0,89.0,0.0,0.0,0.0,4.5,0.5,0.5,5.0,13.0,46.0,79.0,75.5,18.0,0.0,0.0,45.0,1,46.501,6.6005,8500.0,450.0,0.0,10,4.5,45.0,8498.7,-12.3,8500.0,False,False,False,False,False,False,False,False,False,False,False,True,True,True,True,False,True,False,False,False,False,False,False,False
1242265,STATE_ARMED,11.8,0.0,89.0,0.0,0.0,0.0,4.5,0.5,0.5,5.0,13.0,46.0,79.0,75.5,18.0,0.0,0.0,45.0,1,46.501,6.6005,8500.0,450.0,0.0,10,4.5,45.0,8498.7,-12.3,8500.0,False,False,False,False,False,False,False,False,False,False,False,True,True,True,True,False,True,False,False,False,False,False,False,False
1242776,STATE_ARMED,11.8,0.0,89.0,0.0,0.0,0.0,4.5,0.5,0.5,5.0,13.0,46.0,79.0,75.5,18.0,0.0,0.0,45.0,1,46.501,6.6005,8500.0,450.0,0.0,10,4.5,45.0,8498.7,-12.3,8500.0,False,False,False,False,False,False,False,False,False,False,False,True,True,True,True,False,True,False,False,False,False,False,False,False
1243286,STATE_ARMED,11.8,0.0,89.0,0.0,0.0,0.0,4.5,0.5,0.5,5.0,13.0,46.0,79.0,75.5,18.0,0.0,0.0,45.0,1,46.501,6.6005,8500.0,450.0,0.0,10,4.5,45.0,8498.7,-12.3,8500.0,False,False,False,False,False,False,False,False,False,False,False,True,True,True,True,False,True,False,False,False,False,False,False,False
1243796,STATE_ARMED,11.8,0.0,89.0,0.0,0.0,0.0,4.5,0.5,0.5,5.0,13.0,46.0,79.0,75.5,18.0,0.0,0.0,45.0,1,46.501,6.6005,8500.0,450.0,0.0,10,4.5,45.0,8498.7,-12.3,8500.0,False,False,False,False,False,False,False,False,False,False,False,True,True,True,True,False,True,False,False,False,False,False,False,False
1244303,STATE_ARMED,11.8,0.0,89.0,0.0,0.0,0.0,4.5,0.5,0.5,5.0,13.0,46.0,79.0,75.5,18.0,0.0,0.0,45.0,1,46.501,6.6005,8500.0,450.0,0.0,10,4.5,45.0,8498.7,-12.3,8500.0,False,False,False,False,False,False,False,False,False,False,False,True,True,True,True,False,True,False,False,False,False,False,False,False
1244809,STATE_ARMED,11.8,0.0,89.0,0.0,0.0,0.0,4.5,0.5,0.5,5.0,13.0,46.0,79.0,75.5,18.0,0.0,0.0,45.0,1,46.501,6.6005,8500.0,450.0,0.0,10,4.5,45.0,8498.7,-12.3,8500.0,False,False,False,False,False,False,False,False,False,False,False,True,True,True,True,False,True,False,False,False,False,False,False,False
1245317,STATE_ARMED,11.8,0.0,89.0,0.0,0.0,0.0,4.5,0.5,0.5,5.0,13.0,46.0,79.0,75.5,18.0,0.0,0.0,45.0,1,46.501,6.6005,8500.0,450.0,0.0,10,4.5,45.0,8498.7,-12.3,8500.0,False,False,False,False,False,False,False,False,False,False,False,True,True,True,True,False,True,False,False,False,False,False,False,False
1245828,STATE_ARMED,11.8,0.0,89.0,0.0,0.0,0.0,4.5,0.5,0.5,5.0,13.0,46.0,79.0,75.5,18.0,0.0,0.0,45.0,1,46.501,6.6005,8500.0,450.0,0.0,10,4.5,45.0,8498.7,-12.3,8500.0,False,False,False,False,False,False,False,False,False,False,False,True,True,True,True,False,True,False,False,False,False,False,False,False
1246334,STATE_ARMED,11.8,0.0,89.0,0.0,0.0,0.0,4.5,0.5,0.5,5.0,13.0,46.0,79.0,75.5,18.0,0.0,0.0,45.0,1,46.501,6.6005,8500.0,450.0,0.0,10,4.5,45.0,8498.7,-12.3,8500.0,False,False,False,False,False,False,False,False,False,False,False,True,True,True,True,False,True,False,False,False,False,False,False,False
1246843,STATE_ARMED,11.8,0.0,89.0,0.0,0.0,0.0,4.5,0.5,0.5,5.0,13.0,46.0,79.0,75.5,18.0,0.0,0.0,45.0,1,46.501,6.6005,8500.0,450.0,0.0,10,4.5,45.0,8498.7,-12.3,8500.0,False,False,False,False,False,False,False,False,False,False,False,True,True,True,True,False,True,False,False,False,False,False,False,False
1247353,STATE_ARMED,11.8,0.0,89.0,0.0,0.0,0.0,4.5,0.5,0.5,5.0,13.0,46.0,79.0,75.5,18.0,0.0,0.0,45.0,1,46.501,6.6005,8500.0,450.0,0.0,10,4.5,45.0,8498.7,-12.3,8500.0,False,False,False,False,False,False,False,False,False,False,False,True,True,True,True,False,True,False,False,False,False,False,False,False
1247859,STATE_ARMED,11.8,0.0,89.0,0.0,0.0,0.0,4.5,0.5,0.5,5.0,13.0,46.0,79.0,75.5,18.0,0.0,0.0,45.0,1,46.501,6.6005,8500.0,450.0,0.0,10,4.5,45.0,8498.7,-12.3,8500.0,False,False,False,False,False,False,False,False,False,False,False,True,True,True,True,False,True,False,False,False,False,False,False,False
1248367,STATE_ARMED,11.8,0.0,89.0,0.0,0.0,0.0,4.5,0.5,0.5,5.0,13.0,46.0,79.0,75.5,18.0,0.0,0.0,45.0,1,46.501,6.6005,8500.0,450.0,0.0,10,4.5,45.0,8498.7,-12.3,8500.0,False,False,False,False,False,False,False,False,False,False,False,True,True,True,True,False,True,False,False,False,False,False,False,False
1248876,STATE_ARMED,11.8,0.0,89.0,0.0,0.0,0.0,4.5,0.5,0.5,5.0,13.0,46.0,79.0,75.5,18.0,0.0,0.0,45.0,1,46.501,6.6005,8500.0,450.0,0.0,10,4.5,45.0,8498.7,-12.3,8500.0,False,False,False,False,False,False,False,False,False,False,False,True,True,True,True,False,True,False,False,False,False,False,False,False
1249387,STATE_ARMED,11.8,0.0,89.0,0.0,0.0,0.0,4.5,0.5,0.5,5.0,13.0,46.0,79.0,75.5,18.0,0.0,0.0,45.0,1,46.501,6.6005,8500.0,450.0,0.0,10,4.5,45.0,8498.7,-12.3,8500.0,False,False,False,False,False,False,False,False,False,False,False,True,True,True,True,False,True,False,False,False,False,False,False,False
1249895,STATE_ARMED,11.8,0.0,89.0,0.0,0.0,0.0,4.5,0.5,0.5,5.0,13.0,46.0,79.0,75.5,18.0,0.0,0.0,45.0,1,46.501,6.6005,8500.0,450.0,0.0,10,4.5,45.0,8498.7,-12.3,8500.0,False,False,False,False,False,False,False,False,False,False,False,True,True,True,True,False,True,False,False,False,False,False,False,False
1250403,STATE_ARMED,11.8,0.0,89.0,0.0,0.0,0.0,4.5,0.5,0.5,5.0,13.0,46.0,79.0,75.5,18.0,0.0,0.0,45.0,1,46.501,6.6005,8500.0,450.0,0.0,10,4.5,45.0,8498.7,-12.3,8500.0,False,False,False,False,False,False,False,False,False,False,False,True,True,True,True,False,True,False,False,False,False,False,False,False
1250910,STATE_ARMED,11.8,0.0,89.0,0.0,0.0,0.0,4.5,0.5,0.5,5.0,13.0,46.0,79.0,75.5,18.0,0.0,0.0,45.0,1,46.501,6.6005,8500.0,450.0,0.0,10,4.5,45.0,8498.7,-12.3,8500.0,False,False,False,False,False,False,False,False,False,False,False,True,True,True,True,False,True,False,False,False,False,False,False,False
1251421,STATE_ARMED,11.8,0.0,89.0,0.0,0.0,0.0,4.5,0.5,0.5,5.0,13.0,46.0,79.0,75.5,18.0,0.0,0.0,45.0,1,46.501,6.6005,8500.0,450.0,0.0,10,4.5,45.0,8498.7,-12.3,8500.0,False,False,False,False,False,False,False,False,False,False,False,True,True,True,True,False,True,False,False,False,False,False,False,False
1251932,STATE_ARMED,11.8,0.0,89.0,0.0,0.0,0.0,4.5,0.5,0.5,5.0,13.0,46.0,79.0,75.5,18.0,0.0,0.0,45.0,1,46.501,6.6005,8500.0,450.0,0.0,10,4.5,45.0,8498.7,-12.3,8500.0,False,False,False,False,False,False,False,False,False,False,False,True,True,True,True,False,True,False,False,False,False,False,False,False
1252441,STATE_ARMED,11.8,0.0,89.0,0.0,0.0,0.0,4.5,0.5,0.5,5.0,13.0,46.0,79.0,75.5,18.0,0.0,0.0,45.0,1,46.501,6.6005,8500.0,450.0,0.0,10,4.5,45.0,8498.7,-12.3,8500.0,False,False,False,False,False,False,False,False,False,False,False,True,True,True,True,False,True,False,False,False,False,False,False,False
1252947,STATE_ARMED,11.8,0.0,89.0,0.0,0.0,0.0,4.5,0.5,0.5,5.0,13.0,46.0,79.0,75.5,18.0,0.0,0.0,45.0,1,46.501,6.6005,8500.0,450.0,0.0,10,4.5,45.0,8498.7,-12.3,8500.0,False,False,False,False,False,False,False,False,False,False,False,True,True,True,True,False,True,False,False,False,False,False,False,False
1253459,STATE_ARMED,11.8,0.0,89.0,0.0,0.0,0.0,4.5,0.5,0.5,5.0,13.0,46.0,79.0,75.5,18.0,0.0,0.0,45.0,1,46.501,6.6005,8500.0,450.0,0.0,10,4.5,45.0,8498.7,-12.3,8500.0,False,False,False,False,False,False,False,False,False,False,False,True,True,True,True,False,True,False,False,False,False,False,False,False
1253968,STATE_ARMED,11.8,0.0,89.0,0.0,0.0,0.0,4.5,0.5,0.5,5.0,13.0,46.0,79.0,75.5,18.0,0.0,0.0,45.0,1,46.501,6.6005,8500.0,450.0,0.0,10,4.5,45.0,8498.7,-12.3,8500.0,False,False,False,False,False,False,False,False,False,False,False,True,True,True,True,False,True,False,False,False,False,False,False,False
1254476,STATE_ARMED,11.8,0.0,89.0,0.0,0.0,0.0,4.5,0.5,0.5,5.0,13.0,46.0,79.0,75.5,18.0,0.0,0.0,45.0,1,46.501,6.6005,8500.0,450.0,0.0,10,4.5,45.0,8498.7,-12.3,8500.0,False,False,False,False,False,False,False,False,False,False,False,True,True,True,True,False,True,False,False,False,False,False,False,False
1254983,STATE_ARMED,11.8,0.0,89.0,0.0,0.0,0.0,4.5,0.5,0.5,5.0,13.0,46.0,79.0,75.5,18.0,0.0,0.0,45.0,1,46.501,6.6005,8500.0,450.0,0.0,10,4.5,45.0,8498.7,-12.3,8500.0,False,False,False,False,False,False,False,False,False,False,False,True,True,True,True,False,True,False,False,False,False,False,False,False
1255491,STATE_ARMED,11.8,0.0,89.0,0.0,0.0,0.0,4.5,0.5,0.5,5.0,13.0,46.0,79.0,75.5,18.0,0.0,0.0,45.0,1,46.501,6.6005,8500.0,450.0,0.0,10,4.5,45.0,8498.7,-12.3,8500.0,False,False,False,False,False,False,False,False,False,False,False,True,True,True,True,False,True,False,False,False,False,False,False,False
1256002,STATE_ARMED,11.8,0.0,89.0,0.0,0.0,0.0,4.5,0.5,0.5,5.0,13.0,46.0,79.0,75.5,18.0,0.0,0.0,45.0,1,46.501,6.6005,8500.0,450.0,0.0,10,4.5,45.0,8498.7,-12.3,8500.0,False,False,False,False,False,False,False,False,False,False,False,True,True,True,True,False,True,False,False,False,False,False,False,False
1256513,STATE_ARMED,11.8,0.0,89.0,0.0,0.0,0.0,4.5,0.5,0.5,5.0,13.0,46.0,79.0,75.5,18.0,0.0,0.0,45.0,1,46.501,6.6005,8500.0,450.0,0.0,10,4.5,45.0,8498.7,-12.3,8500.0,False,False,False,False,False,False,False,False,False,False,False,True,True,True,True,False,True,False,False,False,False,False,False,False
1257022,STATE_ARMED,11.8,0.0,89.0,0.0,0.0,0.0,4.5,0.5,0.5,5.0,13.0,46.0,79.0,75.5,18.0,0.0,0.0,45.0,1,46.501,6.6005,8500.0,450.0,0.0,10,4.5,45.0,8498.7,-12.3,8500.0,False,False,False,False,False,False,False,False,False,False,False,True,True,True,True,False,True,False,False,False,False,False,False,False
1257529,STATE_ARMED,11.8,0.0,89.0,0.0,0.0,0.0,4.5,0.5,0.5,5.0,13.0,46.0,79.0,75.5,18.0,0.0,0.0,45.0,1,46.501,6.6005,8500.0,450.0,0.0,10,4.5,45.0,8498.7,-12.3,8500.0,False,False,False,False,False,False,False,False,False,False,False,True,True,True,True,False,True,False,False,False,False,False,False,False
1258035,STATE_ARMED,11.8,0.0,89.0,0.0,0.0,0.0,4.5,0.5,0.5,5.0,13.0,46.0,79.0,75.5,18.0,0.0,0.0,45.0,1,46.501,6.6005,8500.0,450.0,0.0,10,4.5,45.0,8498.7,-12.3,8500.0,False,False,False,False,False,False,False,False,False,False,False,True,True,True,True,False,True,False,False,False,False,False,False,False
1258547,STATE_ARMED,11.8,0.0,89.0,0.0,0.0,0.0,4.5,0.5,0.5,5.0,13.0,46.0,79.0,75.5,18.0,0.0,0.0,45.0,1,46.501,6.6005,8500.0,450.0,0.0,10,4.5,45.0,8498.7,-12.3,8500.0,False,False,False,False,False,False,False,False,False,False,False,True,True,True,True,False,True,False,False,False,False,False,False,False
1259054,STATE_ARMED,11.8,0.0,89.0,0.0,0.0,0.0,4.5,0.5,0.5,5.0,13.0,46.0,79.0,75.5,18.0,0.0,0.0,45.0,1,46.501,6.6005,8500.0,450.0,0.0,10,4.5,45.0,8498.7,-12.3,8500.0,False,False,False,False,False,False,False,False,False,False,False,True,True,True,True,False,True,False,False,False,False,False,False,False
1259558,STATE_ARMED,11.8,0.0,89.0,0.0,0.0,0.0,4.5,0.5,0.5,5.0,13.0,46.0,79.0,75.5,18.0,0.0,0.0,45.0,1,46.501,6.6005,8500.0,450.0,0.0,10,4.5,45.0,8498.7,-12.3,8500.0,False,False,False,False,False,False,False,False,False,False,False,True,True,True,True,False,True,False,False,False,False,False,False,False
1260067,STATE_ARMED,11.8,0.0,89.0,0.0,0.0,0.0,4.5,0.5,0.5,5.0,13.0,46.0,79.0,75.5,18.0,0.0,0.0,45.0,1,46.501,6.6005,8500.0,450.0,0.0,10,4.5,45.0,8498.7,-12.3,8500.0,False,False,False,False,False,False,False,False,False,False,False,True,True,True,True,False,True,False,False,False,False,False,False,False
1260574,STATE_ARMED,11.8,0.0,89.0,0.0,0.0,0.0,4.5,0.5,0.5,5.0,13.0,46.0,79.0,75.5,18.0,0.0,0.0,45.0,1,46.501,6.6005,8500.0,450.0,0.0,10,4.5,45.0,8498.7,-12.3,8500.0,False,False,False,False,False,False,False,False,False,False,False,True,True,True,True,False,True,False,False,False,False,False,False,False
1261081,STATE_ARMED,11.8,0.0,89.0,0.0,0.0,0.0,4.5,0.5,0.5,5.0,13.0,46.0,79.0,75.5,18.0,0.0,0.0,45.0,1,46.501,6.6005,8500.0,450.0,0.0,10,4.5,45.0,8498.7,-12.3,8500.0,False,False,False,False,False,False,False,False,False,False,False,True,True,True,True,False,True,False,False,False,False,False,False,False
1261587,STATE_ARMED,11.8,0.0,89.0,0.0,0.0,0.0,4.5,0.5,0.5,5.0,13.0,46.0,79.0,75.5,18.0,0.0,0.0,45.0,1,46.501,6.6005,8500.0,450.0,0.0,10,4.5,45.0,8498.7,-12.3,8500.0,False,False,False,False,False,False,False,False,False,False,False,True,True,True,True,False,True,False,False,False,False,False,False,False
1262096,STATE_ARMED,11.8,0.0,89.0,0.0,0.0,0.0,4.5,0.5,0.5,5.0,13.0,46.0,79.0,75.5,18.0,0.0,0.0,45.0,1,46.501,6.6005,8500.0,450.0,0.0,10,4.5,45.0,8498.7,-12.3,8500.0,False,False,False,False,False,False,False,False,False,False,False,True,True,True,True,False,True,False,False,False,False,False,False,False
1262604,STATE_ARMED,11.8,0.0,89.0,0.0,0.0,0.0,4.5,0.5,0.5,5.0,13.0,46.0,79.0,75.5,18.0,0.0,0.0,45.0,1,46.501,6.6005,8500.0,450.0,0.0,10,4.5,45.0,8498.7,-12.3,8500.0,False,False,False,False,False,False,False,False,False,False,False,True,True,True,True,False,True,False,False,False,False,False,False,False
1263113,STATE_ARMED,11.8,0.0,89.0,0.0,0.0,0.0,4.5,0.5,0.5,5.0,13.0,46.0,79.0,75.5,18.0,0.0,0.0,45.0,1,46.501,6.6005,8500.0,450.0,0.0,10,4.5,45.0,8498.7,-12.3,8500.0,False,False,False,False,False,False,False,False,False,False,False,True,True,True,True,False,True,False,False,False,False,False,False,False
1263622,STATE_ARMED,11.8,0.0,89.0,0.0,0.0,0.0,4.5,0.5,0.5,5.0,13.0,46.0,79.0,75.5,18.0,0.0,0.0,45.0,1,46.501,6.6005,8500.0,450.0,0.0,10,4.5,45.0,8498.7,-12.3,8500.0,False,False,False,False,False,False,False,False,False,False,False,True,True,True,True,False,True,False,False,False,False,False,False,False
1264131,STATE_ARMED,11.8,0.0,89.0,0.0,0.0,0.0,4.5,0.5,0.5,5.0,13.0,46.0,79.0,75.5,18.0,0.0,0.0,45.0,1,46.501,6.6005,8500.0,450.0,0.0,10,4.5,45.0,8498.7,-12.3,8500.0,False,False,False,False,False,False,False,False,False,False,False,True,True,True,True,False,True,False,False,False,False,False,False,False
1264639,STATE_ARMED,11.8,0.0,89.0,0.0,0.0,0.0,4.5,0.5,0.5,5.0,13.0,46.0,79.0,75.5,18.0,0.0,0.0,45.0,1,46.501,6.6005,8500.0,450.0,0.0,10,4.5,45.0,8498.7,-12.3,8500.0,False,False,False,False,False,False,False,False,False,False,False,True,True,True,True,False,True,False,False,False,False,False,False,False
1265145,STATE_ARMED,11.8,0.0,89.0,0.0,0.0,0.0,4.5,0.5,0.5,5.0,13.0,46.0,79.0,75.5,18.0,0.0,0.0,45.0,1,46.501,6.6005,8500.0,450.0,0.0,10,4.5,45.0,8498.7,-12.3,8500.0,False,False,False,False,False,False,False,False,False,False,False,True,True,True,True,False,True,False,False,False,False,False,False,False
1265655,STATE_ARMED,11.8,0.0,89.0,0.0,0.0,0.0,4.5,0.5,0.5,5.0,13.0,46.0,79.0,75.5,18.0,0.0,0.0,45.0,1,46.501,6.6005,8500.0,450.0,0.0,10,4.5,45.0,8498.7,-12.3,8500.0,False,False,False,False,False,False,False,False,False,False,False,True,True,True,True,False,True,False,False,False,False,False,False,False
1266163,STATE_ARMED,11.8,0.0,89.0,0.0,0.0,0.0,4.5,0.5,0.5,5.0,13.0,46.0,79.0,75.5,18.0,0.0,0.0,45.0,1,46.501,6.6005,8500.0,450.0,0.0,10,4.5,45.0,8498.7,-12.3,8500.0,False,False,False,False,False,False,False,False,False,False,False,True,True,True,True,False,True,False,False,False,False,False,False,False
1266670,STATE_ARMED,11.8,0.0,89.0,0.0,0.0,0.0,4.5,0.5,0.5,5.0,13.0,46.0,79.0,75.5,18.0,0.0,0.0,45.0,1,46.501,6.6005,8500.0,450.0,0.0,10,4.5,45.0,8498.7,-12.3,8500.0,False,False,False,False,False,False,False,False,False,False,False,True,True,True,True,False,True,False,False,False,False,False,False,False
1267177,STATE_ARMED,11.8,0.0,89.0,0.0,0.0,0.0,4.5,0.5,0.5,5.0,13.0,46.0,79.0,75.5,18.0,0.0,0.0,45.0,1,46.501,6.6005,8500.0,450.0,0.0,10,4.5,45.0,8498.7,-12.3,8500.0,False,False,False,False,False,False,False,False,False,False,False,True,True,True,True,False,True,False,False,False,False,False,False,False
1267684,STATE_ARMED,11.8,0.0,89.0,0.0,0.0,0.0,4.5,0.5,0.5,5.0,13.0,46.0,79.0,75.5,18.0,0.0,0.0,45.0,1,46.501,6.6005,8500.0,450.0,0.0,10,4.5,45.0,8498.7,-12.3,8500.0,False,False,False,False,False,False,False,False,False,False,False,True,True,True,True,False,True,False,False,False,False,False,False,False
1268190,STATE_ARMED,11.8,0.0,89.0,0.0,0.0,0.0,4.5,0.5,0.5,5.0,13.0,46.0,79.0,75.5,18.0,0.0,0.0,45.0,1,46.501,6.6005,8500.0,450.0,0.0,10,4.5,45.0,8498.7,-12.3,8500.0,False,False,False,False,False,False,False,False,False,False,False,True,True,True,True,False,True,False,False,False,False,False,False,False
1268700,STATE_ARMED,11.8,0.0,89.0,0.0,0.0,0.0,4.5,0.5,0.5,5.0,13.0,46.0,79.0,75.5,18.0,0.0,0.0,45.0,1,46.501,6.6005,8500.0,450.0,0.0,10,4.5,45.0,8498.7,-12.3,8500.0,False,False,False,False,False,False,False,False,False,False,False,True,True,True,True,False,True,False,False,False,False,False,False,False
1269209,STATE_ARMED,11.8,0.0,89.0,0.0,0.0,0.0,4.5,0.5,0.5,5.0,13.0,46.0,79.0,75.5,18.0,0.0,0.0,45.0,1,46.501,6.6005,8500.0,450.0,0.0,10,4.5,45.0,8498.7,-12.3,8500.0,False,False,False,False,False,False,False,False,False,False,False,True,True,True,True,False,True,False,False,False,False,False,False,False
1269716,STATE_ARMED,11.8,0.0,89.0,0.0,0.0,0.0,4.5,0.5,0.5,5.0,13.0,46.0,79.0,75.5,18.0,0.0,0.0,45.0,1,46.501,6.6005,8500.0,450.0,0.0,10,4.5,45.0,8498.7,-12.3,8500.0,False,False,False,False,False,False,False,False,False,False,False,True,True,True,True,False,True,False,False,False,False,False,False,False
1270222,STATE_ARMED,11.8,0.0,89.0,0.0,0.0,0.0,4.5,0.5,0.5,5.0,13.0,46.0,79.0,75.5,18.0,0.0,0.0,45.0,1,46.501,6.6005,8500.0,450.0,0.0,10,4.5,45.0,8498.7,-12.3,8500.0,False,False,False,False,False,False,False,False,False,False,False,True,True,True,True,False,True,False,False,False,False,False,False,False
1270729,STATE_ARMED,11.8,0.0,89.0,0.0,0.0,0.0,4.5,0.5,0.5,5.0,13.0,46.0,79.0,75.5,18.0,0.0,0.0,45.0,1,46.501,6.6005,8500.0,450.0,0.0,10,4.5,45.0,8498.7,-12.3,8500.0,False,False,False,False,False,False,False,False,False,False,False,True,True,True,True,False,True,False,False,False,False,False,False,False
1271241,STATE_ARMED,11.8,0.0,89.0,0.0,0.0,0.0,4.5,0.5,0.5,5.0,13.0,46.0,79.0,75.5,18.0,0.0,0.0,45.0,1,46.501,6.6005,8500.0,450.0,0.0,10,4.5,45.0,8498.7,-12.3,8500.0,False,False,False,False,False,False,False,False,False,False,False,True,True,True,True,False,True,False,False,False,False,False,False,False
1271750,STATE_ARMED,11.8,0.0,89.0,0.0,0.0,0.0,4.5,0.5,0.5,5.0,13.0,46.0,79.0,75.5,18.0,0.0,0.0,45.0,1,46.501,6.6005,8500.0,450.0,0.0,10,4.5,45.0,8498.7,-12.3,8500.0,False,False,False,False,False,False,False,False,False,False,False,True,True,True,True,False,True,False,False,False,False,False,False,False
1272259,STATE_ARMED,11.8,0.0,89.0,0.0,0.0,0.0,4.5,0.5,0.5,5.0,13.0,46.0,79.0,75.5,18.0,0.0,0.0,45.0,1,46.501,6.6005,8500.0,450.0,0.0,10,4.5,45.0,8498.7,-12.3,8500.0,False,False,False,False,False,False,False,False,False,False,False,True,True,True,True,False,True,False,False,False,False,False,False,False
1272766,STATE_ARMED,11.8,0.0,89.0,0.0,0.0,0.0,4.5,0.5,0.5,5.0,13.0,46.0,79.0,75.5,18.0,0.0,0.0,45.0,1,46.501,6.6005,8500.0,450.0,0.0,10,4.5,45.0,8498.7,-12.3,8500.0,False,False,False,False,False,False,False,False,False,False,False,True,True,True,True,False,True,False,False,False,False,False,False,False
1273274,STATE_ARMED,11.8,0.0,89.0,0.0,0.0,0.0,4.5,0.5,0.5,5.0,13.0,46.0,79.0,75.5,18.0,0.0,0.0,45.0,1,46.501,6.6005,8500.0,450.0,0.0,10,4.5,45.0,8498.7,-12.3,8500.0,False,False,False,False,False,False,False,False,False,False,False,True,True,True,True,False,True,False,False,False,False,False,False,False
1273780,STATE_ARMED,11.8,0.0,89.0,0.0,0.0,0.0,4.5,0.5,0.5,5.0,13.0,46.0,79.0,75.5,18.0,0.0,0.0,45.0,1,46.501,6.6005,8500.0,450.0,0.0,10,4.5,45.0,8498.7,-12.3,8500.0,False,False,False,False,False,False,False,False,False,False,False,True,True,True,True,False,True,False,False,False,False,False,False,False
1274283,STATE_ARMED,11.8,0.0,89.0,0.0,0.0,0.0,4.5,0.5,0.5,5.0,13.0,46.0,79.0,75.5,18.0,0.0,0.0,45.0,1,46.501,6.6005,8500.0,450.0,0.0,10,4.5,45.0,8498.7,-12.3,8500.0,False,False,False,False,False,False,False,False,False,False,False,True,True,True,True,False,True,False,False,False,False,False,False,False
1274794,STATE_ARMED,11.8,0.0,89.0,0.0,0.0,0.0,4.5,0.5,0.5,5.0,13.0,46.0,79.0,75.5,18.0,0.0,0.0,45.0,1,46.501,6.6005,8500.0,450.0,0.0,10,4.5,45.0,8498.7,-12.3,8500.0,False,False,False,False,False,False,False,False,False,False,False,True,True,True,True,False,True,False,False,False,False,False,False,False
1275300,STATE_ARMED,11.8,0.0,89.0,0.0,0.0,0.0,4.5,0.5,0.5,5.0,13.0,46.0,79.0,75.5,18.0,0.0,0.0,45.0,1,46.501,6.6005,8500.0,450.0,0.0,10,4.5,45.0,8498.7,-12.3,8500.0,False,False,False,False,False,False,False,False,False,False,False,True,True,True,True,False,True,False,False,False,False,False,False,False
1275811,STATE_ARMED,11.8,0.0,89.0,0.0,0.0,0.0,4.5,0.5,0.5,5.0,13.0,46.0,79.0,75.5,18.0,0.0,0.0,45.0,1,46.501,6.6005,8500.0,450.0,0.0,10,4.5,45.0,8498.7,-12.3,8500.0,False,False,False,False,False,False,False,False,False,False,False,True,True,True,True,False,True,False,False,False,False,False,False,False
1276321,STATE_ARMED,11.8,0.0,89.0,0.0,0.0,0.0,4.5,0.5,0.5,5.0,13.0,46.0,79.0,75.5,18.0,0.0,0.0,45.0,1,46.501,6.6005,8500.0,450.0,0.0,10,4.5,45.0,8498.7,-12.3,8500.0,False,False,False,False,False,False,False,False,False,False,False,True,True,True,True,False,True,False,False,False,False,False,False,False
1276828,STATE_ARMED,11.8,0.0,89.0,0.0,0.0,0.0,4.5,0.5,0.5,5.0,13.0,46.0,79.0,75.5,18.0,0.0,0.0,45.0,1,46.501,6.6005,8500.0,450.0,0.0,10,4.5,45.0,8498.7,-12.3,8500.0,False,False,False,False,False,False,False,False,False,False,False,True,True,True,True,False,True,False,False,False,False,False,False,False
1277335,STATE_ARMED,11.8,0.0,89.0,0.0,0.0,0.0,4.5,0.5,0.5,5.0,13.0,46.0,79.0,75.5,18.0,0.0,0.0,45.0,1,46.501,6.6005,8500.0,450.0,0.0,10,4.5,45.0,8498.7,-12.3,8500.0,False,False,False,False,False,False,False,False,False,False,False,True,True,True,True,False,True,False,False,False,False,False,False,False
1277847,STATE_ARMED,11.8,0.0,89.0,0.0,0.0,0.0,4.5,0.5,0.5,5.0,13.0,46.0,79.0,75.5,18.0,0.0,0.0,45.0,1,46.501,6.6005,8500.0,450.0,0.0,10,4.5,45.0,8498.7,-12.3,8500.0,False,False,False,False,False,False,False,False,False,False,False,True,True,True,True,False,True,False,False,False,False,False,False,False
1278358,STATE_ARMED,11.8,0.0,89.0,0.0,0.0,0.0,4.5,0.5,0.5,5.0,13.0,46.0,79.0,75.5,18.0,0.0,0.0,45.0,1,46.501,6.6005,8500.0,450.0,0.0,10,4.5,45.0,8498.7,-12.3,8500.0,False,False,False,False,False,False,False,False,False,False,False,True,True,True,True,False,True,False,False,False,False,False,False,False
1278878,STATE_ARMED,11.8,0.0,89.0,0.0,0.0,0.0,4.5,0.5,0.5,5.0,13.0,46.0,79.0,75.5,18.0,0.0,0.0,45.0,1,46.501,6.6005,8500.0,450.0,0.0,10,4.5,45.0,8498.7,-12.3,8500.0,False,False,False,False,False,False,False,False,False,False,False,True,True,True,True,False,True,False,False,False,False,False,False,False
1279388,STATE_ARMED,11.8,0.0,89.0,0.0,0.0,0.0,4.5,0.5,0.5,5.0,13.0,46.0,79.0,75.5,18.0,0.0,0.0,45.0,1,46.501,6.6005,8500.0,450.0,0.0,10,4.5,45.0,8498.7,-12.3,8500.0,False,False,False,False,False,False,False,False,False,False,False,True,True,True,True,False,True,False,False,False,False,False,False,False
1279898,STATE_ARMED,11.8,0.0,89.0,0.0,0.0,0.0,4.5,0.5,0.5,5.0,13.0,46.0,79.0,75.5,18.0,0.0,0.0,45.0,1,46.501,6.6005,8500.0,450.0,0.0,10,4.5,45.0,8498.7,-12.3,8500.0,False,False,False,False,False,False,False,False,False,False,False,True,True,True,True,False,True,False,False,False,False,False,False,False
1280409,STATE_ARMED,11.8,0.0,89.0,0.0,0.0,0.0,4.5,0.5,0.5,5.0,13.0,46.0,79.0,75.5,18.0,0.0,0.0,45.0,1,46.501,6.6005,8500.0,450.0,0.0,10,4.5,45.0,8498.7,-12.3,8500.0,False,False,False,False,False,False,False,False,False,False,False,True,True,True,True,False,True,False,False,False,False,False,False,False
1280916,STATE_ARMED,11.8,0.0,89.0,0.0,0.0,0.0,4.5,0.5,0.5,5.0,13.0,46.0,79.0,75.5,18.0,0.0,0.0,45.0,1,46.501,6.6005,8500.0,450.0,0.0,10,4.5,45.0,8498.7,-12.3,8500.0,False,False,False,False,False,False,False,False,False,False,False,True,True,True,True,False,True,False,False,False,False,False,False,False
1281428,STATE_ARMED,11.8,0.0,89.0,0.0,0.0,0.0,4.5,0.5,0.5,5.0,13.0,46.0,79.0,75.5,18.0,0.0,0.0,45.0,1,46.501,6.6005,8500.0,450.0,0.0,10,4.5,45.0,8498.7,-12.3,8500.0,False,False,False,False,False,False,False,False,False,False,False,True,True,True,True,False,True,False,False,False,False,False,False,False
1281940,STATE_ARMED,11.8,0.0,89.0,0.0,0.0,0.0,4.5,0.5,0.5,5.0,13.0,46.0,79.0,75.5,18.0,0.0,0.0,45.0,1,46.501,6.6005,8500.0,450.0,0.0,10,4.5,45.0,8498.7,-12.3,8500.0,False,False,False,False,False,False,False,False,False,False,False,True,True,True,True,False,True,False,False,False,False,False,False,False
1282448,STATE_ARMED,11.8,0.0,89.0,0.0,0.0,0.0,4.5,0.5,0.5,5.0,13.0,46.0,79.0,75.5,18.0,0.0,0.0,45.0,1,46.501,6.6005,8500.0,450.0,0.0,10,4.5,45.0,8498.7,-12.3,8500.0,False,False,False,False,False,False,False,False,False,False,False,True,True,True,True,False,True,False,False,False,False,False,False,False
1282958,STATE_ARMED,11.8,0.0,89.0,0.0,0.0,0.0,4.5,0.5,0.5,5.0,13.0,46.0,79.0,75.5,18.0,0.0,0.0,45.0,1,46.501,6.6005,8500.0,450.0,0.0,10,4.5,45.0,8498.7,-12.3,8500.0,False,False,False,False,False,False,False,False,False,False,False,True,True,True,True,False,True,False,False,False,False,False,False,False
1283462,STATE_ARMED,11.8,0.0,89.0,0.0,0.0,0.0,4.5,0.5,0.5,5.0,13.0,46.0,79.0,75.5,18.0,0.0,0.0,45.0,1,46.501,6.6005,8500.0,450.0,0.0,10,4.5,45.0,8498.7,-12.3,8500.0,False,False,False,False,False,False,False,False,False,False,False,True,True,True,True,False,True,False,False,False,False,False,False,False
1283970,STATE_ARMED,11.8,0.0,89.0,0.0,0.0,0.0,4.5,0.5,0.5,5.0,13.0,46.0,79.0,75.5,18.0,0.0,0.0,45.0,1,46.501,6.6005,8500.0,450.0,0.0,10,4.5,45.0,8498.7,-12.3,8500.0,False,False,False,False,False,False,False,False,False,False,False,True,True,True,True,False,True,False,False,False,False,False,False,False
1284475,STATE_ARMED,11.8,0.0,89.0,0.0,0.0,0.0,4.5,0.5,0.5,5.0,13.0,46.0,79.0,75.5,18.0,0.0,0.0,45.0,1,46.501,6.6005,8500.0,450.0,0.0,10,4.5,45.0,8498.7,-12.3,8500.0,False,False,False,False,False,False,False,False,False,False,False,True,True,True,True,False,True,False,False,False,False,False,False,False
1284981,STATE_ARMED,11.8,0.0,89.0,0.0,0.0,0.0,4.5,0.5,0.5,5.0,13.0,46.0,79.0,75.5,18.0,0.0,0.0,45.0,1,46.501,6.6005,8500.0,450.0,0.0,10,4.5,45.0,8498.7,-12.3,8500.0,False,False,False,False,False,False,False,False,False,False,False,True,True,True,True,False,True,False,False,False,False,False,False,False
1285489,STATE_ARMED,11.8,0.0,89.0,0.0,0.0,0.0,4.5,0.5,0.5,5.0,13.0,46.0,79.0,75.5,18.0,0.0,0.0,45.0,1,46.501,6.6005,8500.0,450.0,0.0,10,4.5,45.0,8498.7,-12.3,8500.0,False,False,False,False,False,False,False,False,False,False,False,True,True,True,True,False,True,False,False,False,False,False,False,False
1285996,STATE_ARMED,11.8,0.0,89.0,0.0,0.0,0.0,4.5,0.5,0.5,5.0,13.0,46.0,79.0,75.5,18.0,0.0,0.0,45.0,1,46.501,6.6005,8500.0,450.0,0.0,10,4.5,45.0,8498.7,-12.3,8500.0,False,False,False,False,False,False,False,False,False,False,False,True,True,True,True,False,True,False,False,False,False,False,False,False
1286501,STATE_ARMED,11.8,0.0,89.0,0.0,0.0,0.0,4.5,0.5,0.5,5.0,13.0,46.0,79.0,75.5,18.0,0.0,0.0,45.0,1,46.501,6.6005,8500.0,450.0,0.0,10,4.5,45.0,8498.7,-12.3,8500.0,False,False,False,False,False,False,False,False,False,False,False,True,True,True,True,False,True,False,False,False,False,False,False,False
1287007,STATE_ARMED,11.8,0.0,89.0,0.0,0.0,0.0,4.5,0.5,0.5,5.0,13.0,46.0,79.0,75.5,18.0,0.0,0.0,45.0,1,46.501,6.6005,8500.0,450.0,0.0,10,4.5,45.0,8498.7,-12.3,8500.0,False,False,False,False,False,False,False,False,False,False,False,True,True,True,True,False,True,False,False,False,False,False,False,False
1287514,STATE_ARMED,11.8,0.0,89.0,0.0,0.0,0.0,4.5,0.5,0.5,5.0,13.0,46.0,79.0,75.5,18.0,0.0,0.0,45.0,1,46.501,6.6005,8500.0,450.0,0.0,10,4.5,45.0,8498.7,-12.3,8500.0,False,False,False,False,False,False,False,False,False,False,False,True,True,True,True,False,True,False,False,False,False,False,False,False
1288022,STATE_ARMED,11.8,0.0,89.0,0.0,0.0,0.0,4.5,0.5,0.5,5.0,13.0,46.0,79.0,75.5,18.0,0.0,0.0,45.0,1,46.501,6.6005,8500.0,450.0,0.0,10,4.5,45.0,8498.7,-12.3,8500.0,False,False,False,False,False,False,False,False,False,False,False,True,True,True,True,False,True,False,False,False,False,False,False,False
1288534,STATE_ARMED,11.8,0.0,89.0,0.0,0.0,0.0,4.5,0.5,0.5,5.0,13.0,46.0,79.0,75.5,18.0,0.0,0.0,45.0,1,46.501,6.6005,8500.0,450.0,0.0,10,4.5,45.0,8498.7,-12.3,8500.0,False,False,False,False,False,False,False,False,False,False,False,True,True,True,True,False,True,False,False,False,False,False,False,False
1289045,STATE_ARMED,11.8,0.0,89.0,0.0,0.0,0.0,4.5,0.5,0.5,5.0,13.0,46.0,79.0,75.5,18.0,0.0,0.0,45.0,1,46.501,6.6005,8500.0,450.0,0.0,10,4.5,45.0,8498.7,-12.3,8500.0,False,False,False,False,False,False,False,False,False,False,False,True,True,True,True,False,True,False,False,False,False,False,False,False
1289554,STATE_ARMED,11.8,0.0,89.0,0.0,0.0,0.0,4.5,0.5,0.5,5.0,13.0,46.0,79.0,75.5,18.0,0.0,0.0,45.0,1,46.501,6.6005,8500.0,450.0,0.0,10,4.5,45.0,8498.7,-12.3,8500.0,False,False,False,False,False,False,False,False,False,False,False,True,True,True,True,False,True,False,False,False,False,False,False,False
1290062,STATE_ARMED,11.8,0.0,89.0,0.0,0.0,0.0,4.5,0.5,0.5,5.0,13.0,46.0,79.0,75.5,18.0,0.0,0.0,45.0,1,46.501,6.6005,8500.0,450.0,0.0,10,4.5,45.0,8498.7,-12.3,8500.0,False,False,False,False,False,False,False,False,False,False,False,True,True,True,True,False,True,False,False,False,False,False,False,False
1290573,STATE_ARMED,11.8,0.0,89.0,0.0,0.0,0.0,4.5,0.5,0.5,5.0,13.0,46.0,79.0,75.5,18.0,0.0,0.0,45.0,1,46.501,6.6005,8500.0,450.0,0.0,10,4.5,45.0,8498.7,-12.3,8500.0,False,False,False,False,False,False,False,False,False,False,False,True,True,True,True,False,True,False,False,False,False,False,False,False
1291081,STATE_ARMED,11.8,0.0,89.0,0.0,0.0,0.0,4.5,0.5,0.5,5.0,13.0,46.0,79.0,75.5,18.0,0.0,0.0,45.0,1,46.501,6.6005,8500.0,450.0,0.0,10,4.5,45.0,8498.7,-12.3,8500.0,False,False,False,False,False,False,False,False,False,False,False,True,True,True,True,False,True,False,False,False,False,False,False,False
1291587,STATE_ARMED,11.8,0.0,89.0,0.0,0.0,0.0,4.5,0.5,0.5,5.0,13.0,46.0,79.0,75.5,18.0,0.0,0.0,45.0,1,46.501,6.6005,8500.0,450.0,0.0,10,4.5,45.0,8498.7,-12.3,8500.0,False,False,False,False,False,False,False,False,False,False,False,True,True,True,True,False,True,False,False,False,False,False,False,False
1292094,STATE_ARMED,11.8,0.0,89.0,0.0,0.0,0.0,4.5,0.5,0.5,5.0,13.0,46.0,79.0,75.5,18.0,0.0,0.0,45.0,1,46.501,6.6005,8500.0,450.0,0.0,10,4.5,45.0,8498.7,-12.3,8500.0,False,False,False,False,False,False,False,False,False,False,False,True,True,True,True,False,True,False,False,False,False,False,False,False
1292600,STATE_ARMED,11.8,0.0,89.0,0.0,0.0,0.0,4.5,0.5,0.5,5.0,13.0,46.0,79.0,75.5,18.0,0.0,0.0,45.0,1,46.501,6.6005,8500.0,450.0,0.0,10,4.5,45.0,8498.7,-12.3,8500.0,False,False,False,False,False,False,False,False,False,False,False,True,True,True,True,False,True,False,False,False,False,False,False,False
1293111,STATE_ARMED,11.8,0.0,89.0,0.0,0.0,0.0,4.5,0.5,0.5,5.0,13.0,46.0,79.0,75.5,18.0,0.0,0.0,45.0,1,46.501,6.6005,8500.0,450.0,0.0,10,4.5,45.0,8498.7,-12.3,8500.0,False,False,False,False,False,False,False,False,False,False,False,True,True,True,True,False,True,False,False,False,False,False,False,False
1293620,STATE_ARMED,11.8,0.0,89.0,0.0,0.0,0.0,4.5,0.5,0.5,5.0,13.0,46.0,79.0,75.5,18.0,0.0,0.0,45.0,1,46.501,6.6005,8500.0,450.0,0.0,10,4.5,45.0,8498.7,-12.3,8500.0,False,False,False,False,False,False,False,False,False,False,False,True,True,True,True,False,True,False,False,False,False,False,False,False
1294131,STATE_ARMED,11.8,0.0,89.0,0.0,0.0,0.0,4.5,0.5,0.5,5.0,13.0,46.0,79.0,75.5,18.0,0.0,0.0,45.0,1,46.501,6.6005,8500.0,450.0,0.0,10,4.5,45.0,8498.7,-12.3,8500.0,False,False,False,False,False,False,False,False,False,False,False,True,True,True,True,False,True,False,False,False,False,False,False,False
1294641,STATE_ARMED,11.8,0.0,89.0,0.0,0.0,0.0,4.5,0.5,0.5,5.0,13.0,46.0,79.0,75.5,18.0,0.0,0.0,45.0,1,46.501,6.6005,8500.0,450.0,0.0,10,4.5,45.0,8498.7,-12.3,8500.0,False,False,False,False,False,False,False,False,False,False,False,True,True,True,True,False,True,False,False,False,False,False,False,False
1295150,STATE_ARMED,11.8,0.0,89.0,0.0,0.0,0.0,4.5,0.5,0.5,5.0,13.0,46.0,79.0,75.5,18.0,0.0,0.0,45.0,1,46.501,6.6005,8500.0,450.0,0.0,10,4.5,45.0,8498.7,-12.3,8500.0,False,False,False,False,False,False,False,False,False,False,False,True,True,True,True,False,True,False,False,False,False,False,False,False
1295657,STATE_ARMED,11.8,0.0,89.0,0.0,0.0,0.0,4.5,0.5,0.5,5.0,13.0,46.0,79.0,75.5,18.0,0.0,0.0,45.0,1,46.501,6.6005,8500.0,450.0,0.0,10,4.5,45.0,8498.7,-12.3,8500.0,False,False,False,False,False,False,False,False,False,False,False,True,True,True,True,False,True,False,False,False,False,False,False,False
1296164,STATE_ARMED,11.8,0.0,89.0,0.0,0.0,0.0,4.5,0.5,0.5,5.0,13.0,46.0,79.0,75.5,18.0,0.0,0.0,45.0,1,46.501,6.6005,8500.0,450.0,0.0,10,4.5,45.0,8498.7,-12.3,8500.0,False,False,False,False,False,False,False,False,False,False,False,True,True,True,True,False,True,False,False,False,False,False,False,False
1296671,STATE_ARMED,11.8,0.0,89.0,0.0,0.0,0.0,4.5,0.5,0.5,5.0,13.0,46.0,79.0,75.5,18.0,0.0,0.0,45.0,1,46.501,6.6005,8500.0,450.0,0.0,10,4.5,45.0,8498.7,-12.3,8500.0,False,False,False,False,False,False,False,False,False,False,False,True,True,True,True,False,True,False,False,False,False,False,False,False
1297182,STATE_ARMED,11.8,0.0,89.0,0.0,0.0,0.0,4.5,0.5,0.5,5.0,13.0,46.0,79.0,75.5,18.0,0.0,0.0,45.0,1,46.501,6.6005,8500.0,450.0,0.0,10,4.5,45.0,8498.7,-12.3,8500.0,False,False,False,False,False,False,False,False,False,False,False,True,True,True,True,False,True,False,False,False,False,False,False,False
1297689,STATE_ARMED,11.8,0.0,89.0,0.0,0.0,0.0,4.5,0.5,0.5,5.0,13.0,46.0,79.0,75.5,18.0,0.0,0.0,45.0,1,46.501,6.6005,8500.0,450.0,0.0,10,4.5,45.0,8498.7,-12.3,8500.0,False,False,False,False,False,False,False,False,False,False,False,True,True,True,True,False,True,False,False,False,False,False,False,False
1298200,STATE_ARMED,11.8,0.0,89.0,0.0,0.0,0.0,4.5,0.5,0.5,5.0,13.0,46.0,79.0,75.5,18.0,0.0,0.0,45.0,1,46.501,6.6005,8500.0,450.0,0.0,10,4.5,45.0,8498.7,-12.3,8500.0,False,False,False,False,False,False,False,False,False,False,False,True,True,True,True,False,True,False,False,False,False,False,False,False
1298711,STATE_ARMED,11.8,0.0,89.0,0.0,0.0,0.0,4.5,0.5,0.5,5.0,13.0,46.0,79.0,75.5,18.0,0.0,0.0,45.0,1,46.501,6.6005,8500.0,450.0,0.0,10,4.5,45.0,8498.7,-12.3,8500.0,False,False,False,False,False,False,False,False,False,False,False,True,True,True,True,False,True,False,False,False,False,False,False,False
1299222,STATE_ARMED,11.8,0.0,89.0,0.0,0.0,0.0,4.5,0.5,0.5,5.0,13.0,46.0,79.0,75.5,18.0,0.0,0.0,45.0,1,46.501,6.6005,8500.0,450.0,0.0,10,4.5,45.0,8498.7,-12.3,8500.0,False,False,False,False,False,False,False,False,False,False,False,True,True,True,True,False,True,False,False,False,False,False,False,False
1299729,STATE_ARMED,11.8,0.0,89.0,0.0,0.0,0.0,4.5,0.5,0.5,5.0,13.0,46.0,79.0,75.5,18.0,0.0,0.0,45.0,1,46.501,6.6005,8500.0,450.0,0.0,10,4.5,45.0,8498.7,-12.3,8500.0,False,False,False,False,False,False,False,False,False,False,False,True,True,True,True,False,True,False,False,False,False,False,False,False
1300238,STATE_ARMED,11.8,0.0,89.0,0.0,0.0,0.0,4.5,0.5,0.5,5.0,13.0,46.0,79.0,75.5,18.0,0.0,0.0,45.0,1,46.501,6.6005,8500.0,450.0,0.0,10,4.5,45.0,8498.7,-12.3,8500.0,False,False,False,False,False,False,False,False,False,False,False,True,True,True,True,False,True,False,False,False,False,False,False,False
1300748,STATE_ARMED,11.8,0.0,89.0,0.0,0.0,0.0,4.5,0.5,0.5,5.0,13.0,46.0,79.0,75.5,18.0,0.0,0.0,45.0,1,46.501,6.6005,8500.0,450.0,0.0,10,4.5,45.0,8498.7,-12.3,8500.0,False,False,False,False,False,False,False,False,False,False,False,True,True,True,True,False,True,False,False,False,False,False,False,False
1301256,STATE_ARMED,11.8,0.0,89.0,0.0,0.0,0.0,4.5,0.5,0.5,5.0,13.0,46.0,79.0,75.5,18.0,0.0,0.0,45.0,1,46.501,6.6005,8500.0,450.0,0.0,10,4.5,45.0,8498.7,-12.3,8500.0,False,False,False,False,False,False,False,False,False,False,False,True,True,True,True,False,True,False,False,False,False,False,False,False
1301764,STATE_ARMED,11.8,0.0,89.0,0.0,0.0,0.0,4.5,0.5,0.5,5.0,13.0,46.0,79.0,75.5,18.0,0.0,0.0,45.0,1,46.501,6.6005,8500.0,450.0,0.0,10,4.5,45.0,8498.7,-12.3,8500.0,False,False,False,False,False,False,False,False,False,False,False,True,True,True,True,False,True,False,False,False,False,False,False,False
1302271,STATE_ARMED,11.8,0.0,89.0,0.0,0.0,0.0,4.5,0.5,0.5,5.0,13.0,46.0,79.0,75.5,18.0,0.0,0.0,45.0,1,46.501,6.6005,8500.0,450.0,0.0,10,4.5,45.0,8498.7,-12.3,8500.0,False,False,False,False,False,False,False,False,False,False,False,True,True,True,True,False,True,False,False,False,False,False,False,False
1302779,STATE_ARMED,11.8,0.0,89.0,0.0,0.0,0.0,4.5,0.5,0.5,5.0,13.0,46.0,79.0,75.5,18.0,0.0,0.0,45.0,1,46.501,6.6005,8500.0,450.0,0.0,10,4.5,45.0,8498.7,-12.3,8500.0,False,False,False,False,False,False,False,False,False,False,False,True,True,True,True,False,True,False,False,False,False,False,False,False
1303289,STATE_ARMED,11.8,0.0,89.0,0.0,0.0,0.0,4.5,0.5,0.5,5.0,13.0,46.0,79.0,75.5,18.0,0.0,0.0,45.0,1,46.501,6.6005,8500.0,450.0,0.0,10,4.5,45.0,8498.7,-12.3,8500.0,False,False,False,False,False,False,False,False,False,False,False,True,True,True,True,False,True,False,False,False,False,False,False,False
1303796,STATE_ARMED,11.8,0.0,89.0,0.0,0.0,0.0,4.5,0.5,0.5,5.0,13.0,46.0,79.0,75.5,18.0,0.0,0.0,45.0,1,46.501,6.6005,8500.0,450.0,0.0,10,4.5,45.0,8498.7,-12.3,8500.0,False,False,False,False,False,False,False,False,False,False,False,True,True,True,True,False,True,False,False,False,False,False,False,False
1304304,STATE_ARMED,11.8,0.0,89.0,0.0,0.0,0.0,4.5,0.5,0.5,5.0,13.0,46.0,79.0,75.5,18.0,0.0,0.0,45.0,1,46.501,6.6005,8500.0,450.0,0.0,10,4.5,45.0,8498.7,-12.3,8500.0,False,False,False,False,False,False,False,False,False,False,False,True,True,True,True,False,True,False,False,False,False,False,False,False
1304813,STATE_ARMED,11.8,0.0,89.0,0.0,0.0,0.0,4.5,0.5,0.5,5.0,13.0,46.0,79.0,75.5,18.0,0.0,0.0,45.0,1,46.501,6.6005,8500.0,450.0,0.0,10,4.5,45.0,8498.7,-12.3,8500.0,False,False,False,False,False,False,False,False,False,False,False,True,True,True,True,False,True,False,False,False,False,False,False,False
1305322,STATE_ARMED,11.8,0.0,89.0,0.0,0.0,0.0,4.5,0.5,0.5,5.0,13.0,46.0,79.0,75.5,18.0,0.0,0.0,45.0,1,46.501,6.6005,8500.0,450.0,0.0,10,4.5,45.0,8498.7,-12.3,8500.0,False,False,False,False,False,False,False,False,False,False,False,True,True,True,True,False,True,False,False,False,False,False,False,False
1305832,STATE_ARMED,11.8,0.0,89.0,0.0,0.0,0.0,4.5,0.5,0.5,5.0,13.0,46.0,79.0,75.5,18.0,0.0,0.0,45.0,1,46.501,6.6005,8500.0,450.0,0.0,10,4.5,45.0,8498.7,-12.3,8500.0,False,False,False,False,False,False,False,False,False,False,False,True,True,True,True,False,True,False,False,False,False,False,False,False
1306338,STATE_ARMED,11.8,0.0,89.0,0.0,0.0,0.0,4.5,0.5,0.5,5.0,13.0,46.0,79.0,75.5,18.0,0.0,0.0,45.0,1,46.501,6.6005,8500.0,450.0,0.0,10,4.5,45.0,8498.7,-12.3,8500.0,False,False,False,False,False,False,False,False,False,False,False,True,True,True,True,False,True,False,False,False,False,False,False,False
1306846,STATE_ARMED,11.8,0.0,89.0,0.0,0.0,0.0,4.5,0.5,0.5,5.0,13.0,46.0,79.0,75.5,18.0,0.0,0.0,45.0,1,46.501,6.6005,8500.0,450.0,0.0,10,4.5,45.0,8498.7,-12.3,8500.0,False,False,False,False,False,False,False,False,False,False,False,True,True,True,True,False,True,False,False,False,False,False,False,False
1307357,STATE_ARMED,11.8,0.0,89.0,0.0,0.0,0.0,4.5,0.5,0.5,5.0,13.0,46.0,79.0,75.5,18.0,0.0,0.0,45.0,1,46.501,6.6005,8500.0,450.0,0.0,10,4.5,45.0,8498.7,-12.3,8500.0,False,False,False,False,False,False,False,False,False,False,False,True,True,True,True,False,True,False,False,False,False,False,False,False
1307864,STATE_ARMED,11.8,0.0,89.0,0.0,0.0,0.0,4.5,0.5,0.5,5.0,13.0,46.0,79.0,75.5,18.0,0.0,0.0,45.0,1,46.501,6.6005,8500.0,450.0,0.0,10,4.5,45.0,8498.7,-12.3,8500.0,False,False,False,False,False,False,False,False,False,False,False,True,True,True,True,False,True,False,False,False,False,False,False,False
1308374,STATE_ARMED,11.8,0.0,89.0,0.0,0.0,0.0,4.5,0.5,0.5,5.0,13.0,46.0,79.0,75.5,18.0,0.0,0.0,45.0,1,46.501,6.6005,8500.0,450.0,0.0,10,4.5,45.0,8498.7,-12.3,8500.0,False,False,False,False,False,False,False,False,False,False,False,True,True,True,True,False,True,False,False,False,False,False,False,False
1308883,STATE_ARMED,11.8,0.0,89.0,0.0,0.0,0.0,4.5,0.5,0.5,5.0,13.0,46.0,79.0,75.5,18.0,0.0,0.0,45.0,1,46.501,6.6005,8500.0,450.0,0.0,10,4.5,45.0,8498.7,-12.3,8500.0,False,False,False,False,False,False,False,False,False,False,False,True,True,True,True,False,True,False,False,False,False,False,False,False
1309394,STATE_ARMED,11.8,0.0,89.0,0.0,0.0,0.0,4.5,0.5,0.5,5.0,13.0,46.0,79.0,75.5,18.0,0.0,0.0,45.0,1,46.501,6.6005,8500.0,450.0,0.0,10,4.5,45.0,8498.7,-12.3,8500.0,False,False,False,False,False,False,False,False,False,False,False,True,True,True,True,False,True,False,False,False,False,False,False,False
1309902,STATE_ARMED,11.8,0.0,89.0,0.0,0.0,0.0,4.5,0.5,0.5,5.0,13.0,46.0,79.0,75.5,18.0,0.0,0.0,45.0,1,46.501,6.6005,8500.0,450.0,0.0,10,4.5,45.0,8498.7,-12.3,8500.0,False,False,False,False,False,False,False,False,False,False,False,True,True,True,True,False,True,False,False,False,False,False,False,False
1310413,STATE_ARMED,11.8,0.0,89.0,0.0,0.0,0.0,4.5,0.5,0.5,5.0,13.0,46.0,79.0,75.5,18.0,0.0,0.0,45.0,1,46.501,6.6005,8500.0,450.0,0.0,10,4.5,45.0,8498.7,-12.3,8500.0,False,False,False,False,False,False,False,False,False,False,False,True,True,True,True,False,True,False,False,False,False,False,False,False
1310920,STATE_ARMED,11.8,0.0,89.0,0.0,0.0,0.0,4.5,0.5,0.5,5.0,13.0,46.0,79.0,75.5,18.0,0.0,0.0,45.0,1,46.501,6.6005,8500.0,450.0,0.0,10,4.5,45.0,8498.7,-12.3,8500.0,False,False,False,False,False,False,False,False,False,False,False,True,True,True,True,False,True,False,False,False,False,False,False,False
1311430,STATE_ARMED,11.8,0.0,89.0,0.0,0.0,0.0,4.5,0.5,0.5,5.0,13.0,46.0,79.0,75.5,18.0,0.0,0.0,45.0,1,46.501,6.6005,8500.0,450.0,0.0,10,4.5,45.0,8498.7,-12.3,8500.0,False,False,False,False,False,False,False,False,False,False,False,True,True,True,True,False,True,False,False,False,False,False,False,False
1311941,STATE_ARMED,11.8,0.0,89.0,0.0,0.0,0.0,4.5,0.5,0.5,5.0,13.0,46.0,79.0,75.5,18.0,0.0,0.0,45.0,1,46.501,6.6005,8500.0,450.0,0.0,10,4.5,45.0,8498.7,-12.3,8500.0,False,False,False,False,False,False,False,False,False,False,False,True,True,True,True,False,True,False,False,False,False,False,False,False
1312452,STATE_ARMED,11.8,0.0,89.0,0.0,0.0,0.0,4.5,0.5,0.5,5.0,13.0,46.0,79.0,75.5,18.0,0.0,0.0,45.0,1,46.501,6.6005,8500.0,450.0,0.0,10,4.5,45.0,8498.7,-12.3,8500.0,False,False,False,False,False,False,False,False,False,False,False,True,True,True,True,False,True,False,False,False,False,False,False,False
1312958,STATE_ARMED,11.8,0.0,89.0,0.0,0.0,0.0,4.5,0.5,0.5,5.0,13.0,46.0,79.0,75.5,18.0,0.0,0.0,45.0,1,46.501,6.6005,8500.0,450.0,0.0,10,4.5,45.0,8498.7,-12.3,8500.0,False,False,False,False,False,False,False,False,False,False,False,True,True,True,True,False,True,False,False,False,False,False,False,False
1313468,STATE_ARMED,11.8,0.0,89.0,0.0,0.0,0.0,4.5,0.5,0.5,5.0,13.0,46.0,79.0,75.5,18.0,0.0,0.0,45.0,1,46.501,6.6005,8500.0,450.0,0.0,10,4.5,45.0,8498.7,-12.3,8500.0,False,False,False,False,False,False,False,False,False,False,False,True,True,True,True,False,True,False,False,False,False,False,False,False
1313971,STATE_ARMED,11.8,0.0,89.0,0.0,0.0,0.0,4.5,0.5,0.5,5.0,13.0,46.0,79.0,75.5,18.0,0.0,0.0,45.0,1,46.501,6.6005,8500.0,450.0,0.0,10,4.5,45.0,8498.7,-12.3,8500.0,False,False,False,False,False,False,False,False,False,False,False,True,True,True,True,False,True,False,False,False,False,False,False,False
1314474,STATE_ARMED,11.8,0.0,89.0,0.0,0.0,0.0,4.5,0.5,0.5,5.0,13.0,46.0,79.0,75.5,18.0,0.0,0.0,45.0,1,46.501,6.6005,8500.0,450.0,0.0,10,4.5,45.0,8498.7,-12.3,8500.0,False,False,False,False,False,False,False,False,False,False,False,True,True,True,True,False,True,False,False,False,False,False,False,False
1314981,STATE_ARMED,11.8,0.0,89.0,0.0,0.0,0.0,4.5,0.5,0.5,5.0,13.0,46.0,79.0,75.5,18.0,0.0,0.0,45.0,1,46.501,6.6005,8500.0,450.0,0.0,10,4.5,45.0,8498.7,-12.3,8500.0,False,False,False,False,False,False,False,False,False,False,False,True,True,True,True,False,True,False,False,False,False,False,False,False
1315491,STATE_ARMED,11.8,0.0,89.0,0.0,0.0,0.0,4.5,0.5,0.5,5.0,13.0,46.0,79.0,75.5,18.0,0.0,0.0,45.0,1,46.501,6.6005,8500.0,450.0,0.0,10,4.5,45.0,8498.7,-12.3,8500.0,False,False,False,False,False,False,False,False,False,False,False,True,True,True,True,False,True,False,False,False,False,False,False,False
1316002,STATE_ARMED,11.8,0.0,89.0,0.0,0.0,0.0,4.5,0.5,0.5,5.0,13.0,46.0,79.0,75.5,18.0,0.0,0.0,45.0,1,46.501,6.6005,8500.0,450.0,0.0,10,4.5,45.0,8498.7,-12.3,8500.0,False,False,False,False,False,False,False,False,False,False,False,True,True,True,True,False,True,False,False,False,False,False,False,False
1316513,STATE_ARMED,11.8,0.0,89.0,0.0,0.0,0.0,4.5,0.5,0.5,5.0,13.0,46.0,79.0,75.5,18.0,0.0,0.0,45.0,1,46.501,6.6005,8500.0,450.0,0.0,10,4.5,45.0,8498.7,-12.3,8500.0,False,False,False,False,False,False,False,False,False,False,False,True,True,True,True,False,True,False,False,False,False,False,False,False
1317021,STATE_ARMED,11.8,0.0,89.0,0.0,0.0,0.0,4.5,0.5,0.5,5.0,13.0,46.0,79.0,75.5,18.0,0.0,0.0,45.0,1,46.501,6.6005,8500.0,450.0,0.0,10,4.5,45.0,8498.7,-12.3,8500.0,False,False,False,False,False,False,False,False,False,False,False,True,True,True,True,False,True,False,False,False,False,False,False,False
1317529,STATE_ARMED,11.8,0.0,89.0,0.0,0.0,0.0,4.5,0.5,0.5,5.0,13.0,46.0,79.0,75.5,18.0,0.0,0.0,45.0,1,46.501,6.6005,8500.0,450.0,0.0,10,4.5,45.0,8498.7,-12.3,8500.0,False,False,False,False,False,False,False,False,False,False,False,True,True,True,True,False,True,False,False,False,False,False,False,False
1318038,STATE_ARMED,11.8,0.0,89.0,0.0,0.0,0.0,4.5,0.5,0.5,5.0,13.0,46.0,79.0,75.5,18.0,0.0,0.0,45.0,1,46.501,6.6005,8500.0,450.0,0.0,10,4.5,45.0,8498.7,-12.3,8500.0,False,False,False,False,False,False,False,False,False,False,False,True,True,True,True,False,True,False,False,False,False,False,False,False
1318548,STATE_ARMED,11.8,0.0,89.0,0.0,0.0,0.0,4.5,0.5,0.5,5.0,13.0,46.0,79.0,75.5,18.0,0.0,0.0,45.0,1,46.501,6.6005,8500.0,450.0,0.0,10,4.5,45.0,8498.7,-12.3,8500.0,False,False,False,False,False,False,False,False,False,False,False,True,True,True,True,False,True,False,False,False,False,False,False,False
1319060,STATE_ARMED,11.8,0.0,89.0,0.0,0.0,0.0,4.5,0.5,0.5,5.0,13.0,46.0,79.0,75.5,18.0,0.0,0.0,45.0,1,46.501,6.6005,8500.0,450.0,0.0,10,4.5,45.0,8498.7,-12.3,8500.0,False,False,False,False,False,False,False,False,False,False,False,True,True,True,True,False,True,False,False,False,False,False,False,False
1319566,STATE_ARMED,11.8,0.0,89.0,0.0,0.0,0.0,4.5,0.5,0.5,5.0,13.0,46.0,79.0,75.5,18.0,0.0,0.0,45.0,1,46.501,6.6005,8500.0,450.0,0.0,10,4.5,45.0,8498.7,-12.3,8500.0,False,False,False,False,False,False,False,False,False,False,False,True,True,True,True,False,True,False,False,False,False,False,False,False
1320077,STATE_ARMED,11.8,0.0,89.0,0.0,0.0,0.0,4.5,0.5,0.5,5.0,13.0,46.0,79.0,75.5,18.0,0.0,0.0,45.0,1,46.501,6.6005,8500.0,450.0,0.0,10,4.5,45.0,8498.7,-12.3,8500.0,False,False,False,False,False,False,False,False,False,False,False,True,True,True,True,False,True,False,False,False,False,False,False,False
1320588,STATE_ARMED,11.8,0.0,89.0,0.0,0.0,0.0,4.5,0.5,0.5,5.0,13.0,46.0,79.0,75.5,18.0,0.0,0.0,45.0,1,46.501,6.6005,8500.0,450.0,0.0,10,4.5,45.0,8498.7,-12.3,8500.0,False,False,False,False,False,False,False,False,False,False,False,True,True,True,True,False,True,False,False,False,False,False,False,False
1321098,STATE_ARMED,11.8,0.0,89.0,0.0,0.0,0.0,4.5,0.5,0.5,5.0,13.0,46.0,79.0,75.5,18.0,0.0,0.0,45.0,1,46.501,6.6005,8500.0,450.0,0.0,10,4.5,45.0,8498.7,-12.3,8500.0,False,False,False,False,False,False,False,False,False,False,False,True,True,True,True,False,True,False,False,False,False,False,False,False
1321609,STATE_ARMED,11.8,0.0,89.0,0.0,0.0,0.0,4.5,0.5,0.5,5.0,13.0,46.0,79.0,75.5,18.0,0.0,0.0,45.0,1,46.501,6.6005,8500.0,450.0,0.0,10,4.5,45.0,8498.7,-12.3,8500.0,False,False,False,False,False,False,False,False,False,False,False,True,True,True,True,False,True,False,False,False,False,False,False,False
1322116,STATE_ARMED,11.8,0.0,89.0,0.0,0.0,0.0,4.5,0.5,0.5,5.0,13.0,46.0,79.0,75.5,18.0,0.0,0.0,45.0,1,46.501,6.6005,8500.0,450.0,0.0,10,4.5,45.0,8498.7,-12.3,8500.0,False,False,False,False,False,False,False,False,False,False,False,True,True,True,True,False,True,False,False,False,False,False,False,False
1322626,STATE_ARMED,11.8,0.0,89.0,0.0,0.0,0.0,4.5,0.5,0.5,5.0,13.0,46.0,79.0,75.5,18.0,0.0,0.0,45.0,1,46.501,6.6005,8500.0,450.0,0.0,10,4.5,45.0,8498.7,-12.3,8500.0,False,False,False,False,False,False,False,False,False,False,False,True,True,True,True,False,True,False,False,False,False,False,False,False
1323137,STATE_ARMED,11.8,0.0,89.0,0.0,0.0,0.0,4.5,0.5,0.5,5.0,13.0,46.0,79.0,75.5,18.0,0.0,0.0,45.0,1,46.501,6.6005,8500.0,450.0,0.0,10,4.5,45.0,8498.7,-12.3,8500.0,False,False,False,False,False,False,False,False,False,False,False,True,True,True,True,False,True,False,False,False,False,False,False,False
1323648,STATE_ARMED,11.8,0.0,89.0,0.0,0.0,0.0,4.5,0.5,0.5,5.0,13.0,46.0,79.0,75.5,18.0,0.0,0.0,45.0,1,46.501,6.6005,8500.0,450.0,0.0,10,4.5,45.0,8498.7,-12.3,8500.0,False,False,False,False,False,False,False,False,False,False,False,True,True,True,True,False,True,False,False,False,False,False,False,False
1324154,STATE_ARMED,11.8,0.0,89.0,0.0,0.0,0.0,4.5,0.5,0.5,5.0,13.0,46.0,79.0,75.5,18.0,0.0,0.0,45.0,1,46.501,6.6005,8500.0,450.0,0.0,10,4.5,45.0,8498.7,-12.3,8500.0,False,False,False,False,False,False,False,False,False,False,False,True,True,True,True,False,True,False,False,False,False,False,False,False
1324661,STATE_ARMED,11.8,0.0,89.0,0.0,0.0,0.0,4.5,0.5,0.5,5.0,13.0,46.0,79.0,75.5,18.0,0.0,0.0,45.0,1,46.501,6.6005,8500.0,450.0,0.0,10,4.5,45.0,8498.7,-12.3,8500.0,False,False,False,False,False,False,False,False,False,False,False,True,True,True,True,False,True,False,False,False,False,False,False,False
1325167,STATE_ARMED,11.8,0.0,89.0,0.0,0.0,0.0,4.5,0.5,0.5,5.0,13.0,46.0,79.0,75.5,18.0,0.0,0.0,45.0,1,46.501,6.6005,8500.0,450.0,0.0,10,4.5,45.0,8498.7,-12.3,8500.0,False,False,False,False,False,False,False,False,False,False,False,True,True,True,True,False,True,False,False,False,False,False,False,False
1325675,STATE_ARMED,11.8,0.0,89.0,0.0,0.0,0.0,4.5,0.5,0.5,5.0,13.0,46.0,79.0,75.5,18.0,0.0,0.0,45.0,1,46.501,6.6005,8500.0,450.0,0.0,10,4.5,45.0,8498.7,-12.3,8500.0,False,False,False,False,False,False,False,False,False,False,False,True,True,True,True,False,True,False,False,False,False,False,False,False
1326183,STATE_ARMED,11.8,0.0,89.0,0.0,0.0,0.0,4.5,0.5,0.5,5.0,13.0,46.0,79.0,75.5,18.0,0.0,0.0,45.0,1,46.501,6.6005,8500.0,450.0,0.0,10,4.5,45.0,8498.7,-12.3,8500.0,False,False,False,False,False,False,False,False,False,False,False,True,True,True,True,False,True,False,False,False,False,False,False,False
1326691,STATE_ARMED,11.8,0.0,89.0,0.0,0.0,0.0,4.5,0.5,0.5,5.0,13.0,46.0,79.0,75.5,18.0,0.0,0.0,45.0,1,46.501,6.6005,8500.0,450.0,0.0,10,4.5,45.0,8498.7,-12.3,8500.0,False,False,False,False,False,False,False,False,False,False,False,True,True,True,True,False,True,False,False,False,False,False,False,False
1327197,STATE_ARMED,11.8,0.0,89.0,0.0,0.0,0.0,4.5,0.5,0.5,5.0,13.0,46.0,79.0,75.5,18.0,0.0,0.0,45.0,1,46.501,6.6005,8500.0,450.0,0.0,10,4.5,45.0,8498.7,-12.3,8500.0,False,False,False,False,False,False,False,False,False,False,False,True,True,True,True,False,True,False,False,False,False,False,False,False
1327705,STATE_ARMED,11.8,0.0,89.0,0.0,0.0,0.0,4.5,0.5,0.5,5.0,13.0,46.0,79.0,75.5,18.0,0.0,0.0,45.0,1,46.501,6.6005,8500.0,450.0,0.0,10,4.5,45.0,8498.7,-12.3,8500.0,False,False,False,False,False,False,False,False,False,False,False,True,True,True,True,False,True,False,False,False,False,False,False,False
1328211,STATE_ARMED,11.8,0.0,89.0,0.0,0.0,0.0,4.5,0.5,0.5,5.0,13.0,46.0,79.0,75.5,18.0,0.0,0.0,45.0,1,46.501,6.6005,8500.0,450.0,0.0,10,4.5,45.0,8498.7,-12.3,8500.0,False,False,False,False,False,False,False,False,False,False,False,True,True,True,True,False,True,False,False,False,False,False,False,False
1328722,STATE_ARMED,11.8,0.0,89.0,0.0,0.0,0.0,4.5,0.5,0.5,5.0,13.0,46.0,79.0,75.5,18.0,0.0,0.0,45.0,1,46.501,6.6005,8500.0,450.0,0.0,10,4.5,45.0,8498.7,-12.3,8500.0,False,False,False,False,False,False,False,False,False,False,False,True,True,True,True,False,True,False,False,False,False,False,False,False
1329225,STATE_ARMED,11.8,0.0,89.0,0.0,0.0,0.0,4.5,0.5,0.5,5.0,13.0,46.0,79.0,75.5,18.0,0.0,0.0,45.0,1,46.501,6.6005,8500.0,450.0,0.0,10,4.5,45.0,8498.7,-12.3,8500.0,False,False,False,False,False,False,False,False,False,False,False,True,True,True,True,False,True,False,False,False,False,False,False,False
1329736,STATE_ARMED,11.8,0.0,89.0,0.0,0.0,0.0,4.5,0.5,0.5,5.0,13.0,46.0,79.0,75.5,18.0,0.0,0.0,45.0,1,46.501,6.6005,8500.0,450.0,0.0,10,4.5,45.0,8498.7,-12.3,8500.0,False,False,False,False,False,False,False,False,False,False,False,True,True,True,True,False,True,False,False,False,False,False,False,False
1330240,STATE_ARMED,11.8,0.0,89.0,0.0,0.0,0.0,4.5,0.5,0.5,5.0,13.0,46.0,79.0,75.5,18.0,0.0,0.0,45.0,1,46.501,6.6005,8500.0,450.0,0.0,10,4.5,45.0,8498.7,-12.3,8500.0,False,False,False,False,False,False,False,False,False,False,False,True,True,True,True,False,True,False,False,False,False,False,False,False
1330746,STATE_ARMED,11.8,0.0,89.0,0.0,0.0,0.0,4.5,0.5,0.5,5.0,13.0,46.0,79.0,75.5,18.0,0.0,0.0,45.0,1,46.501,6.6005,8500.0,450.0,0.0,10,4.5,45.0,8498.7,-12.3,8500.0,False,False,False,False,False,False,False,False,False,False,False,True,True,True,True,False,True,False,False,False,False,False,False,False
1331258,STATE_ARMED,11.8,0.0,89.0,0.0,0.0,0.0,4.5,0.5,0.5,5.0,13.0,46.0,79.0,75.5,18.0,0.0,0.0,45.0,1,46.501,6.6005,8500.0,450.0,0.0,10,4.5,45.0,8498.7,-12.3,8500.0,False,False,False,False,False,False,False,False,False,False,False,True,True,True,True,False,True,False,False,False,False,False,False,False
1331769,STATE_ARMED,11.8,0.0,89.0,0.0,0.0,0.0,4.5,0.5,0.5,5.0,13.0,46.0,79.0,75.5,18.0,0.0,0.0,45.0,1,46.501,6.6005,8500.0,450.0,0.0,10,4.5,45.0,8498.7,-12.3,8500.0,False,False,False,False,False,False,False,False,False,False,False,True,True,True,True,False,True,False,False,False,False,False,False,False
1332276,STATE_ARMED,11.8,0.0,89.0,0.0,0.0,0.0,4.5,0.5,0.5,5.0,13.0,46.0,79.0,75.5,18.0,0.0,0.0,45.0,1,46.501,6.6005,8500.0,450.0,0.0,10,4.5,45.0,8498.7,-12.3,8500.0,False,False,False,False,False,False,False,False,False,False,False,True,True,True,True,False,True,False,False,False,False,False,False,False
1332782,STATE_ARMED,11.8,0.0,89.0,0.0,0.0,0.0,4.5,0.5,0.5,5.0,13.0,46.0,79.0,75.5,18.0,0.0,0.0,45.0,1,46.501,6.6005,8500.0,450.0,0.0,10,4.5,45.0,8498.7,-12.3,8500.0,False,False,False,False,False,False,False,False,False,False,False,True,True,True,True,False,True,False,False,False,False,False,False,False
1333293,STATE_ARMED,11.8,0.0,89.0,0.0,0.0,0.0,4.5,0.5,0.5,5.0,13.0,46.0,79.0,75.5,18.0,0.0,0.0,45.0,1,46.501,6.6005,8500.0,450.0,0.0,10,4.5,45.0,8498.7,-12.3,8500.0,False,False,False,False,False,False,False,False,False,False,False,True,True,True,True,False,True,False,False,False,False,False,False,False
1333798,STATE_ARMED,11.8,0.0,89.0,0.0,0.0,0.0,4.5,0.5,0.5,5.0,13.0,46.0,79.0,75.5,18.0,0.0,0.0,45.0,1,46.501,6.6005,8500.0,450.0,0.0,10,4.5,45.0,8498.7,-12.3,8500.0,False,False,False,False,False,False,False,False,False,False,False,True,True,True,True,False,True,False,False,False,False,False,False,False
1334303,STATE_ARMED,11.8,0.0,89.0,0.0,0.0,0.0,4.5,0.5,0.5,5.0,13.0,46.0,79.0,75.5,18.0,0.0,0.0,45.0,1,46.501,6.6005,8500.0,450.0,0.0,10,4.5,45.0,8498.7,-12.3,8500.0,False,False,False,False,False,False,False,False,False,False,False,True,True,True,True,False,True,False,False,False,False,False,False,False
1334813,STATE_ARMED,11.8,0.0,89.0,0.0,0.0,0.0,4.5,0.5,0.5,5.0,13.0,46.0,79.0,75.5,18.0,0.0,0.0,45.0,1,46.501,6.6005,8500.0,450.0,0.0,10,4.5,45.0,8498.7,-12.3,8500.0,False,False,False,False,False,False,False,False,False,False,False,True,True,True,True,False,True,False,False,False,False,False,False,False
1335316,STATE_ARMED,11.8,0.0,89.0,0.0,0.0,0.0,4.5,0.5,0.5,5.0,13.0,46.0,79.0,75.5,18.0,0.0,0.0,45.0,1,46.501,6.6005,8500.0,450.0,0.0,10,4.5,45.0,8498.7,-12.3,8500.0,False,False,False,False,False,False,False,False,False,False,False,True,True,True,True,False,True,False,False,False,False,False,False,False
1335822,STATE_ARMED,11.8,0.0,89.0,0.0,0.0,0.0,4.5,0.5,0.5,5.0,13.0,46.0,79.0,75.5,18.0,0.0,0.0,45.0,1,46.501,6.6005,8500.0,450.0,0.0,10,4.5,45.0,8498.7,-12.3,8500.0,False,False,False,False,False,False,False,False,False,False,False,True,True,True,True,False,True,False,False,False,False,False,False,False
1336329,STATE_ARMED,11.8,0.0,89.0,0.0,0.0,0.0,4.5,0.5,0.5,5.0,13.0,46.0,79.0,75.5,18.0,0.0,0.0,45.0,1,46.501,6.6005,8500.0,450.0,0.0,10,4.5,45.0,8498.7,-12.3,8500.0,False,False,False,False,False,False,False,False,False,False,False,True,True,True,True,False,True,False,False,False,False,False,False,False
1336836,STATE_ARMED,11.8,0.0,89.0,0.0,0.0,0.0,4.5,0.5,0.5,5.0,13.0,46.0,79.0,75.5,18.0,0.0,0.0,45.0,1,46.501,6.6005,8500.0,450.0,0.0,10,4.5,45.0,8498.7,-12.3,8500.0,False,False,False,False,False,False,False,False,False,False,False,True,True,True,True,False,True,False,False,False,False,False,False,False
1337347,STATE_ARMED,11.8,0.0,89.0,0.0,0.0,0.0,4.5,0.5,0.5,5.0,13.0,46.0,79.0,75.5,18.0,0.0,0.0,45.0,1,46.501,6.6005,8500.0,450.0,0.0,10,4.5,45.0,8498.7,-12.3,8500.0,False,False,False,False,False,False,False,False,False,False,False,True,True,True,True,False,True,False,False,False,False,False,False,False
1337853,STATE_ARMED,11.8,0.0,89.0,0.0,0.0,0.0,4.5,0.5,0.5,5.0,13.0,46.0,79.0,75.5,18.0,0.0,0.0,45.0,1,46.501,6.6005,8500.0,450.0,0.0,10,4.5,45.0,8498.7,-12.3,8500.0,False,False,False,False,False,False,False,False,False,False,False,True,True,True,True,False,True,False,False,False,False,False,False,False
1338364,STATE_ARMED,11.8,0.0,89.0,0.0,0.0,0.0,4.5,0.5,0.5,5.0,13.0,46.0,79.0,75.5,18.0,0.0,0.0,45.0,1,46.501,6.6005,8500.0,450.0,0.0,10,4.5,45.0,8498.7,-12.3,8500.0,False,False,False,False,False,False,False,False,False,False,False,True,True,True,True,False,True,False,False,False,False,False,False,False
1338875,STATE_ARMED,11.8,0.0,89.0,0.0,0.0,0.0,4.5,0.5,0.5,5.0,13.0,46.0,79.0,75.5,18.0,0.0,0.0,45.0,1,46.501,6.6005,8500.0,450.0,0.0,10,4.5,45.0,8498.7,-12.3,8500.0,False,False,False,False,False,False,False,False,False,False,False,True,True,True,True,False,True,False,False,False,False,False,False,False
1339385,STATE_ARMED,11.8,0.0,89.0,0.0,0.0,0.0,4.5,0.5,0.5,5.0,13.0,46.0,79.0,75.5,18.0,0.0,0.0,45.0,1,46.501,6.6005,8500.0,450.0,0.0,10,4.5,45.0,8498.7,-12.3,8500.0,False,False,False,False,False,False,False,False,False,False,False,True,True,True,True,False,True,False,False,False,False,False,False,False
1339896,STATE_ARMED,11.8,0.0,89.0,0.0,0.0,0.0,4.5,0.5,0.5,5.0,13.0,46.0,79.0,75.5,18.0,0.0,0.0,45.0,1,46.501,6.6005,8500.0,450.0,0.0,10,4.5,45.0,8498.7,-12.3,8500.0,False,False,False,False,False,False,False,False,False,False,False,True,True,True,True,False,True,False,False,False,False,False,False,False
1340406,STATE_ARMED,11.8,0.0,89.0,0.0,0.0,0.0,4.5,0.5,0.5,5.0,13.0,46.0,79.0,75.5,18.0,0.0,0.0,45.0,1,46.501,6.6005,8500.0,450.0,0.0,10,4.5,45.0,8498.7,-12.3,8500.0,False,False,False,False,False,False,False,False,False,False,False,True,True,True,True,False,True,False,False,False,False,False,False,False
1340917,STATE_ARMED,11.8,0.0,89.0,0.0,0.0,0.0,4.5,0.5,0.5,5.0,13.0,46.0,79.0,75.5,18.0,0.0,0.0,45.0,1,46.501,6.6005,8500.0,450.0,0.0,10,4.5,45.0,8498.7,-12.3,8500.0,False,False,False,False,False,False,False,False,False,False,False,True,True,True,True,False,True,False,False,False,False,False,False,False
1341427,STATE_ARMED,11.8,0.0,89.0,0.0,0.0,0.0,4.5,0.5,0.5,5.0,13.0,46.0,79.0,75.5,18.0,0.0,0.0,45.0,1,46.501,6.6005,8500.0,450.0,0.0,10,4.5,45.0,8498.7,-12.3,8500.0,False,False,False,False,False,False,False,False,False,False,False,True,True,True,True,False,True,False,False,False,False,False,False,False
1341938,STATE_ARMED,11.8,0.0,89.0,0.0,0.0,0.0,4.5,0.5,0.5,5.0,13.0,46.0,79.0,75.5,18.0,0.0,0.0,45.0,1,46.501,6.6005,8500.0,450.0,0.0,10,4.5,45.0,8498.7,-12.3,8500.0,False,False,False,False,False,False,False,False,False,False,False,True,True,True,True,False,True,False,False,False,False,False,False,False
1342449,STATE_ARMED,11.8,0.0,89.0,0.0,0.0,0.0,4.5,0.5,0.5,5.0,13.0,46.0,79.0,75.5,18.0,0.0,0.0,45.0,1,46.501,6.6005,8500.0,450.0,0.0,10,4.5,45.0,8498.7,-12.3,8500.0,False,False,False,False,False,False,False,False,False,False,False,True,True,True,True,False,True,False,False,False,False,False,False,False
1342959,STATE_ARMED,11.8,0.0,89.0,0.0,0.0,0.0,4.5,0.5,0.5,5.0,13.0,46.0,79.0,75.5,18.0,0.0,0.0,45.0,1,46.501,6.6005,8500.0,450.0,0.0,10,4.5,45.0,8498.7,-12.3,8500.0,False,False,False,False,False,False,False,False,False,False,False,True,True,True,True,False,True,False,False,False,False,False,False,False
1343470,STATE_ARMED,11.8,0.0,89.0,0.0,0.0,0.0,4.5,0.5,0.5,5.0,13.0,46.0,79.0,75.5,18.0,0.0,0.0,45.0,1,46.501,6.6005,8500.0,450.0,0.0,10,4.5,45.0,8498.7,-12.3,8500.0,False,False,False,False,False,False,False,False,False,False,False,True,True,True,True,False,True,False,False,False,False,False,False,False
1343979,STATE_ARMED,11.8,0.0,89.0,0.0,0.0,0.0,4.5,0.5,0.5,5.0,13.0,46.0,79.0,75.5,18.0,0.0,0.0,45.0,1,46.501,6.6005,8500.0,450.0,0.0,10,4.5,45.0,8498.7,-12.3,8500.0,False,False,False,False,False,False,False,False,False,False,False,True,True,True,True,False,True,False,False,False,False,False,False,False
1344486,STATE_ARMED,11.8,0.0,89.0,0.0,0.0,0.0,4.5,0.5,0.5,5.0,13.0,46.0,79.0,75.5,18.0,0.0,0.0,45.0,1,46.501,6.6005,8500.0,450.0,0.0,10,4.5,45.0,8498.7,-12.3,8500.0,False,False,False,False,False,False,False,False,False,False,False,True,True,True,True,False,True,False,False,False,False,False,False,False
1344997,STATE_ARMED,11.8,0.0,89.0,0.0,0.0,0.0,4.5,0.5,0.5,5.0,13.0,46.0,79.0,75.5,18.0,0.0,0.0,45.0,1,46.501,6.6005,8500.0,450.0,0.0,10,4.5,45.0,8498.7,-12.3,8500.0,False,False,False,False,False,False,False,False,False,False,False,True,True,True,True,False,True,False,False,False,False,False,False,False
1345503,STATE_ARMED,11.8,0.0,89.0,0.0,0.0,0.0,4.5,0.5,0.5,5.0,13.0,46.0,79.0,75.5,18.0,0.0,0.0,45.0,1,46.501,6.6005,8500.0,450.0,0.0,10,4.5,45.0,8498.7,-12.3,8500.0,False,False,False,False,False,False,False,False,False,False,False,True,True,True,True,False,True,False,False,False,False,False,False,False
1346014,STATE_ARMED,11.8,0.0,89.0,0.0,0.0,0.0,4.5,0.5,0.5,5.0,13.0,46.0,79.0,75.5,18.0,0.0,0.0,45.0,1,46.501,6.6005,8500.0,450.0,0.0,10,4.5,45.0,8498.7,-12.3,8500.0,False,False,False,False,False,False,False,False,False,False,False,True,True,True,True,False,True,False,False,False,False,False,False,False
1346521,STATE_ARMED,11.8,0.0,89.0,0.0,0.0,0.0,4.5,0.5,0.5,5.0,13.0,46.0,79.0,75.5,18.0,0.0,0.0,45.0,1,46.501,6.6005,8500.0,450.0,0.0,10,4.5,45.0,8498.7,-12.3,8500.0,False,False,False,False,False,False,False,False,False,False,False,True,True,True,True,False,True,False,False,False,False,False,False,False
1347029,STATE_ARMED,11.8,0.0,89.0,0.0,0.0,0.0,4.5,0.5,0.5,5.0,13.0,46.0,79.0,75.5,18.0,0.0,0.0,45.0,1,46.501,6.6005,8500.0,450.0,0.0,10,4.5,45.0,8498.7,-12.3,8500.0,False,False,False,False,False,False,False,False,False,False,False,True,True,True,True,False,True,False,False,False,False,False,False,False
1347539,STATE_ARMED,11.8,0.0,89.0,0.0,0.0,0.0,4.5,0.5,0.5,5.0,13.0,46.0,79.0,75.5,18.0,0.0,0.0,45.0,1,46.501,6.6005,8500.0,450.0,0.0,10,4.5,45.0,8498.7,-12.3,8500.0,False,False,False,False,False,False,False,False,False,False,False,True,True,True,True,False,True,False,False,False,False,False,False,False
1348049,STATE_ARMED,11.8,0.0,89.0,0.0,0.0,0.0,4.5,0.5,0.5,5.0,13.0,46.0,79.0,75.5,18.0,0.0,0.0,45.0,1,46.501,6.6005,8500.0,450.0,0.0,10,4.5,45.0,8498.7,-12.3,8500.0,False,False,False,False,False,False,False,False,False,False,False,True,True,True,True,False,True,False,False,False,False,False,False,False
1348560,STATE_ARMED,11.8,0.0,89.0,0.0,0.0,0.0,4.5,0.5,0.5,5.0,13.0,46.0,79.0,75.5,18.0,0.0,0.0,45.0,1,46.501,6.6005,8500.0,450.0,0.0,10,4.5,45.0,8498.7,-12.3,8500.0,False,False,False,False,False,False,False,False,False,False,False,True,True,True,True,False,True,False,False,False,False,False,False,False
1349066,STATE_ARMED,11.8,0.0,89.0,0.0,0.0,0.0,4.5,0.5,0.5,5.0,13.0,46.0,79.0,75.5,18.0,0.0,0.0,45.0,1,46.501,6.6005,8500.0,450.0,0.0,10,4.5,45.0,8498.7,-12.3,8500.0,False,False,False,False,False,False,False,False,False,False,False,True,True,True,True,False,True,False,False,False,False,False,False,False
1349569,STATE_ARMED,11.8,0.0,89.0,0.0,0.0,0.0,4.5,0.5,0.5,5.0,13.0,46.0,79.0,75.5,18.0,0.0,0.0,45.0,1,46.501,6.6005,8500.0,450.0,0.0,10,4.5,45.0,8498.7,-12.3,8500.0,False,False,False,False,False,False,False,False,False,False,False,True,True,True,True,False,True,False,False,False,False,False,False,False
1350082,STATE_ARMED,11.8,0.0,89.0,0.0,0.0,0.0,4.5,0.5,0.5,5.0,13.0,46.0,79.0,75.5,18.0,0.0,0.0,45.0,1,46.501,6.6005,8500.0,450.0,0.0,10,4.5,45.0,8498.7,-12.3,8500.0,False,False,False,False,False,False,False,False,False,False,False,True,True,True,True,False,True,False,False,False,False,False,False,False
1350589,STATE_ARMED,11.8,0.0,89.0,0.0,0.0,0.0,4.5,0.5,0.5,5.0,13.0,46.0,79.0,75.5,18.0,0.0,0.0,45.0,1,46.501,6.6005,8500.0,450.0,0.0,10,4.5,45.0,8498.7,-12.3,8500.0,False,False,False,False,False,False,False,False,False,False,False,True,True,True,True,False,True,False,False,False,False,False,False,False
1351094,STATE_ARMED,11.8,0.0,89.0,0.0,0.0,0.0,4.5,0.5,0.5,5.0,13.0,46.0,79.0,75.5,18.0,0.0,0.0,45.0,1,46.501,6.6005,8500.0,450.0,0.0,10,4.5,45.0,8498.7,-12.3,8500.0,False,False,False,False,False,False,False,False,False,False,False,True,True,True,True,False,True,False,False,False,False,False,False,False
1351604,STATE_ARMED,11.8,0.0,89.0,0.0,0.0,0.0,4.5,0.5,0.5,5.0,13.0,46.0,79.0,75.5,18.0,0.0,0.0,45.0,1,46.501,6.6005,8500.0,450.0,0.0,10,4.5,45.0,8498.7,-12.3,8500.0,False,False,False,False,False,False,False,False,False,False,False,True,True,True,True,False,True,False,False,False,False,False,False,False
1352115,STATE_ARMED,11.8,0.0,89.0,0.0,0.0,0.0,4.5,0.5,0.5,5.0,13.0,46.0,79.0,75.5,18.0,0.0,0.0,45.0,1,46.501,6.6005,8500.0,450.0,0.0,10,4.5,45.0,8498.7,-12.3,8500.0,False,False,False,False,False,False,False,False,False,False,False,True,True,True,True,False,True,False,False,False,False,False,False,False
1352620,STATE_ARMED,11.8,0.0,89.0,0.0,0.0,0.0,4.5,0.5,0.5,5.0,13.0,46.0,79.0,75.5,18.0,0.0,0.0,45.0,1,46.501,6.6005,8500.0,450.0,0.0,10,4.5,45.0,8498.7,-12.3,8500.0,False,False,False,False,False,False,False,False,False,False,False,True,True,True,True,False,True,False,False,False,False,False,False,False
1353130,STATE_ARMED,11.8,0.0,89.0,0.0,0.0,0.0,4.5,0.5,0.5,5.0,13.0,46.0,79.0,75.5,18.0,0.0,0.0,45.0,1,46.501,6.6005,8500.0,450.0,0.0,10,4.5,45.0,8498.7,-12.3,8500.0,False,False,False,False,False,False,False,False,False,False,False,True,True,True,True,False,True,False,False,False,False,False,False,False
1353635,STATE_ARMED,11.8,0.0,89.0,0.0,0.0,0.0,4.5,0.5,0.5,5.0,13.0,46.0,79.0,75.5,18.0,0.0,0.0,45.0,1,46.501,6.6005,8500.0,450.0,0.0,10,4.5,45.0,8498.7,-12.3,8500.0,False,False,False,False,False,False,False,False,False,False,False,True,True,True,True,False,True,False,False,False,False,False,False,False
1354142,STATE_ARMED,11.8,0.0,89.0,0.0,0.0,0.0,4.5,0.5,0.5,5.0,13.0,46.0,79.0,75.5,18.0,0.0,0.0,45.0,1,46.501,6.6005,8500.0,450.0,0.0,10,4.5,45.0,8498.7,-12.3,8500.0,False,False,False,False,False,False,False,False,False,False,False,True,True,True,True,False,True,False,False,False,False,False,False,False
1354653,STATE_ARMED,11.8,0.0,89.0,0.0,0.0,0.0,4.5,0.5,0.5,5.0,13.0,46.0,79.0,75.5,18.0,0.0,0.0,45.0,1,46.501,6.6005,8500.0,450.0,0.0,10,4.5,45.0,8498.7,-12.3,8500.0,False,False,False,False,False,False,False,False,False,False,False,True,True,True,True,False,True,False,False,False,False,False,False,False
1355160,STATE_ARMED,11.8,0.0,89.0,0.0,0.0,0.0,4.5,0.5,0.5,5.0,13.0,46.0,79.0,75.5,18.0,0.0,0.0,45.0,1,46.501,6.6005,8500.0,450.0,0.0,10,4.5,45.0,8498.7,-12.3,8500.0,False,False,False,False,False,False,False,False,False,False,False,True,True,True,True,False,True,False,False,False,False,False,False,False
1355667,STATE_ARMED,11.8,0.0,89.0,0.0,0.0,0.0,4.5,0.5,0.5,5.0,13.0,46.0,79.0,75.5,18.0,0.0,0.0,45.0,1,46.501,6.6005,8500.0,450.0,0.0,10,4.5,45.0,8498.7,-12.3,8500.0,False,False,False,False,False,False,False,False,False,False,False,True,True,True,True,False,True,False,False,False,False,False,False,False
1356174,STATE_ARMED,11.8,0.0,89.0,0.0,0.0,0.0,4.5,0.5,0.5,5.0,13.0,46.0,79.0,75.5,18.0,0.0,0.0,45.0,1,46.501,6.6005,8500.0,450.0,0.0,10,4.5,45.0,8498.7,-12.3,8500.0,False,False,False,False,False,False,False,False,False,False,False,True,True,True,True,False,True,False,False,False,False,False,False,False
1356681,STATE_ARMED,11.8,0.0,89.0,0.0,0.0,0.0,4.5,0.5,0.5,5.0,13.0,46.0,79.0,75.5,18.0,0.0,0.0,45.0,1,46.501,6.6005,8500.0,450.0,0.0,10,4.5,45.0,8498.7,-12.3,8500.0,False,False,False,False,False,False,False,False,False,False,False,True,True,True,True,False,True,False,False,False,False,False,False,False
1357188,STATE_ARMED,11.8,0.0,89.0,0.0,0.0,0.0,4.5,0.5,0.5,5.0,13.0,46.0,79.0,75.5,18.0,0.0,0.0,45.0,1,46.501,6.6005,8500.0,450.0,0.0,10,4.5,45.0,8498.7,-12.3,8500.0,False,False,False,False,False,False,False,False,False,False,False,True,True,True,True,False,True,False,False,False,False,False,False,False
1357694,STATE_ARMED,11.8,0.0,89.0,0.0,0.0,0.0,4.5,0.5,0.5,5.0,13.0,46.0,79.0,75.5,18.0,0.0,0.0,45.0,1,46.501,6.6005,8500.0,450.0,0.0,10,4.5,45.0,8498.7,-12.3,8500.0,False,False,False,False,False,False,False,False,False,False,False,True,True,True,True,False,True,False,False,False,False,False,False,False
1358201,STATE_ARMED,11.8,0.0,89.0,0.0,0.0,0.0,4.5,0.5,0.5,5.0,13.0,46.0,79.0,75.5,18.0,0.0,0.0,45.0,1,46.501,6.6005,8500.0,450.0,0.0,10,4.5,45.0,8498.7,-12.3,8500.0,False,False,False,False,False,False,False,False,False,False,False,True,True,True,True,False,True,False,False,False,False,False,False,False
1358708,STATE_ARMED,11.8,0.0,89.0,0.0,0.0,0.0,4.5,0.5,0.5,5.0,13.0,46.0,79.0,75.5,18.0,0.0,0.0,45.0,1,46.501,6.6005,8500.0,450.0,0.0,10,4.5,45.0,8498.7,-12.3,8500.0,False,False,False,False,False,False,False,False,False,False,False,True,True,True,True,False,True,False,False,False,False,False,False,False
1359214,STATE_ARMED,11.8,0.0,89.0,0.0,0.0,0.0,4.5,0.5,0.5,5.0,13.0,46.0,79.0,75.5,18.0,0.0,0.0,45.0,1,46.501,6.6005,8500.0,450.0,0.0,10,4.5,45.0,8498.7,-12.3,8500.0,False,False,False,False,False,False,False,False,False,False,False,True,True,True,True,False,True,False,False,False,False,False,False,False
1359735,STATE_ARMED,11.8,0.0,89.0,0.0,0.0,0.0,4.5,0.5,0.5,5.0,13.0,46.0,79.0,75.5,18.0,0.0,0.0,45.0,1,46.501,6.6005,8500.0,450.0,0.0,10,4.5,45.0,8498.7,-12.3,8500.0,False,False,False,False,False,False,False,False,False,False,False,True,True,True,True,False,True,False,False,False,False,False,False,False
1360244,STATE_ARMED,11.8,0.0,89.0,0.0,0.0,0.0,4.5,0.5,0.5,5.0,13.0,46.0,79.0,75.5,18.0,0.0,0.0,45.0,1,46.501,6.6005,8500.0,450.0,0.0,10,4.5,45.0,8498.7,-12.3,8500.0,False,False,False,False,False,False,False,False,False,False,False,True,True,True,True,False,True,False,False,False,False,False,False,False
1360752,STATE_ARMED,11.8,0.0,89.0,0.0,0.0,0.0,4.5,0.5,0.5,5.0,13.0,46.0,79.0,75.5,18.0,0.0,0.0,45.0,1,46.501,6.6005,8500.0,450.0,0.0,10,4.5,45.0,8498.7,-12.3,8500.0,False,False,False,False,False,False,False,False,False,False,False,True,True,True,True,False,True,False,False,False,False,False,False,False
1361260,STATE_ARMED,11.8,0.0,89.0,0.0,0.0,0.0,4.5,0.5,0.5,5.0,13.0,46.0,79.0,75.5,18.0,0.0,0.0,45.0,1,46.501,6.6005,8500.0,450.0,0.0,10,4.5,45.0,8498.7,-12.3,8500.0,False,False,False,False,False,False,False,False,False,False,False,True,True,True,True,False,True,False,False,False,False,False,False,False
1361768,STATE_ARMED,11.8,0.0,89.0,0.0,0.0,0.0,4.5,0.5,0.5,5.0,13.0,46.0,79.0,75.5,18.0,0.0,0.0,45.0,1,46.501,6.6005,8500.0,450.0,0.0,10,4.5,45.0,8498.7,-12.3,8500.0,False,False,False,False,False,False,False,False,False,False,False,True,True,True,True,False,True,False,False,False,False,False,False,False
