time_boot_ms,mission_state,battery_mv,roll,pitch,yaw,imu_acc_x,imu_acc_y,imu_acc_z,imu_gyro_x,imu_gyro_y,imu_gyro_z,imu_mag_x,imu_mag_y,imu_mag_z,pressure_pa,temp_celsius,highg_acc_x,highg_acc_y,highg_acc_z,gps_fix,lat,lon,gps_alt,vel,cog,satellites_nb,imu_acc_vertical,highg_acc_vertical,kalman_z,kalman_v,altitude_msl_cm,FLAG_IDEFIX_OK,FLAG_BT_OK,FLAG_FLASH_OK,FLAG_SD_OK,FLAG_TEMP_OK,FLAG_HIGHG_OK,FLAG_GPS_OK,FLAG_BARO_OK,FLAG_IMU_OK,FLAG_RADIO_OK,FLAG_PYROS_ARMED_OK,FLAG_PYRO1_CONN,FLAG_PYRO2_CONN,FLAG_PYRO3_CONN,FLAG_PYRO4_CONN,FLAG_PYROS_ARMED,FLAG_PYRO1_FIRED,FLAG_PYRO2_FIRED,FLAG_PYRO3_FIRED,FLAG_PYRO4_FIRED,FLAG_APOGEE_DETECTED,FLAG_MAIN_DEPLOYED,FLAG_DROGUE_DEPLOYED,FLAG_MACH_LOCK_ENABLED
7067672,STATE_ARMED,11.8,0.0,89.0,0.0,0.0,0.0,4.5,0.5,0.5,5.0,13.0,46.0,79.0,75.5,18.0,0.0,0.0,45.0,1,46.501,6.6005,8500.0,450.0,0.0,10,4.5,45.0,8498.7,-12.3,8500.0,False,False,False,False,False,False,False,False,False,False,False,True,True,True,True,False,True,False,False,False,False,False,False,False
7068175,STATE_ARMED,11.8,0.0,89.0,0.0,0.0,0.0,4.5,0.5,0.5,5.0,13.0,46.0,79.0,75.5,18.0,0.0,0.0,45.0,1,46.501,6.6005,8500.0,450.0,0.0,10,4.5,45.0,8498.7,-12.3,8500.0,False,False,False,False,False,False,False,False,False,False,False,True,True,True,True,False,True,False,False,False,False,False,False,False
7068676,STATE_ARMED,11.8,0.0,89.0,0.0,0.0,0.0,4.5,0.5,0.5,5.0,13.0,46.0,79.0,75.5,18.0,0.0,0.0,45.0,1,46.501,6.6005,8500.0,450.0,0.0,10,4.5,45.0,8498.7,-12.3,8500.0,False,False,False,False,False,False,False,False,False,False,False,True,True,True,True,False,True,False,False,False,False,False,False,False
7069178,STATE_ARMED,11.8,0.0,89.0,0.0,0.0,0.0,4.5,0.5,0.5,5.0,13.0,46.0,79.0,75.5,18.0,0.0,0.0,45.0,1,46.501,6.6005,8500.0,450.0,0.0,10,4.5,45.0,8498.7,-12.3,8500.0,False,False,False,False,False,False,False,False,False,False,False,True,True,True,True,False,True,False,False,False,False,False,False,False
7069681,STATE_ARMED,11.8,0.0,89.0,0.0,0.0,0.0,4.5,0.5,0.5,5.0,13.0,46.0,79.0,75.5,18.0,0.0,0.0,45.0,1,46.501,6.6005,8500.0,450.0,0.0,10,4.5,45.0,8498.7,-12.3,8500.0,False,False,False,False,False,False,False,False,False,False,False,True,True,True,True,False,True,False,False,False,False,False,False,False
7070183,STATE_ARMED,11.8,0.0,89.0,0.0,0.0,0.0,4.5,0.5,0.5,5.0,13.0,46.0,79.0,75.5,18.0,0.0,0.0,45.0,1,46.501,6.6005,8500.0,450.0,0.0,10,4.5,45.0,8498.7,-12.3,8500.0,False,False,False,False,False,False,False,False,False,False,False,True,True,True,True,False,True,False,False,False,False,False,False,False
7070685,STATE_ARMED,11.8,0.0,89.0,0.0,0.0,0.0,4.5,0.5,0.5,5.0,13.0,46.0,79.0,75.5,18.0,0.0,0.0,45.0,1,46.501,6.6005,8500.0,450.0,0.0,10,4.5,45.0,8498.7,-12.3,8500.0,False,False,False,False,False,False,False,False,False,False,False,True,True,True,True,False,True,False,False,False,False,False,False,False
7071187,STATE_ARMED,11.8,0.0,89.0,0.0,0.0,0.0,4.5,0.5,0.5,5.0,13.0,46.0,79.0,75.5,18.0,0.0,0.0,45.0,1,46.501,6.6005,8500.0,450.0,0.0,10,4.5,45.0,8498.7,-12.3,8500.0,False,False,False,False,False,False,False,False,False,False,False,True,True,True,True,False,True,False,False,False,False,False,False,False
7071689,STATE_ARMED,11.8,0.0,89.0,0.0,0.0,0.0,4.5,0.5,0.5,5.0,13.0,46.0,79.0,75.5,18.0,0.0,0.0,45.0,1,46.501,6.6005,8500.0,450.0,0.0,10,4.5,45.0,8498.7,-12.3,8500.0,False,False,False,False,False,False,False,False,False,False,False,True,True,True,True,False,True,False,False,False,False,False,False,False
7072190,STATE_ARMED,11.8,0.0,89.0,0.0,0.0,0.0,4.5,0.5,0.5,5.0,13.0,46.0,79.0,75.5,18.0,0.0,0.0,45.0,1,46.501,6.6005,8500.0,450.0,0.0,10,4.5,45.0,8498.7,-12.3,8500.0,False,False,False,False,False,False,False,False,False,False,False,True,True,True,True,False,True,False,False,False,False,False,False,False
7072692,STATE_ARMED,11.8,0.0,89.0,0.0,0.0,0.0,4.5,0.5,0.5,5.0,13.0,46.0,79.0,75.5,18.0,0.0,0.0,45.0,1,46.501,6.6005,8500.0,450.0,0.0,10,4.5,45.0,8498.7,-12.3,8500.0,False,False,False,False,False,False,False,False,False,False,False,True,True,True,True,False,True,False,False,False,False,False,False,False
7073198,STATE_ARMED,11.8,0.0,89.0,0.0,0.0,0.0,4.5,0.5,0.5,5.0,13.0,46.0,79.0,75.5,18.0,0.0,0.0,45.0,1,46.501,6.6005,8500.0,450.0,0.0,10,4.5,45.0,8498.7,-12.3,8500.0,False,False,False,False,False,False,False,False,False,False,False,True,True,True,True,False,True,False,False,False,False,False,False,False
7073699,STATE_ARMED,11.8,0.0,89.0,0.0,0.0,0.0,4.5,0.5,0.5,5.0,13.0,46.0,79.0,75.5,18.0,0.0,0.0,45.0,1,46.501,6.6005,8500.0,450.0,0.0,10,4.5,45.0,8498.7,-12.3,8500.0,False,False,False,False,False,False,False,False,False,False,False,True,True,True,True,False,True,False,False,False,False,False,False,False
7074202,STATE_ARMED,11.8,0.0,89.0,0.0,0.0,0.0,4.5,0.5,0.5,5.0,13.0,46.0,79.0,75.5,18.0,0.0,0.0,45.0,1,46.501,6.6005,8500.0,450.0,0.0,10,4.5,45.0,8498.7,-12.3,8500.0,False,False,False,False,False,False,False,False,False,False,False,True,True,True,True,False,True,False,False,False,False,False,False,False
7074705,STATE_ARMED,11.8,0.0,89.0,0.0,0.0,0.0,4.5,0.5,0.5,5.0,13.0,46.0,79.0,75.5,18.0,0.0,0.0,45.0,1,46.501,6.6005,8500.0,450.0,0.0,10,4.5,45.0,8498.7,-12.3,8500.0,False,False,False,False,False,False,False,False,False,False,False,True,True,True,True,False,True,False,False,False,False,False,False,False
7075208,STATE_ARMED,11.8,0.0,89.0,0.0,0.0,0.0,4.5,0.5,0.5,5.0,13.0,46.0,79.0,75.5,18.0,0.0,0.0,45.0,1,46.501,6.6005,8500.0,450.0,0.0,10,4.5,45.0,8498.7,-12.3,8500.0,False,False,False,False,False,False,False,False,False,False,False,True,True,True,True,False,True,False,False,False,False,False,False,False
7075709,STATE_ARMED,11.8,0.0,89.0,0.0,0.0,0.0,4.5,0.5,0.5,5.0,13.0,46.0,79.0,75.5,18.0,0.0,0.0,45.0,1,46.501,6.6005,8500.0,450.0,0.0,10,4.5,45.0,8498.7,-12.3,8500.0,False,False,False,False,False,False,False,False,False,False,False,True,True,True,True,False,True,False,False,False,False,False,False,False
7076211,STATE_ARMED,11.8,0.0,89.0,0.0,0.0,0.0,4.5,0.5,0.5,5.0,13.0,46.0,79.0,75.5,18.0,0.0,0.0,45.0,1,46.501,6.6005,8500.0,450.0,0.0,10,4.5,45.0,8498.7,-12.3,8500.0,False,False,False,False,False,False,False,False,False,False,False,True,True,True,True,False,True,False,False,False,False,False,False,False
7076713,STATE_ARMED,11.8,0.0,89.0,0.0,0.0,0.0,4.5,0.5,0.5,5.0,13.0,46.0,79.0,75.5,18.0,0.0,0.0,45.0,1,46.501,6.6005,8500.0,450.0,0.0,10,4.5,45.0,8498.7,-12.3,8500.0,False,False,False,False,False,False,False,False,False,False,False,True,True,True,True,False,True,False,False,False,False,False,False,False
7077215,STATE_ARMED,11.8,0.0,89.0,0.0,0.0,0.0,4.5,0.5,0.5,5.0,13.0,46.0,79.0,75.5,18.0,0.0,0.0,45.0,1,46.501,6.6005,8500.0,450.0,0.0,10,4.5,45.0,8498.7,-12.3,8500.0,False,False,False,False,False,False,False,False,False,False,False,True,True,True,True,False,True,False,False,False,False,False,False,False
7077717,STATE_ARMED,11.8,0.0,89.0,0.0,0.0,0.0,4.5,0.5,0.5,5.0,13.0,46.0,79.0,75.5,18.0,0.0,0.0,45.0,1,46.501,6.6005,8500.0,450.0,0.0,10,4.5,45.0,8498.7,-12.3,8500.0,False,False,False,False,False,False,False,False,False,False,False,True,True,True,True,False,True,False,False,False,False,False,False,False
7078219,STATE_ARMED,11.8,0.0,89.0,0.0,0.0,0.0,4.5,0.5,0.5,5.0,13.0,46.0,79.0,75.5,18.0,0.0,0.0,45.0,1,46.501,6.6005,8500.0,450.0,0.0,10,4.5,45.0,8498.7,-12.3,8500.0,False,False,False,False,False,False,False,False,False,False,False,True,True,True,True,False,True,False,False,False,False,False,False,False
7078721,STATE_ARMED,11.8,0.0,89.0,0.0,0.0,0.0,4.5,0.5,0.5,5.0,13.0,46.0,79.0,75.5,18.0,0.0,0.0,45.0,1,46.501,6.6005,8500.0,450.0,0.0,10,4.5,45.0,8498.7,-12.3,8500.0,False,False,False,False,False,False,False,False,False,False,False,True,True,True,True,False,True,False,False,False,False,False,False,False
7079223,STATE_ARMED,11.8,0.0,89.0,0.0,0.0,0.0,4.5,0.5,0.5,5.0,13.0,46.0,79.0,75.5,18.0,0.0,0.0,45.0,1,46.501,6.6005,8500.0,450.0,0.0,10,4.5,45.0,8498.7,-12.3,8500.0,False,False,False,False,False,False,False,False,False,False,False,True,True,True,True,False,True,False,False,False,False,False,False,False
7079724,STATE_ARMED,11.8,0.0,89.0,0.0,0.0,0.0,4.5,0.5,0.5,5.0,13.0,46.0,79.0,75.5,18.0,0.0,0.0,45.0,1,46.501,6.6005,8500.0,450.0,0.0,10,4.5,45.0,8498.7,-12.3,8500.0,False,False,False,False,False,False,False,False,False,False,False,True,True,True,True,False,True,False,False,False,False,False,False,False
7080226,STATE_ARMED,11.8,0.0,89.0,0.0,0.0,0.0,4.5,0.5,0.5,5.0,13.0,46.0,79.0,75.5,18.0,0.0,0.0,45.0,1,46.501,6.6005,8500.0,450.0,0.0,10,4.5,45.0,8498.7,-12.3,8500.0,False,False,False,False,False,False,False,False,False,False,False,True,True,True,True,False,True,False,False,False,False,False,False,False
7080728,STATE_ARMED,11.8,0.0,89.0,0.0,0.0,0.0,4.5,0.5,0.5,5.0,13.0,46.0,79.0,75.5,18.0,0.0,0.0,45.0,1,46.501,6.6005,8500.0,450.0,0.0,10,4.5,45.0,8498.7,-12.3,8500.0,False,False,False,False,False,False,False,False,False,False,False,True,True,True,True,False,True,False,False,False,False,False,False,False
7081230,STATE_ARMED,11.8,0.0,89.0,0.0,0.0,0.0,4.5,0.5,0.5,5.0,13.0,46.0,79.0,75.5,18.0,0.0,0.0,45.0,1,46.501,6.6005,8500.0,450.0,0.0,10,4.5,45.0,8498.7,-12.3,8500.0,False,False,False,False,False,False,False,False,False,False,False,True,True,True,True,False,True,False,False,False,False,False,False,False
7081732,STATE_ARMED,11.8,0.0,89.0,0.0,0.0,0.0,4.5,0.5,0.5,5.0,13.0,46.0,79.0,75.5,18.0,0.0,0.0,45.0,1,46.501,6.6005,8500.0,450.0,0.0,10,4.5,45.0,8498.7,-12.3,8500.0,False,False,False,False,False,False,False,False,False,False,False,True,True,True,True,False,True,False,False,False,False,False,False,False
7082234,STATE_ARMED,11.8,0.0,89.0,0.0,0.0,0.0,4.5,0.5,0.5,5.0,13.0,46.0,79.0,75.5,18.0,0.0,0.0,45.0,1,46.501,6.6005,8500.0,450.0,0.0,10,4.5,45.0,8498.7,-12.3,8500.0,False,False,False,False,False,False,False,False,False,False,False,True,True,True,True,False,True,False,False,False,False,False,False,False
7082736,STATE_ARMED,11.8,0.0,89.0,0.0,0.0,0.0,4.5,0.5,0.5,5.0,13.0,46.0,79.0,75.5,18.0,0.0,0.0,45.0,1,46.501,6.6005,8500.0,450.0,0.0,10,4.5,45.0,8498.7,-12.3,8500.0,False,False,False,False,False,False,False,False,False,False,False,True,True,True,True,False,True,False,False,False,False,False,False,False
7083238,STATE_ARMED,11.8,0.0,89.0,0.0,0.0,0.0,4.5,0.5,0.5,5.0,13.0,46.0,79.0,75.5,18.0,0.0,0.0,45.0,1,46.501,6.6005,8500.0,450.0,0.0,10,4.5,45.0,8498.7,-12.3,8500.0,False,False,False,False,False,False,False,False,False,False,False,True,True,True,True,False,True,False,False,False,False,False,False,False
7083740,STATE_ARMED,11.8,0.0,89.0,0.0,0.0,0.0,4.5,0.5,0.5,5.0,13.0,46.0,79.0,75.5,18.0,0.0,0.0,45.0,1,46.501,6.6005,8500.0,450.0,0.0,10,4.5,45.0,8498.7,-12.3,8500.0,False,False,False,False,False,False,False,False,False,False,False,True,True,True,True,False,True,False,False,False,False,False,False,False
7084242,STATE_ARMED,11.8,0.0,89.0,0.0,0.0,0.0,4.5,0.5,0.5,5.0,13.0,46.0,79.0,75.5,18.0,0.0,0.0,45.0,1,46.501,6.6005,8500.0,450.0,0.0,10,4.5,45.0,8498.7,-12.3,8500.0,False,False,False,False,False,False,False,False,False,False,False,True,True,True,True,False,True,False,False,False,False,False,False,False
7084743,STATE_ARMED,11.8,0.0,89.0,0.0,0.0,0.0,4.5,0.5,0.5,5.0,13.0,46.0,79.0,75.5,18.0,0.0,0.0,45.0,1,46.501,6.6005,8500.0,450.0,0.0,10,4.5,45.0,8498.7,-12.3,8500.0,False,False,False,False,False,False,False,False,False,False,False,True,True,True,True,False,True,False,False,False,False,False,False,False
7085245,STATE_ARMED,11.8,0.0,89.0,0.0,0.0,0.0,4.5,0.5,0.5,5.0,13.0,46.0,79.0,75.5,18.0,0.0,0.0,45.0,1,46.501,6.6005,8500.0,450.0,0.0,10,4.5,45.0,8498.7,-12.3,8500.0,False,False,False,False,False,False,False,False,False,False,False,True,True,True,True,False,True,False,False,False,False,False,False,False
7085747,STATE_ARMED,11.8,0.0,89.0,0.0,0.0,0.0,4.5,0.5,0.5,5.0,13.0,46.0,79.0,75.5,18.0,0.0,0.0,45.0,1,46.501,6.6005,8500.0,450.0,0.0,10,4.5,45.0,8498.7,-12.3,8500.0,False,False,False,False,False,False,False,False,False,False,False,True,True,True,True,False,True,False,False,False,False,False,False,False
7086249,STATE_ARMED,11.8,0.0,89.0,0.0,0.0,0.0,4.5,0.5,0.5,5.0,13.0,46.0,79.0,75.5,18.0,0.0,0.0,45.0,1,46.501,6.6005,8500.0,450.0,0.0,10,4.5,45.0,8498.7,-12.3,8500.0,False,False,False,False,False,False,False,False,False,False,False,True,True,True,True,False,True,False,False,False,False,False,False,False
7086751,STATE_ARMED,11.8,0.0,89.0,0.0,0.0,0.0,4.5,0.5,0.5,5.0,13.0,46.0,79.0,75.5,18.0,0.0,0.0,45.0,1,46.501,6.6005,8500.0,450.0,0.0,10,4.5,45.0,8498.7,-12.3,8500.0,False,False,False,False,False,False,False,False,False,False,False,True,True,True,True,False,True,False,False,False,False,False,False,False
7087253,STATE_ARMED,11.8,0.0,89.0,0.0,0.0,0.0,4.5,0.5,0.5,5.0,13.0,46.0,79.0,75.5,18.0,0.0,0.0,45.0,1,46.501,6.6005,8500.0,450.0,0.0,10,4.5,45.0,8498.7,-12.3,8500.0,False,False,False,False,False,False,False,False,False,False,False,True,True,True,True,False,True,False,False,False,False,False,False,False
7087757,STATE_ARMED,11.8,0.0,89.0,0.0,0.0,0.0,4.5,0.5,0.5,5.0,13.0,46.0,79.0,75.5,18.0,0.0,0.0,45.0,1,46.501,6.6005,8500.0,450.0,0.0,10,4.5,45.0,8498.7,-12.3,8500.0,False,False,False,False,False,False,False,False,False,False,False,True,True,True,True,False,True,False,False,False,False,False,False,False
7088260,STATE_ARMED,11.8,0.0,89.0,0.0,0.0,0.0,4.5,0.5,0.5,5.0,13.0,46.0,79.0,75.5,18.0,0.0,0.0,45.0,1,46.501,6.6005,8500.0,450.0,0.0,10,4.5,45.0,8498.7,-12.3,8500.0,False,False,False,False,False,False,False,False,False,False,False,True,True,True,True,False,True,False,False,False,False,False,False,False
7088762,STATE_ARMED,11.8,0.0,89.0,0.0,0.0,0.0,4.5,0.5,0.5,5.0,13.0,46.0,79.0,75.5,18.0,0.0,0.0,45.0,1,46.501,6.6005,8500.0,450.0,0.0,10,4.5,45.0,8498.7,-12.3,8500.0,False,False,False,False,False,False,False,False,False,False,False,True,True,True,True,False,True,False,False,False,False,False,False,False
7089264,STATE_ARMED,11.8,0.0,89.0,0.0,0.0,0.0,4.5,0.5,0.5,5.0,13.0,46.0,79.0,75.5,18.0,0.0,0.0,45.0,1,46.501,6.6005,8500.0,450.0,0.0,10,4.5,45.0,8498.7,-12.3,8500.0,False,False,False,False,False,False,False,False,False,False,False,True,True,True,True,False,True,False,False,False,False,False,False,False
7089766,STATE_ARMED,11.8,0.0,89.0,0.0,0.0,0.0,4.5,0.5,0.5,5.0,13.0,46.0,79.0,75.5,18.0,0.0,0.0,45.0,1,46.501,6.6005,8500.0,450.0,0.0,10,4.5,45.0,8498.7,-12.3,8500.0,False,False,False,False,False,False,False,False,False,False,False,True,True,True,True,False,True,False,False,False,False,False,False,False
7090268,STATE_ARMED,11.8,0.0,89.0,0.0,0.0,0.0,4.5,0.5,0.5,5.0,13.0,46.0,79.0,75.5,18.0,0.0,0.0,45.0,1,46.501,6.6005,8500.0,450.0,0.0,10,4.5,45.0,8498.7,-12.3,8500.0,False,False,False,False,False,False,False,False,False,False,False,True,True,True,True,False,True,False,False,False,False,False,False,False
7090771,STATE_ARMED,11.8,0.0,89.0,0.0,0.0,0.0,4.5,0.5,0.5,5.0,13.0,46.0,79.0,75.5,18.0,0.0,0.0,45.0,1,46.501,6.6005,8500.0,450.0,0.0,10,4.5,45.0,8498.7,-12.3,8500.0,False,False,False,False,False,False,False,False,False,False,False,True,True,True,True,False,True,False,False,False,False,False,False,False
7091272,STATE_ARMED,11.8,0.0,89.0,0.0,0.0,0.0,4.5,0.5,0.5,5.0,13.0,46.0,79.0,75.5,18.0,0.0,0.0,45.0,1,46.501,6.6005,8500.0,450.0,0.0,10,4.5,45.0,8498.7,-12.3,8500.0,False,False,False,False,False,False,False,False,False,False,False,True,True,True,True,False,True,False,False,False,False,False,False,False
7091775,STATE_ARMED,11.8,0.0,89.0,0.0,0.0,0.0,4.5,0.5,0.5,5.0,13.0,46.0,79.0,75.5,18.0,0.0,0.0,45.0,1,46.501,6.6005,8500.0,450.0,0.0,10,4.5,45.0,8498.7,-12.3,8500.0,False,False,False,False,False,False,False,False,False,False,False,True,True,True,True,False,True,False,False,False,False,False,False,False
7092277,STATE_ARMED,11.8,0.0,89.0,0.0,0.0,0.0,4.5,0.5,0.5,5.0,13.0,46.0,79.0,75.5,18.0,0.0,0.0,45.0,1,46.501,6.6005,8500.0,450.0,0.0,10,4.5,45.0,8498.7,-12.3,8500.0,False,False,False,False,False,False,False,False,False,False,False,True,True,True,True,False,True,False,False,False,False,False,False,False
7092779,STATE_ARMED,11.8,0.0,89.0,0.0,0.0,0.0,4.5,0.5,0.5,5.0,13.0,46.0,79.0,75.5,18.0,0.0,0.0,45.0,1,46.501,6.6005,8500.0,450.0,0.0,10,4.5,45.0,8498.7,-12.3,8500.0,False,False,False,False,False,False,False,False,False,False,False,True,True,True,True,False,True,False,False,False,False,False,False,False
7093282,STATE_ARMED,11.8,0.0,89.0,0.0,0.0,0.0,4.5,0.5,0.5,5.0,13.0,46.0,79.0,75.5,18.0,0.0,0.0,45.0,1,46.501,6.6005,8500.0,450.0,0.0,10,4.5,45.0,8498.7,-12.3,8500.0,False,False,False,False,False,False,False,False,False,False,False,True,True,True,True,False,True,False,False,False,False,False,False,False
7093784,STATE_ARMED,11.8,0.0,89.0,0.0,0.0,0.0,4.5,0.5,0.5,5.0,13.0,46.0,79.0,75.5,18.0,0.0,0.0,45.0,1,46.501,6.6005,8500.0,450.0,0.0,10,4.5,45.0,8498.7,-12.3,8500.0,False,False,False,False,False,False,False,False,False,False,False,True,True,True,True,False,True,False,False,False,False,False,False,False
7094286,STATE_ARMED,11.8,0.0,89.0,0.0,0.0,0.0,4.5,0.5,0.5,5.0,13.0,46.0,79.0,75.5,18.0,0.0,0.0,45.0,1,46.501,6.6005,8500.0,450.0,0.0,10,4.5,45.0,8498.7,-12.3,8500.0,False,False,False,False,False,False,False,False,False,False,False,True,True,True,True,False,True,False,False,False,False,False,False,False
7094789,STATE_ARMED,11.8,0.0,89.0,0.0,0.0,0.0,4.5,0.5,0.5,5.0,13.0,46.0,79.0,75.5,18.0,0.0,0.0,45.0,1,46.501,6.6005,8500.0,450.0,0.0,10,4.5,45.0,8498.7,-12.3,8500.0,False,False,False,False,False,False,False,False,False,False,False,True,True,True,True,False,True,False,False,False,False,False,False,False
7095291,STATE_ARMED,11.8,0.0,89.0,0.0,0.0,0.0,4.5,0.5,0.5,5.0,13.0,46.0,79.0,75.5,18.0,0.0,0.0,45.0,1,46.501,6.6005,8500.0,450.0,0.0,10,4.5,45.0,8498.7,-12.3,8500.0,False,False,False,False,False,False,False,False,False,False,False,True,True,True,True,False,True,False,False,False,False,False,False,False
7095794,STATE_ARMED,11.8,0.0,89.0,0.0,0.0,0.0,4.5,0.5,0.5,5.0,13.0,46.0,79.0,75.5,18.0,0.0,0.0,45.0,1,46.501,6.6005,8500.0,450.0,0.0,10,4.5,45.0,8498.7,-12.3,8500.0,False,False,False,False,False,False,False,False,False,False,False,True,True,True,True,False,True,False,False,False,False,False,False,False
7096297,STATE_ARMED,11.8,0.0,89.0,0.0,0.0,0.0,4.5,0.5,0.5,5.0,13.0,46.0,79.0,75.5,18.0,0.0,0.0,45.0,1,46.501,6.6005,8500.0,450.0,0.0,10,4.5,45.0,8498.7,-12.3,8500.0,False,False,False,False,False,False,False,False,False,False,False,True,True,True,True,False,True,False,False,False,False,False,False,False
7096800,STATE_ARMED,11.8,0.0,89.0,0.0,0.0,0.0,4.5,0.5,0.5,5.0,13.0,46.0,79.0,75.5,18.0,0.0,0.0,45.0,1,46.501,6.6005,8500.0,450.0,0.0,10,4.5,45.0,8498.7,-12.3,8500.0,False,False,False,False,False,False,False,False,False,False,False,True,True,True,True,False,True,False,False,False,False,False,False,False
7097302,STATE_ARMED,11.8,0.0,89.0,0.0,0.0,0.0,4.5,0.5,0.5,5.0,13.0,46.0,79.0,75.5,18.0,0.0,0.0,45.0,1,46.501,6.6005,8500.0,450.0,0.0,10,4.5,45.0,8498.7,-12.3,8500.0,False,False,False,False,False,False,False,False,False,False,False,True,True,True,True,False,True,False,False,False,False,False,False,False
7097804,STATE_ARMED,11.8,0.0,89.0,0.0,0.0,0.0,4.5,0.5,0.5,5.0,13.0,46.0,79.0,75.5,18.0,0.0,0.0,45.0,1,46.501,6.6005,8500.0,450.0,0.0,10,4.5,45.0,8498.7,-12.3,8500.0,False,False,False,False,False,False,False,False,False,False,False,True,True,True,True,False,True,False,False,False,False,False,False,False
7098306,STATE_ARMED,11.8,0.0,89.0,0.0,0.0,0.0,4.5,0.5,0.5,5.0,13.0,46.0,79.0,75.5,18.0,0.0,0.0,45.0,1,46.501,6.6005,8500.0,450.0,0.0,10,4.5,45.0,8498.7,-12.3,8500.0,False,False,False,False,False,False,False,False,False,False,False,True,True,True,True,False,True,False,False,False,False,False,False,False
7098808,STATE_ARMED,11.8,0.0,89.0,0.0,0.0,0.0,4.5,0.5,0.5,5.0,13.0,46.0,79.0,75.5,18.0,0.0,0.0,45.0,1,46.501,6.6005,8500.0,450.0,0.0,10,4.5,45.0,8498.7,-12.3,8500.0,False,False,False,False,False,False,False,False,False,False,False,True,True,True,True,False,True,False,False,False,False,False,False,False
7099310,STATE_ARMED,11.8,0.0,89.0,0.0,0.0,0.0,4.5,0.5,0.5,5.0,13.0,46.0,79.0,75.5,18.0,0.0,0.0,45.0,1,46.501,6.6005,8500.0,450.0,0.0,10,4.5,45.0,8498.7,-12.3,8500.0,False,False,False,False,False,False,False,False,False,False,False,True,True,True,True,False,True,False,False,False,False,False,False,False
7099812,STATE_ARMED,11.8,0.0,89.0,0.0,0.0,0.0,4.5,0.5,0.5,5.0,13.0,46.0,79.0,75.5,18.0,0.0,0.0,45.0,1,46.501,6.6005,8500.0,450.0,0.0,10,4.5,45.0,8498.7,-12.3,8500.0,False,False,False,False,False,False,False,False,False,False,False,True,True,True,True,False,True,False,False,False,False,False,False,False
7100313,STATE_ARMED,11.8,0.0,89.0,0.0,0.0,0.0,4.5,0.5,0.5,5.0,13.0,46.0,79.0,75.5,18.0,0.0,0.0,45.0,1,46.501,6.6005,8500.0,450.0,0.0,10,4.5,45.0,8498.7,-12.3,8500.0,False,False,False,False,False,False,False,False,False,False,False,True,True,True,True,False,True,False,False,False,False,False,False,False
7100817,STATE_ARMED,11.8,0.0,89.0,0.0,0.0,0.0,4.5,0.5,0.5,5.0,13.0,46.0,79.0,75.5,18.0,0.0,0.0,45.0,1,46.501,6.6005,8500.0,450.0,0.0,10,4.5,45.0,8498.7,-12.3,8500.0,False,False,False,False,False,False,False,False,False,False,False,True,True,True,True,False,True,False,False,False,False,False,False,False
7101319,STATE_ARMED,11.8,0.0,89.0,0.0,0.0,0.0,4.5,0.5,0.5,5.0,13.0,46.0,79.0,75.5,18.0,0.0,0.0,45.0,1,46.501,6.6005,8500.0,450.0,0.0,10,4.5,45.0,8498.7,-12.3,8500.0,False,False,False,False,False,False,False,False,False,False,False,True,True,True,True,False,True,False,False,False,False,False,False,False
7101821,STATE_ARMED,11.8,0.0,89.0,0.0,0.0,0.0,4.5,0.5,0.5,5.0,13.0,46.0,79.0,75.5,18.0,0.0,0.0,45.0,1,46.501,6.6005,8500.0,450.0,0.0,10,4.5,45.0,8498.7,-12.3,8500.0,False,False,False,False,False,False,False,False,False,False,False,True,True,True,True,False,True,False,False,False,False,False,False,False
7102323,STATE_ARMED,11.8,0.0,89.0,0.0,0.0,0.0,4.5,0.5,0.5,5.0,13.0,46.0,79.0,75.5,18.0,0.0,0.0,45.0,1,46.501,6.6005,8500.0,450.0,0.0,10,4.5,45.0,8498.7,-12.3,8500.0,False,False,False,False,False,False,False,False,False,False,False,True,True,True,True,False,True,False,False,False,False,False,False,False
7102825,STATE_ARMED,11.8,0.0,89.0,0.0,0.0,0.0,4.5,0.5,0.5,5.0,13.0,46.0,79.0,75.5,18.0,0.0,0.0,45.0,1,46.501,6.6005,8500.0,450.0,0.0,10,4.5,45.0,8498.7,-12.3,8500.0,False,False,False,False,False,False,False,False,False,False,False,True,True,True,True,False,True,False,False,False,False,False,False,False
7103327,STATE_ARMED,11.8,0.0,89.0,0.0,0.0,0.0,4.5,0.5,0.5,5.0,13.0,46.0,79.0,75.5,18.0,0.0,0.0,45.0,1,46.501,6.6005,8500.0,450.0,0.0,10,4.5,45.0,8498.7,-12.3,8500.0,False,False,False,False,False,False,False,False,False,False,False,True,True,True,True,False,True,False,False,False,False,False,False,False
7103829,STATE_ARMED,11.8,0.0,89.0,0.0,0.0,0.0,4.5,0.5,0.5,5.0,13.0,46.0,79.0,75.5,18.0,0.0,0.0,45.0,1,46.501,6.6005,8500.0,450.0,0.0,10,4.5,45.0,8498.7,-12.3,8500.0,False,False,False,False,False,False,False,False,False,False,False,True,True,True,True,False,True,False,False,False,False,False,False,False
7104331,STATE_ARMED,11.8,0.0,89.0,0.0,0.0,0.0,4.5,0.5,0.5,5.0,13.0,46.0,79.0,75.5,18.0,0.0,0.0,45.0,1,46.501,6.6005,8500.0,450.0,0.0,10,4.5,45.0,8498.7,-12.3,8500.0,False,False,False,False,False,False,False,False,False,False,False,True,True,True,True,False,True,False,False,False,False,False,False,False
7104833,STATE_ARMED,11.8,0.0,89.0,0.0,0.0,0.0,4.5,0.5,0.5,5.0,13.0,46.0,79.0,75.5,18.0,0.0,0.0,45.0,1,46.501,6.6005,8500.0,450.0,0.0,10,4.5,45.0,8498.7,-12.3,8500.0,False,False,False,False,False,False,False,False,False,False,False,True,True,True,True,False,True,False,False,False,False,False,False,False
7105335,STATE_ARMED,11.8,0.0,89.0,0.0,0.0,0.0,4.5,0.5,0.5,5.0,13.0,46.0,79.0,75.5,18.0,0.0,0.0,45.0,1,46.501,6.6005,8500.0,450.0,0.0,10,4.5,45.0,8498.7,-12.3,8500.0,False,False,False,False,False,False,False,False,False,False,False,True,True,True,True,False,True,False,False,False,False,False,False,False
7105837,STATE_ARMED,11.8,0.0,89.0,0.0,0.0,0.0,4.5,0.5,0.5,5.0,13.0,46.0,79.0,75.5,18.0,0.0,0.0,45.0,1,46.501,6.6005,8500.0,450.0,0.0,10,4.5,45.0,8498.7,-12.3,8500.0,False,False,False,False,False,False,False,False,False,False,False,True,True,True,True,False,True,False,False,False,False,False,False,False
7106339,STATE_ARMED,11.8,0.0,89.0,0.0,0.0,0.0,4.5,0.5,0.5,5.0,13.0,46.0,79.0,75.5,18.0,0.0,0.0,45.0,1,46.501,6.6005,8500.0,450.0,0.0,10,4.5,45.0,8498.7,-12.3,8500.0,False,False,False,False,False,False,False,False,False,False,False,True,True,True,True,False,True,False,False,False,False,False,False,False
7106841,STATE_ARMED,11.8,0.0,89.0,0.0,0.0,0.0,4.5,0.5,0.5,5.0,13.0,46.0,79.0,75.5,18.0,0.0,0.0,45.0,1,46.501,6.6005,8500.0,450.0,0.0,10,4.5,45.0,8498.7,-12.3,8500.0,False,False,False,False,False,False,False,False,False,False,False,True,True,True,True,False,True,False,False,False,False,False,False,False
7107342,STATE_ARMED,11.8,0.0,89.0,0.0,0.0,0.0,4.5,0.5,0.5,5.0,13.0,46.0,79.0,75.5,18.0,0.0,0.0,45.0,1,46.501,6.6005,8500.0,450.0,0.0,10,4.5,45.0,8498.7,-12.3,8500.0,False,False,False,False,False,False,False,False,False,False,False,True,True,True,True,False,True,False,False,False,False,False,False,False
7107844,STATE_ARMED,11.8,0.0,89.0,0.0,0.0,0.0,4.5,0.5,0.5,5.0,13.0,46.0,79.0,75.5,18.0,0.0,0.0,45.0,1,46.501,6.6005,8500.0,450.0,0.0,10,4.5,45.0,8498.7,-12.3,8500.0,False,False,False,False,False,False,False,False,False,False,False,True,True,True,True,False,True,False,False,False,False,False,False,False
7108345,STATE_ARMED,11.8,0.0,89.0,0.0,0.0,0.0,4.5,0.5,0.5,5.0,13.0,46.0,79.0,75.5,18.0,0.0,0.0,45.0,1,46.501,6.6005,8500.0,450.0,0.0,10,4.5,45.0,8498.7,-12.3,8500.0,False,False,False,False,False,False,False,False,False,False,False,True,True,True,True,False,True,False,False,False,False,False,False,False
7108847,STATE_ARMED,11.8,0.0,89.0,0.0,0.0,0.0,4.5,0.5,0.5,5.0,13.0,46.0,79.0,75.5,18.0,0.0,0.0,45.0,1,46.501,6.6005,8500.0,450.0,0.0,10,4.5,45.0,8498.7,-12.3,8500.0,False,False,False,False,False,False,False,False,False,False,False,True,True,True,True,False,True,False,False,False,False,False,False,False
7109348,STATE_ARMED,11.8,0.0,89.0,0.0,0.0,0.0,4.5,0.5,0.5,5.0,13.0,46.0,79.0,75.5,18.0,0.0,0.0,45.0,1,46.501,6.6005,8500.0,450.0,0.0,10,4.5,45.0,8498.7,-12.3,8500.0,False,False,False,False,False,False,False,False,False,False,False,True,True,True,True,False,True,False,False,False,False,False,False,False
7109850,STATE_ARMED,11.8,0.0,89.0,0.0,0.0,0.0,4.5,0.5,0.5,5.0,13.0,46.0,79.0,75.5,18.0,0.0,0.0,45.0,1,46.501,6.6005,8500.0,450.0,0.0,10,4.5,45.0,8498.7,-12.3,8500.0,False,False,False,False,False,False,False,False,False,False,False,True,True,True,True,False,True,False,False,False,False,False,False,False
7110351,STATE_ARMED,11.8,0.0,89.0,0.0,0.0,0.0,4.5,0.5,0.5,5.0,13.0,46.0,79.0,75.5,18.0,0.0,0.0,45.0,1,46.501,6.6005,8500.0,450.0,0.0,10,4.5,45.0,8498.7,-12.3,8500.0,False,False,False,False,False,False,False,False,False,False,False,True,True,True,True,False,True,False,False,False,False,False,False,False
7110853,STATE_ARMED,11.8,0.0,89.0,0.0,0.0,0.0,4.5,0.5,0.5,5.0,13.0,46.0,79.0,75.5,18.0,0.0,0.0,45.0,1,46.501,6.6005,8500.0,450.0,0.0,10,4.5,45.0,8498.7,-12.3,8500.0,False,False,False,False,False,False,False,False,False,False,False,True,True,True,True,False,True,False,False,False,False,False,False,False
7111355,STATE_ARMED,11.8,0.0,89.0,0.0,0.0,0.0,4.5,0.5,0.5,5.0,13.0,46.0,79.0,75.5,18.0,0.0,0.0,45.0,1,46.501,6.6005,8500.0,450.0,0.0,10,4.5,45.0,8498.7,-12.3,8500.0,False,False,False,False,False,False,False,False,False,False,False,True,True,True,True,False,True,False,False,False,False,False,False,False
7111858,STATE_ARMED,11.8,0.0,89.0,0.0,0.0,0.0,4.5,0.5,0.5,5.0,13.0,46.0,79.0,75.5,18.0,0.0,0.0,45.0,1,46.501,6.6005,8500.0,450.0,0.0,10,4.5,45.0,8498.7,-12.3,8500.0,False,False,False,False,False,False,False,False,False,False,False,True,True,True,True,False,True,False,False,False,False,False,False,False
7112360,STATE_ARMED,11.8,0.0,89.0,0.0,0.0,0.0,4.5,0.5,0.5,5.0,13.0,46.0,79.0,75.5,18.0,0.0,0.0,45.0,1,46.501,6.6005,8500.0,450.0,0.0,10,4.5,45.0,8498.7,-12.3,8500.0,False,False,False,False,False,False,False,False,False,False,False,True,True,True,True,False,True,False,False,False,False,False,False,False
7112862,STATE_ARMED,11.8,0.0,89.0,0.0,0.0,0.0,4.5,0.5,0.5,5.0,13.0,46.0,79.0,75.5,18.0,0.0,0.0,45.0,1,46.501,6.6005,8500.0,450.0,0.0,10,4.5,45.0,8498.7,-12.3,8500.0,False,False,False,False,False,False,False,False,False,False,False,True,True,True,True,False,True,False,False,False,False,False,False,False
7113364,STATE_ARMED,11.8,0.0,89.0,0.0,0.0,0.0,4.5,0.5,0.5,5.0,13.0,46.0,79.0,75.5,18.0,0.0,0.0,45.0,1,46.501,6.6005,8500.0,450.0,0.0,10,4.5,45.0,8498.7,-12.3,8500.0,False,False,False,False,False,False,False,False,False,False,False,True,True,True,True,False,True,False,False,False,False,False,False,False
7113866,STATE_ARMED,11.8,0.0,89.0,0.0,0.0,0.0,4.5,0.5,0.5,5.0,13.0,46.0,79.0,75.5,18.0,0.0,0.0,45.0,1,46.501,6.6005,8500.0,450.0,0.0,10,4.5,45.0,8498.7,-12.3,8500.0,False,False,False,False,False,False,False,False,False,False,False,True,True,True,True,False,True,False,False,False,False,False,False,False
7114369,STATE_ARMED,11.8,0.0,89.0,0.0,0.0,0.0,4.5,0.5,0.5,5.0,13.0,46.0,79.0,75.5,18.0,0.0,0.0,45.0,1,46.501,6.6005,8500.0,450.0,0.0,10,4.5,45.0,8498.7,-12.3,8500.0,False,False,False,False,False,False,False,False,False,False,False,True,True,True,True,False,True,False,False,False,False,False,False,False
7114870,STATE_ARMED,11.8,0.0,89.0,0.0,0.0,0.0,4.5,0.5,0.5,5.0,13.0,46.0,79.0,75.5,18.0,0.0,0.0,45.0,1,46.501,6.6005,8500.0,450.0,0.0,10,4.5,45.0,8498.7,-12.3,8500.0,False,False,False,False,False,False,False,False,False,False,False,True,True,True,True,False,True,False,False,False,False,False,False,False
7115372,STATE_ARMED,11.8,0.0,89.0,0.0,0.0,0.0,4.5,0.5,0.5,5.0,13.0,46.0,79.0,75.5,18.0,0.0,0.0,45.0,1,46.501,6.6005,8500.0,450.0,0.0,10,4.5,45.0,8498.7,-12.3,8500.0,False,False,False,False,False,False,False,False,False,False,False,True,True,True,True,False,True,False,False,False,False,False,False,False
7115876,STATE_ARMED,11.8,0.0,89.0,0.0,0.0,0.0,4.5,0.5,0.5,5.0,13.0,46.0,79.0,75.5,18.0,0.0,0.0,45.0,1,46.501,6.6005,8500.0,450.0,0.0,10,4.5,45.0,8498.7,-12.3,8500.0,False,False,False,False,False,False,False,False,False,False,False,True,True,True,True,False,True,False,False,False,False,False,False,False
7116378,STATE_ARMED,11.8,0.0,89.0,0.0,0.0,0.0,4.5,0.5,0.5,5.0,13.0,46.0,79.0,75.5,18.0,0.0,0.0,45.0,1,46.501,6.6005,8500.0,450.0,0.0,10,4.5,45.0,8498.7,-12.3,8500.0,False,False,False,False,False,False,False,False,False,False,False,True,True,True,True,False,True,False,False,False,False,False,False,False
7116880,STATE_ARMED,11.8,0.0,89.0,0.0,0.0,0.0,4.5,0.5,0.5,5.0,13.0,46.0,79.0,75.5,18.0,0.0,0.0,45.0,1,46.501,6.6005,8500.0,450.0,0.0,10,4.5,45.0,8498.7,-12.3,8500.0,False,False,False,False,False,False,False,False,False,False,False,True,True,True,True,False,True,False,False,False,False,False,False,False
7117382,STATE_ARMED,11.8,0.0,89.0,0.0,0.0,0.0,4.5,0.5,0.5,5.0,13.0,46.0,79.0,75.5,18.0,0.0,0.0,45.0,1,46.501,6.6005,8500.0,450.0,0.0,10,4.5,45.0,8498.7,-12.3,8500.0,False,False,False,False,False,False,False,False,False,False,False,True,True,True,True,False,True,False,False,False,False,False,False,False
7117884,STATE_ARMED,11.8,0.0,89.0,0.0,0.0,0.0,4.5,0.5,0.5,5.0,13.0,46.0,79.0,75.5,18.0,0.0,0.0,45.0,1,46.501,6.6005,8500.0,450.0,0.0,10,4.5,45.0,8498.7,-12.3,8500.0,False,False,False,False,False,False,False,False,False,False,False,True,True,True,True,False,True,False,False,False,False,False,False,False
7118385,STATE_ARMED,11.8,0.0,89.0,0.0,0.0,0.0,4.5,0.5,0.5,5.0,13.0,46.0,79.0,75.5,18.0,0.0,0.0,45.0,1,46.501,6.6005,8500.0,450.0,0.0,10,4.5,45.0,8498.7,-12.3,8500.0,False,False,False,False,False,False,False,False,False,False,False,True,True,True,True,False,True,False,False,False,False,False,False,False
7118887,STATE_ARMED,11.8,0.0,89.0,0.0,0.0,0.0,4.5,0.5,0.5,5.0,13.0,46.0,79.0,75.5,18.0,0.0,0.0,45.0,1,46.501,6.6005,8500.0,450.0,0.0,10,4.5,45.0,8498.7,-12.3,8500.0,False,False,False,False,False,False,False,False,False,False,False,True,True,True,True,False,True,False,False,False,False,False,False,False
7119389,STATE_ARMED,11.8,0.0,89.0,0.0,0.0,0.0,4.5,0.5,0.5,5.0,13.0,46.0,79.0,75.5,18.0,0.0,0.0,45.0,1,46.501,6.6005,8500.0,450.0,0.0,10,4.5,45.0,8498.7,-12.3,8500.0,False,False,False,False,False,False,False,False,False,False,False,True,True,True,True,False,True,False,False,False,False,False,False,False
7119892,STATE_ARMED,11.8,0.0,89.0,0.0,0.0,0.0,4.5,0.5,0.5,5.0,13.0,46.0,79.0,75.5,18.0,0.0,0.0,45.0,1,46.501,6.6005,8500.0,450.0,0.0,10,4.5,45.0,8498.7,-12.3,8500.0,False,False,False,False,False,False,False,False,False,False,False,True,True,True,True,False,True,False,False,False,False,False,False,False
7120395,STATE_ARMED,11.8,0.0,89.0,0.0,0.0,0.0,4.5,0.5,0.5,5.0,13.0,46.0,79.0,75.5,18.0,0.0,0.0,45.0,1,46.501,6.6005,8500.0,450.0,0.0,10,4.5,45.0,8498.7,-12.3,8500.0,False,False,False,False,False,False,False,False,False,False,False,True,True,True,True,False,True,False,False,False,False,False,False,False
7120897,STATE_ARMED,11.8,0.0,89.0,0.0,0.0,0.0,4.5,0.5,0.5,5.0,13.0,46.0,79.0,75.5,18.0,0.0,0.0,45.0,1,46.501,6.6005,8500.0,450.0,0.0,10,4.5,45.0,8498.7,-12.3,8500.0,False,False,False,False,False,False,False,False,False,False,False,True,True,True,True,False,True,False,False,False,False,False,False,False
7121400,STATE_ARMED,11.8,0.0,89.0,0.0,0.0,0.0,4.5,0.5,0.5,5.0,13.0,46.0,79.0,75.5,18.0,0.0,0.0,45.0,1,46.501,6.6005,8500.0,450.0,0.0,10,4.5,45.0,8498.7,-12.3,8500.0,False,False,False,False,False,False,False,False,False,False,False,True,True,True,True,False,True,False,False,False,False,False,False,False
7121902,STATE_ARMED,11.8,0.0,89.0,0.0,0.0,0.0,4.5,0.5,0.5,5.0,13.0,46.0,79.0,75.5,18.0,0.0,0.0,45.0,1,46.501,6.6005,8500.0,450.0,0.0,10,4.5,45.0,8498.7,-12.3,8500.0,False,False,False,False,False,False,False,False,False,False,False,True,True,True,True,False,True,False,False,False,False,False,False,False
7122404,STATE_ARMED,11.8,0.0,89.0,0.0,0.0,0.0,4.5,0.5,0.5,5.0,13.0,46.0,79.0,75.5,18.0,0.0,0.0,45.0,1,46.501,6.6005,8500.0,450.0,0.0,10,4.5,45.0,8498.7,-12.3,8500.0,False,False,False,False,False,False,False,False,False,False,False,True,True,True,True,False,True,False,False,False,False,False,False,False
7122906,STATE_ARMED,11.8,0.0,89.0,0.0,0.0,0.0,4.5,0.5,0.5,5.0,13.0,46.0,79.0,75.5,18.0,0.0,0.0,45.0,1,46.501,6.6005,8500.0,450.0,0.0,10,4.5,45.0,8498.7,-12.3,8500.0,False,False,False,False,False,False,False,False,False,False,False,True,True,True,True,False,True,False,False,False,False,False,False,False
7123408,STATE_ARMED,11.8,0.0,89.0,0.0,0.0,0.0,4.5,0.5,0.5,5.0,13.0,46.0,79.0,75.5,18.0,0.0,0.0,45.0,1,46.501,6.6005,8500.0,450.0,0.0,10,4.5,45.0,8498.7,-12.3,8500.0,False,False,False,False,False,False,False,False,False,False,False,True,True,True,True,False,True,False,False,False,False,False,False,False
7123911,STATE_ARMED,11.8,0.0,89.0,0.0,0.0,0.0,4.5,0.5,0.5,5.0,13.0,46.0,79.0,75.5,18.0,0.0,0.0,45.0,1,46.501,6.6005,8500.0,450.0,0.0,10,4.5,45.0,8498.7,-12.3,8500.0,False,False,False,False,False,False,False,False,False,False,False,True,True,True,True,False,True,False,False,False,False,False,False,False
7124414,STATE_ARMED,11.8,0.0,89.0,0.0,0.0,0.0,4.5,0.5,0.5,5.0,13.0,46.0,79.0,75.5,18.0,0.0,0.0,45.0,1,46.501,6.6005,8500.0,450.0,0.0,10,4.5,45.0,8498.7,-12.3,8500.0,False,False,False,False,False,False,False,False,False,False,False,True,True,True,True,False,True,False,False,False,False,False,False,False
7124917,STATE_ARMED,11.8,0.0,89.0,0.0,0.0,0.0,4.5,0.5,0.5,5.0,13.0,46.0,79.0,75.5,18.0,0.0,0.0,45.0,1,46.501,6.6005,8500.0,450.0,0.0,10,4.5,45.0,8498.7,-12.3,8500.0,False,False,False,False,False,False,False,False,False,False,False,True,True,True,True,False,True,False,False,False,False,False,False,False
7125418,STATE_ARMED,11.8,0.0,89.0,0.0,0.0,0.0,4.5,0.5,0.5,5.0,13.0,46.0,79.0,75.5,18.0,0.0,0.0,45.0,1,46.501,6.6005,8500.0,450.0,0.0,10,4.5,45.0,8498.7,-12.3,8500.0,False,False,False,False,False,False,False,False,False,False,False,True,True,True,True,False,True,False,False,False,False,False,False,False
7125921,STATE_ARMED,11.8,0.0,89.0,0.0,0.0,0.0,4.5,0.5,0.5,5.0,13.0,46.0,79.0,75.5,18.0,0.0,0.0,45.0,1,46.501,6.6005,8500.0,450.0,0.0,10,4.5,45.0,8498.7,-12.3,8500.0,False,False,False,False,False,False,False,False,False,False,False,True,True,True,True,False,True,False,False,False,False,False,False,False
7126423,STATE_ARMED,11.8,0.0,89.0,0.0,0.0,0.0,4.5,0.5,0.5,5.0,13.0,46.0,79.0,75.5,18.0,0.0,0.0,45.0,1,46.501,6.6005,8500.0,450.0,0.0,10,4.5,45.0,8498.7,-12.3,8500.0,False,False,False,False,False,False,False,False,False,False,False,True,True,True,True,False,True,False,False,False,False,False,False,False
7126924,STATE_ARMED,11.8,0.0,89.0,0.0,0.0,0.0,4.5,0.5,0.5,5.0,13.0,46.0,79.0,75.5,18.0,0.0,0.0,45.0,1,46.501,6.6005,8500.0,450.0,0.0,10,4.5,45.0,8498.7,-12.3,8500.0,False,False,False,False,False,False,False,False,False,False,False,True,True,True,True,False,True,False,False,False,False,False,False,False
7127426,STATE_ARMED,11.8,0.0,89.0,0.0,0.0,0.0,4.5,0.5,0.5,5.0,13.0,46.0,79.0,75.5,18.0,0.0,0.0,45.0,1,46.501,6.6005,8500.0,450.0,0.0,10,4.5,45.0,8498.7,-12.3,8500.0,False,False,False,False,False,False,False,False,False,False,False,True,True,True,True,False,True,False,False,False,False,False,False,False
7127929,STATE_ARMED,11.8,0.0,89.0,0.0,0.0,0.0,4.5,0.5,0.5,5.0,13.0,46.0,79.0,75.5,18.0,0.0,0.0,45.0,1,46.501,6.6005,8500.0,450.0,0.0,10,4.5,45.0,8498.7,-12.3,8500.0,False,False,False,False,False,False,False,False,False,False,False,True,True,True,True,False,True,False,False,False,False,False,False,False
7128431,STATE_ARMED,11.8,0.0,89.0,0.0,0.0,0.0,4.5,0.5,0.5,5.0,13.0,46.0,79.0,75.5,18.0,0.0,0.0,45.0,1,46.501,6.6005,8500.0,450.0,0.0,10,4.5,45.0,8498.7,-12.3,8500.0,False,False,False,False,False,False,False,False,False,False,False,True,True,True,True,False,True,False,False,False,False,False,False,False
7128933,STATE_ARMED,11.8,0.0,89.0,0.0,0.0,0.0,4.5,0.5,0.5,5.0,13.0,46.0,79.0,75.5,18.0,0.0,0.0,45.0,1,46.501,6.6005,8500.0,450.0,0.0,10,4.5,45.0,8498.7,-12.3,8500.0,False,False,False,False,False,False,False,False,False,False,False,True,True,True,True,False,True,False,False,False,False,False,False,False
7129435,STATE_ARMED,11.8,0.0,89.0,0.0,0.0,0.0,4.5,0.5,0.5,5.0,13.0,46.0,79.0,75.5,18.0,0.0,0.0,45.0,1,46.501,6.6005,8500.0,450.0,0.0,10,4.5,45.0,8498.7,-12.3,8500.0,False,False,False,False,False,False,False,False,False,False,False,True,True,True,True,False,True,False,False,False,False,False,False,False
7129937,STATE_ARMED,11.8,0.0,89.0,0.0,0.0,0.0,4.5,0.5,0.5,5.0,13.0,46.0,79.0,75.5,18.0,0.0,0.0,45.0,1,46.501,6.6005,8500.0,450.0,0.0,10,4.5,45.0,8498.7,-12.3,8500.0,False,False,False,False,False,False,False,False,False,False,False,True,True,True,True,False,True,False,False,False,False,False,False,False
7130438,STATE_ARMED,11.8,0.0,89.0,0.0,0.0,0.0,4.5,0.5,0.5,5.0,13.0,46.0,79.0,75.5,18.0,0.0,0.0,45.0,1,46.501,6.6005,8500.0,450.0,0.0,10,4.5,45.0,8498.7,-12.3,8500.0,False,False,False,False,False,False,False,False,False,False,False,True,True,True,True,False,True,False,False,False,False,False,False,False
7130940,STATE_ARMED,11.8,0.0,89.0,0.0,0.0,0.0,4.5,0.5,0.5,5.0,13.0,46.0,79.0,75.5,18.0,0.0,0.0,45.0,1,46.501,6.6005,8500.0,450.0,0.0,10,4.5,45.0,8498.7,-12.3,8500.0,False,False,False,False,False,False,False,False,False,False,False,True,True,True,True,False,True,False,False,False,False,False,False,False
7131442,STATE_ARMED,11.8,0.0,89.0,0.0,0.0,0.0,4.5,0.5,0.5,5.0,13.0,46.0,79.0,75.5,18.0,0.0,0.0,45.0,1,46.501,6.6005,8500.0,450.0,0.0,10,4.5,45.0,8498.7,-12.3,8500.0,False,False,False,False,False,False,False,False,False,False,False,True,True,True,True,False,True,False,False,False,False,False,False,False
7131944,STATE_ARMED,11.8,0.0,89.0,0.0,0.0,0.0,4.5,0.5,0.5,5.0,13.0,46.0,79.0,75.5,18.0,0.0,0.0,45.0,1,46.501,6.6005,8500.0,450.0,0.0,10,4.5,45.0,8498.7,-12.3,8500.0,False,False,False,False,False,False,False,False,False,False,False,True,True,True,True,False,True,False,False,False,False,False,False,False
7132446,STATE_ARMED,11.8,0.0,89.0,0.0,0.0,0.0,4.5,0.5,0.5,5.0,13.0,46.0,79.0,75.5,18.0,0.0,0.0,45.0,1,46.501,6.6005,8500.0,450.0,0.0,10,4.5,45.0,8498.7,-12.3,8500.0,False,False,False,False,False,False,False,False,False,False,False,True,True,True,True,False,True,False,False,False,False,False,False,False
7132948,STATE_ARMED,11.8,0.0,89.0,0.0,0.0,0.0,4.5,0.5,0.5,5.0,13.0,46.0,79.0,75.5,18.0,0.0,0.0,45.0,1,46.501,6.6005,8500.0,450.0,0.0,10,4.5,45.0,8498.7,-12.3,8500.0,False,False,False,False,False,False,False,False,False,False,False,True,True,True,True,False,True,False,False,False,False,False,False,False
7133450,STATE_ARMED,11.8,0.0,89.0,0.0,0.0,0.0,4.5,0.5,0.5,5.0,13.0,46.0,79.0,75.5,18.0,0.0,0.0,45.0,1,46.501,6.6005,8500.0,450.0,0.0,10,4.5,45.0,8498.7,-12.3,8500.0,False,False,False,False,False,False,False,False,False,False,False,True,True,True,True,False,True,False,False,False,False,False,False,False
7133953,STATE_ARMED,11.8,0.0,89.0,0.0,0.0,0.0,4.5,0.5,0.5,5.0,13.0,46.0,79.0,75.5,18.0,0.0,0.0,45.0,1,46.501,6.6005,8500.0,450.0,0.0,10,4.5,45.0,8498.7,-12.3,8500.0,False,False,False,False,False,False,False,False,False,False,False,True,True,True,True,False,True,False,False,False,False,False,False,False
7134455,STATE_ARMED,11.8,0.0,89.0,0.0,0.0,0.0,4.5,0.5,0.5,5.0,13.0,46.0,79.0,75.5,18.0,0.0,0.0,45.0,1,46.501,6.6005,8500.0,450.0,0.0,10,4.5,45.0,8498.7,-12.3,8500.0,False,False,False,False,False,False,False,False,False,False,False,True,True,True,True,False,True,False,False,False,False,False,False,False
7134958,STATE_ARMED,11.8,0.0,89.0,0.0,0.0,0.0,4.5,0.5,0.5,5.0,13.0,46.0,79.0,75.5,18.0,0.0,0.0,45.0,1,46.501,6.6005,8500.0,450.0,0.0,10,4.5,45.0,8498.7,-12.3,8500.0,False,False,False,False,False,False,False,False,False,False,False,True,True,True,True,False,True,False,False,False,False,False,False,False
7135461,STATE_ARMED,11.8,0.0,89.0,0.0,0.0,0.0,4.5,0.5,0.5,5.0,13.0,46.0,79.0,75.5,18.0,0.0,0.0,45.0,1,46.501,6.6005,8500.0,450.0,0.0,10,4.5,45.0,8498.7,-12.3,8500.0,False,False,False,False,False,False,False,False,False,False,False,True,True,True,True,False,True,False,False,False,False,False,False,False
7135963,STATE_ARMED,11.8,0.0,89.0,0.0,0.0,0.0,4.5,0.5,0.5,5.0,13.0,46.0,79.0,75.5,18.0,0.0,0.0,45.0,1,46.501,6.6005,8500.0,450.0,0.0,10,4.5,45.0,8498.7,-12.3,8500.0,False,False,False,False,False,False,False,False,False,False,False,True,True,True,True,False,True,False,False,False,False,False,False,False
7136464,STATE_ARMED,11.8,0.0,89.0,0.0,0.0,0.0,4.5,0.5,0.5,5.0,13.0,46.0,79.0,75.5,18.0,0.0,0.0,45.0,1,46.501,6.6005,8500.0,450.0,0.0,10,4.5,45.0,8498.7,-12.3,8500.0,False,False,False,False,False,False,False,False,False,False,False,True,True,True,True,False,True,False,False,False,False,False,False,False
7136967,STATE_ARMED,11.8,0.0,89.0,0.0,0.0,0.0,4.5,0.5,0.5,5.0,13.0,46.0,79.0,75.5,18.0,0.0,0.0,45.0,1,46.501,6.6005,8500.0,450.0,0.0,10,4.5,45.0,8498.7,-12.3,8500.0,False,False,False,False,False,False,False,False,False,False,False,True,True,True,True,False,True,False,False,False,False,False,False,False
7137469,STATE_ARMED,11.8,0.0,89.0,0.0,0.0,0.0,4.5,0.5,0.5,5.0,13.0,46.0,79.0,75.5,18.0,0.0,0.0,45.0,1,46.501,6.6005,8500.0,450.0,0.0,10,4.5,45.0,8498.7,-12.3,8500.0,False,False,False,False,False,False,False,False,False,False,False,True,True,True,True,False,True,False,False,False,False,False,False,False
7137971,STATE_ARMED,11.8,0.0,89.0,0.0,0.0,0.0,4.5,0.5,0.5,5.0,13.0,46.0,79.0,75.5,18.0,0.0,0.0,45.0,1,46.501,6.6005,8500.0,450.0,0.0,10,4.5,45.0,8498.7,-12.3,8500.0,False,False,False,False,False,False,False,False,False,False,False,True,True,True,True,False,True,False,False,False,False,False,False,False
7138474,STATE_ARMED,11.8,0.0,89.0,0.0,0.0,0.0,4.5,0.5,0.5,5.0,13.0,46.0,79.0,75.5,18.0,0.0,0.0,45.0,1,46.501,6.6005,8500.0,450.0,0.0,10,4.5,45.0,8498.7,-12.3,8500.0,False,False,False,False,False,False,False,False,False,False,False,True,True,True,True,False,True,False,False,False,False,False,False,False
7138976,STATE_ARMED,11.8,0.0,89.0,0.0,0.0,0.0,4.5,0.5,0.5,5.0,13.0,46.0,79.0,75.5,18.0,0.0,0.0,45.0,1,46.501,6.6005,8500.0,450.0,0.0,10,4.5,45.0,8498.7,-12.3,8500.0,False,False,False,False,False,False,False,False,False,False,False,True,True,True,True,False,True,False,False,False,False,False,False,False
7139478,STATE_ARMED,11.8,0.0,89.0,0.0,0.0,0.0,4.5,0.5,0.5,5.0,13.0,46.0,79.0,75.5,18.0,0.0,0.0,45.0,1,46.501,6.6005,8500.0,450.0,0.0,10,4.5,45.0,8498.7,-12.3,8500.0,False,False,False,False,False,False,False,False,False,False,False,True,True,True,True,False,True,False,False,False,False,False,False,False
7139980,STATE_ARMED,11.8,0.0,89.0,0.0,0.0,0.0,4.5,0.5,0.5,5.0,13.0,46.0,79.0,75.5,18.0,0.0,0.0,45.0,1,46.501,6.6005,8500.0,450.0,0.0,10,4.5,45.0,8498.7,-12.3,8500.0,False,False,False,False,False,False,False,False,False,False,False,True,True,True,True,False,True,False,False,False,False,False,False,False
7140482,STATE_ARMED,11.8,0.0,89.0,0.0,0.0,0.0,4.5,0.5,0.5,5.0,13.0,46.0,79.0,75.5,18.0,0.0,0.0,45.0,1,46.501,6.6005,8500.0,450.0,0.0,10,4.5,45.0,8498.7,-12.3,8500.0,False,False,False,False,False,False,False,False,False,False,False,True,True,True,True,False,True,False,False,False,False,False,False,False
7140985,STATE_ARMED,11.8,0.0,89.0,0.0,0.0,0.0,4.5,0.5,0.5,5.0,13.0,46.0,79.0,75.5,18.0,0.0,0.0,45.0,1,46.501,6.6005,8500.0,450.0,0.0,10,4.5,45.0,8498.7,-12.3,8500.0,False,False,False,False,False,False,False,False,False,False,False,True,True,True,True,False,True,False,False,False,False,False,False,False
7141487,STATE_ARMED,11.8,0.0,89.0,0.0,0.0,0.0,4.5,0.5,0.5,5.0,13.0,46.0,79.0,75.5,18.0,0.0,0.0,45.0,1,46.501,6.6005,8500.0,450.0,0.0,10,4.5,45.0,8498.7,-12.3,8500.0,False,False,False,False,False,False,False,False,False,False,False,True,True,True,True,False,True,False,False,False,False,False,False,False
7141990,STATE_ARMED,11.8,0.0,89.0,0.0,0.0,0.0,4.5,0.5,0.5,5.0,13.0,46.0,79.0,75.5,18.0,0.0,0.0,45.0,1,46.501,6.6005,8500.0,450.0,0.0,10,4.5,45.0,8498.7,-12.3,8500.0,False,False,False,False,False,False,False,False,False,False,False,True,True,True,True,False,True,False,False,False,False,False,False,False
7142493,STATE_ARMED,11.8,0.0,89.0,0.0,0.0,0.0,4.5,0.5,0.5,5.0,13.0,46.0,79.0,75.5,18.0,0.0,0.0,45.0,1,46.501,6.6005,8500.0,450.0,0.0,10,4.5,45.0,8498.7,-12.3,8500.0,False,False,False,False,False,False,False,False,False,False,False,True,True,True,True,False,True,False,False,False,False,False,False,False
7142996,STATE_ARMED,11.8,0.0,89.0,0.0,0.0,0.0,4.5,0.5,0.5,5.0,13.0,46.0,79.0,75.5,18.0,0.0,0.0,45.0,1,46.501,6.6005,8500.0,450.0,0.0,10,4.5,45.0,8498.7,-12.3,8500.0,False,False,False,False,False,False,False,False,False,False,False,True,True,True,True,False,True,False,False,False,False,False,False,False
7143498,STATE_ARMED,11.8,0.0,89.0,0.0,0.0,0.0,4.5,0.5,0.5,5.0,13.0,46.0,79.0,75.5,18.0,0.0,0.0,45.0,1,46.501,6.6005,8500.0,450.0,0.0,10,4.5,45.0,8498.7,-12.3,8500.0,False,False,False,False,False,False,False,False,False,False,False,True,True,True,True,False,True,False,False,False,False,False,False,False
7144001,STATE_ARMED,11.8,0.0,89.0,0.0,0.0,0.0,4.5,0.5,0.5,5.0,13.0,46.0,79.0,75.5,18.0,0.0,0.0,45.0,1,46.501,6.6005,8500.0,450.0,0.0,10,4.5,45.0,8498.7,-12.3,8500.0,False,False,False,False,False,False,False,False,False,False,False,True,True,True,True,False,True,False,False,False,False,False,False,False
7144502,STATE_ARMED,11.8,0.0,89.0,0.0,0.0,0.0,4.5,0.5,0.5,5.0,13.0,46.0,79.0,75.5,18.0,0.0,0.0,45.0,1,46.501,6.6005,8500.0,450.0,0.0,10,4.5,45.0,8498.7,-12.3,8500.0,False,False,False,False,False,False,False,False,False,False,False,True,True,True,True,False,True,False,False,False,False,False,False,False
7145005,STATE_ARMED,11.8,0.0,89.0,0.0,0.0,0.0,4.5,0.5,0.5,5.0,13.0,46.0,79.0,75.5,18.0,0.0,0.0,45.0,1,46.501,6.6005,8500.0,450.0,0.0,10,4.5,45.0,8498.7,-12.3,8500.0,False,False,False,False,False,False,False,False,False,False,False,True,True,True,True,False,True,False,False,False,False,False,False,False
7145506,STATE_ARMED,11.8,0.0,89.0,0.0,0.0,0.0,4.5,0.5,0.5,5.0,13.0,46.0,79.0,75.5,18.0,0.0,0.0,45.0,1,46.501,6.6005,8500.0,450.0,0.0,10,4.5,45.0,8498.7,-12.3,8500.0,False,False,False,False,False,False,False,False,False,False,False,True,True,True,True,False,True,False,False,False,False,False,False,False
7146008,STATE_ARMED,11.8,0.0,89.0,0.0,0.0,0.0,4.5,0.5,0.5,5.0,13.0,46.0,79.0,75.5,18.0,0.0,0.0,45.0,1,46.501,6.6005,8500.0,450.0,0.0,10,4.5,45.0,8498.7,-12.3,8500.0,False,False,False,False,False,False,False,False,False,False,False,True,True,True,True,False,True,False,False,False,False,False,False,False
7146510,STATE_ARMED,11.8,0.0,89.0,0.0,0.0,0.0,4.5,0.5,0.5,5.0,13.0,46.0,79.0,75.5,18.0,0.0,0.0,45.0,1,46.501,6.6005,8500.0,450.0,0.0,10,4.5,45.0,8498.7,-12.3,8500.0,False,False,False,False,False,False,False,False,False,False,False,True,True,True,True,False,True,False,False,False,False,False,False,False
7147011,STATE_ARMED,11.8,0.0,89.0,0.0,0.0,0.0,4.5,0.5,0.5,5.0,13.0,46.0,79.0,75.5,18.0,0.0,0.0,45.0,1,46.501,6.6005,8500.0,450.0,0.0,10,4.5,45.0,8498.7,-12.3,8500.0,False,False,False,False,False,False,False,False,False,False,False,True,True,True,True,False,True,False,False,False,False,False,False,False
7147513,STATE_ARMED,11.8,0.0,89.0,0.0,0.0,0.0,4.5,0.5,0.5,5.0,13.0,46.0,79.0,75.5,18.0,0.0,0.0,45.0,1,46.501,6.6005,8500.0,450.0,0.0,10,4.5,45.0,8498.7,-12.3,8500.0,False,False,False,False,False,False,False,False,False,False,False,True,True,True,True,False,True,False,False,False,False,False,False,False
7148015,STATE_ARMED,11.8,0.0,89.0,0.0,0.0,0.0,4.5,0.5,0.5,5.0,13.0,46.0,79.0,75.5,18.0,0.0,0.0,45.0,1,46.501,6.6005,8500.0,450.0,0.0,10,4.5,45.0,8498.7,-12.3,8500.0,False,False,False,False,False,False,False,False,False,False,False,True,True,True,True,False,True,False,False,False,False,False,False,False
7148516,STATE_ARMED,11.8,0.0,89.0,0.0,0.0,0.0,4.5,0.5,0.5,5.0,13.0,46.0,79.0,75.5,18.0,0.0,0.0,45.0,1,46.501,6.6005,8500.0,450.0,0.0,10,4.5,45.0,8498.7,-12.3,8500.0,False,False,False,False,False,False,False,False,False,False,False,True,True,True,True,False,True,False,False,False,False,False,False,False
7149019,STATE_ARMED,11.8,0.0,89.0,0.0,0.0,0.0,4.5,0.5,0.5,5.0,13.0,46.0,79.0,75.5,18.0,0.0,0.0,45.0,1,46.501,6.6005,8500.0,450.0,0.0,10,4.5,45.0,8498.7,-12.3,8500.0,False,False,False,False,False,False,False,False,False,False,False,True,True,True,True,False,True,False,False,False,False,False,False,False
7149520,STATE_ARMED,11.8,0.0,89.0,0.0,0.0,0.0,4.5,0.5,0.5,5.0,13.0,46.0,79.0,75.5,18.0,0.0,0.0,45.0,1,46.501,6.6005,8500.0,450.0,0.0,10,4.5,45.0,8498.7,-12.3,8500.0,False,False,False,False,False,False,False,False,False,False,False,True,True,True,True,False,True,False,False,False,False,False,False,False
7150023,STATE_ARMED,11.8,0.0,89.0,0.0,0.0,0.0,4.5,0.5,0.5,5.0,13.0,46.0,79.0,75.5,18.0,0.0,0.0,45.0,1,46.501,6.6005,8500.0,450.0,0.0,10,4.5,45.0,8498.7,-12.3,8500.0,False,False,False,False,False,False,False,False,False,False,False,True,True,True,True,False,True,False,False,False,False,False,False,False
7150525,STATE_ARMED,11.8,0.0,89.0,0.0,0.0,0.0,4.5,0.5,0.5,5.0,13.0,46.0,79.0,75.5,18.0,0.0,0.0,45.0,1,46.501,6.6005,8500.0,450.0,0.0,10,4.5,45.0,8498.7,-12.3,8500.0,False,False,False,False,False,False,False,False,False,False,False,True,True,True,True,False,True,False,False,False,False,False,False,False
7151027,STATE_ARMED,11.8,0.0,89.0,0.0,0.0,0.0,4.5,0.5,0.5,5.0,13.0,46.0,79.0,75.5,18.0,0.0,0.0,45.0,1,46.501,6.6005,8500.0,450.0,0.0,10,4.5,45.0,8498.7,-12.3,8500.0,False,False,False,False,False,False,False,False,False,False,False,True,True,True,True,False,True,False,False,False,False,False,False,False
7151530,STATE_ARMED,11.8,0.0,89.0,0.0,0.0,0.0,4.5,0.5,0.5,5.0,13.0,46.0,79.0,75.5,18.0,0.0,0.0,45.0,1,46.501,6.6005,8500.0,450.0,0.0,10,4.5,45.0,8498.7,-12.3,8500.0,False,False,False,False,False,False,False,False,False,False,False,True,True,True,True,False,True,False,False,False,False,False,False,False
7152033,STATE_ARMED,11.8,0.0,89.0,0.0,0.0,0.0,4.5,0.5,0.5,5.0,13.0,46.0,79.0,75.5,18.0,0.0,0.0,45.0,1,46.501,6.6005,8500.0,450.0,0.0,10,4.5,45.0,8498.7,-12.3,8500.0,False,False,False,False,False,False,False,False,False,False,False,True,True,True,True,False,True,False,False,False,False,False,False,False
7152536,STATE_ARMED,11.8,0.0,89.0,0.0,0.0,0.0,4.5,0.5,0.5,5.0,13.0,46.0,79.0,75.5,18.0,0.0,0.0,45.0,1,46.501,6.6005,8500.0,450.0,0.0,10,4.5,45.0,8498.7,-12.3,8500.0,False,False,False,False,False,False,False,False,False,False,False,True,True,True,True,False,True,False,False,False,False,False,False,False
7153039,STATE_ARMED,11.8,0.0,89.0,0.0,0.0,0.0,4.5,0.5,0.5,5.0,13.0,46.0,79.0,75.5,18.0,0.0,0.0,45.0,1,46.501,6.6005,8500.0,450.0,0.0,10,4.5,45.0,8498.7,-12.3,8500.0,False,False,False,False,False,False,False,False,False,False,False,True,True,True,True,False,True,False,False,False,False,False,False,False
7153541,STATE_ARMED,11.8,0.0,89.0,0.0,0.0,0.0,4.5,0.5,0.5,5.0,13.0,46.0,79.0,75.5,18.0,0.0,0.0,45.0,1,46.501,6.6005,8500.0,450.0,0.0,10,4.5,45.0,8498.7,-12.3,8500.0,False,False,False,False,False,False,False,False,False,False,False,True,True,True,True,False,True,False,False,False,False,False,False,False
7154042,STATE_ARMED,11.8,0.0,89.0,0.0,0.0,0.0,4.5,0.5,0.5,5.0,13.0,46.0,79.0,75.5,18.0,0.0,0.0,45.0,1,46.501,6.6005,8500.0,450.0,0.0,10,4.5,45.0,8498.7,-12.3,8500.0,False,False,False,False,False,False,False,False,False,False,False,True,True,True,True,False,True,False,False,False,False,False,False,False
7154544,STATE_ARMED,11.8,0.0,89.0,0.0,0.0,0.0,4.5,0.5,0.5,5.0,13.0,46.0,79.0,75.5,18.0,0.0,0.0,45.0,1,46.501,6.6005,8500.0,450.0,0.0,10,4.5,45.0,8498.7,-12.3,8500.0,False,False,False,False,False,False,False,False,False,False,False,True,True,True,True,False,True,False,False,False,False,False,False,False
7155046,STATE_ARMED,11.8,0.0,89.0,0.0,0.0,0.0,4.5,0.5,0.5,5.0,13.0,46.0,79.0,75.5,18.0,0.0,0.0,45.0,1,46.501,6.6005,8500.0,450.0,0.0,10,4.5,45.0,8498.7,-12.3,8500.0,False,False,False,False,False,False,False,False,False,False,False,True,True,True,True,False,True,False,False,False,False,False,False,False
7155547,STATE_ARMED,11.8,0.0,89.0,0.0,0.0,0.0,4.5,0.5,0.5,5.0,13.0,46.0,79.0,75.5,18.0,0.0,0.0,45.0,1,46.501,6.6005,8500.0,450.0,0.0,10,4.5,45.0,8498.7,-12.3,8500.0,False,False,False,False,False,False,False,False,False,False,False,True,True,True,True,False,True,False,False,False,False,False,False,False
7156049,STATE_ARMED,11.8,0.0,89.0,0.0,0.0,0.0,4.5,0.5,0.5,5.0,13.0,46.0,79.0,75.5,18.0,0.0,0.0,45.0,1,46.501,6.6005,8500.0,450.0,0.0,10,4.5,45.0,8498.7,-12.3,8500.0,False,False,False,False,False,False,False,False,False,False,False,True,True,True,True,False,True,False,False,False,False,False,False,False
7156550,STATE_ARMED,11.8,0.0,89.0,0.0,0.0,0.0,4.5,0.5,0.5,5.0,13.0,46.0,79.0,75.5,18.0,0.0,0.0,45.0,1,46.501,6.6005,8500.0,450.0,0.0,10,4.5,45.0,8498.7,-12.3,8500.0,False,False,False,False,False,False,False,False,False,False,False,True,True,True,True,False,True,False,False,False,False,False,False,False
7157051,STATE_ARMED,11.8,0.0,89.0,0.0,0.0,0.0,4.5,0.5,0.5,5.0,13.0,46.0,79.0,75.5,18.0,0.0,0.0,45.0,1,46.501,6.6005,8500.0,450.0,0.0,10,4.5,45.0,8498.7,-12.3,8500.0,False,False,False,False,False,False,False,False,False,False,False,True,True,True,True,False,True,False,False,False,False,False,False,False
7157553,STATE_ARMED,11.8,0.0,89.0,0.0,0.0,0.0,4.5,0.5,0.5,5.0,13.0,46.0,79.0,75.5,18.0,0.0,0.0,45.0,1,46.501,6.6005,8500.0,450.0,0.0,10,4.5,45.0,8498.7,-12.3,8500.0,False,False,False,False,False,False,False,False,False,False,False,True,True,True,True,False,True,False,False,False,False,False,False,False
7158055,STATE_ARMED,11.8,0.0,89.0,0.0,0.0,0.0,4.5,0.5,0.5,5.0,13.0,46.0,79.0,75.5,18.0,0.0,0.0,45.0,1,46.501,6.6005,8500.0,450.0,0.0,10,4.5,45.0,8498.7,-12.3,8500.0,False,False,False,False,False,False,False,False,False,False,False,True,True,True,True,False,True,False,False,False,False,False,False,False
7158556,STATE_ARMED,11.8,0.0,89.0,0.0,0.0,0.0,4.5,0.5,0.5,5.0,13.0,46.0,79.0,75.5,18.0,0.0,0.0,45.0,1,46.501,6.6005,8500.0,450.0,0.0,10,4.5,45.0,8498.7,-12.3,8500.0,False,False,False,False,False,False,False,False,False,False,False,True,True,True,True,False,True,False,False,False,False,False,False,False
7159058,STATE_ARMED,11.8,0.0,89.0,0.0,0.0,0.0,4.5,0.5,0.5,5.0,13.0,46.0,79.0,75.5,18.0,0.0,0.0,45.0,1,46.501,6.6005,8500.0,450.0,0.0,10,4.5,45.0,8498.7,-12.3,8500.0,False,False,False,False,False,False,False,False,False,False,False,True,True,True,True,False,True,False,False,False,False,False,False,False
7159559,STATE_ARMED,11.8,0.0,89.0,0.0,0.0,0.0,4.5,0.5,0.5,5.0,13.0,46.0,79.0,75.5,18.0,0.0,0.0,45.0,1,46.501,6.6005,8500.0,450.0,0.0,10,4.5,45.0,8498.7,-12.3,8500.0,False,False,False,False,False,False,False,False,False,False,False,True,True,True,True,False,True,False,False,False,False,False,False,False
7160061,STATE_ARMED,11.8,0.0,89.0,0.0,0.0,0.0,4.5,0.5,0.5,5.0,13.0,46.0,79.0,75.5,18.0,0.0,0.0,45.0,1,46.501,6.6005,8500.0,450.0,0.0,10,4.5,45.0,8498.7,-12.3,8500.0,False,False,False,False,False,False,False,False,False,False,False,True,True,True,True,False,True,False,False,False,False,False,False,False
7160562,STATE_ARMED,11.8,0.0,89.0,0.0,0.0,0.0,4.5,0.5,0.5,5.0,13.0,46.0,79.0,75.5,18.0,0.0,0.0,45.0,1,46.501,6.6005,8500.0,450.0,0.0,10,4.5,45.0,8498.7,-12.3,8500.0,False,False,False,False,False,False,False,False,False,False,False,True,True,True,True,False,True,False,False,False,False,False,False,False
7161064,STATE_ARMED,11.8,0.0,89.0,0.0,0.0,0.0,4.5,0.5,0.5,5.0,13.0,46.0,79.0,75.5,18.0,0.0,0.0,45.0,1,46.501,6.6005,8500.0,450.0,0.0,10,4.5,45.0,8498.7,-12.3,8500.0,False,False,False,False,False,False,False,False,False,False,False,True,True,True,True,False,True,False,False,False,False,False,False,False
7161565,STATE_ARMED,11.8,0.0,89.0,0.0,0.0,0.0,4.5,0.5,0.5,5.0,13.0,46.0,79.0,75.5,18.0,0.0,0.0,45.0,1,46.501,6.6005,8500.0,450.0,0.0,10,4.5,45.0,8498.7,-12.3,8500.0,False,False,False,False,False,False,False,False,False,False,False,True,True,True,True,False,True,False,False,False,False,False,False,False
7162067,STATE_ARMED,11.8,0.0,89.0,0.0,0.0,0.0,4.5,0.5,0.5,5.0,13.0,46.0,79.0,75.5,18.0,0.0,0.0,45.0,1,46.501,6.6005,8500.0,450.0,0.0,10,4.5,45.0,8498.7,-12.3,8500.0,False,False,False,False,False,False,False,False,False,False,False,True,True,True,True,False,True,False,False,False,False,False,False,False
7162568,STATE_ARMED,11.8,0.0,89.0,0.0,0.0,0.0,4.5,0.5,0.5,5.0,13.0,46.0,79.0,75.5,18.0,0.0,0.0,45.0,1,46.501,6.6005,8500.0,450.0,0.0,10,4.5,45.0,8498.7,-12.3,8500.0,False,False,False,False,False,False,False,False,False,False,False,True,True,True,True,False,True,False,False,False,False,False,False,False
7163070,STATE_ARMED,11.8,0.0,89.0,0.0,0.0,0.0,4.5,0.5,0.5,5.0,13.0,46.0,79.0,75.5,18.0,0.0,0.0,45.0,1,46.501,6.6005,8500.0,450.0,0.0,10,4.5,45.0,8498.7,-12.3,8500.0,False,False,False,False,False,False,False,False,False,False,False,True,True,True,True,False,True,False,False,False,False,False,False,False
7163572,STATE_ARMED,11.8,0.0,89.0,0.0,0.0,0.0,4.5,0.5,0.5,5.0,13.0,46.0,79.0,75.5,18.0,0.0,0.0,45.0,1,46.501,6.6005,8500.0,450.0,0.0,10,4.5,45.0,8498.7,-12.3,8500.0,False,False,False,False,False,False,False,False,False,False,False,True,True,True,True,False,True,False,False,False,False,False,False,False
7164074,STATE_ARMED,11.8,0.0,89.0,0.0,0.0,0.0,4.5,0.5,0.5,5.0,13.0,46.0,79.0,75.5,18.0,0.0,0.0,45.0,1,46.501,6.6005,8500.0,450.0,0.0,10,4.5,45.0,8498.7,-12.3,8500.0,False,False,False,False,False,False,False,False,False,False,False,True,True,True,True,False,True,False,False,False,False,False,False,False
7164575,STATE_ARMED,11.8,0.0,89.0,0.0,0.0,0.0,4.5,0.5,0.5,5.0,13.0,46.0,79.0,75.5,18.0,0.0,0.0,45.0,1,46.501,6.6005,8500.0,450.0,0.0,10,4.5,45.0,8498.7,-12.3,8500.0,False,False,False,False,False,False,False,False,False,False,False,True,True,True,True,False,True,False,False,False,False,False,False,False
7165077,STATE_ARMED,11.8,0.0,89.0,0.0,0.0,0.0,4.5,0.5,0.5,5.0,13.0,46.0,79.0,75.5,18.0,0.0,0.0,45.0,1,46.501,6.6005,8500.0,450.0,0.0,10,4.5,45.0,8498.7,-12.3,8500.0,False,False,False,False,False,False,False,False,False,False,False,True,True,True,True,False,True,False,False,False,False,False,False,False
7165579,STATE_ARMED,11.8,0.0,89.0,0.0,0.0,0.0,4.5,0.5,0.5,5.0,13.0,46.0,79.0,75.5,18.0,0.0,0.0,45.0,1,46.501,6.6005,8500.0,450.0,0.0,10,4.5,45.0,8498.7,-12.3,8500.0,False,False,False,False,False,False,False,False,False,False,False,True,True,True,True,False,True,False,False,False,False,False,False,False
7166080,STATE_ARMED,11.8,0.0,89.0,0.0,0.0,0.0,4.5,0.5,0.5,5.0,13.0,46.0,79.0,75.5,18.0,0.0,0.0,45.0,1,46.501,6.6005,8500.0,450.0,0.0,10,4.5,45.0,8498.7,-12.3,8500.0,False,False,False,False,False,False,False,False,False,False,False,True,True,True,True,False,True,False,False,False,False,False,False,False
7166582,STATE_ARMED,11.8,0.0,89.0,0.0,0.0,0.0,4.5,0.5,0.5,5.0,13.0,46.0,79.0,75.5,18.0,0.0,0.0,45.0,1,46.501,6.6005,8500.0,450.0,0.0,10,4.5,45.0,8498.7,-12.3,8500.0,False,False,False,False,False,False,False,False,False,False,False,True,True,True,True,False,True,False,False,False,False,False,False,False
7167084,STATE_ARMED,11.8,0.0,89.0,0.0,0.0,0.0,4.5,0.5,0.5,5.0,13.0,46.0,79.0,75.5,18.0,0.0,0.0,45.0,1,46.501,6.6005,8500.0,450.0,0.0,10,4.5,45.0,8498.7,-12.3,8500.0,False,False,False,False,False,False,False,False,False,False,False,True,True,True,True,False,True,False,False,False,False,False,False,False
7167587,STATE_ARMED,11.8,0.0,89.0,0.0,0.0,0.0,4.5,0.5,0.5,5.0,13.0,46.0,79.0,75.5,18.0,0.0,0.0,45.0,1,46.501,6.6005,8500.0,450.0,0.0,10,4.5,45.0,8498.7,-12.3,8500.0,False,False,False,False,False,False,False,False,False,False,False,True,True,True,True,False,True,False,False,False,False,False,False,False
7168090,STATE_ARMED,11.8,0.0,89.0,0.0,0.0,0.0,4.5,0.5,0.5,5.0,13.0,46.0,79.0,75.5,18.0,0.0,0.0,45.0,1,46.501,6.6005,8500.0,450.0,0.0,10,4.5,45.0,8498.7,-12.3,8500.0,False,False,False,False,False,False,False,False,False,False,False,True,True,True,True,False,True,False,False,False,False,False,False,False
7168592,STATE_ARMED,11.8,0.0,89.0,0.0,0.0,0.0,4.5,0.5,0.5,5.0,13.0,46.0,79.0,75.5,18.0,0.0,0.0,45.0,1,46.501,6.6005,8500.0,450.0,0.0,10,4.5,45.0,8498.7,-12.3,8500.0,False,False,False,False,False,False,False,False,False,False,False,True,True,True,True,False,True,False,False,False,False,False,False,False
7169094,STATE_ARMED,11.8,0.0,89.0,0.0,0.0,0.0,4.5,0.5,0.5,5.0,13.0,46.0,79.0,75.5,18.0,0.0,0.0,45.0,1,46.501,6.6005,8500.0,450.0,0.0,10,4.5,45.0,8498.7,-12.3,8500.0,False,False,False,False,False,False,False,False,False,False,False,True,True,True,True,False,True,False,False,False,False,False,False,False
7169596,STATE_ARMED,11.8,0.0,89.0,0.0,0.0,0.0,4.5,0.5,0.5,5.0,13.0,46.0,79.0,75.5,18.0,0.0,0.0,45.0,1,46.501,6.6005,8500.0,450.0,0.0,10,4.5,45.0,8498.7,-12.3,8500.0,False,False,False,False,False,False,False,False,False,False,False,True,True,True,True,False,True,False,False,False,False,False,False,False
7170098,STATE_ARMED,11.8,0.0,89.0,0.0,0.0,0.0,4.5,0.5,0.5,5.0,13.0,46.0,79.0,75.5,18.0,0.0,0.0,45.0,1,46.501,6.6005,8500.0,450.0,0.0,10,4.5,45.0,8498.7,-12.3,8500.0,False,False,False,False,False,False,False,False,False,False,False,True,True,True,True,False,True,False,False,False,False,False,False,False
7170600,STATE_ARMED,11.8,0.0,89.0,0.0,0.0,0.0,4.5,0.5,0.5,5.0,13.0,46.0,79.0,75.5,18.0,0.0,0.0,45.0,1,46.501,6.6005,8500.0,450.0,0.0,10,4.5,45.0,8498.7,-12.3,8500.0,False,False,False,False,False,False,False,False,False,False,False,True,True,True,True,False,True,False,False,False,False,False,False,False
7171102,STATE_ARMED,11.8,0.0,89.0,0.0,0.0,0.0,4.5,0.5,0.5,5.0,13.0,46.0,79.0,75.5,18.0,0.0,0.0,45.0,1,46.501,6.6005,8500.0,450.0,0.0,10,4.5,45.0,8498.7,-12.3,8500.0,False,False,False,False,False,False,False,False,False,False,False,True,True,True,True,False,True,False,False,False,False,False,False,False
7171604,STATE_ARMED,11.8,0.0,89.0,0.0,0.0,0.0,4.5,0.5,0.5,5.0,13.0,46.0,79.0,75.5,18.0,0.0,0.0,45.0,1,46.501,6.6005,8500.0,450.0,0.0,10,4.5,45.0,8498.7,-12.3,8500.0,False,False,False,False,False,False,False,False,False,False,False,True,True,True,True,False,True,False,False,False,False,False,False,False
7172105,STATE_ARMED,11.8,0.0,89.0,0.0,0.0,0.0,4.5,0.5,0.5,5.0,13.0,46.0,79.0,75.5,18.0,0.0,0.0,45.0,1,46.501,6.6005,8500.0,450.0,0.0,10,4.5,45.0,8498.7,-12.3,8500.0,False,False,False,False,False,False,False,False,False,False,False,True,True,True,True,False,True,False,False,False,False,False,False,False
7172607,STATE_ARMED,11.8,0.0,89.0,0.0,0.0,0.0,4.5,0.5,0.5,5.0,13.0,46.0,79.0,75.5,18.0,0.0,0.0,45.0,1,46.501,6.6005,8500.0,450.0,0.0,10,4.5,45.0,8498.7,-12.3,8500.0,False,False,False,False,False,False,False,False,False,False,False,True,True,True,True,False,True,False,False,False,False,False,False,False
7173108,STATE_ARMED,11.8,0.0,89.0,0.0,0.0,0.0,4.5,0.5,0.5,5.0,13.0,46.0,79.0,75.5,18.0,0.0,0.0,45.0,1,46.501,6.6005,8500.0,450.0,0.0,10,4.5,45.0,8498.7,-12.3,8500.0,False,False,False,False,False,False,False,False,False,False,False,True,True,True,True,False,True,False,False,False,False,False,False,False
7173611,STATE_ARMED,11.8,0.0,89.0,0.0,0.0,0.0,4.5,0.5,0.5,5.0,13.0,46.0,79.0,75.5,18.0,0.0,0.0,45.0,1,46.501,6.6005,8500.0,450.0,0.0,10,4.5,45.0,8498.7,-12.3,8500.0,False,False,False,False,False,False,False,False,False,False,False,True,True,True,True,False,True,False,False,False,False,False,False,False
7174112,STATE_ARMED,11.8,0.0,89.0,0.0,0.0,0.0,4.5,0.5,0.5,5.0,13.0,46.0,79.0,75.5,18.0,0.0,0.0,45.0,1,46.501,6.6005,8500.0,450.0,0.0,10,4.5,45.0,8498.7,-12.3,8500.0,False,False,False,False,False,False,False,False,False,False,False,True,True,True,True,False,True,False,False,False,False,False,False,False
7174615,STATE_ARMED,11.8,0.0,89.0,0.0,0.0,0.0,4.5,0.5,0.5,5.0,13.0,46.0,79.0,75.5,18.0,0.0,0.0,45.0,1,46.501,6.6005,8500.0,450.0,0.0,10,4.5,45.0,8498.7,-12.3,8500.0,False,False,False,False,False,False,False,False,False,False,False,True,True,True,True,False,True,False,False,False,False,False,False,False
7175117,STATE_ARMED,11.8,0.0,89.0,0.0,0.0,0.0,4.5,0.5,0.5,5.0,13.0,46.0,79.0,75.5,18.0,0.0,0.0,45.0,1,46.501,6.6005,8500.0,450.0,0.0,10,4.5,45.0,8498.7,-12.3,8500.0,False,False,False,False,False,False,False,False,False,False,False,True,True,True,True,False,True,False,False,False,False,False,False,False
7175619,STATE_ARMED,11.8,0.0,89.0,0.0,0.0,0.0,4.5,0.5,0.5,5.0,13.0,46.0,79.0,75.5,18.0,0.0,0.0,45.0,1,46.501,6.6005,8500.0,450.0,0.0,10,4.5,45.0,8498.7,-12.3,8500.0,False,False,False,False,False,False,False,False,False,False,False,True,True,True,True,False,True,False,False,False,False,False,False,False
7176121,STATE_ARMED,11.8,0.0,89.0,0.0,0.0,0.0,4.5,0.5,0.5,5.0,13.0,46.0,79.0,75.5,18.0,0.0,0.0,45.0,1,46.501,6.6005,8500.0,450.0,0.0,10,4.5,45.0,8498.7,-12.3,8500.0,False,False,False,False,False,False,False,False,False,False,False,True,True,True,True,False,True,False,False,False,False,False,False,False
7176623,STATE_ARMED,11.8,0.0,89.0,0.0,0.0,0.0,4.5,0.5,0.5,5.0,13.0,46.0,79.0,75.5,18.0,0.0,0.0,45.0,1,46.501,6.6005,8500.0,450.0,0.0,10,4.5,45.0,8498.7,-12.3,8500.0,False,False,False,False,False,False,False,False,False,False,False,True,True,True,True,False,True,False,False,False,False,False,False,False
7177126,STATE_ARMED,11.8,0.0,89.0,0.0,0.0,0.0,4.5,0.5,0.5,5.0,13.0,46.0,79.0,75.5,18.0,0.0,0.0,45.0,1,46.501,6.6005,8500.0,450.0,0.0,10,4.5,45.0,8498.7,-12.3,8500.0,False,False,False,False,False,False,False,False,False,False,False,True,True,True,True,False,True,False,False,False,False,False,False,False
7177629,STATE_ARMED,11.8,0.0,89.0,0.0,0.0,0.0,4.5,0.5,0.5,5.0,13.0,46.0,79.0,75.5,18.0,0.0,0.0,45.0,1,46.501,6.6005,8500.0,450.0,0.0,10,4.5,45.0,8498.7,-12.3,8500.0,False,False,False,False,False,False,False,False,False,False,False,True,True,True,True,False,True,False,False,False,False,False,False,False
7178132,STATE_ARMED,11.8,0.0,89.0,0.0,0.0,0.0,4.5,0.5,0.5,5.0,13.0,46.0,79.0,75.5,18.0,0.0,0.0,45.0,1,46.501,6.6005,8500.0,450.0,0.0,10,4.5,45.0,8498.7,-12.3,8500.0,False,False,False,False,False,False,False,False,False,False,False,True,True,True,True,False,True,False,False,False,False,False,False,False
7178635,STATE_ARMED,11.8,0.0,89.0,0.0,0.0,0.0,4.5,0.5,0.5,5.0,13.0,46.0,79.0,75.5,18.0,0.0,0.0,45.0,1,46.501,6.6005,8500.0,450.0,0.0,10,4.5,45.0,8498.7,-12.3,8500.0,False,False,False,False,False,False,False,False,False,False,False,True,True,True,True,False,True,False,False,False,False,False,False,False
7179137,STATE_ARMED,11.8,0.0,89.0,0.0,0.0,0.0,4.5,0.5,0.5,5.0,13.0,46.0,79.0,75.5,18.0,0.0,0.0,45.0,1,46.501,6.6005,8500.0,450.0,0.0,10,4.5,45.0,8498.7,-12.3,8500.0,False,False,False,False,False,False,False,False,False,False,False,True,True,True,True,False,True,False,False,False,False,False,False,False
7179639,STATE_ARMED,11.8,0.0,89.0,0.0,0.0,0.0,4.5,0.5,0.5,5.0,13.0,46.0,79.0,75.5,18.0,0.0,0.0,45.0,1,46.501,6.6005,8500.0,450.0,0.0,10,4.5,45.0,8498.7,-12.3,8500.0,False,False,False,False,False,False,False,False,False,False,False,True,True,True,True,False,True,False,False,False,False,False,False,False
7180140,STATE_ARMED,11.8,0.0,89.0,0.0,0.0,0.0,4.5,0.5,0.5,5.0,13.0,46.0,79.0,75.5,18.0,0.0,0.0,45.0,1,46.501,6.6005,8500.0,450.0,0.0,10,4.5,45.0,8498.7,-12.3,8500.0,False,False,False,False,False,False,False,False,False,False,False,True,True,True,True,False,True,False,False,False,False,False,False,False
7180642,STATE_ARMED,11.8,0.0,89.0,0.0,0.0,0.0,4.5,0.5,0.5,5.0,13.0,46.0,79.0,75.5,18.0,0.0,0.0,45.0,1,46.501,6.6005,8500.0,450.0,0.0,10,4.5,45.0,8498.7,-12.3,8500.0,False,False,False,False,False,False,False,False,False,False,False,True,True,True,True,False,True,False,False,False,False,False,False,False
7181144,STATE_ARMED,11.8,0.0,89.0,0.0,0.0,0.0,4.5,0.5,0.5,5.0,13.0,46.0,79.0,75.5,18.0,0.0,0.0,45.0,1,46.501,6.6005,8500.0,450.0,0.0,10,4.5,45.0,8498.7,-12.3,8500.0,False,False,False,False,False,False,False,False,False,False,False,True,True,True,True,False,True,False,False,False,False,False,False,False
7181646,STATE_ARMED,11.8,0.0,89.0,0.0,0.0,0.0,4.5,0.5,0.5,5.0,13.0,46.0,79.0,75.5,18.0,0.0,0.0,45.0,1,46.501,6.6005,8500.0,450.0,0.0,10,4.5,45.0,8498.7,-12.3,8500.0,False,False,False,False,False,False,False,False,False,False,False,True,True,True,True,False,True,False,False,False,False,False,False,False
7182148,STATE_ARMED,11.8,0.0,89.0,0.0,0.0,0.0,4.5,0.5,0.5,5.0,13.0,46.0,79.0,75.5,18.0,0.0,0.0,45.0,1,46.501,6.6005,8500.0,450.0,0.0,10,4.5,45.0,8498.7,-12.3,8500.0,False,False,False,False,False,False,False,False,False,False,False,True,True,True,True,False,True,False,False,False,False,False,False,False
7182651,STATE_ARMED,11.8,0.0,89.0,0.0,0.0,0.0,4.5,0.5,0.5,5.0,13.0,46.0,79.0,75.5,18.0,0.0,0.0,45.0,1,46.501,6.6005,8500.0,450.0,0.0,10,4.5,45.0,8498.7,-12.3,8500.0,False,False,False,False,False,False,False,False,False,False,False,True,True,True,True,False,True,False,False,False,False,False,False,False
7183153,STATE_ARMED,11.8,0.0,89.0,0.0,0.0,0.0,4.5,0.5,0.5,5.0,13.0,46.0,79.0,75.5,18.0,0.0,0.0,45.0,1,46.501,6.6005,8500.0,450.0,0.0,10,4.5,45.0,8498.7,-12.3,8500.0,False,False,False,False,False,False,False,False,False,False,False,True,True,True,True,False,True,False,False,False,False,False,False,False
7183655,STATE_ARMED,11.8,0.0,89.0,0.0,0.0,0.0,4.5,0.5,0.5,5.0,13.0,46.0,79.0,75.5,18.0,0.0,0.0,45.0,1,46.501,6.6005,8500.0,450.0,0.0,10,4.5,45.0,8498.7,-12.3,8500.0,False,False,False,False,False,False,False,False,False,False,False,True,True,True,True,False,True,False,False,False,False,False,False,False
7184156,STATE_ARMED,11.8,0.0,89.0,0.0,0.0,0.0,4.5,0.5,0.5,5.0,13.0,46.0,79.0,75.5,18.0,0.0,0.0,45.0,1,46.501,6.6005,8500.0,450.0,0.0,10,4.5,45.0,8498.7,-12.3,8500.0,False,False,False,False,False,False,False,False,False,False,False,True,True,True,True,False,True,False,False,False,False,False,False,False
7184658,STATE_ARMED,11.8,0.0,89.0,0.0,0.0,0.0,4.5,0.5,0.5,5.0,13.0,46.0,79.0,75.5,18.0,0.0,0.0,45.0,1,46.501,6.6005,8500.0,450.0,0.0,10,4.5,45.0,8498.7,-12.3,8500.0,False,False,False,False,False,False,False,False,False,False,False,True,True,True,True,False,True,False,False,False,False,False,False,False
7185160,STATE_ARMED,11.8,0.0,89.0,0.0,0.0,0.0,4.5,0.5,0.5,5.0,13.0,46.0,79.0,75.5,18.0,0.0,0.0,45.0,1,46.501,6.6005,8500.0,450.0,0.0,10,4.5,45.0,8498.7,-12.3,8500.0,False,False,False,False,False,False,False,False,False,False,False,True,True,True,True,False,True,False,False,False,False,False,False,False
7185662,STATE_ARMED,11.8,0.0,89.0,0.0,0.0,0.0,4.5,0.5,0.5,5.0,13.0,46.0,79.0,75.5,18.0,0.0,0.0,45.0,1,46.501,6.6005,8500.0,450.0,0.0,10,4.5,45.0,8498.7,-12.3,8500.0,False,False,False,False,False,False,False,False,False,False,False,True,True,True,True,False,True,False,False,False,False,False,False,False
7186165,STATE_ARMED,11.8,0.0,89.0,0.0,0.0,0.0,4.5,0.5,0.5,5.0,13.0,46.0,79.0,75.5,18.0,0.0,0.0,45.0,1,46.501,6.6005,8500.0,450.0,0.0,10,4.5,45.0,8498.7,-12.3,8500.0,False,False,False,False,False,False,False,False,False,False,False,True,True,True,True,False,True,False,False,False,False,False,False,False
7186669,STATE_ARMED,11.8,0.0,89.0,0.0,0.0,0.0,4.5,0.5,0.5,5.0,13.0,46.0,79.0,75.5,18.0,0.0,0.0,45.0,1,46.501,6.6005,8500.0,450.0,0.0,10,4.5,45.0,8498.7,-12.3,8500.0,False,False,False,False,False,False,False,False,False,False,False,True,True,True,True,False,True,False,False,False,False,False,False,False
7187173,STATE_ARMED,11.8,0.0,89.0,0.0,0.0,0.0,4.5,0.5,0.5,5.0,13.0,46.0,79.0,75.5,18.0,0.0,0.0,45.0,1,46.501,6.6005,8500.0,450.0,0.0,10,4.5,45.0,8498.7,-12.3,8500.0,False,False,False,False,False,False,False,False,False,False,False,True,True,True,True,False,True,False,False,False,False,False,False,False
7187675,STATE_ARMED,11.8,0.0,89.0,0.0,0.0,0.0,4.5,0.5,0.5,5.0,13.0,46.0,79.0,75.5,18.0,0.0,0.0,45.0,1,46.501,6.6005,8500.0,450.0,0.0,10,4.5,45.0,8498.7,-12.3,8500.0,False,False,False,False,False,False,False,False,False,False,False,True,True,True,True,False,True,False,False,False,False,False,False,False
7188176,STATE_ARMED,11.8,0.0,89.0,0.0,0.0,0.0,4.5,0.5,0.5,5.0,13.0,46.0,79.0,75.5,18.0,0.0,0.0,45.0,1,46.501,6.6005,8500.0,450.0,0.0,10,4.5,45.0,8498.7,-12.3,8500.0,False,False,False,False,False,False,False,False,False,False,False,True,True,True,True,False,True,False,False,False,False,False,False,False
7188678,STATE_ARMED,11.8,0.0,89.0,0.0,0.0,0.0,4.5,0.5,0.5,5.0,13.0,46.0,79.0,75.5,18.0,0.0,0.0,45.0,1,46.501,6.6005,8500.0,450.0,0.0,10,4.5,45.0,8498.7,-12.3,8500.0,False,False,False,False,False,False,False,False,False,False,False,True,True,True,True,False,True,False,False,False,False,False,False,False
7189180,STATE_ARMED,11.8,0.0,89.0,0.0,0.0,0.0,4.5,0.5,0.5,5.0,13.0,46.0,79.0,75.5,18.0,0.0,0.0,45.0,1,46.501,6.6005,8500.0,450.0,0.0,10,4.5,45.0,8498.7,-12.3,8500.0,False,False,False,False,False,False,False,False,False,False,False,True,True,True,True,False,True,False,False,False,False,False,False,False
7189682,STATE_ARMED,11.8,0.0,89.0,0.0,0.0,0.0,4.5,0.5,0.5,5.0,13.0,46.0,79.0,75.5,18.0,0.0,0.0,45.0,1,46.501,6.6005,8500.0,450.0,0.0,10,4.5,45.0,8498.7,-12.3,8500.0,False,False,False,False,False,False,False,False,False,False,False,True,True,True,True,False,True,False,False,False,False,False,False,False
7190183,STATE_ARMED,11.8,0.0,89.0,0.0,0.0,0.0,4.5,0.5,0.5,5.0,13.0,46.0,79.0,75.5,18.0,0.0,0.0,45.0,1,46.501,6.6005,8500.0,450.0,0.0,10,4.5,45.0,8498.7,-12.3,8500.0,False,False,False,False,False,False,False,False,False,False,False,True,True,True,True,False,True,False,False,False,False,False,False,False
7190685,STATE_ARMED,11.8,0.0,89.0,0.0,0.0,0.0,4.5,0.5,0.5,5.0,13.0,46.0,79.0,75.5,18.0,0.0,0.0,45.0,1,46.501,6.6005,8500.0,450.0,0.0,10,4.5,45.0,8498.7,-12.3,8500.0,False,False,False,False,False,False,False,False,False,False,False,True,True,True,True,False,True,False,False,False,False,False,False,False
7191186,STATE_ARMED,11.8,0.0,89.0,0.0,0.0,0.0,4.5,0.5,0.5,5.0,13.0,46.0,79.0,75.5,18.0,0.0,0.0,45.0,1,46.501,6.6005,8500.0,450.0,0.0,10,4.5,45.0,8498.7,-12.3,8500.0,False,False,False,False,False,False,False,False,False,False,False,True,True,True,True,False,True,False,False,False,False,False,False,False
7191688,STATE_ARMED,11.8,0.0,89.0,0.0,0.0,0.0,4.5,0.5,0.5,5.0,13.0,46.0,79.0,75.5,18.0,0.0,0.0,45.0,1,46.501,6.6005,8500.0,450.0,0.0,10,4.5,45.0,8498.7,-12.3,8500.0,False,False,False,False,False,False,False,False,False,False,False,True,True,True,True,False,True,False,False,False,False,False,False,False
7192190,STATE_ARMED,11.8,0.0,89.0,0.0,0.0,0.0,4.5,0.5,0.5,5.0,13.0,46.0,79.0,75.5,18.0,0.0,0.0,45.0,1,46.501,6.6005,8500.0,450.0,0.0,10,4.5,45.0,8498.7,-12.3,8500.0,False,False,False,False,False,False,False,False,False,False,False,True,True,True,True,False,True,False,False,False,False,False,False,False
7192692,STATE_ARMED,11.8,0.0,89.0,0.0,0.0,0.0,4.5,0.5,0.5,5.0,13.0,46.0,79.0,75.5,18.0,0.0,0.0,45.0,1,46.501,6.6005,8500.0,450.0,0.0,10,4.5,45.0,8498.7,-12.3,8500.0,False,False,False,False,False,False,False,False,False,False,False,True,True,True,True,False,True,False,False,False,False,False,False,False
7193193,STATE_ARMED,11.8,0.0,89.0,0.0,0.0,0.0,4.5,0.5,0.5,5.0,13.0,46.0,79.0,75.5,18.0,0.0,0.0,45.0,1,46.501,6.6005,8500.0,450.0,0.0,10,4.5,45.0,8498.7,-12.3,8500.0,False,False,False,False,False,False,False,False,False,False,False,True,True,True,True,False,True,False,False,False,False,False,False,False
7193695,STATE_ARMED,11.8,0.0,89.0,0.0,0.0,0.0,4.5,0.5,0.5,5.0,13.0,46.0,79.0,75.5,18.0,0.0,0.0,45.0,1,46.501,6.6005,8500.0,450.0,0.0,10,4.5,45.0,8498.7,-12.3,8500.0,False,False,False,False,False,False,False,False,False,False,False,True,True,True,True,False,True,False,False,False,False,False,False,False
7194197,STATE_ARMED,11.8,0.0,89.0,0.0,0.0,0.0,4.5,0.5,0.5,5.0,13.0,46.0,79.0,75.5,18.0,0.0,0.0,45.0,1,46.501,6.6005,8500.0,450.0,0.0,10,4.5,45.0,8498.7,-12.3,8500.0,False,False,False,False,False,False,False,False,False,False,False,True,True,True,True,False,True,False,False,False,False,False,False,False
7194699,STATE_ARMED,11.8,0.0,89.0,0.0,0.0,0.0,4.5,0.5,0.5,5.0,13.0,46.0,79.0,75.5,18.0,0.0,0.0,45.0,1,46.501,6.6005,8500.0,450.0,0.0,10,4.5,45.0,8498.7,-12.3,8500.0,False,False,False,False,False,False,False,False,False,False,False,True,True,True,True,False,True,False,False,False,False,False,False,False
7195204,STATE_ARMED,11.8,0.0,89.0,0.0,0.0,0.0,4.5,0.5,0.5,5.0,13.0,46.0,79.0,75.5,18.0,0.0,0.0,45.0,1,46.501,6.6005,8500.0,450.0,0.0,10,4.5,45.0,8498.7,-12.3,8500.0,False,False,False,False,False,False,False,False,False,False,False,True,True,True,True,False,True,False,False,False,False,False,False,False
7195706,STATE_ARMED,11.8,0.0,89.0,0.0,0.0,0.0,4.5,0.5,0.5,5.0,13.0,46.0,79.0,75.5,18.0,0.0,0.0,45.0,1,46.501,6.6005,8500.0,450.0,0.0,10,4.5,45.0,8498.7,-12.3,8500.0,False,False,False,False,False,False,False,False,False,False,False,True,True,True,True,False,True,False,False,False,False,False,False,False
7196209,STATE_ARMED,11.8,0.0,89.0,0.0,0.0,0.0,4.5,0.5,0.5,5.0,13.0,46.0,79.0,75.5,18.0,0.0,0.0,45.0,1,46.501,6.6005,8500.0,450.0,0.0,10,4.5,45.0,8498.7,-12.3,8500.0,False,False,False,False,False,False,False,False,False,False,False,True,True,True,True,False,True,False,False,False,False,False,False,False
7196710,STATE_ARMED,11.8,0.0,89.0,0.0,0.0,0.0,4.5,0.5,0.5,5.0,13.0,46.0,79.0,75.5,18.0,0.0,0.0,45.0,1,46.501,6.6005,8500.0,450.0,0.0,10,4.5,45.0,8498.7,-12.3,8500.0,False,False,False,False,False,False,False,False,False,False,False,True,True,True,True,False,True,False,False,False,False,False,False,False
7197212,STATE_ARMED,11.8,0.0,89.0,0.0,0.0,0.0,4.5,0.5,0.5,5.0,13.0,46.0,79.0,75.5,18.0,0.0,0.0,45.0,1,46.501,6.6005,8500.0,450.0,0.0,10,4.5,45.0,8498.7,-12.3,8500.0,False,False,False,False,False,False,False,False,False,False,False,True,True,True,True,False,True,False,False,False,False,False,False,False
7197714,STATE_ARMED,11.8,0.0,89.0,0.0,0.0,0.0,4.5,0.5,0.5,5.0,13.0,46.0,79.0,75.5,18.0,0.0,0.0,45.0,1,46.501,6.6005,8500.0,450.0,0.0,10,4.5,45.0,8498.7,-12.3,8500.0,False,False,False,False,False,False,False,False,False,False,False,True,True,True,True,False,True,False,False,False,False,False,False,False
7198216,STATE_ARMED,11.8,0.0,89.0,0.0,0.0,0.0,4.5,0.5,0.5,5.0,13.0,46.0,79.0,75.5,18.0,0.0,0.0,45.0,1,46.501,6.6005,8500.0,450.0,0.0,10,4.5,45.0,8498.7,-12.3,8500.0,False,False,False,False,False,False,False,False,False,False,False,True,True,True,True,False,True,False,False,False,False,False,False,False
7198719,STATE_ARMED,11.8,0.0,89.0,0.0,0.0,0.0,4.5,0.5,0.5,5.0,13.0,46.0,79.0,75.5,18.0,0.0,0.0,45.0,1,46.501,6.6005,8500.0,450.0,0.0,10,4.5,45.0,8498.7,-12.3,8500.0,False,False,False,False,False,False,False,False,False,False,False,True,True,True,True,False,True,False,False,False,False,False,False,False
7199221,STATE_ARMED,11.8,0.0,89.0,0.0,0.0,0.0,4.5,0.5,0.5,5.0,13.0,46.0,79.0,75.5,18.0,0.0,0.0,45.0,1,46.501,6.6005,8500.0,450.0,0.0,10,4.5,45.0,8498.7,-12.3,8500.0,False,False,False,False,False,False,False,False,False,False,False,True,True,True,True,False,True,False,False,False,False,False,False,False
7199722,STATE_ARMED,11.8,0.0,89.0,0.0,0.0,0.0,4.5,0.5,0.5,5.0,13.0,46.0,79.0,75.5,18.0,0.0,0.0,45.0,1,46.501,6.6005,8500.0,450.0,0.0,10,4.5,45.0,8498.7,-12.3,8500.0,False,False,False,False,False,False,False,False,False,False,False,True,True,True,True,False,True,False,False,False,False,False,False,False
7200224,STATE_ARMED,11.8,0.0,89.0,0.0,0.0,0.0,4.5,0.5,0.5,5.0,13.0,46.0,79.0,75.5,18.0,0.0,0.0,45.0,1,46.501,6.6005,8500.0,450.0,0.0,10,4.5,45.0,8498.7,-12.3,8500.0,False,False,False,False,False,False,False,False,False,False,False,True,True,True,True,False,True,False,False,False,False,False,False,False
7200725,STATE_ARMED,11.8,0.0,89.0,0.0,0.0,0.0,4.5,0.5,0.5,5.0,13.0,46.0,79.0,75.5,18.0,0.0,0.0,45.0,1,46.501,6.6005,8500.0,450.0,0.0,10,4.5,45.0,8498.7,-12.3,8500.0,False,False,False,False,False,False,False,False,False,False,False,True,True,True,True,False,True,False,False,False,False,False,False,False
7201227,STATE_ARMED,11.8,0.0,89.0,0.0,0.0,0.0,4.5,0.5,0.5,5.0,13.0,46.0,79.0,75.5,18.0,0.0,0.0,45.0,1,46.501,6.6005,8500.0,450.0,0.0,10,4.5,45.0,8498.7,-12.3,8500.0,False,False,False,False,False,False,False,False,False,False,False,True,True,True,True,False,True,False,False,False,False,False,False,False
7201729,STATE_ARMED,11.8,0.0,89.0,0.0,0.0,0.0,4.5,0.5,0.5,5.0,13.0,46.0,79.0,75.5,18.0,0.0,0.0,45.0,1,46.501,6.6005,8500.0,450.0,0.0,10,4.5,45.0,8498.7,-12.3,8500.0,False,False,False,False,False,False,False,False,False,False,False,True,True,True,True,False,True,False,False,False,False,False,False,False
7202231,STATE_ARMED,11.8,0.0,89.0,0.0,0.0,0.0,4.5,0.5,0.5,5.0,13.0,46.0,79.0,75.5,18.0,0.0,0.0,45.0,1,46.501,6.6005,8500.0,450.0,0.0,10,4.5,45.0,8498.7,-12.3,8500.0,False,False,False,False,False,False,False,False,False,False,False,True,True,True,True,False,True,False,False,False,False,False,False,False
7202734,STATE_ARMED,11.8,0.0,89.0,0.0,0.0,0.0,4.5,0.5,0.5,5.0,13.0,46.0,79.0,75.5,18.0,0.0,0.0,45.0,1,46.501,6.6005,8500.0,450.0,0.0,10,4.5,45.0,8498.7,-12.3,8500.0,False,False,False,False,False,False,False,False,False,False,False,True,True,True,True,False,True,False,False,False,False,False,False,False
7203236,STATE_ARMED,11.8,0.0,89.0,0.0,0.0,0.0,4.5,0.5,0.5,5.0,13.0,46.0,79.0,75.5,18.0,0.0,0.0,45.0,1,46.501,6.6005,8500.0,450.0,0.0,10,4.5,45.0,8498.7,-12.3,8500.0,False,False,False,False,False,False,False,False,False,False,False,True,True,True,True,False,True,False,False,False,False,False,False,False
7203738,STATE_ARMED,11.8,0.0,89.0,0.0,0.0,0.0,4.5,0.5,0.5,5.0,13.0,46.0,79.0,75.5,18.0,0.0,0.0,45.0,1,46.501,6.6005,8500.0,450.0,0.0,10,4.5,45.0,8498.7,-12.3,8500.0,False,False,False,False,False,False,False,False,False,False,False,True,True,True,True,False,True,False,False,False,False,False,False,False
7204239,STATE_ARMED,11.8,0.0,89.0,0.0,0.0,0.0,4.5,0.5,0.5,5.0,13.0,46.0,79.0,75.5,18.0,0.0,0.0,45.0,1,46.501,6.6005,8500.0,450.0,0.0,10,4.5,45.0,8498.7,-12.3,8500.0,False,False,False,False,False,False,False,False,False,False,False,True,True,True,True,False,True,False,False,False,False,False,False,False
7204741,STATE_ARMED,11.8,0.0,89.0,0.0,0.0,0.0,4.5,0.5,0.5,5.0,13.0,46.0,79.0,75.5,18.0,0.0,0.0,45.0,1,46.501,6.6005,8500.0,450.0,0.0,10,4.5,45.0,8498.7,-12.3,8500.0,False,False,False,False,False,False,False,False,False,False,False,True,True,True,True,False,True,False,False,False,False,False,False,False
7205243,STATE_ARMED,11.8,0.0,89.0,0.0,0.0,0.0,4.5,0.5,0.5,5.0,13.0,46.0,79.0,75.5,18.0,0.0,0.0,45.0,1,46.501,6.6005,8500.0,450.0,0.0,10,4.5,45.0,8498.7,-12.3,8500.0,False,False,False,False,False,False,False,False,False,False,False,True,True,True,True,False,True,False,False,False,False,False,False,False
7205744,STATE_ARMED,11.8,0.0,89.0,0.0,0.0,0.0,4.5,0.5,0.5,5.0,13.0,46.0,79.0,75.5,18.0,0.0,0.0,45.0,1,46.501,6.6005,8500.0,450.0,0.0,10,4.5,45.0,8498.7,-12.3,8500.0,False,False,False,False,False,False,False,False,False,False,False,True,True,True,True,False,True,False,False,False,False,False,False,False
7206246,STATE_ARMED,11.8,0.0,89.0,0.0,0.0,0.0,4.5,0.5,0.5,5.0,13.0,46.0,79.0,75.5,18.0,0.0,0.0,45.0,1,46.501,6.6005,8500.0,450.0,0.0,10,4.5,45.0,8498.7,-12.3,8500.0,False,False,False,False,False,False,False,False,False,False,False,True,True,True,True,False,True,False,False,False,False,False,False,False
7206749,STATE_ARMED,11.8,0.0,89.0,0.0,0.0,0.0,4.5,0.5,0.5,5.0,13.0,46.0,79.0,75.5,18.0,0.0,0.0,45.0,1,46.501,6.6005,8500.0,450.0,0.0,10,4.5,45.0,8498.7,-12.3,8500.0,False,False,False,False,False,False,False,False,False,False,False,True,True,True,True,False,True,False,False,False,False,False,False,False
7207252,STATE_ARMED,11.8,0.0,89.0,0.0,0.0,0.0,4.5,0.5,0.5,5.0,13.0,46.0,79.0,75.5,18.0,0.0,0.0,45.0,1,46.501,6.6005,8500.0,450.0,0.0,10,4.5,45.0,8498.7,-12.3,8500.0,False,False,False,False,False,False,False,False,False,False,False,True,True,True,True,False,True,False,False,False,False,False,False,False
7207755,STATE_ARMED,11.8,0.0,89.0,0.0,0.0,0.0,4.5,0.5,0.5,5.0,13.0,46.0,79.0,75.5,18.0,0.0,0.0,45.0,1,46.501,6.6005,8500.0,450.0,0.0,10,4.5,45.0,8498.7,-12.3,8500.0,False,False,False,False,False,False,False,False,False,False,False,True,True,True,True,False,True,False,False,False,False,False,False,False
7208259,STATE_ARMED,11.8,0.0,89.0,0.0,0.0,0.0,4.5,0.5,0.5,5.0,13.0,46.0,79.0,75.5,18.0,0.0,0.0,45.0,1,46.501,6.6005,8500.0,450.0,0.0,10,4.5,45.0,8498.7,-12.3,8500.0,False,False,False,False,False,False,False,False,False,False,False,True,True,True,True,False,True,False,False,False,False,False,False,False
7208761,STATE_ARMED,11.8,0.0,89.0,0.0,0.0,0.0,4.5,0.5,0.5,5.0,13.0,46.0,79.0,75.5,18.0,0.0,0.0,45.0,1,46.501,6.6005,8500.0,450.0,0.0,10,4.5,45.0,8498.7,-12.3,8500.0,False,False,False,False,False,False,False,False,False,False,False,True,True,True,True,False,True,False,False,False,False,False,False,False
7209262,STATE_ARMED,11.8,0.0,89.0,0.0,0.0,0.0,4.5,0.5,0.5,5.0,13.0,46.0,79.0,75.5,18.0,0.0,0.0,45.0,1,46.501,6.6005,8500.0,450.0,0.0,10,4.5,45.0,8498.7,-12.3,8500.0,False,False,False,False,False,False,False,False,False,False,False,True,True,True,True,False,True,False,False,False,False,False,False,False
7209764,STATE_ARMED,11.8,0.0,89.0,0.0,0.0,0.0,4.5,0.5,0.5,5.0,13.0,46.0,79.0,75.5,18.0,0.0,0.0,45.0,1,46.501,6.6005,8500.0,450.0,0.0,10,4.5,45.0,8498.7,-12.3,8500.0,False,False,False,False,False,False,False,False,False,False,False,True,True,True,True,False,True,False,False,False,False,False,False,False
7210265,STATE_ARMED,11.8,0.0,89.0,0.0,0.0,0.0,4.5,0.5,0.5,5.0,13.0,46.0,79.0,75.5,18.0,0.0,0.0,45.0,1,46.501,6.6005,8500.0,450.0,0.0,10,4.5,45.0,8498.7,-12.3,8500.0,False,False,False,False,False,False,False,False,False,False,False,True,True,True,True,False,True,False,False,False,False,False,False,False
7210767,STATE_ARMED,11.8,0.0,89.0,0.0,0.0,0.0,4.5,0.5,0.5,5.0,13.0,46.0,79.0,75.5,18.0,0.0,0.0,45.0,1,46.501,6.6005,8500.0,450.0,0.0,10,4.5,45.0,8498.7,-12.3,8500.0,False,False,False,False,False,False,False,False,False,False,False,True,True,True,True,False,True,False,False,False,False,False,False,False
7211268,STATE_ARMED,11.8,0.0,89.0,0.0,0.0,0.0,4.5,0.5,0.5,5.0,13.0,46.0,79.0,75.5,18.0,0.0,0.0,45.0,1,46.501,6.6005,8500.0,450.0,0.0,10,4.5,45.0,8498.7,-12.3,8500.0,False,False,False,False,False,False,False,False,False,False,False,True,True,True,True,False,True,False,False,False,False,False,False,False
7211770,STATE_ARMED,11.8,0.0,89.0,0.0,0.0,0.0,4.5,0.5,0.5,5.0,13.0,46.0,79.0,75.5,18.0,0.0,0.0,45.0,1,46.501,6.6005,8500.0,450.0,0.0,10,4.5,45.0,8498.7,-12.3,8500.0,False,False,False,False,False,False,False,False,False,False,False,True,True,True,True,False,True,False,False,False,False,False,False,False
7212271,STATE_ARMED,11.8,0.0,89.0,0.0,0.0,0.0,4.5,0.5,0.5,5.0,13.0,46.0,79.0,75.5,18.0,0.0,0.0,45.0,1,46.501,6.6005,8500.0,450.0,0.0,10,4.5,45.0,8498.7,-12.3,8500.0,False,False,False,False,False,False,False,False,False,False,False,True,True,True,True,False,True,False,False,False,False,False,False,False
7212772,STATE_ARMED,11.8,0.0,89.0,0.0,0.0,0.0,4.5,0.5,0.5,5.0,13.0,46.0,79.0,75.5,18.0,0.0,0.0,45.0,1,46.501,6.6005,8500.0,450.0,0.0,10,4.5,45.0,8498.7,-12.3,8500.0,False,False,False,False,False,False,False,False,False,False,False,True,True,True,True,False,True,False,False,False,False,False,False,False
7213274,STATE_ARMED,11.8,0.0,89.0,0.0,0.0,0.0,4.5,0.5,0.5,5.0,13.0,46.0,79.0,75.5,18.0,0.0,0.0,45.0,1,46.501,6.6005,8500.0,450.0,0.0,10,4.5,45.0,8498.7,-12.3,8500.0,False,False,False,False,False,False,False,False,False,False,False,True,True,True,True,False,True,False,False,False,False,False,False,False
7213775,STATE_ARMED,11.8,0.0,89.0,0.0,0.0,0.0,4.5,0.5,0.5,5.0,13.0,46.0,79.0,75.5,18.0,0.0,0.0,45.0,1,46.501,6.6005,8500.0,450.0,0.0,10,4.5,45.0,8498.7,-12.3,8500.0,False,False,False,False,False,False,False,False,False,False,False,True,True,True,True,False,True,False,False,False,False,False,False,False
7214277,STATE_ARMED,11.8,0.0,89.0,0.0,0.0,0.0,4.5,0.5,0.5,5.0,13.0,46.0,79.0,75.5,18.0,0.0,0.0,45.0,1,46.501,6.6005,8500.0,450.0,0.0,10,4.5,45.0,8498.7,-12.3,8500.0,False,False,False,False,False,False,False,False,False,False,False,True,True,True,True,False,True,False,False,False,False,False,False,False
7214778,STATE_ARMED,11.8,0.0,89.0,0.0,0.0,0.0,4.5,0.5,0.5,5.0,13.0,46.0,79.0,75.5,18.0,0.0,0.0,45.0,1,46.501,6.6005,8500.0,450.0,0.0,10,4.5,45.0,8498.7,-12.3,8500.0,False,False,False,False,False,False,False,False,False,False,False,True,True,True,True,False,True,False,False,False,False,False,False,False
7215280,STATE_ARMED,11.8,0.0,89.0,0.0,0.0,0.0,4.5,0.5,0.5,5.0,13.0,46.0,79.0,75.5,18.0,0.0,0.0,45.0,1,46.501,6.6005,8500.0,450.0,0.0,10,4.5,45.0,8498.7,-12.3,8500.0,False,False,False,False,False,False,False,False,False,False,False,True,True,True,True,False,True,False,False,False,False,False,False,False
7215781,STATE_ARMED,11.8,0.0,89.0,0.0,0.0,0.0,4.5,0.5,0.5,5.0,13.0,46.0,79.0,75.5,18.0,0.0,0.0,45.0,1,46.501,6.6005,8500.0,450.0,0.0,10,4.5,45.0,8498.7,-12.3,8500.0,False,False,False,False,False,False,False,False,False,False,False,True,True,True,True,False,True,False,False,False,False,False,False,False
7216283,STATE_ARMED,11.8,0.0,89.0,0.0,0.0,0.0,4.5,0.5,0.5,5.0,13.0,46.0,79.0,75.5,18.0,0.0,0.0,45.0,1,46.501,6.6005,8500.0,450.0,0.0,10,4.5,45.0,8498.7,-12.3,8500.0,False,False,False,False,False,False,False,False,False,False,False,True,True,True,True,False,True,False,False,False,False,False,False,False
7216784,STATE_ARMED,11.8,0.0,89.0,0.0,0.0,0.0,4.5,0.5,0.5,5.0,13.0,46.0,79.0,75.5,18.0,0.0,0.0,45.0,1,46.501,6.6005,8500.0,450.0,0.0,10,4.5,45.0,8498.7,-12.3,8500.0,False,False,False,False,False,False,False,False,False,False,False,True,True,True,True,False,True,False,False,False,False,False,False,False
7217286,STATE_ARMED,11.8,0.0,89.0,0.0,0.0,0.0,4.5,0.5,0.5,5.0,13.0,46.0,79.0,75.5,18.0,0.0,0.0,45.0,1,46.501,6.6005,8500.0,450.0,0.0,10,4.5,45.0,8498.7,-12.3,8500.0,False,False,False,False,False,False,False,False,False,False,False,True,True,True,True,False,True,False,False,False,False,False,False,False
7217787,STATE_ARMED,11.8,0.0,89.0,0.0,0.0,0.0,4.5,0.5,0.5,5.0,13.0,46.0,79.0,75.5,18.0,0.0,0.0,45.0,1,46.501,6.6005,8500.0,450.0,0.0,10,4.5,45.0,8498.7,-12.3,8500.0,False,False,False,False,False,False,False,False,False,False,False,True,True,True,True,False,True,False,False,False,False,False,False,False
7218289,STATE_ARMED,11.8,0.0,89.0,0.0,0.0,0.0,4.5,0.5,0.5,5.0,13.0,46.0,79.0,75.5,18.0,0.0,0.0,45.0,1,46.501,6.6005,8500.0,450.0,0.0,10,4.5,45.0,8498.7,-12.3,8500.0,False,False,False,False,False,False,False,False,False,False,False,True,True,True,True,False,True,False,False,False,False,False,False,False
7218790,STATE_ARMED,11.8,0.0,89.0,0.0,0.0,0.0,4.5,0.5,0.5,5.0,13.0,46.0,79.0,75.5,18.0,0.0,0.0,45.0,1,46.501,6.6005,8500.0,450.0,0.0,10,4.5,45.0,8498.7,-12.3,8500.0,False,False,False,False,False,False,False,False,False,False,False,True,True,True,True,False,True,False,False,False,False,False,False,False
7219292,STATE_ARMED,11.8,0.0,89.0,0.0,0.0,0.0,4.5,0.5,0.5,5.0,13.0,46.0,79.0,75.5,18.0,0.0,0.0,45.0,1,46.501,6.6005,8500.0,450.0,0.0,10,4.5,45.0,8498.7,-12.3,8500.0,False,False,False,False,False,False,False,False,False,False,False,True,True,True,True,False,True,False,False,False,False,False,False,False
7219793,STATE_ARMED,11.8,0.0,89.0,0.0,0.0,0.0,4.5,0.5,0.5,5.0,13.0,46.0,79.0,75.5,18.0,0.0,0.0,45.0,1,46.501,6.6005,8500.0,450.0,0.0,10,4.5,45.0,8498.7,-12.3,8500.0,False,False,False,False,False,False,False,False,False,False,False,True,True,True,True,False,True,False,False,False,False,False,False,False
7220295,STATE_ARMED,11.8,0.0,89.0,0.0,0.0,0.0,4.5,0.5,0.5,5.0,13.0,46.0,79.0,75.5,18.0,0.0,0.0,45.0,1,46.501,6.6005,8500.0,450.0,0.0,10,4.5,45.0,8498.7,-12.3,8500.0,False,False,False,False,False,False,False,False,False,False,False,True,True,True,True,False,True,False,False,False,False,False,False,False
7220796,STATE_ARMED,11.8,0.0,89.0,0.0,0.0,0.0,4.5,0.5,0.5,5.0,13.0,46.0,79.0,75.5,18.0,0.0,0.0,45.0,1,46.501,6.6005,8500.0,450.0,0.0,10,4.5,45.0,8498.7,-12.3,8500.0,False,False,False,False,False,False,False,False,False,False,False,True,True,True,True,False,True,False,False,False,False,False,False,False
7221298,STATE_ARMED,11.8,0.0,89.0,0.0,0.0,0.0,4.5,0.5,0.5,5.0,13.0,46.0,79.0,75.5,18.0,0.0,0.0,45.0,1,46.501,6.6005,8500.0,450.0,0.0,10,4.5,45.0,8498.7,-12.3,8500.0,False,False,False,False,False,False,False,False,False,False,False,True,True,True,True,False,True,False,False,False,False,False,False,False
7221799,STATE_ARMED,11.8,0.0,89.0,0.0,0.0,0.0,4.5,0.5,0.5,5.0,13.0,46.0,79.0,75.5,18.0,0.0,0.0,45.0,1,46.501,6.6005,8500.0,450.0,0.0,10,4.5,45.0,8498.7,-12.3,8500.0,False,False,False,False,False,False,False,False,False,False,False,True,True,True,True,False,True,False,False,False,False,False,False,False
7222301,STATE_ARMED,11.8,0.0,89.0,0.0,0.0,0.0,4.5,0.5,0.5,5.0,13.0,46.0,79.0,75.5,18.0,0.0,0.0,45.0,1,46.501,6.6005,8500.0,450.0,0.0,10,4.5,45.0,8498.7,-12.3,8500.0,False,False,False,False,False,False,False,False,False,False,False,True,True,True,True,False,True,False,False,False,False,False,False,False
7222802,STATE_ARMED,11.8,0.0,89.0,0.0,0.0,0.0,4.5,0.5,0.5,5.0,13.0,46.0,79.0,75.5,18.0,0.0,0.0,45.0,1,46.501,6.6005,8500.0,450.0,0.0,10,4.5,45.0,8498.7,-12.3,8500.0,False,False,False,False,False,False,False,False,False,False,False,True,True,True,True,False,True,False,False,False,False,False,False,False
7223304,STATE_ARMED,11.8,0.0,89.0,0.0,0.0,0.0,4.5,0.5,0.5,5.0,13.0,46.0,79.0,75.5,18.0,0.0,0.0,45.0,1,46.501,6.6005,8500.0,450.0,0.0,10,4.5,45.0,8498.7,-12.3,8500.0,False,False,False,False,False,False,False,False,False,False,False,True,True,True,True,False,True,False,False,False,False,False,False,False
7223805,STATE_ARMED,11.8,0.0,89.0,0.0,0.0,0.0,4.5,0.5,0.5,5.0,13.0,46.0,79.0,75.5,18.0,0.0,0.0,45.0,1,46.501,6.6005,8500.0,450.0,0.0,10,4.5,45.0,8498.7,-12.3,8500.0,False,False,False,False,False,False,False,False,False,False,False,True,True,True,True,False,True,False,False,False,False,False,False,False
7224307,STATE_ARMED,11.8,0.0,89.0,0.0,0.0,0.0,4.5,0.5,0.5,5.0,13.0,46.0,79.0,75.5,18.0,0.0,0.0,45.0,1,46.501,6.6005,8500.0,450.0,0.0,10,4.5,45.0,8498.7,-12.3,8500.0,False,False,False,False,False,False,False,False,False,False,False,True,True,True,True,False,True,False,False,False,False,False,False,False
7224808,STATE_ARMED,11.8,0.0,89.0,0.0,0.0,0.0,4.5,0.5,0.5,5.0,13.0,46.0,79.0,75.5,18.0,0.0,0.0,45.0,1,46.501,6.6005,8500.0,450.0,0.0,10,4.5,45.0,8498.7,-12.3,8500.0,False,False,False,False,False,False,False,False,False,False,False,True,True,True,True,False,True,False,False,False,False,False,False,False
7225310,STATE_ARMED,11.8,0.0,89.0,0.0,0.0,0.0,4.5,0.5,0.5,5.0,13.0,46.0,79.0,75.5,18.0,0.0,0.0,45.0,1,46.501,6.6005,8500.0,450.0,0.0,10,4.5,45.0,8498.7,-12.3,8500.0,False,False,False,False,False,False,False,False,False,False,False,True,True,True,True,False,True,False,False,False,False,False,False,False
7225811,STATE_ARMED,11.8,0.0,89.0,0.0,0.0,0.0,4.5,0.5,0.5,5.0,13.0,46.0,79.0,75.5,18.0,0.0,0.0,45.0,1,46.501,6.6005,8500.0,450.0,0.0,10,4.5,45.0,8498.7,-12.3,8500.0,False,False,False,False,False,False,False,False,False,False,False,True,True,True,True,False,True,False,False,False,False,False,False,False
7226313,STATE_ARMED,11.8,0.0,89.0,0.0,0.0,0.0,4.5,0.5,0.5,5.0,13.0,46.0,79.0,75.5,18.0,0.0,0.0,45.0,1,46.501,6.6005,8500.0,450.0,0.0,10,4.5,45.0,8498.7,-12.3,8500.0,False,False,False,False,False,False,False,False,False,False,False,True,True,True,True,False,True,False,False,False,False,False,False,False
7226814,STATE_ARMED,11.8,0.0,89.0,0.0,0.0,0.0,4.5,0.5,0.5,5.0,13.0,46.0,79.0,75.5,18.0,0.0,0.0,45.0,1,46.501,6.6005,8500.0,450.0,0.0,10,4.5,45.0,8498.7,-12.3,8500.0,False,False,False,False,False,False,False,False,False,False,False,True,True,True,True,False,True,False,False,False,False,False,False,False
7227315,STATE_ARMED,11.8,0.0,89.0,0.0,0.0,0.0,4.5,0.5,0.5,5.0,13.0,46.0,79.0,75.5,18.0,0.0,0.0,45.0,1,46.501,6.6005,8500.0,450.0,0.0,10,4.5,45.0,8498.7,-12.3,8500.0,False,False,False,False,False,False,False,False,False,False,False,True,True,True,True,False,True,False,False,False,False,False,False,False
7227817,STATE_ARMED,11.8,0.0,89.0,0.0,0.0,0.0,4.5,0.5,0.5,5.0,13.0,46.0,79.0,75.5,18.0,0.0,0.0,45.0,1,46.501,6.6005,8500.0,450.0,0.0,10,4.5,45.0,8498.7,-12.3,8500.0,False,False,False,False,False,False,False,False,False,False,False,True,True,True,True,False,True,False,False,False,False,False,False,False
7228321,STATE_ARMED,11.8,0.0,89.0,0.0,0.0,0.0,4.5,0.5,0.5,5.0,13.0,46.0,79.0,75.5,18.0,0.0,0.0,45.0,1,46.501,6.6005,8500.0,450.0,0.0,10,4.5,45.0,8498.7,-12.3,8500.0,False,False,False,False,False,False,False,False,False,False,False,True,True,True,True,False,True,False,False,False,False,False,False,False
7228824,STATE_ARMED,11.8,0.0,89.0,0.0,0.0,0.0,4.5,0.5,0.5,5.0,13.0,46.0,79.0,75.5,18.0,0.0,0.0,45.0,1,46.501,6.6005,8500.0,450.0,0.0,10,4.5,45.0,8498.7,-12.3,8500.0,False,False,False,False,False,False,False,False,False,False,False,True,True,True,True,False,True,False,False,False,False,False,False,False
7229328,STATE_ARMED,11.8,0.0,89.0,0.0,0.0,0.0,4.5,0.5,0.5,5.0,13.0,46.0,79.0,75.5,18.0,0.0,0.0,45.0,1,46.501,6.6005,8500.0,450.0,0.0,10,4.5,45.0,8498.7,-12.3,8500.0,False,False,False,False,False,False,False,False,False,False,False,True,True,True,True,False,True,False,False,False,False,False,False,False
7229830,STATE_ARMED,11.8,0.0,89.0,0.0,0.0,0.0,4.5,0.5,0.5,5.0,13.0,46.0,79.0,75.5,18.0,0.0,0.0,45.0,1,46.501,6.6005,8500.0,450.0,0.0,10,4.5,45.0,8498.7,-12.3,8500.0,False,False,False,False,False,False,False,False,False,False,False,True,True,True,True,False,True,False,False,False,False,False,False,False
7230331,STATE_ARMED,11.8,0.0,89.0,0.0,0.0,0.0,4.5,0.5,0.5,5.0,13.0,46.0,79.0,75.5,18.0,0.0,0.0,45.0,1,46.501,6.6005,8500.0,450.0,0.0,10,4.5,45.0,8498.7,-12.3,8500.0,False,False,False,False,False,False,False,False,False,False,False,True,True,True,True,False,True,False,False,False,False,False,False,False
7230833,STATE_ARMED,11.8,0.0,89.0,0.0,0.0,0.0,4.5,0.5,0.5,5.0,13.0,46.0,79.0,75.5,18.0,0.0,0.0,45.0,1,46.501,6.6005,8500.0,450.0,0.0,10,4.5,45.0,8498.7,-12.3,8500.0,False,False,False,False,False,False,False,False,False,False,False,True,True,True,True,False,True,False,False,False,False,False,False,False
7231336,STATE_ARMED,11.8,0.0,89.0,0.0,0.0,0.0,4.5,0.5,0.5,5.0,13.0,46.0,79.0,75.5,18.0,0.0,0.0,45.0,1,46.501,6.6005,8500.0,450.0,0.0,10,4.5,45.0,8498.7,-12.3,8500.0,False,False,False,False,False,False,False,False,False,False,False,True,True,True,True,False,True,False,False,False,False,False,False,False
7231838,STATE_ARMED,11.8,0.0,89.0,0.0,0.0,0.0,4.5,0.5,0.5,5.0,13.0,46.0,79.0,75.5,18.0,0.0,0.0,45.0,1,46.501,6.6005,8500.0,450.0,0.0,10,4.5,45.0,8498.7,-12.3,8500.0,False,False,False,False,False,False,False,False,False,False,False,True,True,True,True,False,True,False,False,False,False,False,False,False
7232339,STATE_ARMED,11.8,0.0,89.0,0.0,0.0,0.0,4.5,0.5,0.5,5.0,13.0,46.0,79.0,75.5,18.0,0.0,0.0,45.0,1,46.501,6.6005,8500.0,450.0,0.0,10,4.5,45.0,8498.7,-12.3,8500.0,False,False,False,False,False,False,False,False,False,False,False,True,True,True,True,False,True,False,False,False,False,False,False,False
7232841,STATE_ARMED,11.8,0.0,89.0,0.0,0.0,0.0,4.5,0.5,0.5,5.0,13.0,46.0,79.0,75.5,18.0,0.0,0.0,45.0,1,46.501,6.6005,8500.0,450.0,0.0,10,4.5,45.0,8498.7,-12.3,8500.0,False,False,False,False,False,False,False,False,False,False,False,True,True,True,True,False,True,False,False,False,False,False,False,False
7233342,STATE_ARMED,11.8,0.0,89.0,0.0,0.0,0.0,4.5,0.5,0.5,5.0,13.0,46.0,79.0,75.5,18.0,0.0,0.0,45.0,1,46.501,6.6005,8500.0,450.0,0.0,10,4.5,45.0,8498.7,-12.3,8500.0,False,False,False,False,False,False,False,False,False,False,False,True,True,True,True,False,True,False,False,False,False,False,False,False
7233844,STATE_ARMED,11.8,0.0,89.0,0.0,0.0,0.0,4.5,0.5,0.5,5.0,13.0,46.0,79.0,75.5,18.0,0.0,0.0,45.0,1,46.501,6.6005,8500.0,450.0,0.0,10,4.5,45.0,8498.7,-12.3,8500.0,False,False,False,False,False,False,False,False,False,False,False,True,True,True,True,False,True,False,False,False,False,False,False,False
7234346,STATE_ARMED,11.8,0.0,89.0,0.0,0.0,0.0,4.5,0.5,0.5,5.0,13.0,46.0,79.0,75.5,18.0,0.0,0.0,45.0,1,46.501,6.6005,8500.0,450.0,0.0,10,4.5,45.0,8498.7,-12.3,8500.0,False,False,False,False,False,False,False,False,False,False,False,True,True,True,True,False,True,False,False,False,False,False,False,False
7234847,STATE_ARMED,11.8,0.0,89.0,0.0,0.0,0.0,4.5,0.5,0.5,5.0,13.0,46.0,79.0,75.5,18.0,0.0,0.0,45.0,1,46.501,6.6005,8500.0,450.0,0.0,10,4.5,45.0,8498.7,-12.3,8500.0,False,False,False,False,False,False,False,False,False,False,False,True,True,True,True,False,True,False,False,False,False,False,False,False
7235350,STATE_ARMED,11.8,0.0,89.0,0.0,0.0,0.0,4.5,0.5,0.5,5.0,13.0,46.0,79.0,75.5,18.0,0.0,0.0,45.0,1,46.501,6.6005,8500.0,450.0,0.0,10,4.5,45.0,8498.7,-12.3,8500.0,False,False,False,False,False,False,False,False,False,False,False,True,True,True,True,False,True,False,False,False,False,False,False,False
7235852,STATE_ARMED,11.8,0.0,89.0,0.0,0.0,0.0,4.5,0.5,0.5,5.0,13.0,46.0,79.0,75.5,18.0,0.0,0.0,45.0,1,46.501,6.6005,8500.0,450.0,0.0,10,4.5,45.0,8498.7,-12.3,8500.0,False,False,False,False,False,False,False,False,False,False,False,True,True,True,True,False,True,False,False,False,False,False,False,False
7236353,STATE_ARMED,11.8,0.0,89.0,0.0,0.0,0.0,4.5,0.5,0.5,5.0,13.0,46.0,79.0,75.5,18.0,0.0,0.0,45.0,1,46.501,6.6005,8500.0,450.0,0.0,10,4.5,45.0,8498.7,-12.3,8500.0,False,False,False,False,False,False,False,False,False,False,False,True,True,True,True,False,True,False,False,False,False,False,False,False
7236855,STATE_ARMED,11.8,0.0,89.0,0.0,0.0,0.0,4.5,0.5,0.5,5.0,13.0,46.0,79.0,75.5,18.0,0.0,0.0,45.0,1,46.501,6.6005,8500.0,450.0,0.0,10,4.5,45.0,8498.7,-12.3,8500.0,False,False,False,False,False,False,False,False,False,False,False,True,True,True,True,False,True,False,False,False,False,False,False,False
